vintage,filename,canonical_id,active_source,expected_tcode,embedded_tcode,transformed_n_valid,transformed_observed_fraction,transformed_std,stage2_flags,canonical_audit_hard_fail,hard_failure_reasons
2010-01,2010-01.csv,MONETARY_BASE,AMBSL,6,6,610,0.9967320261437909,0.014139122035397756,,False,
2010-02,2010-02.csv,MONETARY_BASE,AMBSL,6,6,611,0.9967373572593801,0.014133099534365076,,False,
2010-03,2010-03.csv,MONETARY_BASE,AMBSL,6,6,612,0.996742671009772,0.014412151026565144,,False,
2010-04,2010-04.csv,MONETARY_BASE,AMBSL,6,6,613,0.9967479674796748,0.014837795845208869,,False,
2010-05,2010-05.csv,MONETARY_BASE,AMBSL,6,6,614,0.9967532467532467,0.0148305264042603,,False,
2010-06,2010-06.csv,MONETARY_BASE,AMBSL,6,6,615,0.9967585089141004,0.014853686255501262,,False,
2010-07,2010-07.csv,MONETARY_BASE,AMBSL,6,6,616,0.9967637540453075,0.01484172244706501,,False,
2010-08,2010-08.csv,MONETARY_BASE,AMBSL,6,6,617,0.9967689822294022,0.01482972765983382,,False,
2010-09,2010-09.csv,MONETARY_BASE,AMBSL,6,6,618,0.9967741935483871,0.01481695413660425,,False,
2010-10,2010-10.csv,MONETARY_BASE,AMBSL,6,6,619,0.9967793880837359,0.0148197694360776,,False,
2010-11,2010-11.csv,MONETARY_BASE,AMBSL,6,6,620,0.9967845659163987,0.014843167059646532,,False,
2010-12,2010-12.csv,MONETARY_BASE,AMBSL,6,6,621,0.9967897271268058,0.014839580782243672,,False,
2011-01,2011-01.csv,MONETARY_BASE,AMBSL,6,6,622,0.9967948717948718,0.014836609133234568,,False,
2011-02,2011-02.csv,MONETARY_BASE,AMBSL,6,6,623,0.9968,0.014835930853337998,,False,
2011-03,2011-03.csv,MONETARY_BASE,AMBSL,6,6,624,0.9968051118210862,0.015038233520755532,,False,
2011-04,2011-04.csv,MONETARY_BASE,AMBSL,6,6,625,0.9968102073365231,0.015029311429593921,,False,
2011-05,2011-05.csv,MONETARY_BASE,AMBSL,6,6,626,0.9968152866242038,0.015091783241202682,,False,
2011-06,2011-06.csv,MONETARY_BASE,AMBSL,6,6,627,0.9968203497615262,0.01509848914682242,,False,
2011-07,2011-07.csv,MONETARY_BASE,AMBSL,6,6,628,0.9968253968253968,0.015089685146781686,,False,
2011-08,2011-08.csv,MONETARY_BASE,AMBSL,6,6,629,0.9968304278922345,0.01509663477346147,,False,
2011-09,2011-09.csv,MONETARY_BASE,AMBSL,6,6,630,0.9968354430379747,0.015106739295241386,,False,
2011-10,2011-10.csv,MONETARY_BASE,AMBSL,6,6,631,0.9968404423380727,0.015094788145740385,,False,
2011-11,2011-11.csv,MONETARY_BASE,AMBSL,6,6,632,0.9968454258675079,0.015098326760329187,,False,
2011-12,2011-12.csv,MONETARY_BASE,AMBSL,6,6,633,0.9968503937007874,0.015130609653716133,,False,
2012-01,2012-01.csv,MONETARY_BASE,AMBSL,6,6,634,0.9968553459119497,0.015127878648611192,,False,
2012-02,2012-02.csv,MONETARY_BASE,AMBSL,6,6,635,0.9968602825745683,0.015146479611288994,,False,
2012-03,2012-03.csv,MONETARY_BASE,AMBSL,6,6,636,0.9968652037617555,0.015146271064658049,,False,
2012-04,2012-04.csv,MONETARY_BASE,AMBSL,6,6,637,0.9968701095461658,0.015262826400944687,,False,
2012-05,2012-05.csv,MONETARY_BASE,AMBSL,6,6,638,0.996875,0.015260955540752909,,False,
2012-06,2012-06.csv,MONETARY_BASE,AMBSL,6,6,639,0.9968798751950078,0.015254849315941022,,False,
2012-07,2012-07.csv,MONETARY_BASE,AMBSL,6,6,640,0.9968847352024922,0.01526010391275014,,False,
2012-08,2012-08.csv,MONETARY_BASE,AMBSL,6,6,641,0.9968895800933126,0.015249737427417306,,False,
2012-09,2012-09.csv,MONETARY_BASE,AMBSL,6,6,642,0.9968944099378882,0.015242072202531933,,False,
2012-10,2012-10.csv,MONETARY_BASE,AMBSL,6,6,643,0.9968992248062015,0.015251207609706595,,False,
2012-11,2012-11.csv,MONETARY_BASE,AMBSL,6,6,644,0.9969040247678018,0.015292930032141888,,False,
2012-12,2012-12.csv,MONETARY_BASE,AMBSL,6,6,645,0.9969088098918083,0.01528302986771767,,False,
2013-01,2013-01.csv,MONETARY_BASE,AMBSL,6,6,646,0.9969135802469136,0.015275513820861836,,False,
2013-02,2013-02.csv,MONETARY_BASE,AMBSL,6,6,647,0.9969183359013868,0.01533338381867451,,False,
2013-03,2013-03.csv,MONETARY_BASE,AMBSL,6,6,648,0.9969230769230769,0.01532709072361964,,False,
2013-04,2013-04.csv,MONETARY_BASE,AMBSL,6,6,649,0.9969278033794163,0.015321184517518006,,False,
2013-05,2013-05.csv,MONETARY_BASE,AMBSL,6,6,650,0.9969325153374233,0.01531436766153677,,False,
2013-06,2013-06.csv,MONETARY_BASE,AMBSL,6,6,651,0.996937212863706,0.015304499349171547,,False,
2013-07,2013-07.csv,MONETARY_BASE,AMBSL,6,6,652,0.9969418960244648,0.01529360330074583,,False,
2013-08,2013-08.csv,MONETARY_BASE,AMBSL,6,6,653,0.9969465648854962,0.015281914310330094,,False,
2013-09,2013-09.csv,MONETARY_BASE,AMBSL,6,6,654,0.9969512195121951,0.015271748810665096,,False,
2013-10,2013-10.csv,MONETARY_BASE,AMBSL,6,6,655,0.9969558599695586,0.01526234189322515,,False,
2013-11,2013-11.csv,MONETARY_BASE,AMBSL,6,6,656,0.9969604863221885,0.015254086834980491,,False,
2013-12,2013-12.csv,MONETARY_BASE,AMBSL,6,6,657,0.9969650986342944,0.015253160107423391,,False,
2014-01,2014-01.csv,MONETARY_BASE,AMBSL,6,6,658,0.996969696969697,0.015270333244407451,,False,
2014-02,2014-02.csv,MONETARY_BASE,AMBSL,6,6,659,0.9969742813918305,0.015274010236758506,,False,
2014-03,2014-03.csv,MONETARY_BASE,AMBSL,6,6,660,0.9969788519637462,0.015288102249838315,,False,
2014-04,2014-04.csv,MONETARY_BASE,AMBSL,6,6,661,0.9969834087481146,0.015299128725117184,,False,
2014-05,2014-05.csv,MONETARY_BASE,AMBSL,6,6,662,0.9969879518072289,0.015288561388656443,,False,
2014-06,2014-06.csv,MONETARY_BASE,AMBSL,6,6,663,0.9969924812030075,0.015293441186028984,,False,
2014-07,2014-07.csv,MONETARY_BASE,AMBSL,6,6,664,0.996996996996997,0.015297885155526315,,False,
2014-08,2014-08.csv,MONETARY_BASE,AMBSL,6,6,665,0.9970014992503748,0.015286380451102786,,False,
2014-09,2014-09.csv,MONETARY_BASE,AMBSL,6,6,666,0.9970059880239521,0.015282173826176587,,False,
2014-10,2014-10.csv,MONETARY_BASE,AMBSL,6,6,667,0.9970104633781763,0.015308723794342958,,False,
2014-11,2014-11.csv,MONETARY_BASE,AMBSL,6,6,668,0.9970149253731343,0.015297365178720643,,False,
2014-12,2014-12.csv,MONETARY_BASE,AMBSL,6,6,669,0.9970193740685543,0.015369476877530423,,False,
2015-01,2015-01.csv,MONETARY_BASE,AMBSL,6,6,670,0.9970238095238095,0.0155441688577643,,False,
2015-02,2015-02.csv,MONETARY_BASE,AMBSL,6,6,671,0.9970282317979198,0.015547559465648293,,False,
2015-03,2015-03.csv,MONETARY_BASE,AMBSL,6,6,672,0.9970326409495549,0.015765669612357903,,False,
2015-04,2015-04.csv,MONETARY_BASE,AMBSL,6,6,673,0.997037037037037,0.016155880151251214,,False,
2015-05,2015-05.csv,MONETARY_BASE,AMBSL,6,6,674,0.9970414201183432,0.016268817233474453,,False,
2015-06,2015-06.csv,MONETARY_BASE,AMBSL,6,6,675,0.9970457902511078,0.016309891545793345,,False,
2015-07,2015-07.csv,MONETARY_BASE,AMBSL,6,6,676,0.9970501474926253,0.01633968581077397,,False,
2015-08,2015-08.csv,MONETARY_BASE,AMBSL,6,6,677,0.9970544918998527,0.016333724852752793,,False,
2015-09,2015-09.csv,MONETARY_BASE,AMBSL,6,6,678,0.9970588235294118,0.01632341992845866,,False,
2015-10,2015-10.csv,MONETARY_BASE,AMBSL,6,6,679,0.9970631424375918,0.016314145526377593,,False,
2015-11,2015-11.csv,MONETARY_BASE,AMBSL,6,6,680,0.9970674486803519,0.016302168073325823,,False,
2015-12,2015-12.csv,MONETARY_BASE,AMBSL,6,6,681,0.9970717423133236,0.016330850563093767,,False,
2016-01,2016-01.csv,MONETARY_BASE,AMBSL,6,6,682,0.9970760233918129,0.016375621657617523,,False,
2016-02,2016-02.csv,MONETARY_BASE,AMBSL,6,6,683,0.997080291970803,0.016450293917544424,,False,
2016-03,2016-03.csv,MONETARY_BASE,AMBSL,6,6,684,0.9970845481049563,0.01652075998631623,,False,
2016-04,2016-04.csv,MONETARY_BASE,AMBSL,6,6,685,0.9970887918486172,0.016545946622171428,,False,
2016-05,2016-05.csv,MONETARY_BASE,AMBSL,6,6,686,0.997093023255814,0.016536896720682377,,False,
2016-06,2016-06.csv,MONETARY_BASE,AMBSL,6,6,687,0.9970972423802612,0.01652945813891906,,False,
2016-07,2016-07.csv,MONETARY_BASE,AMBSL,6,6,688,0.9971014492753624,0.016522521370789925,,False,
2016-08,2016-08.csv,MONETARY_BASE,AMBSL,6,6,689,0.9971056439942113,0.016517070820690146,,False,
2016-09,2016-09.csv,MONETARY_BASE,AMBSL,6,6,690,0.9971098265895953,0.01654236406263131,,False,
2016-10,2016-10.csv,MONETARY_BASE,AMBSL,6,6,691,0.9971139971139971,0.016595600272178098,,False,
2016-11,2016-11.csv,MONETARY_BASE,AMBSL,6,6,692,0.9971181556195965,0.016592221540540852,,False,
2016-12,2016-12.csv,MONETARY_BASE,AMBSL,6,6,693,0.9971223021582734,0.01668858115506496,,False,
2017-01,2017-01.csv,MONETARY_BASE,AMBSL,6,6,694,0.9971264367816092,0.0167847972426136,,False,
2017-02,2017-02.csv,MONETARY_BASE,AMBSL,6,6,695,0.9971305595408895,0.016940455264184633,,False,
2017-03,2017-03.csv,MONETARY_BASE,AMBSL,6,6,696,0.997134670487106,0.016958969656366934,,False,
2017-04,2017-04.csv,MONETARY_BASE,AMBSL,6,6,697,0.9971387696709585,0.01696944759052188,,False,
2017-05,2017-05.csv,MONETARY_BASE,AMBSL,6,6,698,0.9971428571428571,0.01701380897833561,,False,
2017-06,2017-06.csv,MONETARY_BASE,AMBSL,6,6,699,0.9971469329529244,0.01700299750048197,,False,
2017-07,2017-07.csv,MONETARY_BASE,AMBSL,6,6,700,0.9971509971509972,0.01699985708452703,,False,
2017-08,2017-08.csv,MONETARY_BASE,AMBSL,6,6,701,0.9971550497866287,0.016987829300438337,,False,
2017-09,2017-09.csv,MONETARY_BASE,AMBSL,6,6,702,0.9971590909090909,0.01701591713874113,,False,
2017-10,2017-10.csv,MONETARY_BASE,AMBSL,6,6,703,0.9971631205673759,0.017083204957983572,,False,
2017-11,2017-11.csv,MONETARY_BASE,AMBSL,6,6,704,0.9971671388101983,0.01707330903925819,,False,
2017-12,2017-12.csv,MONETARY_BASE,AMBSL,6,6,705,0.9971711456859972,0.017073971544385075,,False,
2018-01,2018-01.csv,MONETARY_BASE,AMBSL,6,6,706,0.9971751412429378,0.017128728213839574,,False,
2018-02,2018-02.csv,MONETARY_BASE,AMBSL,6,6,707,0.997179125528914,0.017146024724404747,,False,
2018-03,2018-03.csv,MONETARY_BASE,AMBSL,6,6,708,0.9971830985915493,0.017145495885588502,,False,
2018-04,2018-04.csv,MONETARY_BASE,AMBSL,6,6,709,0.9971870604781997,0.017175760592272434,,False,
2018-05,2018-05.csv,MONETARY_BASE,AMBSL,6,6,710,0.9971910112359551,0.017164816223052208,,False,
2018-06,2018-06.csv,MONETARY_BASE,AMBSL,6,6,711,0.9971949509116409,0.017153427471972536,,False,
2018-07,2018-07.csv,MONETARY_BASE,AMBSL,6,6,712,0.9971988795518207,0.017146719601163554,,False,
2018-08,2018-08.csv,MONETARY_BASE,AMBSL,6,6,713,0.9972027972027973,0.017136897510425683,,False,
2018-09,2018-09.csv,MONETARY_BASE,AMBSL,6,6,714,0.9972067039106145,0.017125847403167603,,False,
2018-10,2018-10.csv,MONETARY_BASE,AMBSL,6,6,715,0.99721059972106,0.017113909487149265,,False,
2018-11,2018-11.csv,MONETARY_BASE,AMBSL,6,6,716,0.9972144846796658,0.017103073230823277,,False,
2018-12,2018-12.csv,MONETARY_BASE,AMBSL,6,6,717,0.9972183588317107,0.01710122402057321,,False,
2019-01,2019-01.csv,MONETARY_BASE,AMBSL,6,6,718,0.9972222222222222,0.017099339991527497,,False,
2019-02,2019-02.csv,MONETARY_BASE,AMBSL,6,6,719,0.9972260748959778,0.017114464864513897,,False,
2019-03,2019-03.csv,MONETARY_BASE,AMBSL,6,6,720,0.997229916897507,0.017120651674581575,,False,
2019-04,2019-04.csv,MONETARY_BASE,AMBSL,6,6,721,0.9972337482710927,0.017109537139377445,,False,
2019-05,2019-05.csv,MONETARY_BASE,AMBSL,6,6,722,0.9972375690607734,0.017151213659725783,,False,
2019-06,2019-06.csv,MONETARY_BASE,AMBSL,6,6,723,0.9972413793103448,0.017147144832218703,,False,
2019-07,2019-07.csv,MONETARY_BASE,AMBSL,6,6,724,0.9972451790633609,0.01715771715969638,,False,
2019-08,2019-08.csv,MONETARY_BASE,AMBSL,6,6,725,0.9972489683631361,0.017155828041745504,,False,
2019-09,2019-09.csv,MONETARY_BASE,AMBSL,6,6,726,0.9972527472527473,0.017150394366140766,,False,
2019-10,2019-10.csv,MONETARY_BASE,AMBSL,6,6,727,0.9972565157750343,0.017175137293782672,,False,
2019-11,2019-11.csv,MONETARY_BASE,AMBSL,6,6,728,0.9972602739726028,0.017252895637347946,,False,
2019-12,2019-12.csv,MONETARY_BASE,AMBSL,6,6,729,0.9972640218878249,0.01724414807982877,,False,
2020-01,2020-01.csv,MONETARY_BASE,BOGMBASE,6,6,730,0.9972677595628415,0.01886953994930115,,False,
2020-02,2020-02.csv,MONETARY_BASE,BOGMBASE,6,6,731,0.9972714870395635,0.01888557716374601,,False,
2020-03,2020-03.csv,MONETARY_BASE,BOGMBASE,6,6,732,0.997275204359673,0.01887273069921589,,False,
2020-04,2020-04.csv,MONETARY_BASE,BOGMBASE,6,6,733,0.9972789115646259,0.019319558538765567,,False,
2020-05,2020-05.csv,MONETARY_BASE,BOGMBASE,6,6,734,0.9972826086956522,0.01968475876956314,,False,
2020-06,2020-06.csv,MONETARY_BASE,BOGMBASE,6,6,735,0.9972862957937585,0.020543180276774306,,False,
2020-07,2020-07.csv,MONETARY_BASE,BOGMBASE,6,6,736,0.997289972899729,0.020796011789118884,,False,
2020-08,2020-08.csv,MONETARY_BASE,BOGMBASE,6,6,737,0.9972936400541272,0.020817584964805028,,False,
2020-09,2020-09.csv,MONETARY_BASE,BOGMBASE,6,6,738,0.9972972972972973,0.021035912989322426,,False,
2020-10,2020-10.csv,MONETARY_BASE,BOGMBASE,6,6,739,0.9973009446693657,0.021043139481854583,,False,
2020-11,2020-11.csv,MONETARY_BASE,BOGMBASE,6,6,740,0.9973045822102425,0.021030768641719266,,False,
2020-12,2020-12.csv,MONETARY_BASE,BOGMBASE,6,6,741,0.9973082099596231,0.021040994327120987,,False,
2021-01,2021-01.csv,MONETARY_BASE,BOGMBASE,6,6,742,0.9973118279569892,0.021032364138611984,,False,
2021-02,2021-02.csv,MONETARY_BASE,BOGMBASE,6,6,743,0.9973154362416108,0.021024626464698926,,False,
2021-03,2021-03.csv,MONETARY_BASE,BOGMBASE,6,6,744,0.9973190348525469,0.021037804070946544,,False,
2021-04,2021-04.csv,MONETARY_BASE,BOGMBASE,6,6,745,0.9973226238286479,0.02105678096138125,,False,
2021-05,2021-05.csv,MONETARY_BASE,BOGMBASE,6,6,746,0.9973262032085561,0.021082638061170167,,False,
2021-06,2021-06.csv,MONETARY_BASE,BOGMBASE,6,6,747,0.9973297730307076,0.02110575613279031,,False,
2021-07,2021-07.csv,MONETARY_BASE,BOGMBASE,6,6,748,0.9973333333333333,0.021091831428136004,,False,
2021-08,2021-08.csv,MONETARY_BASE,BOGMBASE,6,6,749,0.9973368841544608,0.021089673153718055,,False,
2021-09,2021-09.csv,MONETARY_BASE,BOGMBASE,6,6,750,0.9973404255319149,0.021082571889129948,,False,
2021-10,2021-10.csv,MONETARY_BASE,BOGMBASE,6,6,751,0.99734395750332,0.021084469953317926,,False,
2021-11,2021-11.csv,MONETARY_BASE,BOGMBASE,6,6,752,0.9973474801061007,0.021081348821834534,,False,
2021-12,2021-12.csv,MONETARY_BASE,BOGMBASE,6,6,753,0.9973509933774835,0.021078855143923873,,False,
2022-01,2022-01.csv,MONETARY_BASE,BOGMBASE,6,6,754,0.9973544973544973,0.02106648865405471,,False,
2022-02,2022-02.csv,MONETARY_BASE,BOGMBASE,6,6,755,0.9973579920739762,0.021138561987441247,,False,
2022-03,2022-03.csv,MONETARY_BASE,BOGMBASE,6,6,756,0.9973614775725593,0.021171620215397167,,False,
2022-04,2022-04.csv,MONETARY_BASE,BOGMBASE,6,6,757,0.997364953886693,0.021178849707551874,,False,
2022-05,2022-05.csv,MONETARY_BASE,BOGMBASE,6,6,758,0.9973684210526316,0.021265941581530556,,False,
2022-06,2022-06.csv,MONETARY_BASE,BOGMBASE,6,6,759,0.9973718791064389,0.021254811015202536,,False,
2022-07,2022-07.csv,MONETARY_BASE,BOGMBASE,6,6,760,0.9973753280839895,0.021280625061876314,,False,
2022-08,2022-08.csv,MONETARY_BASE,BOGMBASE,6,6,761,0.9973787680209698,0.021280039094150143,,False,
2022-09,2022-09.csv,MONETARY_BASE,BOGMBASE,6,6,762,0.9973821989528796,0.021266337617978002,,False,
2022-10,2022-10.csv,MONETARY_BASE,BOGMBASE,6,6,763,0.9973856209150327,0.021300035372926462,,False,
2022-11,2022-11.csv,MONETARY_BASE,BOGMBASE,6,6,764,0.9973890339425587,0.02129599527225339,,False,
2022-12,2022-12.csv,MONETARY_BASE,BOGMBASE,6,6,765,0.9973924380704041,0.0213059868058501,,False,
2023-01,2023-01.csv,MONETARY_BASE,BOGMBASE,6,6,766,0.9973958333333334,0.021301111045072485,,False,
2023-02,2023-02.csv,MONETARY_BASE,BOGMBASE,6,6,767,0.9973992197659298,0.021291478145043955,,False,
2023-03,2023-03.csv,MONETARY_BASE,BOGMBASE,6,6,768,0.9974025974025974,0.021282742463775945,,False,
2023-04,2023-04.csv,MONETARY_BASE,BOGMBASE,6,6,769,0.9974059662775616,0.02133705793095983,,False,
2023-05,2023-05.csv,MONETARY_BASE,BOGMBASE,6,6,770,0.9974093264248705,0.02137708974582588,,False,
2023-06,2023-06.csv,MONETARY_BASE,BOGMBASE,6,6,771,0.9974126778783958,0.02136521284926538,,False,
2023-07,2023-07.csv,MONETARY_BASE,BOGMBASE,6,6,772,0.9974160206718347,0.0213551668966713,,False,
2023-08,2023-08.csv,MONETARY_BASE,BOGMBASE,6,6,773,0.9974193548387097,0.021357768015960364,,False,
2023-09,2023-09.csv,MONETARY_BASE,BOGMBASE,6,6,774,0.9974226804123711,0.021360826443105402,,False,
2023-10,2023-10.csv,MONETARY_BASE,BOGMBASE,6,6,775,0.9974259974259975,0.02134817602177912,,False,
2023-11,2023-11.csv,MONETARY_BASE,BOGMBASE,6,6,776,0.9974293059125964,0.02133503999532061,,False,
2023-12,2023-12.csv,MONETARY_BASE,BOGMBASE,6,6,777,0.9974326059050064,0.021329859528727735,,False,
2024-01,2024-01.csv,MONETARY_BASE,BOGMBASE,6,6,778,0.9974358974358974,0.021317423865353426,,False,
2024-02,2024-02.csv,MONETARY_BASE,BOGMBASE,6,6,779,0.9974391805377721,0.02130916769399092,,False,
2024-03,FRED-MD_2024m03.csv,MONETARY_BASE,BOGMBASE,6,6,780,0.9974424552429667,0.02129667709987244,,False,
2024-04,FRED-MD_2024m04.csv,MONETARY_BASE,BOGMBASE,6,6,781,0.9974457215836526,0.021286978157545357,,False,
2024-05,FRED-MD_2024m05.csv,MONETARY_BASE,BOGMBASE,6,6,782,0.9974489795918368,0.02128118982742407,,False,
2024-06,FRED-MD_2024m06.csv,MONETARY_BASE,BOGMBASE,6,6,783,0.9974522292993631,0.02127048856459313,,False,
2024-07,FRED-MD_2024m07.csv,MONETARY_BASE,BOGMBASE,6,6,784,0.9974554707379135,0.021259810166375813,,False,
2024-08,FRED-MD_2024m08.csv,MONETARY_BASE,BOGMBASE,6,6,785,0.9974587039390089,0.02125291239801563,,False,
2024-09,FRED-MD_2024m09.csv,MONETARY_BASE,BOGMBASE,6,6,786,0.9974619289340102,0.021247609657637313,,False,
2024-10,FRED-MD_2024m10.csv,MONETARY_BASE,BOGMBASE,6,6,787,0.9974651457541192,0.021243152024707203,,False,
2024-11,FRED-MD_2024m11.csv,MONETARY_BASE,BOGMBASE,6,6,788,0.9974683544303797,0.021233105904844913,,False,
2024-12,FRED-MD_2024m12.csv,MONETARY_BASE,BOGMBASE,6,6,789,0.9974715549936789,0.021224383951403896,,False,
2025-01,2025-01.csv,MONETARY_BASE,BOGMBASE,6,6,790,0.9974747474747475,0.021214588677230792,,False,
2025-02,2025-02.csv,MONETARY_BASE,BOGMBASE,6,6,791,0.9974779319041615,0.021201658763311947,,False,
2025-03,2025-03.csv,MONETARY_BASE,BOGMBASE,6,6,792,0.9974811083123426,0.021188372177086894,,False,
2025-04,2025-04-MD.csv,MONETARY_BASE,BOGMBASE,6,6,793,0.9974842767295597,0.0211989828489797,,False,
2025-05,2025-05-MD.csv,MONETARY_BASE,BOGMBASE,6,6,794,0.9974874371859297,0.02122356095418607,,False,
2025-06,2025-06-MD.csv,MONETARY_BASE,BOGMBASE,6,6,795,0.9974905897114178,0.021211861402322996,,False,
2025-07,2025-07-MD.csv,MONETARY_BASE,BOGMBASE,6,6,796,0.9974937343358395,0.021229431727185825,,False,
2025-08,2025-08-MD.csv,MONETARY_BASE,BOGMBASE,6,6,797,0.9974968710888611,0.021226929733764582,,False,
2025-09,2025-09-MD.csv,MONETARY_BASE,BOGMBASE,6,6,798,0.9975,0.02121549925587539,,False,
2025-10,2025-10-MD.csv,MONETARY_BASE,BOGMBASE,6,6,799,0.9975031210986267,0.021225166165040756,,False,
2025-11,2025-11-MD.csv,MONETARY_BASE,BOGMBASE,6,6,800,0.9975062344139651,0.021219257584685708,,False,
2025-12,2025-12-MD.csv,MONETARY_BASE,BOGMBASE,6,6,801,0.9975093399750934,0.021209127683896625,,False,
2026-01,2026-01-MD.csv,MONETARY_BASE,BOGMBASE,6,6,802,0.9975124378109452,0.021213703850198357,,False,
2026-02,2026-02-MD.csv,MONETARY_BASE,BOGMBASE,6,6,803,0.9975155279503105,0.02120241649609807,,False,
2026-03,2026-03-MD.csv,MONETARY_BASE,BOGMBASE,6,6,804,0.9975186104218362,0.021191129443445603,,False,
2026-04,2026-04-MD.csv,MONETARY_BASE,BOGMBASE,6,6,805,0.9975216852540273,0.02118514876534881,,False,
2026-05,2026-05-MD.csv,MONETARY_BASE,BOGMBASE,6,6,806,0.9975247524752475,0.02117547413674129,,False,
2026-06,2026-06-MD.csv,MONETARY_BASE,BOGMBASE,6,6,807,0.9975278121137207,0.0211653985692924,,False,
2010-01,2010-01.csv,PPI_FINISHED_CONSUMER_GOODS,PPIFCG,6,6,610,0.9967320261437909,0.008594936647056692,,False,
2010-02,2010-02.csv,PPI_FINISHED_CONSUMER_GOODS,PPIFCG,6,6,611,0.9967373572593801,0.00858105624989128,,False,
2010-03,2010-03.csv,PPI_FINISHED_CONSUMER_GOODS,PPIFCG,6,6,612,0.996742671009772,0.00864848558837705,,False,
2010-04,2010-04.csv,PPI_FINISHED_CONSUMER_GOODS,PPIFCG,6,6,613,0.9967479674796748,0.008631281020765713,,False,
2010-05,2010-05.csv,PPI_FINISHED_CONSUMER_GOODS,PPIFCG,6,6,614,0.9967532467532467,0.008645144342630967,,False,
2010-06,2010-06.csv,PPI_FINISHED_CONSUMER_GOODS,PPIFCG,6,6,615,0.9967585089141004,0.008610571421232163,,False,
2010-07,2010-07.csv,PPI_FINISHED_CONSUMER_GOODS,PPIFCG,6,6,616,0.9967637540453075,0.008636967295434592,,False,
2010-08,2010-08.csv,PPI_FINISHED_CONSUMER_GOODS,PPIFCG,6,6,617,0.9967689822294022,0.008631308781252985,,False,
2010-09,2010-09.csv,PPI_FINISHED_CONSUMER_GOODS,PPIFCG,6,6,618,0.9967741935483871,0.00862721336382437,,False,
2010-10,2010-10.csv,PPI_FINISHED_CONSUMER_GOODS,PPIFCG,6,6,619,0.9967793880837359,0.008618975390972724,,False,
2010-11,2010-11.csv,PPI_FINISHED_CONSUMER_GOODS,PPIFCG,6,6,620,0.9967845659163987,0.008613681808611655,,False,
2010-12,2010-12.csv,PPI_FINISHED_CONSUMER_GOODS,PPIFCG,6,6,621,0.9967897271268058,0.008608015499593325,,False,
2011-01,2011-01.csv,PPI_FINISHED_CONSUMER_GOODS,PPIFCG,6,6,622,0.9967948717948718,0.008608208692709509,,False,
2011-02,2011-02.csv,PPI_FINISHED_CONSUMER_GOODS,PPIFCG,6,6,623,0.9968,0.008606041703824792,,False,
2011-03,2011-03.csv,PPI_FINISHED_CONSUMER_GOODS,PPIFCG,6,6,624,0.9968051118210862,0.00861233632290277,,False,
2011-04,2011-04.csv,PPI_FINISHED_CONSUMER_GOODS,PPIFCG,6,6,625,0.9968102073365231,0.008626665216349211,,False,
2011-05,2011-05.csv,PPI_FINISHED_CONSUMER_GOODS,PPIFCG,6,6,626,0.9968152866242038,0.008607909061514665,,False,
2011-06,2011-06.csv,PPI_FINISHED_CONSUMER_GOODS,PPIFCG,6,6,627,0.9968203497615262,0.008603370241249743,,False,
2011-07,2011-07.csv,PPI_FINISHED_CONSUMER_GOODS,PPIFCG,6,6,628,0.9968253968253968,0.00859010737621488,,False,
2011-08,2011-08.csv,PPI_FINISHED_CONSUMER_GOODS,PPIFCG,6,6,629,0.9968304278922345,0.008594621693216493,,False,
2011-09,2011-09.csv,PPI_FINISHED_CONSUMER_GOODS,PPIFCG,6,6,630,0.9968354430379747,0.008585215954387628,,False,
2011-10,2011-10.csv,PPI_FINISHED_CONSUMER_GOODS,PPIFCG,6,6,631,0.9968404423380727,0.008579450604098093,,False,
2011-11,2011-11.csv,PPI_FINISHED_CONSUMER_GOODS,PPIFCG,6,6,632,0.9968454258675079,0.008594752103377654,,False,
2011-12,2011-12.csv,PPI_FINISHED_CONSUMER_GOODS,PPIFCG,6,6,633,0.9968503937007874,0.008589498638142014,,False,
2012-01,2012-01.csv,PPI_FINISHED_CONSUMER_GOODS,PPIFCG,6,6,634,0.9968553459119497,0.008583219257609749,,False,
2012-02,2012-02.csv,PPI_FINISHED_CONSUMER_GOODS,PPIFCG,6,6,635,0.9968602825745683,0.00854386771031332,,False,
2012-03,2012-03.csv,PPI_FINISHED_CONSUMER_GOODS,PPIFCG,6,6,636,0.9968652037617555,0.008545432821521903,,False,
2012-04,2012-04.csv,PPI_FINISHED_CONSUMER_GOODS,PPIFCG,6,6,637,0.9968701095461658,0.008537181586665984,,False,
2012-05,2012-05.csv,PPI_FINISHED_CONSUMER_GOODS,PPIFCG,6,6,638,0.996875,0.00853094442337496,,False,
2012-06,2012-06.csv,PPI_FINISHED_CONSUMER_GOODS,PPIFCG,6,6,639,0.9968798751950078,0.008535570754039335,,False,
2012-07,2012-07.csv,PPI_FINISHED_CONSUMER_GOODS,PPIFCG,6,6,640,0.9968847352024922,0.00855088282592194,,False,
2012-08,2012-08.csv,PPI_FINISHED_CONSUMER_GOODS,PPIFCG,6,6,641,0.9968895800933126,0.008544758628743699,,False,
2012-09,2012-09.csv,PPI_FINISHED_CONSUMER_GOODS,PPIFCG,6,6,642,0.9968944099378882,0.008565065852573146,,False,
2012-10,2012-10.csv,PPI_FINISHED_CONSUMER_GOODS,PPIFCG,6,6,643,0.9968992248062015,0.008568758694882522,,False,
2012-11,2012-11.csv,PPI_FINISHED_CONSUMER_GOODS,PPIFCG,6,6,644,0.9969040247678018,0.008588626089795041,,False,
2012-12,2012-12.csv,PPI_FINISHED_CONSUMER_GOODS,PPIFCG,6,6,645,0.9969088098918083,0.008590110848229464,,False,
2013-01,2013-01.csv,PPI_FINISHED_CONSUMER_GOODS,PPIFCG,6,6,646,0.9969135802469136,0.00858807120140854,,False,
2013-02,2013-02.csv,PPI_FINISHED_CONSUMER_GOODS,PPIFCG,6,6,647,0.9969183359013868,0.008493831540314497,,False,
2013-03,2013-03.csv,PPI_FINISHED_CONSUMER_GOODS,PPIFCG,6,6,648,0.9969230769230769,0.008490727645993299,,False,
2013-04,2013-04.csv,PPI_FINISHED_CONSUMER_GOODS,PPIFCG,6,6,649,0.9969278033794163,0.008507900268518352,,False,
2013-05,2013-05.csv,PPI_FINISHED_CONSUMER_GOODS,PPIFCG,6,6,650,0.9969325153374233,0.008502182915321043,,False,
2013-06,2013-06.csv,PPI_FINISHED_CONSUMER_GOODS,PPIFCG,6,6,651,0.996937212863706,0.008514624045765376,,False,
2013-07,2013-07.csv,PPI_FINISHED_CONSUMER_GOODS,PPIFCG,6,6,652,0.9969418960244648,0.008513287143327518,,False,
2013-08,2013-08.csv,PPI_FINISHED_CONSUMER_GOODS,PPIFCG,6,6,653,0.9969465648854962,0.008516673169867926,,False,
2013-09,2013-09.csv,PPI_FINISHED_CONSUMER_GOODS,PPIFCG,6,6,654,0.9969512195121951,0.008513952193219132,,False,
2013-10,2013-10.csv,PPI_FINISHED_CONSUMER_GOODS,PPIFCG,6,6,655,0.9969558599695586,0.008510232540742861,,False,
2013-11,2013-11.csv,PPI_FINISHED_CONSUMER_GOODS,PPIFCG,6,6,656,0.9969604863221885,0.00849239351122116,,False,
2013-12,2013-12.csv,PPI_FINISHED_CONSUMER_GOODS,PPIFCG,6,6,657,0.9969650986342944,0.00848728047804655,,False,
2014-01,2014-01.csv,PPI_FINISHED_CONSUMER_GOODS,PPIFCG,6,6,658,0.996969696969697,0.008482177675115018,,False,
2014-02,2014-02.csv,PPI_FINISHED_CONSUMER_GOODS,PPIFCG,6,6,659,0.9969742813918305,0.008420348427611603,,False,
2014-03,2014-03.csv,PPI_FINISHED_CONSUMER_GOODS,PPIFCG,6,6,660,0.9969788519637462,0.008414964188376584,,False,
2014-04,2014-04.csv,PPI_FINISHED_CONSUMER_GOODS,PPIFCG,6,6,661,0.9969834087481146,0.00840873394908428,,False,
2014-05,2014-05.csv,PPI_FINISHED_CONSUMER_GOODS,PPIFCG,6,6,662,0.9969879518072289,0.008409423900977386,,False,
2014-06,2014-06.csv,PPI_FINISHED_CONSUMER_GOODS,PPIFCG,6,6,663,0.9969924812030075,0.008410660064117555,,False,
2014-07,2014-07.csv,PPI_FINISHED_CONSUMER_GOODS,PPIFCG,6,6,664,0.996996996996997,0.00841121403403828,,False,
2014-08,2014-08.csv,PPI_FINISHED_CONSUMER_GOODS,PPIFCG,6,6,665,0.9970014992503748,0.00840419287911867,,False,
2014-09,2014-09.csv,PPI_FINISHED_CONSUMER_GOODS,PPIFCG,6,6,666,0.9970059880239521,0.008401086862095009,,False,
2014-10,2014-10.csv,PPI_FINISHED_CONSUMER_GOODS,PPIFCG,6,6,667,0.9970104633781763,0.00838955443095643,,False,
2014-11,2014-11.csv,PPI_FINISHED_CONSUMER_GOODS,PPIFCG,6,6,668,0.9970149253731343,0.008388028490311806,,False,
2014-12,2014-12.csv,PPI_FINISHED_CONSUMER_GOODS,PPIFCG,6,6,669,0.9970193740685543,0.008383395983159691,,False,
2015-01,2015-01.csv,PPI_FINISHED_CONSUMER_GOODS,PPIFCG,6,6,670,0.9970238095238095,0.008383437339933823,,False,
2015-02,2015-02.csv,PPI_FINISHED_CONSUMER_GOODS,PPIFCG,6,6,671,0.9970282317979198,0.008415463390356655,,False,
2015-03,2015-03.csv,PPI_FINISHED_CONSUMER_GOODS,PPIFCG,6,6,672,0.9970326409495549,0.00847704931289849,,False,
2015-04,2015-04.csv,PPI_FINISHED_CONSUMER_GOODS,PPIFCG,6,6,673,0.997037037037037,0.008474327496613438,,False,
2015-05,2015-05.csv,PPI_FINISHED_CONSUMER_GOODS,PPIFCG,6,6,674,0.9970414201183432,0.00847445027301409,,False,
2015-06,2015-06.csv,PPI_FINISHED_CONSUMER_GOODS,PPIFCG,6,6,675,0.9970457902511078,0.008521991090663405,,False,
2015-07,2015-07.csv,PPI_FINISHED_CONSUMER_GOODS,PPIFCG,6,6,676,0.9970501474926253,0.008521668680784984,,False,
2015-08,2015-08.csv,PPI_FINISHED_CONSUMER_GOODS,PPIFCG,6,6,677,0.9970544918998527,0.008519003333366162,,False,
2015-09,2015-09.csv,PPI_FINISHED_CONSUMER_GOODS,PPIFCG,6,6,678,0.9970588235294118,0.008532907417123614,,False,
2015-10,2015-10.csv,PPI_FINISHED_CONSUMER_GOODS,PPIFCG,6,6,679,0.9970631424375918,0.008543604282237851,,False,
2015-11,2015-11.csv,PPI_FINISHED_CONSUMER_GOODS,PPIFCG,6,6,680,0.9970674486803519,0.008555038898403236,,False,
2015-12,2015-12.csv,PPI_FINISHED_CONSUMER_GOODS,PPIFCG,6,6,681,0.9970717423133236,0.008558475751454688,,False,
2016-01,2016-01.csv,PPI_FINISHED_CONSUMER_GOODS,PPIFCG,6,6,682,0.9970760233918129,0.008551484332831568,,False,
2016-02,2016-02.csv,PPI_FINISHED_CONSUMER_GOODS,PPIFCG,6,6,682,0.9956204379562044,0.008551484332831568,,False,
2016-03,2016-03.csv,PPI_FINISHED_CONSUMER_GOODS,WPSFD49502,6,6,684,0.9970845481049563,0.008524894908778282,,False,
2016-04,2016-04.csv,PPI_FINISHED_CONSUMER_GOODS,WPSFD49502,6,6,685,0.9970887918486172,0.008515020368649845,,False,
2016-05,2016-05.csv,PPI_FINISHED_CONSUMER_GOODS,WPSFD49502,6,6,686,0.997093023255814,0.008511785848532634,,False,
2016-06,2016-06.csv,PPI_FINISHED_CONSUMER_GOODS,WPSFD49502,6,6,687,0.9970972423802612,0.008512825491298592,,False,
2016-07,2016-07.csv,PPI_FINISHED_CONSUMER_GOODS,WPSFD49502,6,6,688,0.9971014492753624,0.008513682882666147,,False,
2016-08,2016-08.csv,PPI_FINISHED_CONSUMER_GOODS,WPSFD49502,6,6,689,0.9971056439942113,0.008524178494087683,,False,
2016-09,2016-09.csv,PPI_FINISHED_CONSUMER_GOODS,WPSFD49502,6,6,690,0.9971098265895953,0.008516262409363849,,False,
2016-10,2016-10.csv,PPI_FINISHED_CONSUMER_GOODS,WPSFD49502,6,6,691,0.9971139971139971,0.00852185922251321,,False,
2016-11,2016-11.csv,PPI_FINISHED_CONSUMER_GOODS,WPSFD49502,6,6,692,0.9971181556195965,0.008517430651010597,,False,
2016-12,2016-12.csv,PPI_FINISHED_CONSUMER_GOODS,WPSFD49502,6,6,693,0.9971223021582734,0.008515798199011982,,False,
2017-01,2017-01.csv,PPI_FINISHED_CONSUMER_GOODS,WPSFD49502,6,6,694,0.9971264367816092,0.008505831263652024,,False,
2017-02,2017-02.csv,PPI_FINISHED_CONSUMER_GOODS,WPSFD49502,6,6,695,0.9971305595408895,0.008507050664612409,,False,
2017-03,2017-03.csv,PPI_FINISHED_CONSUMER_GOODS,WPSFD49502,6,6,696,0.997134670487106,0.008518977131534319,,False,
2017-04,2017-04.csv,PPI_FINISHED_CONSUMER_GOODS,WPSFD49502,6,6,697,0.9971387696709585,0.00851768936512546,,False,
2017-05,2017-05.csv,PPI_FINISHED_CONSUMER_GOODS,WPSFD49502,6,6,698,0.9971428571428571,0.00852371640451906,,False,
2017-06,2017-06.csv,PPI_FINISHED_CONSUMER_GOODS,WPSFD49502,6,6,699,0.9971469329529244,0.008537061233546202,,False,
2017-07,2017-07.csv,PPI_FINISHED_CONSUMER_GOODS,WPSFD49502,6,6,700,0.9971509971509972,0.008543245226511911,,False,
2017-08,2017-08.csv,PPI_FINISHED_CONSUMER_GOODS,WPSFD49502,6,6,701,0.9971550497866287,0.008530498594651003,,False,
2017-09,2017-09.csv,PPI_FINISHED_CONSUMER_GOODS,WPSFD49502,6,6,702,0.9971590909090909,0.008549154735122215,,False,
2017-10,2017-10.csv,PPI_FINISHED_CONSUMER_GOODS,WPSFD49502,6,6,703,0.9971631205673759,0.00853716624590298,,False,
2017-11,2017-11.csv,PPI_FINISHED_CONSUMER_GOODS,WPSFD49502,6,6,704,0.9971671388101983,0.008533146919992447,,False,
2017-12,2017-12.csv,PPI_FINISHED_CONSUMER_GOODS,WPSFD49502,6,6,705,0.9971711456859972,0.008548112695522483,,False,
2018-01,2018-01.csv,PPI_FINISHED_CONSUMER_GOODS,WPSFD49502,6,6,706,0.9971751412429378,0.00857880280968323,,False,
2018-02,2018-02.csv,PPI_FINISHED_CONSUMER_GOODS,WPSFD49502,6,6,707,0.997179125528914,0.00854601887450103,,False,
2018-03,2018-03.csv,PPI_FINISHED_CONSUMER_GOODS,WPSFD49502,6,6,708,0.9971830985915493,0.008550937168188564,,False,
2018-04,2018-04.csv,PPI_FINISHED_CONSUMER_GOODS,WPSFD49502,6,6,709,0.9971870604781997,0.008543921159508054,,False,
2018-05,2018-05.csv,PPI_FINISHED_CONSUMER_GOODS,WPSFD49502,6,6,710,0.9971910112359551,0.008546781120927558,,False,
2018-06,2018-06.csv,PPI_FINISHED_CONSUMER_GOODS,WPSFD49502,6,6,711,0.9971949509116409,0.008547864439293966,,False,
2018-07,2018-07.csv,PPI_FINISHED_CONSUMER_GOODS,WPSFD49502,6,6,712,0.9971988795518207,0.00855510007616025,,False,
2018-08,2018-08.csv,PPI_FINISHED_CONSUMER_GOODS,WPSFD49502,6,6,713,0.9972027972027973,0.008551426388859234,,False,
2018-09,2018-09.csv,PPI_FINISHED_CONSUMER_GOODS,WPSFD49502,6,6,714,0.9972067039106145,0.008538573106870806,,False,
2018-10,2018-10.csv,PPI_FINISHED_CONSUMER_GOODS,WPSFD49502,6,6,715,0.99721059972106,0.008532877169131689,,False,
2018-11,2018-11.csv,PPI_FINISHED_CONSUMER_GOODS,WPSFD49502,6,6,716,0.9972144846796658,0.00853632637862197,,False,
2018-12,2018-12.csv,PPI_FINISHED_CONSUMER_GOODS,WPSFD49502,6,6,717,0.9972183588317107,0.008568206714536281,,False,
2019-01,2019-01.csv,PPI_FINISHED_CONSUMER_GOODS,WPSFD49502,6,6,718,0.9972222222222222,0.00857042061078062,,False,
2019-02,2019-02.csv,PPI_FINISHED_CONSUMER_GOODS,WPSFD49502,6,6,719,0.9972260748959778,0.008542329775902713,,False,
2019-03,2019-03.csv,PPI_FINISHED_CONSUMER_GOODS,WPSFD49502,6,6,720,0.997229916897507,0.008574304261945597,,False,
2019-04,2019-04.csv,PPI_FINISHED_CONSUMER_GOODS,WPSFD49502,6,6,721,0.9972337482710927,0.008558430219088057,,False,
2019-05,2019-05.csv,PPI_FINISHED_CONSUMER_GOODS,WPSFD49502,6,6,722,0.9972375690607734,0.008562090524287108,,False,
2019-06,2019-06.csv,PPI_FINISHED_CONSUMER_GOODS,WPSFD49502,6,6,723,0.9972413793103448,0.008560114024025057,,False,
2019-07,2019-07.csv,PPI_FINISHED_CONSUMER_GOODS,WPSFD49502,6,6,724,0.9972451790633609,0.008555582498013517,,False,
2019-08,2019-08.csv,PPI_FINISHED_CONSUMER_GOODS,WPSFD49502,6,6,725,0.9972489683631361,0.008559173140998043,,False,
2019-09,2019-09.csv,PPI_FINISHED_CONSUMER_GOODS,WPSFD49502,6,6,726,0.9972527472527473,0.008574333523048133,,False,
2019-10,2019-10.csv,PPI_FINISHED_CONSUMER_GOODS,WPSFD49502,6,6,727,0.9972565157750343,0.008576485595110098,,False,
2019-11,2019-11.csv,PPI_FINISHED_CONSUMER_GOODS,WPSFD49502,6,6,728,0.9972602739726028,0.008585864971214295,,False,
2019-12,2019-12.csv,PPI_FINISHED_CONSUMER_GOODS,WPSFD49502,6,6,729,0.9972640218878249,0.008570246909757629,,False,
2020-01,2020-01.csv,PPI_FINISHED_CONSUMER_GOODS,WPSFD49502,6,6,730,0.9972677595628415,0.008565922355808428,,False,
2020-02,2020-02.csv,PPI_FINISHED_CONSUMER_GOODS,WPSFD49502,6,6,731,0.9972714870395635,0.008507693608933983,,False,
2020-03,2020-03.csv,PPI_FINISHED_CONSUMER_GOODS,WPSFD49502,6,6,732,0.997275204359673,0.008509294964145812,,False,
2020-04,2020-04.csv,PPI_FINISHED_CONSUMER_GOODS,WPSFD49502,6,6,733,0.9972789115646259,0.008506460059745315,,False,
2020-05,2020-05.csv,PPI_FINISHED_CONSUMER_GOODS,WPSFD49502,6,6,734,0.9972826086956522,0.00858373598977341,,False,
2020-06,2020-06.csv,PPI_FINISHED_CONSUMER_GOODS,WPSFD49502,6,6,735,0.9972862957937585,0.009082069594780962,,False,
2020-07,2020-07.csv,PPI_FINISHED_CONSUMER_GOODS,WPSFD49502,6,6,736,0.997289972899729,0.009151863721944367,,False,
2020-08,2020-08.csv,PPI_FINISHED_CONSUMER_GOODS,WPSFD49502,6,6,737,0.9972936400541272,0.009012934517981172,,False,
2020-09,2020-09.csv,PPI_FINISHED_CONSUMER_GOODS,WPSFD49502,6,6,738,0.9972972972972973,0.009105156656302845,,False,
2020-10,2020-10.csv,PPI_FINISHED_CONSUMER_GOODS,WPSFD49502,6,6,739,0.9973009446693657,0.00897921271592846,,False,
2020-11,2020-11.csv,PPI_FINISHED_CONSUMER_GOODS,WPSFD49502,6,6,740,0.9973045822102425,0.008983243651877961,,False,
2020-12,2020-12.csv,PPI_FINISHED_CONSUMER_GOODS,WPSFD49502,6,6,741,0.9973082099596231,0.00897064492655339,,False,
2021-01,2021-01.csv,PPI_FINISHED_CONSUMER_GOODS,WPSFD49502,6,6,742,0.9973118279569892,0.008972093014033098,,False,
2021-02,2021-02.csv,PPI_FINISHED_CONSUMER_GOODS,WPSFD49502,6,6,743,0.9973154362416108,0.008917680664256494,,False,
2021-03,2021-03.csv,PPI_FINISHED_CONSUMER_GOODS,WPSFD49502,6,6,744,0.9973190348525469,0.008908385445830086,,False,
2021-04,2021-04.csv,PPI_FINISHED_CONSUMER_GOODS,WPSFD49502,6,6,745,0.9973226238286479,0.008903805859992071,,False,
2021-05,2021-05.csv,PPI_FINISHED_CONSUMER_GOODS,WPSFD49502,6,6,746,0.9973262032085561,0.008920482324473879,,False,
2021-06,2021-06.csv,PPI_FINISHED_CONSUMER_GOODS,WPSFD49502,6,6,747,0.9973297730307076,0.008922424888832381,,False,
2021-07,2021-07.csv,PPI_FINISHED_CONSUMER_GOODS,WPSFD49502,6,6,748,0.9973333333333333,0.008915946413980686,,False,
2021-08,2021-08.csv,PPI_FINISHED_CONSUMER_GOODS,WPSFD49502,6,6,749,0.9973368841544608,0.00891406374010486,,False,
2021-09,2021-09.csv,PPI_FINISHED_CONSUMER_GOODS,WPSFD49502,6,6,750,0.9973404255319149,0.008901595493104599,,False,
2021-10,2021-10.csv,PPI_FINISHED_CONSUMER_GOODS,WPSFD49502,6,6,751,0.99734395750332,0.008899653003503587,,False,
2021-11,2021-11.csv,PPI_FINISHED_CONSUMER_GOODS,WPSFD49502,6,6,752,0.9973474801061007,0.008905140979336002,,False,
2021-12,2021-12.csv,PPI_FINISHED_CONSUMER_GOODS,WPSFD49502,6,6,753,0.9973509933774835,0.008887815436854523,,False,
2022-01,2022-01.csv,PPI_FINISHED_CONSUMER_GOODS,WPSFD49502,6,6,754,0.9973544973544973,0.008917642631394622,,False,
2022-02,2022-02.csv,PPI_FINISHED_CONSUMER_GOODS,WPSFD49502,6,6,755,0.9973579920739762,0.00889674597942598,,False,
2022-03,2022-03.csv,PPI_FINISHED_CONSUMER_GOODS,WPSFD49502,6,6,756,0.9973614775725593,0.008914825763188814,,False,
2022-04,2022-04.csv,PPI_FINISHED_CONSUMER_GOODS,WPSFD49502,6,6,757,0.997364953886693,0.00891063601492129,,False,
2022-05,2022-05.csv,PPI_FINISHED_CONSUMER_GOODS,WPSFD49502,6,6,758,0.9973684210526316,0.008922869018494642,,False,
2022-06,2022-06.csv,PPI_FINISHED_CONSUMER_GOODS,WPSFD49502,6,6,759,0.9973718791064389,0.008929675622046275,,False,
2022-07,2022-07.csv,PPI_FINISHED_CONSUMER_GOODS,WPSFD49502,6,6,760,0.9973753280839895,0.008947909125904626,,False,
2022-08,2022-08.csv,PPI_FINISHED_CONSUMER_GOODS,WPSFD49502,6,6,761,0.9973787680209698,0.009215351781116071,,False,
2022-09,2022-09.csv,PPI_FINISHED_CONSUMER_GOODS,WPSFD49502,6,6,762,0.9973821989528796,0.009185741517080674,,False,
2022-10,2022-10.csv,PPI_FINISHED_CONSUMER_GOODS,WPSFD49502,6,6,763,0.9973856209150327,0.009215851668139461,,False,
2022-11,2022-11.csv,PPI_FINISHED_CONSUMER_GOODS,WPSFD49502,6,6,764,0.9973890339425587,0.009215494099919608,,False,
2022-12,2022-12.csv,PPI_FINISHED_CONSUMER_GOODS,WPSFD49502,6,6,765,0.9973924380704041,0.009220844231301043,,False,
2023-01,2023-01.csv,PPI_FINISHED_CONSUMER_GOODS,WPSFD49502,6,6,766,0.9973958333333334,0.00925631557734565,,False,
2023-02,2023-02.csv,PPI_FINISHED_CONSUMER_GOODS,WPSFD49502,6,6,767,0.9973992197659298,0.009202406588678875,,False,
2023-03,2023-03.csv,PPI_FINISHED_CONSUMER_GOODS,WPSFD49502,6,6,768,0.9974025974025974,0.009216976330101845,,False,
2023-04,2023-04.csv,PPI_FINISHED_CONSUMER_GOODS,WPSFD49502,6,6,769,0.9974059662775616,0.009228182401430246,,False,
2023-05,2023-05.csv,PPI_FINISHED_CONSUMER_GOODS,WPSFD49502,6,6,770,0.9974093264248705,0.009268501227121402,,False,
2023-06,2023-06.csv,PPI_FINISHED_CONSUMER_GOODS,WPSFD49502,6,6,771,0.9974126778783958,0.009331859627525885,,False,
2023-07,2023-07.csv,PPI_FINISHED_CONSUMER_GOODS,WPSFD49502,6,6,772,0.9974160206718347,0.00937541026821965,,False,
2023-08,2023-08.csv,PPI_FINISHED_CONSUMER_GOODS,WPSFD49502,6,6,773,0.9974193548387097,0.009367348141701143,,False,
2023-09,2023-09.csv,PPI_FINISHED_CONSUMER_GOODS,WPSFD49502,6,6,774,0.9974226804123711,0.009401905483280447,,False,
2023-10,2023-10.csv,PPI_FINISHED_CONSUMER_GOODS,WPSFD49502,6,6,775,0.9974259974259975,0.009408817034420926,,False,
2023-11,2023-11.csv,PPI_FINISHED_CONSUMER_GOODS,WPSFD49502,6,6,776,0.9974293059125964,0.009491169865857931,,False,
2023-12,2023-12.csv,PPI_FINISHED_CONSUMER_GOODS,WPSFD49502,6,6,777,0.9974326059050064,0.009526493658881372,,False,
2024-01,2024-01.csv,PPI_FINISHED_CONSUMER_GOODS,WPSFD49502,6,6,778,0.9974358974358974,0.009511322070950963,,False,
2024-02,2024-02.csv,PPI_FINISHED_CONSUMER_GOODS,WPSFD49502,6,6,779,0.9974391805377721,0.009471336969570886,,False,
2024-03,FRED-MD_2024m03.csv,PPI_FINISHED_CONSUMER_GOODS,WPSFD49502,6,6,780,0.9974424552429667,0.00949174175712628,,False,
2024-04,FRED-MD_2024m04.csv,PPI_FINISHED_CONSUMER_GOODS,WPSFD49502,6,6,781,0.9974457215836526,0.009508308022580278,,False,
2024-05,FRED-MD_2024m05.csv,PPI_FINISHED_CONSUMER_GOODS,WPSFD49502,6,6,782,0.9974489795918368,0.009500028282010376,,False,
2024-06,FRED-MD_2024m06.csv,PPI_FINISHED_CONSUMER_GOODS,WPSFD49502,6,6,783,0.9974522292993631,0.00951453110439232,,False,
2024-07,FRED-MD_2024m07.csv,PPI_FINISHED_CONSUMER_GOODS,WPSFD49502,6,6,784,0.9974554707379135,0.009507582050014523,,False,
2024-08,FRED-MD_2024m08.csv,PPI_FINISHED_CONSUMER_GOODS,WPSFD49502,6,6,785,0.9974587039390089,0.009515195713120301,,False,
2024-09,FRED-MD_2024m09.csv,PPI_FINISHED_CONSUMER_GOODS,WPSFD49502,6,6,786,0.9974619289340102,0.009509681181816138,,False,
2024-10,FRED-MD_2024m10.csv,PPI_FINISHED_CONSUMER_GOODS,WPSFD49502,6,6,787,0.9974651457541192,0.009504242412227677,,False,
2024-11,FRED-MD_2024m11.csv,PPI_FINISHED_CONSUMER_GOODS,WPSFD49502,6,6,788,0.9974683544303797,0.009497951832905591,,False,
2024-12,FRED-MD_2024m12.csv,PPI_FINISHED_CONSUMER_GOODS,WPSFD49502,6,6,789,0.9974715549936789,0.009506330146036386,,False,
2025-01,2025-01.csv,PPI_FINISHED_CONSUMER_GOODS,WPSFD49502,6,6,790,0.9974747474747475,0.009497996491052565,,False,
2025-02,2025-02.csv,PPI_FINISHED_CONSUMER_GOODS,WPSFD49502,6,6,791,0.9974779319041615,0.009504824148783222,,False,
2025-03,2025-03.csv,PPI_FINISHED_CONSUMER_GOODS,WPSFD49502,6,6,792,0.9974811083123426,0.009499121856055975,,False,
2025-04,2025-04-MD.csv,PPI_FINISHED_CONSUMER_GOODS,WPSFD49502,6,6,793,0.9974842767295597,0.009521019129242718,,False,
2025-05,2025-05-MD.csv,PPI_FINISHED_CONSUMER_GOODS,WPSFD49502,6,6,794,0.9974874371859297,0.009526480904764635,,False,
2025-06,2025-06-MD.csv,PPI_FINISHED_CONSUMER_GOODS,WPSFD49502,6,6,795,0.9974905897114178,0.009526925758815237,,False,
2025-07,2025-07-MD.csv,PPI_FINISHED_CONSUMER_GOODS,WPSFD49502,6,6,796,0.9974937343358395,0.00951787728035506,,False,
2025-08,2025-08-MD.csv,PPI_FINISHED_CONSUMER_GOODS,WPSFD49502,6,6,797,0.9974968710888611,0.009513495594565475,,False,
2025-09,2025-09-MD.csv,PPI_FINISHED_CONSUMER_GOODS,WPSFD49502,6,6,798,0.9975,0.009509174729269824,,False,
2025-10,2025-10-MD.csv,PPI_FINISHED_CONSUMER_GOODS,WPSFD49502,6,6,798,0.9962546816479401,0.009509174729269824,,False,
2025-11,2025-11-MD.csv,PPI_FINISHED_CONSUMER_GOODS,WPSFD49502,6,6,799,0.9962593516209476,0.009517720330635375,,False,
2025-12,2025-12-MD.csv,PPI_FINISHED_CONSUMER_GOODS,WPSFD49502,6,6,799,0.9950186799501868,0.009517720330635375,,False,
2026-01,2026-01-MD.csv,PPI_FINISHED_CONSUMER_GOODS,WPSFD49502,6,6,802,0.9975124378109452,0.009585218792134092,,False,
2026-02,2026-02-MD.csv,PPI_FINISHED_CONSUMER_GOODS,WPSFD49502,6,6,803,0.9975155279503105,0.009508399088976013,,False,
2026-03,2026-03-MD.csv,PPI_FINISHED_CONSUMER_GOODS,WPSFD49502,6,6,804,0.9975186104218362,0.009540039371547081,,False,
2026-04,2026-04-MD.csv,PPI_FINISHED_CONSUMER_GOODS,WPSFD49502,6,6,805,0.9975216852540273,0.009528314253961058,,False,
2026-05,2026-05-MD.csv,PPI_FINISHED_CONSUMER_GOODS,WPSFD49502,6,6,806,0.9975247524752475,0.0095245765548422,,False,
2026-06,2026-06-MD.csv,PPI_FINISHED_CONSUMER_GOODS,WPSFD49502,6,6,807,0.9975278121137207,0.009531529544141801,,False,
2010-01,2010-01.csv,PPI_FINISHED_GOODS,PPIFGS,6,6,610,0.9967320261437909,0.006821460495366416,,False,
2010-02,2010-02.csv,PPI_FINISHED_GOODS,PPIFGS,6,6,611,0.9967373572593801,0.00680162523543761,,False,
2010-03,2010-03.csv,PPI_FINISHED_GOODS,PPIFGS,6,6,612,0.996742671009772,0.006858882060437884,,False,
2010-04,2010-04.csv,PPI_FINISHED_GOODS,PPIFGS,6,6,613,0.9967479674796748,0.006846910991910254,,False,
2010-05,2010-05.csv,PPI_FINISHED_GOODS,PPIFGS,6,6,614,0.9967532467532467,0.006861219432879444,,False,
2010-06,2010-06.csv,PPI_FINISHED_GOODS,PPIFGS,6,6,615,0.9967585089141004,0.00682577387624318,,False,
2010-07,2010-07.csv,PPI_FINISHED_GOODS,PPIFGS,6,6,616,0.9967637540453075,0.006840449873020095,,False,
2010-08,2010-08.csv,PPI_FINISHED_GOODS,PPIFGS,6,6,617,0.9967689822294022,0.00683643450905061,,False,
2010-09,2010-09.csv,PPI_FINISHED_GOODS,PPIFGS,6,6,618,0.9967741935483871,0.006832521358878269,,False,
2010-10,2010-10.csv,PPI_FINISHED_GOODS,PPIFGS,6,6,619,0.9967793880837359,0.006824959395985353,,False,
2010-11,2010-11.csv,PPI_FINISHED_GOODS,PPIFGS,6,6,620,0.9967845659163987,0.006820940581788769,,False,
2010-12,2010-12.csv,PPI_FINISHED_GOODS,PPIFGS,6,6,621,0.9967897271268058,0.006816561557228776,,False,
2011-01,2011-01.csv,PPI_FINISHED_GOODS,PPIFGS,6,6,622,0.9967948717948718,0.006816246892033192,,False,
2011-02,2011-02.csv,PPI_FINISHED_GOODS,PPIFGS,6,6,623,0.9968,0.006786971127942486,,False,
2011-03,2011-03.csv,PPI_FINISHED_GOODS,PPIFGS,6,6,624,0.9968051118210862,0.006789608959336422,,False,
2011-04,2011-04.csv,PPI_FINISHED_GOODS,PPIFGS,6,6,625,0.9968102073365231,0.006798907659715914,,False,
2011-05,2011-05.csv,PPI_FINISHED_GOODS,PPIFGS,6,6,626,0.9968152866242038,0.006786116833451183,,False,
2011-06,2011-06.csv,PPI_FINISHED_GOODS,PPIFGS,6,6,627,0.9968203497615262,0.006784639609267916,,False,
2011-07,2011-07.csv,PPI_FINISHED_GOODS,PPIFGS,6,6,628,0.9968253968253968,0.006775303497650526,,False,
2011-08,2011-08.csv,PPI_FINISHED_GOODS,PPIFGS,6,6,629,0.9968304278922345,0.006779492839037565,,False,
2011-09,2011-09.csv,PPI_FINISHED_GOODS,PPIFGS,6,6,630,0.9968354430379747,0.006772103881028374,,False,
2011-10,2011-10.csv,PPI_FINISHED_GOODS,PPIFGS,6,6,631,0.9968404423380727,0.006768778710701136,,False,
2011-11,2011-11.csv,PPI_FINISHED_GOODS,PPIFGS,6,6,632,0.9968454258675079,0.006782925405531114,,False,
2011-12,2011-12.csv,PPI_FINISHED_GOODS,PPIFGS,6,6,633,0.9968503937007874,0.006776920142764566,,False,
2012-01,2012-01.csv,PPI_FINISHED_GOODS,PPIFGS,6,6,634,0.9968553459119497,0.006770134186000676,,False,
2012-02,2012-02.csv,PPI_FINISHED_GOODS,PPIFGS,6,6,635,0.9968602825745683,0.006716570989054563,,False,
2012-03,2012-03.csv,PPI_FINISHED_GOODS,PPIFGS,6,6,636,0.9968652037617555,0.006715208539811809,,False,
2012-04,2012-04.csv,PPI_FINISHED_GOODS,PPIFGS,6,6,637,0.9968701095461658,0.006707702584414422,,False,
2012-05,2012-05.csv,PPI_FINISHED_GOODS,PPIFGS,6,6,638,0.996875,0.0067034412621827825,,False,
2012-06,2012-06.csv,PPI_FINISHED_GOODS,PPIFGS,6,6,639,0.9968798751950078,0.006705923011684547,,False,
2012-07,2012-07.csv,PPI_FINISHED_GOODS,PPIFGS,6,6,640,0.9968847352024922,0.006716388026474369,,False,
2012-08,2012-08.csv,PPI_FINISHED_GOODS,PPIFGS,6,6,641,0.9968895800933126,0.006713200970453879,,False,
2012-09,2012-09.csv,PPI_FINISHED_GOODS,PPIFGS,6,6,642,0.9968944099378882,0.006724226575074473,,False,
2012-10,2012-10.csv,PPI_FINISHED_GOODS,PPIFGS,6,6,643,0.9968992248062015,0.006728922417626212,,False,
2012-11,2012-11.csv,PPI_FINISHED_GOODS,PPIFGS,6,6,644,0.9969040247678018,0.006742310372253829,,False,
2012-12,2012-12.csv,PPI_FINISHED_GOODS,PPIFGS,6,6,645,0.9969088098918083,0.006741353944224909,,False,
2013-01,2013-01.csv,PPI_FINISHED_GOODS,PPIFGS,6,6,646,0.9969135802469136,0.006738520506923194,,False,
2013-02,2013-02.csv,PPI_FINISHED_GOODS,PPIFGS,6,6,647,0.9969183359013868,0.006695877785935938,,False,
2013-03,2013-03.csv,PPI_FINISHED_GOODS,PPIFGS,6,6,648,0.9969230769230769,0.006693112941161502,,False,
2013-04,2013-04.csv,PPI_FINISHED_GOODS,PPIFGS,6,6,649,0.9969278033794163,0.006705367165621555,,False,
2013-05,2013-05.csv,PPI_FINISHED_GOODS,PPIFGS,6,6,650,0.9969325153374233,0.0067008015303591,,False,
2013-06,2013-06.csv,PPI_FINISHED_GOODS,PPIFGS,6,6,651,0.996937212863706,0.006707870715195316,,False,
2013-07,2013-07.csv,PPI_FINISHED_GOODS,PPIFGS,6,6,652,0.9969418960244648,0.006707061371905853,,False,
2013-08,2013-08.csv,PPI_FINISHED_GOODS,PPIFGS,6,6,653,0.9969465648854962,0.006708576899288659,,False,
2013-09,2013-09.csv,PPI_FINISHED_GOODS,PPIFGS,6,6,654,0.9969512195121951,0.006707023949834046,,False,
2013-10,2013-10.csv,PPI_FINISHED_GOODS,PPIFGS,6,6,655,0.9969558599695586,0.0067035503971254315,,False,
2013-11,2013-11.csv,PPI_FINISHED_GOODS,PPIFGS,6,6,656,0.9969604863221885,0.00669080647773135,,False,
2013-12,2013-12.csv,PPI_FINISHED_GOODS,PPIFGS,6,6,657,0.9969650986342944,0.006687118416384368,,False,
2014-01,2014-01.csv,PPI_FINISHED_GOODS,PPIFGS,6,6,658,0.996969696969697,0.006682995677892709,,False,
2014-02,2014-02.csv,PPI_FINISHED_GOODS,PPIFGS,6,6,659,0.9969742813918305,0.006630271578598971,,False,
2014-03,2014-03.csv,PPI_FINISHED_GOODS,PPIFGS,6,6,660,0.9969788519637462,0.00662572068862494,,False,
2014-04,2014-04.csv,PPI_FINISHED_GOODS,PPIFGS,6,6,661,0.9969834087481146,0.0066210140068076314,,False,
2014-05,2014-05.csv,PPI_FINISHED_GOODS,PPIFGS,6,6,662,0.9969879518072289,0.0066224255944246375,,False,
2014-06,2014-06.csv,PPI_FINISHED_GOODS,PPIFGS,6,6,663,0.9969924812030075,0.0066240120732652666,,False,
2014-07,2014-07.csv,PPI_FINISHED_GOODS,PPIFGS,6,6,664,0.996996996996997,0.006624479822977826,,False,
2014-08,2014-08.csv,PPI_FINISHED_GOODS,PPIFGS,6,6,665,0.9970014992503748,0.006616582422071524,,False,
2014-09,2014-09.csv,PPI_FINISHED_GOODS,PPIFGS,6,6,666,0.9970059880239521,0.006614969354709925,,False,
2014-10,2014-10.csv,PPI_FINISHED_GOODS,PPIFGS,6,6,667,0.9970104633781763,0.006604977816484361,,False,
2014-11,2014-11.csv,PPI_FINISHED_GOODS,PPIFGS,6,6,668,0.9970149253731343,0.006602734906761771,,False,
2014-12,2014-12.csv,PPI_FINISHED_GOODS,PPIFGS,6,6,669,0.9970193740685543,0.006598915300037408,,False,
2015-01,2015-01.csv,PPI_FINISHED_GOODS,PPIFGS,6,6,670,0.9970238095238095,0.006597707822501211,,False,
2015-02,2015-02.csv,PPI_FINISHED_GOODS,PPIFGS,6,6,671,0.9970282317979198,0.006615831661271117,,False,
2015-03,2015-03.csv,PPI_FINISHED_GOODS,PPIFGS,6,6,672,0.9970326409495549,0.006658241092281283,,False,
2015-04,2015-04.csv,PPI_FINISHED_GOODS,PPIFGS,6,6,673,0.997037037037037,0.0066565212198763735,,False,
2015-05,2015-05.csv,PPI_FINISHED_GOODS,PPIFGS,6,6,674,0.9970414201183432,0.006657122812264167,,False,
2015-06,2015-06.csv,PPI_FINISHED_GOODS,PPIFGS,6,6,675,0.9970457902511078,0.006688603115532077,,False,
2015-07,2015-07.csv,PPI_FINISHED_GOODS,PPIFGS,6,6,676,0.9970501474926253,0.006687257638037663,,False,
2015-08,2015-08.csv,PPI_FINISHED_GOODS,PPIFGS,6,6,677,0.9970544918998527,0.006684532711897114,,False,
2015-09,2015-09.csv,PPI_FINISHED_GOODS,PPIFGS,6,6,678,0.9970588235294118,0.006693668044519568,,False,
2015-10,2015-10.csv,PPI_FINISHED_GOODS,PPIFGS,6,6,679,0.9970631424375918,0.006702595372777346,,False,
2015-11,2015-11.csv,PPI_FINISHED_GOODS,PPIFGS,6,6,680,0.9970674486803519,0.006708936984186531,,False,
2015-12,2015-12.csv,PPI_FINISHED_GOODS,PPIFGS,6,6,681,0.9970717423133236,0.006709685921980752,,False,
2016-01,2016-01.csv,PPI_FINISHED_GOODS,PPIFGS,6,6,682,0.9970760233918129,0.00670535446585824,,False,
2016-02,2016-02.csv,PPI_FINISHED_GOODS,PPIFGS,6,6,682,0.9956204379562044,0.00670535446585824,,False,
2016-03,2016-03.csv,PPI_FINISHED_GOODS,WPSFD49207,6,6,684,0.9970845481049563,0.0066787249472243446,,False,
2016-04,2016-04.csv,PPI_FINISHED_GOODS,WPSFD49207,6,6,685,0.9970887918486172,0.006672978051240554,,False,
2016-05,2016-05.csv,PPI_FINISHED_GOODS,WPSFD49207,6,6,686,0.997093023255814,0.006669535741348792,,False,
2016-06,2016-06.csv,PPI_FINISHED_GOODS,WPSFD49207,6,6,687,0.9970972423802612,0.006669609649701227,,False,
2016-07,2016-07.csv,PPI_FINISHED_GOODS,WPSFD49207,6,6,688,0.9971014492753624,0.006671744703922297,,False,
2016-08,2016-08.csv,PPI_FINISHED_GOODS,WPSFD49207,6,6,689,0.9971056439942113,0.006680247995502658,,False,
2016-09,2016-09.csv,PPI_FINISHED_GOODS,WPSFD49207,6,6,690,0.9971098265895953,0.006674673486758165,,False,
2016-10,2016-10.csv,PPI_FINISHED_GOODS,WPSFD49207,6,6,691,0.9971139971139971,0.0066789122582953525,,False,
2016-11,2016-11.csv,PPI_FINISHED_GOODS,WPSFD49207,6,6,692,0.9971181556195965,0.006675544349681123,,False,
2016-12,2016-12.csv,PPI_FINISHED_GOODS,WPSFD49207,6,6,693,0.9971223021582734,0.006673767269319926,,False,
2017-01,2017-01.csv,PPI_FINISHED_GOODS,WPSFD49207,6,6,694,0.9971264367816092,0.0066667429824562524,,False,
2017-02,2017-02.csv,PPI_FINISHED_GOODS,WPSFD49207,6,6,695,0.9971305595408895,0.006670509909768044,,False,
2017-03,2017-03.csv,PPI_FINISHED_GOODS,WPSFD49207,6,6,696,0.997134670487106,0.006677832799033954,,False,
2017-04,2017-04.csv,PPI_FINISHED_GOODS,WPSFD49207,6,6,697,0.9971387696709585,0.006676693693472724,,False,
2017-05,2017-05.csv,PPI_FINISHED_GOODS,WPSFD49207,6,6,698,0.9971428571428571,0.006680315804511818,,False,
2017-06,2017-06.csv,PPI_FINISHED_GOODS,WPSFD49207,6,6,699,0.9971469329529244,0.006689913610541623,,False,
2017-07,2017-07.csv,PPI_FINISHED_GOODS,WPSFD49207,6,6,700,0.9971509971509972,0.006696467354226008,,False,
2017-08,2017-08.csv,PPI_FINISHED_GOODS,WPSFD49207,6,6,701,0.9971550497866287,0.006689545147689553,,False,
2017-09,2017-09.csv,PPI_FINISHED_GOODS,WPSFD49207,6,6,702,0.9971590909090909,0.0067046336159191575,,False,
2017-10,2017-10.csv,PPI_FINISHED_GOODS,WPSFD49207,6,6,703,0.9971631205673759,0.00668897773034078,,False,
2017-11,2017-11.csv,PPI_FINISHED_GOODS,WPSFD49207,6,6,704,0.9971671388101983,0.006684628285648762,,False,
2017-12,2017-12.csv,PPI_FINISHED_GOODS,WPSFD49207,6,6,705,0.9971711456859972,0.006696146643327078,,False,
2018-01,2018-01.csv,PPI_FINISHED_GOODS,WPSFD49207,6,6,706,0.9971751412429378,0.006719684947297444,,False,
2018-02,2018-02.csv,PPI_FINISHED_GOODS,WPSFD49207,6,6,707,0.997179125528914,0.006699503728003992,,False,
2018-03,2018-03.csv,PPI_FINISHED_GOODS,WPSFD49207,6,6,708,0.9971830985915493,0.006701709799852788,,False,
2018-04,2018-04.csv,PPI_FINISHED_GOODS,WPSFD49207,6,6,709,0.9971870604781997,0.006695911988675402,,False,
2018-05,2018-05.csv,PPI_FINISHED_GOODS,WPSFD49207,6,6,710,0.9971910112359551,0.006699691828929325,,False,
2018-06,2018-06.csv,PPI_FINISHED_GOODS,WPSFD49207,6,6,711,0.9971949509116409,0.006694954850981381,,False,
2018-07,2018-07.csv,PPI_FINISHED_GOODS,WPSFD49207,6,6,712,0.9971988795518207,0.006697935911726209,,False,
2018-08,2018-08.csv,PPI_FINISHED_GOODS,WPSFD49207,6,6,713,0.9972027972027973,0.006695451662345152,,False,
2018-09,2018-09.csv,PPI_FINISHED_GOODS,WPSFD49207,6,6,714,0.9972067039106145,0.006687471524794621,,False,
2018-10,2018-10.csv,PPI_FINISHED_GOODS,WPSFD49207,6,6,715,0.99721059972106,0.006683016435369862,,False,
2018-11,2018-11.csv,PPI_FINISHED_GOODS,WPSFD49207,6,6,716,0.9972144846796658,0.0066827955810520884,,False,
2018-12,2018-12.csv,PPI_FINISHED_GOODS,WPSFD49207,6,6,717,0.9972183588317107,0.006703267091608871,,False,
2019-01,2019-01.csv,PPI_FINISHED_GOODS,WPSFD49207,6,6,718,0.9972222222222222,0.006705202050010667,,False,
2019-02,2019-02.csv,PPI_FINISHED_GOODS,WPSFD49207,6,6,719,0.9972260748959778,0.006683577720876814,,False,
2019-03,2019-03.csv,PPI_FINISHED_GOODS,WPSFD49207,6,6,720,0.997229916897507,0.006708400495790137,,False,
2019-04,2019-04.csv,PPI_FINISHED_GOODS,WPSFD49207,6,6,721,0.9972337482710927,0.00669366503539858,,False,
2019-05,2019-05.csv,PPI_FINISHED_GOODS,WPSFD49207,6,6,722,0.9972375690607734,0.006695915071228335,,False,
2019-06,2019-06.csv,PPI_FINISHED_GOODS,WPSFD49207,6,6,723,0.9972413793103448,0.006693601052981429,,False,
2019-07,2019-07.csv,PPI_FINISHED_GOODS,WPSFD49207,6,6,724,0.9972451790633609,0.006687420725528226,,False,
2019-08,2019-08.csv,PPI_FINISHED_GOODS,WPSFD49207,6,6,725,0.9972489683631361,0.006691263994991233,,False,
2019-09,2019-09.csv,PPI_FINISHED_GOODS,WPSFD49207,6,6,726,0.9972527472527473,0.0067020018854980325,,False,
2019-10,2019-10.csv,PPI_FINISHED_GOODS,WPSFD49207,6,6,727,0.9972565157750343,0.006705229613206093,,False,
2019-11,2019-11.csv,PPI_FINISHED_GOODS,WPSFD49207,6,6,728,0.9972602739726028,0.006711304462455337,,False,
2019-12,2019-12.csv,PPI_FINISHED_GOODS,WPSFD49207,6,6,729,0.9972640218878249,0.006699100624822122,,False,
2020-01,2020-01.csv,PPI_FINISHED_GOODS,WPSFD49207,6,6,730,0.9972677595628415,0.006695661538806972,,False,
2020-02,2020-02.csv,PPI_FINISHED_GOODS,WPSFD49207,6,6,731,0.9972714870395635,0.006659901556683993,,False,
2020-03,2020-03.csv,PPI_FINISHED_GOODS,WPSFD49207,6,6,732,0.997275204359673,0.006661659233540978,,False,
2020-04,2020-04.csv,PPI_FINISHED_GOODS,WPSFD49207,6,6,733,0.9972789115646259,0.006658378451292441,,False,
2020-05,2020-05.csv,PPI_FINISHED_GOODS,WPSFD49207,6,6,734,0.9972826086956522,0.006714553539080546,,False,
2020-06,2020-06.csv,PPI_FINISHED_GOODS,WPSFD49207,6,6,735,0.9972862957937585,0.007049737128492545,,False,
2020-07,2020-07.csv,PPI_FINISHED_GOODS,WPSFD49207,6,6,736,0.997289972899729,0.007096392442602613,,False,
2020-08,2020-08.csv,PPI_FINISHED_GOODS,WPSFD49207,6,6,737,0.9972936400541272,0.006991572151684216,,False,
2020-09,2020-09.csv,PPI_FINISHED_GOODS,WPSFD49207,6,6,738,0.9972972972972973,0.007035268265068227,,False,
2020-10,2020-10.csv,PPI_FINISHED_GOODS,WPSFD49207,6,6,739,0.9973009446693657,0.006953960995851782,,False,
2020-11,2020-11.csv,PPI_FINISHED_GOODS,WPSFD49207,6,6,740,0.9973045822102425,0.006953942475306569,,False,
2020-12,2020-12.csv,PPI_FINISHED_GOODS,WPSFD49207,6,6,741,0.9973082099596231,0.006943919001175278,,False,
2021-01,2021-01.csv,PPI_FINISHED_GOODS,WPSFD49207,6,6,742,0.9973118279569892,0.006944014083395587,,False,
2021-02,2021-02.csv,PPI_FINISHED_GOODS,WPSFD49207,6,6,743,0.9973154362416108,0.00691301317635683,,False,
2021-03,2021-03.csv,PPI_FINISHED_GOODS,WPSFD49207,6,6,744,0.9973190348525469,0.006908006811936411,,False,
2021-04,2021-04.csv,PPI_FINISHED_GOODS,WPSFD49207,6,6,745,0.9973226238286479,0.006904854924712469,,False,
2021-05,2021-05.csv,PPI_FINISHED_GOODS,WPSFD49207,6,6,746,0.9973262032085561,0.006911665979354571,,False,
2021-06,2021-06.csv,PPI_FINISHED_GOODS,WPSFD49207,6,6,747,0.9973297730307076,0.00691299953743805,,False,
2021-07,2021-07.csv,PPI_FINISHED_GOODS,WPSFD49207,6,6,748,0.9973333333333333,0.0069083970057400865,,False,
2021-08,2021-08.csv,PPI_FINISHED_GOODS,WPSFD49207,6,6,749,0.9973368841544608,0.006908808733011297,,False,
2021-09,2021-09.csv,PPI_FINISHED_GOODS,WPSFD49207,6,6,750,0.9973404255319149,0.006898515276586022,,False,
2021-10,2021-10.csv,PPI_FINISHED_GOODS,WPSFD49207,6,6,751,0.99734395750332,0.006896531686368653,,False,
2021-11,2021-11.csv,PPI_FINISHED_GOODS,WPSFD49207,6,6,752,0.9973474801061007,0.006901127299206945,,False,
2021-12,2021-12.csv,PPI_FINISHED_GOODS,WPSFD49207,6,6,753,0.9973509933774835,0.0068880970031923614,,False,
2022-01,2022-01.csv,PPI_FINISHED_GOODS,WPSFD49207,6,6,754,0.9973544973544973,0.006907889770568231,,False,
2022-02,2022-02.csv,PPI_FINISHED_GOODS,WPSFD49207,6,6,755,0.9973579920739762,0.006894533444427414,,False,
2022-03,2022-03.csv,PPI_FINISHED_GOODS,WPSFD49207,6,6,756,0.9973614775725593,0.006906948101956192,,False,
2022-04,2022-04.csv,PPI_FINISHED_GOODS,WPSFD49207,6,6,757,0.997364953886693,0.006904102627954017,,False,
2022-05,2022-05.csv,PPI_FINISHED_GOODS,WPSFD49207,6,6,758,0.9973684210526316,0.006909949814342892,,False,
2022-06,2022-06.csv,PPI_FINISHED_GOODS,WPSFD49207,6,6,759,0.9973718791064389,0.006911451669545858,,False,
2022-07,2022-07.csv,PPI_FINISHED_GOODS,WPSFD49207,6,6,760,0.9973753280839895,0.006924772774135435,,False,
2022-08,2022-08.csv,PPI_FINISHED_GOODS,WPSFD49207,6,6,761,0.9973787680209698,0.007124516656367364,,False,
2022-09,2022-09.csv,PPI_FINISHED_GOODS,WPSFD49207,6,6,762,0.9973821989528796,0.007100378703265437,,False,
2022-10,2022-10.csv,PPI_FINISHED_GOODS,WPSFD49207,6,6,763,0.9973856209150327,0.007120451121613573,,False,
2022-11,2022-11.csv,PPI_FINISHED_GOODS,WPSFD49207,6,6,764,0.9973890339425587,0.007119916606338535,,False,
2022-12,2022-12.csv,PPI_FINISHED_GOODS,WPSFD49207,6,6,765,0.9973924380704041,0.007121848028402075,,False,
2023-01,2023-01.csv,PPI_FINISHED_GOODS,WPSFD49207,6,6,766,0.9973958333333334,0.00714658692207523,,False,
2023-02,2023-02.csv,PPI_FINISHED_GOODS,WPSFD49207,6,6,767,0.9973992197659298,0.007120318501446004,,False,
2023-03,2023-03.csv,PPI_FINISHED_GOODS,WPSFD49207,6,6,768,0.9974025974025974,0.007134697860555726,,False,
2023-04,2023-04.csv,PPI_FINISHED_GOODS,WPSFD49207,6,6,769,0.9974059662775616,0.007141854118800064,,False,
2023-05,2023-05.csv,PPI_FINISHED_GOODS,WPSFD49207,6,6,770,0.9974093264248705,0.007167724277345209,,False,
2023-06,2023-06.csv,PPI_FINISHED_GOODS,WPSFD49207,6,6,771,0.9974126778783958,0.007209426874490477,,False,
2023-07,2023-07.csv,PPI_FINISHED_GOODS,WPSFD49207,6,6,772,0.9974160206718347,0.0072394146911769555,,False,
2023-08,2023-08.csv,PPI_FINISHED_GOODS,WPSFD49207,6,6,773,0.9974193548387097,0.007231853692819409,,False,
2023-09,2023-09.csv,PPI_FINISHED_GOODS,WPSFD49207,6,6,774,0.9974226804123711,0.007255364513450169,,False,
2023-10,2023-10.csv,PPI_FINISHED_GOODS,WPSFD49207,6,6,775,0.9974259974259975,0.007259648749471396,,False,
2023-11,2023-11.csv,PPI_FINISHED_GOODS,WPSFD49207,6,6,776,0.9974293059125964,0.007321007381566305,,False,
2023-12,2023-12.csv,PPI_FINISHED_GOODS,WPSFD49207,6,6,777,0.9974326059050064,0.007347672278293034,,False,
2024-01,2024-01.csv,PPI_FINISHED_GOODS,WPSFD49207,6,6,778,0.9974358974358974,0.007335599505708171,,False,
2024-02,2024-02.csv,PPI_FINISHED_GOODS,WPSFD49207,6,6,779,0.9974391805377721,0.007303867594630937,,False,
2024-03,FRED-MD_2024m03.csv,PPI_FINISHED_GOODS,WPSFD49207,6,6,780,0.9974424552429667,0.007315588355894829,,False,
2024-04,FRED-MD_2024m04.csv,PPI_FINISHED_GOODS,WPSFD49207,6,6,781,0.9974457215836526,0.007327172505645925,,False,
2024-05,FRED-MD_2024m05.csv,PPI_FINISHED_GOODS,WPSFD49207,6,6,782,0.9974489795918368,0.0073217961366119026,,False,
2024-06,FRED-MD_2024m06.csv,PPI_FINISHED_GOODS,WPSFD49207,6,6,783,0.9974522292993631,0.007331449659011125,,False,
2024-07,FRED-MD_2024m07.csv,PPI_FINISHED_GOODS,WPSFD49207,6,6,784,0.9974554707379135,0.007326432769660399,,False,
2024-08,FRED-MD_2024m08.csv,PPI_FINISHED_GOODS,WPSFD49207,6,6,785,0.9974587039390089,0.007331393485943117,,False,
2024-09,FRED-MD_2024m09.csv,PPI_FINISHED_GOODS,WPSFD49207,6,6,786,0.9974619289340102,0.0073268010750107675,,False,
2024-10,FRED-MD_2024m10.csv,PPI_FINISHED_GOODS,WPSFD49207,6,6,787,0.9974651457541192,0.0073226232095203745,,False,
2024-11,FRED-MD_2024m11.csv,PPI_FINISHED_GOODS,WPSFD49207,6,6,788,0.9974683544303797,0.007317762043096124,,False,
2024-12,FRED-MD_2024m12.csv,PPI_FINISHED_GOODS,WPSFD49207,6,6,789,0.9974715549936789,0.007323580454592515,,False,
2025-01,2025-01.csv,PPI_FINISHED_GOODS,WPSFD49207,6,6,790,0.9974747474747475,0.00731717077619836,,False,
2025-02,2025-02.csv,PPI_FINISHED_GOODS,WPSFD49207,6,6,791,0.9974779319041615,0.007333859609531236,,False,
2025-03,2025-03.csv,PPI_FINISHED_GOODS,WPSFD49207,6,6,792,0.9974811083123426,0.007329440272752545,,False,
2025-04,2025-04-MD.csv,PPI_FINISHED_GOODS,WPSFD49207,6,6,793,0.9974842767295597,0.0073440071617304915,,False,
2025-05,2025-05-MD.csv,PPI_FINISHED_GOODS,WPSFD49207,6,6,794,0.9974874371859297,0.007349462641656082,,False,
2025-06,2025-06-MD.csv,PPI_FINISHED_GOODS,WPSFD49207,6,6,795,0.9974905897114178,0.007348146785456843,,False,
2025-07,2025-07-MD.csv,PPI_FINISHED_GOODS,WPSFD49207,6,6,796,0.9974937343358395,0.007341301911025089,,False,
2025-08,2025-08-MD.csv,PPI_FINISHED_GOODS,WPSFD49207,6,6,797,0.9974968710888611,0.007337971212268855,,False,
2025-09,2025-09-MD.csv,PPI_FINISHED_GOODS,WPSFD49207,6,6,798,0.9975,0.007334592032689322,,False,
2025-10,2025-10-MD.csv,PPI_FINISHED_GOODS,WPSFD49207,6,6,798,0.9962546816479401,0.007334592032689322,,False,
2025-11,2025-11-MD.csv,PPI_FINISHED_GOODS,WPSFD49207,6,6,799,0.9962593516209476,0.0073403059967399745,,False,
2025-12,2025-12-MD.csv,PPI_FINISHED_GOODS,WPSFD49207,6,6,799,0.9950186799501868,0.0073403059967399745,,False,
2026-01,2026-01-MD.csv,PPI_FINISHED_GOODS,WPSFD49207,6,6,802,0.9975124378109452,0.007381368920781772,,False,
2026-02,2026-02-MD.csv,PPI_FINISHED_GOODS,WPSFD49207,6,6,803,0.9975155279503105,0.007324557112905124,,False,
2026-03,2026-03-MD.csv,PPI_FINISHED_GOODS,WPSFD49207,6,6,804,0.9975186104218362,0.007342071332389824,,False,
2026-04,2026-04-MD.csv,PPI_FINISHED_GOODS,WPSFD49207,6,6,805,0.9975216852540273,0.007334626626898503,,False,
2026-05,2026-05-MD.csv,PPI_FINISHED_GOODS,WPSFD49207,6,6,806,0.9975247524752475,0.007331907620775161,,False,
2026-06,2026-06-MD.csv,PPI_FINISHED_GOODS,WPSFD49207,6,6,807,0.9975278121137207,0.007336661846968702,,False,
2010-01,2010-01.csv,PPI_PROCESSED_INTERMEDIATE_GOODS,PPIITM,6,6,610,0.9967320261437909,0.0074464336437255075,,False,
2010-02,2010-02.csv,PPI_PROCESSED_INTERMEDIATE_GOODS,PPIITM,6,6,611,0.9967373572593801,0.007501074579817298,,False,
2010-03,2010-03.csv,PPI_PROCESSED_INTERMEDIATE_GOODS,PPIITM,6,6,612,0.996742671009772,0.007532368307008286,,False,
2010-04,2010-04.csv,PPI_PROCESSED_INTERMEDIATE_GOODS,PPIITM,6,6,613,0.9967479674796748,0.007513820117314522,,False,
2010-05,2010-05.csv,PPI_PROCESSED_INTERMEDIATE_GOODS,PPIITM,6,6,614,0.9967532467532467,0.007513186122213965,,False,
2010-06,2010-06.csv,PPI_PROCESSED_INTERMEDIATE_GOODS,PPIITM,6,6,615,0.9967585089141004,0.00751490706480396,,False,
2010-07,2010-07.csv,PPI_PROCESSED_INTERMEDIATE_GOODS,PPIITM,6,6,616,0.9967637540453075,0.00752582902145922,,False,
2010-08,2010-08.csv,PPI_PROCESSED_INTERMEDIATE_GOODS,PPIITM,6,6,617,0.9967689822294022,0.007521930474149228,,False,
2010-09,2010-09.csv,PPI_PROCESSED_INTERMEDIATE_GOODS,PPIITM,6,6,618,0.9967741935483871,0.007521348254639331,,False,
2010-10,2010-10.csv,PPI_PROCESSED_INTERMEDIATE_GOODS,PPIITM,6,6,619,0.9967793880837359,0.00750942521714651,,False,
2010-11,2010-11.csv,PPI_PROCESSED_INTERMEDIATE_GOODS,PPIITM,6,6,620,0.9967845659163987,0.007512507672216379,,False,
2010-12,2010-12.csv,PPI_PROCESSED_INTERMEDIATE_GOODS,PPIITM,6,6,621,0.9967897271268058,0.0075098619957191404,,False,
2011-01,2011-01.csv,PPI_PROCESSED_INTERMEDIATE_GOODS,PPIITM,6,6,622,0.9967948717948718,0.007511524152951857,,False,
2011-02,2011-02.csv,PPI_PROCESSED_INTERMEDIATE_GOODS,PPIITM,6,6,623,0.9968,0.0075086157950228286,,False,
2011-03,2011-03.csv,PPI_PROCESSED_INTERMEDIATE_GOODS,PPIITM,6,6,624,0.9968051118210862,0.007509354913242252,,False,
2011-04,2011-04.csv,PPI_PROCESSED_INTERMEDIATE_GOODS,PPIITM,6,6,625,0.9968102073365231,0.007505117043319873,,False,
2011-05,2011-05.csv,PPI_PROCESSED_INTERMEDIATE_GOODS,PPIITM,6,6,626,0.9968152866242038,0.007496291826034795,,False,
2011-06,2011-06.csv,PPI_PROCESSED_INTERMEDIATE_GOODS,PPIITM,6,6,627,0.9968203497615262,0.007486249409956049,,False,
2011-07,2011-07.csv,PPI_PROCESSED_INTERMEDIATE_GOODS,PPIITM,6,6,628,0.9968253968253968,0.007494186930696124,,False,
2011-08,2011-08.csv,PPI_PROCESSED_INTERMEDIATE_GOODS,PPIITM,6,6,629,0.9968304278922345,0.007486648417577603,,False,
2011-09,2011-09.csv,PPI_PROCESSED_INTERMEDIATE_GOODS,PPIITM,6,6,630,0.9968354430379747,0.0074868823636749906,,False,
2011-10,2011-10.csv,PPI_PROCESSED_INTERMEDIATE_GOODS,PPIITM,6,6,631,0.9968404423380727,0.00749349190200576,,False,
2011-11,2011-11.csv,PPI_PROCESSED_INTERMEDIATE_GOODS,PPIITM,6,6,632,0.9968454258675079,0.007521191252799505,,False,
2011-12,2011-12.csv,PPI_PROCESSED_INTERMEDIATE_GOODS,PPIITM,6,6,633,0.9968503937007874,0.007530020658951077,,False,
2012-01,2012-01.csv,PPI_PROCESSED_INTERMEDIATE_GOODS,PPIITM,6,6,634,0.9968553459119497,0.007534557526300178,,False,
2012-02,2012-02.csv,PPI_PROCESSED_INTERMEDIATE_GOODS,PPIITM,6,6,635,0.9968602825745683,0.007467055522893986,,False,
2012-03,2012-03.csv,PPI_PROCESSED_INTERMEDIATE_GOODS,PPIITM,6,6,636,0.9968652037617555,0.0074956919063518404,,False,
2012-04,2012-04.csv,PPI_PROCESSED_INTERMEDIATE_GOODS,PPIITM,6,6,637,0.9968701095461658,0.007481975080722795,,False,
2012-05,2012-05.csv,PPI_PROCESSED_INTERMEDIATE_GOODS,PPIITM,6,6,638,0.996875,0.0074808369493045744,,False,
2012-06,2012-06.csv,PPI_PROCESSED_INTERMEDIATE_GOODS,PPIITM,6,6,639,0.9968798751950078,0.007476260254604453,,False,
2012-07,2012-07.csv,PPI_PROCESSED_INTERMEDIATE_GOODS,PPIITM,6,6,640,0.9968847352024922,0.007472318589526072,,False,
2012-08,2012-08.csv,PPI_PROCESSED_INTERMEDIATE_GOODS,PPIITM,6,6,641,0.9968895800933126,0.007468200624630102,,False,
2012-09,2012-09.csv,PPI_PROCESSED_INTERMEDIATE_GOODS,PPIITM,6,6,642,0.9968944099378882,0.00750364414550526,,False,
2012-10,2012-10.csv,PPI_PROCESSED_INTERMEDIATE_GOODS,PPIITM,6,6,643,0.9968992248062015,0.007509065406923455,,False,
2012-11,2012-11.csv,PPI_PROCESSED_INTERMEDIATE_GOODS,PPIITM,6,6,644,0.9969040247678018,0.007503252780769656,,False,
2012-12,2012-12.csv,PPI_PROCESSED_INTERMEDIATE_GOODS,PPIITM,6,6,645,0.9969088098918083,0.007509754265996479,,False,
2013-01,2013-01.csv,PPI_PROCESSED_INTERMEDIATE_GOODS,PPIITM,6,6,646,0.9969135802469136,0.0075260203389874766,,False,
2013-02,2013-02.csv,PPI_PROCESSED_INTERMEDIATE_GOODS,PPIITM,6,6,647,0.9969183359013868,0.007482797212169949,,False,
2013-03,2013-03.csv,PPI_PROCESSED_INTERMEDIATE_GOODS,PPIITM,6,6,648,0.9969230769230769,0.007495673141645426,,False,
2013-04,2013-04.csv,PPI_PROCESSED_INTERMEDIATE_GOODS,PPIITM,6,6,649,0.9969278033794163,0.007534754667403912,,False,
2013-05,2013-05.csv,PPI_PROCESSED_INTERMEDIATE_GOODS,PPIITM,6,6,650,0.9969325153374233,0.007529835130000928,,False,
2013-06,2013-06.csv,PPI_PROCESSED_INTERMEDIATE_GOODS,PPIITM,6,6,651,0.996937212863706,0.007506824262678466,,False,
2013-07,2013-07.csv,PPI_PROCESSED_INTERMEDIATE_GOODS,PPIITM,6,6,652,0.9969418960244648,0.007520655328334293,,False,
2013-08,2013-08.csv,PPI_PROCESSED_INTERMEDIATE_GOODS,PPIITM,6,6,653,0.9969465648854962,0.007523202690629365,,False,
2013-09,2013-09.csv,PPI_PROCESSED_INTERMEDIATE_GOODS,PPIITM,6,6,654,0.9969512195121951,0.007517698751954344,,False,
2013-10,2013-10.csv,PPI_PROCESSED_INTERMEDIATE_GOODS,PPIITM,6,6,655,0.9969558599695586,0.007512921709739231,,False,
2013-11,2013-11.csv,PPI_PROCESSED_INTERMEDIATE_GOODS,PPIITM,6,6,656,0.9969604863221885,0.007505779628312834,,False,
2013-12,2013-12.csv,PPI_PROCESSED_INTERMEDIATE_GOODS,PPIITM,6,6,657,0.9969650986342944,0.007500270654674128,,False,
2014-01,2014-01.csv,PPI_PROCESSED_INTERMEDIATE_GOODS,PPIITM,6,6,658,0.996969696969697,0.007506397480710327,,False,
2014-02,2014-02.csv,PPI_PROCESSED_INTERMEDIATE_GOODS,PPIITM,6,6,659,0.9969742813918305,0.007489796520991602,,False,
2014-03,2014-03.csv,PPI_PROCESSED_INTERMEDIATE_GOODS,PPIITM,6,6,660,0.9969788519637462,0.007484210507921384,,False,
2014-04,2014-04.csv,PPI_PROCESSED_INTERMEDIATE_GOODS,PPIITM,6,6,661,0.9969834087481146,0.0074843884438138605,,False,
2014-05,2014-05.csv,PPI_PROCESSED_INTERMEDIATE_GOODS,PPIITM,6,6,662,0.9969879518072289,0.007479619342808853,,False,
2014-06,2014-06.csv,PPI_PROCESSED_INTERMEDIATE_GOODS,PPIITM,6,6,663,0.9969924812030075,0.007472697361727952,,False,
2014-07,2014-07.csv,PPI_PROCESSED_INTERMEDIATE_GOODS,PPIITM,6,6,664,0.996996996996997,0.007465028111728806,,False,
2014-08,2014-08.csv,PPI_PROCESSED_INTERMEDIATE_GOODS,PPIITM,6,6,665,0.9970014992503748,0.007460025630858768,,False,
2014-09,2014-09.csv,PPI_PROCESSED_INTERMEDIATE_GOODS,PPIITM,6,6,666,0.9970059880239521,0.007456386206609824,,False,
2014-10,2014-10.csv,PPI_PROCESSED_INTERMEDIATE_GOODS,PPIITM,6,6,667,0.9970104633781763,0.007451133012137518,,False,
2014-11,2014-11.csv,PPI_PROCESSED_INTERMEDIATE_GOODS,PPIITM,6,6,668,0.9970149253731343,0.007456330987120654,,False,
2014-12,2014-12.csv,PPI_PROCESSED_INTERMEDIATE_GOODS,PPIITM,6,6,669,0.9970193740685543,0.007450871365490396,,False,
2015-01,2015-01.csv,PPI_PROCESSED_INTERMEDIATE_GOODS,PPIITM,6,6,670,0.9970238095238095,0.007443753789304358,,False,
2015-02,2015-02.csv,PPI_PROCESSED_INTERMEDIATE_GOODS,PPIITM,6,6,671,0.9970282317979198,0.007440663898708382,,False,
2015-03,2015-03.csv,PPI_PROCESSED_INTERMEDIATE_GOODS,PPIITM,6,6,672,0.9970326409495549,0.007490256615238926,,False,
2015-04,2015-04.csv,PPI_PROCESSED_INTERMEDIATE_GOODS,PPIITM,6,6,673,0.997037037037037,0.0074874054746395,,False,
2015-05,2015-05.csv,PPI_PROCESSED_INTERMEDIATE_GOODS,PPIITM,6,6,674,0.9970414201183432,0.0074633809494617995,,False,
2015-06,2015-06.csv,PPI_PROCESSED_INTERMEDIATE_GOODS,PPIITM,6,6,675,0.9970457902511078,0.007504362653629875,,False,
2015-07,2015-07.csv,PPI_PROCESSED_INTERMEDIATE_GOODS,PPIITM,6,6,676,0.9970501474926253,0.007499285096880953,,False,
2015-08,2015-08.csv,PPI_PROCESSED_INTERMEDIATE_GOODS,PPIITM,6,6,677,0.9970544918998527,0.0074929092777971905,,False,
2015-09,2015-09.csv,PPI_PROCESSED_INTERMEDIATE_GOODS,PPIITM,6,6,678,0.9970588235294118,0.007471024250265341,,False,
2015-10,2015-10.csv,PPI_PROCESSED_INTERMEDIATE_GOODS,PPIITM,6,6,679,0.9970631424375918,0.007481188838641311,,False,
2015-11,2015-11.csv,PPI_PROCESSED_INTERMEDIATE_GOODS,PPIITM,6,6,680,0.9970674486803519,0.007489217381656852,,False,
2015-12,2015-12.csv,PPI_PROCESSED_INTERMEDIATE_GOODS,PPIITM,6,6,681,0.9970717423133236,0.007483447057328751,,False,
2016-01,2016-01.csv,PPI_PROCESSED_INTERMEDIATE_GOODS,PPIITM,6,6,682,0.9970760233918129,0.007471660920816809,,False,
2016-02,2016-02.csv,PPI_PROCESSED_INTERMEDIATE_GOODS,PPIITM,6,6,682,0.9956204379562044,0.007471660920816809,,False,
2016-03,2016-03.csv,PPI_PROCESSED_INTERMEDIATE_GOODS,WPSID61,6,6,684,0.9970845481049563,0.007455524085118266,,False,
2016-04,2016-04.csv,PPI_PROCESSED_INTERMEDIATE_GOODS,WPSID61,6,6,685,0.9970887918486172,0.007450537200390736,,False,
2016-05,2016-05.csv,PPI_PROCESSED_INTERMEDIATE_GOODS,WPSID61,6,6,686,0.997093023255814,0.0074465215582151315,,False,
2016-06,2016-06.csv,PPI_PROCESSED_INTERMEDIATE_GOODS,WPSID61,6,6,687,0.9970972423802612,0.0074443938140646105,,False,
2016-07,2016-07.csv,PPI_PROCESSED_INTERMEDIATE_GOODS,WPSID61,6,6,688,0.9971014492753624,0.007442740131523345,,False,
2016-08,2016-08.csv,PPI_PROCESSED_INTERMEDIATE_GOODS,WPSID61,6,6,689,0.9971056439942113,0.007442344653789616,,False,
2016-09,2016-09.csv,PPI_PROCESSED_INTERMEDIATE_GOODS,WPSID61,6,6,690,0.9971098265895953,0.007437389956251926,,False,
2016-10,2016-10.csv,PPI_PROCESSED_INTERMEDIATE_GOODS,WPSID61,6,6,691,0.9971139971139971,0.007434956461239502,,False,
2016-11,2016-11.csv,PPI_PROCESSED_INTERMEDIATE_GOODS,WPSID61,6,6,692,0.9971181556195965,0.007430895760928423,,False,
2016-12,2016-12.csv,PPI_PROCESSED_INTERMEDIATE_GOODS,WPSID61,6,6,693,0.9971223021582734,0.007426193571236911,,False,
2017-01,2017-01.csv,PPI_PROCESSED_INTERMEDIATE_GOODS,WPSID61,6,6,694,0.9971264367816092,0.007419492009471002,,False,
2017-02,2017-02.csv,PPI_PROCESSED_INTERMEDIATE_GOODS,WPSID61,6,6,695,0.9971305595408895,0.007427887919264508,,False,
2017-03,2017-03.csv,PPI_PROCESSED_INTERMEDIATE_GOODS,WPSID61,6,6,696,0.997134670487106,0.007427183307453755,,False,
2017-04,2017-04.csv,PPI_PROCESSED_INTERMEDIATE_GOODS,WPSID61,6,6,697,0.9971387696709585,0.007422354758384889,,False,
2017-05,2017-05.csv,PPI_PROCESSED_INTERMEDIATE_GOODS,WPSID61,6,6,698,0.9971428571428571,0.007418759869535059,,False,
2017-06,2017-06.csv,PPI_PROCESSED_INTERMEDIATE_GOODS,WPSID61,6,6,699,0.9971469329529244,0.007419144240599689,,False,
2017-07,2017-07.csv,PPI_PROCESSED_INTERMEDIATE_GOODS,WPSID61,6,6,700,0.9971509971509972,0.007421984389916399,,False,
2017-08,2017-08.csv,PPI_PROCESSED_INTERMEDIATE_GOODS,WPSID61,6,6,701,0.9971550497866287,0.007416796625921237,,False,
2017-09,2017-09.csv,PPI_PROCESSED_INTERMEDIATE_GOODS,WPSID61,6,6,702,0.9971590909090909,0.007413673092165096,,False,
2017-10,2017-10.csv,PPI_PROCESSED_INTERMEDIATE_GOODS,WPSID61,6,6,703,0.9971631205673759,0.007410213622284478,,False,
2017-11,2017-11.csv,PPI_PROCESSED_INTERMEDIATE_GOODS,WPSID61,6,6,704,0.9971671388101983,0.0074080224003341974,,False,
2017-12,2017-12.csv,PPI_PROCESSED_INTERMEDIATE_GOODS,WPSID61,6,6,705,0.9971711456859972,0.007404906531532285,,False,
2018-01,2018-01.csv,PPI_PROCESSED_INTERMEDIATE_GOODS,WPSID61,6,6,706,0.9971751412429378,0.007400608606288876,,False,
2018-02,2018-02.csv,PPI_PROCESSED_INTERMEDIATE_GOODS,WPSID61,6,6,707,0.997179125528914,0.0073780455713794504,,False,
2018-03,2018-03.csv,PPI_PROCESSED_INTERMEDIATE_GOODS,WPSID61,6,6,708,0.9971830985915493,0.007372541877546722,,False,
2018-04,2018-04.csv,PPI_PROCESSED_INTERMEDIATE_GOODS,WPSID61,6,6,709,0.9971870604781997,0.007380041528090982,,False,
2018-05,2018-05.csv,PPI_PROCESSED_INTERMEDIATE_GOODS,WPSID61,6,6,710,0.9971910112359551,0.007382354307366931,,False,
2018-06,2018-06.csv,PPI_PROCESSED_INTERMEDIATE_GOODS,WPSID61,6,6,711,0.9971949509116409,0.007385210734889864,,False,
2018-07,2018-07.csv,PPI_PROCESSED_INTERMEDIATE_GOODS,WPSID61,6,6,712,0.9971988795518207,0.007384820078411658,,False,
2018-08,2018-08.csv,PPI_PROCESSED_INTERMEDIATE_GOODS,WPSID61,6,6,713,0.9972027972027973,0.007381635060770919,,False,
2018-09,2018-09.csv,PPI_PROCESSED_INTERMEDIATE_GOODS,WPSID61,6,6,714,0.9972067039106145,0.007369735620175402,,False,
2018-10,2018-10.csv,PPI_PROCESSED_INTERMEDIATE_GOODS,WPSID61,6,6,715,0.99721059972106,0.007362837843058403,,False,
2018-11,2018-11.csv,PPI_PROCESSED_INTERMEDIATE_GOODS,WPSID61,6,6,716,0.9972144846796658,0.007361015518749297,,False,
2018-12,2018-12.csv,PPI_PROCESSED_INTERMEDIATE_GOODS,WPSID61,6,6,717,0.9972183588317107,0.007378760187728382,,False,
2019-01,2019-01.csv,PPI_PROCESSED_INTERMEDIATE_GOODS,WPSID61,6,6,718,0.9972222222222222,0.007376786265607476,,False,
2019-02,2019-02.csv,PPI_PROCESSED_INTERMEDIATE_GOODS,WPSID61,6,6,719,0.9972260748959778,0.007341477565810689,,False,
2019-03,2019-03.csv,PPI_PROCESSED_INTERMEDIATE_GOODS,WPSID61,6,6,720,0.997229916897507,0.007376507750233456,,False,
2019-04,2019-04.csv,PPI_PROCESSED_INTERMEDIATE_GOODS,WPSID61,6,6,721,0.9972337482710927,0.00736777932635792,,False,
2019-05,2019-05.csv,PPI_PROCESSED_INTERMEDIATE_GOODS,WPSID61,6,6,722,0.9972375690607734,0.0073653141656336,,False,
2019-06,2019-06.csv,PPI_PROCESSED_INTERMEDIATE_GOODS,WPSID61,6,6,723,0.9972413793103448,0.007348580293677678,,False,
2019-07,2019-07.csv,PPI_PROCESSED_INTERMEDIATE_GOODS,WPSID61,6,6,724,0.9972451790633609,0.0073491442217222995,,False,
2019-08,2019-08.csv,PPI_PROCESSED_INTERMEDIATE_GOODS,WPSID61,6,6,725,0.9972489683631361,0.007355482228279713,,False,
2019-09,2019-09.csv,PPI_PROCESSED_INTERMEDIATE_GOODS,WPSID61,6,6,726,0.9972527472527473,0.0073556256790714295,,False,
2019-10,2019-10.csv,PPI_PROCESSED_INTERMEDIATE_GOODS,WPSID61,6,6,727,0.9972565157750343,0.0073479180977927055,,False,
2019-11,2019-11.csv,PPI_PROCESSED_INTERMEDIATE_GOODS,WPSID61,6,6,728,0.9972602739726028,0.007364534203318615,,False,
2019-12,2019-12.csv,PPI_PROCESSED_INTERMEDIATE_GOODS,WPSID61,6,6,729,0.9972640218878249,0.007340533422511546,,False,
2020-01,2020-01.csv,PPI_PROCESSED_INTERMEDIATE_GOODS,WPSID61,6,6,730,0.9972677595628415,0.007335972502520117,,False,
2020-02,2020-02.csv,PPI_PROCESSED_INTERMEDIATE_GOODS,WPSID61,6,6,731,0.9972714870395635,0.007331593190553199,,False,
2020-03,2020-03.csv,PPI_PROCESSED_INTERMEDIATE_GOODS,WPSID61,6,6,732,0.997275204359673,0.007329530858803035,,False,
2020-04,2020-04.csv,PPI_PROCESSED_INTERMEDIATE_GOODS,WPSID61,6,6,733,0.9972789115646259,0.007324955208524273,,False,
2020-05,2020-05.csv,PPI_PROCESSED_INTERMEDIATE_GOODS,WPSID61,6,6,734,0.9972826086956522,0.007384154960567515,,False,
2020-06,2020-06.csv,PPI_PROCESSED_INTERMEDIATE_GOODS,WPSID61,6,6,735,0.9972862957937585,0.007515275526187129,,False,
2020-07,2020-07.csv,PPI_PROCESSED_INTERMEDIATE_GOODS,WPSID61,6,6,736,0.997289972899729,0.007513392655136867,,False,
2020-08,2020-08.csv,PPI_PROCESSED_INTERMEDIATE_GOODS,WPSID61,6,6,737,0.9972936400541272,0.007461290162286133,,False,
2020-09,2020-09.csv,PPI_PROCESSED_INTERMEDIATE_GOODS,WPSID61,6,6,738,0.9972972972972973,0.007506770815836662,,False,
2020-10,2020-10.csv,PPI_PROCESSED_INTERMEDIATE_GOODS,WPSID61,6,6,739,0.9973009446693657,0.007486821358172979,,False,
2020-11,2020-11.csv,PPI_PROCESSED_INTERMEDIATE_GOODS,WPSID61,6,6,740,0.9973045822102425,0.007486560199707661,,False,
2020-12,2020-12.csv,PPI_PROCESSED_INTERMEDIATE_GOODS,WPSID61,6,6,741,0.9973082099596231,0.00749074607587149,,False,
2021-01,2021-01.csv,PPI_PROCESSED_INTERMEDIATE_GOODS,WPSID61,6,6,742,0.9973118279569892,0.007478389809835931,,False,
2021-02,2021-02.csv,PPI_PROCESSED_INTERMEDIATE_GOODS,WPSID61,6,6,743,0.9973154362416108,0.00747143277775655,,False,
2021-03,2021-03.csv,PPI_PROCESSED_INTERMEDIATE_GOODS,WPSID61,6,6,744,0.9973190348525469,0.007469649077490374,,False,
2021-04,2021-04.csv,PPI_PROCESSED_INTERMEDIATE_GOODS,WPSID61,6,6,745,0.9973226238286479,0.007476631031344829,,False,
2021-05,2021-05.csv,PPI_PROCESSED_INTERMEDIATE_GOODS,WPSID61,6,6,746,0.9973262032085561,0.007525036202928687,,False,
2021-06,2021-06.csv,PPI_PROCESSED_INTERMEDIATE_GOODS,WPSID61,6,6,747,0.9973297730307076,0.007530594010516771,,False,
2021-07,2021-07.csv,PPI_PROCESSED_INTERMEDIATE_GOODS,WPSID61,6,6,748,0.9973333333333333,0.007506104614033482,,False,
2021-08,2021-08.csv,PPI_PROCESSED_INTERMEDIATE_GOODS,WPSID61,6,6,749,0.9973368841544608,0.007496657926983865,,False,
2021-09,2021-09.csv,PPI_PROCESSED_INTERMEDIATE_GOODS,WPSID61,6,6,750,0.9973404255319149,0.007475831085706398,,False,
2021-10,2021-10.csv,PPI_PROCESSED_INTERMEDIATE_GOODS,WPSID61,6,6,751,0.99734395750332,0.007492124594645895,,False,
2021-11,2021-11.csv,PPI_PROCESSED_INTERMEDIATE_GOODS,WPSID61,6,6,752,0.9973474801061007,0.007482189494442186,,False,
2021-12,2021-12.csv,PPI_PROCESSED_INTERMEDIATE_GOODS,WPSID61,6,6,753,0.9973509933774835,0.007496005345994017,,False,
2022-01,2022-01.csv,PPI_PROCESSED_INTERMEDIATE_GOODS,WPSID61,6,6,754,0.9973544973544973,0.007522110303094352,,False,
2022-02,2022-02.csv,PPI_PROCESSED_INTERMEDIATE_GOODS,WPSID61,6,6,755,0.9973579920739762,0.00751498799032741,,False,
2022-03,2022-03.csv,PPI_PROCESSED_INTERMEDIATE_GOODS,WPSID61,6,6,756,0.9973614775725593,0.007514909155241289,,False,
2022-04,2022-04.csv,PPI_PROCESSED_INTERMEDIATE_GOODS,WPSID61,6,6,757,0.997364953886693,0.007519523763310825,,False,
2022-05,2022-05.csv,PPI_PROCESSED_INTERMEDIATE_GOODS,WPSID61,6,6,758,0.9973684210526316,0.007517802971726264,,False,
2022-06,2022-06.csv,PPI_PROCESSED_INTERMEDIATE_GOODS,WPSID61,6,6,759,0.9973718791064389,0.007516100560081153,,False,
2022-07,2022-07.csv,PPI_PROCESSED_INTERMEDIATE_GOODS,WPSID61,6,6,760,0.9973753280839895,0.007510792875837706,,False,
2022-08,2022-08.csv,PPI_PROCESSED_INTERMEDIATE_GOODS,WPSID61,6,6,761,0.9973787680209698,0.007671984409454679,,False,
2022-09,2022-09.csv,PPI_PROCESSED_INTERMEDIATE_GOODS,WPSID61,6,6,762,0.9973821989528796,0.007654618424028988,,False,
2022-10,2022-10.csv,PPI_PROCESSED_INTERMEDIATE_GOODS,WPSID61,6,6,763,0.9973856209150327,0.007679368643472752,,False,
2022-11,2022-11.csv,PPI_PROCESSED_INTERMEDIATE_GOODS,WPSID61,6,6,764,0.9973890339425587,0.007680124118150128,,False,
2022-12,2022-12.csv,PPI_PROCESSED_INTERMEDIATE_GOODS,WPSID61,6,6,765,0.9973924380704041,0.007677604710145526,,False,
2023-01,2023-01.csv,PPI_PROCESSED_INTERMEDIATE_GOODS,WPSID61,6,6,766,0.9973958333333334,0.007705913038248997,,False,
2023-02,2023-02.csv,PPI_PROCESSED_INTERMEDIATE_GOODS,WPSID61,6,6,767,0.9973992197659298,0.007763627990145306,,False,
2023-03,2023-03.csv,PPI_PROCESSED_INTERMEDIATE_GOODS,WPSID61,6,6,768,0.9974025974025974,0.007775958208887835,,False,
2023-04,2023-04.csv,PPI_PROCESSED_INTERMEDIATE_GOODS,WPSID61,6,6,769,0.9974059662775616,0.007774033459379108,,False,
2023-05,2023-05.csv,PPI_PROCESSED_INTERMEDIATE_GOODS,WPSID61,6,6,770,0.9974093264248705,0.007772408910403774,,False,
2023-06,2023-06.csv,PPI_PROCESSED_INTERMEDIATE_GOODS,WPSID61,6,6,771,0.9974126778783958,0.007775819605015552,,False,
2023-07,2023-07.csv,PPI_PROCESSED_INTERMEDIATE_GOODS,WPSID61,6,6,772,0.9974160206718347,0.007777450046880978,,False,
2023-08,2023-08.csv,PPI_PROCESSED_INTERMEDIATE_GOODS,WPSID61,6,6,773,0.9974193548387097,0.007773359298635981,,False,
2023-09,2023-09.csv,PPI_PROCESSED_INTERMEDIATE_GOODS,WPSID61,6,6,774,0.9974226804123711,0.007817546153520568,,False,
2023-10,2023-10.csv,PPI_PROCESSED_INTERMEDIATE_GOODS,WPSID61,6,6,775,0.9974259974259975,0.007838646944949972,,False,
2023-11,2023-11.csv,PPI_PROCESSED_INTERMEDIATE_GOODS,WPSID61,6,6,776,0.9974293059125964,0.007848321857028986,,False,
2023-12,2023-12.csv,PPI_PROCESSED_INTERMEDIATE_GOODS,WPSID61,6,6,777,0.9974326059050064,0.00785301744402231,,False,
2024-01,2024-01.csv,PPI_PROCESSED_INTERMEDIATE_GOODS,WPSID61,6,6,778,0.9974358974358974,0.007842450283123996,,False,
2024-02,2024-02.csv,PPI_PROCESSED_INTERMEDIATE_GOODS,WPSID61,6,6,779,0.9974391805377721,0.007820224657810957,,False,
2024-03,FRED-MD_2024m03.csv,PPI_PROCESSED_INTERMEDIATE_GOODS,WPSID61,6,6,780,0.9974424552429667,0.007836103229377044,,False,
2024-04,FRED-MD_2024m04.csv,PPI_PROCESSED_INTERMEDIATE_GOODS,WPSID61,6,6,781,0.9974457215836526,0.007864734220507973,,False,
2024-05,FRED-MD_2024m05.csv,PPI_PROCESSED_INTERMEDIATE_GOODS,WPSID61,6,6,782,0.9974489795918368,0.007861500644658464,,False,
2024-06,FRED-MD_2024m06.csv,PPI_PROCESSED_INTERMEDIATE_GOODS,WPSID61,6,6,783,0.9974522292993631,0.00789045073068366,,False,
2024-07,FRED-MD_2024m07.csv,PPI_PROCESSED_INTERMEDIATE_GOODS,WPSID61,6,6,784,0.9974554707379135,0.007901943993447241,,False,
2024-08,FRED-MD_2024m08.csv,PPI_PROCESSED_INTERMEDIATE_GOODS,WPSID61,6,6,785,0.9974587039390089,0.007900656003419375,,False,
2024-09,FRED-MD_2024m09.csv,PPI_PROCESSED_INTERMEDIATE_GOODS,WPSID61,6,6,786,0.9974619289340102,0.007891752650881415,,False,
2024-10,FRED-MD_2024m10.csv,PPI_PROCESSED_INTERMEDIATE_GOODS,WPSID61,6,6,787,0.9974651457541192,0.007897061287117662,,False,
2024-11,FRED-MD_2024m11.csv,PPI_PROCESSED_INTERMEDIATE_GOODS,WPSID61,6,6,788,0.9974683544303797,0.007905777716279727,,False,
2024-12,FRED-MD_2024m12.csv,PPI_PROCESSED_INTERMEDIATE_GOODS,WPSID61,6,6,789,0.9974715549936789,0.007904964450196063,,False,
2025-01,2025-01.csv,PPI_PROCESSED_INTERMEDIATE_GOODS,WPSID61,6,6,790,0.9974747474747475,0.007897778076619408,,False,
2025-02,2025-02.csv,PPI_PROCESSED_INTERMEDIATE_GOODS,WPSID61,6,6,791,0.9974779319041615,0.007933627527420127,,False,
2025-03,2025-03.csv,PPI_PROCESSED_INTERMEDIATE_GOODS,WPSID61,6,6,792,0.9974811083123426,0.007930000303168006,,False,
2025-04,2025-04-MD.csv,PPI_PROCESSED_INTERMEDIATE_GOODS,WPSID61,6,6,793,0.9974842767295597,0.007928682045396195,,False,
2025-05,2025-05-MD.csv,PPI_PROCESSED_INTERMEDIATE_GOODS,WPSID61,6,6,794,0.9974874371859297,0.007925239752832835,,False,
2025-06,2025-06-MD.csv,PPI_PROCESSED_INTERMEDIATE_GOODS,WPSID61,6,6,795,0.9974905897114178,0.007920687920933447,,False,
2025-07,2025-07-MD.csv,PPI_PROCESSED_INTERMEDIATE_GOODS,WPSID61,6,6,796,0.9974937343358395,0.007915426274092616,,False,
2025-08,2025-08-MD.csv,PPI_PROCESSED_INTERMEDIATE_GOODS,WPSID61,6,6,797,0.9974968710888611,0.007914437121397494,,False,
2025-09,2025-09-MD.csv,PPI_PROCESSED_INTERMEDIATE_GOODS,WPSID61,6,6,798,0.9975,0.007909359406911499,,False,
2025-10,2025-10-MD.csv,PPI_PROCESSED_INTERMEDIATE_GOODS,WPSID61,6,6,798,0.9962546816479401,0.007909359406911499,,False,
2025-11,2025-11-MD.csv,PPI_PROCESSED_INTERMEDIATE_GOODS,WPSID61,6,6,799,0.9962593516209476,0.007909904224756382,,False,
2025-12,2025-12-MD.csv,PPI_PROCESSED_INTERMEDIATE_GOODS,WPSID61,6,6,799,0.9950186799501868,0.007909904224756382,,False,
2026-01,2026-01-MD.csv,PPI_PROCESSED_INTERMEDIATE_GOODS,WPSID61,6,6,802,0.9975124378109452,0.007904798199213706,,False,
2026-02,2026-02-MD.csv,PPI_PROCESSED_INTERMEDIATE_GOODS,WPSID61,6,6,803,0.9975155279503105,0.007860268117847433,,False,
2026-03,2026-03-MD.csv,PPI_PROCESSED_INTERMEDIATE_GOODS,WPSID61,6,6,804,0.9975186104218362,0.00787283835507747,,False,
2026-04,2026-04-MD.csv,PPI_PROCESSED_INTERMEDIATE_GOODS,WPSID61,6,6,805,0.9975216852540273,0.007874812175706427,,False,
2026-05,2026-05-MD.csv,PPI_PROCESSED_INTERMEDIATE_GOODS,WPSID61,6,6,806,0.9975247524752475,0.00787355083821066,,False,
2026-06,2026-06-MD.csv,PPI_PROCESSED_INTERMEDIATE_GOODS,WPSID61,6,6,807,0.9975278121137207,0.007875066800637296,,False,
2010-01,2010-01.csv,PPI_UNPROCESSED_INTERMEDIATE_GOODS,PPICRM,6,6,610,0.9967320261437909,0.041822284342832555,,False,
2010-02,2010-02.csv,PPI_UNPROCESSED_INTERMEDIATE_GOODS,PPICRM,6,6,611,0.9967373572593801,0.041891276314795826,,False,
2010-03,2010-03.csv,PPI_UNPROCESSED_INTERMEDIATE_GOODS,PPICRM,6,6,612,0.996742671009772,0.04220399572163698,,False,
2010-04,2010-04.csv,PPI_UNPROCESSED_INTERMEDIATE_GOODS,PPICRM,6,6,613,0.9967479674796748,0.042258990819356586,,False,
2010-05,2010-05.csv,PPI_UNPROCESSED_INTERMEDIATE_GOODS,PPICRM,6,6,614,0.9967532467532467,0.04215993659473639,,False,
2010-06,2010-06.csv,PPI_UNPROCESSED_INTERMEDIATE_GOODS,PPICRM,6,6,615,0.9967585089141004,0.04210439931697005,,False,
2010-07,2010-07.csv,PPI_UNPROCESSED_INTERMEDIATE_GOODS,PPICRM,6,6,616,0.9967637540453075,0.04197713217426319,,False,
2010-08,2010-08.csv,PPI_UNPROCESSED_INTERMEDIATE_GOODS,PPICRM,6,6,617,0.9967689822294022,0.041977737103406444,,False,
2010-09,2010-09.csv,PPI_UNPROCESSED_INTERMEDIATE_GOODS,PPICRM,6,6,618,0.9967741935483871,0.04194361009251154,,False,
2010-10,2010-10.csv,PPI_UNPROCESSED_INTERMEDIATE_GOODS,PPICRM,6,6,619,0.9967793880837359,0.04192757711358525,,False,
2010-11,2010-11.csv,PPI_UNPROCESSED_INTERMEDIATE_GOODS,PPICRM,6,6,620,0.9967845659163987,0.0419351987234623,,False,
2010-12,2010-12.csv,PPI_UNPROCESSED_INTERMEDIATE_GOODS,PPICRM,6,6,621,0.9967897271268058,0.041928635616555236,,False,
2011-01,2011-01.csv,PPI_UNPROCESSED_INTERMEDIATE_GOODS,PPICRM,6,6,622,0.9967948717948718,0.041931564322314284,,False,
2011-02,2011-02.csv,PPI_UNPROCESSED_INTERMEDIATE_GOODS,PPICRM,6,6,623,0.9968,0.04162332333434303,,False,
2011-03,2011-03.csv,PPI_UNPROCESSED_INTERMEDIATE_GOODS,PPICRM,6,6,624,0.9968051118210862,0.04159563476248806,,False,
2011-04,2011-04.csv,PPI_UNPROCESSED_INTERMEDIATE_GOODS,PPICRM,6,6,625,0.9968102073365231,0.04157914381121803,,False,
2011-05,2011-05.csv,PPI_UNPROCESSED_INTERMEDIATE_GOODS,PPICRM,6,6,626,0.9968152866242038,0.04161013916026395,,False,
2011-06,2011-06.csv,PPI_UNPROCESSED_INTERMEDIATE_GOODS,PPICRM,6,6,627,0.9968203497615262,0.041684507597170566,,False,
2011-07,2011-07.csv,PPI_UNPROCESSED_INTERMEDIATE_GOODS,PPICRM,6,6,628,0.9968253968253968,0.04169761564892131,,False,
2011-08,2011-08.csv,PPI_UNPROCESSED_INTERMEDIATE_GOODS,PPICRM,6,6,629,0.9968304278922345,0.041645392241526656,,False,
2011-09,2011-09.csv,PPI_UNPROCESSED_INTERMEDIATE_GOODS,PPICRM,6,6,630,0.9968354430379747,0.041626540616756226,,False,
2011-10,2011-10.csv,PPI_UNPROCESSED_INTERMEDIATE_GOODS,PPICRM,6,6,631,0.9968404423380727,0.041613086073800445,,False,
2011-11,2011-11.csv,PPI_UNPROCESSED_INTERMEDIATE_GOODS,PPICRM,6,6,632,0.9968454258675079,0.041631520082256096,,False,
2011-12,2011-12.csv,PPI_UNPROCESSED_INTERMEDIATE_GOODS,PPICRM,6,6,633,0.9968503937007874,0.04167278755693782,,False,
2012-01,2012-01.csv,PPI_UNPROCESSED_INTERMEDIATE_GOODS,PPICRM,6,6,634,0.9968553459119497,0.041675215554288485,,False,
2012-02,2012-02.csv,PPI_UNPROCESSED_INTERMEDIATE_GOODS,PPICRM,6,6,635,0.9968602825745683,0.04152934716393649,,False,
2012-03,2012-03.csv,PPI_UNPROCESSED_INTERMEDIATE_GOODS,PPICRM,6,6,636,0.9968652037617555,0.0414916915340775,,False,
2012-04,2012-04.csv,PPI_UNPROCESSED_INTERMEDIATE_GOODS,PPICRM,6,6,637,0.9968701095461658,0.04144583611893335,,False,
2012-05,2012-05.csv,PPI_UNPROCESSED_INTERMEDIATE_GOODS,PPICRM,6,6,638,0.996875,0.04141330324233585,,False,
2012-06,2012-06.csv,PPI_UNPROCESSED_INTERMEDIATE_GOODS,PPICRM,6,6,639,0.9968798751950078,0.041383896304316735,,False,
2012-07,2012-07.csv,PPI_UNPROCESSED_INTERMEDIATE_GOODS,PPICRM,6,6,640,0.9968847352024922,0.04135685934910674,,False,
2012-08,2012-08.csv,PPI_UNPROCESSED_INTERMEDIATE_GOODS,PPICRM,6,6,641,0.9968895800933126,0.041381810987502744,,False,
2012-09,2012-09.csv,PPI_UNPROCESSED_INTERMEDIATE_GOODS,PPICRM,6,6,642,0.9968944099378882,0.04137876623447978,,False,
2012-10,2012-10.csv,PPI_UNPROCESSED_INTERMEDIATE_GOODS,PPICRM,6,6,643,0.9968992248062015,0.041352116157704746,,False,
2012-11,2012-11.csv,PPI_UNPROCESSED_INTERMEDIATE_GOODS,PPICRM,6,6,644,0.9969040247678018,0.04133098112090274,,False,
2012-12,2012-12.csv,PPI_UNPROCESSED_INTERMEDIATE_GOODS,PPICRM,6,6,645,0.9969088098918083,0.041294886882403105,,False,
2013-01,2013-01.csv,PPI_UNPROCESSED_INTERMEDIATE_GOODS,PPICRM,6,6,646,0.9969135802469136,0.0412770870130337,,False,
2013-02,2013-02.csv,PPI_UNPROCESSED_INTERMEDIATE_GOODS,PPICRM,6,6,647,0.9969183359013868,0.041181613936658396,,False,
2013-03,2013-03.csv,PPI_UNPROCESSED_INTERMEDIATE_GOODS,PPICRM,6,6,648,0.9969230769230769,0.04115214587529822,,False,
2013-04,2013-04.csv,PPI_UNPROCESSED_INTERMEDIATE_GOODS,PPICRM,6,6,649,0.9969278033794163,0.04113036685190204,,False,
2013-05,2013-05.csv,PPI_UNPROCESSED_INTERMEDIATE_GOODS,PPICRM,6,6,650,0.9969325153374233,0.04110609337222793,,False,
2013-06,2013-06.csv,PPI_UNPROCESSED_INTERMEDIATE_GOODS,PPICRM,6,6,651,0.996937212863706,0.041096688218175546,,False,
2013-07,2013-07.csv,PPI_UNPROCESSED_INTERMEDIATE_GOODS,PPICRM,6,6,652,0.9969418960244648,0.041058164672775586,,False,
2013-08,2013-08.csv,PPI_UNPROCESSED_INTERMEDIATE_GOODS,PPICRM,6,6,653,0.9969465648854962,0.04102773579383825,,False,
2013-09,2013-09.csv,PPI_UNPROCESSED_INTERMEDIATE_GOODS,PPICRM,6,6,654,0.9969512195121951,0.041029908936963996,,False,
2013-10,2013-10.csv,PPI_UNPROCESSED_INTERMEDIATE_GOODS,PPICRM,6,6,655,0.9969558599695586,0.04101393339348319,,False,
2013-11,2013-11.csv,PPI_UNPROCESSED_INTERMEDIATE_GOODS,PPICRM,6,6,656,0.9969604863221885,0.04099702191343959,,False,
2013-12,2013-12.csv,PPI_UNPROCESSED_INTERMEDIATE_GOODS,PPICRM,6,6,657,0.9969650986342944,0.04094396784594837,,False,
2014-01,2014-01.csv,PPI_UNPROCESSED_INTERMEDIATE_GOODS,PPICRM,6,6,658,0.996969696969697,0.0409512444169746,,False,
2014-02,2014-02.csv,PPI_UNPROCESSED_INTERMEDIATE_GOODS,PPICRM,6,6,659,0.9969742813918305,0.04088926547846916,,False,
2014-03,2014-03.csv,PPI_UNPROCESSED_INTERMEDIATE_GOODS,PPICRM,6,6,660,0.9969788519637462,0.040898410551084265,,False,
2014-04,2014-04.csv,PPI_UNPROCESSED_INTERMEDIATE_GOODS,PPICRM,6,6,661,0.9969834087481146,0.040911723784986864,,False,
2014-05,2014-05.csv,PPI_UNPROCESSED_INTERMEDIATE_GOODS,PPICRM,6,6,662,0.9969879518072289,0.040881137385975354,,False,
2014-06,2014-06.csv,PPI_UNPROCESSED_INTERMEDIATE_GOODS,PPICRM,6,6,663,0.9969924812030075,0.0408399929026954,,False,
2014-07,2014-07.csv,PPI_UNPROCESSED_INTERMEDIATE_GOODS,PPICRM,6,6,664,0.996996996996997,0.0407986918818137,,False,
2014-08,2014-08.csv,PPI_UNPROCESSED_INTERMEDIATE_GOODS,PPICRM,6,6,665,0.9970014992503748,0.040784406226187134,,False,
2014-09,2014-09.csv,PPI_UNPROCESSED_INTERMEDIATE_GOODS,PPICRM,6,6,666,0.9970059880239521,0.04075454320660985,,False,
2014-10,2014-10.csv,PPI_UNPROCESSED_INTERMEDIATE_GOODS,PPICRM,6,6,667,0.9970104633781763,0.04075458666901289,,False,
2014-11,2014-11.csv,PPI_UNPROCESSED_INTERMEDIATE_GOODS,PPICRM,6,6,668,0.9970149253731343,0.04073879025129096,,False,
2014-12,2014-12.csv,PPI_UNPROCESSED_INTERMEDIATE_GOODS,PPICRM,6,6,669,0.9970193740685543,0.040711318119902515,,False,
2015-01,2015-01.csv,PPI_UNPROCESSED_INTERMEDIATE_GOODS,PPICRM,6,6,670,0.9970238095238095,0.040696271356183256,,False,
2015-02,2015-02.csv,PPI_UNPROCESSED_INTERMEDIATE_GOODS,PPICRM,6,6,671,0.9970282317979198,0.040760927904820735,,False,
2015-03,2015-03.csv,PPI_UNPROCESSED_INTERMEDIATE_GOODS,PPICRM,6,6,672,0.9970326409495549,0.04079873164320447,,False,
2015-04,2015-04.csv,PPI_UNPROCESSED_INTERMEDIATE_GOODS,PPICRM,6,6,673,0.997037037037037,0.040779260790092135,,False,
2015-05,2015-05.csv,PPI_UNPROCESSED_INTERMEDIATE_GOODS,PPICRM,6,6,674,0.9970414201183432,0.040736549805522056,,False,
2015-06,2015-06.csv,PPI_UNPROCESSED_INTERMEDIATE_GOODS,PPICRM,6,6,675,0.9970457902511078,0.04074042807731075,,False,
2015-07,2015-07.csv,PPI_UNPROCESSED_INTERMEDIATE_GOODS,PPICRM,6,6,676,0.9970501474926253,0.04071439466866195,,False,
2015-08,2015-08.csv,PPI_UNPROCESSED_INTERMEDIATE_GOODS,PPICRM,6,6,677,0.9970544918998527,0.040720031476062936,,False,
2015-09,2015-09.csv,PPI_UNPROCESSED_INTERMEDIATE_GOODS,PPICRM,6,6,678,0.9970588235294118,0.04068719366199044,,False,
2015-10,2015-10.csv,PPI_UNPROCESSED_INTERMEDIATE_GOODS,PPICRM,6,6,679,0.9970631424375918,0.040663949834685645,,False,
2015-11,2015-11.csv,PPI_UNPROCESSED_INTERMEDIATE_GOODS,PPICRM,6,6,680,0.9970674486803519,0.04064974635533961,,False,
2015-12,2015-12.csv,PPI_UNPROCESSED_INTERMEDIATE_GOODS,PPICRM,6,6,681,0.9970717423133236,0.040669939336317,,False,
2016-01,2016-01.csv,PPI_UNPROCESSED_INTERMEDIATE_GOODS,PPICRM,6,6,682,0.9970760233918129,0.04064885331101938,,False,
2016-02,2016-02.csv,PPI_UNPROCESSED_INTERMEDIATE_GOODS,PPICRM,6,6,682,0.9956204379562044,0.04064885331101938,,False,
2016-03,2016-03.csv,PPI_UNPROCESSED_INTERMEDIATE_GOODS,WPSID62,6,6,684,0.9970845481049563,0.04055659097525887,,False,
2016-04,2016-04.csv,PPI_UNPROCESSED_INTERMEDIATE_GOODS,WPSID62,6,6,685,0.9970887918486172,0.04056266644778994,,False,
2016-05,2016-05.csv,PPI_UNPROCESSED_INTERMEDIATE_GOODS,WPSID62,6,6,686,0.997093023255814,0.04054482199036478,,False,
2016-06,2016-06.csv,PPI_UNPROCESSED_INTERMEDIATE_GOODS,WPSID62,6,6,687,0.9970972423802612,0.040538528004351065,,False,
2016-07,2016-07.csv,PPI_UNPROCESSED_INTERMEDIATE_GOODS,WPSID62,6,6,688,0.9971014492753624,0.040491595077836215,,False,
2016-08,2016-08.csv,PPI_UNPROCESSED_INTERMEDIATE_GOODS,WPSID62,6,6,689,0.9971056439942113,0.04047971022957027,,False,
2016-09,2016-09.csv,PPI_UNPROCESSED_INTERMEDIATE_GOODS,WPSID62,6,6,690,0.9971098265895953,0.040450991464519644,,False,
2016-10,2016-10.csv,PPI_UNPROCESSED_INTERMEDIATE_GOODS,WPSID62,6,6,691,0.9971139971139971,0.040448394322106444,,False,
2016-11,2016-11.csv,PPI_UNPROCESSED_INTERMEDIATE_GOODS,WPSID62,6,6,692,0.9971181556195965,0.04043024677548063,,False,
2016-12,2016-12.csv,PPI_UNPROCESSED_INTERMEDIATE_GOODS,WPSID62,6,6,693,0.9971223021582734,0.04043537690528226,,False,
2017-01,2017-01.csv,PPI_UNPROCESSED_INTERMEDIATE_GOODS,WPSID62,6,6,694,0.9971264367816092,0.04044234599563267,,False,
2017-02,2017-02.csv,PPI_UNPROCESSED_INTERMEDIATE_GOODS,WPSID62,6,6,695,0.9971305595408895,0.04047276288859306,,False,
2017-03,2017-03.csv,PPI_UNPROCESSED_INTERMEDIATE_GOODS,WPSID62,6,6,696,0.997134670487106,0.040464788780497994,,False,
2017-04,2017-04.csv,PPI_UNPROCESSED_INTERMEDIATE_GOODS,WPSID62,6,6,697,0.9971387696709585,0.040415685619308236,,False,
2017-05,2017-05.csv,PPI_UNPROCESSED_INTERMEDIATE_GOODS,WPSID62,6,6,698,0.9971428571428571,0.040483248550451455,,False,
2017-06,2017-06.csv,PPI_UNPROCESSED_INTERMEDIATE_GOODS,WPSID62,6,6,699,0.9971469329529244,0.04052372294163765,,False,
2017-07,2017-07.csv,PPI_UNPROCESSED_INTERMEDIATE_GOODS,WPSID62,6,6,700,0.9971509971509972,0.04052587006841769,,False,
2017-08,2017-08.csv,PPI_UNPROCESSED_INTERMEDIATE_GOODS,WPSID62,6,6,701,0.9971550497866287,0.04044598423932093,,False,
2017-09,2017-09.csv,PPI_UNPROCESSED_INTERMEDIATE_GOODS,WPSID62,6,6,702,0.9971590909090909,0.04035173036414259,,False,
2017-10,2017-10.csv,PPI_UNPROCESSED_INTERMEDIATE_GOODS,WPSID62,6,6,703,0.9971631205673759,0.040290794578505436,,False,
2017-11,2017-11.csv,PPI_UNPROCESSED_INTERMEDIATE_GOODS,WPSID62,6,6,704,0.9971671388101983,0.04025967581256244,,False,
2017-12,2017-12.csv,PPI_UNPROCESSED_INTERMEDIATE_GOODS,WPSID62,6,6,705,0.9971711456859972,0.04025726634129683,,False,
2018-01,2018-01.csv,PPI_UNPROCESSED_INTERMEDIATE_GOODS,WPSID62,6,6,706,0.9971751412429378,0.04022917224262183,,False,
2018-02,2018-02.csv,PPI_UNPROCESSED_INTERMEDIATE_GOODS,WPSID62,6,6,707,0.997179125528914,0.04020452719251446,,False,
2018-03,2018-03.csv,PPI_UNPROCESSED_INTERMEDIATE_GOODS,WPSID62,6,6,708,0.9971830985915493,0.040166139335061316,,False,
2018-04,2018-04.csv,PPI_UNPROCESSED_INTERMEDIATE_GOODS,WPSID62,6,6,709,0.9971870604781997,0.04024395769133171,,False,
2018-05,2018-05.csv,PPI_UNPROCESSED_INTERMEDIATE_GOODS,WPSID62,6,6,710,0.9971910112359551,0.04027391194808119,,False,
2018-06,2018-06.csv,PPI_UNPROCESSED_INTERMEDIATE_GOODS,WPSID62,6,6,711,0.9971949509116409,0.0402253220118376,,False,
2018-07,2018-07.csv,PPI_UNPROCESSED_INTERMEDIATE_GOODS,WPSID62,6,6,712,0.9971988795518207,0.04019932188253602,,False,
2018-08,2018-08.csv,PPI_UNPROCESSED_INTERMEDIATE_GOODS,WPSID62,6,6,713,0.9972027972027973,0.04014928056062492,,False,
2018-09,2018-09.csv,PPI_UNPROCESSED_INTERMEDIATE_GOODS,WPSID62,6,6,714,0.9972067039106145,0.04024335022333713,,False,
2018-10,2018-10.csv,PPI_UNPROCESSED_INTERMEDIATE_GOODS,WPSID62,6,6,715,0.99721059972106,0.040339060377063335,,False,
2018-11,2018-11.csv,PPI_UNPROCESSED_INTERMEDIATE_GOODS,WPSID62,6,6,716,0.9972144846796658,0.04027754389006033,,False,
2018-12,2018-12.csv,PPI_UNPROCESSED_INTERMEDIATE_GOODS,WPSID62,6,6,717,0.9972183588317107,0.04027723127591876,,False,
2019-01,2019-01.csv,PPI_UNPROCESSED_INTERMEDIATE_GOODS,WPSID62,6,6,718,0.9972222222222222,0.04065285099926083,,False,
2019-02,2019-02.csv,PPI_UNPROCESSED_INTERMEDIATE_GOODS,WPSID62,6,6,719,0.9972260748959778,0.041323146313980375,,False,
2019-03,2019-03.csv,PPI_UNPROCESSED_INTERMEDIATE_GOODS,WPSID62,6,6,720,0.997229916897507,0.04131304840742994,,False,
2019-04,2019-04.csv,PPI_UNPROCESSED_INTERMEDIATE_GOODS,WPSID62,6,6,721,0.9972337482710927,0.04100871844482142,,False,
2019-05,2019-05.csv,PPI_UNPROCESSED_INTERMEDIATE_GOODS,WPSID62,6,6,722,0.9972375690607734,0.04032576025420508,,False,
2019-06,2019-06.csv,PPI_UNPROCESSED_INTERMEDIATE_GOODS,WPSID62,6,6,723,0.9972413793103448,0.04040357516487143,,False,
2019-07,2019-07.csv,PPI_UNPROCESSED_INTERMEDIATE_GOODS,WPSID62,6,6,724,0.9972451790633609,0.04032505233891674,,False,
2019-08,2019-08.csv,PPI_UNPROCESSED_INTERMEDIATE_GOODS,WPSID62,6,6,725,0.9972489683631361,0.04035421048249224,,False,
2019-09,2019-09.csv,PPI_UNPROCESSED_INTERMEDIATE_GOODS,WPSID62,6,6,726,0.9972527472527473,0.040257213394794884,,False,
2019-10,2019-10.csv,PPI_UNPROCESSED_INTERMEDIATE_GOODS,WPSID62,6,6,727,0.9972565157750343,0.040231448821149034,,False,
2019-11,2019-11.csv,PPI_UNPROCESSED_INTERMEDIATE_GOODS,WPSID62,6,6,728,0.9972602739726028,0.04016750573719231,,False,
2019-12,2019-12.csv,PPI_UNPROCESSED_INTERMEDIATE_GOODS,WPSID62,6,6,729,0.9972640218878249,0.04017577425522439,,False,
2020-01,2020-01.csv,PPI_UNPROCESSED_INTERMEDIATE_GOODS,WPSID62,6,6,730,0.9972677595628415,0.04015526908756613,,False,
2020-02,2020-02.csv,PPI_UNPROCESSED_INTERMEDIATE_GOODS,WPSID62,6,6,731,0.9972714870395635,0.04010970237507386,,False,
2020-03,2020-03.csv,PPI_UNPROCESSED_INTERMEDIATE_GOODS,WPSID62,6,6,732,0.997275204359673,0.04013907034425434,,False,
2020-04,2020-04.csv,PPI_UNPROCESSED_INTERMEDIATE_GOODS,WPSID62,6,6,733,0.9972789115646259,0.04011559049868533,,False,
2020-05,2020-05.csv,PPI_UNPROCESSED_INTERMEDIATE_GOODS,WPSID62,6,6,734,0.9972826086956522,0.040159812567965865,,False,
2020-06,2020-06.csv,PPI_UNPROCESSED_INTERMEDIATE_GOODS,WPSID62,6,6,735,0.9972862957937585,0.0410227608636456,,False,
2020-07,2020-07.csv,PPI_UNPROCESSED_INTERMEDIATE_GOODS,WPSID62,6,6,736,0.997289972899729,0.041030846588598825,,False,
2020-08,2020-08.csv,PPI_UNPROCESSED_INTERMEDIATE_GOODS,WPSID62,6,6,737,0.9972936400541272,0.04100556376897597,,False,
2020-09,2020-09.csv,PPI_UNPROCESSED_INTERMEDIATE_GOODS,WPSID62,6,6,738,0.9972972972972973,0.041182684911511266,,False,
2020-10,2020-10.csv,PPI_UNPROCESSED_INTERMEDIATE_GOODS,WPSID62,6,6,739,0.9973009446693657,0.041082510201804805,,False,
2020-11,2020-11.csv,PPI_UNPROCESSED_INTERMEDIATE_GOODS,WPSID62,6,6,740,0.9973045822102425,0.04111336785876329,,False,
2020-12,2020-12.csv,PPI_UNPROCESSED_INTERMEDIATE_GOODS,WPSID62,6,6,741,0.9973082099596231,0.04094805139832627,,False,
2021-01,2021-01.csv,PPI_UNPROCESSED_INTERMEDIATE_GOODS,WPSID62,6,6,742,0.9973118279569892,0.040958833879911845,,False,
2021-02,2021-02.csv,PPI_UNPROCESSED_INTERMEDIATE_GOODS,WPSID62,6,6,743,0.9973154362416108,0.0409459184009322,,False,
2021-03,2021-03.csv,PPI_UNPROCESSED_INTERMEDIATE_GOODS,WPSID62,6,6,744,0.9973190348525469,0.040857676139628346,,False,
2021-04,2021-04.csv,PPI_UNPROCESSED_INTERMEDIATE_GOODS,WPSID62,6,6,745,0.9973226238286479,0.04086354379852619,,False,
2021-05,2021-05.csv,PPI_UNPROCESSED_INTERMEDIATE_GOODS,WPSID62,6,6,746,0.9973262032085561,0.041111178987991465,,False,
2021-06,2021-06.csv,PPI_UNPROCESSED_INTERMEDIATE_GOODS,WPSID62,6,6,747,0.9973297730307076,0.0413552636284833,,False,
2021-07,2021-07.csv,PPI_UNPROCESSED_INTERMEDIATE_GOODS,WPSID62,6,6,748,0.9973333333333333,0.041320237029374894,,False,
2021-08,2021-08.csv,PPI_UNPROCESSED_INTERMEDIATE_GOODS,WPSID62,6,6,749,0.9973368841544608,0.041363143254040266,,False,
2021-09,2021-09.csv,PPI_UNPROCESSED_INTERMEDIATE_GOODS,WPSID62,6,6,750,0.9973404255319149,0.04129927481535005,,False,
2021-10,2021-10.csv,PPI_UNPROCESSED_INTERMEDIATE_GOODS,WPSID62,6,6,751,0.99734395750332,0.04127140060278121,,False,
2021-11,2021-11.csv,PPI_UNPROCESSED_INTERMEDIATE_GOODS,WPSID62,6,6,752,0.9973474801061007,0.04130792667642833,,False,
2021-12,2021-12.csv,PPI_UNPROCESSED_INTERMEDIATE_GOODS,WPSID62,6,6,753,0.9973509933774835,0.041240052582074825,,False,
2022-01,2022-01.csv,PPI_UNPROCESSED_INTERMEDIATE_GOODS,WPSID62,6,6,754,0.9973544973544973,0.04133491488387102,,False,
2022-02,2022-02.csv,PPI_UNPROCESSED_INTERMEDIATE_GOODS,WPSID62,6,6,755,0.9973579920739762,0.0413998865667131,,False,
2022-03,2022-03.csv,PPI_UNPROCESSED_INTERMEDIATE_GOODS,WPSID62,6,6,756,0.9973614775725593,0.04169438123689873,,False,
2022-04,2022-04.csv,PPI_UNPROCESSED_INTERMEDIATE_GOODS,WPSID62,6,6,757,0.997364953886693,0.04186863384520313,,False,
2022-05,2022-05.csv,PPI_UNPROCESSED_INTERMEDIATE_GOODS,WPSID62,6,6,758,0.9973684210526316,0.041582712387879556,,False,
2022-06,2022-06.csv,PPI_UNPROCESSED_INTERMEDIATE_GOODS,WPSID62,6,6,759,0.9973718791064389,0.04153964801820205,,False,
2022-07,2022-07.csv,PPI_UNPROCESSED_INTERMEDIATE_GOODS,WPSID62,6,6,760,0.9973753280839895,0.04151502275569167,,False,
2022-08,2022-08.csv,PPI_UNPROCESSED_INTERMEDIATE_GOODS,WPSID62,6,6,761,0.9973787680209698,0.04195349066212288,,False,
2022-09,2022-09.csv,PPI_UNPROCESSED_INTERMEDIATE_GOODS,WPSID62,6,6,762,0.9973821989528796,0.04228080072555632,,False,
2022-10,2022-10.csv,PPI_UNPROCESSED_INTERMEDIATE_GOODS,WPSID62,6,6,763,0.9973856209150327,0.04213597668214839,,False,
2022-11,2022-11.csv,PPI_UNPROCESSED_INTERMEDIATE_GOODS,WPSID62,6,6,764,0.9973890339425587,0.04227350921093937,,False,
2022-12,2022-12.csv,PPI_UNPROCESSED_INTERMEDIATE_GOODS,WPSID62,6,6,765,0.9973924380704041,0.0422876602203734,,False,
2023-01,2023-01.csv,PPI_UNPROCESSED_INTERMEDIATE_GOODS,WPSID62,6,6,766,0.9973958333333334,0.04230895905406873,,False,
2023-02,2023-02.csv,PPI_UNPROCESSED_INTERMEDIATE_GOODS,WPSID62,6,6,767,0.9973992197659298,0.042297003947249626,,False,
2023-03,2023-03.csv,PPI_UNPROCESSED_INTERMEDIATE_GOODS,WPSID62,6,6,768,0.9974025974025974,0.04231106077648535,,False,
2023-04,2023-04.csv,PPI_UNPROCESSED_INTERMEDIATE_GOODS,WPSID62,6,6,769,0.9974059662775616,0.042233387046230225,,False,
2023-05,2023-05.csv,PPI_UNPROCESSED_INTERMEDIATE_GOODS,WPSID62,6,6,770,0.9974093264248705,0.04225932368238818,,False,
2023-06,2023-06.csv,PPI_UNPROCESSED_INTERMEDIATE_GOODS,WPSID62,6,6,771,0.9974126778783958,0.04230753455540766,,False,
2023-07,2023-07.csv,PPI_UNPROCESSED_INTERMEDIATE_GOODS,WPSID62,6,6,772,0.9974160206718347,0.04230726536546658,,False,
2023-08,2023-08.csv,PPI_UNPROCESSED_INTERMEDIATE_GOODS,WPSID62,6,6,773,0.9974193548387097,0.04228429676477342,,False,
2023-09,2023-09.csv,PPI_UNPROCESSED_INTERMEDIATE_GOODS,WPSID62,6,6,774,0.9974226804123711,0.04226513600577688,,False,
2023-10,2023-10.csv,PPI_UNPROCESSED_INTERMEDIATE_GOODS,WPSID62,6,6,775,0.9974259974259975,0.04223963249200168,,False,
2023-11,2023-11.csv,PPI_UNPROCESSED_INTERMEDIATE_GOODS,WPSID62,6,6,776,0.9974293059125964,0.04224759110355146,,False,
2023-12,2023-12.csv,PPI_UNPROCESSED_INTERMEDIATE_GOODS,WPSID62,6,6,777,0.9974326059050064,0.04222025402369032,,False,
2024-01,2024-01.csv,PPI_UNPROCESSED_INTERMEDIATE_GOODS,WPSID62,6,6,778,0.9974358974358974,0.042202448760246467,,False,
2024-02,2024-02.csv,PPI_UNPROCESSED_INTERMEDIATE_GOODS,WPSID62,6,6,779,0.9974391805377721,0.04215830212448426,,False,
2024-03,FRED-MD_2024m03.csv,PPI_UNPROCESSED_INTERMEDIATE_GOODS,WPSID62,6,6,780,0.9974424552429667,0.04214562492736513,,False,
2024-04,FRED-MD_2024m04.csv,PPI_UNPROCESSED_INTERMEDIATE_GOODS,WPSID62,6,6,781,0.9974457215836526,0.04212827711800112,,False,
2024-05,FRED-MD_2024m05.csv,PPI_UNPROCESSED_INTERMEDIATE_GOODS,WPSID62,6,6,782,0.9974489795918368,0.04213940271067003,,False,
2024-06,FRED-MD_2024m06.csv,PPI_UNPROCESSED_INTERMEDIATE_GOODS,WPSID62,6,6,783,0.9974522292993631,0.042123606092913546,,False,
2024-07,FRED-MD_2024m07.csv,PPI_UNPROCESSED_INTERMEDIATE_GOODS,WPSID62,6,6,784,0.9974554707379135,0.0420714090461411,,False,
2024-08,FRED-MD_2024m08.csv,PPI_UNPROCESSED_INTERMEDIATE_GOODS,WPSID62,6,6,785,0.9974587039390089,0.04205588667653636,,False,
2024-09,FRED-MD_2024m09.csv,PPI_UNPROCESSED_INTERMEDIATE_GOODS,WPSID62,6,6,786,0.9974619289340102,0.0420730562193791,,False,
2024-10,FRED-MD_2024m10.csv,PPI_UNPROCESSED_INTERMEDIATE_GOODS,WPSID62,6,6,787,0.9974651457541192,0.04203540575595438,,False,
2024-11,FRED-MD_2024m11.csv,PPI_UNPROCESSED_INTERMEDIATE_GOODS,WPSID62,6,6,788,0.9974683544303797,0.04206663459011505,,False,
2024-12,FRED-MD_2024m12.csv,PPI_UNPROCESSED_INTERMEDIATE_GOODS,WPSID62,6,6,789,0.9974715549936789,0.04201800283368717,,False,
2025-01,2025-01.csv,PPI_UNPROCESSED_INTERMEDIATE_GOODS,WPSID62,6,6,790,0.9974747474747475,0.04200748502950856,,False,
2025-02,2025-02.csv,PPI_UNPROCESSED_INTERMEDIATE_GOODS,WPSID62,6,6,791,0.9974779319041615,0.04198732789825657,,False,
2025-03,2025-03.csv,PPI_UNPROCESSED_INTERMEDIATE_GOODS,WPSID62,6,6,792,0.9974811083123426,0.04199040556183605,,False,
2025-04,2025-04-MD.csv,PPI_UNPROCESSED_INTERMEDIATE_GOODS,WPSID62,6,6,793,0.9974842767295597,0.04200780777846279,,False,
2025-05,2025-05-MD.csv,PPI_UNPROCESSED_INTERMEDIATE_GOODS,WPSID62,6,6,794,0.9974874371859297,0.04196938809592577,,False,
2025-06,2025-06-MD.csv,PPI_UNPROCESSED_INTERMEDIATE_GOODS,WPSID62,6,6,795,0.9974905897114178,0.041958554879274655,,False,
2025-07,2025-07-MD.csv,PPI_UNPROCESSED_INTERMEDIATE_GOODS,WPSID62,6,6,796,0.9974937343358395,0.04194267902802856,,False,
2025-08,2025-08-MD.csv,PPI_UNPROCESSED_INTERMEDIATE_GOODS,WPSID62,6,6,797,0.9974968710888611,0.04193569055249231,,False,
2025-09,2025-09-MD.csv,PPI_UNPROCESSED_INTERMEDIATE_GOODS,WPSID62,6,6,798,0.9975,0.04192072416523391,,False,
2025-10,2025-10-MD.csv,PPI_UNPROCESSED_INTERMEDIATE_GOODS,WPSID62,6,6,798,0.9962546816479401,0.04192072416523391,,False,
2025-11,2025-11-MD.csv,PPI_UNPROCESSED_INTERMEDIATE_GOODS,WPSID62,6,6,799,0.9962593516209476,0.04189953761349147,,False,
2025-12,2025-12-MD.csv,PPI_UNPROCESSED_INTERMEDIATE_GOODS,WPSID62,6,6,799,0.9950186799501868,0.04189953761349147,,False,
2026-01,2026-01-MD.csv,PPI_UNPROCESSED_INTERMEDIATE_GOODS,WPSID62,6,6,802,0.9975124378109452,0.041831140536447216,,False,
2026-02,2026-02-MD.csv,PPI_UNPROCESSED_INTERMEDIATE_GOODS,WPSID62,6,6,803,0.9975155279503105,0.041796002178424094,,False,
2026-03,2026-03-MD.csv,PPI_UNPROCESSED_INTERMEDIATE_GOODS,WPSID62,6,6,804,0.9975186104218362,0.04177194220346667,,False,
2026-04,2026-04-MD.csv,PPI_UNPROCESSED_INTERMEDIATE_GOODS,WPSID62,6,6,805,0.9975216852540273,0.04182923998462497,,False,
2026-05,2026-05-MD.csv,PPI_UNPROCESSED_INTERMEDIATE_GOODS,WPSID62,6,6,806,0.9975247524752475,0.041786293094000754,,False,
2026-06,2026-06-MD.csv,PPI_UNPROCESSED_INTERMEDIATE_GOODS,WPSID62,6,6,807,0.9975278121137207,0.04178083528937374,,False,
2010-01,2010-01.csv,TRADE_WEIGHTED_USD_ADVANCED_ECONOMIES,TWEXMMTH,5,5,443,0.7238562091503268,0.017300661757645486,,False,
2010-02,2010-02.csv,TRADE_WEIGHTED_USD_ADVANCED_ECONOMIES,TWEXMMTH,5,5,444,0.7243066884176182,0.017285465815847906,,False,
2010-03,2010-03.csv,TRADE_WEIGHTED_USD_ADVANCED_ECONOMIES,TWEXMMTH,5,5,445,0.7247557003257329,0.017299963351448386,,False,
2010-04,2010-04.csv,TRADE_WEIGHTED_USD_ADVANCED_ECONOMIES,TWEXMMTH,5,5,446,0.7252032520325203,0.017281315477698008,,False,
2010-05,2010-05.csv,TRADE_WEIGHTED_USD_ADVANCED_ECONOMIES,TWEXMMTH,5,5,447,0.7256493506493507,0.017262569636286758,,False,
2010-06,2010-06.csv,TRADE_WEIGHTED_USD_ADVANCED_ECONOMIES,TWEXMMTH,5,5,448,0.7260940032414911,0.01740081381071314,,False,
2010-07,2010-07.csv,TRADE_WEIGHTED_USD_ADVANCED_ECONOMIES,TWEXMMTH,5,5,449,0.7265372168284789,0.017385346043016045,,False,
2010-08,2010-08.csv,TRADE_WEIGHTED_USD_ADVANCED_ECONOMIES,TWEXMMTH,5,5,450,0.7269789983844911,0.01741715994439526,,False,
2010-09,2010-09.csv,TRADE_WEIGHTED_USD_ADVANCED_ECONOMIES,TWEXMMTH,5,5,451,0.7274193548387097,0.017404004980182134,,False,
2010-10,2010-10.csv,TRADE_WEIGHTED_USD_ADVANCED_ECONOMIES,TWEXMMTH,5,5,452,0.7278582930756844,0.01739338946893052,,False,
2010-11,2010-11.csv,TRADE_WEIGHTED_USD_ADVANCED_ECONOMIES,TWEXMMTH,5,5,453,0.7282958199356914,0.017450503340339513,,False,
2010-12,2010-12.csv,TRADE_WEIGHTED_USD_ADVANCED_ECONOMIES,TWEXMMTH,5,5,454,0.7287319422150883,0.017437664196076126,,False,
2011-01,2011-01.csv,TRADE_WEIGHTED_USD_ADVANCED_ECONOMIES,TWEXMMTH,5,5,455,0.7291666666666666,0.017431757077268732,,False,
2011-02,2011-02.csv,TRADE_WEIGHTED_USD_ADVANCED_ECONOMIES,TWEXMMTH,5,5,456,0.7296,0.017420068385072984,,False,
2011-03,2011-03.csv,TRADE_WEIGHTED_USD_ADVANCED_ECONOMIES,TWEXMMTH,5,5,457,0.7300319488817891,0.017410189362273426,,False,
2011-04,2011-04.csv,TRADE_WEIGHTED_USD_ADVANCED_ECONOMIES,TWEXMMTH,5,5,458,0.7304625199362041,0.017426192023078393,,False,
2011-05,2011-05.csv,TRADE_WEIGHTED_USD_ADVANCED_ECONOMIES,TWEXMMTH,5,5,459,0.7308917197452229,0.01742550165848615,,False,
2011-06,2011-06.csv,TRADE_WEIGHTED_USD_ADVANCED_ECONOMIES,TWEXMMTH,5,5,460,0.7313195548489666,0.017406906216359787,,False,
2011-07,2011-07.csv,TRADE_WEIGHTED_USD_ADVANCED_ECONOMIES,TWEXMMTH,5,5,461,0.7317460317460317,0.017388023575385467,,False,
2011-08,2011-08.csv,TRADE_WEIGHTED_USD_ADVANCED_ECONOMIES,TWEXMMTH,5,5,462,0.7321711568938193,0.017354505132720972,,False,
2011-09,2011-09.csv,TRADE_WEIGHTED_USD_ADVANCED_ECONOMIES,TWEXMMTH,5,5,463,0.7325949367088608,0.017335757402325246,,False,
2011-10,2011-10.csv,TRADE_WEIGHTED_USD_ADVANCED_ECONOMIES,TWEXMMTH,5,5,464,0.7330173775671406,0.01737632928946574,,False,
2011-11,2011-11.csv,TRADE_WEIGHTED_USD_ADVANCED_ECONOMIES,TWEXMMTH,5,5,465,0.7334384858044164,0.01736072101397593,,False,
2011-12,2011-12.csv,TRADE_WEIGHTED_USD_ADVANCED_ECONOMIES,TWEXMMTH,5,5,466,0.7338582677165354,0.017347827796298617,,False,
2012-01,2012-01.csv,TRADE_WEIGHTED_USD_ADVANCED_ECONOMIES,TWEXMMTH,5,5,467,0.7342767295597484,0.017342162212150042,,False,
2012-02,2012-02.csv,TRADE_WEIGHTED_USD_ADVANCED_ECONOMIES,TWEXMMTH,5,5,468,0.7346938775510204,0.017324000727344416,,False,
2012-03,2012-03.csv,TRADE_WEIGHTED_USD_ADVANCED_ECONOMIES,TWEXMMTH,5,5,469,0.7351097178683386,0.01731710007826259,,False,
2012-04,2012-04.csv,TRADE_WEIGHTED_USD_ADVANCED_ECONOMIES,TWEXMMTH,5,5,470,0.7355242566510172,0.01730507919636898,,False,
2012-05,2012-05.csv,TRADE_WEIGHTED_USD_ADVANCED_ECONOMIES,TWEXMMTH,5,5,471,0.7359375,0.01728677066759454,,False,
2012-06,2012-06.csv,TRADE_WEIGHTED_USD_ADVANCED_ECONOMIES,TWEXMMTH,5,5,472,0.7363494539781591,0.017283783475655064,,False,
2012-07,2012-07.csv,TRADE_WEIGHTED_USD_ADVANCED_ECONOMIES,TWEXMMTH,5,5,473,0.7367601246105919,0.01728031969412412,,False,
2012-08,2012-08.csv,TRADE_WEIGHTED_USD_ADVANCED_ECONOMIES,TWEXMMTH,5,5,474,0.7371695178849145,0.017262644302508123,,False,
2012-09,2012-09.csv,TRADE_WEIGHTED_USD_ADVANCED_ECONOMIES,TWEXMMTH,5,5,475,0.7375776397515528,0.01725375195181261,,False,
2012-10,2012-10.csv,TRADE_WEIGHTED_USD_ADVANCED_ECONOMIES,TWEXMMTH,5,5,476,0.737984496124031,0.017269736457941536,,False,
2012-11,2012-11.csv,TRADE_WEIGHTED_USD_ADVANCED_ECONOMIES,TWEXMMTH,5,5,477,0.7383900928792569,0.017252185104744546,,False,
2012-12,2012-12.csv,TRADE_WEIGHTED_USD_ADVANCED_ECONOMIES,TWEXMMTH,5,5,478,0.7387944358578052,0.017243720983762322,,False,
2013-01,2013-01.csv,TRADE_WEIGHTED_USD_ADVANCED_ECONOMIES,TWEXMMTH,5,5,479,0.7391975308641975,0.0172278964792541,,False,
2013-02,2013-02.csv,TRADE_WEIGHTED_USD_ADVANCED_ECONOMIES,TWEXMMTH,5,5,480,0.7395993836671803,0.017212750236823244,,False,
2013-03,2013-03.csv,TRADE_WEIGHTED_USD_ADVANCED_ECONOMIES,TWEXMMTH,5,5,481,0.74,0.01720790293056167,,False,
2013-04,2013-04.csv,TRADE_WEIGHTED_USD_ADVANCED_ECONOMIES,TWEXMMTH,5,5,482,0.7403993855606759,0.017220224452849653,,False,
2013-05,2013-05.csv,TRADE_WEIGHTED_USD_ADVANCED_ECONOMIES,TWEXMMTH,5,5,483,0.74079754601227,0.017202401867173988,,False,
2013-06,2013-06.csv,TRADE_WEIGHTED_USD_ADVANCED_ECONOMIES,TWEXMMTH,5,5,484,0.7411944869831547,0.01719078046989549,,False,
2013-07,2013-07.csv,TRADE_WEIGHTED_USD_ADVANCED_ECONOMIES,TWEXMMTH,5,5,485,0.7415902140672783,0.017177314866989403,,False,
2013-08,2013-08.csv,TRADE_WEIGHTED_USD_ADVANCED_ECONOMIES,TWEXMMTH,5,5,486,0.7419847328244275,0.01717074731724555,,False,
2013-09,2013-09.csv,TRADE_WEIGHTED_USD_ADVANCED_ECONOMIES,TWEXMMTH,5,5,487,0.7423780487804879,0.01716037906112666,,False,
2013-10,2013-10.csv,TRADE_WEIGHTED_USD_ADVANCED_ECONOMIES,TWEXMMTH,5,5,488,0.7427701674277016,0.017142962902349367,,False,
2013-11,2013-11.csv,TRADE_WEIGHTED_USD_ADVANCED_ECONOMIES,TWEXMMTH,5,5,489,0.743161094224924,0.017133764062425134,,False,
2013-12,2013-12.csv,TRADE_WEIGHTED_USD_ADVANCED_ECONOMIES,TWEXMMTH,5,5,490,0.7435508345978755,0.017127845648677427,,False,
2014-01,2014-01.csv,TRADE_WEIGHTED_USD_ADVANCED_ECONOMIES,TWEXMMTH,5,5,491,0.7439393939393939,0.017111220338320656,,False,
2014-02,2014-02.csv,TRADE_WEIGHTED_USD_ADVANCED_ECONOMIES,TWEXMMTH,5,5,492,0.7443267776096822,0.017102396283628946,,False,
2014-03,2014-03.csv,TRADE_WEIGHTED_USD_ADVANCED_ECONOMIES,TWEXMMTH,5,5,493,0.7447129909365559,0.01708517881028805,,False,
2014-04,2014-04.csv,TRADE_WEIGHTED_USD_ADVANCED_ECONOMIES,TWEXMMTH,5,5,494,0.7450980392156863,0.0170686446189154,,False,
2014-05,2014-05.csv,TRADE_WEIGHTED_USD_ADVANCED_ECONOMIES,TWEXMMTH,5,5,495,0.7454819277108434,0.017051745635574583,,False,
2014-06,2014-06.csv,TRADE_WEIGHTED_USD_ADVANCED_ECONOMIES,TWEXMMTH,5,5,496,0.7458646616541353,0.017034641846803235,,False,
2014-07,2014-07.csv,TRADE_WEIGHTED_USD_ADVANCED_ECONOMIES,TWEXMMTH,5,5,497,0.7462462462462462,0.01701819572329612,,False,
2014-08,2014-08.csv,TRADE_WEIGHTED_USD_ADVANCED_ECONOMIES,TWEXMMTH,5,5,498,0.7466266866566716,0.017001160002601504,,False,
2014-09,2014-09.csv,TRADE_WEIGHTED_USD_ADVANCED_ECONOMIES,TWEXMMTH,5,5,499,0.7470059880239521,0.017000168489142115,,False,
2014-10,2014-10.csv,TRADE_WEIGHTED_USD_ADVANCED_ECONOMIES,TWEXMMTH,5,5,500,0.7473841554559043,0.017023105755402078,,False,
2014-11,2014-11.csv,TRADE_WEIGHTED_USD_ADVANCED_ECONOMIES,TWEXMMTH,5,5,501,0.7477611940298508,0.017020997408765264,,False,
2014-12,2014-12.csv,TRADE_WEIGHTED_USD_ADVANCED_ECONOMIES,TWEXMMTH,5,5,502,0.7481371087928465,0.01703886171929844,,False,
2015-01,2015-01.csv,TRADE_WEIGHTED_USD_ADVANCED_ECONOMIES,TWEXMMTH,5,5,503,0.7485119047619048,0.017037887612913635,,False,
2015-02,2015-02.csv,TRADE_WEIGHTED_USD_ADVANCED_ECONOMIES,TWEXMMTH,5,5,504,0.7488855869242199,0.017102218732318493,,False,
2015-03,2015-03.csv,TRADE_WEIGHTED_USD_ADVANCED_ECONOMIES,TWEXMMTH,5,5,505,0.7492581602373887,0.017109340855191158,,False,
2015-04,2015-04.csv,TRADE_WEIGHTED_USD_ADVANCED_ECONOMIES,TWEXMMTH,5,5,506,0.7496296296296296,0.01713863557581515,,False,
2015-05,2015-05.csv,TRADE_WEIGHTED_USD_ADVANCED_ECONOMIES,TWEXMMTH,5,5,507,0.75,0.017125820809408866,,False,
2015-06,2015-06.csv,TRADE_WEIGHTED_USD_ADVANCED_ECONOMIES,TWEXMMTH,5,5,508,0.7503692762186115,0.017127853113598067,,False,
2015-07,2015-07.csv,TRADE_WEIGHTED_USD_ADVANCED_ECONOMIES,TWEXMMTH,5,5,509,0.7507374631268436,0.01711325316959432,,False,
2015-08,2015-08.csv,TRADE_WEIGHTED_USD_ADVANCED_ECONOMIES,TWEXMMTH,5,5,510,0.7511045655375552,0.017122911662234556,,False,
2015-09,2015-09.csv,TRADE_WEIGHTED_USD_ADVANCED_ECONOMIES,TWEXMMTH,5,5,511,0.7514705882352941,0.017106706131015732,,False,
2015-10,2015-10.csv,TRADE_WEIGHTED_USD_ADVANCED_ECONOMIES,TWEXMMTH,5,5,512,0.7518355359765051,0.017090180441749814,,False,
2015-11,2015-11.csv,TRADE_WEIGHTED_USD_ADVANCED_ECONOMIES,TWEXMMTH,5,5,513,0.7521994134897361,0.017078514564361203,,False,
2015-12,2015-12.csv,TRADE_WEIGHTED_USD_ADVANCED_ECONOMIES,TWEXMMTH,5,5,514,0.7525622254758418,0.0171153154620036,,False,
2016-01,2016-01.csv,TRADE_WEIGHTED_USD_ADVANCED_ECONOMIES,TWEXMMTH,5,5,515,0.7529239766081871,0.017099017398319417,,False,
2016-02,2016-02.csv,TRADE_WEIGHTED_USD_ADVANCED_ECONOMIES,TWEXMMTH,5,5,516,0.7532846715328467,0.017091148258800235,,False,
2016-03,2016-03.csv,TRADE_WEIGHTED_USD_ADVANCED_ECONOMIES,TWEXMMTH,5,5,517,0.7536443148688047,0.017102647377136414,,False,
2016-04,2016-04.csv,TRADE_WEIGHTED_USD_ADVANCED_ECONOMIES,TWEXMMTH,5,5,518,0.7540029112081513,0.0171039632659353,,False,
2016-05,2016-05.csv,TRADE_WEIGHTED_USD_ADVANCED_ECONOMIES,TWEXMMTH,5,5,519,0.7543604651162791,0.017117623628242262,,False,
2016-06,2016-06.csv,TRADE_WEIGHTED_USD_ADVANCED_ECONOMIES,TWEXMMTH,5,5,520,0.7547169811320755,0.01710233052700805,,False,
2016-07,2016-07.csv,TRADE_WEIGHTED_USD_ADVANCED_ECONOMIES,TWEXMMTH,5,5,521,0.755072463768116,0.017086074594196338,,False,
2016-08,2016-08.csv,TRADE_WEIGHTED_USD_ADVANCED_ECONOMIES,TWEXMMTH,5,5,522,0.7554269175108539,0.01708235039575406,,False,
2016-09,2016-09.csv,TRADE_WEIGHTED_USD_ADVANCED_ECONOMIES,TWEXMMTH,5,5,523,0.7557803468208093,0.017073281373501014,,False,
2016-10,2016-10.csv,TRADE_WEIGHTED_USD_ADVANCED_ECONOMIES,TWEXMMTH,5,5,524,0.7561327561327561,0.017058863315730356,,False,
2016-11,2016-11.csv,TRADE_WEIGHTED_USD_ADVANCED_ECONOMIES,TWEXMMTH,5,5,525,0.7564841498559077,0.017065699043137723,,False,
2016-12,2016-12.csv,TRADE_WEIGHTED_USD_ADVANCED_ECONOMIES,TWEXMMTH,5,5,526,0.7568345323741007,0.017069799785635588,,False,
2017-01,2017-01.csv,TRADE_WEIGHTED_USD_ADVANCED_ECONOMIES,TWEXMMTH,5,5,527,0.757183908045977,0.017073428672998995,,False,
2017-02,2017-02.csv,TRADE_WEIGHTED_USD_ADVANCED_ECONOMIES,TWEXMMTH,5,5,528,0.757532281205165,0.017060591350333863,,False,
2017-03,2017-03.csv,TRADE_WEIGHTED_USD_ADVANCED_ECONOMIES,TWEXMMTH,5,5,529,0.7578796561604585,0.01704724236277868,,False,
2017-04,2017-04.csv,TRADE_WEIGHTED_USD_ADVANCED_ECONOMIES,TWEXMMTH,5,5,530,0.7582260371959942,0.017032985478291907,,False,
2017-05,2017-05.csv,TRADE_WEIGHTED_USD_ADVANCED_ECONOMIES,TWEXMMTH,5,5,531,0.7585714285714286,0.017018281611816326,,False,
2017-06,2017-06.csv,TRADE_WEIGHTED_USD_ADVANCED_ECONOMIES,TWEXMMTH,5,5,532,0.7589158345221113,0.01700637784898898,,False,
2017-07,2017-07.csv,TRADE_WEIGHTED_USD_ADVANCED_ECONOMIES,TWEXMMTH,5,5,533,0.7592592592592593,0.017002634305178697,,False,
2017-08,2017-08.csv,TRADE_WEIGHTED_USD_ADVANCED_ECONOMIES,TWEXMMTH,5,5,534,0.7596017069701281,0.01701709032751995,,False,
2017-09,2017-09.csv,TRADE_WEIGHTED_USD_ADVANCED_ECONOMIES,TWEXMMTH,5,5,535,0.7599431818181818,0.017014496633640804,,False,
2017-10,2017-10.csv,TRADE_WEIGHTED_USD_ADVANCED_ECONOMIES,TWEXMMTH,5,5,536,0.7602836879432624,0.017010765063089402,,False,
2017-11,2017-11.csv,TRADE_WEIGHTED_USD_ADVANCED_ECONOMIES,TWEXMMTH,5,5,537,0.7606232294617564,0.01701245776469462,,False,
2017-12,2017-12.csv,TRADE_WEIGHTED_USD_ADVANCED_ECONOMIES,TWEXMMTH,5,5,538,0.7609618104667609,0.016998388733487888,,False,
2018-01,2018-01.csv,TRADE_WEIGHTED_USD_ADVANCED_ECONOMIES,TWEXMMTH,5,5,539,0.7612994350282486,0.01698358870037749,,False,
2018-02,2018-02.csv,TRADE_WEIGHTED_USD_ADVANCED_ECONOMIES,TWEXMMTH,5,5,540,0.7616361071932299,0.017008526060920626,,False,
2018-03,2018-03.csv,TRADE_WEIGHTED_USD_ADVANCED_ECONOMIES,TWEXMMTH,5,5,541,0.7619718309859155,0.016995209198866223,,False,
2018-04,2018-04.csv,TRADE_WEIGHTED_USD_ADVANCED_ECONOMIES,TWEXMMTH,5,5,542,0.7623066104078763,0.016981911162419854,,False,
2018-05,2018-05.csv,TRADE_WEIGHTED_USD_ADVANCED_ECONOMIES,TWEXMMTH,5,5,543,0.7626404494382022,0.016966412654953834,,False,
2018-06,2018-06.csv,TRADE_WEIGHTED_USD_ADVANCED_ECONOMIES,TWEXMMTH,5,5,544,0.7629733520336606,0.01699060424702943,,False,
2018-07,2018-07.csv,TRADE_WEIGHTED_USD_ADVANCED_ECONOMIES,TWEXMMTH,5,5,545,0.7633053221288515,0.01698292190673534,,False,
2018-08,2018-08.csv,TRADE_WEIGHTED_USD_ADVANCED_ECONOMIES,TWEXMMTH,5,5,546,0.7636363636363637,0.016968125796626453,,False,
2018-09,2018-09.csv,TRADE_WEIGHTED_USD_ADVANCED_ECONOMIES,TWEXMMTH,5,5,547,0.7639664804469274,0.01695377507562108,,False,
2018-10,2018-10.csv,TRADE_WEIGHTED_USD_ADVANCED_ECONOMIES,TWEXMMTH,5,5,548,0.7642956764295676,0.016939407213845993,,False,
2018-11,2018-11.csv,TRADE_WEIGHTED_USD_ADVANCED_ECONOMIES,TWEXMMTH,5,5,549,0.7646239554317549,0.016928249593284556,,False,
2018-12,2018-12.csv,TRADE_WEIGHTED_USD_ADVANCED_ECONOMIES,TWEXMMTH,5,5,550,0.7649513212795549,0.016918526527320347,,False,
2019-01,2019-01.csv,TRADE_WEIGHTED_USD_ADVANCED_ECONOMIES,TWEXMMTH,5,5,551,0.7652777777777777,0.016904149917594747,,False,
2019-02,2019-02.csv,TRADE_WEIGHTED_USD_ADVANCED_ECONOMIES,TWEXMMTH,5,5,552,0.7656033287101248,0.016889210233958948,,False,
2019-03,2019-03.csv,TRADE_WEIGHTED_USD_ADVANCED_ECONOMIES,TWEXMMTH,5,5,553,0.7659279778393352,0.0168827178686276,,False,
2019-04,2019-04.csv,TRADE_WEIGHTED_USD_ADVANCED_ECONOMIES,TWEXMMTH,5,5,554,0.7662517289073306,0.016869244518792365,,False,
2019-05,2019-05.csv,TRADE_WEIGHTED_USD_ADVANCED_ECONOMIES,TWEXMMTH,5,5,555,0.7665745856353591,0.01685514067058206,,False,
2019-06,2019-06.csv,TRADE_WEIGHTED_USD_ADVANCED_ECONOMIES,TWEXMMTH,5,5,556,0.766896551724138,0.016840691382225523,,False,
2019-07,2019-07.csv,TRADE_WEIGHTED_USD_ADVANCED_ECONOMIES,TWEXMMTH,5,5,557,0.7672176308539945,0.016830885367406397,,False,
2019-08,2019-08.csv,TRADE_WEIGHTED_USD_ADVANCED_ECONOMIES,TWEXMMTH,5,5,558,0.7675378266850069,0.01681585676212624,,False,
2019-09,2019-09.csv,TRADE_WEIGHTED_USD_ADVANCED_ECONOMIES,TWEXMMTH,5,5,559,0.7678571428571429,0.01680305586385273,,False,
2019-10,2019-10.csv,TRADE_WEIGHTED_USD_ADVANCED_ECONOMIES,TWEXMMTH,5,5,560,0.7681755829903978,0.016789307807854946,,False,
2019-11,2019-11.csv,TRADE_WEIGHTED_USD_ADVANCED_ECONOMIES,TWEXMMTH,5,5,561,0.7684931506849315,0.016774897329461576,,False,
2019-12,2019-12.csv,TRADE_WEIGHTED_USD_ADVANCED_ECONOMIES,TWEXMMTH,5,5,562,0.7688098495212038,0.01675999216575974,,False,
2020-01,2020-01.csv,TRADE_WEIGHTED_USD_ADVANCED_ECONOMIES,TWEXMMTH,5,5,563,0.7691256830601093,0.016746756504845414,,False,
2020-02,2020-02.csv,TRADE_WEIGHTED_USD_ADVANCED_ECONOMIES,TWEXMMTH,5,5,563,0.7680763983628922,0.016746756504845414,,False,
2020-03,2020-03.csv,TRADE_WEIGHTED_USD_ADVANCED_ECONOMIES,TWEXMMTH,5,5,563,0.7670299727520435,0.016746756504845414,,False,
2020-04,2020-04.csv,TRADE_WEIGHTED_USD_ADVANCED_ECONOMIES,TWEXAFEGSMTHx,5,5,566,0.7700680272108843,0.01674773542893882,,False,
2020-05,2020-05.csv,TRADE_WEIGHTED_USD_ADVANCED_ECONOMIES,TWEXAFEGSMTHx,5,5,567,0.7703804347826086,0.016736231642517918,,False,
2020-06,2020-06.csv,TRADE_WEIGHTED_USD_ADVANCED_ECONOMIES,TWEXAFEGSMTHx,5,5,568,0.7706919945725916,0.01672212709563934,,False,
2020-07,2020-07.csv,TRADE_WEIGHTED_USD_ADVANCED_ECONOMIES,TWEXAFEGSMTHx,5,5,569,0.7710027100271003,0.016740904944075832,,False,
2020-08,2020-08.csv,TRADE_WEIGHTED_USD_ADVANCED_ECONOMIES,TWEXAFEGSMTHx,5,5,570,0.7713125845737483,0.016735480906684193,,False,
2020-09,2020-09.csv,TRADE_WEIGHTED_USD_ADVANCED_ECONOMIES,TWEXAFEGSMTHx,5,5,571,0.7716216216216216,0.01675035455893901,,False,
2020-10,2020-10.csv,TRADE_WEIGHTED_USD_ADVANCED_ECONOMIES,TWEXAFEGSMTHx,5,5,572,0.7719298245614035,0.01673631089468768,,False,
2020-11,2020-11.csv,TRADE_WEIGHTED_USD_ADVANCED_ECONOMIES,TWEXAFEGSMTHx,5,5,573,0.7722371967654986,0.016721701098431914,,False,
2020-12,2020-12.csv,TRADE_WEIGHTED_USD_ADVANCED_ECONOMIES,TWEXAFEGSMTHx,5,5,574,0.7725437415881561,0.01671078987181734,,False,
2021-01,2021-01.csv,TRADE_WEIGHTED_USD_ADVANCED_ECONOMIES,TWEXAFEGSMTHx,5,5,575,0.7728494623655914,0.01672111676734535,,False,
2021-02,2021-02.csv,TRADE_WEIGHTED_USD_ADVANCED_ECONOMIES,TWEXAFEGSMTHx,5,5,576,0.7731543624161074,0.01671096735034188,,False,
2021-03,2021-03.csv,TRADE_WEIGHTED_USD_ADVANCED_ECONOMIES,TWEXAFEGSMTHx,5,5,577,0.7734584450402144,0.016697091354214724,,False,
2021-04,2021-04.csv,TRADE_WEIGHTED_USD_ADVANCED_ECONOMIES,TWEXAFEGSMTHx,5,5,578,0.7737617135207496,0.016688360773186,,False,
2021-05,2021-05.csv,TRADE_WEIGHTED_USD_ADVANCED_ECONOMIES,TWEXAFEGSMTHx,5,5,579,0.7740641711229946,0.01667451823406518,,False,
2021-06,2021-06.csv,TRADE_WEIGHTED_USD_ADVANCED_ECONOMIES,TWEXAFEGSMTHx,5,5,580,0.774365821094793,0.016675174715413417,,False,
2021-07,2021-07.csv,TRADE_WEIGHTED_USD_ADVANCED_ECONOMIES,TWEXAFEGSMTHx,5,5,581,0.7746666666666666,0.016664289490682084,,False,
2021-08,2021-08.csv,TRADE_WEIGHTED_USD_ADVANCED_ECONOMIES,TWEXAFEGSMTHx,5,5,582,0.7749667110519307,0.016667002275116267,,False,
2021-09,2021-09.csv,TRADE_WEIGHTED_USD_ADVANCED_ECONOMIES,TWEXAFEGSMTHx,5,5,583,0.7752659574468085,0.016653387815495576,,False,
2021-10,2021-10.csv,TRADE_WEIGHTED_USD_ADVANCED_ECONOMIES,TWEXAFEGSMTHx,5,5,584,0.7755644090305445,0.016639663682284637,,False,
2021-11,2021-11.csv,TRADE_WEIGHTED_USD_ADVANCED_ECONOMIES,TWEXAFEGSMTHx,5,5,585,0.7758620689655172,0.016626340925067002,,False,
2021-12,2021-12.csv,TRADE_WEIGHTED_USD_ADVANCED_ECONOMIES,TWEXAFEGSMTHx,5,5,586,0.776158940397351,0.016620805637310557,,False,
2022-01,2022-01.csv,TRADE_WEIGHTED_USD_ADVANCED_ECONOMIES,TWEXAFEGSMTHx,5,5,587,0.7764550264550265,0.01661360332979192,,False,
2022-02,2022-02.csv,TRADE_WEIGHTED_USD_ADVANCED_ECONOMIES,TWEXAFEGSMTHx,5,5,588,0.7767503302509907,0.01660074560695909,,False,
2022-03,2022-03.csv,TRADE_WEIGHTED_USD_ADVANCED_ECONOMIES,TWEXAFEGSMTHx,5,5,589,0.7770448548812665,0.016586872165109286,,False,
2022-04,2022-04.csv,TRADE_WEIGHTED_USD_ADVANCED_ECONOMIES,TWEXAFEGSMTHx,5,5,590,0.7773386034255599,0.016588321055490653,,False,
2022-05,2022-05.csv,TRADE_WEIGHTED_USD_ADVANCED_ECONOMIES,TWEXAFEGSMTHx,5,5,591,0.7776315789473685,0.0165915678210996,,False,
2022-06,2022-06.csv,TRADE_WEIGHTED_USD_ADVANCED_ECONOMIES,TWEXAFEGSMTHx,5,5,592,0.7779237844940867,0.01660786742331565,,False,
2022-07,2022-07.csv,TRADE_WEIGHTED_USD_ADVANCED_ECONOMIES,TWEXAFEGSMTHx,5,5,593,0.7782152230971129,0.016594764755625227,,False,
2022-08,2022-08.csv,TRADE_WEIGHTED_USD_ADVANCED_ECONOMIES,TWEXAFEGSMTHx,5,5,594,0.7785058977719528,0.016611656854823423,,False,
2022-09,2022-09.csv,TRADE_WEIGHTED_USD_ADVANCED_ECONOMIES,TWEXAFEGSMTHx,5,5,595,0.7787958115183246,0.016597765334079608,,False,
2022-10,2022-10.csv,TRADE_WEIGHTED_USD_ADVANCED_ECONOMIES,TWEXAFEGSMTHx,5,5,596,0.7790849673202614,0.016640971965561767,,False,
2022-11,2022-11.csv,TRADE_WEIGHTED_USD_ADVANCED_ECONOMIES,TWEXAFEGSMTHx,5,5,597,0.779373368146214,0.01663804142074576,,False,
2022-12,2022-12.csv,TRADE_WEIGHTED_USD_ADVANCED_ECONOMIES,TWEXAFEGSMTHx,5,5,598,0.7796610169491526,0.016665503238849966,,False,
2023-01,2023-01.csv,TRADE_WEIGHTED_USD_ADVANCED_ECONOMIES,TWEXAFEGSMTHx,5,5,599,0.7799479166666666,0.01668790658980511,,False,
2023-02,2023-02.csv,TRADE_WEIGHTED_USD_ADVANCED_ECONOMIES,TWEXAFEGSMTHx,5,5,600,0.7802340702210663,0.01668306421314587,,False,
2023-03,2023-03.csv,TRADE_WEIGHTED_USD_ADVANCED_ECONOMIES,TWEXAFEGSMTHx,5,5,601,0.7805194805194805,0.01667205390695483,,False,
2023-04,2023-04.csv,TRADE_WEIGHTED_USD_ADVANCED_ECONOMIES,TWEXAFEGSMTHx,5,5,602,0.7808041504539559,0.016659655880415195,,False,
2023-05,2023-05.csv,TRADE_WEIGHTED_USD_ADVANCED_ECONOMIES,TWEXAFEGSMTHx,5,5,603,0.7810880829015544,0.016662059087110416,,False,
2023-06,2023-06.csv,TRADE_WEIGHTED_USD_ADVANCED_ECONOMIES,TWEXAFEGSMTHx,5,5,604,0.7813712807244502,0.016651023773461004,,False,
2023-07,2023-07.csv,TRADE_WEIGHTED_USD_ADVANCED_ECONOMIES,TWEXAFEGSMTHx,5,5,605,0.7816537467700259,0.016637293644883425,,False,
2023-08,2023-08.csv,TRADE_WEIGHTED_USD_ADVANCED_ECONOMIES,TWEXAFEGSMTHx,5,5,606,0.7819354838709678,0.01663418120297573,,False,
2023-09,2023-09.csv,TRADE_WEIGHTED_USD_ADVANCED_ECONOMIES,TWEXAFEGSMTHx,5,5,607,0.7822164948453608,0.01663630930651163,,False,
2023-10,2023-10.csv,TRADE_WEIGHTED_USD_ADVANCED_ECONOMIES,TWEXAFEGSMTHx,5,5,608,0.7824967824967825,0.016637375407977464,,False,
2023-11,2023-11.csv,TRADE_WEIGHTED_USD_ADVANCED_ECONOMIES,TWEXAFEGSMTHx,5,5,609,0.7827763496143959,0.016630174798290702,,False,
2023-12,2023-12.csv,TRADE_WEIGHTED_USD_ADVANCED_ECONOMIES,TWEXAFEGSMTHx,5,5,610,0.7830551989730423,0.016625763141661205,,False,
2024-01,2024-01.csv,TRADE_WEIGHTED_USD_ADVANCED_ECONOMIES,TWEXAFEGSMTHx,5,5,611,0.7833333333333333,0.01662851157070013,,False,
2024-02,2024-02.csv,TRADE_WEIGHTED_USD_ADVANCED_ECONOMIES,TWEXAFEGSMTHx,5,5,612,0.7836107554417413,0.01661512126555737,,False,
2024-03,FRED-MD_2024m03.csv,TRADE_WEIGHTED_USD_ADVANCED_ECONOMIES,TWEXAFEGSMTHx,5,5,613,0.7838874680306905,0.016607137118505727,,False,
2024-04,FRED-MD_2024m04.csv,TRADE_WEIGHTED_USD_ADVANCED_ECONOMIES,TWEXAFEGSMTHx,5,5,614,0.7841634738186463,0.016593791501275334,,False,
2024-05,FRED-MD_2024m05.csv,TRADE_WEIGHTED_USD_ADVANCED_ECONOMIES,TWEXAFEGSMTHx,5,5,615,0.7844387755102041,0.016591632277460612,,False,
2024-06,FRED-MD_2024m06.csv,TRADE_WEIGHTED_USD_ADVANCED_ECONOMIES,TWEXAFEGSMTHx,5,5,616,0.7847133757961784,0.016578761130790435,,False,
2024-07,FRED-MD_2024m07.csv,TRADE_WEIGHTED_USD_ADVANCED_ECONOMIES,TWEXAFEGSMTHx,5,5,617,0.7849872773536896,0.01656553415894107,,False,
2024-08,FRED-MD_2024m08.csv,TRADE_WEIGHTED_USD_ADVANCED_ECONOMIES,TWEXAFEGSMTHx,5,5,618,0.7852604828462516,0.01655308618147444,,False,
2024-09,FRED-MD_2024m09.csv,TRADE_WEIGHTED_USD_ADVANCED_ECONOMIES,TWEXAFEGSMTHx,5,5,619,0.7855329949238579,0.01655710673169161,,False,
2024-10,FRED-MD_2024m10.csv,TRADE_WEIGHTED_USD_ADVANCED_ECONOMIES,TWEXAFEGSMTHx,5,5,620,0.7858048162230672,0.016549912818557718,,False,
2024-11,FRED-MD_2024m11.csv,TRADE_WEIGHTED_USD_ADVANCED_ECONOMIES,TWEXAFEGSMTHx,5,5,621,0.7860759493670886,0.01655700738155341,,False,
2024-12,FRED-MD_2024m12.csv,TRADE_WEIGHTED_USD_ADVANCED_ECONOMIES,TWEXAFEGSMTHx,5,5,622,0.786346396965866,0.016568739816621447,,False,
2025-01,2025-01.csv,TRADE_WEIGHTED_USD_ADVANCED_ECONOMIES,TWEXAFEGSMTHx,5,5,623,0.7866161616161617,0.01656451833599364,,False,
2025-02,2025-02.csv,TRADE_WEIGHTED_USD_ADVANCED_ECONOMIES,TWEXAFEGSMTHx,5,5,624,0.7868852459016393,0.016560037386920193,,False,
2025-03,2025-03.csv,TRADE_WEIGHTED_USD_ADVANCED_ECONOMIES,TWEXAFEGSMTHx,5,5,625,0.7871536523929471,0.016551616978684933,,False,
2025-04,2025-04-MD.csv,TRADE_WEIGHTED_USD_ADVANCED_ECONOMIES,TWEXAFEGSMTHx,5,5,626,0.7874213836477988,0.016560214757893522,,False,
2025-05,2025-05-MD.csv,TRADE_WEIGHTED_USD_ADVANCED_ECONOMIES,TWEXAFEGSMTHx,5,5,627,0.7876884422110553,0.01659667486566256,,False,
2025-06,2025-06-MD.csv,TRADE_WEIGHTED_USD_ADVANCED_ECONOMIES,TWEXAFEGSMTHx,5,5,628,0.7879548306148055,0.01658509759905006,,False,
2025-07,2025-07-MD.csv,TRADE_WEIGHTED_USD_ADVANCED_ECONOMIES,TWEXAFEGSMTHx,5,5,629,0.7882205513784462,0.016585468285305525,,False,
2025-08,2025-08-MD.csv,TRADE_WEIGHTED_USD_ADVANCED_ECONOMIES,TWEXAFEGSMTHx,5,5,630,0.7884856070087609,0.016572632837093558,,False,
2025-09,2025-09-MD.csv,TRADE_WEIGHTED_USD_ADVANCED_ECONOMIES,TWEXAFEGSMTHx,5,5,631,0.78875,0.016560367648113198,,False,
2025-10,2025-10-MD.csv,TRADE_WEIGHTED_USD_ADVANCED_ECONOMIES,TWEXAFEGSMTHx,5,5,632,0.7890137328339576,0.01654794632341377,,False,
2025-11,2025-11-MD.csv,TRADE_WEIGHTED_USD_ADVANCED_ECONOMIES,TWEXAFEGSMTHx,5,5,633,0.7892768079800498,0.016540418843881664,,False,
2025-12,2025-12-MD.csv,TRADE_WEIGHTED_USD_ADVANCED_ECONOMIES,TWEXAFEGSMTHx,5,5,634,0.7895392278953923,0.016531798213913214,,False,
2026-01,2026-01-MD.csv,TRADE_WEIGHTED_USD_ADVANCED_ECONOMIES,TWEXAFEGSMTHx,5,5,635,0.7898009950248757,0.016526925213376457,,False,
2026-02,2026-02-MD.csv,TRADE_WEIGHTED_USD_ADVANCED_ECONOMIES,TWEXAFEGSMTHx,5,5,636,0.7900621118012422,0.016515368281302158,,False,
2026-03,2026-03-MD.csv,TRADE_WEIGHTED_USD_ADVANCED_ECONOMIES,TWEXAFEGSMTHx,5,5,637,0.7903225806451613,0.016506224792119162,,False,
2026-04,2026-04-MD.csv,TRADE_WEIGHTED_USD_ADVANCED_ECONOMIES,TWEXAFEGSMTHx,5,5,638,0.7905824039653035,0.016507661375797768,,False,
2026-05,2026-05-MD.csv,TRADE_WEIGHTED_USD_ADVANCED_ECONOMIES,TWEXAFEGSMTHx,5,5,639,0.7908415841584159,0.016496052921901098,,False,
2026-06,2026-06-MD.csv,TRADE_WEIGHTED_USD_ADVANCED_ECONOMIES,TWEXAFEGSMTHx,5,5,640,0.7911001236093943,0.016483275825643434,,False,
