canonical_id,review_mode,pair_role,old_reference_series,new_reference_series,canonical_tcode,reference_date,old_transformed,new_transformed,difference_new_minus_old
MONETARY_BASE,triangulation,old_vs_aux,AMBSL,AMBNS,6,1918-03-01,0.00460315174329562,0.0246546647394192,0.0200515129961236
MONETARY_BASE,triangulation,old_vs_aux,AMBSL,AMBNS,6,1918-04-01,0.00522362977659596,-0.000465334398210837,-0.0056889641748068
MONETARY_BASE,triangulation,old_vs_aux,AMBSL,AMBNS,6,1918-05-01,-0.0234556992082808,-0.0237902578707898,-0.000334558662508977
MONETARY_BASE,triangulation,old_vs_aux,AMBSL,AMBNS,6,1918-06-01,0.0214599158489246,0.0214745301195303,1.46142706056729e-05
MONETARY_BASE,triangulation,old_vs_aux,AMBSL,AMBNS,6,1918-07-01,-0.0113600847068593,-0.0122400332137913,-0.00087994850693196
MONETARY_BASE,triangulation,old_vs_aux,AMBSL,AMBNS,6,1918-08-01,0.0227280509500953,0.0258717128360388,0.00314366188594351
MONETARY_BASE,triangulation,old_vs_aux,AMBSL,AMBNS,6,1918-09-01,0.00684773807643868,0.0218203662018488,0.0149726281254101
MONETARY_BASE,triangulation,old_vs_aux,AMBSL,AMBNS,6,1918-10-01,-0.00721373919664892,-0.00829245819354596,-0.00107871899689704
MONETARY_BASE,triangulation,old_vs_aux,AMBSL,AMBNS,6,1918-11-01,-0.0265376516809839,-0.0360285029951848,-0.00949085131420091
MONETARY_BASE,triangulation,old_vs_aux,AMBSL,AMBNS,6,1918-12-01,0.00891401504688494,0.0145863672048341,0.00567235215794915
MONETARY_BASE,triangulation,old_vs_aux,AMBSL,AMBNS,6,1919-01-01,-0.0124736535517693,-0.0416976802004219,-0.0292240266486525
MONETARY_BASE,triangulation,old_vs_aux,AMBSL,AMBNS,6,1919-02-01,-0.00304949131818733,3.09213515448103e-05,0.00308041266973214
MONETARY_BASE,triangulation,old_vs_aux,AMBSL,AMBNS,6,1919-03-01,0.0103609980353845,0.0302286646177083,0.0198676665823239
MONETARY_BASE,triangulation,old_vs_aux,AMBSL,AMBNS,6,1919-04-01,0.00299613223609341,-0.00273139136526535,-0.00572752360135875
MONETARY_BASE,triangulation,old_vs_aux,AMBSL,AMBNS,6,1919-05-01,-0.00498662818582352,-0.00500272219214337,-1.60940063198556e-05
MONETARY_BASE,triangulation,old_vs_aux,AMBSL,AMBNS,6,1919-06-01,-0.00637021722618392,-0.0066125122724936,-0.000242295046309682
MONETARY_BASE,triangulation,old_vs_aux,AMBSL,AMBNS,6,1919-07-01,0.011669043245671,0.0109070179831459,-0.000762025262525112
MONETARY_BASE,triangulation,old_vs_aux,AMBSL,AMBNS,6,1919-08-01,-0.000931189524879583,0.00140079122332271,0.00233198074820229
MONETARY_BASE,triangulation,old_vs_aux,AMBSL,AMBNS,6,1919-09-01,-0.0047451255647204,0.010495811512782,0.0152409370775024
MONETARY_BASE,triangulation,old_vs_aux,AMBSL,AMBNS,6,1919-10-01,0.00624742027901126,0.00521863848413462,-0.00102878179487664
MONETARY_BASE,triangulation,old_vs_aux,AMBSL,AMBNS,6,1919-11-01,0.00950325903892657,0.000212689247933051,-0.00929056979099352
MONETARY_BASE,triangulation,old_vs_aux,AMBSL,AMBNS,6,1919-12-01,-0.0107236534723032,-0.00456451863164942,0.00615913484065378
MONETARY_BASE,triangulation,old_vs_aux,AMBSL,AMBNS,6,1920-01-01,0.00580539899762988,-0.024326565362381,-0.0301319643600109
MONETARY_BASE,triangulation,old_vs_aux,AMBSL,AMBNS,6,1920-02-01,0.0070584454373217,0.0113837435696544,0.00432529813233273
MONETARY_BASE,triangulation,old_vs_aux,AMBSL,AMBNS,6,1920-03-01,-0.00375760326913688,0.0148015579348633,0.0185591612040001
MONETARY_BASE,triangulation,old_vs_aux,AMBSL,AMBNS,6,1920-04-01,-0.0191161418902943,-0.0237938557429647,-0.00467771385267035
MONETARY_BASE,triangulation,old_vs_aux,AMBSL,AMBNS,6,1920-05-01,0.00821181137741411,0.00826582848357438,5.40171061602646e-05
MONETARY_BASE,triangulation,old_vs_aux,AMBSL,AMBNS,6,1920-06-01,0.00141004608078266,0.0012766061541436,-0.000133439926639056
MONETARY_BASE,triangulation,old_vs_aux,AMBSL,AMBNS,6,1920-07-01,-0.0013111924866771,-0.00243047181057832,-0.00111927932390121
MONETARY_BASE,triangulation,old_vs_aux,AMBSL,AMBNS,6,1920-08-01,-0.00413938986399498,-0.00257361578234439,0.00156577408165059
MONETARY_BASE,triangulation,old_vs_aux,AMBSL,AMBNS,6,1920-09-01,-0.000793059031697352,0.014361159245502,0.0151542182771993
MONETARY_BASE,triangulation,old_vs_aux,AMBSL,AMBNS,6,1920-10-01,-0.00317269189180958,-0.00426897045557584,-0.00109627856376626
MONETARY_BASE,triangulation,old_vs_aux,AMBSL,AMBNS,6,1920-11-01,-0.00720418017877189,-0.0160679440332816,-0.00886376385450971
MONETARY_BASE,triangulation,old_vs_aux,AMBSL,AMBNS,6,1920-12-01,-0.00530380441699974,0.00218292462234282,0.00748672903934255
MONETARY_BASE,triangulation,old_vs_aux,AMBSL,AMBNS,6,1921-01-01,0.00323048406778614,-0.0305437837664011,-0.0337742678341872
MONETARY_BASE,triangulation,old_vs_aux,AMBSL,AMBNS,6,1921-02-01,-0.000316041263052735,0.00756747681237546,0.0078835180754282
MONETARY_BASE,triangulation,old_vs_aux,AMBSL,AMBNS,6,1921-03-01,-0.00473438453857877,0.0128462739602946,0.0175806584988734
MONETARY_BASE,triangulation,old_vs_aux,AMBSL,AMBNS,6,1921-04-01,-0.00498024045614343,-0.00960564100735062,-0.00462540055120719
MONETARY_BASE,triangulation,old_vs_aux,AMBSL,AMBNS,6,1921-05-01,0.0160647779483889,0.0168416479621261,0.000776870013737163
MONETARY_BASE,triangulation,old_vs_aux,AMBSL,AMBNS,6,1921-06-01,-0.00833769672261675,-0.00859884106125719,-0.00026114433864044
MONETARY_BASE,triangulation,old_vs_aux,AMBSL,AMBNS,6,1921-07-01,-3.15430433868169e-05,-0.00115151239880285,-0.00111996935541603
MONETARY_BASE,triangulation,old_vs_aux,AMBSL,AMBNS,6,1921-08-01,-2.98469746922159e-05,-0.00028014637831375,-0.000250299403621534
MONETARY_BASE,triangulation,old_vs_aux,AMBSL,AMBNS,6,1921-09-01,-0.000583872015951448,0.0150261854062779,0.0156100574222293
MONETARY_BASE,triangulation,old_vs_aux,AMBSL,AMBNS,6,1921-10-01,0.00202468154160784,0.00055351221909361,-0.00147116932251423
MONETARY_BASE,triangulation,old_vs_aux,AMBSL,AMBNS,6,1921-11-01,0.0028667607622348,-0.00484521448642528,-0.00771197524866007
MONETARY_BASE,triangulation,old_vs_aux,AMBSL,AMBNS,6,1921-12-01,0.00658023496315274,0.0150672056106218,0.00848697064746906
MONETARY_BASE,triangulation,old_vs_aux,AMBSL,AMBNS,6,1922-01-01,0.00055992855390774,-0.0349868118011287,-0.0355467403550365
MONETARY_BASE,triangulation,old_vs_aux,AMBSL,AMBNS,6,1922-02-01,0.000565103351253038,0.0101700546485475,0.00960495129729444
MONETARY_BASE,triangulation,old_vs_aux,AMBSL,AMBNS,6,1922-03-01,0.00916292595629797,0.0251150735637071,0.0159521476074092
MONETARY_BASE,triangulation,old_vs_aux,AMBSL,AMBNS,6,1922-04-01,-0.00155658105818701,-0.0057855378747611,-0.00422895681657409
MONETARY_BASE,triangulation,old_vs_aux,AMBSL,AMBNS,6,1922-05-01,-0.00172148487342616,-0.000391707831513877,0.00132977704191228
MONETARY_BASE,triangulation,old_vs_aux,AMBSL,AMBNS,6,1922-06-01,-0.000199433970793139,-0.000388173615178511,-0.000188739644385372
MONETARY_BASE,triangulation,old_vs_aux,AMBSL,AMBNS,6,1922-07-01,0.000364394627200282,-0.000574199926034247,-0.000938594553234529
MONETARY_BASE,triangulation,old_vs_aux,AMBSL,AMBNS,6,1922-08-01,-0.00225439436338015,-0.00340697695044367,-0.00115258258706352
MONETARY_BASE,triangulation,old_vs_aux,AMBSL,AMBNS,6,1922-09-01,0.00558593338134128,0.0206407474422199,0.0150548140608786
MONETARY_BASE,triangulation,old_vs_aux,AMBSL,AMBNS,6,1922-10-01,0.00142742620505509,-0.000366052883219226,-0.00179347908827432
MONETARY_BASE,triangulation,old_vs_aux,AMBSL,AMBNS,6,1922-11-01,-0.00979801722600038,-0.016220061308867,-0.00642204408286662
MONETARY_BASE,triangulation,old_vs_aux,AMBSL,AMBNS,6,1922-12-01,0.0141226098883511,0.0243447107652264,0.0102221008768753
MONETARY_BASE,triangulation,old_vs_aux,AMBSL,AMBNS,6,1923-01-01,0.0014597122674409,-0.0381029308394163,-0.0395626431068572
MONETARY_BASE,triangulation,old_vs_aux,AMBSL,AMBNS,6,1923-02-01,-0.00516786186074536,0.00726510754332987,0.0124329694040752
MONETARY_BASE,triangulation,old_vs_aux,AMBSL,AMBNS,6,1923-03-01,-0.00911782078168999,0.00591518928025336,0.0150330100619434
MONETARY_BASE,triangulation,old_vs_aux,AMBSL,AMBNS,6,1923-04-01,0.00390969427338139,-4.62150930036209e-06,-0.00391431578268175
MONETARY_BASE,triangulation,old_vs_aux,AMBSL,AMBNS,6,1923-05-01,0.00280949153392029,0.00391208480673733,0.00110259327281703
MONETARY_BASE,triangulation,old_vs_aux,AMBSL,AMBNS,6,1923-06-01,-0.00513247172802722,-0.00481653623277789,0.000315935495249331
MONETARY_BASE,triangulation,old_vs_aux,AMBSL,AMBNS,6,1923-07-01,0.00385631847982304,0.00389020066008205,3.3882180259015e-05
MONETARY_BASE,triangulation,old_vs_aux,AMBSL,AMBNS,6,1923-08-01,-0.0040404917779604,-0.00690030601969882,-0.00285981424173842
MONETARY_BASE,triangulation,old_vs_aux,AMBSL,AMBNS,6,1923-09-01,-0.000874936413168603,0.0144210445245445,0.0152959809377131
MONETARY_BASE,triangulation,old_vs_aux,AMBSL,AMBNS,6,1923-10-01,-0.0103610893841612,-0.0131780106534827,-0.00281692126932143
MONETARY_BASE,triangulation,old_vs_aux,AMBSL,AMBNS,6,1923-11-01,0.0182738307052628,0.0131989442804288,-0.005074886424834
MONETARY_BASE,triangulation,old_vs_aux,AMBSL,AMBNS,6,1923-12-01,-0.00546512593625259,0.00629518283519137,0.011760308771444
MONETARY_BASE,triangulation,old_vs_aux,AMBSL,AMBNS,6,1924-01-01,-0.00559440924212229,-0.0486947847305821,-0.0431003754884598
MONETARY_BASE,triangulation,old_vs_aux,AMBSL,AMBNS,6,1924-02-01,0.0102970217576237,0.0244790365147365,0.0141820147571128
MONETARY_BASE,triangulation,old_vs_aux,AMBSL,AMBNS,6,1924-03-01,0.000116629583895245,0.0146681934271731,0.0145515638432778
MONETARY_BASE,triangulation,old_vs_aux,AMBSL,AMBNS,6,1924-04-01,-0.00537718990672498,-0.00855452881344454,-0.00317733890671956
MONETARY_BASE,triangulation,old_vs_aux,AMBSL,AMBNS,6,1924-05-01,-0.00206721380255592,-0.00121508196882814,0.000852131833727787
MONETARY_BASE,triangulation,old_vs_aux,AMBSL,AMBNS,6,1924-06-01,0.00634375507570883,0.00692151984834055,0.000577764772631717
MONETARY_BASE,triangulation,old_vs_aux,AMBSL,AMBNS,6,1924-07-01,-0.00344412331678745,-0.00278783874876276,0.00065628456802469
MONETARY_BASE,triangulation,old_vs_aux,AMBSL,AMBNS,6,1924-08-01,0.00168781067207147,-0.00138438194637369,-0.00307219261844516
MONETARY_BASE,triangulation,old_vs_aux,AMBSL,AMBNS,6,1924-09-01,-0.00154268761198351,0.0129042238337544,0.014446911445738
MONETARY_BASE,triangulation,old_vs_aux,AMBSL,AMBNS,6,1924-10-01,-0.00287878870072178,-0.00656833846175298,-0.0036895497610312
MONETARY_BASE,triangulation,old_vs_aux,AMBSL,AMBNS,6,1924-11-01,0.00991676679128495,0.00620739629712097,-0.00370937049416398
MONETARY_BASE,triangulation,old_vs_aux,AMBSL,AMBNS,6,1924-12-01,-0.00841669369215858,0.00480220463261549,0.0132188983247741
MONETARY_BASE,triangulation,old_vs_aux,AMBSL,AMBNS,6,1925-01-01,-0.00384343049420277,-0.0507668277905227,-0.0469233972963199
MONETARY_BASE,triangulation,old_vs_aux,AMBSL,AMBNS,6,1925-02-01,0.0013360041977839,0.0172559190634647,0.0159199148656808
MONETARY_BASE,triangulation,old_vs_aux,AMBSL,AMBNS,6,1925-03-01,-0.00251617291882655,0.0117331109311678,0.0142492838499944
MONETARY_BASE,triangulation,old_vs_aux,AMBSL,AMBNS,6,1925-04-01,-0.00017865775897774,-0.00170249972177561,-0.00152384196279787
MONETARY_BASE,triangulation,old_vs_aux,AMBSL,AMBNS,6,1925-05-01,0.00403791571772438,0.00322253979522347,-0.000815375922500916
MONETARY_BASE,triangulation,old_vs_aux,AMBSL,AMBNS,6,1925-06-01,-4.5362129186266e-07,0.00169984210737217,0.00170029572866404
MONETARY_BASE,triangulation,old_vs_aux,AMBSL,AMBNS,6,1925-07-01,0.00117591885826096,0.00237106648742036,0.0011951476291594
MONETARY_BASE,triangulation,old_vs_aux,AMBSL,AMBNS,6,1925-08-01,0.00234086109612153,-0.00153175039622822,-0.00387261149234974
MONETARY_BASE,triangulation,old_vs_aux,AMBSL,AMBNS,6,1925-09-01,-0.00135081696359851,0.0130592154244209,0.0144100323880194
MONETARY_BASE,triangulation,old_vs_aux,AMBSL,AMBNS,6,1925-10-01,0.000989301983698176,-0.00350835222024237,-0.00449765420394055
MONETARY_BASE,triangulation,old_vs_aux,AMBSL,AMBNS,6,1925-11-01,-0.00416088865270137,-0.00682154974140525,-0.00266066108870389
MONETARY_BASE,triangulation,old_vs_aux,AMBSL,AMBNS,6,1925-12-01,0.00398197541496836,0.0177399211802007,0.0137579457652324
MONETARY_BASE,triangulation,old_vs_aux,AMBSL,AMBNS,6,1926-01-01,-0.00331851325670929,-0.0528849284379918,-0.0495664151812825
MONETARY_BASE,triangulation,old_vs_aux,AMBSL,AMBNS,6,1926-02-01,0.00379872227894507,0.0207711508687949,0.0169724285898498
MONETARY_BASE,triangulation,old_vs_aux,AMBSL,AMBNS,6,1926-03-01,-0.00495445440702635,0.00961545869944191,0.0145699131064683
MONETARY_BASE,triangulation,old_vs_aux,AMBSL,AMBNS,6,1926-04-01,0.00115453041768676,0.000499625291432437,-0.000654905126254324
MONETARY_BASE,triangulation,old_vs_aux,AMBSL,AMBNS,6,1926-05-01,0.00148271541351797,0.000332529204454035,-0.00115018620906393
MONETARY_BASE,triangulation,old_vs_aux,AMBSL,AMBNS,6,1926-06-01,-3.27971803004701e-06,0.00166016215519793,0.00166344187322798
MONETARY_BASE,triangulation,old_vs_aux,AMBSL,AMBNS,6,1926-07-01,0.00179956798557379,0.00346402127641765,0.00166445329084386
MONETARY_BASE,triangulation,old_vs_aux,AMBSL,AMBNS,6,1926-08-01,-0.00393647447983692,-0.0081031474383364,-0.00416667295849948
MONETARY_BASE,triangulation,old_vs_aux,AMBSL,AMBNS,6,1926-09-01,-0.0019682890299908,0.0118532277424432,0.013821516772434
MONETARY_BASE,triangulation,old_vs_aux,AMBSL,AMBNS,6,1926-10-01,0.000652719991945716,-0.00382980974262392,-0.00448252973456964
MONETARY_BASE,triangulation,old_vs_aux,AMBSL,AMBNS,6,1926-11-01,-0.00379840154436617,-0.00603938215256572,-0.00224098060819955
MONETARY_BASE,triangulation,old_vs_aux,AMBSL,AMBNS,6,1926-12-01,0.00395231370927318,0.0187101967284808,0.0147578830192077
MONETARY_BASE,triangulation,old_vs_aux,AMBSL,AMBNS,6,1927-01-01,0.00463048083074913,-0.047732373816989,-0.0523628546477382
MONETARY_BASE,triangulation,old_vs_aux,AMBSL,AMBNS,6,1927-02-01,-0.00149192839804102,0.0157686004438602,0.0172605288419012
MONETARY_BASE,triangulation,old_vs_aux,AMBSL,AMBNS,6,1927-03-01,0.0032824381985368,0.0195671468587253,0.0162847086601885
MONETARY_BASE,triangulation,old_vs_aux,AMBSL,AMBNS,6,1927-04-01,-0.00100379512261939,-0.00168613431821774,-0.000682339195598347
MONETARY_BASE,triangulation,old_vs_aux,AMBSL,AMBNS,6,1927-05-01,-0.00343807604958779,-0.00512483720261669,-0.0016867611530289
MONETARY_BASE,triangulation,old_vs_aux,AMBSL,AMBNS,6,1927-06-01,-0.000326663927777027,0.002144956237917,0.00247162016569402
MONETARY_BASE,triangulation,old_vs_aux,AMBSL,AMBNS,6,1927-07-01,-0.00228760934378824,-0.000331473618530032,0.00195613572525821
MONETARY_BASE,triangulation,old_vs_aux,AMBSL,AMBNS,6,1927-08-01,0.00294195204611869,-0.00230661529809817,-0.00524856734421686
MONETARY_BASE,triangulation,old_vs_aux,AMBSL,AMBNS,6,1927-09-01,-6.67915017737997e-07,0.0134414937299219,0.0134421616449396
MONETARY_BASE,triangulation,old_vs_aux,AMBSL,AMBNS,6,1927-10-01,-0.00228787579428036,-0.00660496870565974,-0.00431709291137938
MONETARY_BASE,triangulation,old_vs_aux,AMBSL,AMBNS,6,1927-11-01,0.00326848198932272,0.00173736837775729,-0.00153111361156544
MONETARY_BASE,triangulation,old_vs_aux,AMBSL,AMBNS,6,1927-12-01,-0.00375863834635037,0.0121551169379353,0.0159137552842856
MONETARY_BASE,triangulation,old_vs_aux,AMBSL,AMBNS,6,1928-01-01,0.00179750620183339,-0.0530697397923015,-0.0548672459941348
MONETARY_BASE,triangulation,old_vs_aux,AMBSL,AMBNS,6,1928-02-01,-0.00278577211833309,0.0139097692746555,0.0166955413929886
MONETARY_BASE,triangulation,old_vs_aux,AMBSL,AMBNS,6,1928-03-01,0.00180004024897196,0.0192518210151678,0.0174517807661958
MONETARY_BASE,triangulation,old_vs_aux,AMBSL,AMBNS,6,1928-04-01,0.00786241397823306,0.00778589746615355,-7.65165120795164e-05
MONETARY_BASE,triangulation,old_vs_aux,AMBSL,AMBNS,6,1928-05-01,-0.00818283088438965,-0.00976635437853757,-0.00158352349414792
MONETARY_BASE,triangulation,old_vs_aux,AMBSL,AMBNS,6,1928-06-01,-0.00311666466816929,-0.000502833126041269,0.00261383154212802
MONETARY_BASE,triangulation,old_vs_aux,AMBSL,AMBNS,6,1928-07-01,-0.00299437516153556,-0.000174298600245537,0.00282007656129002
MONETARY_BASE,triangulation,old_vs_aux,AMBSL,AMBNS,6,1928-08-01,0.00194042777786052,-0.00485969170428957,-0.00680011948215009
MONETARY_BASE,triangulation,old_vs_aux,AMBSL,AMBNS,6,1928-09-01,0.00945937668957519,0.0226623471615912,0.013202970472016
MONETARY_BASE,triangulation,old_vs_aux,AMBSL,AMBNS,6,1928-10-01,-0.00348761651111107,-0.00756978999092928,-0.00408217347981821
MONETARY_BASE,triangulation,old_vs_aux,AMBSL,AMBNS,6,1928-11-01,-1.09789688451656e-07,-0.000866612876852857,-0.000866503087164405
MONETARY_BASE,triangulation,old_vs_aux,AMBSL,AMBNS,6,1928-12-01,0.000496455715729871,0.0169799222680125,0.0164834665522826
MONETARY_BASE,triangulation,old_vs_aux,AMBSL,AMBNS,6,1929-01-01,-0.00165549218954908,-0.0578562813932464,-0.0562007892036973
MONETARY_BASE,triangulation,old_vs_aux,AMBSL,AMBNS,6,1929-02-01,0.00594876166384561,0.0210615324428871,0.0151127707790415
MONETARY_BASE,triangulation,old_vs_aux,AMBSL,AMBNS,6,1929-03-01,-0.0047915262744922,0.013772610882181,0.0185641371566732
MONETARY_BASE,triangulation,old_vs_aux,AMBSL,AMBNS,6,1929-04-01,-0.0100953535521477,-0.00905449933289715,0.0010408542192506
MONETARY_BASE,triangulation,old_vs_aux,AMBSL,AMBNS,6,1929-05-01,0.00876736192797933,0.00770937556183804,-0.00105798636614129
MONETARY_BASE,triangulation,old_vs_aux,AMBSL,AMBNS,6,1929-06-01,0.00199700465917907,0.00404142778112804,0.00204442312194897
MONETARY_BASE,triangulation,old_vs_aux,AMBSL,AMBNS,6,1929-07-01,0.00777856817569589,0.0113224109945471,0.00354384281885123
MONETARY_BASE,triangulation,old_vs_aux,AMBSL,AMBNS,6,1929-08-01,-0.00614245676332614,-0.0141870299876188,-0.00804457322429264
MONETARY_BASE,triangulation,old_vs_aux,AMBSL,AMBNS,6,1929-09-01,-0.0064240572748866,0.0067684672328916,0.0131925245077782
MONETARY_BASE,triangulation,old_vs_aux,AMBSL,AMBNS,6,1929-10-01,0.0046144580174754,0.000278992439620263,-0.00433546557785514
MONETARY_BASE,triangulation,old_vs_aux,AMBSL,AMBNS,6,1929-11-01,0.0168311577647882,0.0171527225627661,0.000321564797977958
MONETARY_BASE,triangulation,old_vs_aux,AMBSL,AMBNS,6,1929-12-01,-0.0444251571264325,-0.0283591651686068,0.0160659919578257
MONETARY_BASE,triangulation,old_vs_aux,AMBSL,AMBNS,6,1930-01-01,0.0101536827788002,-0.0450449777543949,-0.0551986605331951
MONETARY_BASE,triangulation,old_vs_aux,AMBSL,AMBNS,6,1930-02-01,0.0155993859933106,0.0278024470202325,0.0122030610269219
MONETARY_BASE,triangulation,old_vs_aux,AMBSL,AMBNS,6,1930-03-01,0.00253940349233384,0.0215791749542416,0.0190397714619077
MONETARY_BASE,triangulation,old_vs_aux,AMBSL,AMBNS,6,1930-04-01,-0.00101617360289885,0.000685988526256454,0.0017021621291553
MONETARY_BASE,triangulation,old_vs_aux,AMBSL,AMBNS,6,1930-05-01,-0.00389427722546554,-0.00343277080246152,0.000461506423004021
MONETARY_BASE,triangulation,old_vs_aux,AMBSL,AMBNS,6,1930-06-01,0.00575904181521936,0.00669123813263761,0.000932196317418255
MONETARY_BASE,triangulation,old_vs_aux,AMBSL,AMBNS,6,1930-07-01,-0.00661188799854995,-0.00138256348266919,0.00522932451588076
MONETARY_BASE,triangulation,old_vs_aux,AMBSL,AMBNS,6,1930-08-01,0.00151686716589094,-0.00769484889918548,-0.00921171606507643
MONETARY_BASE,triangulation,old_vs_aux,AMBSL,AMBNS,6,1930-09-01,-0.0039454587588672,0.00804220098230646,0.0119876597411737
MONETARY_BASE,triangulation,old_vs_aux,AMBSL,AMBNS,6,1930-10-01,0.00254255730376496,-0.00052174896211854,-0.0030643062658835
MONETARY_BASE,triangulation,old_vs_aux,AMBSL,AMBNS,6,1930-11-01,0.0049867996275228,0.00524814834893905,0.000261348721416255
MONETARY_BASE,triangulation,old_vs_aux,AMBSL,AMBNS,6,1930-12-01,0.0168808948525008,0.032613013788058,0.0157321189355573
MONETARY_BASE,triangulation,old_vs_aux,AMBSL,AMBNS,6,1931-01-01,2.29873239785405e-05,-0.0564666533439153,-0.0564896406678939
MONETARY_BASE,triangulation,old_vs_aux,AMBSL,AMBNS,6,1931-02-01,-0.0197601827493403,-0.00782868167040252,0.0119315010789378
MONETARY_BASE,triangulation,old_vs_aux,AMBSL,AMBNS,6,1931-03-01,0.00482090977378125,0.0248850636494837,0.0200641538757025
MONETARY_BASE,triangulation,old_vs_aux,AMBSL,AMBNS,6,1931-04-01,0.00412120466855681,0.00587949247102526,0.00175828780246845
MONETARY_BASE,triangulation,old_vs_aux,AMBSL,AMBNS,6,1931-05-01,-0.00332715391716554,-0.00071517969930035,0.00261197421786519
MONETARY_BASE,triangulation,old_vs_aux,AMBSL,AMBNS,6,1931-06-01,0.00781094641219249,0.00655522388995466,-0.00125572252223782
MONETARY_BASE,triangulation,old_vs_aux,AMBSL,AMBNS,6,1931-07-01,-0.00721798293892384,-2.07955308728636e-06,0.00721590338583655
MONETARY_BASE,triangulation,old_vs_aux,AMBSL,AMBNS,6,1931-08-01,0.00464059739734002,-0.00594742104473256,-0.0105880184420726
MONETARY_BASE,triangulation,old_vs_aux,AMBSL,AMBNS,6,1931-09-01,0.00641429559390327,0.0175561402915052,0.0111418446976019
MONETARY_BASE,triangulation,old_vs_aux,AMBSL,AMBNS,6,1931-10-01,0.0145854910188927,0.0122246144394658,-0.00236087657942696
MONETARY_BASE,triangulation,old_vs_aux,AMBSL,AMBNS,6,1931-11-01,-0.0504371457806809,-0.0500040184056627,0.000433127375018216
MONETARY_BASE,triangulation,old_vs_aux,AMBSL,AMBNS,6,1931-12-01,0.00402881831254298,0.0192425747505456,0.0152137564380026
MONETARY_BASE,triangulation,old_vs_aux,AMBSL,AMBNS,6,1932-01-01,0.0422943872358776,-0.0136327795769078,-0.0559271668127854
MONETARY_BASE,triangulation,old_vs_aux,AMBSL,AMBNS,6,1932-02-01,-0.0158715361318209,-0.00456471702760197,0.0113068191042189
MONETARY_BASE,triangulation,old_vs_aux,AMBSL,AMBNS,6,1932-03-01,-0.0223724741304909,-0.00220294395622767,0.0201695301742633
MONETARY_BASE,triangulation,old_vs_aux,AMBSL,AMBNS,6,1932-04-01,0.0151424879041822,0.0169538165161562,0.00181132861197408
MONETARY_BASE,triangulation,old_vs_aux,AMBSL,AMBNS,6,1932-05-01,0.0144149135656986,0.0175994574196785,0.00318454385397993
MONETARY_BASE,triangulation,old_vs_aux,AMBSL,AMBNS,6,1932-06-01,-0.0188819618223897,-0.0204328424468256,-0.00155088062443598
MONETARY_BASE,triangulation,old_vs_aux,AMBSL,AMBNS,6,1932-07-01,0.0148679373770626,0.0223113434887774,0.00744340611171479
MONETARY_BASE,triangulation,old_vs_aux,AMBSL,AMBNS,6,1932-08-01,-0.00643275088775197,-0.0170276558287088,-0.0105949049409568
MONETARY_BASE,triangulation,old_vs_aux,AMBSL,AMBNS,6,1932-09-01,-0.0057082411845728,0.00490112490969108,0.0106093660942639
MONETARY_BASE,triangulation,old_vs_aux,AMBSL,AMBNS,6,1932-10-01,0.00372637079144944,0.00108231780777879,-0.00264405298367065
MONETARY_BASE,triangulation,old_vs_aux,AMBSL,AMBNS,6,1932-11-01,-0.00283964660528579,-0.0017226313222285,0.0011170152830573
MONETARY_BASE,triangulation,old_vs_aux,AMBSL,AMBNS,6,1932-12-01,-0.00953841057350702,0.00525113748011252,0.0147895480536195
MONETARY_BASE,triangulation,old_vs_aux,AMBSL,AMBNS,6,1933-01-01,0.0495339084632203,-0.0127623223983062,-0.0622962308615265
MONETARY_BASE,triangulation,old_vs_aux,AMBSL,AMBNS,6,1933-02-01,-0.037195741151224,0.00285949241710259,0.0400552335683266
MONETARY_BASE,triangulation,old_vs_aux,AMBSL,AMBNS,6,1933-03-01,0.0837248319649966,0.0837248319649966,0
MONETARY_BASE,triangulation,old_vs_aux,AMBSL,AMBNS,6,1933-04-01,-0.171627746374858,-0.171627746374858,0
MONETARY_BASE,triangulation,old_vs_aux,AMBSL,AMBNS,6,1933-05-01,0.0550506407483395,0.0550506407483395,0
MONETARY_BASE,triangulation,old_vs_aux,AMBSL,AMBNS,6,1933-06-01,0.021958300085352,0.021958300085352,0
MONETARY_BASE,triangulation,old_vs_aux,AMBSL,AMBNS,6,1933-07-01,0.00498432332461629,0.00498432332461629,0
MONETARY_BASE,triangulation,old_vs_aux,AMBSL,AMBNS,6,1933-08-01,0.00764421166610463,0.00764421166610463,0
MONETARY_BASE,triangulation,old_vs_aux,AMBSL,AMBNS,6,1933-09-01,0.0103861390569098,0.0103861390569098,0
MONETARY_BASE,triangulation,old_vs_aux,AMBSL,AMBNS,6,1933-10-01,-0.000841438217003665,-0.000841438217003665,0
MONETARY_BASE,triangulation,old_vs_aux,AMBSL,AMBNS,6,1933-11-01,-0.0079546120651437,-0.0079546120651437,0
MONETARY_BASE,triangulation,old_vs_aux,AMBSL,AMBNS,6,1933-12-01,0.00661483785288564,0.00661483785288564,0
MONETARY_BASE,triangulation,old_vs_aux,AMBSL,AMBNS,6,1934-01-01,-0.0138304138751282,-0.0138304138751282,0
MONETARY_BASE,triangulation,old_vs_aux,AMBSL,AMBNS,6,1934-02-01,0.00124476417021735,0.00124476417021735,0
MONETARY_BASE,triangulation,old_vs_aux,AMBSL,AMBNS,6,1934-03-01,0.0653021440658754,0.0653021440658754,0
MONETARY_BASE,triangulation,old_vs_aux,AMBSL,AMBNS,6,1934-04-01,-0.0410820697011394,-0.0410820697011394,0
MONETARY_BASE,triangulation,old_vs_aux,AMBSL,AMBNS,6,1934-05-01,-0.0162573406681674,-0.0162573406681674,0
MONETARY_BASE,triangulation,old_vs_aux,AMBSL,AMBNS,6,1934-06-01,-0.000961843565036258,-0.000961843565036258,0
MONETARY_BASE,triangulation,old_vs_aux,AMBSL,AMBNS,6,1934-07-01,0.00700091634348254,0.00700091634348254,0
MONETARY_BASE,triangulation,old_vs_aux,AMBSL,AMBNS,6,1934-08-01,-0.00276792333553866,-0.00276792333553866,0
MONETARY_BASE,triangulation,old_vs_aux,AMBSL,AMBNS,6,1934-09-01,-0.0159365233305717,-0.0159365233305717,0
MONETARY_BASE,triangulation,old_vs_aux,AMBSL,AMBNS,6,1934-10-01,0.00936402339925557,0.00936402339925557,0
MONETARY_BASE,triangulation,old_vs_aux,AMBSL,AMBNS,6,1934-11-01,0.00988707062340977,0.00988707062340977,0
MONETARY_BASE,triangulation,old_vs_aux,AMBSL,AMBNS,6,1934-12-01,-0.014371011275367,-0.014371011275367,0
MONETARY_BASE,triangulation,old_vs_aux,AMBSL,AMBNS,6,1935-01-01,0.0136075193165079,0.0136075193165079,0
MONETARY_BASE,triangulation,old_vs_aux,AMBSL,AMBNS,6,1935-02-01,0.0119698207179479,0.0119698207179479,0
MONETARY_BASE,triangulation,old_vs_aux,AMBSL,AMBNS,6,1935-03-01,-0.03888221779604,-0.03888221779604,0
MONETARY_BASE,triangulation,old_vs_aux,AMBSL,AMBNS,6,1935-04-01,0.0119850373577441,0.0119850373577441,0
MONETARY_BASE,triangulation,old_vs_aux,AMBSL,AMBNS,6,1935-05-01,0.0336966318718797,0.0336966318718797,0
MONETARY_BASE,triangulation,old_vs_aux,AMBSL,AMBNS,6,1935-06-01,-0.0137517536409981,-0.0137517536409981,0
MONETARY_BASE,triangulation,old_vs_aux,AMBSL,AMBNS,6,1935-07-01,-0.0180570724874847,-0.0180570724874847,0
MONETARY_BASE,triangulation,old_vs_aux,AMBSL,AMBNS,6,1935-08-01,0.0266779451533914,0.0266779451533914,0
MONETARY_BASE,triangulation,old_vs_aux,AMBSL,AMBNS,6,1935-09-01,-0.0213788578371532,-0.0213788578371532,0
MONETARY_BASE,triangulation,old_vs_aux,AMBSL,AMBNS,6,1935-10-01,0.0173020382929829,0.0173020382929829,0
MONETARY_BASE,triangulation,old_vs_aux,AMBSL,AMBNS,6,1935-11-01,0.00583818221010235,0.00583818221010235,0
MONETARY_BASE,triangulation,old_vs_aux,AMBSL,AMBNS,6,1935-12-01,-0.0236361305455755,-0.0236361305455755,0
MONETARY_BASE,triangulation,old_vs_aux,AMBSL,AMBNS,6,1936-01-01,-0.0140946837168396,-0.0140946837168396,0
MONETARY_BASE,triangulation,old_vs_aux,AMBSL,AMBNS,6,1936-02-01,0.0109864594012952,0.0109864594012952,0
MONETARY_BASE,triangulation,old_vs_aux,AMBSL,AMBNS,6,1936-03-01,-0.0315370824321652,-0.0315370824321652,0
MONETARY_BASE,triangulation,old_vs_aux,AMBSL,AMBNS,6,1936-04-01,0.0196495826867915,0.0196495826867915,0
MONETARY_BASE,triangulation,old_vs_aux,AMBSL,AMBNS,6,1936-05-01,0.0394559650857569,0.0394559650857569,0
MONETARY_BASE,triangulation,old_vs_aux,AMBSL,AMBNS,6,1936-06-01,-0.0328230099844165,-0.0328230099844165,0
MONETARY_BASE,triangulation,old_vs_aux,AMBSL,AMBNS,6,1936-07-01,0.0448113044215366,0.0448113044215366,0
MONETARY_BASE,triangulation,old_vs_aux,AMBSL,AMBNS,6,1936-08-01,-0.082719282196587,-0.082719282196587,0
MONETARY_BASE,triangulation,old_vs_aux,AMBSL,AMBNS,6,1936-09-01,-0.00530610825936551,-0.00530610825936551,0
MONETARY_BASE,triangulation,old_vs_aux,AMBSL,AMBNS,6,1936-10-01,0.0701855102583555,0.0701855102583555,0
MONETARY_BASE,triangulation,old_vs_aux,AMBSL,AMBNS,6,1936-11-01,-0.00307179619318765,-0.00307179619318765,0
MONETARY_BASE,triangulation,old_vs_aux,AMBSL,AMBNS,6,1936-12-01,-0.0184046596837901,-0.0184046596837901,0
MONETARY_BASE,triangulation,old_vs_aux,AMBSL,AMBNS,6,1937-01-01,-0.0168850385825241,-0.0168850385825241,0
MONETARY_BASE,triangulation,old_vs_aux,AMBSL,AMBNS,6,1937-02-01,0.0130436889343448,0.0130436889343448,0
MONETARY_BASE,triangulation,old_vs_aux,AMBSL,AMBNS,6,1937-03-01,-0.0700266941068102,-0.0700266941068102,0
MONETARY_BASE,triangulation,old_vs_aux,AMBSL,AMBNS,6,1937-04-01,0.0833037159932122,0.0833037159932122,0
MONETARY_BASE,triangulation,old_vs_aux,AMBSL,AMBNS,6,1937-05-01,-0.0709530612288676,-0.0709530612288676,0
MONETARY_BASE,triangulation,old_vs_aux,AMBSL,AMBNS,6,1937-06-01,0.0526535211490633,0.0526535211490633,0
MONETARY_BASE,triangulation,old_vs_aux,AMBSL,AMBNS,6,1937-07-01,0.00664240395452032,0.00664240395452032,0
MONETARY_BASE,triangulation,old_vs_aux,AMBSL,AMBNS,6,1937-08-01,-0.0131192409181362,-0.0131192409181362,0
MONETARY_BASE,triangulation,old_vs_aux,AMBSL,AMBNS,6,1937-09-01,0.0309755089104402,0.0309755089104402,0
MONETARY_BASE,triangulation,old_vs_aux,AMBSL,AMBNS,6,1937-10-01,-0.00793326111680726,-0.00793326111680726,0
MONETARY_BASE,triangulation,old_vs_aux,AMBSL,AMBNS,6,1937-11-01,-0.0118942407036804,-0.0118942407036804,0
MONETARY_BASE,triangulation,old_vs_aux,AMBSL,AMBNS,6,1937-12-01,0.00180669602033401,0.00180669602033401,0
MONETARY_BASE,triangulation,old_vs_aux,AMBSL,AMBNS,6,1938-01-01,0.00454072967663643,0.00454072967663643,0
MONETARY_BASE,triangulation,old_vs_aux,AMBSL,AMBNS,6,1938-02-01,-0.00941356467997601,-0.00941356467997601,0
MONETARY_BASE,triangulation,old_vs_aux,AMBSL,AMBNS,6,1938-03-01,0.0144150718166132,0.0144150718166132,0
MONETARY_BASE,triangulation,old_vs_aux,AMBSL,AMBNS,6,1938-04-01,0.0410485323198895,0.0410485323198895,0
MONETARY_BASE,triangulation,old_vs_aux,AMBSL,AMBNS,6,1938-05-01,-0.00898807298532178,-0.00898807298532178,0
MONETARY_BASE,triangulation,old_vs_aux,AMBSL,AMBNS,6,1938-06-01,-0.0200200819876915,-0.0200200819876915,0
MONETARY_BASE,triangulation,old_vs_aux,AMBSL,AMBNS,6,1938-07-01,0.00134517219006103,0.00134517219006103,0
MONETARY_BASE,triangulation,old_vs_aux,AMBSL,AMBNS,6,1938-08-01,-0.0283275662279814,-0.0283275662279814,0
MONETARY_BASE,triangulation,old_vs_aux,AMBSL,AMBNS,6,1938-09-01,0.0125493967793053,0.0125493967793053,0
MONETARY_BASE,triangulation,old_vs_aux,AMBSL,AMBNS,6,1938-10-01,0.0215609461195094,0.0215609461195094,0
MONETARY_BASE,triangulation,old_vs_aux,AMBSL,AMBNS,6,1938-11-01,-0.0123138047229423,-0.0123138047229423,0
MONETARY_BASE,triangulation,old_vs_aux,AMBSL,AMBNS,6,1938-12-01,-0.00901993199291207,-0.00901993199291207,0
MONETARY_BASE,triangulation,old_vs_aux,AMBSL,AMBNS,6,1939-01-01,-0.00235741804286782,-0.00235741804286782,0
MONETARY_BASE,triangulation,old_vs_aux,AMBSL,AMBNS,6,1939-02-01,-0.016452226108409,-0.016452226108409,0
MONETARY_BASE,triangulation,old_vs_aux,AMBSL,AMBNS,6,1939-03-01,0.0202473588228189,0.0202473588228189,0
MONETARY_BASE,triangulation,old_vs_aux,AMBSL,AMBNS,6,1939-04-01,0.0369281079550032,0.0369281079550032,0
MONETARY_BASE,triangulation,old_vs_aux,AMBSL,AMBNS,6,1939-05-01,-0.0207706324239618,-0.0207706324239618,0
MONETARY_BASE,triangulation,old_vs_aux,AMBSL,AMBNS,6,1939-06-01,-0.0195327361961604,-0.0195327361961604,0
MONETARY_BASE,triangulation,old_vs_aux,AMBSL,AMBNS,6,1939-07-01,0.0118977177306356,0.0118977177306356,0
MONETARY_BASE,triangulation,old_vs_aux,AMBSL,AMBNS,6,1939-08-01,0.00222014046736696,0.00222014046736696,0
MONETARY_BASE,triangulation,old_vs_aux,AMBSL,AMBNS,6,1939-09-01,0.0328348912839975,0.0328348912839975,0
MONETARY_BASE,triangulation,old_vs_aux,AMBSL,AMBNS,6,1939-10-01,-0.0273677231689669,-0.0273677231689669,0
MONETARY_BASE,triangulation,old_vs_aux,AMBSL,AMBNS,6,1939-11-01,-0.0341047410806046,-0.0341047410806046,0
MONETARY_BASE,triangulation,old_vs_aux,AMBSL,AMBNS,6,1939-12-01,0.00478437641917617,0.00478437641917617,0
MONETARY_BASE,triangulation,old_vs_aux,AMBSL,AMBNS,6,1940-01-01,0.0214975339510519,0.0214975339510519,0
MONETARY_BASE,triangulation,old_vs_aux,AMBSL,AMBNS,6,1940-02-01,-0.00841976087454377,-0.00841976087454377,0
MONETARY_BASE,triangulation,old_vs_aux,AMBSL,AMBNS,6,1940-03-01,0.000342374161350634,0.000342374161350634,0
MONETARY_BASE,triangulation,old_vs_aux,AMBSL,AMBNS,6,1940-04-01,0.00923170077782443,0.00923170077782443,0
MONETARY_BASE,triangulation,old_vs_aux,AMBSL,AMBNS,6,1940-05-01,0.00363401611474856,0.00363401611474856,0
MONETARY_BASE,triangulation,old_vs_aux,AMBSL,AMBNS,6,1940-06-01,0.0089401965377065,0.0089401965377065,0
MONETARY_BASE,triangulation,old_vs_aux,AMBSL,AMBNS,6,1940-07-01,-0.0204165177155851,-0.0204165177155851,0
MONETARY_BASE,triangulation,old_vs_aux,AMBSL,AMBNS,6,1940-08-01,-0.0263475058898779,-0.0263475058898779,0
MONETARY_BASE,triangulation,old_vs_aux,AMBSL,AMBNS,6,1940-09-01,0.0317761294614294,0.0317761294614294,0
MONETARY_BASE,triangulation,old_vs_aux,AMBSL,AMBNS,6,1940-10-01,0.00719572885370212,0.00719572885370212,0
MONETARY_BASE,triangulation,old_vs_aux,AMBSL,AMBNS,6,1940-11-01,-0.0137321492659517,-0.0137321492659517,0
MONETARY_BASE,triangulation,old_vs_aux,AMBSL,AMBNS,6,1940-12-01,-0.00414535736195631,-0.00414535736195631,0
MONETARY_BASE,triangulation,old_vs_aux,AMBSL,AMBNS,6,1941-01-01,5.82608666577222e-05,5.82608666577222e-05,0
MONETARY_BASE,triangulation,old_vs_aux,AMBSL,AMBNS,6,1941-02-01,-0.0220166440509004,-0.0220166440509004,0
MONETARY_BASE,triangulation,old_vs_aux,AMBSL,AMBNS,6,1941-03-01,0.0193682301879798,0.0193682301879798,0
MONETARY_BASE,triangulation,old_vs_aux,AMBSL,AMBNS,6,1941-04-01,-0.0170591223759753,-0.0170591223759753,0
MONETARY_BASE,triangulation,old_vs_aux,AMBSL,AMBNS,6,1941-05-01,0.0226429116380125,0.0226429116380125,0
MONETARY_BASE,triangulation,old_vs_aux,AMBSL,AMBNS,6,1941-06-01,-0.0214389709447564,-0.0214389709447564,0
MONETARY_BASE,triangulation,old_vs_aux,AMBSL,AMBNS,6,1941-07-01,0.0168782753654555,0.0168782753654555,0
MONETARY_BASE,triangulation,old_vs_aux,AMBSL,AMBNS,6,1941-08-01,-0.00453656044204376,-0.00453656044204376,0
MONETARY_BASE,triangulation,old_vs_aux,AMBSL,AMBNS,6,1941-09-01,0.01734898189981,0.01734898189981,0
MONETARY_BASE,triangulation,old_vs_aux,AMBSL,AMBNS,6,1941-10-01,-0.0131901711113573,-0.0131901711113573,0
MONETARY_BASE,triangulation,old_vs_aux,AMBSL,AMBNS,6,1941-11-01,-0.0662361579850157,-0.0662361579850157,0
MONETARY_BASE,triangulation,old_vs_aux,AMBSL,AMBNS,6,1941-12-01,0.0783477208058567,0.0783477208058567,0
MONETARY_BASE,triangulation,old_vs_aux,AMBSL,AMBNS,6,1942-01-01,-0.00669848279067242,-0.00669848279067242,0
MONETARY_BASE,triangulation,old_vs_aux,AMBSL,AMBNS,6,1942-02-01,-0.00370059274467271,-0.00370059274467271,0
MONETARY_BASE,triangulation,old_vs_aux,AMBSL,AMBNS,6,1942-03-01,-0.00431329636622468,-0.00431329636622468,0
MONETARY_BASE,triangulation,old_vs_aux,AMBSL,AMBNS,6,1942-04-01,-0.00548939079359778,-0.00548939079359778,0
MONETARY_BASE,triangulation,old_vs_aux,AMBSL,AMBNS,6,1942-05-01,0.00473807641900148,0.00473807641900148,0
MONETARY_BASE,triangulation,old_vs_aux,AMBSL,AMBNS,6,1942-06-01,0.0176361564516045,0.0176361564516045,0
MONETARY_BASE,triangulation,old_vs_aux,AMBSL,AMBNS,6,1942-07-01,-0.0209644933013147,-0.0209644933013147,0
MONETARY_BASE,triangulation,old_vs_aux,AMBSL,AMBNS,6,1942-08-01,0.0308820863798767,0.0308820863798767,0
MONETARY_BASE,triangulation,old_vs_aux,AMBSL,AMBNS,6,1942-09-01,-0.000699263052896359,-0.000699263052896359,0
MONETARY_BASE,triangulation,old_vs_aux,AMBSL,AMBNS,6,1942-10-01,0.00843270875553648,0.00843270875553648,0
MONETARY_BASE,triangulation,old_vs_aux,AMBSL,AMBNS,6,1942-11-01,-0.00344091172859784,-0.00344091172859784,0
MONETARY_BASE,triangulation,old_vs_aux,AMBSL,AMBNS,6,1942-12-01,0.00764675358344835,0.00764675358344835,0
MONETARY_BASE,triangulation,old_vs_aux,AMBSL,AMBNS,6,1943-01-01,-0.0299757010124311,-0.0299757010124311,0
MONETARY_BASE,triangulation,old_vs_aux,AMBSL,AMBNS,6,1943-02-01,-0.0115718080509608,-0.0115718080509608,0
MONETARY_BASE,triangulation,old_vs_aux,AMBSL,AMBNS,6,1943-03-01,0.0229702167607231,0.0229702167607231,0
MONETARY_BASE,triangulation,old_vs_aux,AMBSL,AMBNS,6,1943-04-01,-0.0228353106539179,-0.0228353106539179,0
MONETARY_BASE,triangulation,old_vs_aux,AMBSL,AMBNS,6,1943-05-01,-0.00572493038564081,-0.00572493038564081,0
MONETARY_BASE,triangulation,old_vs_aux,AMBSL,AMBNS,6,1943-06-01,0.0230263242680055,0.0230263242680055,0
MONETARY_BASE,triangulation,old_vs_aux,AMBSL,AMBNS,6,1943-07-01,0.00121549927919595,0.00121549927919595,0
MONETARY_BASE,triangulation,old_vs_aux,AMBSL,AMBNS,6,1943-08-01,0.00232343157800319,0.00232343157800319,0
MONETARY_BASE,triangulation,old_vs_aux,AMBSL,AMBNS,6,1943-09-01,0.00923632008539332,0.00923632008539332,0
MONETARY_BASE,triangulation,old_vs_aux,AMBSL,AMBNS,6,1943-10-01,-0.0406256531505824,-0.0406256531505824,0
MONETARY_BASE,triangulation,old_vs_aux,AMBSL,AMBNS,6,1943-11-01,0.0339406663721329,0.0339406663721329,0
MONETARY_BASE,triangulation,old_vs_aux,AMBSL,AMBNS,6,1943-12-01,0.00950104504027971,0.00950104504027971,0
MONETARY_BASE,triangulation,old_vs_aux,AMBSL,AMBNS,6,1944-01-01,-0.0217789779061812,-0.0217789779061812,0
MONETARY_BASE,triangulation,old_vs_aux,AMBSL,AMBNS,6,1944-02-01,-0.0153196505854334,-0.0153196505854334,0
MONETARY_BASE,triangulation,old_vs_aux,AMBSL,AMBNS,6,1944-03-01,0.0145201608156045,0.0145201608156045,0
MONETARY_BASE,triangulation,old_vs_aux,AMBSL,AMBNS,6,1944-04-01,0.00295276620886709,0.00295276620886709,0
MONETARY_BASE,triangulation,old_vs_aux,AMBSL,AMBNS,6,1944-05-01,0.0113616115228266,0.0113616115228266,0
MONETARY_BASE,triangulation,old_vs_aux,AMBSL,AMBNS,6,1944-06-01,0.00471959238546082,0.00471959238546082,0
MONETARY_BASE,triangulation,old_vs_aux,AMBSL,AMBNS,6,1944-07-01,-0.0298102421513757,-0.0298102421513757,0
MONETARY_BASE,triangulation,old_vs_aux,AMBSL,AMBNS,6,1944-08-01,0.0118549653953042,0.0118549653953042,0
MONETARY_BASE,triangulation,old_vs_aux,AMBSL,AMBNS,6,1944-09-01,0.0136696570502801,0.0136696570502801,0
MONETARY_BASE,triangulation,old_vs_aux,AMBSL,AMBNS,6,1944-10-01,-0.00156953945960092,-0.00156953945960092,0
MONETARY_BASE,triangulation,old_vs_aux,AMBSL,AMBNS,6,1944-11-01,0.00852532751349422,0.00852532751349422,0
MONETARY_BASE,triangulation,old_vs_aux,AMBSL,AMBNS,6,1944-12-01,-0.0274331164402288,-0.0274331164402288,0
MONETARY_BASE,triangulation,old_vs_aux,AMBSL,AMBNS,6,1945-01-01,-0.00207012360274561,-0.00207012360274561,0
MONETARY_BASE,triangulation,old_vs_aux,AMBSL,AMBNS,6,1945-02-01,0.00353607985820936,0.00353607985820936,0
MONETARY_BASE,triangulation,old_vs_aux,AMBSL,AMBNS,6,1945-03-01,0.0103199237212714,0.0103199237212714,0
MONETARY_BASE,triangulation,old_vs_aux,AMBSL,AMBNS,6,1945-04-01,-0.0099414139134355,-0.0099414139134355,0
MONETARY_BASE,triangulation,old_vs_aux,AMBSL,AMBNS,6,1945-05-01,0.0128907039012205,0.0128907039012205,0
MONETARY_BASE,triangulation,old_vs_aux,AMBSL,AMBNS,6,1945-06-01,-0.00537565203137502,-0.00537565203137502,0
MONETARY_BASE,triangulation,old_vs_aux,AMBSL,AMBNS,6,1945-07-01,-0.0164614568174031,-0.0164614568174031,0
MONETARY_BASE,triangulation,old_vs_aux,AMBSL,AMBNS,6,1945-08-01,0.0168537988530315,0.0168537988530315,0
MONETARY_BASE,triangulation,old_vs_aux,AMBSL,AMBNS,6,1945-09-01,0.00190462464434749,0.00190462464434749,0
MONETARY_BASE,triangulation,old_vs_aux,AMBSL,AMBNS,6,1945-10-01,-0.00782886268408145,-0.00782886268408145,0
MONETARY_BASE,triangulation,old_vs_aux,AMBSL,AMBNS,6,1945-11-01,0.00368008970016298,0.00368008970016298,0
MONETARY_BASE,triangulation,old_vs_aux,AMBSL,AMBNS,6,1945-12-01,-0.00106974596407783,-0.00106974596407783,0
MONETARY_BASE,triangulation,old_vs_aux,AMBSL,AMBNS,6,1946-01-01,-0.0230789569662107,-0.0230789569662107,0
MONETARY_BASE,triangulation,old_vs_aux,AMBSL,AMBNS,6,1946-02-01,0.00031484604546872,0.00031484604546872,0
MONETARY_BASE,triangulation,old_vs_aux,AMBSL,AMBNS,6,1946-03-01,0.00693312446804528,0.00693312446804528,0
MONETARY_BASE,triangulation,old_vs_aux,AMBSL,AMBNS,6,1946-04-01,0.00459239194006456,0.00459239194006456,0
MONETARY_BASE,triangulation,old_vs_aux,AMBSL,AMBNS,6,1946-05-01,0.00362026765108903,0.00362026765108903,0
MONETARY_BASE,triangulation,old_vs_aux,AMBSL,AMBNS,6,1946-06-01,0.00454479029122057,0.00454479029122057,0
MONETARY_BASE,triangulation,old_vs_aux,AMBSL,AMBNS,6,1946-07-01,-0.00440824488624614,-0.00440824488624614,0
MONETARY_BASE,triangulation,old_vs_aux,AMBSL,AMBNS,6,1946-08-01,-0.00237862264800448,-0.00237862264800448,0
MONETARY_BASE,triangulation,old_vs_aux,AMBSL,AMBNS,6,1946-09-01,0.00376047806483726,0.00376047806483726,0
MONETARY_BASE,triangulation,old_vs_aux,AMBSL,AMBNS,6,1946-10-01,-0.00252073726802982,-0.00252073726802982,0
MONETARY_BASE,triangulation,old_vs_aux,AMBSL,AMBNS,6,1946-11-01,0.00292352966747345,0.00292352966747345,0
MONETARY_BASE,triangulation,old_vs_aux,AMBSL,AMBNS,6,1946-12-01,0.00504129417053312,0.00504129417053312,0
MONETARY_BASE,triangulation,old_vs_aux,AMBSL,AMBNS,6,1947-01-01,-0.0249298834389204,-0.0249298834389204,0
MONETARY_BASE,triangulation,old_vs_aux,AMBSL,AMBNS,6,1947-02-01,0.00150720415733252,0.00150720415733252,0
MONETARY_BASE,triangulation,old_vs_aux,AMBSL,AMBNS,6,1947-03-01,0.0128691063739335,0.0128691063739335,0
MONETARY_BASE,triangulation,old_vs_aux,AMBSL,AMBNS,6,1947-04-01,-0.0039736429029178,-0.0039736429029178,0
MONETARY_BASE,triangulation,old_vs_aux,AMBSL,AMBNS,6,1947-05-01,0.00340077260715788,0.00340077260715788,0
MONETARY_BASE,triangulation,old_vs_aux,AMBSL,AMBNS,6,1947-06-01,0.0052394801263107,0.0052394801263107,0
MONETARY_BASE,triangulation,old_vs_aux,AMBSL,AMBNS,6,1947-07-01,-0.00133866350727363,-0.00133866350727363,0
MONETARY_BASE,triangulation,old_vs_aux,AMBSL,AMBNS,6,1947-08-01,-0.00168353526290055,-0.00168353526290055,0
MONETARY_BASE,triangulation,old_vs_aux,AMBSL,AMBNS,6,1947-09-01,0.0159466755149471,0.0159466755149471,0
MONETARY_BASE,triangulation,old_vs_aux,AMBSL,AMBNS,6,1947-10-01,-0.0160386149794891,-0.0160386149794891,0
MONETARY_BASE,triangulation,old_vs_aux,AMBSL,AMBNS,6,1947-11-01,-0.0029036671784386,-0.0029036671784386,0
MONETARY_BASE,triangulation,old_vs_aux,AMBSL,AMBNS,6,1947-12-01,0.0143220820840453,0.0143220820840453,0
MONETARY_BASE,triangulation,old_vs_aux,AMBSL,AMBNS,6,1948-01-01,-0.0241578535539744,-0.0241578535539744,0
MONETARY_BASE,triangulation,old_vs_aux,AMBSL,AMBNS,6,1948-02-01,-0.00893017224405002,-0.00893017224405002,0
MONETARY_BASE,triangulation,old_vs_aux,AMBSL,AMBNS,6,1948-03-01,0.0134918091824088,0.0134918091824088,0
MONETARY_BASE,triangulation,old_vs_aux,AMBSL,AMBNS,6,1948-04-01,-0.000921338533358185,-0.000921338533358185,0
MONETARY_BASE,triangulation,old_vs_aux,AMBSL,AMBNS,6,1948-05-01,0.00621340446725283,0.00621340446725283,0
MONETARY_BASE,triangulation,old_vs_aux,AMBSL,AMBNS,6,1948-06-01,0.007111611737737,0.007111611737737,0
MONETARY_BASE,triangulation,old_vs_aux,AMBSL,AMBNS,6,1948-07-01,-0.00384971818592339,-0.00384971818592339,0
MONETARY_BASE,triangulation,old_vs_aux,AMBSL,AMBNS,6,1948-08-01,0.00104677879572357,0.00104677879572357,0
MONETARY_BASE,triangulation,old_vs_aux,AMBSL,AMBNS,6,1948-09-01,0.00779828170318675,0.00779828170318675,0
MONETARY_BASE,triangulation,old_vs_aux,AMBSL,AMBNS,6,1948-10-01,-0.0148494422583823,-0.0148494422583823,0
MONETARY_BASE,triangulation,old_vs_aux,AMBSL,AMBNS,6,1948-11-01,0.00589116597441164,0.00589116597441164,0
MONETARY_BASE,triangulation,old_vs_aux,AMBSL,AMBNS,6,1948-12-01,0.00426254327765374,0.00426254327765374,0
MONETARY_BASE,triangulation,old_vs_aux,AMBSL,AMBNS,6,1949-01-01,-0.0207899412224744,-0.0207899412224744,0
MONETARY_BASE,triangulation,old_vs_aux,AMBSL,AMBNS,6,1949-02-01,-0.00073470708560297,-0.00073470708560297,0
MONETARY_BASE,triangulation,old_vs_aux,AMBSL,AMBNS,6,1949-03-01,0.0121222746795517,0.0121222746795517,0
MONETARY_BASE,triangulation,old_vs_aux,AMBSL,AMBNS,6,1949-04-01,-0.000777306877366879,-0.000777306877366879,0
MONETARY_BASE,triangulation,old_vs_aux,AMBSL,AMBNS,6,1949-05-01,0.00437972409987264,0.00437972409987264,0
MONETARY_BASE,triangulation,old_vs_aux,AMBSL,AMBNS,6,1949-06-01,-9.21247476237674e-05,-9.21247476237674e-05,0
MONETARY_BASE,triangulation,old_vs_aux,AMBSL,AMBNS,6,1949-07-01,0.00833419581788641,0.00833419581788641,0
MONETARY_BASE,triangulation,old_vs_aux,AMBSL,AMBNS,6,1949-08-01,-0.00830624455635887,-0.00830624455635887,0
MONETARY_BASE,triangulation,old_vs_aux,AMBSL,AMBNS,6,1949-09-01,0.00306390505229448,0.00306390505229448,0
MONETARY_BASE,triangulation,old_vs_aux,AMBSL,AMBNS,6,1949-10-01,-0.00354963249727946,-0.00354963249727946,0
MONETARY_BASE,triangulation,old_vs_aux,AMBSL,AMBNS,6,1949-11-01,0.000212052823442832,0.000212052823442832,0
MONETARY_BASE,triangulation,old_vs_aux,AMBSL,AMBNS,6,1949-12-01,0.00946731132978806,0.00946731132978806,0
MONETARY_BASE,triangulation,old_vs_aux,AMBSL,AMBNS,6,1950-01-01,-0.0253774375489826,-0.0182684028698761,0.00710903467910651
MONETARY_BASE,triangulation,old_vs_aux,AMBSL,AMBNS,6,1950-02-01,0.0163065822027302,-0.00509905155105184,-0.021405633753782
MONETARY_BASE,triangulation,old_vs_aux,AMBSL,AMBNS,6,1950-03-01,0.000121661453271749,0.0143301753185363,0.0142085138652646
MONETARY_BASE,triangulation,old_vs_aux,AMBSL,AMBNS,6,1950-04-01,-0.000639793891110241,-0.00384099328402865,-0.00320119939291841
MONETARY_BASE,triangulation,old_vs_aux,AMBSL,AMBNS,6,1950-05-01,0.00179578874973529,0.0030727650944069,0.00127697634467161
MONETARY_BASE,triangulation,old_vs_aux,AMBSL,AMBNS,6,1950-06-01,-0.00468902980804442,0.00516168269013884,0.00985071249818326
MONETARY_BASE,triangulation,old_vs_aux,AMBSL,AMBNS,6,1950-07-01,0.00261854540539064,-0.00170224565103361,-0.00432079105642424
MONETARY_BASE,triangulation,old_vs_aux,AMBSL,AMBNS,6,1950-08-01,-0.000488624026499629,-0.00697750549657661,-0.00648888147007698
MONETARY_BASE,triangulation,old_vs_aux,AMBSL,AMBNS,6,1950-09-01,0.00554654146075695,0.014259254803374,0.00871271334261703
MONETARY_BASE,triangulation,old_vs_aux,AMBSL,AMBNS,6,1950-10-01,-0.00238447417724785,-0.00534775928779885,-0.00296328511055099
MONETARY_BASE,triangulation,old_vs_aux,AMBSL,AMBNS,6,1950-11-01,-0.00443237856042256,-0.00234162675873151,0.00209075180169105
MONETARY_BASE,triangulation,old_vs_aux,AMBSL,AMBNS,6,1950-12-01,0.0103570058892699,0.0217357071824593,0.0113787012931894
MONETARY_BASE,triangulation,old_vs_aux,AMBSL,AMBNS,6,1951-01-01,-0.00750888430382357,-0.0423565484498392,-0.0348476641460156
MONETARY_BASE,triangulation,old_vs_aux,AMBSL,AMBNS,6,1951-02-01,0.00180366369084917,0.00608165540418515,0.00427799171333598
MONETARY_BASE,triangulation,old_vs_aux,AMBSL,AMBNS,6,1951-03-01,0.00412055503437836,0.0178908421533572,0.0137702871189789
MONETARY_BASE,triangulation,old_vs_aux,AMBSL,AMBNS,6,1951-04-01,-0.000370067715194988,-0.00255190218656498,-0.00218183447136999
MONETARY_BASE,triangulation,old_vs_aux,AMBSL,AMBNS,6,1951-05-01,-0.0101996497749357,-0.00904469710444378,0.00115495267049193
MONETARY_BASE,triangulation,old_vs_aux,AMBSL,AMBNS,6,1951-06-01,0.011013039574657,0.0204304894540468,0.00941744987938975
MONETARY_BASE,triangulation,old_vs_aux,AMBSL,AMBNS,6,1951-07-01,-0.00469890501754344,-0.00891915420550093,-0.00422024918795749
MONETARY_BASE,triangulation,old_vs_aux,AMBSL,AMBNS,6,1951-08-01,0.0011117103200724,-0.00509563511312061,-0.00620734543319301
MONETARY_BASE,triangulation,old_vs_aux,AMBSL,AMBNS,6,1951-09-01,0.00148028438995729,0.00915012991742525,0.00766984552746797
MONETARY_BASE,triangulation,old_vs_aux,AMBSL,AMBNS,6,1951-10-01,0.00563346063439729,0.00310322081310677,-0.00253023982129053
MONETARY_BASE,triangulation,old_vs_aux,AMBSL,AMBNS,6,1951-11-01,-0.0136599314890549,-0.0107792764932757,0.00288065499577916
MONETARY_BASE,triangulation,old_vs_aux,AMBSL,AMBNS,6,1951-12-01,0.00854186205555596,0.018913176569908,0.010371314514352
MONETARY_BASE,triangulation,old_vs_aux,AMBSL,AMBNS,6,1952-01-01,0.00418081924461644,-0.0305461815723165,-0.0347270008169329
MONETARY_BASE,triangulation,old_vs_aux,AMBSL,AMBNS,6,1952-02-01,-0.0101374199786926,-0.00580737358561034,0.00433004639308221
MONETARY_BASE,triangulation,old_vs_aux,AMBSL,AMBNS,6,1952-03-01,0.00718401629710863,0.0210307387081055,0.0138467224109968
MONETARY_BASE,triangulation,old_vs_aux,AMBSL,AMBNS,6,1952-04-01,-0.0128241265360911,-0.0140940099797775,-0.00126988344368639
MONETARY_BASE,triangulation,old_vs_aux,AMBSL,AMBNS,6,1952-05-01,0.00932196239659477,0.0102507467913804,0.000928784394785609
MONETARY_BASE,triangulation,old_vs_aux,AMBSL,AMBNS,6,1952-06-01,0.00217381792588389,0.0110965003900794,0.00892268246419547
MONETARY_BASE,triangulation,old_vs_aux,AMBSL,AMBNS,6,1952-07-01,-0.000762018689399291,-0.00461988905225841,-0.00385787036285912
MONETARY_BASE,triangulation,old_vs_aux,AMBSL,AMBNS,6,1952-08-01,-0.00322697660517335,-0.00974142605980655,-0.0065144494546332
MONETARY_BASE,triangulation,old_vs_aux,AMBSL,AMBNS,6,1952-09-01,0.00473982237153825,0.0116914762001827,0.00695165382864449
MONETARY_BASE,triangulation,old_vs_aux,AMBSL,AMBNS,6,1952-10-01,-0.00340960612789942,-0.00568422692245596,-0.00227462079455654
MONETARY_BASE,triangulation,old_vs_aux,AMBSL,AMBNS,6,1952-11-01,0.00171703807907786,0.00538561532349213,0.00366857724441427
MONETARY_BASE,triangulation,old_vs_aux,AMBSL,AMBNS,6,1952-12-01,0.000367503296088145,0.0102767665183299,0.00990926322224173
MONETARY_BASE,triangulation,old_vs_aux,AMBSL,AMBNS,6,1953-01-01,-0.00316590840144793,-0.0374272877342192,-0.0342613793327713
MONETARY_BASE,triangulation,old_vs_aux,AMBSL,AMBNS,6,1953-02-01,0.00129200359284098,0.00552382505447202,0.00423182146163104
MONETARY_BASE,triangulation,old_vs_aux,AMBSL,AMBNS,6,1953-03-01,-0.00347326496535683,0.0103360245572257,0.0138092895225825
MONETARY_BASE,triangulation,old_vs_aux,AMBSL,AMBNS,6,1953-04-01,-0.00187603301768791,-0.00415095899021667,-0.00227492597252876
MONETARY_BASE,triangulation,old_vs_aux,AMBSL,AMBNS,6,1953-05-01,0.00540427363424811,0.0066279985278439,0.00122372489359579
MONETARY_BASE,triangulation,old_vs_aux,AMBSL,AMBNS,6,1953-06-01,4.58860819660956e-05,0.00944277609272914,0.00939689001076305
MONETARY_BASE,triangulation,old_vs_aux,AMBSL,AMBNS,6,1953-07-01,0.0010572119474701,-0.00317648913335544,-0.00423370108082555
MONETARY_BASE,triangulation,old_vs_aux,AMBSL,AMBNS,6,1953-08-01,-0.00162406524163838,-0.00779860187883141,-0.00617453663719303
MONETARY_BASE,triangulation,old_vs_aux,AMBSL,AMBNS,6,1953-09-01,-0.00251133033744733,0.00513044879217261,0.00764177912961994
MONETARY_BASE,triangulation,old_vs_aux,AMBSL,AMBNS,6,1953-10-01,-0.00147339800852775,-0.00401456277299062,-0.00254116476446287
MONETARY_BASE,triangulation,old_vs_aux,AMBSL,AMBNS,6,1953-11-01,0.00223763193199478,0.00514673962509082,0.00290910769309605
MONETARY_BASE,triangulation,old_vs_aux,AMBSL,AMBNS,6,1953-12-01,-0.00398918313468632,0.00633404149137862,0.0103232246260649
MONETARY_BASE,triangulation,old_vs_aux,AMBSL,AMBNS,6,1954-01-01,0.011810922165663,-0.0228965671283237,-0.0347074892939867
MONETARY_BASE,triangulation,old_vs_aux,AMBSL,AMBNS,6,1954-02-01,-0.0147933298936045,-0.0104081206089033,0.00438520928470121
MONETARY_BASE,triangulation,old_vs_aux,AMBSL,AMBNS,6,1954-03-01,0.00538763785227436,0.01916431965304,0.0137766818007656
MONETARY_BASE,triangulation,old_vs_aux,AMBSL,AMBNS,6,1954-04-01,2.66384246332407e-05,-0.00119113308344998,-0.00121777150808322
MONETARY_BASE,triangulation,old_vs_aux,AMBSL,AMBNS,6,1954-05-01,0.00379771605225798,0.00469572016949282,0.000898004117234841
MONETARY_BASE,triangulation,old_vs_aux,AMBSL,AMBNS,6,1954-06-01,-0.00278646670879912,0.00617654165569226,0.00896300836449138
MONETARY_BASE,triangulation,old_vs_aux,AMBSL,AMBNS,6,1954-07-01,-0.00169185336097133,-0.00556667258046861,-0.00387481921949728
MONETARY_BASE,triangulation,old_vs_aux,AMBSL,AMBNS,6,1954-08-01,0.0050722349305441,-0.00150585808046255,-0.00657809301100665
MONETARY_BASE,triangulation,old_vs_aux,AMBSL,AMBNS,6,1954-09-01,-0.00752499227288528,-0.000519050279829791,0.00700594199305549
MONETARY_BASE,triangulation,old_vs_aux,AMBSL,AMBNS,6,1954-10-01,0.0104621776544329,0.00819922278079144,-0.00226295487364148
MONETARY_BASE,triangulation,old_vs_aux,AMBSL,AMBNS,6,1954-11-01,-0.00206678848139052,0.00158632601557462,0.00365311449696515
MONETARY_BASE,triangulation,old_vs_aux,AMBSL,AMBNS,6,1954-12-01,-0.00926345006792095,0.000611086980543352,0.0098745370484643
MONETARY_BASE,triangulation,old_vs_aux,AMBSL,AMBNS,6,1955-01-01,0.00644968049144357,-0.0286228697300608,-0.0350725502215044
MONETARY_BASE,triangulation,old_vs_aux,AMBSL,AMBNS,6,1955-02-01,0.000808998639799885,0.00515194874791103,0.00434295010811114
MONETARY_BASE,triangulation,old_vs_aux,AMBSL,AMBNS,6,1955-03-01,-0.00473828464810211,0.00979556742950027,0.0145338520776024
MONETARY_BASE,triangulation,old_vs_aux,AMBSL,AMBNS,6,1955-04-01,0.00635905098944267,0.00562988032485823,-0.000729170664584444
MONETARY_BASE,triangulation,old_vs_aux,AMBSL,AMBNS,6,1955-05-01,-0.00327508983758484,-0.00243293792034249,0.000842151917242351
MONETARY_BASE,triangulation,old_vs_aux,AMBSL,AMBNS,6,1955-06-01,-0.00440382288403507,0.00364740696688859,0.00805122985092366
MONETARY_BASE,triangulation,old_vs_aux,AMBSL,AMBNS,6,1955-07-01,0.00694569625601549,0.00357663105943162,-0.00336906519658386
MONETARY_BASE,triangulation,old_vs_aux,AMBSL,AMBNS,6,1955-08-01,-0.00221875959071705,-0.00936030831157675,-0.0071415487208597
MONETARY_BASE,triangulation,old_vs_aux,AMBSL,AMBNS,6,1955-09-01,-0.00229235822936191,0.00445186881581794,0.00674422704517985
MONETARY_BASE,triangulation,old_vs_aux,AMBSL,AMBNS,6,1955-10-01,0.00409684606631844,0.00187168550008154,-0.00222516056623689
MONETARY_BASE,triangulation,old_vs_aux,AMBSL,AMBNS,6,1955-11-01,-0.00242598100464964,0.00189942196434423,0.00432540296899386
MONETARY_BASE,triangulation,old_vs_aux,AMBSL,AMBNS,6,1955-12-01,-5.39977861517826e-05,0.0102300522247227,0.0102840500108745
MONETARY_BASE,triangulation,old_vs_aux,AMBSL,AMBNS,6,1956-01-01,0.00262970058372369,-0.0337706055381801,-0.0364003061219038
MONETARY_BASE,triangulation,old_vs_aux,AMBSL,AMBNS,6,1956-02-01,-0.00348880913797611,0.00105860661154544,0.00454741574952156
MONETARY_BASE,triangulation,old_vs_aux,AMBSL,AMBNS,6,1956-03-01,0.00551020868343555,0.0207956741886819,0.0152854655052463
MONETARY_BASE,triangulation,old_vs_aux,AMBSL,AMBNS,6,1956-04-01,-0.00692364588984651,-0.00686012025857208,6.35256312744303e-05
MONETARY_BASE,triangulation,old_vs_aux,AMBSL,AMBNS,6,1956-05-01,0.00133442817557139,0.00175350039529976,0.000419072219728367
MONETARY_BASE,triangulation,old_vs_aux,AMBSL,AMBNS,6,1956-06-01,0.00232448542207253,0.00941540036304334,0.0070909149409708
MONETARY_BASE,triangulation,old_vs_aux,AMBSL,AMBNS,6,1956-07-01,-0.00283131998110164,-0.00524300196105498,-0.00241168197995334
MONETARY_BASE,triangulation,old_vs_aux,AMBSL,AMBNS,6,1956-08-01,0.000800979671292446,-0.00737517778615704,-0.00817615745744948
MONETARY_BASE,triangulation,old_vs_aux,AMBSL,AMBNS,6,1956-09-01,0.00418757627568489,0.0107013798736029,0.00651380359791798
MONETARY_BASE,triangulation,old_vs_aux,AMBSL,AMBNS,6,1956-10-01,-0.00567875482797486,-0.00762629764582234,-0.00194754281784748
MONETARY_BASE,triangulation,old_vs_aux,AMBSL,AMBNS,6,1956-11-01,0.00750051591205558,0.0121349364991952,0.00463442058713959
MONETARY_BASE,triangulation,old_vs_aux,AMBSL,AMBNS,6,1956-12-01,-0.00378297056000454,0.00744744245781748,0.011230413017822
MONETARY_BASE,triangulation,old_vs_aux,AMBSL,AMBNS,6,1957-01-01,-0.00315081960093933,-0.0407342251988738,-0.0375834055979345
MONETARY_BASE,triangulation,old_vs_aux,AMBSL,AMBNS,6,1957-02-01,0.000316836612062055,0.00433214102901713,0.00401530441695508
MONETARY_BASE,triangulation,old_vs_aux,AMBSL,AMBNS,6,1957-03-01,0.00132488171302914,0.0178342799493731,0.016509398236344
MONETARY_BASE,triangulation,old_vs_aux,AMBSL,AMBNS,6,1957-04-01,0.00251221107180299,0.00310046123239305,0.000588250160590054
MONETARY_BASE,triangulation,old_vs_aux,AMBSL,AMBNS,6,1957-05-01,-0.00701217453740144,-0.00703169147684557,-1.95169394441308e-05
MONETARY_BASE,triangulation,old_vs_aux,AMBSL,AMBNS,6,1957-06-01,0.00600991785745508,0.0121404059355328,0.0061304880780777
MONETARY_BASE,triangulation,old_vs_aux,AMBSL,AMBNS,6,1957-07-01,-0.000241792040013955,-0.00144563527609876,-0.0012038432360848
MONETARY_BASE,triangulation,old_vs_aux,AMBSL,AMBNS,6,1957-08-01,-0.00401983967422614,-0.0134056012961508,-0.00938576162192462
MONETARY_BASE,triangulation,old_vs_aux,AMBSL,AMBNS,6,1957-09-01,0.00365056753919424,0.0102595994715369,0.00660903193234263
MONETARY_BASE,triangulation,old_vs_aux,AMBSL,AMBNS,6,1957-10-01,-0.00230181825643561,-0.00436506271349923,-0.00206324445706363
MONETARY_BASE,triangulation,old_vs_aux,AMBSL,AMBNS,6,1957-11-01,-0.000769296472134418,0.00463765530305427,0.00540695177518868
MONETARY_BASE,triangulation,old_vs_aux,AMBSL,AMBNS,6,1957-12-01,0.00487126343974742,0.0163606641113239,0.0114894006715764
MONETARY_BASE,triangulation,old_vs_aux,AMBSL,AMBNS,6,1958-01-01,-0.00481576708640619,-0.04281070529216,-0.0379949382057538
MONETARY_BASE,triangulation,old_vs_aux,AMBSL,AMBNS,6,1958-02-01,0.00428288740330718,0.0076553974056166,0.00337251000230943
MONETARY_BASE,triangulation,old_vs_aux,AMBSL,AMBNS,6,1958-03-01,0.00241203582850913,0.0191896032003949,0.0167775673718857
MONETARY_BASE,triangulation,old_vs_aux,AMBSL,AMBNS,6,1958-04-01,-0.00261599537337398,-0.000975819094899411,0.00164017627847457
MONETARY_BASE,triangulation,old_vs_aux,AMBSL,AMBNS,6,1958-05-01,0.00263001450441003,0.00209221497489143,-0.000537799529518601
MONETARY_BASE,triangulation,old_vs_aux,AMBSL,AMBNS,6,1958-06-01,-7.77033248411385e-05,0.00528629849005302,0.00536400181489416
MONETARY_BASE,triangulation,old_vs_aux,AMBSL,AMBNS,6,1958-07-01,-0.00602999067196075,-0.00595698948655965,7.30011854011003e-05
MONETARY_BASE,triangulation,old_vs_aux,AMBSL,AMBNS,6,1958-08-01,0.00430362586415578,-0.00604428830696779,-0.0103479141711236
MONETARY_BASE,triangulation,old_vs_aux,AMBSL,AMBNS,6,1958-09-01,-0.00689488458401843,-0.000519074971768951,0.00637580961224948
MONETARY_BASE,triangulation,old_vs_aux,AMBSL,AMBNS,6,1958-10-01,0.00451174667126963,0.00264334075346451,-0.00186840591780513
MONETARY_BASE,triangulation,old_vs_aux,AMBSL,AMBNS,6,1958-11-01,0.00132033350184768,0.00718747910232365,0.00586714560047596
MONETARY_BASE,triangulation,old_vs_aux,AMBSL,AMBNS,6,1958-12-01,-3.07874928053842e-05,0.0113187065790155,0.0113494940718208
MONETARY_BASE,triangulation,old_vs_aux,AMBSL,AMBNS,6,1959-01-01,-0.00108793725418854,-0.038553263558033,-0.0374653263038445
MONETARY_BASE,triangulation,old_vs_aux,AMBSL,AMBNS,6,1959-02-01,0.00247000355403149,0.00457250232651685,0.00210249877248536
MONETARY_BASE,triangulation,old_vs_aux,AMBSL,AMBNS,6,1959-03-01,-0.00355441522095035,0.0134766945145639,0.0170311097355142
MONETARY_BASE,triangulation,old_vs_aux,AMBSL,AMBNS,6,1959-04-01,0.00287526124849524,0.00545346054521145,0.00257819929671621
MONETARY_BASE,triangulation,old_vs_aux,AMBSL,AMBNS,6,1959-05-01,-0.000852262413457705,-0.00167422444048215,-0.000821962027024448
MONETARY_BASE,triangulation,old_vs_aux,AMBSL,AMBNS,6,1959-06-01,-0.00273967882272785,0.00186714403831578,0.00460682286104364
MONETARY_BASE,triangulation,old_vs_aux,AMBSL,AMBNS,6,1959-07-01,0.00260915375778259,0.00362347405464236,0.00101432029685977
MONETARY_BASE,triangulation,old_vs_aux,AMBSL,AMBNS,6,1959-08-01,0.000455265436517749,-0.0102257019125918,-0.0106809673491095
MONETARY_BASE,triangulation,old_vs_aux,AMBSL,AMBNS,6,1959-09-01,-0.00428708114020004,0.00150373466256681,0.00579081580276686
MONETARY_BASE,triangulation,old_vs_aux,AMBSL,AMBNS,6,1959-10-01,0.000712553459083942,-0.000561430870404944,-0.00127398432948889
MONETARY_BASE,triangulation,old_vs_aux,AMBSL,AMBNS,6,1959-11-01,-0.000564824621218651,0.0055524738759245,0.00611729849714315
MONETARY_BASE,triangulation,old_vs_aux,AMBSL,AMBNS,6,1959-12-01,0.00255966578494426,0.0131842733402849,0.0106246075553407
MONETARY_BASE,triangulation,old_vs_aux,AMBSL,AMBNS,6,1960-01-01,0.00137945653167248,-0.0348014785578208,-0.0361809350894933
MONETARY_BASE,triangulation,old_vs_aux,AMBSL,AMBNS,6,1960-02-01,-0.00503774448400529,-0.00426491067288826,0.000772833811117035
MONETARY_BASE,triangulation,old_vs_aux,AMBSL,AMBNS,6,1960-03-01,0.00224962947669427,0.018997003307081,0.0167473738303867
MONETARY_BASE,triangulation,old_vs_aux,AMBSL,AMBNS,6,1960-04-01,0.0012041786288628,0.00500266955553119,0.0037984909266684
MONETARY_BASE,triangulation,old_vs_aux,AMBSL,AMBNS,6,1960-05-01,0.000971917892340191,-0.00039620752245062,-0.00136812541479081
MONETARY_BASE,triangulation,old_vs_aux,AMBSL,AMBNS,6,1960-06-01,-0.0013822022731067,0.00276913641893639,0.00415133869204309
MONETARY_BASE,triangulation,old_vs_aux,AMBSL,AMBNS,6,1960-07-01,0.00211955965228672,0.00402216193911098,0.00190260228682426
MONETARY_BASE,triangulation,old_vs_aux,AMBSL,AMBNS,6,1960-08-01,-0.000387120683725595,-0.0114634608269206,-0.011076340143195
MONETARY_BASE,triangulation,old_vs_aux,AMBSL,AMBNS,6,1960-09-01,0.00164683302491841,0.00714463843312974,0.00549780540821132
MONETARY_BASE,triangulation,old_vs_aux,AMBSL,AMBNS,6,1960-10-01,-0.00142936975114516,-0.00222262806352713,-0.000793258312381973
MONETARY_BASE,triangulation,old_vs_aux,AMBSL,AMBNS,6,1960-11-01,0.000525867510313471,0.00669866356991422,0.00617279605960075
MONETARY_BASE,triangulation,old_vs_aux,AMBSL,AMBNS,6,1960-12-01,-0.00374110689595142,0.00631144563066588,0.0100525525266173
MONETARY_BASE,triangulation,old_vs_aux,AMBSL,AMBNS,6,1961-01-01,0.00358567736457482,-0.0312159889220385,-0.0348016662866133
MONETARY_BASE,triangulation,old_vs_aux,AMBSL,AMBNS,6,1961-02-01,-3.13829772986551e-05,-0.00102649632428342,-0.000995113346984766
MONETARY_BASE,triangulation,old_vs_aux,AMBSL,AMBNS,6,1961-03-01,-0.00332349529189724,0.0139530384372,0.0172765337290972
MONETARY_BASE,triangulation,old_vs_aux,AMBSL,AMBNS,6,1961-04-01,0.000528228029848865,0.0047872498729653,0.00425902184311644
MONETARY_BASE,triangulation,old_vs_aux,AMBSL,AMBNS,6,1961-05-01,0.000503569683598215,-0.0014784326822439,-0.00198200236584212
MONETARY_BASE,triangulation,old_vs_aux,AMBSL,AMBNS,6,1961-06-01,0.00351800247025658,0.00791393779485894,0.00439593532460236
MONETARY_BASE,triangulation,old_vs_aux,AMBSL,AMBNS,6,1961-07-01,-0.0032929864620086,-0.00125143533576155,0.00204155112624704
MONETARY_BASE,triangulation,old_vs_aux,AMBSL,AMBNS,6,1961-08-01,0.00554874350335499,-0.00577953733963898,-0.011328280842994
MONETARY_BASE,triangulation,old_vs_aux,AMBSL,AMBNS,6,1961-09-01,-0.00229261470844433,0.00352735790036585,0.00581997260881018
MONETARY_BASE,triangulation,old_vs_aux,AMBSL,AMBNS,6,1961-10-01,0.00221120219367332,0.00120544329839722,-0.0010057588952761
MONETARY_BASE,triangulation,old_vs_aux,AMBSL,AMBNS,6,1961-11-01,-0.00204903188340788,0.00465028730842088,0.00669931919182876
MONETARY_BASE,triangulation,old_vs_aux,AMBSL,AMBNS,6,1961-12-01,-0.00136305231730605,0.00789869340545568,0.00926174572276173
MONETARY_BASE,triangulation,old_vs_aux,AMBSL,AMBNS,6,1962-01-01,0.00109474971648771,-0.0325430473977879,-0.0336377971142756
MONETARY_BASE,triangulation,old_vs_aux,AMBSL,AMBNS,6,1962-02-01,-0.00338014860558333,-0.00538366947698865,-0.00200352087140532
MONETARY_BASE,triangulation,old_vs_aux,AMBSL,AMBNS,6,1962-03-01,0.00417045417693673,0.0216103008631938,0.0174398466862571
MONETARY_BASE,triangulation,old_vs_aux,AMBSL,AMBNS,6,1962-04-01,0.000683743068995657,0.00501708908847043,0.00433334601947477
MONETARY_BASE,triangulation,old_vs_aux,AMBSL,AMBNS,6,1962-05-01,-0.00190632344868291,-0.00455850397838331,-0.0026521805297004
MONETARY_BASE,triangulation,old_vs_aux,AMBSL,AMBNS,6,1962-06-01,-0.000996876690244619,0.00447369207240467,0.00547056876264929
MONETARY_BASE,triangulation,old_vs_aux,AMBSL,AMBNS,6,1962-07-01,0.000644334072690267,0.00205098267824688,0.00140664860555662
MONETARY_BASE,triangulation,old_vs_aux,AMBSL,AMBNS,6,1962-08-01,-5.55466742779842e-05,-0.0116645591038282,-0.0116090124295503
MONETARY_BASE,triangulation,old_vs_aux,AMBSL,AMBNS,6,1962-09-01,-0.0029984417995359,0.00352416350103724,0.00652260530057314
MONETARY_BASE,triangulation,old_vs_aux,AMBSL,AMBNS,6,1962-10-01,0.00547440533893706,0.00419820793326542,-0.00127619740567164
MONETARY_BASE,triangulation,old_vs_aux,AMBSL,AMBNS,6,1962-11-01,-0.00121337058947635,0.00549255122020931,0.00670592180968566
MONETARY_BASE,triangulation,old_vs_aux,AMBSL,AMBNS,6,1962-12-01,5.52284654946611e-05,0.00953839694562442,0.00948316848012976
MONETARY_BASE,triangulation,old_vs_aux,AMBSL,AMBNS,6,1963-01-01,-0.00157207240864654,-0.0348412772261195,-0.033269204817473
MONETARY_BASE,triangulation,old_vs_aux,AMBSL,AMBNS,6,1963-02-01,0.00218033810059248,-0.00050742019024641,-0.00268775829083889
MONETARY_BASE,triangulation,old_vs_aux,AMBSL,AMBNS,6,1963-03-01,1.97263167711625e-06,0.0177591790725904,0.0177572064409133
MONETARY_BASE,triangulation,old_vs_aux,AMBSL,AMBNS,6,1963-04-01,-0.000649831863571926,0.00363754738994171,0.00428737925351363
MONETARY_BASE,triangulation,old_vs_aux,AMBSL,AMBNS,6,1963-05-01,0.00142086528184082,-0.00193881025048759,-0.00335967553232841
MONETARY_BASE,triangulation,old_vs_aux,AMBSL,AMBNS,6,1963-06-01,-0.00268129567115016,0.00371390489429091,0.00639520056544107
MONETARY_BASE,triangulation,old_vs_aux,AMBSL,AMBNS,6,1963-07-01,0.00445050727127239,0.00533369039335607,0.000883183122083686
MONETARY_BASE,triangulation,old_vs_aux,AMBSL,AMBNS,6,1963-08-01,-0.00543820786303373,-0.0174033379581351,-0.0119651300951014
MONETARY_BASE,triangulation,old_vs_aux,AMBSL,AMBNS,6,1963-09-01,0.00321340124175018,0.0102441211537894,0.00703071991203919
MONETARY_BASE,triangulation,old_vs_aux,AMBSL,AMBNS,6,1963-10-01,-0.00224785833179908,-0.00369506302178202,-0.00144720468998294
MONETARY_BASE,triangulation,old_vs_aux,AMBSL,AMBNS,6,1963-11-01,0.00239093982955385,0.00913727538410969,0.00674633555455584
MONETARY_BASE,triangulation,old_vs_aux,AMBSL,AMBNS,6,1963-12-01,0.00544513569516436,0.0153945272985085,0.00994939160334418
MONETARY_BASE,triangulation,old_vs_aux,AMBSL,AMBNS,6,1964-01-01,-0.0101178556781574,-0.0432354237019017,-0.0331175680237443
MONETARY_BASE,triangulation,old_vs_aux,AMBSL,AMBNS,6,1964-02-01,0.00142867836949279,-0.00125960156770644,-0.00268827993719922
MONETARY_BASE,triangulation,old_vs_aux,AMBSL,AMBNS,6,1964-03-01,0.00481724932905481,0.0219943925101602,0.0171771431811054
MONETARY_BASE,triangulation,old_vs_aux,AMBSL,AMBNS,6,1964-04-01,-0.00319735425038692,0.00133291454566242,0.00453026879604934
MONETARY_BASE,triangulation,old_vs_aux,AMBSL,AMBNS,6,1964-05-01,0.00102184231380731,-0.00294502210194159,-0.00396686441574889
MONETARY_BASE,triangulation,old_vs_aux,AMBSL,AMBNS,6,1964-06-01,0.00255928927660332,0.00964866459438429,0.00708937531778098
MONETARY_BASE,triangulation,old_vs_aux,AMBSL,AMBNS,6,1964-07-01,-0.00454702927310136,-0.00396242626952859,0.00058460300357277
MONETARY_BASE,triangulation,old_vs_aux,AMBSL,AMBNS,6,1964-08-01,0.00376625423344468,-0.00865765079724934,-0.012423905030694
MONETARY_BASE,triangulation,old_vs_aux,AMBSL,AMBNS,6,1964-09-01,0.000412406663793163,0.00779372691352309,0.00738132024972993
MONETARY_BASE,triangulation,old_vs_aux,AMBSL,AMBNS,6,1964-10-01,-0.00329546881972309,-0.00458006618486673,-0.00128459736514364
MONETARY_BASE,triangulation,old_vs_aux,AMBSL,AMBNS,6,1964-11-01,0.00148200349179017,0.00780945371742803,0.00632745022563785
MONETARY_BASE,triangulation,old_vs_aux,AMBSL,AMBNS,6,1964-12-01,-0.00204119161873617,0.00872515676529417,0.0107663483840303
MONETARY_BASE,triangulation,old_vs_aux,AMBSL,AMBNS,6,1965-01-01,0.000818425604212525,-0.0318337761443899,-0.0326522017486024
MONETARY_BASE,triangulation,old_vs_aux,AMBSL,AMBNS,6,1965-02-01,0.00274761674366131,-0.000558611751528826,-0.00330622849519013
MONETARY_BASE,triangulation,old_vs_aux,AMBSL,AMBNS,6,1965-03-01,-0.00265822368193858,0.0142019214556099,0.0168601451375485
MONETARY_BASE,triangulation,old_vs_aux,AMBSL,AMBNS,6,1965-04-01,-7.66017213726933e-05,0.00468084609273145,0.00475744781410414
MONETARY_BASE,triangulation,old_vs_aux,AMBSL,AMBNS,6,1965-05-01,-0.00113801482356823,-0.00554077596697811,-0.00440276114340987
MONETARY_BASE,triangulation,old_vs_aux,AMBSL,AMBNS,6,1965-06-01,0.00267146459435308,0.0101329057106252,0.00746144111627212
MONETARY_BASE,triangulation,old_vs_aux,AMBSL,AMBNS,6,1965-07-01,-0.000521950441734198,-0.000252217029712565,0.000269733412021633
MONETARY_BASE,triangulation,old_vs_aux,AMBSL,AMBNS,6,1965-08-01,0.000388931438336737,-0.0119664386908256,-0.0123553701291623
MONETARY_BASE,triangulation,old_vs_aux,AMBSL,AMBNS,6,1965-09-01,-0.000658928069880993,0.00654693128648542,0.00720585935636642
MONETARY_BASE,triangulation,old_vs_aux,AMBSL,AMBNS,6,1965-10-01,0.00444770085130397,0.00350039969798033,-0.000947301153323643
MONETARY_BASE,triangulation,old_vs_aux,AMBSL,AMBNS,6,1965-11-01,-0.00448540025231869,0.001560937384947,0.0060463376372657
MONETARY_BASE,triangulation,old_vs_aux,AMBSL,AMBNS,6,1965-12-01,0.00302906603696274,0.0140869928043568,0.011057926767394
MONETARY_BASE,triangulation,old_vs_aux,AMBSL,AMBNS,6,1966-01-01,-0.0037381247789634,-0.0351949841729096,-0.0314568593939462
MONETARY_BASE,triangulation,old_vs_aux,AMBSL,AMBNS,6,1966-02-01,0.00161523991883872,-0.00256637474390109,-0.00418161466273981
MONETARY_BASE,triangulation,old_vs_aux,AMBSL,AMBNS,6,1966-03-01,-0.00117326630685755,0.0149079602197886,0.0160812265266461
MONETARY_BASE,triangulation,old_vs_aux,AMBSL,AMBNS,6,1966-04-01,0.00230313101446189,0.00760241082685509,0.0052992798123932
MONETARY_BASE,triangulation,old_vs_aux,AMBSL,AMBNS,6,1966-05-01,-0.00240454479853458,-0.00685630615934896,-0.00445176136081438
MONETARY_BASE,triangulation,old_vs_aux,AMBSL,AMBNS,6,1966-06-01,-0.00202448154857526,0.00523183042920872,0.00725631197778398
MONETARY_BASE,triangulation,old_vs_aux,AMBSL,AMBNS,6,1966-07-01,0.00495166900434585,0.00510730119143377,0.000155632187087917
MONETARY_BASE,triangulation,old_vs_aux,AMBSL,AMBNS,6,1966-08-01,-0.00806955251416008,-0.0199478733699814,-0.0118783208558213
MONETARY_BASE,triangulation,old_vs_aux,AMBSL,AMBNS,6,1966-09-01,0.00615839530811835,0.0124474518904636,0.00628905658234524
MONETARY_BASE,triangulation,old_vs_aux,AMBSL,AMBNS,6,1966-10-01,-0.00451204750553647,-0.00440682083775812,0.000105226667778346
MONETARY_BASE,triangulation,old_vs_aux,AMBSL,AMBNS,6,1966-11-01,0.00298542876565788,0.00843268585183887,0.00544725708618099
MONETARY_BASE,triangulation,old_vs_aux,AMBSL,AMBNS,6,1966-12-01,0.000275344153021884,0.011475551613648,0.0112002074606261
MONETARY_BASE,triangulation,old_vs_aux,AMBSL,AMBNS,6,1967-01-01,0.00153097439491878,-0.0284580468859805,-0.0299890212808993
MONETARY_BASE,triangulation,old_vs_aux,AMBSL,AMBNS,6,1967-02-01,0.000294396100398941,-0.00539095923050592,-0.00568535533090486
MONETARY_BASE,triangulation,old_vs_aux,AMBSL,AMBNS,6,1967-03-01,0.00388188880285334,0.0196743430345498,0.0157924542316965
MONETARY_BASE,triangulation,old_vs_aux,AMBSL,AMBNS,6,1967-04-01,-0.00971409293715242,-0.00367336857754452,0.0060407243596079
MONETARY_BASE,triangulation,old_vs_aux,AMBSL,AMBNS,6,1967-05-01,0.00475989091399454,0.000460548354213497,-0.00429934255978104
MONETARY_BASE,triangulation,old_vs_aux,AMBSL,AMBNS,6,1967-06-01,0.00133742232319856,0.00748697622421401,0.00614955390101546
MONETARY_BASE,triangulation,old_vs_aux,AMBSL,AMBNS,6,1967-07-01,-0.00106939146210161,-0.00038266319839364,0.00068672826370797
MONETARY_BASE,triangulation,old_vs_aux,AMBSL,AMBNS,6,1967-08-01,-0.000851558684468401,-0.0121524858649278,-0.0113009271804594
MONETARY_BASE,triangulation,old_vs_aux,AMBSL,AMBNS,6,1967-09-01,0.00350218029750105,0.00855611808162893,0.00505393778412788
MONETARY_BASE,triangulation,old_vs_aux,AMBSL,AMBNS,6,1967-10-01,-0.00103566495506113,2.06406964813333e-05,0.00105630565154247
MONETARY_BASE,triangulation,old_vs_aux,AMBSL,AMBNS,6,1967-11-01,-0.00204699283203169,0.00304941091786226,0.00509640374989395
MONETARY_BASE,triangulation,old_vs_aux,AMBSL,AMBNS,6,1967-12-01,0.000575454925448859,0.0116068612564533,0.0110314063310044
MONETARY_BASE,triangulation,old_vs_aux,AMBSL,AMBNS,6,1968-01-01,0.000352006839437813,-0.0278951760976289,-0.0282471829370667
MONETARY_BASE,triangulation,old_vs_aux,AMBSL,AMBNS,6,1968-02-01,-0.000651459882081262,-0.00782122130032459,-0.00716976141824333
MONETARY_BASE,triangulation,old_vs_aux,AMBSL,AMBNS,6,1968-03-01,0.00231823778726792,0.0177917544204904,0.0154735166332225
MONETARY_BASE,triangulation,old_vs_aux,AMBSL,AMBNS,6,1968-04-01,-0.003358709289766,0.00325838981846349,0.0066170991082295
MONETARY_BASE,triangulation,old_vs_aux,AMBSL,AMBNS,6,1968-05-01,7.50576396226776e-05,-0.00340923874726862,-0.00348429638689129
MONETARY_BASE,triangulation,old_vs_aux,AMBSL,AMBNS,6,1968-06-01,0.00405846654749098,0.0080449253022481,0.00398645875475712
MONETARY_BASE,triangulation,old_vs_aux,AMBSL,AMBNS,6,1968-07-01,-0.00297097047469208,-0.000831387701029307,0.00213958277366277
MONETARY_BASE,triangulation,old_vs_aux,AMBSL,AMBNS,6,1968-08-01,0.00237597985807536,-0.00891892872599076,-0.0112949085840661
MONETARY_BASE,triangulation,old_vs_aux,AMBSL,AMBNS,6,1968-09-01,-0.00205461600843027,0.00209434527073515,0.00414896127916542
MONETARY_BASE,triangulation,old_vs_aux,AMBSL,AMBNS,6,1968-10-01,0.00155980665731192,0.00317731650929343,0.0016175098519815
MONETARY_BASE,triangulation,old_vs_aux,AMBSL,AMBNS,6,1968-11-01,7.08336851928948e-06,0.00501284263365598,0.00500575926513669
MONETARY_BASE,triangulation,old_vs_aux,AMBSL,AMBNS,6,1968-12-01,-0.00106969985849048,0.00960250856283995,0.0106722084213304
MONETARY_BASE,triangulation,old_vs_aux,AMBSL,AMBNS,6,1969-01-01,-0.000147981585083556,-0.0265059489798372,-0.0263579673947536
MONETARY_BASE,triangulation,old_vs_aux,AMBSL,AMBNS,6,1969-02-01,-0.00204543644847899,-0.0107204252083442,-0.00867498875986517
MONETARY_BASE,triangulation,old_vs_aux,AMBSL,AMBNS,6,1969-03-01,-0.00230806134842787,0.0132114932284937,0.0155195545769216
MONETARY_BASE,triangulation,old_vs_aux,AMBSL,AMBNS,6,1969-04-01,-0.000850351661601856,0.00605300393410513,0.00690335559570698
MONETARY_BASE,triangulation,old_vs_aux,AMBSL,AMBNS,6,1969-05-01,0.00731784814704461,0.0045838366428157,-0.00273401150422892
MONETARY_BASE,triangulation,old_vs_aux,AMBSL,AMBNS,6,1969-06-01,-0.00481015002913043,-0.00288101622015535,0.00192913380897508
MONETARY_BASE,triangulation,old_vs_aux,AMBSL,AMBNS,6,1969-07-01,-0.00521712052637024,-0.00181012422036808,0.00340699630600216
MONETARY_BASE,triangulation,old_vs_aux,AMBSL,AMBNS,6,1969-08-01,0.0108219697236338,-0.000327340039644852,-0.0111493097632787
MONETARY_BASE,triangulation,old_vs_aux,AMBSL,AMBNS,6,1969-09-01,-0.00633125736932616,-0.00317359027541109,0.00315766709391507
MONETARY_BASE,triangulation,old_vs_aux,AMBSL,AMBNS,6,1969-10-01,0.00185557168703809,0.00408984126808232,0.00223426958104422
MONETARY_BASE,triangulation,old_vs_aux,AMBSL,AMBNS,6,1969-11-01,0.00431039714149239,0.00910434667246207,0.00479394953096968
MONETARY_BASE,triangulation,old_vs_aux,AMBSL,AMBNS,6,1969-12-01,-0.00551641465653141,0.00474568240846107,0.0102620970649925
MONETARY_BASE,triangulation,old_vs_aux,AMBSL,AMBNS,6,1970-01-01,0.000394903366825794,-0.0237102342640574,-0.0241051376308832
MONETARY_BASE,triangulation,old_vs_aux,AMBSL,AMBNS,6,1970-02-01,-4.12759016041875e-05,-0.0105349847337282,-0.010493708832124
MONETARY_BASE,triangulation,old_vs_aux,AMBSL,AMBNS,6,1970-03-01,-0.00100001221390933,0.0150381887115039,0.0160382009254132
MONETARY_BASE,triangulation,old_vs_aux,AMBSL,AMBNS,6,1970-04-01,0.00642331329008261,0.0135276134995239,0.00710430020944131
MONETARY_BASE,triangulation,old_vs_aux,AMBSL,AMBNS,6,1970-05-01,-0.00211688083407502,-0.00467715325378126,-0.00256027241970624
MONETARY_BASE,triangulation,old_vs_aux,AMBSL,AMBNS,6,1970-06-01,-0.00212448569702328,-0.00207643122859835,4.80544684249296e-05
MONETARY_BASE,triangulation,old_vs_aux,AMBSL,AMBNS,6,1970-07-01,0.00129441973904143,0.00640463106312872,0.00511021132408729
MONETARY_BASE,triangulation,old_vs_aux,AMBSL,AMBNS,6,1970-08-01,0.00175361911237903,-0.00987151820394683,-0.0116251373163259
MONETARY_BASE,triangulation,old_vs_aux,AMBSL,AMBNS,6,1970-09-01,0.00240645014807139,0.00477669534793979,0.00237024519986839
MONETARY_BASE,triangulation,old_vs_aux,AMBSL,AMBNS,6,1970-10-01,-0.00501372227017161,-0.00173490168776347,0.00327882058240814
MONETARY_BASE,triangulation,old_vs_aux,AMBSL,AMBNS,6,1970-11-01,-0.000401477086244384,0.00375277299299714,0.00415425007924153
MONETARY_BASE,triangulation,old_vs_aux,AMBSL,AMBNS,6,1970-12-01,0.00293154425621278,0.012902583371404,0.00997103911519126
MONETARY_BASE,triangulation,old_vs_aux,AMBSL,AMBNS,6,1971-01-01,-0.00057579156961296,-0.0225228380807572,-0.0219470465111442
MONETARY_BASE,triangulation,old_vs_aux,AMBSL,AMBNS,6,1971-02-01,0.00248775455010364,-0.00987415201989261,-0.0123619065699963
MONETARY_BASE,triangulation,old_vs_aux,AMBSL,AMBNS,6,1971-03-01,-0.00316580034571601,0.0137317641263346,0.0168975644720506
MONETARY_BASE,triangulation,old_vs_aux,AMBSL,AMBNS,6,1971-04-01,-0.00175528296764593,0.00590874661059448,0.00766402957824042
MONETARY_BASE,triangulation,old_vs_aux,AMBSL,AMBNS,6,1971-05-01,0.00517322804936704,0.00169845396203971,-0.00347477408732733
MONETARY_BASE,triangulation,old_vs_aux,AMBSL,AMBNS,6,1971-06-01,-0.00353075858918839,-0.00476449266886902,-0.00123373407968064
MONETARY_BASE,triangulation,old_vs_aux,AMBSL,AMBNS,6,1971-07-01,0.00231366389096266,0.0091062981976,0.00679263430663735
MONETARY_BASE,triangulation,old_vs_aux,AMBSL,AMBNS,6,1971-08-01,-0.00297971741951208,-0.0154802522893798,-0.0125005348698677
MONETARY_BASE,triangulation,old_vs_aux,AMBSL,AMBNS,6,1971-09-01,0.00197909913465733,0.0040432380940354,0.00206413895937807
MONETARY_BASE,triangulation,old_vs_aux,AMBSL,AMBNS,6,1971-10-01,-0.00568052812556363,-0.00135205968512686,0.00432846844043677
MONETARY_BASE,triangulation,old_vs_aux,AMBSL,AMBNS,6,1971-11-01,0.00425310236611853,0.00774842243674367,0.00349532007062514
MONETARY_BASE,triangulation,old_vs_aux,AMBSL,AMBNS,6,1971-12-01,-0.00378429600162544,0.00590466891704278,0.00968896491866822
MONETARY_BASE,triangulation,old_vs_aux,AMBSL,AMBNS,6,1972-01-01,0.00547629004672423,-0.0145737947300439,-0.0200500847767682
MONETARY_BASE,triangulation,old_vs_aux,AMBSL,AMBNS,6,1972-02-01,0.00343651284506841,-0.0109890495281606,-0.014425562373229
MONETARY_BASE,triangulation,old_vs_aux,AMBSL,AMBNS,6,1972-03-01,-0.00798466671144205,0.0104591397389768,0.0184438064504189
MONETARY_BASE,triangulation,old_vs_aux,AMBSL,AMBNS,6,1972-04-01,0.00298486999231784,0.0107233538033258,0.00773848381100795
MONETARY_BASE,triangulation,old_vs_aux,AMBSL,AMBNS,6,1972-05-01,-0.000415147966380758,-0.00472247971704221,-0.00430733175066145
MONETARY_BASE,triangulation,old_vs_aux,AMBSL,AMBNS,6,1972-06-01,0.00219273354395266,-0.000187745037519171,-0.00238047858147183
MONETARY_BASE,triangulation,old_vs_aux,AMBSL,AMBNS,6,1972-07-01,-0.00234269528402198,0.00600922357872591,0.00835191886274789
MONETARY_BASE,triangulation,old_vs_aux,AMBSL,AMBNS,6,1972-08-01,0.00221982476146199,-0.0113634319911755,-0.0135832567526375
MONETARY_BASE,triangulation,old_vs_aux,AMBSL,AMBNS,6,1972-09-01,-0.0033629043071155,-0.00105791186290727,0.00230499244420823
MONETARY_BASE,triangulation,old_vs_aux,AMBSL,AMBNS,6,1972-10-01,0.00624505776020445,0.0111671028092335,0.00492204504902904
MONETARY_BASE,triangulation,old_vs_aux,AMBSL,AMBNS,6,1972-11-01,-0.00357914832733819,-7.30985525088101e-06,0.00357183847208731
MONETARY_BASE,triangulation,old_vs_aux,AMBSL,AMBNS,6,1972-12-01,0.000980533654066029,0.00993693578541688,0.00895640213135085
MONETARY_BASE,triangulation,old_vs_aux,AMBSL,AMBNS,6,1973-01-01,0.0037202095147606,-0.0152470049999778,-0.0189672145147384
MONETARY_BASE,triangulation,old_vs_aux,AMBSL,AMBNS,6,1973-02-01,-0.00724722132492062,-0.0231603758692165,-0.0159131545442959
MONETARY_BASE,triangulation,old_vs_aux,AMBSL,AMBNS,6,1973-03-01,0.00638752399341413,0.0266808420335352,0.020293318040121
MONETARY_BASE,triangulation,old_vs_aux,AMBSL,AMBNS,6,1973-04-01,-0.00375856280858056,0.00382582029328571,0.00758438310186627
MONETARY_BASE,triangulation,old_vs_aux,AMBSL,AMBNS,6,1973-05-01,-0.00284407992472424,-0.00828557336891134,-0.0054414934441871
MONETARY_BASE,triangulation,old_vs_aux,AMBSL,AMBNS,6,1973-06-01,0.00130365605707716,-0.00131458395610817,-0.00261824001318534
MONETARY_BASE,triangulation,old_vs_aux,AMBSL,AMBNS,6,1973-07-01,0.00805737855629118,0.0168432673641092,0.00878588880781805
MONETARY_BASE,triangulation,old_vs_aux,AMBSL,AMBNS,6,1973-08-01,-0.0119111966227132,-0.0257202217300572,-0.0138090251073439
MONETARY_BASE,triangulation,old_vs_aux,AMBSL,AMBNS,6,1973-09-01,0.003882688842066,0.0060863331095975,0.0022036442675315
MONETARY_BASE,triangulation,old_vs_aux,AMBSL,AMBNS,6,1973-10-01,0.00244282119573125,0.00812521250779064,0.00568239131205939
MONETARY_BASE,triangulation,old_vs_aux,AMBSL,AMBNS,6,1973-11-01,-0.0041621407496919,-6.67138641947673e-05,0.00409542688549713
MONETARY_BASE,triangulation,old_vs_aux,AMBSL,AMBNS,6,1973-12-01,0.00264996648520022,0.0102407535350322,0.00759078704983196
MONETARY_BASE,triangulation,old_vs_aux,AMBSL,AMBNS,6,1974-01-01,0.00333637620407146,-0.0147731165312788,-0.0181094927353502
MONETARY_BASE,triangulation,old_vs_aux,AMBSL,AMBNS,6,1974-02-01,-0.000926019271319412,-0.0185747378322167,-0.0176487185608973
MONETARY_BASE,triangulation,old_vs_aux,AMBSL,AMBNS,6,1974-03-01,-0.00429334218620081,0.0186177263872596,0.0229110685734604
MONETARY_BASE,triangulation,old_vs_aux,AMBSL,AMBNS,6,1974-04-01,0.0080867795543611,0.0149274675200921,0.00684068796573101
MONETARY_BASE,triangulation,old_vs_aux,AMBSL,AMBNS,6,1974-05-01,-0.00535368690778437,-0.0116988325664984,-0.00634514565871402
MONETARY_BASE,triangulation,old_vs_aux,AMBSL,AMBNS,6,1974-06-01,-0.000609125472859517,-0.0031517593968502,-0.00254263392399068
MONETARY_BASE,triangulation,old_vs_aux,AMBSL,AMBNS,6,1974-07-01,0.00127213485543187,0.0105162819480125,0.00924414709258059
MONETARY_BASE,triangulation,old_vs_aux,AMBSL,AMBNS,6,1974-08-01,-0.0040335650306309,-0.0180676427677646,-0.0140340777371337
MONETARY_BASE,triangulation,old_vs_aux,AMBSL,AMBNS,6,1974-09-01,0.00409040300656027,0.00602036669825079,0.00192996369169052
MONETARY_BASE,triangulation,old_vs_aux,AMBSL,AMBNS,6,1974-10-01,-0.00124972696358405,0.00517607577417589,0.00642580273775994
MONETARY_BASE,triangulation,old_vs_aux,AMBSL,AMBNS,6,1974-11-01,0.000475963184667805,0.00522883590701895,0.00475287272235114
MONETARY_BASE,triangulation,old_vs_aux,AMBSL,AMBNS,6,1974-12-01,0.0023703054680615,0.0085672361566651,0.00619693068860361
MONETARY_BASE,triangulation,old_vs_aux,AMBSL,AMBNS,6,1975-01-01,-0.0137563293132876,-0.0317818805088903,-0.0180255511956027
MONETARY_BASE,triangulation,old_vs_aux,AMBSL,AMBNS,6,1975-02-01,0.0150025907037792,-0.00331245080623166,-0.0183150415100108
MONETARY_BASE,triangulation,old_vs_aux,AMBSL,AMBNS,6,1975-03-01,-0.00527651440850718,0.0191114511448776,0.0243879655533847
MONETARY_BASE,triangulation,old_vs_aux,AMBSL,AMBNS,6,1975-04-01,-0.00320537218520123,0.00349849257309121,0.00670386475829243
MONETARY_BASE,triangulation,old_vs_aux,AMBSL,AMBNS,6,1975-05-01,-0.00245053267388684,-0.00959565485082159,-0.00714512217693475
MONETARY_BASE,triangulation,old_vs_aux,AMBSL,AMBNS,6,1975-06-01,0.019828583265932,0.0178435527116703,-0.00198503055426169
MONETARY_BASE,triangulation,old_vs_aux,AMBSL,AMBNS,6,1975-07-01,-0.0220693240092302,-0.0128908211702594,0.00917850283897081
MONETARY_BASE,triangulation,old_vs_aux,AMBSL,AMBNS,6,1975-08-01,0.00686981958507893,-0.00737124387327182,-0.0142410634583507
MONETARY_BASE,triangulation,old_vs_aux,AMBSL,AMBNS,6,1975-09-01,0.00104220416130207,0.00316916048356308,0.00212695632226101
MONETARY_BASE,triangulation,old_vs_aux,AMBSL,AMBNS,6,1975-10-01,-0.0042788944531944,0.00258982615678605,0.00686872060998045
MONETARY_BASE,triangulation,old_vs_aux,AMBSL,AMBNS,6,1975-11-01,0.00761839751006477,0.0126181493701703,0.00499975186010548
MONETARY_BASE,triangulation,old_vs_aux,AMBSL,AMBNS,6,1975-12-01,-0.00281140353761611,0.00222669764820793,0.00503810118582404
MONETARY_BASE,triangulation,old_vs_aux,AMBSL,AMBNS,6,1976-01-01,-0.0105717159406007,-0.0287051695407659,-0.0181334536001652
MONETARY_BASE,triangulation,old_vs_aux,AMBSL,AMBNS,6,1976-02-01,0.0159690228246641,-0.00253077406005886,-0.0184997968847229
MONETARY_BASE,triangulation,old_vs_aux,AMBSL,AMBNS,6,1976-03-01,-0.0025566485048536,0.0227278760880285,0.0252845245928821
MONETARY_BASE,triangulation,old_vs_aux,AMBSL,AMBNS,6,1976-04-01,-0.00274364542421246,0.00358803523932316,0.00633168066353562
MONETARY_BASE,triangulation,old_vs_aux,AMBSL,AMBNS,6,1976-05-01,-0.000851102030927642,-0.00809410868011362,-0.00724300664918598
MONETARY_BASE,triangulation,old_vs_aux,AMBSL,AMBNS,6,1976-06-01,0.00116400786009496,-0.000171928336426319,-0.00133593619652128
MONETARY_BASE,triangulation,old_vs_aux,AMBSL,AMBNS,6,1976-07-01,-0.00531092640775288,0.0039244747386471,0.00923540114639998
MONETARY_BASE,triangulation,old_vs_aux,AMBSL,AMBNS,6,1976-08-01,0.00727753752387272,-0.00746103038688961,-0.0147385679107623
MONETARY_BASE,triangulation,old_vs_aux,AMBSL,AMBNS,6,1976-09-01,-0.00424352229026059,-0.0016487784894581,0.00259474380080249
MONETARY_BASE,triangulation,old_vs_aux,AMBSL,AMBNS,6,1976-10-01,0.000504176539785739,0.00726162207730141,0.00675744553751567
MONETARY_BASE,triangulation,old_vs_aux,AMBSL,AMBNS,6,1976-11-01,0.00389219916486905,0.0089604682597102,0.00506826909484115
MONETARY_BASE,triangulation,old_vs_aux,AMBSL,AMBNS,6,1976-12-01,-0.00582434681107191,-0.0014591292071664,0.00436521760390551
MONETARY_BASE,triangulation,old_vs_aux,AMBSL,AMBNS,6,1977-01-01,0.00583706339029799,-0.0128773884729148,-0.0187144518632127
MONETARY_BASE,triangulation,old_vs_aux,AMBSL,AMBNS,6,1977-02-01,-0.00445518091701924,-0.0219942980009833,-0.0175391170839641
MONETARY_BASE,triangulation,old_vs_aux,AMBSL,AMBNS,6,1977-03-01,0.00455942113872609,0.0295317410659033,0.0249723199271772
MONETARY_BASE,triangulation,old_vs_aux,AMBSL,AMBNS,6,1977-04-01,-0.00131864852774566,0.00492272020736895,0.00624136873511461
MONETARY_BASE,triangulation,old_vs_aux,AMBSL,AMBNS,6,1977-05-01,-0.00289678381563885,-0.0101321410350188,-0.00723535721937996
MONETARY_BASE,triangulation,old_vs_aux,AMBSL,AMBNS,6,1977-06-01,0.00146807415038719,0.00120013678058317,-0.000267937369804017
MONETARY_BASE,triangulation,old_vs_aux,AMBSL,AMBNS,6,1977-07-01,0.00546099927321464,0.0140546639139725,0.00859366464075784
MONETARY_BASE,triangulation,old_vs_aux,AMBSL,AMBNS,6,1977-08-01,-0.00454060648289545,-0.0190742950669742,-0.0145336885840788
MONETARY_BASE,triangulation,old_vs_aux,AMBSL,AMBNS,6,1977-09-01,-0.0022267737720858,0.000587192529173386,0.00281396630125919
MONETARY_BASE,triangulation,old_vs_aux,AMBSL,AMBNS,6,1977-10-01,0.004010013477175,0.0106583276402663,0.00664831416309131
MONETARY_BASE,triangulation,old_vs_aux,AMBSL,AMBNS,6,1977-11-01,-0.00314926514585334,0.00129313470050985,0.00444239984636319
MONETARY_BASE,triangulation,old_vs_aux,AMBSL,AMBNS,6,1977-12-01,0.00429949257140194,0.0083532281234513,0.00405373555204935
MONETARY_BASE,triangulation,old_vs_aux,AMBSL,AMBNS,6,1978-01-01,-0.00226968593427035,-0.0210633472125359,-0.0187936612782655
MONETARY_BASE,triangulation,old_vs_aux,AMBSL,AMBNS,6,1978-02-01,0.00277253663657273,-0.0139781002859323,-0.016750636922505
MONETARY_BASE,triangulation,old_vs_aux,AMBSL,AMBNS,6,1978-03-01,-0.00632831041111981,0.0181892703748998,0.0245175807860196
MONETARY_BASE,triangulation,old_vs_aux,AMBSL,AMBNS,6,1978-04-01,0.00332048905520388,0.00982072629358033,0.00650023723837645
MONETARY_BASE,triangulation,old_vs_aux,AMBSL,AMBNS,6,1978-05-01,0.00268286409121465,-0.00507738082231501,-0.00776024491352967
MONETARY_BASE,triangulation,old_vs_aux,AMBSL,AMBNS,6,1978-06-01,-0.00115989901187064,-0.000242177818719824,0.000917721193150811
MONETARY_BASE,triangulation,old_vs_aux,AMBSL,AMBNS,6,1978-07-01,-0.00148547375090669,0.0066338016932761,0.00811927544418278
MONETARY_BASE,triangulation,old_vs_aux,AMBSL,AMBNS,6,1978-08-01,-0.00415461581425447,-0.0184474458990849,-0.0142928300848304
MONETARY_BASE,triangulation,old_vs_aux,AMBSL,AMBNS,6,1978-09-01,0.00499217747191327,0.00784248633324758,0.00285030886133431
MONETARY_BASE,triangulation,old_vs_aux,AMBSL,AMBNS,6,1978-10-01,0.000631648631464365,0.00692538789839414,0.00629373926692978
MONETARY_BASE,triangulation,old_vs_aux,AMBSL,AMBNS,6,1978-11-01,-0.00345640633302757,0.000279703339839621,0.00373610967286719
MONETARY_BASE,triangulation,old_vs_aux,AMBSL,AMBNS,6,1978-12-01,-0.00132349859703318,0.00328565207684139,0.00460915067387457
MONETARY_BASE,triangulation,old_vs_aux,AMBSL,AMBNS,6,1979-01-01,0.00223908145074159,-0.0173917021546703,-0.0196307836054119
MONETARY_BASE,triangulation,old_vs_aux,AMBSL,AMBNS,6,1979-02-01,-0.00403524373713626,-0.0190111862401308,-0.0149759425029945
MONETARY_BASE,triangulation,old_vs_aux,AMBSL,AMBNS,6,1979-03-01,0.0032480557860346,0.0260547748965143,0.0228067191104797
MONETARY_BASE,triangulation,old_vs_aux,AMBSL,AMBNS,6,1979-04-01,0.000760404468532982,0.00856699892615254,0.00780659445761955
MONETARY_BASE,triangulation,old_vs_aux,AMBSL,AMBNS,6,1979-05-01,-0.0017987694172259,-0.0101740674711071,-0.00837529805388115
MONETARY_BASE,triangulation,old_vs_aux,AMBSL,AMBNS,6,1979-06-01,0.00307248626891976,0.00475528214716192,0.00168279587824216
MONETARY_BASE,triangulation,old_vs_aux,AMBSL,AMBNS,6,1979-07-01,0.000798065362588751,0.00775013040834072,0.00695206504575197
MONETARY_BASE,triangulation,old_vs_aux,AMBSL,AMBNS,6,1979-08-01,-0.000669442589459557,-0.0141620004345739,-0.0134925578451144
MONETARY_BASE,triangulation,old_vs_aux,AMBSL,AMBNS,6,1979-09-01,5.25289968411613e-05,0.00331414608190439,0.00326161708506323
MONETARY_BASE,triangulation,old_vs_aux,AMBSL,AMBNS,6,1979-10-01,0.00250808121859158,0.00787133119885119,0.00536324998025961
MONETARY_BASE,triangulation,old_vs_aux,AMBSL,AMBNS,6,1979-11-01,-0.00700251902497406,-0.0034825701030039,0.00351994892197016
MONETARY_BASE,triangulation,old_vs_aux,AMBSL,AMBNS,6,1979-12-01,0.00425547855618014,0.00933497865564448,0.00507950009946434
MONETARY_BASE,triangulation,old_vs_aux,AMBSL,AMBNS,6,1980-01-01,-0.00152845351194841,-0.0220747097466596,-0.0205462562347112
MONETARY_BASE,triangulation,old_vs_aux,AMBSL,AMBNS,6,1980-02-01,0.00152297796320688,-0.0118422400487388,-0.0133652180119457
MONETARY_BASE,triangulation,old_vs_aux,AMBSL,AMBNS,6,1980-03-01,0.000364186243510645,0.0221799228618043,0.0218157366182936
MONETARY_BASE,triangulation,old_vs_aux,AMBSL,AMBNS,6,1980-04-01,-0.00671091021521431,0.0021166208600496,0.00882753107526391
MONETARY_BASE,triangulation,old_vs_aux,AMBSL,AMBNS,6,1980-05-01,0.00231065987046719,-0.00664552579038968,-0.00895618566085687
MONETARY_BASE,triangulation,old_vs_aux,AMBSL,AMBNS,6,1980-06-01,0.00428665845908416,0.00638080230593285,0.0020941438468487
MONETARY_BASE,triangulation,old_vs_aux,AMBSL,AMBNS,6,1980-07-01,0.000556945848426693,0.00598741192935126,0.00543046608092457
MONETARY_BASE,triangulation,old_vs_aux,AMBSL,AMBNS,6,1980-08-01,0.00179560960029246,-0.0104598076199149,-0.0122554172202074
MONETARY_BASE,triangulation,old_vs_aux,AMBSL,AMBNS,6,1980-09-01,-0.00152475999777213,0.00178454360525127,0.00330930360302339
MONETARY_BASE,triangulation,old_vs_aux,AMBSL,AMBNS,6,1980-10-01,-0.00028374229074668,0.0039302433815509,0.00421398567229758
MONETARY_BASE,triangulation,old_vs_aux,AMBSL,AMBNS,6,1980-11-01,0.000809476641649987,0.00516794360159611,0.00435846695994613
MONETARY_BASE,triangulation,old_vs_aux,AMBSL,AMBNS,6,1980-12-01,-0.0109191236129487,-0.00541721512960436,0.00550190848334431
MONETARY_BASE,triangulation,old_vs_aux,AMBSL,AMBNS,6,1981-01-01,-0.00229402369695908,-0.0245368680395091,-0.02224284434255
MONETARY_BASE,triangulation,old_vs_aux,AMBSL,AMBNS,6,1981-02-01,0.0149253889502328,0.00330660230447943,-0.0116187866457533
MONETARY_BASE,triangulation,old_vs_aux,AMBSL,AMBNS,6,1981-03-01,-0.00443023444560975,0.0173915218161182,0.021821756261728
MONETARY_BASE,triangulation,old_vs_aux,AMBSL,AMBNS,6,1981-04-01,0.00332692178131744,0.0121411091128802,0.00881418733156281
MONETARY_BASE,triangulation,old_vs_aux,AMBSL,AMBNS,6,1981-05-01,-0.00561825082429213,-0.0145562839650939,-0.00893803314080177
MONETARY_BASE,triangulation,old_vs_aux,AMBSL,AMBNS,6,1981-06-01,-0.00292099673862545,-0.000580566797178328,0.00234042994144712
MONETARY_BASE,triangulation,old_vs_aux,AMBSL,AMBNS,6,1981-07-01,0.00686117205427816,0.010170514020972,0.00330934196669386
MONETARY_BASE,triangulation,old_vs_aux,AMBSL,AMBNS,6,1981-08-01,-0.00388818969894533,-0.0147074393045639,-0.0108192496056185
MONETARY_BASE,triangulation,old_vs_aux,AMBSL,AMBNS,6,1981-09-01,-0.00102520091097968,0.00239966813406856,0.00342486904504824
MONETARY_BASE,triangulation,old_vs_aux,AMBSL,AMBNS,6,1981-10-01,-0.00223454162533621,0.000595216635395523,0.00282975826073173
MONETARY_BASE,triangulation,old_vs_aux,AMBSL,AMBNS,6,1981-11-01,0.00651608954302585,0.0126798119351879,0.00616372239216201
MONETARY_BASE,triangulation,old_vs_aux,AMBSL,AMBNS,6,1981-12-01,0.00134223017748347,0.00644183225615436,0.00509960207867088
MONETARY_BASE,triangulation,old_vs_aux,AMBSL,AMBNS,6,1982-01-01,-0.00311168694138786,-0.0265200230886622,-0.0234083361472743
MONETARY_BASE,triangulation,old_vs_aux,AMBSL,AMBNS,6,1982-02-01,0.00151208225470612,-0.00908310396490819,-0.0105951862196143
MONETARY_BASE,triangulation,old_vs_aux,AMBSL,AMBNS,6,1982-03-01,-0.00560198190218308,0.0173684815763089,0.022970463478492
MONETARY_BASE,triangulation,old_vs_aux,AMBSL,AMBNS,6,1982-04-01,0.00727936948006214,0.0150177554026456,0.00773838592258347
MONETARY_BASE,triangulation,old_vs_aux,AMBSL,AMBNS,6,1982-05-01,-0.0013224184785825,-0.00994042653743588,-0.00861800805885338
MONETARY_BASE,triangulation,old_vs_aux,AMBSL,AMBNS,6,1982-06-01,-0.00135831330818448,0.00160536060294092,0.0029636739111254
MONETARY_BASE,triangulation,old_vs_aux,AMBSL,AMBNS,6,1982-07-01,-0.00130874872344044,-0.000234953460679144,0.0010737952627613
MONETARY_BASE,triangulation,old_vs_aux,AMBSL,AMBNS,6,1982-08-01,0.00312127378547356,-0.00679714338842352,-0.00991841717389708
MONETARY_BASE,triangulation,old_vs_aux,AMBSL,AMBNS,6,1982-09-01,0.00112408225382854,0.00468038850839481,0.00355630625456627
MONETARY_BASE,triangulation,old_vs_aux,AMBSL,AMBNS,6,1982-10-01,0.00133679530228381,0.00281526954593048,0.00147847424364667
MONETARY_BASE,triangulation,old_vs_aux,AMBSL,AMBNS,6,1982-11-01,-0.00206767891014614,0.00634639055483976,0.00841406946498591
MONETARY_BASE,triangulation,old_vs_aux,AMBSL,AMBNS,6,1982-12-01,-0.000606136546501546,0.00442276580980305,0.0050289023563046
MONETARY_BASE,triangulation,old_vs_aux,AMBSL,AMBNS,6,1983-01-01,-0.00388167953996188,-0.0290194140548001,-0.0251377345148383
MONETARY_BASE,triangulation,old_vs_aux,AMBSL,AMBNS,6,1983-02-01,0.0105197043633085,0.00106799723581563,-0.00945170712749288
MONETARY_BASE,triangulation,old_vs_aux,AMBSL,AMBNS,6,1983-03-01,-0.00267997957874044,0.0214110364161533,0.0240910159948937
MONETARY_BASE,triangulation,old_vs_aux,AMBSL,AMBNS,6,1983-04-01,-0.00126286948213394,0.00474941886471836,0.0060122883468523
MONETARY_BASE,triangulation,old_vs_aux,AMBSL,AMBNS,6,1983-05-01,-0.00137164710670046,-0.00888350511329428,-0.00751185800659382
MONETARY_BASE,triangulation,old_vs_aux,AMBSL,AMBNS,6,1983-06-01,-0.00195105298376586,0.00174928944460095,0.00370034242836681
MONETARY_BASE,triangulation,old_vs_aux,AMBSL,AMBNS,6,1983-07-01,0.00139738007390289,0.000132284777988545,-0.00126509529591434
MONETARY_BASE,triangulation,old_vs_aux,AMBSL,AMBNS,6,1983-08-01,-3.49011585392134e-05,-0.00955243029211594,-0.00951752913357673
MONETARY_BASE,triangulation,old_vs_aux,AMBSL,AMBNS,6,1983-09-01,-0.00192104402565008,0.00205369804524658,0.00397474207089665
MONETARY_BASE,triangulation,old_vs_aux,AMBSL,AMBNS,6,1983-10-01,0.00481569420861305,0.0049865581820665,0.00017086397345345
MONETARY_BASE,triangulation,old_vs_aux,AMBSL,AMBNS,6,1983-11-01,-0.00439214424114365,0.00644483832939002,0.0108369825705337
MONETARY_BASE,triangulation,old_vs_aux,AMBSL,AMBNS,6,1983-12-01,-0.00340939094348336,0.00144873272340273,0.00485812366688609
MONETARY_BASE,triangulation,old_vs_aux,AMBSL,AMBNS,6,1984-01-01,0.00776820718318216,-0.0189387869324298,-0.0267069941156119
MONETARY_BASE,triangulation,old_vs_aux,AMBSL,AMBNS,6,1984-02-01,-0.00684974833154683,-0.0154433668713416,-0.00859361853979479
MONETARY_BASE,triangulation,old_vs_aux,AMBSL,AMBNS,6,1984-03-01,0.00505057274299503,0.0303692011879271,0.025318628444932
MONETARY_BASE,triangulation,old_vs_aux,AMBSL,AMBNS,6,1984-04-01,-0.00237463186840614,0.0013549947338527,0.00372962660225884
MONETARY_BASE,triangulation,old_vs_aux,AMBSL,AMBNS,6,1984-05-01,-0.00109561747333142,-0.0073321892959104,-0.00623657182257897
MONETARY_BASE,triangulation,old_vs_aux,AMBSL,AMBNS,6,1984-06-01,-0.000215342156260512,0.00458548780695978,0.00480082996322029
MONETARY_BASE,triangulation,old_vs_aux,AMBSL,AMBNS,6,1984-07-01,-0.000550168629723125,-0.00387708777842999,-0.00332691914870686
MONETARY_BASE,triangulation,old_vs_aux,AMBSL,AMBNS,6,1984-08-01,-0.00354596217768499,-0.0127063506290366,-0.00916038845135159
MONETARY_BASE,triangulation,old_vs_aux,AMBSL,AMBNS,6,1984-09-01,0.00428843096087927,0.00798898661317704,0.00370055565229777
MONETARY_BASE,triangulation,old_vs_aux,AMBSL,AMBNS,6,1984-10-01,-0.00567386293432648,-0.00594212836293639,-0.000268265428609915
MONETARY_BASE,triangulation,old_vs_aux,AMBSL,AMBNS,6,1984-11-01,0.00735268050389948,0.0199559754695349,0.0126032949656354
MONETARY_BASE,triangulation,old_vs_aux,AMBSL,AMBNS,6,1984-12-01,-0.00411129509460739,0.000923550523170391,0.00503484561777778
MONETARY_BASE,triangulation,old_vs_aux,AMBSL,AMBNS,6,1985-01-01,0.00204919272334525,-0.0259556812746462,-0.0280048739979915
MONETARY_BASE,triangulation,old_vs_aux,AMBSL,AMBNS,6,1985-02-01,0.000498377174242393,-0.00779863423556559,-0.00829701140980799
MONETARY_BASE,triangulation,old_vs_aux,AMBSL,AMBNS,6,1985-03-01,0.00111082192796985,0.0277143987665989,0.026603576838629
MONETARY_BASE,triangulation,old_vs_aux,AMBSL,AMBNS,6,1985-04-01,-0.00355592631261548,-0.00205520012693583,0.00150072618567965
MONETARY_BASE,triangulation,old_vs_aux,AMBSL,AMBNS,6,1985-05-01,0.0058867214463314,0.000332459399910334,-0.00555426204642107
MONETARY_BASE,triangulation,old_vs_aux,AMBSL,AMBNS,6,1985-06-01,0.00092721737496948,0.00723085974089877,0.00630364236592929
MONETARY_BASE,triangulation,old_vs_aux,AMBSL,AMBNS,6,1985-07-01,-0.00283343433862271,-0.00732296184446035,-0.00448952750583764
MONETARY_BASE,triangulation,old_vs_aux,AMBSL,AMBNS,6,1985-08-01,0.00133466441256314,-0.00828263300426357,-0.00961729741682671
MONETARY_BASE,triangulation,old_vs_aux,AMBSL,AMBNS,6,1985-09-01,0.00083373022553257,0.00445824806735828,0.00362451784182571
MONETARY_BASE,triangulation,old_vs_aux,AMBSL,AMBNS,6,1985-10-01,-0.00415823425975681,-0.00465062322289089,-0.000492388963134083
MONETARY_BASE,triangulation,old_vs_aux,AMBSL,AMBNS,6,1985-11-01,-0.00203164156972857,0.0120735497049376,0.0141051912746661
MONETARY_BASE,triangulation,old_vs_aux,AMBSL,AMBNS,6,1985-12-01,0.0103261126707466,0.0151682691484538,0.00484215647770725
MONETARY_BASE,triangulation,old_vs_aux,AMBSL,AMBNS,6,1986-01-01,-0.0167186719913603,-0.0450762913474847,-0.0283576193561244
MONETARY_BASE,triangulation,old_vs_aux,AMBSL,AMBNS,6,1986-02-01,0.00597279760506009,-0.00243508132887538,-0.00840787893393546
MONETARY_BASE,triangulation,old_vs_aux,AMBSL,AMBNS,6,1986-03-01,0.0092169084271303,0.0364969430275828,0.0272800346004525
MONETARY_BASE,triangulation,old_vs_aux,AMBSL,AMBNS,6,1986-04-01,-0.00502390876219039,-0.0049076189002859,0.000116289861904484
MONETARY_BASE,triangulation,old_vs_aux,AMBSL,AMBNS,6,1986-05-01,0.0023054097023234,-0.00366102070442942,-0.00596643040675282
MONETARY_BASE,triangulation,old_vs_aux,AMBSL,AMBNS,6,1986-06-01,4.1015923361698e-05,0.00820864753555561,0.00816763161219392
MONETARY_BASE,triangulation,old_vs_aux,AMBSL,AMBNS,6,1986-07-01,-0.00129756962237249,-0.00633181534678329,-0.0050342457244108
MONETARY_BASE,triangulation,old_vs_aux,AMBSL,AMBNS,6,1986-08-01,0.00120294181025304,-0.00914396186724886,-0.0103469036775019
MONETARY_BASE,triangulation,old_vs_aux,AMBSL,AMBNS,6,1986-09-01,-0.00280702088552243,0.000842678627134497,0.00364969951265692
MONETARY_BASE,triangulation,old_vs_aux,AMBSL,AMBNS,6,1986-10-01,0.000674517786815265,0.0004215543499555,-0.000252963436859766
MONETARY_BASE,triangulation,old_vs_aux,AMBSL,AMBNS,6,1986-11-01,0.00446894650531515,0.0188443575970307,0.0143754110917156
MONETARY_BASE,triangulation,old_vs_aux,AMBSL,AMBNS,6,1986-12-01,0.00112689857131354,0.00645939503386028,0.00533249646254674
MONETARY_BASE,triangulation,old_vs_aux,AMBSL,AMBNS,6,1987-01-01,-0.00657409349021965,-0.0349085022345621,-0.0283344087443425
MONETARY_BASE,triangulation,old_vs_aux,AMBSL,AMBNS,6,1987-02-01,0.00345013183111043,-0.005458873586071,-0.00890900541718143
MONETARY_BASE,triangulation,old_vs_aux,AMBSL,AMBNS,6,1987-03-01,-0.0135638268809757,0.0139964708759841,0.0275602977569598
MONETARY_BASE,triangulation,old_vs_aux,AMBSL,AMBNS,6,1987-04-01,0.0145463917840178,0.0144841925540407,-6.2199229977189e-05
MONETARY_BASE,triangulation,old_vs_aux,AMBSL,AMBNS,6,1987-05-01,0.00296901740501099,-0.00484870998167697,-0.00781772738668796
MONETARY_BASE,triangulation,old_vs_aux,AMBSL,AMBNS,6,1987-06-01,-0.0171765048162964,-0.00697801120876829,0.0101984936075281
MONETARY_BASE,triangulation,old_vs_aux,AMBSL,AMBNS,6,1987-07-01,0.00613972640923777,0.000909102255900684,-0.00523062415333708
MONETARY_BASE,triangulation,old_vs_aux,AMBSL,AMBNS,6,1987-08-01,0.00546750980004074,-0.00537188720723947,-0.0108393970072802
MONETARY_BASE,triangulation,old_vs_aux,AMBSL,AMBNS,6,1987-09-01,-0.00531351507604594,-0.00125557544974164,0.0040579396263043
MONETARY_BASE,triangulation,old_vs_aux,AMBSL,AMBNS,6,1987-10-01,0.01070848150035,0.0101781975344197,-0.000530283965930245
MONETARY_BASE,triangulation,old_vs_aux,AMBSL,AMBNS,6,1987-11-01,-0.0116854693539876,0.00268463064571378,0.0143700999997014
MONETARY_BASE,triangulation,old_vs_aux,AMBSL,AMBNS,6,1987-12-01,0.00265315856086179,0.00860516153065927,0.00595200296979748
MONETARY_BASE,triangulation,old_vs_aux,AMBSL,AMBNS,6,1988-01-01,0.00406840907395267,-0.0241514145025752,-0.0282198235765279
MONETARY_BASE,triangulation,old_vs_aux,AMBSL,AMBNS,6,1988-02-01,-0.00644912082448901,-0.0151933763272876,-0.00874425550279856
MONETARY_BASE,triangulation,old_vs_aux,AMBSL,AMBNS,6,1988-03-01,-0.00092598027387325,0.0261217166618115,0.0270476969356848
MONETARY_BASE,triangulation,old_vs_aux,AMBSL,AMBNS,6,1988-04-01,0.016168331398136,0.016202346111581,3.40147134449964e-05
MONETARY_BASE,triangulation,old_vs_aux,AMBSL,AMBNS,6,1988-05-01,-0.0158109172116871,-0.0255673010299118,-0.00975638381822463
MONETARY_BASE,triangulation,old_vs_aux,AMBSL,AMBNS,6,1988-06-01,0.00595781110724136,0.0174706606248831,0.0115128495176418
MONETARY_BASE,triangulation,old_vs_aux,AMBSL,AMBNS,6,1988-07-01,0.00224581900263487,-0.00258013541027324,-0.00482595441290812
MONETARY_BASE,triangulation,old_vs_aux,AMBSL,AMBNS,6,1988-08-01,-0.00791436487541475,-0.0188592089990287,-0.010944844123614
MONETARY_BASE,triangulation,old_vs_aux,AMBSL,AMBNS,6,1988-09-01,0.00265068436265015,0.00724809841740104,0.00459741405475089
MONETARY_BASE,triangulation,old_vs_aux,AMBSL,AMBNS,6,1988-10-01,9.23941487505076e-05,-0.00078039936547647,-0.000872793514226977
MONETARY_BASE,triangulation,old_vs_aux,AMBSL,AMBNS,6,1988-11-01,0.00114157224766664,0.0147228086764137,0.0135812364287471
MONETARY_BASE,triangulation,old_vs_aux,AMBSL,AMBNS,6,1988-12-01,-0.00430866663587182,0.00241941929164291,0.00672808592751473
MONETARY_BASE,triangulation,old_vs_aux,AMBSL,AMBNS,6,1989-01-01,0.00303213226860954,-0.0249334417545244,-0.0279655740231339
MONETARY_BASE,triangulation,old_vs_aux,AMBSL,AMBNS,6,1989-02-01,-0.00968548663847812,-0.0178911234030199,-0.00820563676454178
MONETARY_BASE,triangulation,old_vs_aux,AMBSL,AMBNS,6,1989-03-01,0.0137256052399515,0.0400326578356642,0.0263070525957128
MONETARY_BASE,triangulation,old_vs_aux,AMBSL,AMBNS,6,1989-04-01,-0.00483401695644581,-0.0044373105677078,0.000396706388738011
MONETARY_BASE,triangulation,old_vs_aux,AMBSL,AMBNS,6,1989-05-01,-0.00184346457913609,-0.0137290272136052,-0.0118855626344692
MONETARY_BASE,triangulation,old_vs_aux,AMBSL,AMBNS,6,1989-06-01,0.00135664967537874,0.0135224571348305,0.0121658074594517
MONETARY_BASE,triangulation,old_vs_aux,AMBSL,AMBNS,6,1989-07-01,0.00144993091096346,-0.00247820287457845,-0.00392813378554191
MONETARY_BASE,triangulation,old_vs_aux,AMBSL,AMBNS,6,1989-08-01,-0.00499317467466298,-0.0157452003559193,-0.0107520256812563
MONETARY_BASE,triangulation,old_vs_aux,AMBSL,AMBNS,6,1989-09-01,0.00278807734969355,0.00844876012190809,0.00566068277221454
MONETARY_BASE,triangulation,old_vs_aux,AMBSL,AMBNS,6,1989-10-01,0.00338345180888222,0.00104717315297442,-0.0023362786559078
MONETARY_BASE,triangulation,old_vs_aux,AMBSL,AMBNS,6,1989-11-01,-0.00296834742962293,0.0104718190586874,0.0134401664883104
MONETARY_BASE,triangulation,old_vs_aux,AMBSL,AMBNS,6,1989-12-01,0.00401090495017442,0.0105735228139467,0.00656261786377232
MONETARY_BASE,triangulation,old_vs_aux,AMBSL,AMBNS,6,1990-01-01,-0.00105265400696108,-0.0284351004032359,-0.0273824463962749
MONETARY_BASE,triangulation,old_vs_aux,AMBSL,AMBNS,6,1990-02-01,-0.0031046882417991,-0.00953810072961137,-0.00643341248781226
MONETARY_BASE,triangulation,old_vs_aux,AMBSL,AMBNS,6,1990-03-01,0.00597796933454298,0.0301469991727545,0.0241690298382116
MONETARY_BASE,triangulation,old_vs_aux,AMBSL,AMBNS,6,1990-04-01,0.00301055618423618,0.00397508744046693,0.00096453125623075
MONETARY_BASE,triangulation,old_vs_aux,AMBSL,AMBNS,6,1990-05-01,-0.00809899231553057,-0.0210588484473275,-0.012959856131797
MONETARY_BASE,triangulation,old_vs_aux,AMBSL,AMBNS,6,1990-06-01,0.0068546931879272,0.0187385015775847,0.0118838083896575
MONETARY_BASE,triangulation,old_vs_aux,AMBSL,AMBNS,6,1990-07-01,-0.00601855142355401,-0.00917200969895759,-0.00315345827540359
MONETARY_BASE,triangulation,old_vs_aux,AMBSL,AMBNS,6,1990-08-01,0.00701883680349891,-0.00286749964012767,-0.00988633644362658
MONETARY_BASE,triangulation,old_vs_aux,AMBSL,AMBNS,6,1990-09-01,-0.000619607420928148,0.00588022039682112,0.00649982781774927
MONETARY_BASE,triangulation,old_vs_aux,AMBSL,AMBNS,6,1990-10-01,-0.0057092399812344,-0.00942768129529092,-0.00371844131405652
MONETARY_BASE,triangulation,old_vs_aux,AMBSL,AMBNS,6,1990-11-01,0.00144035601237569,0.0142856633876765,0.0128453073753008
MONETARY_BASE,triangulation,old_vs_aux,AMBSL,AMBNS,6,1990-12-01,0.00434614342287709,0.0105797113801636,0.00623356795728647
MONETARY_BASE,triangulation,old_vs_aux,AMBSL,AMBNS,6,1991-01-01,-0.00367199009806018,-0.0302377367754225,-0.0265657466773623
MONETARY_BASE,triangulation,old_vs_aux,AMBSL,AMBNS,6,1991-02-01,0.00389930489373658,-0.000214494917987196,-0.00411379981172377
MONETARY_BASE,triangulation,old_vs_aux,AMBSL,AMBNS,6,1991-03-01,-0.00210292035967274,0.0190817103158905,0.0211846306755632
MONETARY_BASE,triangulation,old_vs_aux,AMBSL,AMBNS,6,1991-04-01,-0.00613989607690346,-0.00407699774380088,0.00206289833310258
MONETARY_BASE,triangulation,old_vs_aux,AMBSL,AMBNS,6,1991-05-01,0.00341309672858348,-0.0102821949194913,-0.0136952916480748
MONETARY_BASE,triangulation,old_vs_aux,AMBSL,AMBNS,6,1991-06-01,-0.00214955916744231,0.0091731064058056,0.0113226655732479
MONETARY_BASE,triangulation,old_vs_aux,AMBSL,AMBNS,6,1991-07-01,0.00295322563016054,0.00011615157782785,-0.00283707405233269
MONETARY_BASE,triangulation,old_vs_aux,AMBSL,AMBNS,6,1991-08-01,-0.00312638296143319,-0.0113051579230641,-0.00817877496163089
MONETARY_BASE,triangulation,old_vs_aux,AMBSL,AMBNS,6,1991-09-01,0.00157938209058361,0.00807076348905245,0.00649138139846883
MONETARY_BASE,triangulation,old_vs_aux,AMBSL,AMBNS,6,1991-10-01,-0.000201543835807172,-0.00486959578317059,-0.00466805194736342
MONETARY_BASE,triangulation,old_vs_aux,AMBSL,AMBNS,6,1991-11-01,0.00288772096951018,0.015153045729372,0.0122653247598619
MONETARY_BASE,triangulation,old_vs_aux,AMBSL,AMBNS,6,1991-12-01,0.0030730249992077,0.00849478312696572,0.00542175812775803
MONETARY_BASE,triangulation,old_vs_aux,AMBSL,AMBNS,6,1992-01-01,-0.00882334170152888,-0.0342289908897424,-0.0254056491882135
MONETARY_BASE,triangulation,old_vs_aux,AMBSL,AMBNS,6,1992-02-01,0.00512648594226039,0.00365981754626343,-0.00146666839599696
MONETARY_BASE,triangulation,old_vs_aux,AMBSL,AMBNS,6,1992-03-01,0.00266479509541551,0.0201767961627866,0.0175120010673711
MONETARY_BASE,triangulation,old_vs_aux,AMBSL,AMBNS,6,1992-04-01,-0.00246764020783541,0.000818963763194347,0.00328660397102976
MONETARY_BASE,triangulation,old_vs_aux,AMBSL,AMBNS,6,1992-05-01,0.00113006881092481,-0.0124957116099402,-0.013625780420865
MONETARY_BASE,triangulation,old_vs_aux,AMBSL,AMBNS,6,1992-06-01,-0.00553291723505733,0.00486847068082241,0.0104013879158797
MONETARY_BASE,triangulation,old_vs_aux,AMBSL,AMBNS,6,1992-07-01,0.00550962343577677,0.00287134988598758,-0.00263827354978918
MONETARY_BASE,triangulation,old_vs_aux,AMBSL,AMBNS,6,1992-08-01,0.00307369757208598,-0.00339883870029922,-0.0064725362723852
MONETARY_BASE,triangulation,old_vs_aux,AMBSL,AMBNS,6,1992-09-01,0.000265338169636919,0.00592097203809594,0.00565563386845902
MONETARY_BASE,triangulation,old_vs_aux,AMBSL,AMBNS,6,1992-10-01,-0.00177481554269399,-0.0060824282176597,-0.00430761267496571
MONETARY_BASE,triangulation,old_vs_aux,AMBSL,AMBNS,6,1992-11-01,-0.000234685890775133,0.0107723457289843,0.0110070316197595
MONETARY_BASE,triangulation,old_vs_aux,AMBSL,AMBNS,6,1992-12-01,-0.00535843958012272,-0.000552072427772998,0.00480636715234972
MONETARY_BASE,triangulation,old_vs_aux,AMBSL,AMBNS,6,1993-01-01,0.00192770260620723,-0.0219631106615292,-0.0238908132677365
MONETARY_BASE,triangulation,old_vs_aux,AMBSL,AMBNS,6,1993-02-01,0.00174504410396015,0.00164213492002308,-0.000102909183937072
MONETARY_BASE,triangulation,old_vs_aux,AMBSL,AMBNS,6,1993-03-01,-0.00302416923977145,0.0119242488338562,0.0149484180736277
MONETARY_BASE,triangulation,old_vs_aux,AMBSL,AMBNS,6,1993-04-01,0.00351202159262343,0.00768849684582751,0.00417647525320408
MONETARY_BASE,triangulation,old_vs_aux,AMBSL,AMBNS,6,1993-05-01,0.00143838250623052,-0.0119606969312613,-0.0133990794374919
MONETARY_BASE,triangulation,old_vs_aux,AMBSL,AMBNS,6,1993-06-01,-0.000176056612962938,0.00949742094809736,0.0096734775610603
MONETARY_BASE,triangulation,old_vs_aux,AMBSL,AMBNS,6,1993-07-01,-0.00293539051251201,-0.00522670414915005,-0.00229131363663804
MONETARY_BASE,triangulation,old_vs_aux,AMBSL,AMBNS,6,1993-08-01,0.00146138358565295,-0.00398889668070623,-0.00545028026635919
MONETARY_BASE,triangulation,old_vs_aux,AMBSL,AMBNS,6,1993-09-01,0.00437755561128572,0.00900732931966619,0.00462977370838047
MONETARY_BASE,triangulation,old_vs_aux,AMBSL,AMBNS,6,1993-10-01,-0.0020913868720891,-0.00546899931911149,-0.00337761244702239
MONETARY_BASE,triangulation,old_vs_aux,AMBSL,AMBNS,6,1993-11-01,-0.00691130570027187,0.00280302191643855,0.00971432761671043
MONETARY_BASE,triangulation,old_vs_aux,AMBSL,AMBNS,6,1993-12-01,0.00225133136309985,0.00666914842900379,0.00441781706590394
MONETARY_BASE,triangulation,old_vs_aux,AMBSL,AMBNS,6,1994-01-01,0.00254703096955478,-0.0198717294197825,-0.0224187603893373
MONETARY_BASE,triangulation,old_vs_aux,AMBSL,AMBNS,6,1994-02-01,0.000975797906160203,0.00133610433199749,0.000360306425837287
MONETARY_BASE,triangulation,old_vs_aux,AMBSL,AMBNS,6,1994-03-01,-0.0041490084656628,0.00895334488000721,0.01310235334567
MONETARY_BASE,triangulation,old_vs_aux,AMBSL,AMBNS,6,1994-04-01,0.00176419430997488,0.00643449044259992,0.00467029613262504
MONETARY_BASE,triangulation,old_vs_aux,AMBSL,AMBNS,6,1994-05-01,-0.0035026400487439,-0.0159857523403781,-0.0124831122916342
MONETARY_BASE,triangulation,old_vs_aux,AMBSL,AMBNS,6,1994-06-01,0.00251706052710077,0.0113991544042769,0.00888209387717609
MONETARY_BASE,triangulation,old_vs_aux,AMBSL,AMBNS,6,1994-07-01,0.00226296647511059,0.000265421158568202,-0.00199754531654239
MONETARY_BASE,triangulation,old_vs_aux,AMBSL,AMBNS,6,1994-08-01,-0.00675014242713257,-0.011815197026805,-0.00506505459967244
MONETARY_BASE,triangulation,old_vs_aux,AMBSL,AMBNS,6,1994-09-01,0.00192927200816673,0.00550455422025919,0.00357528221209247
MONETARY_BASE,triangulation,old_vs_aux,AMBSL,AMBNS,6,1994-10-01,0.00229810406229181,0.000228363119815,-0.00206974094247681
MONETARY_BASE,triangulation,old_vs_aux,AMBSL,AMBNS,6,1994-11-01,-0.00238579048824761,0.00613643728185664,0.00852222777010425
MONETARY_BASE,triangulation,old_vs_aux,AMBSL,AMBNS,6,1994-12-01,-0.00363247862189287,0.00115164480844854,0.0047841234303414
MONETARY_BASE,triangulation,old_vs_aux,AMBSL,AMBNS,6,1995-01-01,0.0056187012012483,-0.0160878573758625,-0.0217065585771108
MONETARY_BASE,triangulation,old_vs_aux,AMBSL,AMBNS,6,1995-02-01,-0.00354663995182047,-0.00356556123775853,-1.89212859380561e-05
MONETARY_BASE,triangulation,old_vs_aux,AMBSL,AMBNS,6,1995-03-01,0.0065931906199479,0.0190906194341798,0.0124974288142319
MONETARY_BASE,triangulation,old_vs_aux,AMBSL,AMBNS,6,1995-04-01,-0.00193366286474461,0.00238281749686209,0.0043164803616067
MONETARY_BASE,triangulation,old_vs_aux,AMBSL,AMBNS,6,1995-05-01,-0.000683976193773361,-0.0118147806159126,-0.0111308044221392
MONETARY_BASE,triangulation,old_vs_aux,AMBSL,AMBNS,6,1995-06-01,-0.00636686484703386,0.00177278890935639,0.00813965375639025
MONETARY_BASE,triangulation,old_vs_aux,AMBSL,AMBNS,6,1995-07-01,0.000971086942432642,-0.000683133884193055,-0.0016542208266257
MONETARY_BASE,triangulation,old_vs_aux,AMBSL,AMBNS,6,1995-08-01,0.00281457899731841,-0.00215339538481985,-0.00496797438213825
MONETARY_BASE,triangulation,old_vs_aux,AMBSL,AMBNS,6,1995-09-01,-0.00176623058770531,0.00100458874708309,0.0027708193347884
MONETARY_BASE,triangulation,old_vs_aux,AMBSL,AMBNS,6,1995-10-01,0.00075247247846022,-0.000478823052903365,-0.00123129553136359
MONETARY_BASE,triangulation,old_vs_aux,AMBSL,AMBNS,6,1995-11-01,-0.00268054347344027,0.00528294579665189,0.00796348927009216
MONETARY_BASE,triangulation,old_vs_aux,AMBSL,AMBNS,6,1995-12-01,0.00369158957044036,0.00885937795322445,0.00516778838278409
MONETARY_BASE,triangulation,old_vs_aux,AMBSL,AMBNS,6,1996-01-01,2.85451896031574e-05,-0.021261678023154,-0.0212902232127572
MONETARY_BASE,triangulation,old_vs_aux,AMBSL,AMBNS,6,1996-02-01,-0.00725983827454435,-0.00779843269914515,-0.000538594424600802
MONETARY_BASE,triangulation,old_vs_aux,AMBSL,AMBNS,6,1996-03-01,0.0128064631161058,0.0249761374919366,0.0121696743758308
MONETARY_BASE,triangulation,old_vs_aux,AMBSL,AMBNS,6,1996-04-01,-0.00830690751960717,-0.00493895220146179,0.00336795531814538
MONETARY_BASE,triangulation,old_vs_aux,AMBSL,AMBNS,6,1996-05-01,0.00277245606548959,-0.00593360131130005,-0.00870605737678964
MONETARY_BASE,triangulation,old_vs_aux,AMBSL,AMBNS,6,1996-06-01,0.00106596066321263,0.0074397484745754,0.00637378781136277
MONETARY_BASE,triangulation,old_vs_aux,AMBSL,AMBNS,6,1996-07-01,0.000947185897859804,4.42919542784637e-05,-0.00090289394358134
MONETARY_BASE,triangulation,old_vs_aux,AMBSL,AMBNS,6,1996-08-01,-0.000316262931074895,-0.00525968593359227,-0.00494342300251738
MONETARY_BASE,triangulation,old_vs_aux,AMBSL,AMBNS,6,1996-09-01,-0.000874420738476545,0.0015485106811548,0.00242293141963135
MONETARY_BASE,triangulation,old_vs_aux,AMBSL,AMBNS,6,1996-10-01,-0.0013137272935948,-0.00268238279052291,-0.00136865549692811
MONETARY_BASE,triangulation,old_vs_aux,AMBSL,AMBNS,6,1996-11-01,0.000316190567906105,0.00886791269529574,0.00855172212738964
MONETARY_BASE,triangulation,old_vs_aux,AMBSL,AMBNS,6,1996-12-01,0.00360789940492179,0.00881989233441693,0.00521199292949515
MONETARY_BASE,triangulation,old_vs_aux,AMBSL,AMBNS,6,1997-01-01,-0.00356861434113043,-0.0248919236073792,-0.0213233092662488
MONETARY_BASE,triangulation,old_vs_aux,AMBSL,AMBNS,6,1997-02-01,0.00118841402780756,0.000324828114859343,-0.000863585912948217
MONETARY_BASE,triangulation,old_vs_aux,AMBSL,AMBNS,6,1997-03-01,-0.00132491736021478,0.0105975121010093,0.0119224294612241
MONETARY_BASE,triangulation,old_vs_aux,AMBSL,AMBNS,6,1997-04-01,0.00238275652518727,0.00466134204596003,0.00227858552077276
MONETARY_BASE,triangulation,old_vs_aux,AMBSL,AMBNS,6,1997-05-01,-0.00250001411986123,-0.00839648077755761,-0.00589646665769639
MONETARY_BASE,triangulation,old_vs_aux,AMBSL,AMBNS,6,1997-06-01,-0.00103452826734873,0.00297238603587591,0.00400691430322464
MONETARY_BASE,triangulation,old_vs_aux,AMBSL,AMBNS,6,1997-07-01,0.00464319132270585,0.00492449106969861,0.000281299746992758
MONETARY_BASE,triangulation,old_vs_aux,AMBSL,AMBNS,6,1997-08-01,-0.00136700615622853,-0.00655217731645052,-0.00518517116022199
MONETARY_BASE,triangulation,old_vs_aux,AMBSL,AMBNS,6,1997-09-01,-0.00245303067561764,0.000177024688809091,0.00263005536442673
MONETARY_BASE,triangulation,old_vs_aux,AMBSL,AMBNS,6,1997-10-01,0.00281660070096557,0.000779754254121023,-0.00203684644684454
MONETARY_BASE,triangulation,old_vs_aux,AMBSL,AMBNS,6,1997-11-01,0.00160361505057871,0.0110220602075541,0.00941844515697543
MONETARY_BASE,triangulation,old_vs_aux,AMBSL,AMBNS,6,1997-12-01,-0.000889670247977925,0.0038352893692517,0.00472495961722963
MONETARY_BASE,triangulation,old_vs_aux,AMBSL,AMBNS,6,1998-01-01,-0.00207414561812058,-0.0230300021740382,-0.0209558565559176
MONETARY_BASE,triangulation,old_vs_aux,AMBSL,AMBNS,6,1998-02-01,-0.00127551514908575,-0.00218108491215219,-0.000905569763066438
MONETARY_BASE,triangulation,old_vs_aux,AMBSL,AMBNS,6,1998-03-01,0.00260994883350385,0.0136377813060253,0.0110278324725215
MONETARY_BASE,triangulation,old_vs_aux,AMBSL,AMBNS,6,1998-04-01,-0.00179036655393894,-5.67074854309624e-05,0.00173365906850798
MONETARY_BASE,triangulation,old_vs_aux,AMBSL,AMBNS,6,1998-05-01,-0.00344552972629941,-0.00640016692041012,-0.00295463719411071
MONETARY_BASE,triangulation,old_vs_aux,AMBSL,AMBNS,6,1998-06-01,0.00480692526404347,0.00600333732810387,0.0011964120640604
MONETARY_BASE,triangulation,old_vs_aux,AMBSL,AMBNS,6,1998-07-01,-0.00476701615307906,-0.00337670389300104,0.00139031226007802
MONETARY_BASE,triangulation,old_vs_aux,AMBSL,AMBNS,6,1998-08-01,0.00553472079945116,0.000421775158237381,-0.00511294564121378
MONETARY_BASE,triangulation,old_vs_aux,AMBSL,AMBNS,6,1998-09-01,0.00246457390616239,0.00533711972681417,0.00287254582065177
MONETARY_BASE,triangulation,old_vs_aux,AMBSL,AMBNS,6,1998-10-01,-0.000187487617074211,-0.00332333389134298,-0.00313584627426877
MONETARY_BASE,triangulation,old_vs_aux,AMBSL,AMBNS,6,1998-11-01,-0.00342371382004458,0.00717637048567799,0.0106000843057226
MONETARY_BASE,triangulation,old_vs_aux,AMBSL,AMBNS,6,1998-12-01,-0.000199972306174523,0.00393666800866566,0.00413664031484018
MONETARY_BASE,triangulation,old_vs_aux,AMBSL,AMBNS,6,1999-01-01,0.00497032298355027,-0.0157706751153386,-0.0207409980988889
MONETARY_BASE,triangulation,old_vs_aux,AMBSL,AMBNS,6,1999-02-01,-0.0019429951845904,-0.00253307348776755,-0.000590078303177144
MONETARY_BASE,triangulation,old_vs_aux,AMBSL,AMBNS,6,1999-03-01,-0.000486917780810892,0.00967004566501561,0.0101569634458265
MONETARY_BASE,triangulation,old_vs_aux,AMBSL,AMBNS,6,1999-04-01,-0.00217269528031494,-0.00086843995087893,0.00130425532943601
MONETARY_BASE,triangulation,old_vs_aux,AMBSL,AMBNS,6,1999-05-01,0.00542114927663473,0.0046612308781766,-0.000759918398458126
MONETARY_BASE,triangulation,old_vs_aux,AMBSL,AMBNS,6,1999-06-01,-0.00652660082852652,-0.00735130188241406,-0.000824701053887544
MONETARY_BASE,triangulation,old_vs_aux,AMBSL,AMBNS,6,1999-07-01,-0.00173632299141158,0.000490367810976444,0.00222669080238802
MONETARY_BASE,triangulation,old_vs_aux,AMBSL,AMBNS,6,1999-08-01,0.00334001243666737,-0.00176650997492889,-0.00510652241159626
MONETARY_BASE,triangulation,old_vs_aux,AMBSL,AMBNS,6,1999-09-01,0.00735101442368258,0.010437198791216,0.00308618436753338
MONETARY_BASE,triangulation,old_vs_aux,AMBSL,AMBNS,6,1999-10-01,0.00307115634132948,-0.000999691791249369,-0.00407084813257885
MONETARY_BASE,triangulation,old_vs_aux,AMBSL,AMBNS,6,1999-11-01,0.00775704044492365,0.018980432856833,0.0112233924119094
MONETARY_BASE,triangulation,old_vs_aux,AMBSL,AMBNS,6,1999-12-01,0.0145883957496613,0.0184835605396056,0.00389516478994434
MONETARY_BASE,triangulation,old_vs_aux,AMBSL,AMBNS,6,2000-01-01,-0.0540354311579225,-0.0744085517920787,-0.0203731206341562
MONETARY_BASE,triangulation,old_vs_aux,AMBSL,AMBNS,6,2000-02-01,-0.0114638415245789,-0.0117859280570869,-0.000322086532507981
MONETARY_BASE,triangulation,old_vs_aux,AMBSL,AMBNS,6,2000-03-01,0.022961854252034,0.0324137501984305,0.0094518959463965
MONETARY_BASE,triangulation,old_vs_aux,AMBSL,AMBNS,6,2000-04-01,0.00671833120566667,0.00776921205729053,0.00105088085162386
MONETARY_BASE,triangulation,old_vs_aux,AMBSL,AMBNS,6,2000-05-01,0.00110576884140112,0.00187649189963413,0.000770723058233003
MONETARY_BASE,triangulation,old_vs_aux,AMBSL,AMBNS,6,2000-06-01,-0.00200291399161845,-0.0043850147740585,-0.00238210078244006
MONETARY_BASE,triangulation,old_vs_aux,AMBSL,AMBNS,6,2000-07-01,-0.000432824802381049,0.00227503255064221,0.00270785735302326
MONETARY_BASE,triangulation,old_vs_aux,AMBSL,AMBNS,6,2000-08-01,-0.00294057979653672,-0.00754323630895026,-0.00460265651241354
MONETARY_BASE,triangulation,old_vs_aux,AMBSL,AMBNS,6,2000-09-01,0.00257408231083822,0.00548446531816804,0.00291038300732982
MONETARY_BASE,triangulation,old_vs_aux,AMBSL,AMBNS,6,2000-10-01,0.00529265790290268,0.000123335812911129,-0.00516932208999155
MONETARY_BASE,triangulation,old_vs_aux,AMBSL,AMBNS,6,2000-11-01,-0.00508476311617745,0.00685663521749635,0.0119413983336738
MONETARY_BASE,triangulation,old_vs_aux,AMBSL,AMBNS,6,2000-12-01,0.000967720495594016,0.00526619277354534,0.00429847227795133
MONETARY_BASE,triangulation,old_vs_aux,AMBSL,AMBNS,6,2001-01-01,0.00403154304930275,-0.0168127564232359,-0.0208442994725386
MONETARY_BASE,triangulation,old_vs_aux,AMBSL,AMBNS,6,2001-02-01,-0.00210734880997077,-0.0019285221130021,0.00017882669696867
MONETARY_BASE,triangulation,old_vs_aux,AMBSL,AMBNS,6,2001-03-01,0.000137062296950319,0.00927446063015669,0.00913739833320637
MONETARY_BASE,triangulation,old_vs_aux,AMBSL,AMBNS,6,2001-04-01,0.000669316712582635,0.00145857589390541,0.000789259181322777
MONETARY_BASE,triangulation,old_vs_aux,AMBSL,AMBNS,6,2001-05-01,0.00268522628707579,0.0041569926728604,0.00147176638578461
MONETARY_BASE,triangulation,old_vs_aux,AMBSL,AMBNS,6,2001-06-01,-0.00424590355889087,-0.00717360514436383,-0.00292770158547295
MONETARY_BASE,triangulation,old_vs_aux,AMBSL,AMBNS,6,2001-07-01,0.00546277463939049,0.00828138933455325,0.00281861469516276
MONETARY_BASE,triangulation,old_vs_aux,AMBSL,AMBNS,6,2001-08-01,0.00254044791136554,-0.00176955833116654,-0.00431000624253208
MONETARY_BASE,triangulation,old_vs_aux,AMBSL,AMBNS,6,2001-09-01,0.027355987589627,0.0299934391578986,0.00263745156827166
MONETARY_BASE,triangulation,old_vs_aux,AMBSL,AMBNS,6,2001-10-01,-0.0504768430202125,-0.0561612294857268,-0.00568438646551428
MONETARY_BASE,triangulation,old_vs_aux,AMBSL,AMBNS,6,2001-11-01,0.00765121735947982,0.0196180496669678,0.011966832307488
MONETARY_BASE,triangulation,old_vs_aux,AMBSL,AMBNS,6,2001-12-01,0.0104317819541215,0.0156893938700824,0.00525761191596086
MONETARY_BASE,triangulation,old_vs_aux,AMBSL,AMBNS,6,2002-01-01,0.0056104394561487,-0.0158733874586154,-0.0214838269147641
MONETARY_BASE,triangulation,old_vs_aux,AMBSL,AMBNS,6,2002-02-01,-0.000156645343063921,0.000308545013857575,0.000465190356921497
MONETARY_BASE,triangulation,old_vs_aux,AMBSL,AMBNS,6,2002-03-01,-0.00724297345526725,0.00183549903693958,0.00907847249220683
MONETARY_BASE,triangulation,old_vs_aux,AMBSL,AMBNS,6,2002-04-01,0.000845636925301818,0.00147019855999275,0.000624561634690934
MONETARY_BASE,triangulation,old_vs_aux,AMBSL,AMBNS,6,2002-05-01,-0.000184388206368347,0.00151674586591799,0.00170113407228634
MONETARY_BASE,triangulation,old_vs_aux,AMBSL,AMBNS,6,2002-06-01,0.00068250781899426,-0.00240814384553012,-0.00309065166452438
MONETARY_BASE,triangulation,old_vs_aux,AMBSL,AMBNS,6,2002-07-01,-0.000400882810993153,0.00248863116998077,0.00288951398097392
MONETARY_BASE,triangulation,old_vs_aux,AMBSL,AMBNS,6,2002-08-01,-0.00314373709686766,-0.00720363723213158,-0.00405990013526392
MONETARY_BASE,triangulation,old_vs_aux,AMBSL,AMBNS,6,2002-09-01,-0.000480732324266597,0.00169768879927545,0.00217842112354205
MONETARY_BASE,triangulation,old_vs_aux,AMBSL,AMBNS,6,2002-10-01,0.00700895920989186,0.00106930504828107,-0.0059396541616108
MONETARY_BASE,triangulation,old_vs_aux,AMBSL,AMBNS,6,2002-11-01,-0.00642158965296868,0.00568581855240868,0.0121074082053774
MONETARY_BASE,triangulation,old_vs_aux,AMBSL,AMBNS,6,2002-12-01,-0.000676356358281893,0.00544423640819325,0.00612059276647514
MONETARY_BASE,triangulation,old_vs_aux,AMBSL,AMBNS,6,2003-01-01,0.00576015502924143,-0.0165869454807348,-0.0223471005099762
MONETARY_BASE,triangulation,old_vs_aux,AMBSL,AMBNS,6,2003-02-01,0.00508710171479532,0.0058103304231345,0.000723228708339185
MONETARY_BASE,triangulation,old_vs_aux,AMBSL,AMBNS,6,2003-03-01,-0.00799752452558611,0.00129553963595797,0.00929306416154407
MONETARY_BASE,triangulation,old_vs_aux,AMBSL,AMBNS,6,2003-04-01,0.00087426536879498,0.00127362724044122,0.000399361871646242
MONETARY_BASE,triangulation,old_vs_aux,AMBSL,AMBNS,6,2003-05-01,-0.00274389520297458,-0.00115708294525962,0.00158681225771495
MONETARY_BASE,triangulation,old_vs_aux,AMBSL,AMBNS,6,2003-06-01,-0.00155783728279602,-0.00443381801064469,-0.00287598072784867
MONETARY_BASE,triangulation,old_vs_aux,AMBSL,AMBNS,6,2003-07-01,0.000841106962934823,0.00378412505165748,0.00294301808872266
MONETARY_BASE,triangulation,old_vs_aux,AMBSL,AMBNS,6,2003-08-01,0.00320924810893963,-0.0008620627362248,-0.00407131084516443
MONETARY_BASE,triangulation,old_vs_aux,AMBSL,AMBNS,6,2003-09-01,-0.00524385998713583,-0.00331886062336295,0.00192499936377288
MONETARY_BASE,triangulation,old_vs_aux,AMBSL,AMBNS,6,2003-10-01,0.0105657588097632,0.00464687922144424,-0.00591887958831894
MONETARY_BASE,triangulation,old_vs_aux,AMBSL,AMBNS,6,2003-11-01,-0.00939672692517757,0.00259535351750984,0.0119920804426874
MONETARY_BASE,triangulation,old_vs_aux,AMBSL,AMBNS,6,2003-12-01,-0.00409339436197342,0.00254392539697612,0.00663731975894954
MONETARY_BASE,triangulation,old_vs_aux,AMBSL,AMBNS,6,2004-01-01,0.00781234727859026,-0.0148551669649022,-0.0226675142434924
MONETARY_BASE,triangulation,old_vs_aux,AMBSL,AMBNS,6,2004-02-01,0.00333103697662196,0.00408820950034361,0.00075717252372165
MONETARY_BASE,triangulation,old_vs_aux,AMBSL,AMBNS,6,2004-03-01,-0.00693099037160838,0.00236323404985672,0.0092942244214651
MONETARY_BASE,triangulation,old_vs_aux,AMBSL,AMBNS,6,2004-04-01,0.00327616198606417,0.00367478121813125,0.000398619232067077
MONETARY_BASE,triangulation,old_vs_aux,AMBSL,AMBNS,6,2004-05-01,-0.0020540862591627,-0.000469449704897151,0.00158463655426555
MONETARY_BASE,triangulation,old_vs_aux,AMBSL,AMBNS,6,2004-06-01,0.00403200989523889,0.0011582664297336,-0.00287374346550529
MONETARY_BASE,triangulation,old_vs_aux,AMBSL,AMBNS,6,2004-07-01,0.000347619873561911,0.0032910616424866,0.00294344176892469
MONETARY_BASE,triangulation,old_vs_aux,AMBSL,AMBNS,6,2004-08-01,-0.00601977761258965,-0.0100911709960005,-0.00407139338341089
MONETARY_BASE,triangulation,old_vs_aux,AMBSL,AMBNS,6,2004-09-01,0.00460179742056432,0.00652523852697318,0.00192344110640885
MONETARY_BASE,triangulation,old_vs_aux,AMBSL,AMBNS,6,2004-10-01,0.0018021798138923,-0.00411549462170413,-0.00591767443559643
MONETARY_BASE,triangulation,old_vs_aux,AMBSL,AMBNS,6,2004-11-01,-0.00540508448371746,0.00658410544233057,0.011989189926048
MONETARY_BASE,triangulation,old_vs_aux,AMBSL,AMBNS,6,2004-12-01,-0.00958319256082785,-0.00294407188733192,0.00663912067349592
MONETARY_BASE,triangulation,old_vs_aux,AMBSL,AMBNS,6,2005-01-01,0.0148855228052209,-0.00778046996307857,-0.0226659927682995
MONETARY_BASE,triangulation,old_vs_aux,AMBSL,AMBNS,6,2005-02-01,0.000890557527946534,0.00164692099068464,0.000756363462738108
MONETARY_BASE,triangulation,old_vs_aux,AMBSL,AMBNS,6,2005-03-01,-0.00768289037047509,0.00161080803777303,0.00929369840824812
MONETARY_BASE,triangulation,old_vs_aux,AMBSL,AMBNS,6,2005-04-01,0.00115568166275004,0.00155445827611711,0.000398776613367069
MONETARY_BASE,triangulation,old_vs_aux,AMBSL,AMBNS,6,2005-05-01,-0.0041248378702905,-0.00253939288554683,0.00158544498474367
MONETARY_BASE,triangulation,old_vs_aux,AMBSL,AMBNS,6,2005-06-01,0.00798323085861163,0.00510946949362445,-0.00287376136498718
MONETARY_BASE,triangulation,old_vs_aux,AMBSL,AMBNS,6,2005-07-01,-0.00357213303924198,-0.000632022887876893,0.00294011015136508
MONETARY_BASE,triangulation,old_vs_aux,AMBSL,AMBNS,6,2005-08-01,-0.000244250634786169,-0.00431220932545262,-0.00406795869066645
MONETARY_BASE,triangulation,old_vs_aux,AMBSL,AMBNS,6,2005-09-01,0.00357884515298235,0.00550254873466027,0.00192370358167793
MONETARY_BASE,triangulation,old_vs_aux,AMBSL,AMBNS,6,2005-10-01,-0.000103539039586487,-0.00602340869693574,-0.00591986965734925
MONETARY_BASE,triangulation,old_vs_aux,AMBSL,AMBNS,6,2005-11-01,-0.00437317630737244,0.00761806500399853,0.011991241311371
MONETARY_BASE,triangulation,old_vs_aux,AMBSL,AMBNS,6,2005-12-01,-0.00340301232964535,0.0032356844797512,0.00663869680939655
MONETARY_BASE,triangulation,old_vs_aux,AMBSL,AMBNS,6,2006-01-01,0.0143601455298672,-0.00830538349838417,-0.0226655290282514
MONETARY_BASE,triangulation,old_vs_aux,AMBSL,AMBNS,6,2006-02-01,-0.00312959089933251,-0.00237495509251673,0.000754635806815784
MONETARY_BASE,triangulation,old_vs_aux,AMBSL,AMBNS,6,2006-03-01,-0.00677700942230608,0.00251820454206797,0.00929521396437405
MONETARY_BASE,triangulation,old_vs_aux,AMBSL,AMBNS,6,2006-04-01,-0.00042393893416115,-2.73884236063893e-05,0.000396550510554761
MONETARY_BASE,triangulation,old_vs_aux,AMBSL,AMBNS,6,2006-05-01,0.000431443923413433,0.00201854340812346,0.00158709948471003
MONETARY_BASE,triangulation,old_vs_aux,AMBSL,AMBNS,6,2006-06-01,-0.00206412934403133,-0.00493897280322209,-0.00287484345919076
MONETARY_BASE,triangulation,old_vs_aux,AMBSL,AMBNS,6,2006-07-01,-0.00216652046471566,0.000776335225330271,0.00294285569004593
MONETARY_BASE,triangulation,old_vs_aux,AMBSL,AMBNS,6,2006-08-01,0.00183926086673658,-0.0022305265881748,-0.00406978745491138
MONETARY_BASE,triangulation,old_vs_aux,AMBSL,AMBNS,6,2006-09-01,-7.92919149263938e-05,0.00184381139437573,0.00192310330930212
MONETARY_BASE,triangulation,old_vs_aux,AMBSL,AMBNS,6,2006-10-01,0.004897740896185,-0.00102085225572424,-0.00591859315190923
MONETARY_BASE,triangulation,old_vs_aux,AMBSL,AMBNS,6,2006-11-01,-0.00150445079268646,0.0104861656453634,0.0119906164380499
MONETARY_BASE,triangulation,old_vs_aux,AMBSL,AMBNS,6,2006-12-01,-0.00600908368853759,0.000627781745891731,0.00663686543442932
MONETARY_BASE,triangulation,old_vs_aux,AMBSL,AMBNS,6,2007-01-01,0.0100070586247476,-0.012655830676076,-0.0226628893008236
MONETARY_BASE,triangulation,old_vs_aux,AMBSL,AMBNS,6,2007-02-01,-0.00243903478346663,-0.00168494229495675,0.000754092488509883
MONETARY_BASE,triangulation,old_vs_aux,AMBSL,AMBNS,6,2007-03-01,-0.00336716974289697,0.00592594226095144,0.00929311200384841
MONETARY_BASE,triangulation,old_vs_aux,AMBSL,AMBNS,6,2007-04-01,-0.000166064090512563,0.000234069114497082,0.000400133205009645
MONETARY_BASE,triangulation,old_vs_aux,AMBSL,AMBNS,6,2007-05-01,-0.000152661946685839,0.00143280429559844,0.00158546624228428
MONETARY_BASE,triangulation,old_vs_aux,AMBSL,AMBNS,6,2007-06-01,0.0010632450344179,-0.00181081116802773,-0.00287405620244563
MONETARY_BASE,triangulation,old_vs_aux,AMBSL,AMBNS,6,2007-07-01,-0.00100769394322953,0.00193346854268928,0.0029411624859188
MONETARY_BASE,triangulation,old_vs_aux,AMBSL,AMBNS,6,2007-08-01,0.000994672192813795,-0.00307519730275185,-0.00406986949556565
MONETARY_BASE,triangulation,old_vs_aux,AMBSL,AMBNS,6,2007-09-01,-0.0040937752185819,-0.00216937886704471,0.00192439635153718
MONETARY_BASE,triangulation,old_vs_aux,AMBSL,AMBNS,6,2007-10-01,0.00808547562264472,0.00216626089923011,-0.00591921472341461
MONETARY_BASE,triangulation,old_vs_aux,AMBSL,AMBNS,6,2007-11-01,-0.004612283989883,0.00737799715985243,0.0119902811497354
MONETARY_BASE,triangulation,old_vs_aux,AMBSL,AMBNS,6,2007-12-01,-0.0129982474967019,-0.00635860922489861,0.00663963827180325
MONETARY_BASE,triangulation,old_vs_aux,AMBSL,AMBNS,6,2008-01-01,0.0165138136732121,-0.00615333016554676,-0.0226671438387589
MONETARY_BASE,triangulation,old_vs_aux,AMBSL,AMBNS,6,2008-02-01,0.00200541572564727,0.00276229565348807,0.000756879927840792
MONETARY_BASE,triangulation,old_vs_aux,AMBSL,AMBNS,6,2008-03-01,-0.00257335069946141,0.00671963915164486,0.00929298985110627
MONETARY_BASE,triangulation,old_vs_aux,AMBSL,AMBNS,6,2008-04-01,-0.00997722603129336,-0.00957839721625398,0.000398828815039387
MONETARY_BASE,triangulation,old_vs_aux,AMBSL,AMBNS,6,2008-05-01,0.0116948220637596,0.0132804438451473,0.00158562178138766
MONETARY_BASE,triangulation,old_vs_aux,AMBSL,AMBNS,6,2008-06-01,-0.00213518798035572,-0.00500863240354121,-0.00287344442318549
MONETARY_BASE,triangulation,old_vs_aux,AMBSL,AMBNS,6,2008-07-01,0.0052072420298801,0.00814931654850248,0.00294207451862238
MONETARY_BASE,triangulation,old_vs_aux,AMBSL,AMBNS,6,2008-08-01,-0.00817301264853665,-0.0122441432834393,-0.00407113063490261
MONETARY_BASE,triangulation,old_vs_aux,AMBSL,AMBNS,6,2008-09-01,0.0702530399229504,0.0721769094245168,0.00192386950156642
MONETARY_BASE,triangulation,old_vs_aux,AMBSL,AMBNS,6,2008-10-01,0.127549388183273,0.121631763116028,-0.00591762506724525
MONETARY_BASE,triangulation,old_vs_aux,AMBSL,AMBNS,6,2008-11-01,0.061060941077046,0.0730498963138535,0.0119889552368075
MONETARY_BASE,triangulation,old_vs_aux,AMBSL,AMBNS,6,2008-12-01,-0.139798721273012,-0.133159490079514,0.00663923119349796
MONETARY_BASE,triangulation,old_vs_aux,AMBSL,AMBNS,6,2009-01-01,-0.0839882717734435,-0.106653294578182,-0.0226650228047385
MONETARY_BASE,triangulation,old_vs_aux,AMBSL,AMBNS,6,2009-02-01,-0.120213963852913,-0.119459792806568,0.000754171046344787
MONETARY_BASE,triangulation,old_vs_aux,AMBSL,AMBNS,6,2009-03-01,0.132461890131427,0.141757735032796,0.00929584490136826
MONETARY_BASE,triangulation,old_vs_aux,AMBSL,AMBNS,6,2009-04-01,0.0209363123679633,0.0213332589829731,0.000396946615009774
MONETARY_BASE,triangulation,old_vs_aux,AMBSL,AMBNS,6,2009-05-01,-0.0625969895098928,-0.0610096807103924,0.00158730879950042
MONETARY_BASE,triangulation,old_vs_aux,AMBSL,AMBNS,6,2009-06-01,-0.0607927480662243,-0.0636691552988653,-0.00287640723264104
MONETARY_BASE,triangulation,old_vs_aux,AMBSL,AMBNS,6,2009-07-01,0.048330567575757,0.0512748621660046,0.00294429459024759
MONETARY_BASE,triangulation,old_vs_aux,AMBSL,AMBNS,6,2009-08-01,0.0261388773223814,0.0220679187778128,-0.00407095854456863
MONETARY_BASE,triangulation,old_vs_aux,AMBSL,AMBNS,6,2009-09-01,0.0315608411430581,0.0334835954428669,0.00192275429980882
MONETARY_BASE,triangulation,old_vs_aux,AMBSL,AMBNS,6,2009-10-01,0.030399533367806,0.0244823618732317,-0.00591717149457427
MONETARY_BASE,triangulation,old_vs_aux,AMBSL,AMBNS,6,2009-11-01,-0.0475661960310028,-0.0355768488407984,0.0119893471902044
MONETARY_BASE,triangulation,old_vs_aux,AMBSL,AMBNS,6,2009-12-01,-0.0479547860909912,-0.0413159070511355,0.00663887903985572
MONETARY_BASE,triangulation,old_vs_aux,AMBSL,AMBNS,6,2010-01-01,0.0098899431871784,-0.0127747344343963,-0.0226646776215746
MONETARY_BASE,triangulation,old_vs_aux,AMBSL,AMBNS,6,2010-02-01,0.071303315303985,0.0720572094045702,0.000753894100585129
MONETARY_BASE,triangulation,old_vs_aux,AMBSL,AMBNS,6,2010-03-01,-0.0885801625010512,-0.0792852286469632,0.00929493385408797
MONETARY_BASE,triangulation,old_vs_aux,AMBSL,AMBNS,6,2010-04-01,-0.00914658235238797,-0.00874805346177787,0.000398528890610095
MONETARY_BASE,triangulation,old_vs_aux,AMBSL,AMBNS,6,2010-05-01,0.0251813828429439,0.0267670733252423,0.0015856904822984
MONETARY_BASE,triangulation,old_vs_aux,AMBSL,AMBNS,6,2010-06-01,-0.00034932249583175,-0.0032245109967155,-0.00287518850088375
MONETARY_BASE,triangulation,old_vs_aux,AMBSL,AMBNS,6,2010-07-01,0.000801708325673722,0.00374569956631277,0.00294399124063904
MONETARY_BASE,triangulation,old_vs_aux,AMBSL,AMBNS,6,2010-08-01,0.00409460669390516,2.38225022171079e-05,-0.00407078419168805
MONETARY_BASE,triangulation,old_vs_aux,AMBSL,AMBNS,6,2010-09-01,-0.0164872817787778,-0.0145645532926109,0.00192272848616692
MONETARY_BASE,triangulation,old_vs_aux,AMBSL,AMBNS,6,2010-10-01,0.0254702556434516,0.0195527475060944,-0.00591750813735725
MONETARY_BASE,triangulation,old_vs_aux,AMBSL,AMBNS,6,2010-11-01,-0.01241895035115,-0.000429288326067478,0.0119896620250826
MONETARY_BASE,triangulation,old_vs_aux,AMBSL,AMBNS,6,2010-12-01,0.0127807756278315,0.0194197128184799,0.00663893719064834
MONETARY_BASE,triangulation,old_vs_aux,AMBSL,AMBNS,6,2011-01-01,0.0144606319315495,-0.00820509528135283,-0.0226657272129023
MONETARY_BASE,triangulation,old_vs_aux,AMBSL,AMBNS,6,2011-02-01,0.0632159992302705,0.0639712047039156,0.000755205473645049
MONETARY_BASE,triangulation,old_vs_aux,AMBSL,AMBNS,6,2011-03-01,-0.00767530502734814,0.0016194832818277,0.00929478830917585
MONETARY_BASE,triangulation,old_vs_aux,AMBSL,AMBNS,6,2011-04-01,-0.0373412553180117,-0.0369434757328309,0.000397779585180835
MONETARY_BASE,triangulation,old_vs_aux,AMBSL,AMBNS,6,2011-05-01,-0.0188280276339485,-0.017241716777268,0.00158631085668048
MONETARY_BASE,triangulation,old_vs_aux,AMBSL,AMBNS,6,2011-06-01,0.00791719492152687,0.00504205185355389,-0.00287514306797299
MONETARY_BASE,triangulation,old_vs_aux,AMBSL,AMBNS,6,2011-07-01,-0.018896363814723,-0.0159529877989844,0.00294337601573869
MONETARY_BASE,triangulation,old_vs_aux,AMBSL,AMBNS,6,2011-08-01,-0.0205175599087202,-0.0245881249075861,-0.00407056499886593
MONETARY_BASE,triangulation,old_vs_aux,AMBSL,AMBNS,6,2011-09-01,-0.000332208620675623,0.00159066265605645,0.00192287127673207
MONETARY_BASE,triangulation,old_vs_aux,AMBSL,AMBNS,6,2011-10-01,0.017122001524716,0.0112047558826056,-0.00591724564211038
MONETARY_BASE,triangulation,old_vs_aux,AMBSL,AMBNS,6,2011-11-01,-0.0290813845875109,-0.0170915948920332,0.0119897896954777
MONETARY_BASE,triangulation,old_vs_aux,AMBSL,AMBNS,6,2011-12-01,0.0134273426185771,0.0200657531009325,0.00663841048235536
MONETARY_BASE,triangulation,old_vs_aux,AMBSL,AMBNS,6,2012-01-01,0.0242141256119464,0.00154874381296821,-0.0226653817989781
MONETARY_BASE,triangulation,old_vs_aux,AMBSL,AMBNS,6,2012-02-01,0.0150481065966694,0.0158030205478177,0.000754913951148239
MONETARY_BASE,triangulation,old_vs_aux,AMBSL,AMBNS,6,2012-03-01,-0.0498579229519223,-0.0405634312413365,0.00929449171058572
MONETARY_BASE,triangulation,old_vs_aux,AMBSL,AMBNS,6,2012-04-01,0.0141276794378724,0.014526025668788,0.000398346230915614
MONETARY_BASE,triangulation,old_vs_aux,AMBSL,AMBNS,6,2012-05-01,-0.0106871521458487,-0.00910115604274697,0.00158599610310173
MONETARY_BASE,triangulation,old_vs_aux,AMBSL,AMBNS,6,2012-06-01,0.018333096505522,0.0154585084223458,-0.0028745880831762
MONETARY_BASE,triangulation,old_vs_aux,AMBSL,AMBNS,6,2012-07-01,0.00549904145110958,0.00844170566218416,0.00294266421107459
MONETARY_BASE,triangulation,old_vs_aux,AMBSL,AMBNS,6,2012-08-01,-0.00908950324297919,-0.0131599344210045,-0.0040704311780253
MONETARY_BASE,triangulation,old_vs_aux,AMBSL,AMBNS,6,2012-09-01,-0.020243998196344,-0.018320435860173,0.00192356233617108
MONETARY_BASE,triangulation,old_vs_aux,AMBSL,AMBNS,6,2012-10-01,0.032459726065305,0.026541419571859,-0.00591830649344605
MONETARY_BASE,triangulation,old_vs_aux,AMBSL,AMBNS,6,2012-11-01,-0.00620988778299836,0.00578004511838337,0.0119899329013817
MONETARY_BASE,triangulation,old_vs_aux,AMBSL,AMBNS,6,2012-12-01,-0.00925561774710015,-0.00261650068964414,0.00663911705745601
MONETARY_BASE,triangulation,old_vs_aux,AMBSL,AMBNS,6,2013-01-01,0.0371537067243297,0.0144878885730098,-0.02266581815132
MONETARY_BASE,triangulation,old_vs_aux,AMBSL,AMBNS,6,2013-02-01,0.010584337711145,0.0113393056127622,0.000754967901617221
MONETARY_BASE,triangulation,old_vs_aux,AMBSL,AMBNS,6,2013-03-01,-0.0107738604470766,-0.00147905557786032,0.0092948048692163
MONETARY_BASE,triangulation,old_vs_aux,AMBSL,AMBNS,6,2013-04-01,-0.00985496415699583,-0.0094569635538484,0.00039800060314743
MONETARY_BASE,triangulation,old_vs_aux,AMBSL,AMBNS,6,2013-05-01,0.00619112945011757,0.00777741602839743,0.00158628657827986
MONETARY_BASE,triangulation,old_vs_aux,AMBSL,AMBNS,6,2013-06-01,-0.00404210488330214,-0.00691716177732538,-0.00287505689402323
MONETARY_BASE,triangulation,old_vs_aux,AMBSL,AMBNS,6,2013-07-01,0.000790701971403962,0.00373384092092266,0.0029431389495187
MONETARY_BASE,triangulation,old_vs_aux,AMBSL,AMBNS,6,2013-08-01,0.00555172747184507,0.00148108855763418,-0.00407063891421089
MONETARY_BASE,triangulation,old_vs_aux,AMBSL,AMBNS,6,2013-09-01,-0.00667664830951864,-0.00475302639573272,0.00192362191378592
MONETARY_BASE,triangulation,old_vs_aux,AMBSL,AMBNS,6,2013-10-01,0.0082835801049157,0.00236532443647164,-0.00591825566844406
MONETARY_BASE,triangulation,old_vs_aux,AMBSL,AMBNS,6,2013-11-01,-0.0146160647405065,-0.00262633159940862,0.0119897331410979
MONETARY_BASE,triangulation,old_vs_aux,AMBSL,AMBNS,6,2013-12-01,-0.0240169544276494,-0.0173778601092334,0.00663909431841603
MONETARY_BASE,triangulation,old_vs_aux,AMBSL,AMBNS,6,2014-01-01,0.0175326007779493,-0.00513283831091549,-0.0226654390888648
MONETARY_BASE,triangulation,old_vs_aux,AMBSL,AMBNS,6,2014-02-01,0.0227956338956563,0.0235503032782578,0.000754669382601492
MONETARY_BASE,triangulation,old_vs_aux,AMBSL,AMBNS,6,2014-03-01,-0.0213552237324741,-0.0120603487187783,0.00929487501369586
MONETARY_BASE,triangulation,old_vs_aux,AMBSL,AMBNS,6,2014-04-01,-0.00446639874276933,-0.00406832561556136,0.000398073127207965
MONETARY_BASE,triangulation,old_vs_aux,AMBSL,AMBNS,6,2014-05-01,-0.0182377959467104,-0.0166515812800476,0.00158621466666276
MONETARY_BASE,triangulation,old_vs_aux,AMBSL,AMBNS,6,2014-06-01,0.0179974058827845,0.0151220113180646,-0.00287539456471997
MONETARY_BASE,triangulation,old_vs_aux,AMBSL,AMBNS,6,2014-07-01,-0.000175243843440143,0.00276816590498719,0.00294340974842733
MONETARY_BASE,triangulation,old_vs_aux,AMBSL,AMBNS,6,2014-08-01,0.0122099383678833,0.00813928182106416,-0.00407065654681915
MONETARY_BASE,triangulation,old_vs_aux,AMBSL,AMBNS,6,2014-09-01,-0.0279024896192084,-0.0259785969883541,0.00192389263085424
MONETARY_BASE,triangulation,old_vs_aux,AMBSL,AMBNS,6,2014-10-01,-0.00143623033051554,-0.00735479943956996,-0.00591856910905442
MONETARY_BASE,triangulation,old_vs_aux,AMBSL,AMBNS,6,2014-11-01,-0.0414337210304012,-0.0294435851055699,0.0119901359248313
MONETARY_BASE,triangulation,old_vs_aux,AMBSL,AMBNS,6,2014-12-01,0.0620315082061218,0.0686700334807586,0.00663852527463682
MONETARY_BASE,triangulation,old_vs_aux,AMBSL,AMBNS,6,2015-01-01,0.0176519368150689,-0.00501315828264204,-0.022665095097711
MONETARY_BASE,triangulation,old_vs_aux,AMBSL,AMBNS,6,2015-02-01,-0.069529560977859,-0.0687750442868431,0.000754516691015894
MONETARY_BASE,triangulation,old_vs_aux,AMBSL,AMBNS,6,2015-03-01,0.0929375902189076,0.102232527574843,0.00929493735593567
MONETARY_BASE,triangulation,old_vs_aux,AMBSL,AMBNS,6,2015-04-01,-0.0522134812775708,-0.0518154454729647,0.000398035804606067
MONETARY_BASE,triangulation,old_vs_aux,AMBSL,AMBNS,6,2015-05-01,-0.0342013758650754,-0.0326150105321634,0.00158636533291201
MONETARY_BASE,triangulation,old_vs_aux,AMBSL,AMBNS,6,2015-06-01,0.0303452275295175,0.0274697056931821,-0.00287552183633544
MONETARY_BASE,triangulation,old_vs_aux,AMBSL,AMBNS,6,2015-07-01,0.0116586714130609,0.0146020517417664,0.00294338032870556
MONETARY_BASE,triangulation,old_vs_aux,AMBSL,AMBNS,6,2015-08-01,-0.00621170301594276,-0.0102822782804495,-0.00407057526450672
MONETARY_BASE,triangulation,old_vs_aux,AMBSL,AMBNS,6,2015-09-01,0.0080321807038306,0.0099557997613573,0.00192361905752669
MONETARY_BASE,triangulation,old_vs_aux,AMBSL,AMBNS,6,2015-10-01,0.000629701905324964,-0.00528813889527413,-0.00591784080059909
MONETARY_BASE,triangulation,old_vs_aux,AMBSL,AMBNS,6,2015-11-01,-0.0300889084638776,-0.0180994771363689,0.0119894313275086
MONETARY_BASE,triangulation,old_vs_aux,AMBSL,AMBNS,6,2015-12-01,-0.035596773371104,-0.0289580168112238,0.00663875655988022
MONETARY_BASE,triangulation,old_vs_aux,AMBSL,AMBNS,6,2016-01-01,0.0440133387615553,0.0213482172576391,-0.0226651215039162
MONETARY_BASE,triangulation,old_vs_aux,AMBSL,AMBNS,6,2016-02-01,0.0431343060945579,0.0438888198819001,0.000754513787342148
MONETARY_BASE,triangulation,old_vs_aux,AMBSL,AMBNS,6,2016-03-01,-0.0290178633951594,-0.019722652453515,0.00929521094164443
MONETARY_BASE,triangulation,old_vs_aux,AMBSL,AMBNS,6,2016-04-01,-0.00825439058801258,-0.00785681760316059,0.00039757298485199
MONETARY_BASE,triangulation,old_vs_aux,AMBSL,AMBNS,6,2016-05-01,-0.0101436089021796,-0.00855721029489942,0.00158639860728016
MONETARY_BASE,triangulation,old_vs_aux,AMBSL,AMBNS,6,2016-06-01,0.0106547743956984,0.00777978261911905,-0.00287499177657935
MONETARY_BASE,triangulation,old_vs_aux,AMBSL,AMBNS,6,2016-07-01,-0.0118604365908581,-0.00891765857849514,0.00294277801236298
MONETARY_BASE,triangulation,old_vs_aux,AMBSL,AMBNS,6,2016-08-01,0.0292387541098975,0.025168647821225,-0.00407010628867255
MONETARY_BASE,triangulation,old_vs_aux,AMBSL,AMBNS,6,2016-09-01,-0.0386734629981422,-0.0367501037803617,0.00192335921778053
MONETARY_BASE,triangulation,old_vs_aux,AMBSL,AMBNS,6,2016-10-01,-0.0141356314205261,-0.0200536376946836,-0.00591800627415751
MONETARY_BASE,triangulation,old_vs_aux,AMBSL,AMBNS,6,2016-11-01,0.0498808425194479,0.0618702556689836,0.0119894131495357
MONETARY_BASE,triangulation,old_vs_aux,AMBSL,AMBNS,6,2016-12-01,-0.0501542969188833,-0.0435150009164005,0.00663929600248281
MONETARY_BASE,triangulation,old_vs_aux,AMBSL,AMBNS,6,2017-01-01,0.0626614360093178,0.0399956090529834,-0.0226658269563345
MONETARY_BASE,triangulation,old_vs_aux,AMBSL,AMBNS,6,2017-02-01,0.0269852142110736,0.0277406637197366,0.00075544950866302
MONETARY_BASE,triangulation,old_vs_aux,AMBSL,AMBNS,6,2017-03-01,-0.0230591959846933,-0.0137648925024632,0.00929430348223015
MONETARY_BASE,triangulation,old_vs_aux,AMBSL,AMBNS,6,2017-04-01,-0.0366659489795325,-0.0362679646376804,0.000397984341852009
MONETARY_BASE,triangulation,old_vs_aux,AMBSL,AMBNS,6,2017-05-01,-0.00566396347635489,-0.00407738515438361,0.00158657832197129
MONETARY_BASE,triangulation,old_vs_aux,AMBSL,AMBNS,6,2017-06-01,0.0146459479778454,0.0117704090443205,-0.00287553893352488
MONETARY_BASE,triangulation,old_vs_aux,AMBSL,AMBNS,6,2017-07-01,0.00160514782579035,0.0045487132045956,0.00294356537880525
MONETARY_BASE,triangulation,old_vs_aux,AMBSL,AMBNS,6,2017-08-01,0.0308963623847447,0.0268252371971123,-0.00407112518763242
MONETARY_BASE,triangulation,old_vs_aux,AMBSL,AMBNS,6,2017-09-01,-0.0435164514165809,-0.0415922413146745,0.00192421010190635
MONETARY_BASE,triangulation,old_vs_aux,AMBSL,AMBNS,6,2017-10-01,0.00728045912376807,0.00136212086083276,-0.00591833826293531
MONETARY_BASE,triangulation,old_vs_aux,AMBSL,AMBNS,6,2017-11-01,0.0175740312421233,0.0295638229626149,0.0119897917204916
MONETARY_BASE,triangulation,old_vs_aux,AMBSL,AMBNS,6,2017-12-01,-0.0401805199101073,-0.0335418509593026,0.00663866895080467
MONETARY_BASE,triangulation,old_vs_aux,AMBSL,AMBNS,6,2018-01-01,0.0266799743397446,0.00401440480708892,-0.0226655695326556
MONETARY_BASE,triangulation,old_vs_aux,AMBSL,AMBNS,6,2018-02-01,0.0167915667408316,0.0175467917091812,0.000755224968349566
MONETARY_BASE,triangulation,old_vs_aux,AMBSL,AMBNS,6,2018-03-01,-0.0321466544205808,-0.0228518728601852,0.00929478156039565
MONETARY_BASE,triangulation,old_vs_aux,AMBSL,AMBNS,6,2018-04-01,-0.00536547947217159,-0.00496762622288749,0.000397853249284097
MONETARY_BASE,triangulation,old_vs_aux,AMBSL,AMBNS,6,2018-05-01,0.00409734102360026,0.00568382069874573,0.00158647967514547
MONETARY_BASE,triangulation,old_vs_aux,AMBSL,AMBNS,6,2018-06-01,0.0111619513825403,0.00828635485081719,-0.00287559653172309
MONETARY_BASE,triangulation,old_vs_aux,AMBSL,AMBNS,6,2018-07-01,-0.0073619951271553,-0.00441839839044533,0.00294359673670996
MONETARY_BASE,triangulation,old_vs_aux,AMBSL,AMBNS,6,2018-08-01,0.0048621767301622,0.00079143465651299,-0.00407074207364921
MONETARY_BASE,triangulation,old_vs_aux,AMBSL,AMBNS,6,2018-09-01,-0.00115754071556218,0.000765869041599032,0.00192340975716121
MONETARY_BASE,triangulation,old_vs_aux,AMBSL,AMBNS,6,2018-10-01,0.00538081520003075,-0.000537033293728229,-0.00591784849375898
MONETARY_BASE,triangulation,old_vs_aux,AMBSL,AMBNS,6,2018-11-01,-0.0157270764840067,-0.00373760723284811,0.0119894692511586
MONETARY_BASE,triangulation,old_vs_aux,AMBSL,AMBNS,6,2018-12-01,-0.0158008521806856,-0.00916182230836426,0.00663902987232134
MONETARY_BASE,triangulation,old_vs_aux,AMBSL,AMBNS,6,2019-01-01,0.0259478701217457,0.00328276115732251,-0.0226651089644232
MONETARY_BASE,triangulation,old_vs_aux,AMBSL,AMBNS,6,2019-02-01,0.0211051643022078,0.0218594839131221,0.000754319610914322
MONETARY_BASE,triangulation,old_vs_aux,AMBSL,AMBNS,6,2019-03-01,-0.00434520584314058,0.00494982943391697,0.00929503527705755
MONETARY_BASE,triangulation,old_vs_aux,AMBSL,AMBNS,6,2019-04-01,-0.0364050810512246,-0.0360071554444747,0.000397925606749894
MONETARY_BASE,triangulation,old_vs_aux,AMBSL,AMBNS,6,2019-05-01,0.0138473155327947,0.0154338152159426,0.00158649968314784
MONETARY_BASE,triangulation,old_vs_aux,AMBSL,AMBNS,6,2019-06-01,0.023584186781278,0.0207086127604974,-0.00287557402078065
MONETARY_BASE,triangulation,old_vs_aux,AMBSL,AMBNS,6,2019-07-01,-0.0157450683710429,-0.0128016617557805,0.00294340661526249
MONETARY_BASE,triangulation,old_vs_aux,AMBSL,AMBNS,6,2019-08-01,0.0125870284606879,0.00851656429411562,-0.00407046416657231
MONETARY_BASE,triangulation,old_vs_aux,AMBSL,AMBNS,6,2019-09-01,-0.0302190190003113,-0.0282956056371315,0.0019234133631798
MONETARY_BASE,triangulation,old_vs_aux,AMBSL,AMBNS,6,2019-10-01,0.0473548260164574,0.0414368140952579,-0.00591801192119945
MONETARY_BASE,triangulation,old_vs_aux,AMBSL,AMBNS,6,2019-11-01,-0.00882406522955392,0.00316586674941455,0.0119899319789685
MONETARY_BASE,triangulation,aux_vs_new,AMBNS,BOGMBASE,6,1959-03-01,0.0134766945145639,0.0119483013226827,-0.00152839319188125
MONETARY_BASE,triangulation,aux_vs_new,AMBNS,BOGMBASE,6,1959-04-01,0.00545346054521145,0.0100261259162604,0.00457266537104895
MONETARY_BASE,triangulation,aux_vs_new,AMBNS,BOGMBASE,6,1959-05-01,-0.00167422444048215,-0.00801607498823609,-0.00634185054775394
MONETARY_BASE,triangulation,aux_vs_new,AMBNS,BOGMBASE,6,1959-06-01,0.00186714403831578,0.00398406901487425,0.00211692497655847
MONETARY_BASE,triangulation,aux_vs_new,AMBNS,BOGMBASE,6,1959-07-01,0.00362347405464236,0.0059072084638685,0.00228373440922613
MONETARY_BASE,triangulation,aux_vs_new,AMBNS,BOGMBASE,6,1959-08-01,-0.0102257019125918,-0.0118617214660413,-0.0016360195534495
MONETARY_BASE,triangulation,aux_vs_new,AMBNS,BOGMBASE,6,1959-09-01,0.00150373466256681,0.00197044398729851,0.000466709324731696
MONETARY_BASE,triangulation,aux_vs_new,AMBNS,BOGMBASE,6,1959-10-01,-0.000561430870404944,0,0.000561430870404944
MONETARY_BASE,triangulation,aux_vs_new,AMBNS,BOGMBASE,6,1959-11-01,0.0055524738759245,0.00393701295933946,-0.00161546091658504
MONETARY_BASE,triangulation,aux_vs_new,AMBNS,BOGMBASE,6,1959-12-01,0.0131842733402849,0.00778187115387396,-0.00540240218641097
MONETARY_BASE,triangulation,aux_vs_new,AMBNS,BOGMBASE,6,1960-01-01,-0.0348014785578208,-0.0273747811857663,0.00742669737205448
MONETARY_BASE,triangulation,aux_vs_new,AMBNS,BOGMBASE,6,1960-02-01,-0.00426491067288826,-0.00627917979370274,-0.00201426912081448
MONETARY_BASE,triangulation,aux_vs_new,AMBNS,BOGMBASE,6,1960-03-01,0.018997003307081,0.0199169127100185,0.000919909402937513
MONETARY_BASE,triangulation,aux_vs_new,AMBNS,BOGMBASE,6,1960-04-01,0.00500266955553119,0.0060504276841753,0.00104775812864411
MONETARY_BASE,triangulation,aux_vs_new,AMBNS,BOGMBASE,6,1960-05-01,-0.00039620752245062,-0.00403226352793817,-0.00363605600548755
MONETARY_BASE,triangulation,aux_vs_new,AMBNS,BOGMBASE,6,1960-06-01,0.00276913641893639,0.00601807232556295,0.00324893590662656
MONETARY_BASE,triangulation,aux_vs_new,AMBNS,BOGMBASE,6,1960-07-01,0.00402216193911098,0.00393225852760537,-8.99034115056097e-05
MONETARY_BASE,triangulation,aux_vs_new,AMBNS,BOGMBASE,6,1960-08-01,-0.0114634608269206,-0.0139185900287893,-0.00245512920186863
MONETARY_BASE,triangulation,aux_vs_new,AMBNS,BOGMBASE,6,1960-09-01,0.00714463843312974,-0.00401581517259952,-0.0111604536057293
MONETARY_BASE,triangulation,aux_vs_new,AMBNS,BOGMBASE,6,1960-10-01,-0.00222262806352713,0.0119840796815667,0.0142067077450938
MONETARY_BASE,triangulation,aux_vs_new,AMBNS,BOGMBASE,6,1960-11-01,0.00669866356991422,-1.59363184719652e-05,-0.00671459988838619
MONETARY_BASE,triangulation,aux_vs_new,AMBNS,BOGMBASE,6,1960-12-01,0.00631144563066588,-0.0139741620899603,-0.0202856077206262
MONETARY_BASE,triangulation,aux_vs_new,AMBNS,BOGMBASE,6,1961-01-01,-0.0312159889220385,-0.00416585615504639,0.0270501327669921
MONETARY_BASE,triangulation,aux_vs_new,AMBNS,BOGMBASE,6,1961-02-01,-0.00102649632428342,-0.000203271847756703,0.000823224476526718
MONETARY_BASE,triangulation,aux_vs_new,AMBNS,BOGMBASE,6,1961-03-01,0.0139530384372,0.0143592210778891,0.000406182640689146
MONETARY_BASE,triangulation,aux_vs_new,AMBNS,BOGMBASE,6,1961-04-01,0.0047872498729653,0.00206398422085163,-0.00272326565211367
MONETARY_BASE,triangulation,aux_vs_new,AMBNS,BOGMBASE,6,1961-05-01,-0.0014784326822439,-0.00206398422085163,-0.000585551538607731
MONETARY_BASE,triangulation,aux_vs_new,AMBNS,BOGMBASE,6,1961-06-01,0.00791393779485894,0.00821359853738901,0.000299660742530072
MONETARY_BASE,triangulation,aux_vs_new,AMBNS,BOGMBASE,6,1961-07-01,-0.00125143533576155,-0.00209737151995304,-0.000845936184191487
MONETARY_BASE,triangulation,aux_vs_new,AMBNS,BOGMBASE,6,1961-08-01,-0.00577953733963898,-0.00408576946705397,0.00169376787258502
MONETARY_BASE,triangulation,aux_vs_new,AMBNS,BOGMBASE,6,1961-09-01,0.00352735790036585,0.00403629513185555,0.000508937231489703
MONETARY_BASE,triangulation,aux_vs_new,AMBNS,BOGMBASE,6,1961-10-01,0.00120544329839722,0.00196541901502645,0.000759975716629224
MONETARY_BASE,triangulation,aux_vs_new,AMBNS,BOGMBASE,6,1961-11-01,0.00465028730842088,0.00191815915590432,-0.00273212815251656
MONETARY_BASE,triangulation,aux_vs_new,AMBNS,BOGMBASE,6,1961-12-01,0.00789869340545568,0.00576708504224133,-0.00213160836321435
MONETARY_BASE,triangulation,aux_vs_new,AMBNS,BOGMBASE,6,1962-01-01,-0.0325430473977879,-0.0294565917787137,0.00308645561907417
MONETARY_BASE,triangulation,aux_vs_new,AMBNS,BOGMBASE,6,1962-02-01,-0.00538366947698865,-0.00219741637950843,0.00318625309748022
MONETARY_BASE,triangulation,aux_vs_new,AMBNS,BOGMBASE,6,1962-03-01,0.0216103008631938,0.0199446136603512,-0.00166568720284266
MONETARY_BASE,triangulation,aux_vs_new,AMBNS,BOGMBASE,6,1962-04-01,0.00501708908847043,0.00396014825163826,-0.00105694083683217
MONETARY_BASE,triangulation,aux_vs_new,AMBNS,BOGMBASE,6,1962-05-01,-0.00455850397838331,-0.00598600844518549,-0.00142750446680218
MONETARY_BASE,triangulation,aux_vs_new,AMBNS,BOGMBASE,6,1962-06-01,0.00447369207240467,0.00590742607117134,0.00143373399876667
MONETARY_BASE,triangulation,aux_vs_new,AMBNS,BOGMBASE,6,1962-07-01,0.00205098267824688,-6.17586549158666e-05,-0.00211274133316275
MONETARY_BASE,triangulation,aux_vs_new,AMBNS,BOGMBASE,6,1962-08-01,-0.0116645591038282,-0.00977904875150859,0.00188551035231965
MONETARY_BASE,triangulation,aux_vs_new,AMBNS,BOGMBASE,6,1962-09-01,0.00352416350103724,0.0039024402625234,0.000378276761486163
MONETARY_BASE,triangulation,aux_vs_new,AMBNS,BOGMBASE,6,1962-10-01,0.00419820793326542,0.00387970017953165,-0.000318507753733765
MONETARY_BASE,triangulation,aux_vs_new,AMBNS,BOGMBASE,6,1962-11-01,0.00549255122020931,-0.0116618406215867,-0.017154391841796
MONETARY_BASE,triangulation,aux_vs_new,AMBNS,BOGMBASE,6,1962-12-01,0.00953839694562442,0.0251365392049467,0.0155981422593223
MONETARY_BASE,triangulation,aux_vs_new,AMBNS,BOGMBASE,6,1963-01-01,-0.0348412772261195,-0.0327803174775134,0.00206095974860609
MONETARY_BASE,triangulation,aux_vs_new,AMBNS,BOGMBASE,6,1963-02-01,-0.00050742019024641,0.00177865882016848,0.00228607901041489
MONETARY_BASE,triangulation,aux_vs_new,AMBNS,BOGMBASE,6,1963-03-01,0.0177591790725904,0.0156099390843281,-0.00214923998826233
MONETARY_BASE,triangulation,aux_vs_new,AMBNS,BOGMBASE,6,1963-04-01,0.00363754738994171,0.00192837630309173,-0.00170917108684998
MONETARY_BASE,triangulation,aux_vs_new,AMBNS,BOGMBASE,6,1963-05-01,-0.00193881025048759,-0.00196630177953505,-2.74915290474631e-05
MONETARY_BASE,triangulation,aux_vs_new,AMBNS,BOGMBASE,6,1963-06-01,0.00371390489429091,0.00574873952951638,0.00203483463522547
MONETARY_BASE,triangulation,aux_vs_new,AMBNS,BOGMBASE,6,1963-07-01,0.00533369039335607,0.00180398244941316,-0.00352970794394292
MONETARY_BASE,triangulation,aux_vs_new,AMBNS,BOGMBASE,6,1963-08-01,-0.0174033379581351,-0.0152237667921744,0.00217957116596068
MONETARY_BASE,triangulation,aux_vs_new,AMBNS,BOGMBASE,6,1963-09-01,0.0102441211537894,0.00948229008914092,-0.000761831064648444
MONETARY_BASE,triangulation,aux_vs_new,AMBNS,BOGMBASE,6,1963-10-01,-0.00369506302178202,-0.00191362973694931,0.00178143328483271
MONETARY_BASE,triangulation,aux_vs_new,AMBNS,BOGMBASE,6,1963-11-01,0.00913727538410969,0.00932294953620527,0.000185674152095583
MONETARY_BASE,triangulation,aux_vs_new,AMBNS,BOGMBASE,6,1963-12-01,0.0153945272985085,0.00714334242790082,-0.00825118487060772
MONETARY_BASE,triangulation,aux_vs_new,AMBNS,BOGMBASE,6,1964-01-01,-0.0432354237019017,-0.0330723214176301,0.0101631022842716
MONETARY_BASE,triangulation,aux_vs_new,AMBNS,BOGMBASE,6,1964-02-01,-0.00125960156770644,-0.000166814473755661,0.00109278709395078
MONETARY_BASE,triangulation,aux_vs_new,AMBNS,BOGMBASE,6,1964-03-01,0.0219943925101602,0.0185910678094174,-0.00340332470074278
MONETARY_BASE,triangulation,aux_vs_new,AMBNS,BOGMBASE,6,1964-04-01,0.00133291454566242,-3.10945810806373e-05,-0.00136400912674306
MONETARY_BASE,triangulation,aux_vs_new,AMBNS,BOGMBASE,6,1964-05-01,-0.00294502210194159,-0.00187067759724302,0.00107434450469857
MONETARY_BASE,triangulation,aux_vs_new,AMBNS,BOGMBASE,6,1964-06-01,0.00964866459438429,0.00729908048814076,-0.00234958410624353
MONETARY_BASE,triangulation,aux_vs_new,AMBNS,BOGMBASE,6,1964-07-01,-0.00396242626952859,-0.00192287633784138,0.0020395499316872
MONETARY_BASE,triangulation,aux_vs_new,AMBNS,BOGMBASE,6,1964-08-01,-0.00865765079724934,-0.00906624523775346,-0.000408594440504118
MONETARY_BASE,triangulation,aux_vs_new,AMBNS,BOGMBASE,6,1964-09-01,0.00779372691352309,0.00898478640781519,0.0011910594942921
MONETARY_BASE,triangulation,aux_vs_new,AMBNS,BOGMBASE,6,1964-10-01,-0.00458006618486673,-0.00363240966922262,0.000947656515644102
MONETARY_BASE,triangulation,aux_vs_new,AMBNS,BOGMBASE,6,1964-11-01,0.00780945371742803,0.00526719208886739,-0.00254226162856064
MONETARY_BASE,triangulation,aux_vs_new,AMBNS,BOGMBASE,6,1964-12-01,0.00872515676529417,0.0051012789594882,-0.00362387780580598
MONETARY_BASE,triangulation,aux_vs_new,AMBNS,BOGMBASE,6,1965-01-01,-0.0318337761443899,-0.0261739046390375,0.00565987150535241
MONETARY_BASE,triangulation,aux_vs_new,AMBNS,BOGMBASE,6,1965-02-01,-0.000558611751528826,-0.000110421657479876,0.00044819009404895
MONETARY_BASE,triangulation,aux_vs_new,AMBNS,BOGMBASE,6,1965-03-01,0.0142019214556099,0.0140970510908804,-0.000104870364729504
MONETARY_BASE,triangulation,aux_vs_new,AMBNS,BOGMBASE,6,1965-04-01,0.00468084609273145,0.00349633334694666,-0.00118451274578479
MONETARY_BASE,triangulation,aux_vs_new,AMBNS,BOGMBASE,6,1965-05-01,-0.00554077596697811,-0.00528012420447066,0.000260651762507447
MONETARY_BASE,triangulation,aux_vs_new,AMBNS,BOGMBASE,6,1965-06-01,0.0101329057106252,0.00868509556879271,-0.00144781014183248
MONETARY_BASE,triangulation,aux_vs_new,AMBNS,BOGMBASE,6,1965-07-01,-0.000252217029712565,-0.000107763136730554,0.000144453892982011
MONETARY_BASE,triangulation,aux_vs_new,AMBNS,BOGMBASE,6,1965-08-01,-0.0119664386908256,-0.0137576492526383,-0.00179121056181275
MONETARY_BASE,triangulation,aux_vs_new,AMBNS,BOGMBASE,6,1965-09-01,0.00654693128648542,0.0102798769423638,0.00373294565587834
MONETARY_BASE,triangulation,aux_vs_new,AMBNS,BOGMBASE,6,1965-10-01,0.00350039969798033,0.00164688598351059,-0.00185351371446973
MONETARY_BASE,triangulation,aux_vs_new,AMBNS,BOGMBASE,6,1965-11-01,0.001560937384947,-7.15781698339413e-05,-0.00163251555478094
MONETARY_BASE,triangulation,aux_vs_new,AMBNS,BOGMBASE,6,1965-12-01,0.0140869928043568,0.0147936404427558,0.000706647638399005
MONETARY_BASE,triangulation,aux_vs_new,AMBNS,BOGMBASE,6,1966-01-01,-0.0351949841729096,-0.0314487892385227,0.00374619493438688
MONETARY_BASE,triangulation,aux_vs_new,AMBNS,BOGMBASE,6,1966-02-01,-0.00256637474390109,-0.00340720494369418,-0.000840830199793086
MONETARY_BASE,triangulation,aux_vs_new,AMBNS,BOGMBASE,6,1966-03-01,0.0149079602197886,0.0133085482450266,-0.00159941197476199
MONETARY_BASE,triangulation,aux_vs_new,AMBNS,BOGMBASE,6,1966-04-01,0.00760241082685509,0.00829601575057559,0.000693604923720503
MONETARY_BASE,triangulation,aux_vs_new,AMBNS,BOGMBASE,6,1966-05-01,-0.00685630615934896,-0.00831533187691935,-0.00145902571757039
MONETARY_BASE,triangulation,aux_vs_new,AMBNS,BOGMBASE,6,1966-06-01,0.00523183042920872,0.0065654450638073,0.00133361463459858
MONETARY_BASE,triangulation,aux_vs_new,AMBNS,BOGMBASE,6,1966-07-01,0.00510730119143377,0.00801714965960265,0.00290984846816889
MONETARY_BASE,triangulation,aux_vs_new,AMBNS,BOGMBASE,6,1966-08-01,-0.0199478733699814,-0.0226961807899739,-0.00274830741999255
MONETARY_BASE,triangulation,aux_vs_new,AMBNS,BOGMBASE,6,1966-09-01,0.0124474518904636,0.0177434024921306,0.00529595060166699
MONETARY_BASE,triangulation,aux_vs_new,AMBNS,BOGMBASE,6,1966-10-01,-0.00440682083775812,-0.00808134173336938,-0.00367452089561127
MONETARY_BASE,triangulation,aux_vs_new,AMBNS,BOGMBASE,6,1966-11-01,0.00843268585183887,0.00316944555480969,-0.00526324029702918
MONETARY_BASE,triangulation,aux_vs_new,AMBNS,BOGMBASE,6,1966-12-01,0.011475551613648,0.0124990360189026,0.00102348440525457
MONETARY_BASE,triangulation,aux_vs_new,AMBNS,BOGMBASE,6,1967-01-01,-0.0284580468859805,-0.0251185046495541,0.00333954223642641
MONETARY_BASE,triangulation,aux_vs_new,AMBNS,BOGMBASE,6,1967-02-01,-0.00539095923050592,-0.0016178408554417,0.00377311837506422
MONETARY_BASE,triangulation,aux_vs_new,AMBNS,BOGMBASE,6,1967-03-01,0.0196743430345498,0.00628683320329415,-0.0133875098312557
MONETARY_BASE,triangulation,aux_vs_new,AMBNS,BOGMBASE,6,1967-04-01,-0.00367336857754452,0.00316205599463792,0.00683542457218245
MONETARY_BASE,triangulation,aux_vs_new,AMBNS,BOGMBASE,6,1967-05-01,0.000460548354213497,-2.49570426991141e-06,-0.000463044058483408
MONETARY_BASE,triangulation,aux_vs_new,AMBNS,BOGMBASE,6,1967-06-01,0.00748697622421401,0.00784068962344264,0.000353713399228628
MONETARY_BASE,triangulation,aux_vs_new,AMBNS,BOGMBASE,6,1967-07-01,-0.00038266319839364,0.00300329808206534,0.00338596128045898
MONETARY_BASE,triangulation,aux_vs_new,AMBNS,BOGMBASE,6,1967-08-01,-0.0121524858649278,-0.0139669218499305,-0.00181443598500275
MONETARY_BASE,triangulation,aux_vs_new,AMBNS,BOGMBASE,6,1967-09-01,0.00855611808162893,0.00924266927712569,0.000686551195496765
MONETARY_BASE,triangulation,aux_vs_new,AMBNS,BOGMBASE,6,1967-10-01,2.06406964813333e-05,0.00298070515010185,0.00296006445362051
MONETARY_BASE,triangulation,aux_vs_new,AMBNS,BOGMBASE,6,1967-11-01,0.00304941091786226,-0.00161546642250698,-0.00466487734036924
MONETARY_BASE,triangulation,aux_vs_new,AMBNS,BOGMBASE,6,1967-12-01,0.0116068612564533,0.0102967411311941,-0.00131012012525922
MONETARY_BASE,triangulation,aux_vs_new,AMBNS,BOGMBASE,6,1968-01-01,-0.0278951760976289,-0.0208362623126614,0.00705891378496748
MONETARY_BASE,triangulation,aux_vs_new,AMBNS,BOGMBASE,6,1968-02-01,-0.00782122130032459,-0.0059369173610051,0.00188430393931949
MONETARY_BASE,triangulation,aux_vs_new,AMBNS,BOGMBASE,6,1968-03-01,0.0177917544204904,0.011867282738506,-0.0059244716819844
MONETARY_BASE,triangulation,aux_vs_new,AMBNS,BOGMBASE,6,1968-04-01,0.00325838981846349,0.00292575694824215,-0.000332632870221339
MONETARY_BASE,triangulation,aux_vs_new,AMBNS,BOGMBASE,6,1968-05-01,-0.00340923874726862,-0.00591059931826265,-0.00250136057099404
MONETARY_BASE,triangulation,aux_vs_new,AMBNS,BOGMBASE,6,1968-06-01,0.0080449253022481,0.0102094568847857,0.0021645315825376
MONETARY_BASE,triangulation,aux_vs_new,AMBNS,BOGMBASE,6,1968-07-01,-0.000831387701029307,-0.000134825117280357,0.00069656258374895
MONETARY_BASE,triangulation,aux_vs_new,AMBNS,BOGMBASE,6,1968-08-01,-0.00891892872599076,-0.00867880827357936,0.000240120452411396
MONETARY_BASE,triangulation,aux_vs_new,AMBNS,BOGMBASE,6,1968-09-01,0.00209434527073515,-0.00143573866369096,-0.00353008393442611
MONETARY_BASE,triangulation,aux_vs_new,AMBNS,BOGMBASE,6,1968-10-01,0.00317731650929343,0.00993416584071927,0.00675684933142584
MONETARY_BASE,triangulation,aux_vs_new,AMBNS,BOGMBASE,6,1968-11-01,0.00501284263365598,0.00126798825558705,-0.00374485437806893
MONETARY_BASE,triangulation,aux_vs_new,AMBNS,BOGMBASE,6,1968-12-01,0.00960250856283995,0.00670587224425656,-0.00289663631858339
MONETARY_BASE,triangulation,aux_vs_new,AMBNS,BOGMBASE,6,1969-01-01,-0.0265059489798372,-0.0220773468912787,0.00442860208855844
MONETARY_BASE,triangulation,aux_vs_new,AMBNS,BOGMBASE,6,1969-02-01,-0.0107204252083442,-0.00968279225743629,0.00103763295090786
MONETARY_BASE,triangulation,aux_vs_new,AMBNS,BOGMBASE,6,1969-03-01,0.0132114932284937,0.00964087703667982,-0.00357061619181387
MONETARY_BASE,triangulation,aux_vs_new,AMBNS,BOGMBASE,6,1969-04-01,0.00605300393410513,0.0111034662993701,0.00505046236526496
MONETARY_BASE,triangulation,aux_vs_new,AMBNS,BOGMBASE,6,1969-05-01,0.0045838366428157,0.00539581289130631,0.000811976248490609
MONETARY_BASE,triangulation,aux_vs_new,AMBNS,BOGMBASE,6,1969-06-01,-0.00288101622015535,-0.0123561656304787,-0.00947514941032335
MONETARY_BASE,triangulation,aux_vs_new,AMBNS,BOGMBASE,6,1969-07-01,-0.00181012422036808,0.00135592237818027,0.00316604659854836
MONETARY_BASE,triangulation,aux_vs_new,AMBNS,BOGMBASE,6,1969-08-01,-0.000327340039644852,-0.00136146056536557,-0.00103412052572072
MONETARY_BASE,triangulation,aux_vs_new,AMBNS,BOGMBASE,6,1969-09-01,-0.00317359027541109,-0.00135593241113519,0.0018176578642759
MONETARY_BASE,triangulation,aux_vs_new,AMBNS,BOGMBASE,6,1969-10-01,0.00408984126808232,0.00809721023262,0.00400736896453768
MONETARY_BASE,triangulation,aux_vs_new,AMBNS,BOGMBASE,6,1969-11-01,0.00910434667246207,0.0079031311138209,-0.00120121555864117
MONETARY_BASE,triangulation,aux_vs_new,AMBNS,BOGMBASE,6,1969-12-01,0.00474568240846107,-0.000251984378301984,-0.00499766678676306
MONETARY_BASE,triangulation,aux_vs_new,AMBNS,BOGMBASE,6,1970-01-01,-0.0237102342640574,-0.0209703009492905,0.00273993331476685
MONETARY_BASE,triangulation,aux_vs_new,AMBNS,BOGMBASE,6,1970-02-01,-0.0105349847337282,-0.0106095212355291,-7.45365018008926e-05
MONETARY_BASE,triangulation,aux_vs_new,AMBNS,BOGMBASE,6,1970-03-01,0.0150381887115039,0.0171603690667341,0.00212218035523026
MONETARY_BASE,triangulation,aux_vs_new,AMBNS,BOGMBASE,6,1970-04-01,0.0135276134995239,0.01186389963451,-0.00166371386501396
MONETARY_BASE,triangulation,aux_vs_new,AMBNS,BOGMBASE,6,1970-05-01,-0.00467715325378126,-0.00926866502842927,-0.004591511774648
MONETARY_BASE,triangulation,aux_vs_new,AMBNS,BOGMBASE,6,1970-06-01,-0.00207643122859835,-1.53386910808351e-05,0.00206109253751752
MONETARY_BASE,triangulation,aux_vs_new,AMBNS,BOGMBASE,6,1970-07-01,0.00640463106312872,0.0102941504129399,0.00388951934981119
MONETARY_BASE,triangulation,aux_vs_new,AMBNS,BOGMBASE,6,1970-08-01,-0.00987151820394683,-0.0116421293163196,-0.00177061111237276
MONETARY_BASE,triangulation,aux_vs_new,AMBNS,BOGMBASE,6,1970-09-01,0.00477669534793979,0.00381268701041826,-0.000964008337521527
MONETARY_BASE,triangulation,aux_vs_new,AMBNS,BOGMBASE,6,1970-10-01,-0.00173490168776347,-0.0063735078720919,-0.00463860618432843
MONETARY_BASE,triangulation,aux_vs_new,AMBNS,BOGMBASE,6,1970-11-01,0.00375277299299714,0.0101138662369289,0.00636109324393175
MONETARY_BASE,triangulation,aux_vs_new,AMBNS,BOGMBASE,6,1970-12-01,0.012902583371404,0.00857826677522411,-0.00432431659617993
MONETARY_BASE,triangulation,aux_vs_new,AMBNS,BOGMBASE,6,1971-01-01,-0.0225228380807572,-0.0162260405169601,0.00629679756379709
MONETARY_BASE,triangulation,aux_vs_new,AMBNS,BOGMBASE,6,1971-02-01,-0.00987415201989261,-0.00988269015024201,-8.53813034940032e-06
MONETARY_BASE,triangulation,aux_vs_new,AMBNS,BOGMBASE,6,1971-03-01,0.0137317641263346,0.00989491366951611,-0.00383685045681847
MONETARY_BASE,triangulation,aux_vs_new,AMBNS,BOGMBASE,6,1971-04-01,0.00590874661059448,0.00737398042854398,0.0014652338179495
MONETARY_BASE,triangulation,aux_vs_new,AMBNS,BOGMBASE,6,1971-05-01,0.00169845396203971,-9.6121497645818e-05,-0.00179457545968553
MONETARY_BASE,triangulation,aux_vs_new,AMBNS,BOGMBASE,6,1971-06-01,-0.00476449266886902,-0.0037065497195421,0.00105794294932693
MONETARY_BASE,triangulation,aux_vs_new,AMBNS,BOGMBASE,6,1971-07-01,0.0091062981976,0.0095102338812092,0.000403935683609191
MONETARY_BASE,triangulation,aux_vs_new,AMBNS,BOGMBASE,6,1971-08-01,-0.0154802522893798,-0.0167482133764114,-0.00126796108703164
MONETARY_BASE,triangulation,aux_vs_new,AMBNS,BOGMBASE,6,1971-09-01,0.0040432380940354,0.00474918889238829,0.000705950798352895
MONETARY_BASE,triangulation,aux_vs_new,AMBNS,BOGMBASE,6,1971-10-01,-0.00135205968512686,-1.26345669118066e-05,0.00133942511821505
MONETARY_BASE,triangulation,aux_vs_new,AMBNS,BOGMBASE,6,1971-11-01,0.00774842243674367,0.00585257422860863,-0.00189584820813504
MONETARY_BASE,triangulation,aux_vs_new,AMBNS,BOGMBASE,6,1971-12-01,0.00590466891704278,0.00568947143888376,-0.000215197478159013
MONETARY_BASE,triangulation,aux_vs_new,AMBNS,BOGMBASE,6,1972-01-01,-0.0145737947300439,-0.0104925364749606,0.00408125825508332
MONETARY_BASE,triangulation,aux_vs_new,AMBNS,BOGMBASE,6,1972-02-01,-0.0109890495281606,-0.0172926287298782,-0.00630357920171765
MONETARY_BASE,triangulation,aux_vs_new,AMBNS,BOGMBASE,6,1972-03-01,0.0104591397389768,0.0196393918340609,0.00918025209508411
MONETARY_BASE,triangulation,aux_vs_new,AMBNS,BOGMBASE,6,1972-04-01,0.0107233538033258,0.00680144855182352,-0.00392190525150227
MONETARY_BASE,triangulation,aux_vs_new,AMBNS,BOGMBASE,6,1972-05-01,-0.00472247971704221,-0.00694317358188368,-0.00222069386484147
MONETARY_BASE,triangulation,aux_vs_new,AMBNS,BOGMBASE,6,1972-06-01,-0.000187745037519171,-0.00229315681677633,-0.00210541177925716
MONETARY_BASE,triangulation,aux_vs_new,AMBNS,BOGMBASE,6,1972-07-01,0.00600922357872591,0.00889843158845771,0.0028892080097318
MONETARY_BASE,triangulation,aux_vs_new,AMBNS,BOGMBASE,6,1972-08-01,-0.0113634319911755,-0.013408022094433,-0.00204459010325753
MONETARY_BASE,triangulation,aux_vs_new,AMBNS,BOGMBASE,6,1972-09-01,-0.00105791186290727,0.00110926245428633,0.0021671743171936
MONETARY_BASE,triangulation,aux_vs_new,AMBNS,BOGMBASE,6,1972-10-01,0.0111671028092335,0.0121067889372402,0.000939686128006656
MONETARY_BASE,triangulation,aux_vs_new,AMBNS,BOGMBASE,6,1972-11-01,-7.30985525088101e-06,-0.0231116791457504,-0.0231043692904995
MONETARY_BASE,triangulation,aux_vs_new,AMBNS,BOGMBASE,6,1972-12-01,0.00993693578541688,0.0197912555084478,0.00985431972303097
MONETARY_BASE,triangulation,aux_vs_new,AMBNS,BOGMBASE,6,1973-01-01,-0.0152470049999778,-0.0066187269519089,0.00862827804806887
MONETARY_BASE,triangulation,aux_vs_new,AMBNS,BOGMBASE,6,1973-02-01,-0.0231603758692165,-0.0186618196417951,0.00449855622742135
MONETARY_BASE,triangulation,aux_vs_new,AMBNS,BOGMBASE,6,1973-03-01,0.0266808420335352,0.0242052626824529,-0.00247557935108222
MONETARY_BASE,triangulation,aux_vs_new,AMBNS,BOGMBASE,6,1973-04-01,0.00382582029328571,0.00751099354324847,0.00368517324996276
MONETARY_BASE,triangulation,aux_vs_new,AMBNS,BOGMBASE,6,1973-05-01,-0.00828557336891134,-0.0109462947553336,-0.00266072138642226
MONETARY_BASE,triangulation,aux_vs_new,AMBNS,BOGMBASE,6,1973-06-01,-0.00131458395610817,0.00103896233046719,0.00235354628657536
MONETARY_BASE,triangulation,aux_vs_new,AMBNS,BOGMBASE,6,1973-07-01,0.0168432673641092,0.0136506258516249,-0.00319264151248433
MONETARY_BASE,triangulation,aux_vs_new,AMBNS,BOGMBASE,6,1973-08-01,-0.0257202217300572,-0.0179847658935213,0.0077354558365359
MONETARY_BASE,triangulation,aux_vs_new,AMBNS,BOGMBASE,6,1973-09-01,0.0060863331095975,0.00207680777538766,-0.00400952533420984
MONETARY_BASE,triangulation,aux_vs_new,AMBNS,BOGMBASE,6,1973-10-01,0.00812521250779064,0.00925634763729466,0.00113113512950402
MONETARY_BASE,triangulation,aux_vs_new,AMBNS,BOGMBASE,6,1973-11-01,-6.67138641947673e-05,-0.00525137118282171,-0.00518465731862694
MONETARY_BASE,triangulation,aux_vs_new,AMBNS,BOGMBASE,6,1973-12-01,0.0102407535350322,0.00997401001873488,-0.000266743516297296
MONETARY_BASE,triangulation,aux_vs_new,AMBNS,BOGMBASE,6,1974-01-01,-0.0147731165312788,-0.0151531382315993,-0.000380021700320476
MONETARY_BASE,triangulation,aux_vs_new,AMBNS,BOGMBASE,6,1974-02-01,-0.0185747378322167,-0.0160252868581416,0.00254945097407511
MONETARY_BASE,triangulation,aux_vs_new,AMBNS,BOGMBASE,6,1974-03-01,0.0186177263872596,0.0180654891762968,-0.000552237210962758
MONETARY_BASE,triangulation,aux_vs_new,AMBNS,BOGMBASE,6,1974-04-01,0.0149274675200921,0.0158324152093519,0.00090494768925975
MONETARY_BASE,triangulation,aux_vs_new,AMBNS,BOGMBASE,6,1974-05-01,-0.0116988325664984,-0.0101070884974108,0.00159174406908758
MONETARY_BASE,triangulation,aux_vs_new,AMBNS,BOGMBASE,6,1974-06-01,-0.0031517593968502,-0.00300607316223367,0.000145686234616527
MONETARY_BASE,triangulation,aux_vs_new,AMBNS,BOGMBASE,6,1974-07-01,0.0105162819480125,0.00662297125320599,-0.00389331069480647
MONETARY_BASE,triangulation,aux_vs_new,AMBNS,BOGMBASE,6,1974-08-01,-0.0180676427677646,-0.0153268757829057,0.00274076698485892
MONETARY_BASE,triangulation,aux_vs_new,AMBNS,BOGMBASE,6,1974-09-01,0.00602036669825079,0.00380499670778889,-0.0022153699904619
MONETARY_BASE,triangulation,aux_vs_new,AMBNS,BOGMBASE,6,1974-10-01,0.00517607577417589,0.00093840475385587,-0.00423767102032002
MONETARY_BASE,triangulation,aux_vs_new,AMBNS,BOGMBASE,6,1974-11-01,0.00522883590701895,0.00749745141854508,0.00226861551152613
MONETARY_BASE,triangulation,aux_vs_new,AMBNS,BOGMBASE,6,1974-12-01,0.0085672361566651,0.00448866431402806,-0.00407857184263705
MONETARY_BASE,triangulation,aux_vs_new,AMBNS,BOGMBASE,6,1975-01-01,-0.0317818805088903,-0.0240994128063274,0.00768246770256287
MONETARY_BASE,triangulation,aux_vs_new,AMBNS,BOGMBASE,6,1975-02-01,-0.00331245080623166,-0.0123168079087295,-0.00900435710249781
MONETARY_BASE,triangulation,aux_vs_new,AMBNS,BOGMBASE,6,1975-03-01,0.0191114511448776,0.022532571206292,0.00342112006141448
MONETARY_BASE,triangulation,aux_vs_new,AMBNS,BOGMBASE,6,1975-04-01,0.00349849257309121,0.00845909368983211,0.0049606011167409
MONETARY_BASE,triangulation,aux_vs_new,AMBNS,BOGMBASE,6,1975-05-01,-0.00959565485082159,-0.00848212571409146,0.00111352913673013
MONETARY_BASE,triangulation,aux_vs_new,AMBNS,BOGMBASE,6,1975-06-01,0.0178435527116703,0.0111283466078289,-0.00671520610384135
MONETARY_BASE,triangulation,aux_vs_new,AMBNS,BOGMBASE,6,1975-07-01,-0.0128908211702594,-0.00290279429263052,0.0099880268776289
MONETARY_BASE,triangulation,aux_vs_new,AMBNS,BOGMBASE,6,1975-08-01,-0.00737124387327182,-0.0137561166685405,-0.00638487279526867
MONETARY_BASE,triangulation,aux_vs_new,AMBNS,BOGMBASE,6,1975-09-01,0.00316916048356308,0.0045758268893108,0.00140666640574771
MONETARY_BASE,triangulation,aux_vs_new,AMBNS,BOGMBASE,6,1975-10-01,0.00258982615678605,0.00365213349860039,0.00106230734181434
MONETARY_BASE,triangulation,aux_vs_new,AMBNS,BOGMBASE,6,1975-11-01,0.0126181493701703,0.00811302539401915,-0.0045051239761511
MONETARY_BASE,triangulation,aux_vs_new,AMBNS,BOGMBASE,6,1975-12-01,0.00222669764820793,0.00516035711209106,0.00293365946388313
MONETARY_BASE,triangulation,aux_vs_new,AMBNS,BOGMBASE,6,1976-01-01,-0.0287051695407659,-0.0285084542806855,0.00019671526008036
MONETARY_BASE,triangulation,aux_vs_new,AMBNS,BOGMBASE,6,1976-02-01,-0.00253077406005886,-0.00101875842545063,0.00151201563460823
MONETARY_BASE,triangulation,aux_vs_new,AMBNS,BOGMBASE,6,1976-03-01,0.0227278760880285,0.0179946954229102,-0.0047331806651183
MONETARY_BASE,triangulation,aux_vs_new,AMBNS,BOGMBASE,6,1976-04-01,0.00358803523932316,0.00973395564731128,0.00614592040798811
MONETARY_BASE,triangulation,aux_vs_new,AMBNS,BOGMBASE,6,1976-05-01,-0.00809410868011362,-0.0116320016755997,-0.00353789299548612
MONETARY_BASE,triangulation,aux_vs_new,AMBNS,BOGMBASE,6,1976-06-01,-0.000171928336426319,0.00260644949366995,0.00277837783009627
MONETARY_BASE,triangulation,aux_vs_new,AMBNS,BOGMBASE,6,1976-07-01,0.0039244747386471,0.00341730463393386,-0.000507170104713239
MONETARY_BASE,triangulation,aux_vs_new,AMBNS,BOGMBASE,6,1976-08-01,-0.00746103038688961,-0.0113003035690094,-0.00383927318211974
MONETARY_BASE,triangulation,aux_vs_new,AMBNS,BOGMBASE,6,1976-09-01,-0.0016487784894581,0.00173085255285876,0.00337963104231687
MONETARY_BASE,triangulation,aux_vs_new,AMBNS,BOGMBASE,6,1976-10-01,0.00726162207730141,0.00774789140168508,0.00048626932438367
MONETARY_BASE,triangulation,aux_vs_new,AMBNS,BOGMBASE,6,1976-11-01,0.0089604682597102,0.00586117938983488,-0.00309928886987532
MONETARY_BASE,triangulation,aux_vs_new,AMBNS,BOGMBASE,6,1976-12-01,-0.0014591292071664,0.00229035492834306,0.00374948413550946
MONETARY_BASE,triangulation,aux_vs_new,AMBNS,BOGMBASE,6,1977-01-01,-0.0128773884729148,-0.021764862412998,-0.00888747394008327
MONETARY_BASE,triangulation,aux_vs_new,AMBNS,BOGMBASE,6,1977-02-01,-0.0219942980009833,-0.0110003309297362,0.0109939670712471
MONETARY_BASE,triangulation,aux_vs_new,AMBNS,BOGMBASE,6,1977-03-01,0.0295317410659033,0.0236113717445781,-0.00592036932132523
MONETARY_BASE,triangulation,aux_vs_new,AMBNS,BOGMBASE,6,1977-04-01,0.00492272020736895,0.00826895227932667,0.00334623207195772
MONETARY_BASE,triangulation,aux_vs_new,AMBNS,BOGMBASE,6,1977-05-01,-0.0101321410350188,-0.0125687213738068,-0.00243658033878802
MONETARY_BASE,triangulation,aux_vs_new,AMBNS,BOGMBASE,6,1977-06-01,0.00120013678058317,0.0032785483753992,0.00207841159481603
MONETARY_BASE,triangulation,aux_vs_new,AMBNS,BOGMBASE,6,1977-07-01,0.0140546639139725,0.0121175272557092,-0.00193713665826323
MONETARY_BASE,triangulation,aux_vs_new,AMBNS,BOGMBASE,6,1977-08-01,-0.0190742950669742,-0.0179018596459475,0.00117243542102674
MONETARY_BASE,triangulation,aux_vs_new,AMBNS,BOGMBASE,6,1977-09-01,0.000587192529173386,0.000803533516883448,0.000216340987710062
MONETARY_BASE,triangulation,aux_vs_new,AMBNS,BOGMBASE,6,1977-10-01,0.0106583276402663,0.00878692448542218,-0.00187140315484413
MONETARY_BASE,triangulation,aux_vs_new,AMBNS,BOGMBASE,6,1977-11-01,0.00129313470050985,0.00460632002336503,0.00331318532285518
MONETARY_BASE,triangulation,aux_vs_new,AMBNS,BOGMBASE,6,1977-12-01,0.0083532281234513,0.00286229745137678,-0.00549093067207451
MONETARY_BASE,triangulation,aux_vs_new,AMBNS,BOGMBASE,6,1978-01-01,-0.0210633472125359,-0.01555774666795,0.00550560054458593
MONETARY_BASE,triangulation,aux_vs_new,AMBNS,BOGMBASE,6,1978-02-01,-0.0139781002859323,-0.0138944212703018,8.36790156304446e-05
MONETARY_BASE,triangulation,aux_vs_new,AMBNS,BOGMBASE,6,1978-03-01,0.0181892703748998,0.0146907984229028,-0.00349847195199704
MONETARY_BASE,triangulation,aux_vs_new,AMBNS,BOGMBASE,6,1978-04-01,0.00982072629358033,0.0130323954068761,0.00321166911329573
MONETARY_BASE,triangulation,aux_vs_new,AMBNS,BOGMBASE,6,1978-05-01,-0.00507738082231501,-0.00778638404646959,-0.00270900322415457
MONETARY_BASE,triangulation,aux_vs_new,AMBNS,BOGMBASE,6,1978-06-01,-0.000242177818719824,0.00142899537071361,0.00167117318943344
MONETARY_BASE,triangulation,aux_vs_new,AMBNS,BOGMBASE,6,1978-07-01,0.0066338016932761,0.00581811575664215,-0.000815685936633948
MONETARY_BASE,triangulation,aux_vs_new,AMBNS,BOGMBASE,6,1978-08-01,-0.0184474458990849,-0.0192877089702375,-0.000840263071152592
MONETARY_BASE,triangulation,aux_vs_new,AMBNS,BOGMBASE,6,1978-09-01,0.00784248633324758,0.0110606333385075,0.00321814700525991
MONETARY_BASE,triangulation,aux_vs_new,AMBNS,BOGMBASE,6,1978-10-01,0.00692538789839414,0.00285730167728371,-0.00406808622111043
MONETARY_BASE,triangulation,aux_vs_new,AMBNS,BOGMBASE,6,1978-11-01,0.000279703339839621,0.0120525068372688,0.0117728034974292
MONETARY_BASE,triangulation,aux_vs_new,AMBNS,BOGMBASE,6,1978-12-01,0.00328565207684139,0.00575363089599445,0.00246797881915306
MONETARY_BASE,triangulation,aux_vs_new,AMBNS,BOGMBASE,6,1979-01-01,-0.0173917021546703,-0.0308008373747075,-0.0134091352200372
MONETARY_BASE,triangulation,aux_vs_new,AMBNS,BOGMBASE,6,1979-02-01,-0.0190111862401308,-0.0161201166625933,0.00289106957753749
MONETARY_BASE,triangulation,aux_vs_new,AMBNS,BOGMBASE,6,1979-03-01,0.0260547748965143,0.0238196083563933,-0.00223516654012101
MONETARY_BASE,triangulation,aux_vs_new,AMBNS,BOGMBASE,6,1979-04-01,0.00856699892615254,0.00971839752673276,0.00115139860058022
MONETARY_BASE,triangulation,aux_vs_new,AMBNS,BOGMBASE,6,1979-05-01,-0.0101740674711071,-0.0139574402691593,-0.0037833727980523
MONETARY_BASE,triangulation,aux_vs_new,AMBNS,BOGMBASE,6,1979-06-01,0.00475528214716192,0.00894966688249266,0.00419438473533074
MONETARY_BASE,triangulation,aux_vs_new,AMBNS,BOGMBASE,6,1979-07-01,0.00775013040834072,0.00532431776875963,-0.00242581263958108
MONETARY_BASE,triangulation,aux_vs_new,AMBNS,BOGMBASE,6,1979-08-01,-0.0141620004345739,-0.0115958547351074,0.00256614569946656
MONETARY_BASE,triangulation,aux_vs_new,AMBNS,BOGMBASE,6,1979-09-01,0.00331414608190439,0.00333652224681291,2.23761649085219e-05
MONETARY_BASE,triangulation,aux_vs_new,AMBNS,BOGMBASE,6,1979-10-01,0.00787133119885119,0.00591362615232782,-0.00195770504652337
MONETARY_BASE,triangulation,aux_vs_new,AMBNS,BOGMBASE,6,1979-11-01,-0.0034825701030039,0.0024468727130742,0.0059294428160781
MONETARY_BASE,triangulation,aux_vs_new,AMBNS,BOGMBASE,6,1979-12-01,0.00933497865564448,0.00361266016831063,-0.00572231848733384
MONETARY_BASE,triangulation,aux_vs_new,AMBNS,BOGMBASE,6,1980-01-01,-0.0220747097466596,-0.023157234402869,-0.00108252465620939
MONETARY_BASE,triangulation,aux_vs_new,AMBNS,BOGMBASE,6,1980-02-01,-0.0118422400487388,-0.00907582429226572,0.00276641575647307
MONETARY_BASE,triangulation,aux_vs_new,AMBNS,BOGMBASE,6,1980-03-01,0.0221799228618043,0.0206750424791169,-0.00150488038268737
MONETARY_BASE,triangulation,aux_vs_new,AMBNS,BOGMBASE,6,1980-04-01,0.0021166208600496,0.011414728267936,0.00929810740788639
MONETARY_BASE,triangulation,aux_vs_new,AMBNS,BOGMBASE,6,1980-05-01,-0.00664552579038968,-0.0185368043423493,-0.0118912785519596
MONETARY_BASE,triangulation,aux_vs_new,AMBNS,BOGMBASE,6,1980-06-01,0.00638080230593285,0.00631315228107443,-6.76500248584233e-05
MONETARY_BASE,triangulation,aux_vs_new,AMBNS,BOGMBASE,6,1980-07-01,0.00598741192935126,-3.96059838365659e-05,-0.00602701791318783
MONETARY_BASE,triangulation,aux_vs_new,AMBNS,BOGMBASE,6,1980-08-01,-0.0104598076199149,-0.0156986867568207,-0.00523887913690579
MONETARY_BASE,triangulation,aux_vs_new,AMBNS,BOGMBASE,6,1980-09-01,0.00178454360525127,0.0157184274353721,0.0139338838301208
MONETARY_BASE,triangulation,aux_vs_new,AMBNS,BOGMBASE,6,1980-10-01,0.0039302433815509,0.00307300066643368,-0.000857242715117223
MONETARY_BASE,triangulation,aux_vs_new,AMBNS,BOGMBASE,6,1980-11-01,0.00516794360159611,-0.00255300640817691,-0.00772095000977302
MONETARY_BASE,triangulation,aux_vs_new,AMBNS,BOGMBASE,6,1980-12-01,-0.00541721512960436,0.00179156595947294,0.0072087810890773
MONETARY_BASE,triangulation,aux_vs_new,AMBNS,BOGMBASE,6,1981-01-01,-0.0245368680395091,-0.0227807394364925,0.00175612860301655
MONETARY_BASE,triangulation,aux_vs_new,AMBNS,BOGMBASE,6,1981-02-01,0.00330660230447943,0.00105480428027604,-0.00225179802420339
MONETARY_BASE,triangulation,aux_vs_new,AMBNS,BOGMBASE,6,1981-03-01,0.0173915218161182,0.0181399190746401,0.000748397258521827
MONETARY_BASE,triangulation,aux_vs_new,AMBNS,BOGMBASE,6,1981-04-01,0.0121411091128802,0.0111205632834608,-0.00102054582941946
MONETARY_BASE,triangulation,aux_vs_new,AMBNS,BOGMBASE,6,1981-05-01,-0.0145562839650939,-0.0112253795929744,0.00333090437211947
MONETARY_BASE,triangulation,aux_vs_new,AMBNS,BOGMBASE,6,1981-06-01,-0.000580566797178328,-0.000633971582651327,-5.34047854729991e-05
MONETARY_BASE,triangulation,aux_vs_new,AMBNS,BOGMBASE,6,1981-07-01,0.010170514020972,0.0084512593869821,-0.00171925463398992
MONETARY_BASE,triangulation,aux_vs_new,AMBNS,BOGMBASE,6,1981-08-01,-0.0147074393045639,-0.0121290743440543,0.00257836496050956
MONETARY_BASE,triangulation,aux_vs_new,AMBNS,BOGMBASE,6,1981-09-01,0.00239966813406856,-0.00906660769835987,-0.0114662758324284
MONETARY_BASE,triangulation,aux_vs_new,AMBNS,BOGMBASE,6,1981-10-01,0.000595216635395523,0.0102842161526402,0.00968899951724467
MONETARY_BASE,triangulation,aux_vs_new,AMBNS,BOGMBASE,6,1981-11-01,0.0126798119351879,0.0114253900330352,-0.00125442190215264
MONETARY_BASE,triangulation,aux_vs_new,AMBNS,BOGMBASE,6,1981-12-01,0.00644183225615436,0.00747170239977279,0.00102987014361844
MONETARY_BASE,triangulation,aux_vs_new,AMBNS,BOGMBASE,6,1982-01-01,-0.0265200230886622,-0.0260032850729415,0.000516738015720719
MONETARY_BASE,triangulation,aux_vs_new,AMBNS,BOGMBASE,6,1982-02-01,-0.00908310396490819,-0.00835156668897863,0.000731537275929561
MONETARY_BASE,triangulation,aux_vs_new,AMBNS,BOGMBASE,6,1982-03-01,0.0173684815763089,0.00584645376835358,-0.0115220278079553
MONETARY_BASE,triangulation,aux_vs_new,AMBNS,BOGMBASE,6,1982-04-01,0.0150177554026456,0.0227215759743471,0.00770382057170149
MONETARY_BASE,triangulation,aux_vs_new,AMBNS,BOGMBASE,6,1982-05-01,-0.00994042653743588,-0.00725365963223457,0.00268676690520131
MONETARY_BASE,triangulation,aux_vs_new,AMBNS,BOGMBASE,6,1982-06-01,0.00160536060294092,0.00227388335482814,0.000668522751887224
MONETARY_BASE,triangulation,aux_vs_new,AMBNS,BOGMBASE,6,1982-07-01,-0.000234953460679144,-9.80344101559893e-05,0.000136919050523154
MONETARY_BASE,triangulation,aux_vs_new,AMBNS,BOGMBASE,6,1982-08-01,-0.00679714338842352,-0.00639806157492462,0.000399081813498903
MONETARY_BASE,triangulation,aux_vs_new,AMBNS,BOGMBASE,6,1982-09-01,0.00468038850839481,-0.00690846973617454,-0.0115888582445693
MONETARY_BASE,triangulation,aux_vs_new,AMBNS,BOGMBASE,6,1982-10-01,0.00281526954593048,0.0126391444451599,0.00982387489922942
MONETARY_BASE,triangulation,aux_vs_new,AMBNS,BOGMBASE,6,1982-11-01,0.00634639055483976,0.00499972541488347,-0.00134666513995629
MONETARY_BASE,triangulation,aux_vs_new,AMBNS,BOGMBASE,6,1982-12-01,0.00442276580980305,0.00368295369075611,-0.000739812119046945
MONETARY_BASE,triangulation,aux_vs_new,AMBNS,BOGMBASE,6,1983-01-01,-0.0290194140548001,-0.0278787957662212,0.00114061828857892
MONETARY_BASE,triangulation,aux_vs_new,AMBNS,BOGMBASE,6,1983-02-01,0.00106799723581563,-0.000666050857335954,-0.00173404809315159
MONETARY_BASE,triangulation,aux_vs_new,AMBNS,BOGMBASE,6,1983-03-01,0.0214110364161533,0.0123707384471787,-0.00904029796897454
MONETARY_BASE,triangulation,aux_vs_new,AMBNS,BOGMBASE,6,1983-04-01,0.00474941886471836,0.013420157303714,0.00867073843899568
MONETARY_BASE,triangulation,aux_vs_new,AMBNS,BOGMBASE,6,1983-05-01,-0.00888350511329428,-0.00736595101922166,0.00151755409407262
MONETARY_BASE,triangulation,aux_vs_new,AMBNS,BOGMBASE,6,1983-06-01,0.00174928944460095,0.00267193037379698,0.000922640929196028
MONETARY_BASE,triangulation,aux_vs_new,AMBNS,BOGMBASE,6,1983-07-01,0.000132284777988545,0.000432361281030857,0.000300076503042312
MONETARY_BASE,triangulation,aux_vs_new,AMBNS,BOGMBASE,6,1983-08-01,-0.00955243029211594,-0.0103124586052132,-0.000760028313097294
MONETARY_BASE,triangulation,aux_vs_new,AMBNS,BOGMBASE,6,1983-09-01,0.00205369804524658,-0.00324003457911637,-0.00529373262436295
MONETARY_BASE,triangulation,aux_vs_new,AMBNS,BOGMBASE,6,1983-10-01,0.0049865581820665,0.0107802785970872,0.00579372041502069
MONETARY_BASE,triangulation,aux_vs_new,AMBNS,BOGMBASE,6,1983-11-01,0.00644483832939002,0.00630130955450969,-0.00014352877488033
MONETARY_BASE,triangulation,aux_vs_new,AMBNS,BOGMBASE,6,1983-12-01,0.00144873272340273,0.00187944745885904,0.000430714735456306
MONETARY_BASE,triangulation,aux_vs_new,AMBNS,BOGMBASE,6,1984-01-01,-0.0189387869324298,-0.0209541409617655,-0.00201535402933573
MONETARY_BASE,triangulation,aux_vs_new,AMBNS,BOGMBASE,6,1984-02-01,-0.0154433668713416,-0.0191107305614793,-0.00366736369013765
MONETARY_BASE,triangulation,aux_vs_new,AMBNS,BOGMBASE,6,1984-03-01,0.0303692011879271,0.0360418005211338,0.00567259933320674
MONETARY_BASE,triangulation,aux_vs_new,AMBNS,BOGMBASE,6,1984-04-01,0.0013549947338527,0.00402307100211097,0.00266807626825827
MONETARY_BASE,triangulation,aux_vs_new,AMBNS,BOGMBASE,6,1984-05-01,-0.0073321892959104,-0.0131436352315273,-0.00581144593561689
MONETARY_BASE,triangulation,aux_vs_new,AMBNS,BOGMBASE,6,1984-06-01,0.00458548780695978,0.0118126065853321,0.00722711877837234
MONETARY_BASE,triangulation,aux_vs_new,AMBNS,BOGMBASE,6,1984-07-01,-0.00387708777842999,-0.00577378228643877,-0.00189669450800878
MONETARY_BASE,triangulation,aux_vs_new,AMBNS,BOGMBASE,6,1984-08-01,-0.0127063506290366,-0.01321456888531,-0.000508218256273452
MONETARY_BASE,triangulation,aux_vs_new,AMBNS,BOGMBASE,6,1984-09-01,0.00798898661317704,0.0101409861596711,0.00215199954649403
MONETARY_BASE,triangulation,aux_vs_new,AMBNS,BOGMBASE,6,1984-10-01,-0.00594212836293639,-0.00507202611752255,0.00087010224541384
MONETARY_BASE,triangulation,aux_vs_new,AMBNS,BOGMBASE,6,1984-11-01,0.0199559754695349,0.0115308207273452,-0.00842515474218963
MONETARY_BASE,triangulation,aux_vs_new,AMBNS,BOGMBASE,6,1984-12-01,0.000923550523170391,0.0081800958141871,0.00725654529101671
MONETARY_BASE,triangulation,aux_vs_new,AMBNS,BOGMBASE,6,1985-01-01,-0.0259556812746462,-0.0285641950985429,-0.00260851382389671
MONETARY_BASE,triangulation,aux_vs_new,AMBNS,BOGMBASE,6,1985-02-01,-0.00779863423556559,-0.00703067136218127,0.00076796287338432
MONETARY_BASE,triangulation,aux_vs_new,AMBNS,BOGMBASE,6,1985-03-01,0.0277143987665989,0.027284035400041,-0.000430363366557884
MONETARY_BASE,triangulation,aux_vs_new,AMBNS,BOGMBASE,6,1985-04-01,-0.00205520012693583,0.00130879390150174,0.00336399402843757
MONETARY_BASE,triangulation,aux_vs_new,AMBNS,BOGMBASE,6,1985-05-01,0.000332459399910334,-0.00789654772690263,-0.00822900712681296
MONETARY_BASE,triangulation,aux_vs_new,AMBNS,BOGMBASE,6,1985-06-01,0.00723085974089877,0.010968559003695,0.00373769926279621
MONETARY_BASE,triangulation,aux_vs_new,AMBNS,BOGMBASE,6,1985-07-01,-0.00732296184446035,-0.00685008148876864,0.000472880355691707
MONETARY_BASE,triangulation,aux_vs_new,AMBNS,BOGMBASE,6,1985-08-01,-0.00828263300426357,-0.00758852150808043,0.000694111496183147
MONETARY_BASE,triangulation,aux_vs_new,AMBNS,BOGMBASE,6,1985-09-01,0.00445824806735828,0.00653655865896674,0.00207831059160846
MONETARY_BASE,triangulation,aux_vs_new,AMBNS,BOGMBASE,6,1985-10-01,-0.00465062322289089,-0.00285224461781564,0.00179837860507526
MONETARY_BASE,triangulation,aux_vs_new,AMBNS,BOGMBASE,6,1985-11-01,0.0120735497049376,0.0100371220316307,-0.00203642767330692
MONETARY_BASE,triangulation,aux_vs_new,AMBNS,BOGMBASE,6,1985-12-01,0.0151682691484538,0.00734012184499644,-0.00782814730345738
MONETARY_BASE,triangulation,aux_vs_new,AMBNS,BOGMBASE,6,1986-01-01,-0.0450762913474847,-0.036855009245075,0.00822128210240969
MONETARY_BASE,triangulation,aux_vs_new,AMBNS,BOGMBASE,6,1986-02-01,-0.00243508132887538,-0.00430684355438782,-0.00187176222551244
MONETARY_BASE,triangulation,aux_vs_new,AMBNS,BOGMBASE,6,1986-03-01,0.0364969430275828,0.0341417158990822,-0.00235522712850056
MONETARY_BASE,triangulation,aux_vs_new,AMBNS,BOGMBASE,6,1986-04-01,-0.0049076189002859,0.000179917862473289,0.00508753676275919
MONETARY_BASE,triangulation,aux_vs_new,AMBNS,BOGMBASE,6,1986-05-01,-0.00366102070442942,-0.0108151292218084,-0.00715410851737897
MONETARY_BASE,triangulation,aux_vs_new,AMBNS,BOGMBASE,6,1986-06-01,0.00820864753555561,0.0104520522959506,0.00224340476039497
MONETARY_BASE,triangulation,aux_vs_new,AMBNS,BOGMBASE,6,1986-07-01,-0.00633181534678329,-0.00368619418791205,0.00264562115887124
MONETARY_BASE,triangulation,aux_vs_new,AMBNS,BOGMBASE,6,1986-08-01,-0.00914396186724886,-0.0116664556137431,-0.00252249374649427
MONETARY_BASE,triangulation,aux_vs_new,AMBNS,BOGMBASE,6,1986-09-01,0.000842678627134497,0.00725650015905011,0.00641382153191561
MONETARY_BASE,triangulation,aux_vs_new,AMBNS,BOGMBASE,6,1986-10-01,0.0004215543499555,-6.53154805796419e-05,-0.000486869830535142
MONETARY_BASE,triangulation,aux_vs_new,AMBNS,BOGMBASE,6,1986-11-01,0.0188443575970307,0.0128283994324478,-0.00601595816458289
MONETARY_BASE,triangulation,aux_vs_new,AMBNS,BOGMBASE,6,1986-12-01,0.00645939503386028,0.00602986789836901,-0.00042952713549127
MONETARY_BASE,triangulation,aux_vs_new,AMBNS,BOGMBASE,6,1987-01-01,-0.0349085022345621,-0.0333642953685578,0.00154420686600432
MONETARY_BASE,triangulation,aux_vs_new,AMBNS,BOGMBASE,6,1987-02-01,-0.005458873586071,-0.011929783801806,-0.00647091021573498
MONETARY_BASE,triangulation,aux_vs_new,AMBNS,BOGMBASE,6,1987-03-01,0.0139964708759841,0.0278264665110726,0.0138299956350885
MONETARY_BASE,triangulation,aux_vs_new,AMBNS,BOGMBASE,6,1987-04-01,0.0144841925540407,0.00997824559646876,-0.00450594695757189
MONETARY_BASE,triangulation,aux_vs_new,AMBNS,BOGMBASE,6,1987-05-01,-0.00484870998167697,-0.0154196798904067,-0.0105709699087297
MONETARY_BASE,triangulation,aux_vs_new,AMBNS,BOGMBASE,6,1987-06-01,-0.00697801120876829,0.00513770524725654,0.0121157164560248
MONETARY_BASE,triangulation,aux_vs_new,AMBNS,BOGMBASE,6,1987-07-01,0.000909102255900684,-0.00165134119186305,-0.00256044344776374
MONETARY_BASE,triangulation,aux_vs_new,AMBNS,BOGMBASE,6,1987-08-01,-0.00537188720723947,-0.00827000759679031,-0.00289812038955084
MONETARY_BASE,triangulation,aux_vs_new,AMBNS,BOGMBASE,6,1987-09-01,-0.00125557544974164,0.00744018482142117,0.00869576027116281
MONETARY_BASE,triangulation,aux_vs_new,AMBNS,BOGMBASE,6,1987-10-01,0.0101781975344197,0.000343526107823067,-0.00983467142659666
MONETARY_BASE,triangulation,aux_vs_new,AMBNS,BOGMBASE,6,1987-11-01,0.00268463064571378,0.00952447699082271,0.00683984634510892
MONETARY_BASE,triangulation,aux_vs_new,AMBNS,BOGMBASE,6,1987-12-01,0.00860516153065927,0.000481048995179201,-0.00812411253548007
MONETARY_BASE,triangulation,aux_vs_new,AMBNS,BOGMBASE,6,1988-01-01,-0.0241514145025752,-0.0192545629311356,0.0048968515714396
MONETARY_BASE,triangulation,aux_vs_new,AMBNS,BOGMBASE,6,1988-02-01,-0.0151933763272876,-0.0190026082898394,-0.00380923196255178
MONETARY_BASE,triangulation,aux_vs_new,AMBNS,BOGMBASE,6,1988-03-01,0.0261217166618115,0.0315566402501553,0.00543492358834374
MONETARY_BASE,triangulation,aux_vs_new,AMBNS,BOGMBASE,6,1988-04-01,0.016202346111581,0.00850114741862118,-0.00770119869295982
MONETARY_BASE,triangulation,aux_vs_new,AMBNS,BOGMBASE,6,1988-05-01,-0.0255673010299118,-0.0173154122368784,0.0082518887930334
MONETARY_BASE,triangulation,aux_vs_new,AMBNS,BOGMBASE,6,1988-06-01,0.0174706606248831,0.0143812162791974,-0.0030894443456857
MONETARY_BASE,triangulation,aux_vs_new,AMBNS,BOGMBASE,6,1988-07-01,-0.00258013541027324,-0.00603248295112291,-0.00345234754084967
MONETARY_BASE,triangulation,aux_vs_new,AMBNS,BOGMBASE,6,1988-08-01,-0.0188592089990287,-0.0134703418905495,0.00538886710847919
MONETARY_BASE,triangulation,aux_vs_new,AMBNS,BOGMBASE,6,1988-09-01,0.00724809841740104,0.00508695072200194,-0.0021611476953991
MONETARY_BASE,triangulation,aux_vs_new,AMBNS,BOGMBASE,6,1988-10-01,-0.00078039936547647,-0.000728065475628092,5.23338898483772e-05
MONETARY_BASE,triangulation,aux_vs_new,AMBNS,BOGMBASE,6,1988-11-01,0.0147228086764137,0.0129773043582961,-0.0017455043181176
MONETARY_BASE,triangulation,aux_vs_new,AMBNS,BOGMBASE,6,1988-12-01,0.00241941929164291,0.00263760924406231,0.000218189952419401
MONETARY_BASE,triangulation,aux_vs_new,AMBNS,BOGMBASE,6,1989-01-01,-0.0249334417545244,-0.021995119144953,0.00293832260957139
MONETARY_BASE,triangulation,aux_vs_new,AMBNS,BOGMBASE,6,1989-02-01,-0.0178911234030199,-0.0191009019629238,-0.0012097785599039
MONETARY_BASE,triangulation,aux_vs_new,AMBNS,BOGMBASE,6,1989-03-01,0.0400326578356642,0.0373878940079591,-0.00264476382770518
MONETARY_BASE,triangulation,aux_vs_new,AMBNS,BOGMBASE,6,1989-04-01,-0.0044373105677078,-0.00264032134028902,0.00179698922741878
MONETARY_BASE,triangulation,aux_vs_new,AMBNS,BOGMBASE,6,1989-05-01,-0.0137290272136052,-0.0135504020130446,0.000178625200560667
MONETARY_BASE,triangulation,aux_vs_new,AMBNS,BOGMBASE,6,1989-06-01,0.0135224571348305,0.0145446307619714,0.00102217362714097
MONETARY_BASE,triangulation,aux_vs_new,AMBNS,BOGMBASE,6,1989-07-01,-0.00247820287457845,-0.0039622067245233,-0.00148400384994485
MONETARY_BASE,triangulation,aux_vs_new,AMBNS,BOGMBASE,6,1989-08-01,-0.0157452003559193,-0.0133452131797229,0.00239998717619638
MONETARY_BASE,triangulation,aux_vs_new,AMBNS,BOGMBASE,6,1989-09-01,0.00844876012190809,0.00667242044008187,-0.00177633968182622
MONETARY_BASE,triangulation,aux_vs_new,AMBNS,BOGMBASE,6,1989-10-01,0.00104717315297442,0.000351802819513303,-0.000695370333461121
MONETARY_BASE,triangulation,aux_vs_new,AMBNS,BOGMBASE,6,1989-11-01,0.0104718190586874,0.0118836012884733,0.00141178222978589
MONETARY_BASE,triangulation,aux_vs_new,AMBNS,BOGMBASE,6,1989-12-01,0.0105735228139467,0.00974628199589311,-0.000827240818053632
MONETARY_BASE,triangulation,aux_vs_new,AMBNS,BOGMBASE,6,1990-01-01,-0.0284351004032359,-0.0264196683087414,0.00201543209449451
MONETARY_BASE,triangulation,aux_vs_new,AMBNS,BOGMBASE,6,1990-02-01,-0.00953810072961137,-0.0145097696367626,-0.00497166890715128
MONETARY_BASE,triangulation,aux_vs_new,AMBNS,BOGMBASE,6,1990-03-01,0.0301469991727545,0.0348000344774642,0.00465303530470962
MONETARY_BASE,triangulation,aux_vs_new,AMBNS,BOGMBASE,6,1990-04-01,0.00397508744046693,0.000750848832311135,-0.00322423860815579
MONETARY_BASE,triangulation,aux_vs_new,AMBNS,BOGMBASE,6,1990-05-01,-0.0210588484473275,-0.0172916101724336,0.00376723827489389
MONETARY_BASE,triangulation,aux_vs_new,AMBNS,BOGMBASE,6,1990-06-01,0.0187385015775847,0.0150277201829647,-0.00371078139462
MONETARY_BASE,triangulation,aux_vs_new,AMBNS,BOGMBASE,6,1990-07-01,-0.00917200969895759,-0.00742586240323018,0.00174614729572742
MONETARY_BASE,triangulation,aux_vs_new,AMBNS,BOGMBASE,6,1990-08-01,-0.00286749964012767,-0.00332466195785575,-0.000457162317728077
MONETARY_BASE,triangulation,aux_vs_new,AMBNS,BOGMBASE,6,1990-09-01,0.00588022039682112,0.00551929945107332,-0.0003609209457478
MONETARY_BASE,triangulation,aux_vs_new,AMBNS,BOGMBASE,6,1990-10-01,-0.00942768129529092,-0.00686615607390273,0.00256152522138819
MONETARY_BASE,triangulation,aux_vs_new,AMBNS,BOGMBASE,6,1990-11-01,0.0142856633876765,0.0131492618689641,-0.0011364015187123
MONETARY_BASE,triangulation,aux_vs_new,AMBNS,BOGMBASE,6,1990-12-01,0.0105797113801636,-0.0106558456916286,-0.0212355570717921
MONETARY_BASE,triangulation,aux_vs_new,AMBNS,BOGMBASE,6,1991-01-01,-0.0302377367754225,-0.0233308761898261,0.00690686058559642
MONETARY_BASE,triangulation,aux_vs_new,AMBNS,BOGMBASE,6,1991-02-01,-0.000214494917987196,0.0094842447455612,0.00969873966354839
MONETARY_BASE,triangulation,aux_vs_new,AMBNS,BOGMBASE,6,1991-03-01,0.0190817103158905,0.0223516223677835,0.00326991205189309
MONETARY_BASE,triangulation,aux_vs_new,AMBNS,BOGMBASE,6,1991-04-01,-0.00407699774380088,-0.00399543963689197,8.15581069089077e-05
MONETARY_BASE,triangulation,aux_vs_new,AMBNS,BOGMBASE,6,1991-05-01,-0.0102821949194913,-0.0089604653820885,0.00132172953740284
MONETARY_BASE,triangulation,aux_vs_new,AMBNS,BOGMBASE,6,1991-06-01,0.0091731064058056,0.0113813176926554,0.00220821128684978
MONETARY_BASE,triangulation,aux_vs_new,AMBNS,BOGMBASE,6,1991-07-01,0.00011615157782785,-0.00606265791290284,-0.00617880949073069
MONETARY_BASE,triangulation,aux_vs_new,AMBNS,BOGMBASE,6,1991-08-01,-0.0113051579230641,-0.00564274585662794,0.00566241206643614
MONETARY_BASE,triangulation,aux_vs_new,AMBNS,BOGMBASE,6,1991-09-01,0.00807076348905245,0.00498433640041984,-0.0030864270886326
MONETARY_BASE,triangulation,aux_vs_new,AMBNS,BOGMBASE,6,1991-10-01,-0.00486959578317059,-0.00126514931029575,0.00360444647287483
MONETARY_BASE,triangulation,aux_vs_new,AMBNS,BOGMBASE,6,1991-11-01,0.015153045729372,0.0122388664756503,-0.00291417925372173
MONETARY_BASE,triangulation,aux_vs_new,AMBNS,BOGMBASE,6,1991-12-01,0.00849478312696572,0.00482096706301594,-0.00367381606394979
MONETARY_BASE,triangulation,aux_vs_new,AMBNS,BOGMBASE,6,1992-01-01,-0.0342289908897424,-0.0279725760003107,0.00625641488943174
MONETARY_BASE,triangulation,aux_vs_new,AMBNS,BOGMBASE,6,1992-02-01,0.00365981754626343,0.00116078150094534,-0.00249903604531809
MONETARY_BASE,triangulation,aux_vs_new,AMBNS,BOGMBASE,6,1992-03-01,0.0201767961627866,0.0189178747704757,-0.00125892139231087
MONETARY_BASE,triangulation,aux_vs_new,AMBNS,BOGMBASE,6,1992-04-01,0.000818963763194347,-0.0206747814753632,-0.0214937452385575
MONETARY_BASE,triangulation,aux_vs_new,AMBNS,BOGMBASE,6,1992-05-01,-0.0124957116099402,0.0116713637620665,0.0241670753720067
MONETARY_BASE,triangulation,aux_vs_new,AMBNS,BOGMBASE,6,1992-06-01,0.00486847068082241,0.00354860830308201,-0.0013198623777404
MONETARY_BASE,triangulation,aux_vs_new,AMBNS,BOGMBASE,6,1992-07-01,0.00287134988598758,0.00199903178747274,-0.000872318098514846
MONETARY_BASE,triangulation,aux_vs_new,AMBNS,BOGMBASE,6,1992-08-01,-0.00339883870029922,-0.00300774227786071,0.000391096422438508
MONETARY_BASE,triangulation,aux_vs_new,AMBNS,BOGMBASE,6,1992-09-01,0.00592097203809594,0.00544709291379775,-0.000473879124298193
MONETARY_BASE,triangulation,aux_vs_new,AMBNS,BOGMBASE,6,1992-10-01,-0.0060824282176597,-0.00385611648634399,0.00222631173131571
MONETARY_BASE,triangulation,aux_vs_new,AMBNS,BOGMBASE,6,1992-11-01,0.0107723457289843,0.00896322132284766,-0.00180912440613668
MONETARY_BASE,triangulation,aux_vs_new,AMBNS,BOGMBASE,6,1992-12-01,-0.000552072427772998,-0.000570091878095091,-1.80194503220932e-05
MONETARY_BASE,triangulation,aux_vs_new,AMBNS,BOGMBASE,6,1993-01-01,-0.0219631106615292,-0.0203167578540295,0.0016463528074997
MONETARY_BASE,triangulation,aux_vs_new,AMBNS,BOGMBASE,6,1993-02-01,0.00164213492002308,0.000543486192364107,-0.00109864872765897
MONETARY_BASE,triangulation,aux_vs_new,AMBNS,BOGMBASE,6,1993-03-01,0.0119242488338562,0.0119170027358706,-7.24609798563591e-06
MONETARY_BASE,triangulation,aux_vs_new,AMBNS,BOGMBASE,6,1993-04-01,0.00768849684582751,0.0078165762658271,0.000128079419999594
MONETARY_BASE,triangulation,aux_vs_new,AMBNS,BOGMBASE,6,1993-05-01,-0.0119606969312613,-0.0112701033843212,0.000690593546940121
MONETARY_BASE,triangulation,aux_vs_new,AMBNS,BOGMBASE,6,1993-06-01,0.00949742094809736,0.00798591127840442,-0.00151150966969293
MONETARY_BASE,triangulation,aux_vs_new,AMBNS,BOGMBASE,6,1993-07-01,-0.00522670414915005,-0.00465131774474159,0.000575386404408462
MONETARY_BASE,triangulation,aux_vs_new,AMBNS,BOGMBASE,6,1993-08-01,-0.00398889668070623,-0.00400608458065488,-1.71878999486452e-05
MONETARY_BASE,triangulation,aux_vs_new,AMBNS,BOGMBASE,6,1993-09-01,0.00900732931966619,0.00519008531142262,-0.00381724400824357
MONETARY_BASE,triangulation,aux_vs_new,AMBNS,BOGMBASE,6,1993-10-01,-0.00546899931911149,-0.000870075297031647,0.00459892402207984
MONETARY_BASE,triangulation,aux_vs_new,AMBNS,BOGMBASE,6,1993-11-01,0.00280302191643855,0.000684308078892748,-0.0021187138375458
MONETARY_BASE,triangulation,aux_vs_new,AMBNS,BOGMBASE,6,1993-12-01,0.00666914842900379,0.00695539893267938,0.000286250503675589
MONETARY_BASE,triangulation,aux_vs_new,AMBNS,BOGMBASE,6,1994-01-01,-0.0198717294197825,-0.0187056093470543,0.00116612007272821
MONETARY_BASE,triangulation,aux_vs_new,AMBNS,BOGMBASE,6,1994-02-01,0.00133610433199749,0.0022603923718334,0.000924288039835908
MONETARY_BASE,triangulation,aux_vs_new,AMBNS,BOGMBASE,6,1994-03-01,0.00895334488000721,0.00701048132476068,-0.00194286355524653
MONETARY_BASE,triangulation,aux_vs_new,AMBNS,BOGMBASE,6,1994-04-01,0.00643449044259992,0.0078430728992176,0.00140858245661768
MONETARY_BASE,triangulation,aux_vs_new,AMBNS,BOGMBASE,6,1994-05-01,-0.0159857523403781,-0.0146135047357001,0.00137224760467802
MONETARY_BASE,triangulation,aux_vs_new,AMBNS,BOGMBASE,6,1994-06-01,0.0113991544042769,0.0105017479496716,-0.000897406454605232
MONETARY_BASE,triangulation,aux_vs_new,AMBNS,BOGMBASE,6,1994-07-01,0.000265421158568202,-0.00276663218015738,-0.00303205333872558
MONETARY_BASE,triangulation,aux_vs_new,AMBNS,BOGMBASE,6,1994-08-01,-0.011815197026805,-0.00750388586479378,0.00431131116201122
MONETARY_BASE,triangulation,aux_vs_new,AMBNS,BOGMBASE,6,1994-09-01,0.00550455422025919,0.00312260384403373,-0.00238195037622546
MONETARY_BASE,triangulation,aux_vs_new,AMBNS,BOGMBASE,6,1994-10-01,0.000228363119815,0.000463053888303477,0.000234690768488477
MONETARY_BASE,triangulation,aux_vs_new,AMBNS,BOGMBASE,6,1994-11-01,0.00613643728185664,0.00614559656257718,9.15928072053873e-06
MONETARY_BASE,triangulation,aux_vs_new,AMBNS,BOGMBASE,6,1994-12-01,0.00115164480844854,0.00222829561088833,0.00107665080243979
MONETARY_BASE,triangulation,aux_vs_new,AMBNS,BOGMBASE,6,1995-01-01,-0.0160878573758625,-0.0180641986851304,-0.00197634130926794
MONETARY_BASE,triangulation,aux_vs_new,AMBNS,BOGMBASE,6,1995-02-01,-0.00356556123775853,-0.00239095681275536,0.00117460442500317
MONETARY_BASE,triangulation,aux_vs_new,AMBNS,BOGMBASE,6,1995-03-01,0.0190906194341798,0.0190592459404932,-3.13734936865373e-05
MONETARY_BASE,triangulation,aux_vs_new,AMBNS,BOGMBASE,6,1995-04-01,0.00238281749686209,0.00218351023331387,-0.000199307263548221
MONETARY_BASE,triangulation,aux_vs_new,AMBNS,BOGMBASE,6,1995-05-01,-0.0118147806159126,-0.0123170431079256,-0.000502262492013017
MONETARY_BASE,triangulation,aux_vs_new,AMBNS,BOGMBASE,6,1995-06-01,0.00177278890935639,0.000688883266841245,-0.00108390564251515
MONETARY_BASE,triangulation,aux_vs_new,AMBNS,BOGMBASE,6,1995-07-01,-0.000683133884193055,0.000685082850642615,0.00136821673483567
MONETARY_BASE,triangulation,aux_vs_new,AMBNS,BOGMBASE,6,1995-08-01,-0.00215339538481985,-0.00344476694908114,-0.00129137156426129
MONETARY_BASE,triangulation,aux_vs_new,AMBNS,BOGMBASE,6,1995-09-01,0.00100458874708309,0.00275334678879524,0.00174875804171215
MONETARY_BASE,triangulation,aux_vs_new,AMBNS,BOGMBASE,6,1995-10-01,-0.000478823052903365,-0.00114791985072582,-0.000669096797822455
MONETARY_BASE,triangulation,aux_vs_new,AMBNS,BOGMBASE,6,1995-11-01,0.00528294579665189,0.00502236946554735,-0.000260576331104545
MONETARY_BASE,triangulation,aux_vs_new,AMBNS,BOGMBASE,6,1995-12-01,0.00885937795322445,0.00943350993226932,0.000574131979044878
MONETARY_BASE,triangulation,aux_vs_new,AMBNS,BOGMBASE,6,1996-01-01,-0.021261678023154,-0.0243827457333845,-0.00312106771023046
MONETARY_BASE,triangulation,aux_vs_new,AMBNS,BOGMBASE,6,1996-02-01,-0.00779843269914515,-0.00443748312979686,0.00336094956934829
MONETARY_BASE,triangulation,aux_vs_new,AMBNS,BOGMBASE,6,1996-03-01,0.0249761374919366,0.024633497731922,-0.000342639760014585
MONETARY_BASE,triangulation,aux_vs_new,AMBNS,BOGMBASE,6,1996-04-01,-0.00493895220146179,-0.00439466044686121,0.000544291754600579
MONETARY_BASE,triangulation,aux_vs_new,AMBNS,BOGMBASE,6,1996-05-01,-0.00593360131130005,-0.00746437894305174,-0.00153077763175169
MONETARY_BASE,triangulation,aux_vs_new,AMBNS,BOGMBASE,6,1996-06-01,0.0074397484745754,0.00854816815904069,0.00110841968446529
MONETARY_BASE,triangulation,aux_vs_new,AMBNS,BOGMBASE,6,1996-07-01,4.42919542784637e-05,-5.80125638514062e-05,-0.00010230451812987
MONETARY_BASE,triangulation,aux_vs_new,AMBNS,BOGMBASE,6,1996-08-01,-0.00525968593359227,-0.00514508255629043,0.000114603377301847
MONETARY_BASE,triangulation,aux_vs_new,AMBNS,BOGMBASE,6,1996-09-01,0.0015485106811548,-5.95149663062955e-06,-0.00155446217778543
MONETARY_BASE,triangulation,aux_vs_new,AMBNS,BOGMBASE,6,1996-10-01,-0.00268238279052291,-0.00133101109744338,0.00135137169307953
MONETARY_BASE,triangulation,aux_vs_new,AMBNS,BOGMBASE,6,1996-11-01,0.00886791269529574,0.00879004444647435,-7.78682488213889e-05
MONETARY_BASE,triangulation,aux_vs_new,AMBNS,BOGMBASE,6,1996-12-01,0.00881989233441693,0.00745838693892686,-0.00136150539549007
MONETARY_BASE,triangulation,aux_vs_new,AMBNS,BOGMBASE,6,1997-01-01,-0.0248919236073792,-0.0227448633280272,0.00214706027935208
MONETARY_BASE,triangulation,aux_vs_new,AMBNS,BOGMBASE,6,1997-02-01,0.000324828114859343,-0.000246633771724625,-0.000571461886583968
MONETARY_BASE,triangulation,aux_vs_new,AMBNS,BOGMBASE,6,1997-03-01,0.0105975121010093,0.010842438854902,0.000244926753892649
MONETARY_BASE,triangulation,aux_vs_new,AMBNS,BOGMBASE,6,1997-04-01,0.00466134204596003,0.00169310927464128,-0.00296823277131875
MONETARY_BASE,triangulation,aux_vs_new,AMBNS,BOGMBASE,6,1997-05-01,-0.00839648077755761,-0.00368090477116656,0.00471557600639105
MONETARY_BASE,triangulation,aux_vs_new,AMBNS,BOGMBASE,6,1997-06-01,0.00297238603587591,0.00276065360413913,-0.000211732431736777
MONETARY_BASE,triangulation,aux_vs_new,AMBNS,BOGMBASE,6,1997-07-01,0.00492449106969861,0.00102189585637547,-0.00390259521332315
MONETARY_BASE,triangulation,aux_vs_new,AMBNS,BOGMBASE,6,1997-08-01,-0.00655217731645052,-0.00446646016585728,0.00208571715059325
MONETARY_BASE,triangulation,aux_vs_new,AMBNS,BOGMBASE,6,1997-09-01,0.000177024688809091,-0.000216728203874972,-0.000393752892684063
MONETARY_BASE,triangulation,aux_vs_new,AMBNS,BOGMBASE,6,1997-10-01,0.000779754254121023,0.00250984342726479,0.00173008917314377
MONETARY_BASE,triangulation,aux_vs_new,AMBNS,BOGMBASE,6,1997-11-01,0.0110220602075541,0.00951452251668616,-0.00150753769086798
MONETARY_BASE,triangulation,aux_vs_new,AMBNS,BOGMBASE,6,1997-12-01,0.0038352893692517,0.00304729686114591,-0.000787992508105795
MONETARY_BASE,triangulation,aux_vs_new,AMBNS,BOGMBASE,6,1998-01-01,-0.0230300021740382,-0.0212488012448029,0.00178120092923528
MONETARY_BASE,triangulation,aux_vs_new,AMBNS,BOGMBASE,6,1998-02-01,-0.00218108491215219,-0.00185601819923509,0.000325066712917099
MONETARY_BASE,triangulation,aux_vs_new,AMBNS,BOGMBASE,6,1998-03-01,0.0136377813060253,0.0110260201543539,-0.00261176115167139
MONETARY_BASE,triangulation,aux_vs_new,AMBNS,BOGMBASE,6,1998-04-01,-5.67074854309624e-05,0.000984412499213327,0.00104111998464429
MONETARY_BASE,triangulation,aux_vs_new,AMBNS,BOGMBASE,6,1998-05-01,-0.00640016692041012,-0.00407000253850232,0.00233016438190781
MONETARY_BASE,triangulation,aux_vs_new,AMBNS,BOGMBASE,6,1998-06-01,0.00600333732810387,0.00361534319016954,-0.00238799413793434
MONETARY_BASE,triangulation,aux_vs_new,AMBNS,BOGMBASE,6,1998-07-01,-0.00337670389300104,0.00275661636589941,0.00613332025890045
MONETARY_BASE,triangulation,aux_vs_new,AMBNS,BOGMBASE,6,1998-08-01,0.000421775158237381,-0.00363198036386958,-0.00405375552210696
MONETARY_BASE,triangulation,aux_vs_new,AMBNS,BOGMBASE,6,1998-09-01,0.00533711972681417,0.00233768841226834,-0.00299943131454583
MONETARY_BASE,triangulation,aux_vs_new,AMBNS,BOGMBASE,6,1998-10-01,-0.00332333389134298,0.000532497818801936,0.00385583171014492
MONETARY_BASE,triangulation,aux_vs_new,AMBNS,BOGMBASE,6,1998-11-01,0.00717637048567799,0.00322445032373775,-0.00395192016194024
MONETARY_BASE,triangulation,aux_vs_new,AMBNS,BOGMBASE,6,1998-12-01,0.00393666800866566,0.00444874354975777,0.000512075541092116
MONETARY_BASE,triangulation,aux_vs_new,AMBNS,BOGMBASE,6,1999-01-01,-0.0157706751153386,-0.012661662996984,0.00310901211835457
MONETARY_BASE,triangulation,aux_vs_new,AMBNS,BOGMBASE,6,1999-02-01,-0.00253307348776755,-0.00569098363692611,-0.00315791014915856
MONETARY_BASE,triangulation,aux_vs_new,AMBNS,BOGMBASE,6,1999-03-01,0.00967004566501561,0.0115461330492943,0.00187608738427869
MONETARY_BASE,triangulation,aux_vs_new,AMBNS,BOGMBASE,6,1999-04-01,-0.00086843995087893,-0.000822153658750935,4.6286292127995e-05
MONETARY_BASE,triangulation,aux_vs_new,AMBNS,BOGMBASE,6,1999-05-01,0.0046612308781766,0.00216063745624773,-0.00250059342192888
MONETARY_BASE,triangulation,aux_vs_new,AMBNS,BOGMBASE,6,1999-06-01,-0.00735130188241406,-0.00376951201473297,0.0035817898676811
MONETARY_BASE,triangulation,aux_vs_new,AMBNS,BOGMBASE,6,1999-07-01,0.000490367810976444,0.00251521654213782,0.00202484873116138
MONETARY_BASE,triangulation,aux_vs_new,AMBNS,BOGMBASE,6,1999-08-01,-0.00176650997492889,-0.00405840737771168,-0.00229189740278279
MONETARY_BASE,triangulation,aux_vs_new,AMBNS,BOGMBASE,6,1999-09-01,0.010437198791216,0.00501918825249259,-0.00541801053872337
MONETARY_BASE,triangulation,aux_vs_new,AMBNS,BOGMBASE,6,1999-10-01,-0.000999691791249369,0.00434289722806724,0.00534258901931661
MONETARY_BASE,triangulation,aux_vs_new,AMBNS,BOGMBASE,6,1999-11-01,0.018980432856833,0.0174609499836773,-0.00151948287315573
MONETARY_BASE,triangulation,aux_vs_new,AMBNS,BOGMBASE,6,1999-12-01,0.0184835605396056,0.0181554104555737,-0.000328150084031975
MONETARY_BASE,triangulation,aux_vs_new,AMBNS,BOGMBASE,6,2000-01-01,-0.0744085517920787,-0.0671624919629883,0.00724605982909043
MONETARY_BASE,triangulation,aux_vs_new,AMBNS,BOGMBASE,6,2000-02-01,-0.0117859280570869,-0.0230598260161914,-0.0112738979591045
MONETARY_BASE,triangulation,aux_vs_new,AMBNS,BOGMBASE,6,2000-03-01,0.0324137501984305,0.0389591429258909,0.00654539272746035
MONETARY_BASE,triangulation,aux_vs_new,AMBNS,BOGMBASE,6,2000-04-01,0.00776921205729053,0.00415413778057072,-0.00361507427671981
MONETARY_BASE,triangulation,aux_vs_new,AMBNS,BOGMBASE,6,2000-05-01,0.00187649189963413,0.000854828223380899,-0.00102166367625323
MONETARY_BASE,triangulation,aux_vs_new,AMBNS,BOGMBASE,6,2000-06-01,-0.0043850147740585,-0.00104226290758636,0.00334275186647215
MONETARY_BASE,triangulation,aux_vs_new,AMBNS,BOGMBASE,6,2000-07-01,0.00227503255064221,0.00136454608129366,-0.000910486469348548
MONETARY_BASE,triangulation,aux_vs_new,AMBNS,BOGMBASE,6,2000-08-01,-0.00754323630895026,-0.00514327474222132,0.00239996156672895
MONETARY_BASE,triangulation,aux_vs_new,AMBNS,BOGMBASE,6,2000-09-01,0.00548446531816804,0.00205573350641242,-0.00342873181175563
MONETARY_BASE,triangulation,aux_vs_new,AMBNS,BOGMBASE,6,2000-10-01,0.000123335812911129,0.00188067689076732,0.00175734107785619
MONETARY_BASE,triangulation,aux_vs_new,AMBNS,BOGMBASE,6,2000-11-01,0.00685663521749635,0.00594026807230819,-0.000916367145188168
MONETARY_BASE,triangulation,aux_vs_new,AMBNS,BOGMBASE,6,2000-12-01,0.00526619277354534,0.00495507219987346,-0.000311120573671886
MONETARY_BASE,triangulation,aux_vs_new,AMBNS,BOGMBASE,6,2001-01-01,-0.0168127564232359,-0.0127930806140215,0.00401967580921436
MONETARY_BASE,triangulation,aux_vs_new,AMBNS,BOGMBASE,6,2001-02-01,-0.0019285221130021,-0.00535610771369388,-0.00342758560069178
MONETARY_BASE,triangulation,aux_vs_new,AMBNS,BOGMBASE,6,2001-03-01,0.00927446063015669,0.0100434315153191,0.000768970885162368
MONETARY_BASE,triangulation,aux_vs_new,AMBNS,BOGMBASE,6,2001-04-01,0.00145857589390541,-0.00102520820051932,-0.00248378409442473
MONETARY_BASE,triangulation,aux_vs_new,AMBNS,BOGMBASE,6,2001-05-01,0.0041569926728604,0.00262552058821086,-0.00153147208464954
MONETARY_BASE,triangulation,aux_vs_new,AMBNS,BOGMBASE,6,2001-06-01,-0.00717360514436383,-0.00168847183314202,0.0054851333112218
MONETARY_BASE,triangulation,aux_vs_new,AMBNS,BOGMBASE,6,2001-07-01,0.00828138933455325,0.00599700379958534,-0.0022843855349679
MONETARY_BASE,triangulation,aux_vs_new,AMBNS,BOGMBASE,6,2001-08-01,-0.00176955833116654,-0.000928496360418585,0.000841061970747958
MONETARY_BASE,triangulation,aux_vs_new,AMBNS,BOGMBASE,6,2001-09-01,0.0299934391578986,0.0287363835494379,-0.00125705560846079
MONETARY_BASE,triangulation,aux_vs_new,AMBNS,BOGMBASE,6,2001-10-01,-0.0561612294857268,-0.0577878486914551,-0.00162661920572837
MONETARY_BASE,triangulation,aux_vs_new,AMBNS,BOGMBASE,6,2001-11-01,0.0196180496669678,0.0254621668973263,0.00584411723035849
MONETARY_BASE,triangulation,aux_vs_new,AMBNS,BOGMBASE,6,2001-12-01,0.0156893938700824,0.010769043240014,-0.00492035063006835
MONETARY_BASE,triangulation,aux_vs_new,AMBNS,BOGMBASE,6,2002-01-01,-0.0158733874586154,-0.0129166353807575,0.00295675207785795
MONETARY_BASE,triangulation,aux_vs_new,AMBNS,BOGMBASE,6,2002-02-01,0.000308545013857575,-0.00337625116825802,-0.00368479618211559
MONETARY_BASE,triangulation,aux_vs_new,AMBNS,BOGMBASE,6,2002-03-01,0.00183549903693958,0.00547630465845739,0.00364080562151781
MONETARY_BASE,triangulation,aux_vs_new,AMBNS,BOGMBASE,6,2002-04-01,0.00147019855999275,-4.45804249817883e-05,-0.00151477898497454
MONETARY_BASE,triangulation,aux_vs_new,AMBNS,BOGMBASE,6,2002-05-01,0.00151674586591799,0.00115325546260081,-0.000363490403317179
MONETARY_BASE,triangulation,aux_vs_new,AMBNS,BOGMBASE,6,2002-06-01,-0.00240814384553012,0.000236289453262373,0.00264443329879249
MONETARY_BASE,triangulation,aux_vs_new,AMBNS,BOGMBASE,6,2002-07-01,0.00248863116998077,-0.000211391641359526,-0.0027000228113403
MONETARY_BASE,triangulation,aux_vs_new,AMBNS,BOGMBASE,6,2002-08-01,-0.00720363723213158,-0.00709696422018968,0.000106673011941893
MONETARY_BASE,triangulation,aux_vs_new,AMBNS,BOGMBASE,6,2002-09-01,0.00169768879927545,0.000146442194932206,-0.00155124660434325
MONETARY_BASE,triangulation,aux_vs_new,AMBNS,BOGMBASE,6,2002-10-01,0.00106930504828107,0.00131993574520894,0.000250630696927878
MONETARY_BASE,triangulation,aux_vs_new,AMBNS,BOGMBASE,6,2002-11-01,0.00568581855240868,0.00743013963720252,0.00174432108479383
MONETARY_BASE,triangulation,aux_vs_new,AMBNS,BOGMBASE,6,2002-12-01,0.00544423640819325,0.00578920753051282,0.000344971122319571
MONETARY_BASE,triangulation,aux_vs_new,AMBNS,BOGMBASE,6,2003-01-01,-0.0165869454807348,-0.0152784958041199,0.00130844967661492
MONETARY_BASE,triangulation,aux_vs_new,AMBNS,BOGMBASE,6,2003-02-01,0.0058103304231345,0.00228504195627277,-0.00352528846686173
MONETARY_BASE,triangulation,aux_vs_new,AMBNS,BOGMBASE,6,2003-03-01,0.00129553963595797,0.00368730485477453,0.00239176521881657
MONETARY_BASE,triangulation,aux_vs_new,AMBNS,BOGMBASE,6,2003-04-01,0.00127362724044122,-3.71703983068628e-05,-0.00131079763874808
MONETARY_BASE,triangulation,aux_vs_new,AMBNS,BOGMBASE,6,2003-05-01,-0.00115708294525962,-0.000316911799584041,0.000840171145675583
MONETARY_BASE,triangulation,aux_vs_new,AMBNS,BOGMBASE,6,2003-06-01,-0.00443381801064469,-0.00394143826466653,0.000492379745978155
MONETARY_BASE,triangulation,aux_vs_new,AMBNS,BOGMBASE,6,2003-07-01,0.00378412505165748,0.00180993133359308,-0.0019741937180644
MONETARY_BASE,triangulation,aux_vs_new,AMBNS,BOGMBASE,6,2003-08-01,-0.0008620627362248,0.000958352615367808,0.00182041535159261
MONETARY_BASE,triangulation,aux_vs_new,AMBNS,BOGMBASE,6,2003-09-01,-0.00331886062336295,-0.00431072815376599,-0.000991867530403034
MONETARY_BASE,triangulation,aux_vs_new,AMBNS,BOGMBASE,6,2003-10-01,0.00464687922144424,0.00484053829387499,0.000193659072430741
MONETARY_BASE,triangulation,aux_vs_new,AMBNS,BOGMBASE,6,2003-11-01,0.00259535351750984,0.00285242882635739,0.000257075308847554
MONETARY_BASE,triangulation,aux_vs_new,AMBNS,BOGMBASE,6,2003-12-01,0.00254392539697612,0.0040025725089361,0.00145864711195998
MONETARY_BASE,triangulation,aux_vs_new,AMBNS,BOGMBASE,6,2004-01-01,-0.0148551669649022,-0.0160385292849572,-0.001183362320055
MONETARY_BASE,triangulation,aux_vs_new,AMBNS,BOGMBASE,6,2004-02-01,0.00408820950034361,0.00257072698686134,-0.00151748251348227
MONETARY_BASE,triangulation,aux_vs_new,AMBNS,BOGMBASE,6,2004-03-01,0.00236323404985672,0.00353277589566758,0.00116954184581086
MONETARY_BASE,triangulation,aux_vs_new,AMBNS,BOGMBASE,6,2004-04-01,0.00367478121813125,0.00391610373118656,0.000241322513055309
MONETARY_BASE,triangulation,aux_vs_new,AMBNS,BOGMBASE,6,2004-05-01,-0.000469449704897151,-0.000840285501752192,-0.00037083579685504
MONETARY_BASE,triangulation,aux_vs_new,AMBNS,BOGMBASE,6,2004-06-01,0.0011582664297336,0.00250816223104167,0.00134989580130807
MONETARY_BASE,triangulation,aux_vs_new,AMBNS,BOGMBASE,6,2004-07-01,0.0032910616424866,0.00113148534142393,-0.00215957630106267
MONETARY_BASE,triangulation,aux_vs_new,AMBNS,BOGMBASE,6,2004-08-01,-0.0100911709960005,-0.00888542832543049,0.00120574267057005
MONETARY_BASE,triangulation,aux_vs_new,AMBNS,BOGMBASE,6,2004-09-01,0.00652523852697318,0.00671362588920221,0.000188387362229037
MONETARY_BASE,triangulation,aux_vs_new,AMBNS,BOGMBASE,6,2004-10-01,-0.00411549462170413,-0.00435366699703899,-0.000238172375334855
MONETARY_BASE,triangulation,aux_vs_new,AMBNS,BOGMBASE,6,2004-11-01,0.00658410544233057,0.0063748621053028,-0.000209243337027765
MONETARY_BASE,triangulation,aux_vs_new,AMBNS,BOGMBASE,6,2004-12-01,-0.00294407188733192,-0.0011033755613914,0.00184069632594053
MONETARY_BASE,triangulation,aux_vs_new,AMBNS,BOGMBASE,6,2005-01-01,-0.00778046996307857,-0.00891737148654315,-0.00113690152346457
MONETARY_BASE,triangulation,aux_vs_new,AMBNS,BOGMBASE,6,2005-02-01,0.00164692099068464,-0.00155340362865353,-0.00320032461933817
MONETARY_BASE,triangulation,aux_vs_new,AMBNS,BOGMBASE,6,2005-03-01,0.00161080803777303,0.00374738236402727,0.00213657432625425
MONETARY_BASE,triangulation,aux_vs_new,AMBNS,BOGMBASE,6,2005-04-01,0.00155445827611711,0.00180631670317766,0.000251858427060547
MONETARY_BASE,triangulation,aux_vs_new,AMBNS,BOGMBASE,6,2005-05-01,-0.00253939288554683,-0.00142244392521196,0.00111694896033487
MONETARY_BASE,triangulation,aux_vs_new,AMBNS,BOGMBASE,6,2005-06-01,0.00510946949362445,0.00436323315312936,-0.000746236340495088
MONETARY_BASE,triangulation,aux_vs_new,AMBNS,BOGMBASE,6,2005-07-01,-0.000632022887876893,-0.00270908104376755,-0.00207705815589065
MONETARY_BASE,triangulation,aux_vs_new,AMBNS,BOGMBASE,6,2005-08-01,-0.00431220932545262,-0.00306951389069887,0.00124269543475375
MONETARY_BASE,triangulation,aux_vs_new,AMBNS,BOGMBASE,6,2005-09-01,0.00550254873466027,0.00687719054392577,0.0013746418092655
MONETARY_BASE,triangulation,aux_vs_new,AMBNS,BOGMBASE,6,2005-10-01,-0.00602340869693574,-0.00751052995444912,-0.00148712125751338
MONETARY_BASE,triangulation,aux_vs_new,AMBNS,BOGMBASE,6,2005-11-01,0.00761806500399853,0.00886002674201958,0.00124196173802105
MONETARY_BASE,triangulation,aux_vs_new,AMBNS,BOGMBASE,6,2005-12-01,0.0032356844797512,0.00405450499953197,0.000818820519780772
MONETARY_BASE,triangulation,aux_vs_new,AMBNS,BOGMBASE,6,2006-01-01,-0.00830538349838417,-0.0106569439591953,-0.00235156046081109
MONETARY_BASE,triangulation,aux_vs_new,AMBNS,BOGMBASE,6,2006-02-01,-0.00237495509251673,-0.000498703632242581,0.00187625146027415
MONETARY_BASE,triangulation,aux_vs_new,AMBNS,BOGMBASE,6,2006-03-01,0.00251820454206797,0.00556959910024268,0.00305139455817471
MONETARY_BASE,triangulation,aux_vs_new,AMBNS,BOGMBASE,6,2006-04-01,-2.73884236063893e-05,-0.00755124227961179,-0.0075238538560054
MONETARY_BASE,triangulation,aux_vs_new,AMBNS,BOGMBASE,6,2006-05-01,0.00201854340812346,0.00530446980289057,0.0032859263947671
MONETARY_BASE,triangulation,aux_vs_new,AMBNS,BOGMBASE,6,2006-06-01,-0.00493897280322209,-0.00443903210743279,0.000499940695789292
MONETARY_BASE,triangulation,aux_vs_new,AMBNS,BOGMBASE,6,2006-07-01,0.000776335225330271,-0.00086228890418738,-0.00163862412951765
MONETARY_BASE,triangulation,aux_vs_new,AMBNS,BOGMBASE,6,2006-08-01,-0.0022305265881748,-0.00111213551099265,0.00111839107718215
MONETARY_BASE,triangulation,aux_vs_new,AMBNS,BOGMBASE,6,2006-09-01,0.00184381139437573,0.00308472250498149,0.00124091111060576
MONETARY_BASE,triangulation,aux_vs_new,AMBNS,BOGMBASE,6,2006-10-01,-0.00102085225572424,-0.00160479357881727,-0.000583941323093029
MONETARY_BASE,triangulation,aux_vs_new,AMBNS,BOGMBASE,6,2006-11-01,0.0104861656453634,0.00934761258880723,-0.00113855305655619
MONETARY_BASE,triangulation,aux_vs_new,AMBNS,BOGMBASE,6,2006-12-01,0.000627781745891731,0.00344064215577955,0.00281286040988782
MONETARY_BASE,triangulation,aux_vs_new,AMBNS,BOGMBASE,6,2007-01-01,-0.012655830676076,-0.0165332769897342,-0.00387744631365816
MONETARY_BASE,triangulation,aux_vs_new,AMBNS,BOGMBASE,6,2007-02-01,-0.00168494229495675,0.000833811162788578,0.00251875345774533
MONETARY_BASE,triangulation,aux_vs_new,AMBNS,BOGMBASE,6,2007-03-01,0.00592594226095144,0.00474881951469364,-0.00117712274625781
MONETARY_BASE,triangulation,aux_vs_new,AMBNS,BOGMBASE,6,2007-04-01,0.000234069114497082,0.00145794222692697,0.00122387311242989
MONETARY_BASE,triangulation,aux_vs_new,AMBNS,BOGMBASE,6,2007-05-01,0.00143280429559844,0.000720409423464297,-0.000712394872134148
MONETARY_BASE,triangulation,aux_vs_new,AMBNS,BOGMBASE,6,2007-06-01,-0.00181081116802773,-0.00146031841553196,0.000350492752495768
MONETARY_BASE,triangulation,aux_vs_new,AMBNS,BOGMBASE,6,2007-07-01,0.00193346854268928,0.000238024512534629,-0.00169544403015465
MONETARY_BASE,triangulation,aux_vs_new,AMBNS,BOGMBASE,6,2007-08-01,-0.00307519730275185,-0.00120888052547929,0.00186631677727256
MONETARY_BASE,triangulation,aux_vs_new,AMBNS,BOGMBASE,6,2007-09-01,-0.00216937886704471,-0.00349953920584323,-0.00133016033879851
MONETARY_BASE,triangulation,aux_vs_new,AMBNS,BOGMBASE,6,2007-10-01,0.00216626089923011,0.00458730399599006,0.00242104309675995
MONETARY_BASE,triangulation,aux_vs_new,AMBNS,BOGMBASE,6,2007-11-01,0.00737799715985243,0.00444099366475026,-0.00293700349510218
MONETARY_BASE,triangulation,aux_vs_new,AMBNS,BOGMBASE,6,2007-12-01,-0.00635860922489861,-0.00290295410891872,0.00345565511597989
MONETARY_BASE,triangulation,aux_vs_new,AMBNS,BOGMBASE,6,2008-01-01,-0.00615333016554676,-0.0113846000390065,-0.00523126987345979
MONETARY_BASE,triangulation,aux_vs_new,AMBNS,BOGMBASE,6,2008-02-01,0.00276229565348807,0.00658943780903787,0.0038271421555498
MONETARY_BASE,triangulation,aux_vs_new,AMBNS,BOGMBASE,6,2008-03-01,0.00671963915164486,0.00553575410249696,-0.0011838850491479
MONETARY_BASE,triangulation,aux_vs_new,AMBNS,BOGMBASE,6,2008-04-01,-0.00957839721625398,-0.00757753908424785,0.00200085813200612
MONETARY_BASE,triangulation,aux_vs_new,AMBNS,BOGMBASE,6,2008-05-01,0.0132804438451473,0.00877274978565623,-0.00450769405949103
MONETARY_BASE,triangulation,aux_vs_new,AMBNS,BOGMBASE,6,2008-06-01,-0.00500863240354121,0.00116183664083902,0.00617046904438023
MONETARY_BASE,triangulation,aux_vs_new,AMBNS,BOGMBASE,6,2008-07-01,0.00814931654850248,0.00149315603818234,-0.00665616051032014
MONETARY_BASE,triangulation,aux_vs_new,AMBNS,BOGMBASE,6,2008-08-01,-0.0122441432834393,-0.00735260417468364,0.00489153910875562
MONETARY_BASE,triangulation,aux_vs_new,AMBNS,BOGMBASE,6,2008-09-01,0.0721769094245168,0.0699979166917819,-0.00217899273273492
MONETARY_BASE,triangulation,aux_vs_new,AMBNS,BOGMBASE,6,2008-10-01,0.121631763116028,0.151799726718146,0.0301679636021177
MONETARY_BASE,triangulation,aux_vs_new,AMBNS,BOGMBASE,6,2008-11-01,0.0730498963138535,0.015867915457414,-0.0571819808564396
MONETARY_BASE,triangulation,aux_vs_new,AMBNS,BOGMBASE,6,2008-12-01,-0.133159490079514,-0.0939471412521335,0.0392123488273803
MONETARY_BASE,triangulation,aux_vs_new,AMBNS,BOGMBASE,6,2009-01-01,-0.106653294578182,-0.117429882602372,-0.0107765880241901
MONETARY_BASE,triangulation,aux_vs_new,AMBNS,BOGMBASE,6,2009-02-01,-0.119459792806568,-0.118883972962813,0.000575819843755099
MONETARY_BASE,triangulation,aux_vs_new,AMBNS,BOGMBASE,6,2009-03-01,0.141757735032796,0.145249918667024,0.00349218363422832
MONETARY_BASE,triangulation,aux_vs_new,AMBNS,BOGMBASE,6,2009-04-01,0.0213332589829731,0.00894249313258122,-0.0123907658503919
MONETARY_BASE,triangulation,aux_vs_new,AMBNS,BOGMBASE,6,2009-05-01,-0.0610096807103924,-0.0498910357856142,0.0111186449247782
MONETARY_BASE,triangulation,aux_vs_new,AMBNS,BOGMBASE,6,2009-06-01,-0.0636691552988653,-0.0652770764931079,-0.00160792119424258
MONETARY_BASE,triangulation,aux_vs_new,AMBNS,BOGMBASE,6,2009-07-01,0.0512748621660046,0.0468462488938535,-0.00442861327215116
MONETARY_BASE,triangulation,aux_vs_new,AMBNS,BOGMBASE,6,2009-08-01,0.0220679187778128,0.0280008602753012,0.00593294149748846
MONETARY_BASE,triangulation,aux_vs_new,AMBNS,BOGMBASE,6,2009-09-01,0.0334835954428669,0.0295079095925121,-0.00397568585035479
MONETARY_BASE,triangulation,aux_vs_new,AMBNS,BOGMBASE,6,2009-10-01,0.0244823618732317,0.0208338140072728,-0.00364854786595892
MONETARY_BASE,triangulation,aux_vs_new,AMBNS,BOGMBASE,6,2009-11-01,-0.0355768488407984,-0.0277326114266367,0.00784423741416163
MONETARY_BASE,triangulation,aux_vs_new,AMBNS,BOGMBASE,6,2009-12-01,-0.0413159070511355,-0.0438032472003727,-0.00248734014923713
MONETARY_BASE,triangulation,aux_vs_new,AMBNS,BOGMBASE,6,2010-01-01,-0.0127747344343963,-0.0163080347505389,-0.00353330031614263
MONETARY_BASE,triangulation,aux_vs_new,AMBNS,BOGMBASE,6,2010-02-01,0.0720572094045702,0.0740233876290155,0.00196617822444534
MONETARY_BASE,triangulation,aux_vs_new,AMBNS,BOGMBASE,6,2010-03-01,-0.0792852286469632,-0.0754791234812089,0.0038061051657543
MONETARY_BASE,triangulation,aux_vs_new,AMBNS,BOGMBASE,6,2010-04-01,-0.00874805346177787,-0.0148803800716717,-0.00613232660989382
MONETARY_BASE,triangulation,aux_vs_new,AMBNS,BOGMBASE,6,2010-05-01,0.0267670733252423,0.0308111454017173,0.00404407207647495
MONETARY_BASE,triangulation,aux_vs_new,AMBNS,BOGMBASE,6,2010-06-01,-0.0032245109967155,-0.00388884753699692,-0.000664336540281418
MONETARY_BASE,triangulation,aux_vs_new,AMBNS,BOGMBASE,6,2010-07-01,0.00374569956631277,0.000878535796368318,-0.00286716376994445
MONETARY_BASE,triangulation,aux_vs_new,AMBNS,BOGMBASE,6,2010-08-01,2.38225022171079e-05,0.00375244684799458,0.00372862434577748
MONETARY_BASE,triangulation,aux_vs_new,AMBNS,BOGMBASE,6,2010-09-01,-0.0145645532926109,-0.0161347753613077,-0.00157022206869684
MONETARY_BASE,triangulation,aux_vs_new,AMBNS,BOGMBASE,6,2010-10-01,0.0195527475060944,0.0166905915299633,-0.00286215597613104
MONETARY_BASE,triangulation,aux_vs_new,AMBNS,BOGMBASE,6,2010-11-01,-0.000429288326067478,0.00553955228181469,0.00596884060788216
MONETARY_BASE,triangulation,aux_vs_new,AMBNS,BOGMBASE,6,2010-12-01,0.0194197128184799,0.0162108832387204,-0.00320882957975943
MONETARY_BASE,triangulation,aux_vs_new,AMBNS,BOGMBASE,6,2011-01-01,-0.00820509528135283,-0.00680173009074103,0.00140336519061179
MONETARY_BASE,triangulation,aux_vs_new,AMBNS,BOGMBASE,6,2011-02-01,0.0639712047039156,0.0616977387334563,-0.0022734659704593
MONETARY_BASE,triangulation,aux_vs_new,AMBNS,BOGMBASE,6,2011-03-01,0.0016194832818277,0.0028908908755616,0.0012714075937339
MONETARY_BASE,triangulation,aux_vs_new,AMBNS,BOGMBASE,6,2011-04-01,-0.0369434757328309,-0.0383709262409733,-0.00142745050814241
MONETARY_BASE,triangulation,aux_vs_new,AMBNS,BOGMBASE,6,2011-05-01,-0.017241716777268,-0.0135353176774036,0.00370639909986448
MONETARY_BASE,triangulation,aux_vs_new,AMBNS,BOGMBASE,6,2011-06-01,0.00504205185355389,0.0032916266102383,-0.00175042524331559
MONETARY_BASE,triangulation,aux_vs_new,AMBNS,BOGMBASE,6,2011-07-01,-0.0159529877989844,-0.0175648359006289,-0.0016118481016445
MONETARY_BASE,triangulation,aux_vs_new,AMBNS,BOGMBASE,6,2011-08-01,-0.0245881249075861,-0.0237579454750962,0.000830179432489864
MONETARY_BASE,triangulation,aux_vs_new,AMBNS,BOGMBASE,6,2011-09-01,0.00159066265605645,0.0025913883940003,0.00100072573794385
MONETARY_BASE,triangulation,aux_vs_new,AMBNS,BOGMBASE,6,2011-10-01,0.0112047558826056,0.00759167289126861,-0.003613082991337
MONETARY_BASE,triangulation,aux_vs_new,AMBNS,BOGMBASE,6,2011-11-01,-0.0170915948920332,-0.0123969332267988,0.00469466166523436
MONETARY_BASE,triangulation,aux_vs_new,AMBNS,BOGMBASE,6,2011-12-01,0.0200657531009325,0.0177944422087553,-0.00227131089217725
MONETARY_BASE,triangulation,aux_vs_new,AMBNS,BOGMBASE,6,2012-01-01,0.00154874381296821,0.00262484711465039,0.00107610330168217
MONETARY_BASE,triangulation,aux_vs_new,AMBNS,BOGMBASE,6,2012-02-01,0.0158030205478177,0.0120333763139389,-0.00376964423387882
MONETARY_BASE,triangulation,aux_vs_new,AMBNS,BOGMBASE,6,2012-03-01,-0.0405634312413365,-0.0347492071512665,0.00581422409007004
MONETARY_BASE,triangulation,aux_vs_new,AMBNS,BOGMBASE,6,2012-04-01,0.014526025668788,0.00883873893133202,-0.005687286737456
MONETARY_BASE,triangulation,aux_vs_new,AMBNS,BOGMBASE,6,2012-05-01,-0.00910115604274697,-0.00304878517168117,0.0060523708710658
MONETARY_BASE,triangulation,aux_vs_new,AMBNS,BOGMBASE,6,2012-06-01,0.0154585084223458,0.00974426063726508,-0.00571424778508067
MONETARY_BASE,triangulation,aux_vs_new,AMBNS,BOGMBASE,6,2012-07-01,0.00844170566218416,0.0101342581819468,0.00169255251976264
MONETARY_BASE,triangulation,aux_vs_new,AMBNS,BOGMBASE,6,2012-08-01,-0.0131599344210045,-0.00991825939823077,0.00324167502277373
MONETARY_BASE,triangulation,aux_vs_new,AMBNS,BOGMBASE,6,2012-09-01,-0.018320435860173,-0.0223704253683357,-0.00404998950816271
MONETARY_BASE,triangulation,aux_vs_new,AMBNS,BOGMBASE,6,2012-10-01,0.026541419571859,0.0277674344042538,0.00122601483239482
MONETARY_BASE,triangulation,aux_vs_new,AMBNS,BOGMBASE,6,2012-11-01,0.00578004511838337,0.00682006577728966,0.00104002065890629
MONETARY_BASE,triangulation,aux_vs_new,AMBNS,BOGMBASE,6,2012-12-01,-0.00261650068964414,-0.00237731514740158,0.000239185542242559
MONETARY_BASE,triangulation,aux_vs_new,AMBNS,BOGMBASE,6,2013-01-01,0.0144878885730098,0.0133579843999696,-0.00112990417304015
MONETARY_BASE,triangulation,aux_vs_new,AMBNS,BOGMBASE,6,2013-02-01,0.0113393056127622,0.0127979506053917,0.00145864499262949
MONETARY_BASE,triangulation,aux_vs_new,AMBNS,BOGMBASE,6,2013-03-01,-0.00147905557786032,-0.00605140110318292,-0.0045723455253226
MONETARY_BASE,triangulation,aux_vs_new,AMBNS,BOGMBASE,6,2013-04-01,-0.0094569635538484,-0.00524169300297928,0.00421527055086912
MONETARY_BASE,triangulation,aux_vs_new,AMBNS,BOGMBASE,6,2013-05-01,0.00777741602839743,0.00853696465345521,0.000759548625057782
MONETARY_BASE,triangulation,aux_vs_new,AMBNS,BOGMBASE,6,2013-06-01,-0.00691716177732538,-0.00755368292043457,-0.000636521143109192
MONETARY_BASE,triangulation,aux_vs_new,AMBNS,BOGMBASE,6,2013-07-01,0.00373384092092266,0.000761101785466067,-0.00297273913545659
MONETARY_BASE,triangulation,aux_vs_new,AMBNS,BOGMBASE,6,2013-08-01,0.00148108855763418,0.00474913264293697,0.00326804408530279
MONETARY_BASE,triangulation,aux_vs_new,AMBNS,BOGMBASE,6,2013-09-01,-0.00475302639573272,-0.00672952679260241,-0.0019765003968697
MONETARY_BASE,triangulation,aux_vs_new,AMBNS,BOGMBASE,6,2013-10-01,0.00236532443647164,0.0034385882265493,0.00107326379007766
MONETARY_BASE,triangulation,aux_vs_new,AMBNS,BOGMBASE,6,2013-11-01,-0.00262633159940862,-0.00285077315189497,-0.000224441552486354
MONETARY_BASE,triangulation,aux_vs_new,AMBNS,BOGMBASE,6,2013-12-01,-0.0173778601092334,-0.0172596267759673,0.000118233333266105
MONETARY_BASE,triangulation,aux_vs_new,AMBNS,BOGMBASE,6,2014-01-01,-0.00513283831091549,-0.0059348191213644,-0.00080198081044891
MONETARY_BASE,triangulation,aux_vs_new,AMBNS,BOGMBASE,6,2014-02-01,0.0235503032782578,0.0247915212029639,0.00124121792470611
MONETARY_BASE,triangulation,aux_vs_new,AMBNS,BOGMBASE,6,2014-03-01,-0.0120603487187783,-0.0141436504845345,-0.00208330176575622
MONETARY_BASE,triangulation,aux_vs_new,AMBNS,BOGMBASE,6,2014-04-01,-0.00406832561556136,-0.002139569521594,0.00192875609396737
MONETARY_BASE,triangulation,aux_vs_new,AMBNS,BOGMBASE,6,2014-05-01,-0.0166515812800476,-0.016359504771934,0.000292076508113581
MONETARY_BASE,triangulation,aux_vs_new,AMBNS,BOGMBASE,6,2014-06-01,0.0151220113180646,0.014362073601669,-0.000759937716395598
MONETARY_BASE,triangulation,aux_vs_new,AMBNS,BOGMBASE,6,2014-07-01,0.00276816590498719,0.000713752053417949,-0.00205441385156924
MONETARY_BASE,triangulation,aux_vs_new,AMBNS,BOGMBASE,6,2014-08-01,0.00813928182106416,0.0111258744146649,0.00298659259360079
MONETARY_BASE,triangulation,aux_vs_new,AMBNS,BOGMBASE,6,2014-09-01,-0.0259785969883541,-0.0276565210945581,-0.00167792410620393
MONETARY_BASE,triangulation,aux_vs_new,AMBNS,BOGMBASE,6,2014-10-01,-0.00735479943956996,-0.00549862396712975,0.00185617547244021
MONETARY_BASE,triangulation,aux_vs_new,AMBNS,BOGMBASE,6,2014-11-01,-0.0294435851055699,-0.0318500145259506,-0.00240642942038072
MONETARY_BASE,triangulation,aux_vs_new,AMBNS,BOGMBASE,6,2014-12-01,0.0686700334807586,0.0705146270548305,0.00184459357407185
MONETARY_BASE,triangulation,aux_vs_new,AMBNS,BOGMBASE,6,2015-01-01,-0.00501315828264204,-0.00603813233734307,-0.00102497405470103
MONETARY_BASE,triangulation,aux_vs_new,AMBNS,BOGMBASE,6,2015-02-01,-0.0687750442868431,-0.0657341230843826,0.00304092120246047
MONETARY_BASE,triangulation,aux_vs_new,AMBNS,BOGMBASE,6,2015-03-01,0.102232527574843,0.0932703646049937,-0.00896216296984953
MONETARY_BASE,triangulation,aux_vs_new,AMBNS,BOGMBASE,6,2015-04-01,-0.0518154454729647,-0.0411927506045142,0.0106226948684505
MONETARY_BASE,triangulation,aux_vs_new,AMBNS,BOGMBASE,6,2015-05-01,-0.0326150105321634,-0.0345914419904556,-0.00197643145829218
MONETARY_BASE,triangulation,aux_vs_new,AMBNS,BOGMBASE,6,2015-06-01,0.0274697056931821,0.0198974499387727,-0.00757225575440934
MONETARY_BASE,triangulation,aux_vs_new,AMBNS,BOGMBASE,6,2015-07-01,0.0146020517417664,0.0181314627470286,0.00352941100526216
MONETARY_BASE,triangulation,aux_vs_new,AMBNS,BOGMBASE,6,2015-08-01,-0.0102822782804495,-0.00481807182814187,0.00546420645230761
MONETARY_BASE,triangulation,aux_vs_new,AMBNS,BOGMBASE,6,2015-09-01,0.0099557997613573,0.00536842845541941,-0.00458737130593789
MONETARY_BASE,triangulation,aux_vs_new,AMBNS,BOGMBASE,6,2015-10-01,-0.00528813889527413,-0.00319573800754469,0.00209240088772944
MONETARY_BASE,triangulation,aux_vs_new,AMBNS,BOGMBASE,6,2015-11-01,-0.0180994771363689,-0.0212501793736468,-0.00315070223727787
MONETARY_BASE,triangulation,aux_vs_new,AMBNS,BOGMBASE,6,2015-12-01,-0.0289580168112238,-0.0302517829848696,-0.00129376617364585
MONETARY_BASE,triangulation,aux_vs_new,AMBNS,BOGMBASE,6,2016-01-01,0.0213482172576391,0.0322900903472672,0.010941873089628
MONETARY_BASE,triangulation,aux_vs_new,AMBNS,BOGMBASE,6,2016-02-01,0.0438888198819001,0.0321219783023547,-0.0117668415795453
MONETARY_BASE,triangulation,aux_vs_new,AMBNS,BOGMBASE,6,2016-03-01,-0.019722652453515,-0.0141562075580506,0.00556644489546443
MONETARY_BASE,triangulation,aux_vs_new,AMBNS,BOGMBASE,6,2016-04-01,-0.00785681760316059,-0.0132285513641008,-0.00537173376094024
MONETARY_BASE,triangulation,aux_vs_new,AMBNS,BOGMBASE,6,2016-05-01,-0.00855721029489942,-0.00288045565991624,0.00567675463498318
MONETARY_BASE,triangulation,aux_vs_new,AMBNS,BOGMBASE,6,2016-06-01,0.00777978261911905,0.00657177283993171,-0.00120800977918734
MONETARY_BASE,triangulation,aux_vs_new,AMBNS,BOGMBASE,6,2016-07-01,-0.00891765857849514,-0.0110799510840884,-0.0021622925055933
MONETARY_BASE,triangulation,aux_vs_new,AMBNS,BOGMBASE,6,2016-08-01,0.025168647821225,0.0255995292884919,0.000430881467266886
MONETARY_BASE,triangulation,aux_vs_new,AMBNS,BOGMBASE,6,2016-09-01,-0.0367501037803617,-0.0330456847639695,0.00370441901639218
MONETARY_BASE,triangulation,aux_vs_new,AMBNS,BOGMBASE,6,2016-10-01,-0.0200536376946836,-0.0234376737645938,-0.00338403606991022
MONETARY_BASE,triangulation,aux_vs_new,AMBNS,BOGMBASE,6,2016-11-01,0.0618702556689836,0.0608589874670358,-0.00101126820194786
MONETARY_BASE,triangulation,aux_vs_new,AMBNS,BOGMBASE,6,2016-12-01,-0.0435150009164005,-0.0434504164919343,6.45844244662186e-05
MONETARY_BASE,triangulation,aux_vs_new,AMBNS,BOGMBASE,6,2017-01-01,0.0399956090529834,0.0453585618099943,0.00536295275701093
MONETARY_BASE,triangulation,aux_vs_new,AMBNS,BOGMBASE,6,2017-02-01,0.0277406637197366,0.0231802778116617,-0.00456038590807495
MONETARY_BASE,triangulation,aux_vs_new,AMBNS,BOGMBASE,6,2017-03-01,-0.0137648925024632,-0.012199519662131,0.0015653728403322
MONETARY_BASE,triangulation,aux_vs_new,AMBNS,BOGMBASE,6,2017-04-01,-0.0362679646376804,-0.0379256204147875,-0.00165765577710708
MONETARY_BASE,triangulation,aux_vs_new,AMBNS,BOGMBASE,6,2017-05-01,-0.00407738515438361,-0.00344109538030501,0.000636289774078591
MONETARY_BASE,triangulation,aux_vs_new,AMBNS,BOGMBASE,6,2017-06-01,0.0117704090443205,0.00937585157482701,-0.00239455746949346
MONETARY_BASE,triangulation,aux_vs_new,AMBNS,BOGMBASE,6,2017-07-01,0.0045487132045956,0.0117045145776942,0.00715580137309857
MONETARY_BASE,triangulation,aux_vs_new,AMBNS,BOGMBASE,6,2017-08-01,0.0268252371971123,0.0211211208374529,-0.00570411635965939
MONETARY_BASE,triangulation,aux_vs_new,AMBNS,BOGMBASE,6,2017-09-01,-0.0415922413146745,-0.0388683186349414,0.00272392267973309
MONETARY_BASE,triangulation,aux_vs_new,AMBNS,BOGMBASE,6,2017-10-01,0.00136212086083276,-0.00245717725534256,-0.00381929811617532
MONETARY_BASE,triangulation,aux_vs_new,AMBNS,BOGMBASE,6,2017-11-01,0.0295638229626149,0.0316882014645312,0.00212437850191627
MONETARY_BASE,triangulation,aux_vs_new,AMBNS,BOGMBASE,6,2017-12-01,-0.0335418509593026,-0.034726383225907,-0.00118453226660442
MONETARY_BASE,triangulation,aux_vs_new,AMBNS,BOGMBASE,6,2018-01-01,0.00401440480708892,0.00778943428911028,0.00377502948202135
MONETARY_BASE,triangulation,aux_vs_new,AMBNS,BOGMBASE,6,2018-02-01,0.0175467917091812,0.0147174451893317,-0.00282934651984945
MONETARY_BASE,triangulation,aux_vs_new,AMBNS,BOGMBASE,6,2018-03-01,-0.0228518728601852,-0.0221287666972696,0.000723106162915599
MONETARY_BASE,triangulation,aux_vs_new,AMBNS,BOGMBASE,6,2018-04-01,-0.00496762622288749,-0.00529049962544192,-0.000322873402554436
MONETARY_BASE,triangulation,aux_vs_new,AMBNS,BOGMBASE,6,2018-05-01,0.00568382069874573,0.00539675568284537,-0.000287065015900367
MONETARY_BASE,triangulation,aux_vs_new,AMBNS,BOGMBASE,6,2018-06-01,0.00828635485081719,0.00749717705237885,-0.000789177798438345
MONETARY_BASE,triangulation,aux_vs_new,AMBNS,BOGMBASE,6,2018-07-01,-0.00441839839044533,-0.00222527733766142,0.00219312105278391
MONETARY_BASE,triangulation,aux_vs_new,AMBNS,BOGMBASE,6,2018-08-01,0.00079143465651299,-0.000525465725548457,-0.00131690038206145
MONETARY_BASE,triangulation,aux_vs_new,AMBNS,BOGMBASE,6,2018-09-01,0.000765869041599032,0.00247067716410676,0.00170480812250773
MONETARY_BASE,triangulation,aux_vs_new,AMBNS,BOGMBASE,6,2018-10-01,-0.000537033293728229,-0.00407309396307909,-0.00353606066935086
MONETARY_BASE,triangulation,aux_vs_new,AMBNS,BOGMBASE,6,2018-11-01,-0.00373760723284811,-0.00176040420585544,0.00197720302699267
MONETARY_BASE,triangulation,aux_vs_new,AMBNS,BOGMBASE,6,2018-12-01,-0.00916182230836426,-0.00923908802455031,-7.72657161860479e-05
MONETARY_BASE,triangulation,aux_vs_new,AMBNS,BOGMBASE,6,2019-01-01,0.00328276115732251,0.00604046849017337,0.00275770733285086
MONETARY_BASE,triangulation,aux_vs_new,AMBNS,BOGMBASE,6,2019-02-01,0.0218594839131221,0.0179167807806326,-0.00394270313248946
MONETARY_BASE,triangulation,aux_vs_new,AMBNS,BOGMBASE,6,2019-03-01,0.00494982943391697,0.00634478919815606,0.00139495976423909
MONETARY_BASE,triangulation,aux_vs_new,AMBNS,BOGMBASE,6,2019-04-01,-0.0360071554444747,-0.036750197625226,-0.000743042180751274
MONETARY_BASE,triangulation,aux_vs_new,AMBNS,BOGMBASE,6,2019-05-01,0.0154338152159426,0.0155126093462759,7.87941303332929e-05
MONETARY_BASE,triangulation,aux_vs_new,AMBNS,BOGMBASE,6,2019-06-01,0.0207086127604974,0.022218310244817,0.00150969748431962
MONETARY_BASE,triangulation,aux_vs_new,AMBNS,BOGMBASE,6,2019-07-01,-0.0128016617557805,-0.0137331262767315,-0.000931464520951053
MONETARY_BASE,triangulation,aux_vs_new,AMBNS,BOGMBASE,6,2019-08-01,0.00851656429411562,0.0078363949934559,-0.000680169300659728
MONETARY_BASE,triangulation,aux_vs_new,AMBNS,BOGMBASE,6,2019-09-01,-0.0282956056371315,-0.0246226359513351,0.00367296968579645
MONETARY_BASE,triangulation,aux_vs_new,AMBNS,BOGMBASE,6,2019-10-01,0.0414368140952579,0.0367457836367375,-0.00469103045852037
MONETARY_BASE,triangulation,aux_vs_new,AMBNS,BOGMBASE,6,2019-11-01,0.00316586674941455,0.00360047900009342,0.000434612250678867
MONETARY_BASE,triangulation,old_vs_new,AMBSL,BOGMBASE,6,1959-03-01,-0.00355441522095035,0.0119483013226827,0.015502716543633
MONETARY_BASE,triangulation,old_vs_new,AMBSL,BOGMBASE,6,1959-04-01,0.00287526124849524,0.0100261259162604,0.00715086466776516
MONETARY_BASE,triangulation,old_vs_new,AMBSL,BOGMBASE,6,1959-05-01,-0.000852262413457705,-0.00801607498823609,-0.00716381257477838
MONETARY_BASE,triangulation,old_vs_new,AMBSL,BOGMBASE,6,1959-06-01,-0.00273967882272785,0.00398406901487425,0.0067237478376021
MONETARY_BASE,triangulation,old_vs_new,AMBSL,BOGMBASE,6,1959-07-01,0.00260915375778259,0.0059072084638685,0.00329805470608591
MONETARY_BASE,triangulation,old_vs_new,AMBSL,BOGMBASE,6,1959-08-01,0.000455265436517749,-0.0118617214660413,-0.012316986902559
MONETARY_BASE,triangulation,old_vs_new,AMBSL,BOGMBASE,6,1959-09-01,-0.00428708114020004,0.00197044398729851,0.00625752512749855
MONETARY_BASE,triangulation,old_vs_new,AMBSL,BOGMBASE,6,1959-10-01,0.000712553459083942,0,-0.000712553459083942
MONETARY_BASE,triangulation,old_vs_new,AMBSL,BOGMBASE,6,1959-11-01,-0.000564824621218651,0.00393701295933946,0.00450183758055811
MONETARY_BASE,triangulation,old_vs_new,AMBSL,BOGMBASE,6,1959-12-01,0.00255966578494426,0.00778187115387396,0.0052222053689297
MONETARY_BASE,triangulation,old_vs_new,AMBSL,BOGMBASE,6,1960-01-01,0.00137945653167248,-0.0273747811857663,-0.0287542377174388
MONETARY_BASE,triangulation,old_vs_new,AMBSL,BOGMBASE,6,1960-02-01,-0.00503774448400529,-0.00627917979370274,-0.00124143530969745
MONETARY_BASE,triangulation,old_vs_new,AMBSL,BOGMBASE,6,1960-03-01,0.00224962947669427,0.0199169127100185,0.0176672832333242
MONETARY_BASE,triangulation,old_vs_new,AMBSL,BOGMBASE,6,1960-04-01,0.0012041786288628,0.0060504276841753,0.0048462490553125
MONETARY_BASE,triangulation,old_vs_new,AMBSL,BOGMBASE,6,1960-05-01,0.000971917892340191,-0.00403226352793817,-0.00500418142027836
MONETARY_BASE,triangulation,old_vs_new,AMBSL,BOGMBASE,6,1960-06-01,-0.0013822022731067,0.00601807232556295,0.00740027459866965
MONETARY_BASE,triangulation,old_vs_new,AMBSL,BOGMBASE,6,1960-07-01,0.00211955965228672,0.00393225852760537,0.00181269887531865
MONETARY_BASE,triangulation,old_vs_new,AMBSL,BOGMBASE,6,1960-08-01,-0.000387120683725595,-0.0139185900287893,-0.0135314693450637
MONETARY_BASE,triangulation,old_vs_new,AMBSL,BOGMBASE,6,1960-09-01,0.00164683302491841,-0.00401581517259952,-0.00566264819751794
MONETARY_BASE,triangulation,old_vs_new,AMBSL,BOGMBASE,6,1960-10-01,-0.00142936975114516,0.0119840796815667,0.0134134494327118
MONETARY_BASE,triangulation,old_vs_new,AMBSL,BOGMBASE,6,1960-11-01,0.000525867510313471,-1.59363184719652e-05,-0.000541803828785437
MONETARY_BASE,triangulation,old_vs_new,AMBSL,BOGMBASE,6,1960-12-01,-0.00374110689595142,-0.0139741620899603,-0.0102330551940089
MONETARY_BASE,triangulation,old_vs_new,AMBSL,BOGMBASE,6,1961-01-01,0.00358567736457482,-0.00416585615504639,-0.00775153351962121
MONETARY_BASE,triangulation,old_vs_new,AMBSL,BOGMBASE,6,1961-02-01,-3.13829772986551e-05,-0.000203271847756703,-0.000171888870458048
MONETARY_BASE,triangulation,old_vs_new,AMBSL,BOGMBASE,6,1961-03-01,-0.00332349529189724,0.0143592210778891,0.0176827163697864
MONETARY_BASE,triangulation,old_vs_new,AMBSL,BOGMBASE,6,1961-04-01,0.000528228029848865,0.00206398422085163,0.00153575619100277
MONETARY_BASE,triangulation,old_vs_new,AMBSL,BOGMBASE,6,1961-05-01,0.000503569683598215,-0.00206398422085163,-0.00256755390444985
MONETARY_BASE,triangulation,old_vs_new,AMBSL,BOGMBASE,6,1961-06-01,0.00351800247025658,0.00821359853738901,0.00469559606713243
MONETARY_BASE,triangulation,old_vs_new,AMBSL,BOGMBASE,6,1961-07-01,-0.0032929864620086,-0.00209737151995304,0.00119561494205556
MONETARY_BASE,triangulation,old_vs_new,AMBSL,BOGMBASE,6,1961-08-01,0.00554874350335499,-0.00408576946705397,-0.00963451297040896
MONETARY_BASE,triangulation,old_vs_new,AMBSL,BOGMBASE,6,1961-09-01,-0.00229261470844433,0.00403629513185555,0.00632890984029988
MONETARY_BASE,triangulation,old_vs_new,AMBSL,BOGMBASE,6,1961-10-01,0.00221120219367332,0.00196541901502645,-0.000245783178646874
MONETARY_BASE,triangulation,old_vs_new,AMBSL,BOGMBASE,6,1961-11-01,-0.00204903188340788,0.00191815915590432,0.0039671910393122
MONETARY_BASE,triangulation,old_vs_new,AMBSL,BOGMBASE,6,1961-12-01,-0.00136305231730605,0.00576708504224133,0.00713013735954737
MONETARY_BASE,triangulation,old_vs_new,AMBSL,BOGMBASE,6,1962-01-01,0.00109474971648771,-0.0294565917787137,-0.0305513414952014
MONETARY_BASE,triangulation,old_vs_new,AMBSL,BOGMBASE,6,1962-02-01,-0.00338014860558333,-0.00219741637950843,0.0011827322260749
MONETARY_BASE,triangulation,old_vs_new,AMBSL,BOGMBASE,6,1962-03-01,0.00417045417693673,0.0199446136603512,0.0157741594834144
MONETARY_BASE,triangulation,old_vs_new,AMBSL,BOGMBASE,6,1962-04-01,0.000683743068995657,0.00396014825163826,0.00327640518264261
MONETARY_BASE,triangulation,old_vs_new,AMBSL,BOGMBASE,6,1962-05-01,-0.00190632344868291,-0.00598600844518549,-0.00407968499650257
MONETARY_BASE,triangulation,old_vs_new,AMBSL,BOGMBASE,6,1962-06-01,-0.000996876690244619,0.00590742607117134,0.00690430276141596
MONETARY_BASE,triangulation,old_vs_new,AMBSL,BOGMBASE,6,1962-07-01,0.000644334072690267,-6.17586549158666e-05,-0.000706092727606134
MONETARY_BASE,triangulation,old_vs_new,AMBSL,BOGMBASE,6,1962-08-01,-5.55466742779842e-05,-0.00977904875150859,-0.00972350207723061
MONETARY_BASE,triangulation,old_vs_new,AMBSL,BOGMBASE,6,1962-09-01,-0.0029984417995359,0.0039024402625234,0.0069008820620593
MONETARY_BASE,triangulation,old_vs_new,AMBSL,BOGMBASE,6,1962-10-01,0.00547440533893706,0.00387970017953165,-0.00159470515940541
MONETARY_BASE,triangulation,old_vs_new,AMBSL,BOGMBASE,6,1962-11-01,-0.00121337058947635,-0.0116618406215867,-0.0104484700321104
MONETARY_BASE,triangulation,old_vs_new,AMBSL,BOGMBASE,6,1962-12-01,5.52284654946611e-05,0.0251365392049467,0.0250813107394521
MONETARY_BASE,triangulation,old_vs_new,AMBSL,BOGMBASE,6,1963-01-01,-0.00157207240864654,-0.0327803174775134,-0.0312082450688669
MONETARY_BASE,triangulation,old_vs_new,AMBSL,BOGMBASE,6,1963-02-01,0.00218033810059248,0.00177865882016848,-0.000401679280424005
MONETARY_BASE,triangulation,old_vs_new,AMBSL,BOGMBASE,6,1963-03-01,1.97263167711625e-06,0.0156099390843281,0.0156079664526509
MONETARY_BASE,triangulation,old_vs_new,AMBSL,BOGMBASE,6,1963-04-01,-0.000649831863571926,0.00192837630309173,0.00257820816666365
MONETARY_BASE,triangulation,old_vs_new,AMBSL,BOGMBASE,6,1963-05-01,0.00142086528184082,-0.00196630177953505,-0.00338716706137587
MONETARY_BASE,triangulation,old_vs_new,AMBSL,BOGMBASE,6,1963-06-01,-0.00268129567115016,0.00574873952951638,0.00843003520066654
MONETARY_BASE,triangulation,old_vs_new,AMBSL,BOGMBASE,6,1963-07-01,0.00445050727127239,0.00180398244941316,-0.00264652482185923
MONETARY_BASE,triangulation,old_vs_new,AMBSL,BOGMBASE,6,1963-08-01,-0.00543820786303373,-0.0152237667921744,-0.00978555892914068
MONETARY_BASE,triangulation,old_vs_new,AMBSL,BOGMBASE,6,1963-09-01,0.00321340124175018,0.00948229008914092,0.00626888884739074
MONETARY_BASE,triangulation,old_vs_new,AMBSL,BOGMBASE,6,1963-10-01,-0.00224785833179908,-0.00191362973694931,0.000334228594849773
MONETARY_BASE,triangulation,old_vs_new,AMBSL,BOGMBASE,6,1963-11-01,0.00239093982955385,0.00932294953620527,0.00693200970665142
MONETARY_BASE,triangulation,old_vs_new,AMBSL,BOGMBASE,6,1963-12-01,0.00544513569516436,0.00714334242790082,0.00169820673273646
MONETARY_BASE,triangulation,old_vs_new,AMBSL,BOGMBASE,6,1964-01-01,-0.0101178556781574,-0.0330723214176301,-0.0229544657394727
MONETARY_BASE,triangulation,old_vs_new,AMBSL,BOGMBASE,6,1964-02-01,0.00142867836949279,-0.000166814473755661,-0.00159549284324845
MONETARY_BASE,triangulation,old_vs_new,AMBSL,BOGMBASE,6,1964-03-01,0.00481724932905481,0.0185910678094174,0.0137738184803626
MONETARY_BASE,triangulation,old_vs_new,AMBSL,BOGMBASE,6,1964-04-01,-0.00319735425038692,-3.10945810806373e-05,0.00316625966930628
MONETARY_BASE,triangulation,old_vs_new,AMBSL,BOGMBASE,6,1964-05-01,0.00102184231380731,-0.00187067759724302,-0.00289251991105033
MONETARY_BASE,triangulation,old_vs_new,AMBSL,BOGMBASE,6,1964-06-01,0.00255928927660332,0.00729908048814076,0.00473979121153745
MONETARY_BASE,triangulation,old_vs_new,AMBSL,BOGMBASE,6,1964-07-01,-0.00454702927310136,-0.00192287633784138,0.00262415293525997
MONETARY_BASE,triangulation,old_vs_new,AMBSL,BOGMBASE,6,1964-08-01,0.00376625423344468,-0.00906624523775346,-0.0128324994711981
MONETARY_BASE,triangulation,old_vs_new,AMBSL,BOGMBASE,6,1964-09-01,0.000412406663793163,0.00898478640781519,0.00857237974402203
MONETARY_BASE,triangulation,old_vs_new,AMBSL,BOGMBASE,6,1964-10-01,-0.00329546881972309,-0.00363240966922262,-0.000336940849499534
MONETARY_BASE,triangulation,old_vs_new,AMBSL,BOGMBASE,6,1964-11-01,0.00148200349179017,0.00526719208886739,0.00378518859707722
MONETARY_BASE,triangulation,old_vs_new,AMBSL,BOGMBASE,6,1964-12-01,-0.00204119161873617,0.0051012789594882,0.00714247057822437
MONETARY_BASE,triangulation,old_vs_new,AMBSL,BOGMBASE,6,1965-01-01,0.000818425604212525,-0.0261739046390375,-0.02699233024325
MONETARY_BASE,triangulation,old_vs_new,AMBSL,BOGMBASE,6,1965-02-01,0.00274761674366131,-0.000110421657479876,-0.00285803840114118
MONETARY_BASE,triangulation,old_vs_new,AMBSL,BOGMBASE,6,1965-03-01,-0.00265822368193858,0.0140970510908804,0.016755274772819
MONETARY_BASE,triangulation,old_vs_new,AMBSL,BOGMBASE,6,1965-04-01,-7.66017213726933e-05,0.00349633334694666,0.00357293506831935
MONETARY_BASE,triangulation,old_vs_new,AMBSL,BOGMBASE,6,1965-05-01,-0.00113801482356823,-0.00528012420447066,-0.00414210938090243
MONETARY_BASE,triangulation,old_vs_new,AMBSL,BOGMBASE,6,1965-06-01,0.00267146459435308,0.00868509556879271,0.00601363097443963
MONETARY_BASE,triangulation,old_vs_new,AMBSL,BOGMBASE,6,1965-07-01,-0.000521950441734198,-0.000107763136730554,0.000414187305003644
MONETARY_BASE,triangulation,old_vs_new,AMBSL,BOGMBASE,6,1965-08-01,0.000388931438336737,-0.0137576492526383,-0.0141465806909751
MONETARY_BASE,triangulation,old_vs_new,AMBSL,BOGMBASE,6,1965-09-01,-0.000658928069880993,0.0102798769423638,0.0109388050122448
MONETARY_BASE,triangulation,old_vs_new,AMBSL,BOGMBASE,6,1965-10-01,0.00444770085130397,0.00164688598351059,-0.00280081486779338
MONETARY_BASE,triangulation,old_vs_new,AMBSL,BOGMBASE,6,1965-11-01,-0.00448540025231869,-7.15781698339413e-05,0.00441382208248475
MONETARY_BASE,triangulation,old_vs_new,AMBSL,BOGMBASE,6,1965-12-01,0.00302906603696274,0.0147936404427558,0.011764574405793
MONETARY_BASE,triangulation,old_vs_new,AMBSL,BOGMBASE,6,1966-01-01,-0.0037381247789634,-0.0314487892385227,-0.0277106644595593
MONETARY_BASE,triangulation,old_vs_new,AMBSL,BOGMBASE,6,1966-02-01,0.00161523991883872,-0.00340720494369418,-0.00502244486253289
MONETARY_BASE,triangulation,old_vs_new,AMBSL,BOGMBASE,6,1966-03-01,-0.00117326630685755,0.0133085482450266,0.0144818145518841
MONETARY_BASE,triangulation,old_vs_new,AMBSL,BOGMBASE,6,1966-04-01,0.00230313101446189,0.00829601575057559,0.0059928847361137
MONETARY_BASE,triangulation,old_vs_new,AMBSL,BOGMBASE,6,1966-05-01,-0.00240454479853458,-0.00831533187691935,-0.00591078707838477
MONETARY_BASE,triangulation,old_vs_new,AMBSL,BOGMBASE,6,1966-06-01,-0.00202448154857526,0.0065654450638073,0.00858992661238256
MONETARY_BASE,triangulation,old_vs_new,AMBSL,BOGMBASE,6,1966-07-01,0.00495166900434585,0.00801714965960265,0.0030654806552568
MONETARY_BASE,triangulation,old_vs_new,AMBSL,BOGMBASE,6,1966-08-01,-0.00806955251416008,-0.0226961807899739,-0.0146266282758138
MONETARY_BASE,triangulation,old_vs_new,AMBSL,BOGMBASE,6,1966-09-01,0.00615839530811835,0.0177434024921306,0.0115850071840122
MONETARY_BASE,triangulation,old_vs_new,AMBSL,BOGMBASE,6,1966-10-01,-0.00451204750553647,-0.00808134173336938,-0.00356929422783292
MONETARY_BASE,triangulation,old_vs_new,AMBSL,BOGMBASE,6,1966-11-01,0.00298542876565788,0.00316944555480969,0.000184016789151809
MONETARY_BASE,triangulation,old_vs_new,AMBSL,BOGMBASE,6,1966-12-01,0.000275344153021884,0.0124990360189026,0.0122236918658807
MONETARY_BASE,triangulation,old_vs_new,AMBSL,BOGMBASE,6,1967-01-01,0.00153097439491878,-0.0251185046495541,-0.0266494790444729
MONETARY_BASE,triangulation,old_vs_new,AMBSL,BOGMBASE,6,1967-02-01,0.000294396100398941,-0.0016178408554417,-0.00191223695584064
MONETARY_BASE,triangulation,old_vs_new,AMBSL,BOGMBASE,6,1967-03-01,0.00388188880285334,0.00628683320329415,0.00240494440044081
MONETARY_BASE,triangulation,old_vs_new,AMBSL,BOGMBASE,6,1967-04-01,-0.00971409293715242,0.00316205599463792,0.0128761489317903
MONETARY_BASE,triangulation,old_vs_new,AMBSL,BOGMBASE,6,1967-05-01,0.00475989091399454,-2.49570426991141e-06,-0.00476238661826445
MONETARY_BASE,triangulation,old_vs_new,AMBSL,BOGMBASE,6,1967-06-01,0.00133742232319856,0.00784068962344264,0.00650326730024409
MONETARY_BASE,triangulation,old_vs_new,AMBSL,BOGMBASE,6,1967-07-01,-0.00106939146210161,0.00300329808206534,0.00407268954416695
MONETARY_BASE,triangulation,old_vs_new,AMBSL,BOGMBASE,6,1967-08-01,-0.000851558684468401,-0.0139669218499305,-0.0131153631654621
MONETARY_BASE,triangulation,old_vs_new,AMBSL,BOGMBASE,6,1967-09-01,0.00350218029750105,0.00924266927712569,0.00574048897962465
MONETARY_BASE,triangulation,old_vs_new,AMBSL,BOGMBASE,6,1967-10-01,-0.00103566495506113,0.00298070515010185,0.00401637010516298
MONETARY_BASE,triangulation,old_vs_new,AMBSL,BOGMBASE,6,1967-11-01,-0.00204699283203169,-0.00161546642250698,0.000431526409524707
MONETARY_BASE,triangulation,old_vs_new,AMBSL,BOGMBASE,6,1967-12-01,0.000575454925448859,0.0102967411311941,0.00972128620574519
MONETARY_BASE,triangulation,old_vs_new,AMBSL,BOGMBASE,6,1968-01-01,0.000352006839437813,-0.0208362623126614,-0.0211882691520993
MONETARY_BASE,triangulation,old_vs_new,AMBSL,BOGMBASE,6,1968-02-01,-0.000651459882081262,-0.0059369173610051,-0.00528545747892384
MONETARY_BASE,triangulation,old_vs_new,AMBSL,BOGMBASE,6,1968-03-01,0.00231823778726792,0.011867282738506,0.00954904495123809
MONETARY_BASE,triangulation,old_vs_new,AMBSL,BOGMBASE,6,1968-04-01,-0.003358709289766,0.00292575694824215,0.00628446623800816
MONETARY_BASE,triangulation,old_vs_new,AMBSL,BOGMBASE,6,1968-05-01,7.50576396226776e-05,-0.00591059931826265,-0.00598565695788533
MONETARY_BASE,triangulation,old_vs_new,AMBSL,BOGMBASE,6,1968-06-01,0.00405846654749098,0.0102094568847857,0.00615099033729472
MONETARY_BASE,triangulation,old_vs_new,AMBSL,BOGMBASE,6,1968-07-01,-0.00297097047469208,-0.000134825117280357,0.00283614535741172
MONETARY_BASE,triangulation,old_vs_new,AMBSL,BOGMBASE,6,1968-08-01,0.00237597985807536,-0.00867880827357936,-0.0110547881316547
MONETARY_BASE,triangulation,old_vs_new,AMBSL,BOGMBASE,6,1968-09-01,-0.00205461600843027,-0.00143573866369096,0.00061887734473931
MONETARY_BASE,triangulation,old_vs_new,AMBSL,BOGMBASE,6,1968-10-01,0.00155980665731192,0.00993416584071927,0.00837435918340734
MONETARY_BASE,triangulation,old_vs_new,AMBSL,BOGMBASE,6,1968-11-01,7.08336851928948e-06,0.00126798825558705,0.00126090488706776
MONETARY_BASE,triangulation,old_vs_new,AMBSL,BOGMBASE,6,1968-12-01,-0.00106969985849048,0.00670587224425656,0.00777557210274704
MONETARY_BASE,triangulation,old_vs_new,AMBSL,BOGMBASE,6,1969-01-01,-0.000147981585083556,-0.0220773468912787,-0.0219293653061952
MONETARY_BASE,triangulation,old_vs_new,AMBSL,BOGMBASE,6,1969-02-01,-0.00204543644847899,-0.00968279225743629,-0.0076373558089573
MONETARY_BASE,triangulation,old_vs_new,AMBSL,BOGMBASE,6,1969-03-01,-0.00230806134842787,0.00964087703667982,0.0119489383851077
MONETARY_BASE,triangulation,old_vs_new,AMBSL,BOGMBASE,6,1969-04-01,-0.000850351661601856,0.0111034662993701,0.0119538179609719
MONETARY_BASE,triangulation,old_vs_new,AMBSL,BOGMBASE,6,1969-05-01,0.00731784814704461,0.00539581289130631,-0.00192203525573831
MONETARY_BASE,triangulation,old_vs_new,AMBSL,BOGMBASE,6,1969-06-01,-0.00481015002913043,-0.0123561656304787,-0.00754601560134827
MONETARY_BASE,triangulation,old_vs_new,AMBSL,BOGMBASE,6,1969-07-01,-0.00521712052637024,0.00135592237818027,0.00657304290455052
MONETARY_BASE,triangulation,old_vs_new,AMBSL,BOGMBASE,6,1969-08-01,0.0108219697236338,-0.00136146056536557,-0.0121834302889994
MONETARY_BASE,triangulation,old_vs_new,AMBSL,BOGMBASE,6,1969-09-01,-0.00633125736932616,-0.00135593241113519,0.00497532495819097
MONETARY_BASE,triangulation,old_vs_new,AMBSL,BOGMBASE,6,1969-10-01,0.00185557168703809,0.00809721023262,0.00624163854558191
MONETARY_BASE,triangulation,old_vs_new,AMBSL,BOGMBASE,6,1969-11-01,0.00431039714149239,0.0079031311138209,0.00359273397232851
MONETARY_BASE,triangulation,old_vs_new,AMBSL,BOGMBASE,6,1969-12-01,-0.00551641465653141,-0.000251984378301984,0.00526443027822943
MONETARY_BASE,triangulation,old_vs_new,AMBSL,BOGMBASE,6,1970-01-01,0.000394903366825794,-0.0209703009492905,-0.0213652043161163
MONETARY_BASE,triangulation,old_vs_new,AMBSL,BOGMBASE,6,1970-02-01,-4.12759016041875e-05,-0.0106095212355291,-0.0105682453339249
MONETARY_BASE,triangulation,old_vs_new,AMBSL,BOGMBASE,6,1970-03-01,-0.00100001221390933,0.0171603690667341,0.0181603812806435
MONETARY_BASE,triangulation,old_vs_new,AMBSL,BOGMBASE,6,1970-04-01,0.00642331329008261,0.01186389963451,0.00544058634442735
MONETARY_BASE,triangulation,old_vs_new,AMBSL,BOGMBASE,6,1970-05-01,-0.00211688083407502,-0.00926866502842927,-0.00715178419435425
MONETARY_BASE,triangulation,old_vs_new,AMBSL,BOGMBASE,6,1970-06-01,-0.00212448569702328,-1.53386910808351e-05,0.00210914700594245
MONETARY_BASE,triangulation,old_vs_new,AMBSL,BOGMBASE,6,1970-07-01,0.00129441973904143,0.0102941504129399,0.00899973067389848
MONETARY_BASE,triangulation,old_vs_new,AMBSL,BOGMBASE,6,1970-08-01,0.00175361911237903,-0.0116421293163196,-0.0133957484286986
MONETARY_BASE,triangulation,old_vs_new,AMBSL,BOGMBASE,6,1970-09-01,0.00240645014807139,0.00381268701041826,0.00140623686234687
MONETARY_BASE,triangulation,old_vs_new,AMBSL,BOGMBASE,6,1970-10-01,-0.00501372227017161,-0.0063735078720919,-0.00135978560192029
MONETARY_BASE,triangulation,old_vs_new,AMBSL,BOGMBASE,6,1970-11-01,-0.000401477086244384,0.0101138662369289,0.0105153433231733
MONETARY_BASE,triangulation,old_vs_new,AMBSL,BOGMBASE,6,1970-12-01,0.00293154425621278,0.00857826677522411,0.00564672251901133
MONETARY_BASE,triangulation,old_vs_new,AMBSL,BOGMBASE,6,1971-01-01,-0.00057579156961296,-0.0162260405169601,-0.0156502489473471
MONETARY_BASE,triangulation,old_vs_new,AMBSL,BOGMBASE,6,1971-02-01,0.00248775455010364,-0.00988269015024201,-0.0123704447003457
MONETARY_BASE,triangulation,old_vs_new,AMBSL,BOGMBASE,6,1971-03-01,-0.00316580034571601,0.00989491366951611,0.0130607140152321
MONETARY_BASE,triangulation,old_vs_new,AMBSL,BOGMBASE,6,1971-04-01,-0.00175528296764593,0.00737398042854398,0.00912926339618991
MONETARY_BASE,triangulation,old_vs_new,AMBSL,BOGMBASE,6,1971-05-01,0.00517322804936704,-9.6121497645818e-05,-0.00526934954701286
MONETARY_BASE,triangulation,old_vs_new,AMBSL,BOGMBASE,6,1971-06-01,-0.00353075858918839,-0.0037065497195421,-0.000175791130353709
MONETARY_BASE,triangulation,old_vs_new,AMBSL,BOGMBASE,6,1971-07-01,0.00231366389096266,0.0095102338812092,0.00719656999024654
MONETARY_BASE,triangulation,old_vs_new,AMBSL,BOGMBASE,6,1971-08-01,-0.00297971741951208,-0.0167482133764114,-0.0137684959568993
MONETARY_BASE,triangulation,old_vs_new,AMBSL,BOGMBASE,6,1971-09-01,0.00197909913465733,0.00474918889238829,0.00277008975773096
MONETARY_BASE,triangulation,old_vs_new,AMBSL,BOGMBASE,6,1971-10-01,-0.00568052812556363,-1.26345669118066e-05,0.00566789355865183
MONETARY_BASE,triangulation,old_vs_new,AMBSL,BOGMBASE,6,1971-11-01,0.00425310236611853,0.00585257422860863,0.0015994718624901
MONETARY_BASE,triangulation,old_vs_new,AMBSL,BOGMBASE,6,1971-12-01,-0.00378429600162544,0.00568947143888376,0.00947376744050921
MONETARY_BASE,triangulation,old_vs_new,AMBSL,BOGMBASE,6,1972-01-01,0.00547629004672423,-0.0104925364749606,-0.0159688265216849
MONETARY_BASE,triangulation,old_vs_new,AMBSL,BOGMBASE,6,1972-02-01,0.00343651284506841,-0.0172926287298782,-0.0207291415749467
MONETARY_BASE,triangulation,old_vs_new,AMBSL,BOGMBASE,6,1972-03-01,-0.00798466671144205,0.0196393918340609,0.027624058545503
MONETARY_BASE,triangulation,old_vs_new,AMBSL,BOGMBASE,6,1972-04-01,0.00298486999231784,0.00680144855182352,0.00381657855950568
MONETARY_BASE,triangulation,old_vs_new,AMBSL,BOGMBASE,6,1972-05-01,-0.000415147966380758,-0.00694317358188368,-0.00652802561550292
MONETARY_BASE,triangulation,old_vs_new,AMBSL,BOGMBASE,6,1972-06-01,0.00219273354395266,-0.00229315681677633,-0.00448589036072899
MONETARY_BASE,triangulation,old_vs_new,AMBSL,BOGMBASE,6,1972-07-01,-0.00234269528402198,0.00889843158845771,0.0112411268724797
MONETARY_BASE,triangulation,old_vs_new,AMBSL,BOGMBASE,6,1972-08-01,0.00221982476146199,-0.013408022094433,-0.015627846855895
MONETARY_BASE,triangulation,old_vs_new,AMBSL,BOGMBASE,6,1972-09-01,-0.0033629043071155,0.00110926245428633,0.00447216676140183
MONETARY_BASE,triangulation,old_vs_new,AMBSL,BOGMBASE,6,1972-10-01,0.00624505776020445,0.0121067889372402,0.0058617311770357
MONETARY_BASE,triangulation,old_vs_new,AMBSL,BOGMBASE,6,1972-11-01,-0.00357914832733819,-0.0231116791457504,-0.0195325308184122
MONETARY_BASE,triangulation,old_vs_new,AMBSL,BOGMBASE,6,1972-12-01,0.000980533654066029,0.0197912555084478,0.0188107218543818
MONETARY_BASE,triangulation,old_vs_new,AMBSL,BOGMBASE,6,1973-01-01,0.0037202095147606,-0.0066187269519089,-0.0103389364666695
MONETARY_BASE,triangulation,old_vs_new,AMBSL,BOGMBASE,6,1973-02-01,-0.00724722132492062,-0.0186618196417951,-0.0114145983168745
MONETARY_BASE,triangulation,old_vs_new,AMBSL,BOGMBASE,6,1973-03-01,0.00638752399341413,0.0242052626824529,0.0178177386890388
MONETARY_BASE,triangulation,old_vs_new,AMBSL,BOGMBASE,6,1973-04-01,-0.00375856280858056,0.00751099354324847,0.011269556351829
MONETARY_BASE,triangulation,old_vs_new,AMBSL,BOGMBASE,6,1973-05-01,-0.00284407992472424,-0.0109462947553336,-0.00810221483060936
MONETARY_BASE,triangulation,old_vs_new,AMBSL,BOGMBASE,6,1973-06-01,0.00130365605707716,0.00103896233046719,-0.000264693726609977
MONETARY_BASE,triangulation,old_vs_new,AMBSL,BOGMBASE,6,1973-07-01,0.00805737855629118,0.0136506258516249,0.00559324729533373
MONETARY_BASE,triangulation,old_vs_new,AMBSL,BOGMBASE,6,1973-08-01,-0.0119111966227132,-0.0179847658935213,-0.00607356927080804
MONETARY_BASE,triangulation,old_vs_new,AMBSL,BOGMBASE,6,1973-09-01,0.003882688842066,0.00207680777538766,-0.00180588106667834
MONETARY_BASE,triangulation,old_vs_new,AMBSL,BOGMBASE,6,1973-10-01,0.00244282119573125,0.00925634763729466,0.00681352644156341
MONETARY_BASE,triangulation,old_vs_new,AMBSL,BOGMBASE,6,1973-11-01,-0.0041621407496919,-0.00525137118282171,-0.00108923043312981
MONETARY_BASE,triangulation,old_vs_new,AMBSL,BOGMBASE,6,1973-12-01,0.00264996648520022,0.00997401001873488,0.00732404353353466
MONETARY_BASE,triangulation,old_vs_new,AMBSL,BOGMBASE,6,1974-01-01,0.00333637620407146,-0.0151531382315993,-0.0184895144356707
MONETARY_BASE,triangulation,old_vs_new,AMBSL,BOGMBASE,6,1974-02-01,-0.000926019271319412,-0.0160252868581416,-0.0150992675868222
MONETARY_BASE,triangulation,old_vs_new,AMBSL,BOGMBASE,6,1974-03-01,-0.00429334218620081,0.0180654891762968,0.0223588313624976
MONETARY_BASE,triangulation,old_vs_new,AMBSL,BOGMBASE,6,1974-04-01,0.0080867795543611,0.0158324152093519,0.00774563565499076
MONETARY_BASE,triangulation,old_vs_new,AMBSL,BOGMBASE,6,1974-05-01,-0.00535368690778437,-0.0101070884974108,-0.00475340158962645
MONETARY_BASE,triangulation,old_vs_new,AMBSL,BOGMBASE,6,1974-06-01,-0.000609125472859517,-0.00300607316223367,-0.00239694768937415
MONETARY_BASE,triangulation,old_vs_new,AMBSL,BOGMBASE,6,1974-07-01,0.00127213485543187,0.00662297125320599,0.00535083639777412
MONETARY_BASE,triangulation,old_vs_new,AMBSL,BOGMBASE,6,1974-08-01,-0.0040335650306309,-0.0153268757829057,-0.0112933107522748
MONETARY_BASE,triangulation,old_vs_new,AMBSL,BOGMBASE,6,1974-09-01,0.00409040300656027,0.00380499670778889,-0.000285406298771385
MONETARY_BASE,triangulation,old_vs_new,AMBSL,BOGMBASE,6,1974-10-01,-0.00124972696358405,0.00093840475385587,0.00218813171743992
MONETARY_BASE,triangulation,old_vs_new,AMBSL,BOGMBASE,6,1974-11-01,0.000475963184667805,0.00749745141854508,0.00702148823387727
MONETARY_BASE,triangulation,old_vs_new,AMBSL,BOGMBASE,6,1974-12-01,0.0023703054680615,0.00448866431402806,0.00211835884596656
MONETARY_BASE,triangulation,old_vs_new,AMBSL,BOGMBASE,6,1975-01-01,-0.0137563293132876,-0.0240994128063274,-0.0103430834930398
MONETARY_BASE,triangulation,old_vs_new,AMBSL,BOGMBASE,6,1975-02-01,0.0150025907037792,-0.0123168079087295,-0.0273193986125086
MONETARY_BASE,triangulation,old_vs_new,AMBSL,BOGMBASE,6,1975-03-01,-0.00527651440850718,0.022532571206292,0.0278090856147992
MONETARY_BASE,triangulation,old_vs_new,AMBSL,BOGMBASE,6,1975-04-01,-0.00320537218520123,0.00845909368983211,0.0116644658750333
MONETARY_BASE,triangulation,old_vs_new,AMBSL,BOGMBASE,6,1975-05-01,-0.00245053267388684,-0.00848212571409146,-0.00603159304020462
MONETARY_BASE,triangulation,old_vs_new,AMBSL,BOGMBASE,6,1975-06-01,0.019828583265932,0.0111283466078289,-0.00870023665810304
MONETARY_BASE,triangulation,old_vs_new,AMBSL,BOGMBASE,6,1975-07-01,-0.0220693240092302,-0.00290279429263052,0.0191665297165997
MONETARY_BASE,triangulation,old_vs_new,AMBSL,BOGMBASE,6,1975-08-01,0.00686981958507893,-0.0137561166685405,-0.0206259362536194
MONETARY_BASE,triangulation,old_vs_new,AMBSL,BOGMBASE,6,1975-09-01,0.00104220416130207,0.0045758268893108,0.00353362272800872
MONETARY_BASE,triangulation,old_vs_new,AMBSL,BOGMBASE,6,1975-10-01,-0.0042788944531944,0.00365213349860039,0.00793102795179479
MONETARY_BASE,triangulation,old_vs_new,AMBSL,BOGMBASE,6,1975-11-01,0.00761839751006477,0.00811302539401915,0.000494627883954379
MONETARY_BASE,triangulation,old_vs_new,AMBSL,BOGMBASE,6,1975-12-01,-0.00281140353761611,0.00516035711209106,0.00797176064970717
MONETARY_BASE,triangulation,old_vs_new,AMBSL,BOGMBASE,6,1976-01-01,-0.0105717159406007,-0.0285084542806855,-0.0179367383400848
MONETARY_BASE,triangulation,old_vs_new,AMBSL,BOGMBASE,6,1976-02-01,0.0159690228246641,-0.00101875842545063,-0.0169877812501147
MONETARY_BASE,triangulation,old_vs_new,AMBSL,BOGMBASE,6,1976-03-01,-0.0025566485048536,0.0179946954229102,0.0205513439277638
MONETARY_BASE,triangulation,old_vs_new,AMBSL,BOGMBASE,6,1976-04-01,-0.00274364542421246,0.00973395564731128,0.0124776010715237
MONETARY_BASE,triangulation,old_vs_new,AMBSL,BOGMBASE,6,1976-05-01,-0.000851102030927642,-0.0116320016755997,-0.0107808996446721
MONETARY_BASE,triangulation,old_vs_new,AMBSL,BOGMBASE,6,1976-06-01,0.00116400786009496,0.00260644949366995,0.00144244163357499
MONETARY_BASE,triangulation,old_vs_new,AMBSL,BOGMBASE,6,1976-07-01,-0.00531092640775288,0.00341730463393386,0.00872823104168674
MONETARY_BASE,triangulation,old_vs_new,AMBSL,BOGMBASE,6,1976-08-01,0.00727753752387272,-0.0113003035690094,-0.0185778410928821
MONETARY_BASE,triangulation,old_vs_new,AMBSL,BOGMBASE,6,1976-09-01,-0.00424352229026059,0.00173085255285876,0.00597437484311936
MONETARY_BASE,triangulation,old_vs_new,AMBSL,BOGMBASE,6,1976-10-01,0.000504176539785739,0.00774789140168508,0.00724371486189934
MONETARY_BASE,triangulation,old_vs_new,AMBSL,BOGMBASE,6,1976-11-01,0.00389219916486905,0.00586117938983488,0.00196898022496583
MONETARY_BASE,triangulation,old_vs_new,AMBSL,BOGMBASE,6,1976-12-01,-0.00582434681107191,0.00229035492834306,0.00811470173941498
MONETARY_BASE,triangulation,old_vs_new,AMBSL,BOGMBASE,6,1977-01-01,0.00583706339029799,-0.021764862412998,-0.027601925803296
MONETARY_BASE,triangulation,old_vs_new,AMBSL,BOGMBASE,6,1977-02-01,-0.00445518091701924,-0.0110003309297362,-0.00654515001271694
MONETARY_BASE,triangulation,old_vs_new,AMBSL,BOGMBASE,6,1977-03-01,0.00455942113872609,0.0236113717445781,0.019051950605852
MONETARY_BASE,triangulation,old_vs_new,AMBSL,BOGMBASE,6,1977-04-01,-0.00131864852774566,0.00826895227932667,0.00958760080707233
MONETARY_BASE,triangulation,old_vs_new,AMBSL,BOGMBASE,6,1977-05-01,-0.00289678381563885,-0.0125687213738068,-0.00967193755816798
MONETARY_BASE,triangulation,old_vs_new,AMBSL,BOGMBASE,6,1977-06-01,0.00146807415038719,0.0032785483753992,0.00181047422501202
MONETARY_BASE,triangulation,old_vs_new,AMBSL,BOGMBASE,6,1977-07-01,0.00546099927321464,0.0121175272557092,0.00665652798249461
MONETARY_BASE,triangulation,old_vs_new,AMBSL,BOGMBASE,6,1977-08-01,-0.00454060648289545,-0.0179018596459475,-0.013361253163052
MONETARY_BASE,triangulation,old_vs_new,AMBSL,BOGMBASE,6,1977-09-01,-0.0022267737720858,0.000803533516883448,0.00303030728896925
MONETARY_BASE,triangulation,old_vs_new,AMBSL,BOGMBASE,6,1977-10-01,0.004010013477175,0.00878692448542218,0.00477691100824718
MONETARY_BASE,triangulation,old_vs_new,AMBSL,BOGMBASE,6,1977-11-01,-0.00314926514585334,0.00460632002336503,0.00775558516921837
MONETARY_BASE,triangulation,old_vs_new,AMBSL,BOGMBASE,6,1977-12-01,0.00429949257140194,0.00286229745137678,-0.00143719512002516
MONETARY_BASE,triangulation,old_vs_new,AMBSL,BOGMBASE,6,1978-01-01,-0.00226968593427035,-0.01555774666795,-0.0132880607336796
MONETARY_BASE,triangulation,old_vs_new,AMBSL,BOGMBASE,6,1978-02-01,0.00277253663657273,-0.0138944212703018,-0.0166669579068746
MONETARY_BASE,triangulation,old_vs_new,AMBSL,BOGMBASE,6,1978-03-01,-0.00632831041111981,0.0146907984229028,0.0210191088340226
MONETARY_BASE,triangulation,old_vs_new,AMBSL,BOGMBASE,6,1978-04-01,0.00332048905520388,0.0130323954068761,0.00971190635167218
MONETARY_BASE,triangulation,old_vs_new,AMBSL,BOGMBASE,6,1978-05-01,0.00268286409121465,-0.00778638404646959,-0.0104692481376842
MONETARY_BASE,triangulation,old_vs_new,AMBSL,BOGMBASE,6,1978-06-01,-0.00115989901187064,0.00142899537071361,0.00258889438258425
MONETARY_BASE,triangulation,old_vs_new,AMBSL,BOGMBASE,6,1978-07-01,-0.00148547375090669,0.00581811575664215,0.00730358950754884
MONETARY_BASE,triangulation,old_vs_new,AMBSL,BOGMBASE,6,1978-08-01,-0.00415461581425447,-0.0192877089702375,-0.015133093155983
MONETARY_BASE,triangulation,old_vs_new,AMBSL,BOGMBASE,6,1978-09-01,0.00499217747191327,0.0110606333385075,0.00606845586659421
MONETARY_BASE,triangulation,old_vs_new,AMBSL,BOGMBASE,6,1978-10-01,0.000631648631464365,0.00285730167728371,0.00222565304581934
MONETARY_BASE,triangulation,old_vs_new,AMBSL,BOGMBASE,6,1978-11-01,-0.00345640633302757,0.0120525068372688,0.0155089131702963
MONETARY_BASE,triangulation,old_vs_new,AMBSL,BOGMBASE,6,1978-12-01,-0.00132349859703318,0.00575363089599445,0.00707712949302763
MONETARY_BASE,triangulation,old_vs_new,AMBSL,BOGMBASE,6,1979-01-01,0.00223908145074159,-0.0308008373747075,-0.0330399188254491
MONETARY_BASE,triangulation,old_vs_new,AMBSL,BOGMBASE,6,1979-02-01,-0.00403524373713626,-0.0161201166625933,-0.012084872925457
MONETARY_BASE,triangulation,old_vs_new,AMBSL,BOGMBASE,6,1979-03-01,0.0032480557860346,0.0238196083563933,0.0205715525703587
MONETARY_BASE,triangulation,old_vs_new,AMBSL,BOGMBASE,6,1979-04-01,0.000760404468532982,0.00971839752673276,0.00895799305819978
MONETARY_BASE,triangulation,old_vs_new,AMBSL,BOGMBASE,6,1979-05-01,-0.0017987694172259,-0.0139574402691593,-0.0121586708519335
MONETARY_BASE,triangulation,old_vs_new,AMBSL,BOGMBASE,6,1979-06-01,0.00307248626891976,0.00894966688249266,0.0058771806135729
MONETARY_BASE,triangulation,old_vs_new,AMBSL,BOGMBASE,6,1979-07-01,0.000798065362588751,0.00532431776875963,0.00452625240617088
MONETARY_BASE,triangulation,old_vs_new,AMBSL,BOGMBASE,6,1979-08-01,-0.000669442589459557,-0.0115958547351074,-0.0109264121456478
MONETARY_BASE,triangulation,old_vs_new,AMBSL,BOGMBASE,6,1979-09-01,5.25289968411613e-05,0.00333652224681291,0.00328399324997175
MONETARY_BASE,triangulation,old_vs_new,AMBSL,BOGMBASE,6,1979-10-01,0.00250808121859158,0.00591362615232782,0.00340554493373624
MONETARY_BASE,triangulation,old_vs_new,AMBSL,BOGMBASE,6,1979-11-01,-0.00700251902497406,0.0024468727130742,0.00944939173804826
MONETARY_BASE,triangulation,old_vs_new,AMBSL,BOGMBASE,6,1979-12-01,0.00425547855618014,0.00361266016831063,-0.000642818387869504
MONETARY_BASE,triangulation,old_vs_new,AMBSL,BOGMBASE,6,1980-01-01,-0.00152845351194841,-0.023157234402869,-0.0216287808909206
MONETARY_BASE,triangulation,old_vs_new,AMBSL,BOGMBASE,6,1980-02-01,0.00152297796320688,-0.00907582429226572,-0.0105988022554726
MONETARY_BASE,triangulation,old_vs_new,AMBSL,BOGMBASE,6,1980-03-01,0.000364186243510645,0.0206750424791169,0.0203108562356062
MONETARY_BASE,triangulation,old_vs_new,AMBSL,BOGMBASE,6,1980-04-01,-0.00671091021521431,0.011414728267936,0.0181256384831503
MONETARY_BASE,triangulation,old_vs_new,AMBSL,BOGMBASE,6,1980-05-01,0.00231065987046719,-0.0185368043423493,-0.0208474642128165
MONETARY_BASE,triangulation,old_vs_new,AMBSL,BOGMBASE,6,1980-06-01,0.00428665845908416,0.00631315228107443,0.00202649382199027
MONETARY_BASE,triangulation,old_vs_new,AMBSL,BOGMBASE,6,1980-07-01,0.000556945848426693,-3.96059838365659e-05,-0.000596551832263259
MONETARY_BASE,triangulation,old_vs_new,AMBSL,BOGMBASE,6,1980-08-01,0.00179560960029246,-0.0156986867568207,-0.0174942963571132
MONETARY_BASE,triangulation,old_vs_new,AMBSL,BOGMBASE,6,1980-09-01,-0.00152475999777213,0.0157184274353721,0.0172431874331442
MONETARY_BASE,triangulation,old_vs_new,AMBSL,BOGMBASE,6,1980-10-01,-0.00028374229074668,0.00307300066643368,0.00335674295718036
MONETARY_BASE,triangulation,old_vs_new,AMBSL,BOGMBASE,6,1980-11-01,0.000809476641649987,-0.00255300640817691,-0.00336248304982689
MONETARY_BASE,triangulation,old_vs_new,AMBSL,BOGMBASE,6,1980-12-01,-0.0109191236129487,0.00179156595947294,0.0127106895724216
MONETARY_BASE,triangulation,old_vs_new,AMBSL,BOGMBASE,6,1981-01-01,-0.00229402369695908,-0.0227807394364925,-0.0204867157395334
MONETARY_BASE,triangulation,old_vs_new,AMBSL,BOGMBASE,6,1981-02-01,0.0149253889502328,0.00105480428027604,-0.0138705846699567
MONETARY_BASE,triangulation,old_vs_new,AMBSL,BOGMBASE,6,1981-03-01,-0.00443023444560975,0.0181399190746401,0.0225701535202498
MONETARY_BASE,triangulation,old_vs_new,AMBSL,BOGMBASE,6,1981-04-01,0.00332692178131744,0.0111205632834608,0.00779364150214334
MONETARY_BASE,triangulation,old_vs_new,AMBSL,BOGMBASE,6,1981-05-01,-0.00561825082429213,-0.0112253795929744,-0.0056071287686823
MONETARY_BASE,triangulation,old_vs_new,AMBSL,BOGMBASE,6,1981-06-01,-0.00292099673862545,-0.000633971582651327,0.00228702515597412
MONETARY_BASE,triangulation,old_vs_new,AMBSL,BOGMBASE,6,1981-07-01,0.00686117205427816,0.0084512593869821,0.00159008733270394
MONETARY_BASE,triangulation,old_vs_new,AMBSL,BOGMBASE,6,1981-08-01,-0.00388818969894533,-0.0121290743440543,-0.00824088464510897
MONETARY_BASE,triangulation,old_vs_new,AMBSL,BOGMBASE,6,1981-09-01,-0.00102520091097968,-0.00906660769835987,-0.00804140678738019
MONETARY_BASE,triangulation,old_vs_new,AMBSL,BOGMBASE,6,1981-10-01,-0.00223454162533621,0.0102842161526402,0.0125187577779764
MONETARY_BASE,triangulation,old_vs_new,AMBSL,BOGMBASE,6,1981-11-01,0.00651608954302585,0.0114253900330352,0.00490930049000937
MONETARY_BASE,triangulation,old_vs_new,AMBSL,BOGMBASE,6,1981-12-01,0.00134223017748347,0.00747170239977279,0.00612947222228932
MONETARY_BASE,triangulation,old_vs_new,AMBSL,BOGMBASE,6,1982-01-01,-0.00311168694138786,-0.0260032850729415,-0.0228915981315536
MONETARY_BASE,triangulation,old_vs_new,AMBSL,BOGMBASE,6,1982-02-01,0.00151208225470612,-0.00835156668897863,-0.00986364894368474
MONETARY_BASE,triangulation,old_vs_new,AMBSL,BOGMBASE,6,1982-03-01,-0.00560198190218308,0.00584645376835358,0.0114484356705367
MONETARY_BASE,triangulation,old_vs_new,AMBSL,BOGMBASE,6,1982-04-01,0.00727936948006214,0.0227215759743471,0.015442206494285
MONETARY_BASE,triangulation,old_vs_new,AMBSL,BOGMBASE,6,1982-05-01,-0.0013224184785825,-0.00725365963223457,-0.00593124115365207
MONETARY_BASE,triangulation,old_vs_new,AMBSL,BOGMBASE,6,1982-06-01,-0.00135831330818448,0.00227388335482814,0.00363219666301262
MONETARY_BASE,triangulation,old_vs_new,AMBSL,BOGMBASE,6,1982-07-01,-0.00130874872344044,-9.80344101559893e-05,0.00121071431328446
MONETARY_BASE,triangulation,old_vs_new,AMBSL,BOGMBASE,6,1982-08-01,0.00312127378547356,-0.00639806157492462,-0.00951933536039817
MONETARY_BASE,triangulation,old_vs_new,AMBSL,BOGMBASE,6,1982-09-01,0.00112408225382854,-0.00690846973617454,-0.00803255199000308
MONETARY_BASE,triangulation,old_vs_new,AMBSL,BOGMBASE,6,1982-10-01,0.00133679530228381,0.0126391444451599,0.0113023491428761
MONETARY_BASE,triangulation,old_vs_new,AMBSL,BOGMBASE,6,1982-11-01,-0.00206767891014614,0.00499972541488347,0.00706740432502961
MONETARY_BASE,triangulation,old_vs_new,AMBSL,BOGMBASE,6,1982-12-01,-0.000606136546501546,0.00368295369075611,0.00428909023725765
MONETARY_BASE,triangulation,old_vs_new,AMBSL,BOGMBASE,6,1983-01-01,-0.00388167953996188,-0.0278787957662212,-0.0239971162262593
MONETARY_BASE,triangulation,old_vs_new,AMBSL,BOGMBASE,6,1983-02-01,0.0105197043633085,-0.000666050857335954,-0.0111857552206445
MONETARY_BASE,triangulation,old_vs_new,AMBSL,BOGMBASE,6,1983-03-01,-0.00267997957874044,0.0123707384471787,0.0150507180259192
MONETARY_BASE,triangulation,old_vs_new,AMBSL,BOGMBASE,6,1983-04-01,-0.00126286948213394,0.013420157303714,0.014683026785848
MONETARY_BASE,triangulation,old_vs_new,AMBSL,BOGMBASE,6,1983-05-01,-0.00137164710670046,-0.00736595101922166,-0.0059943039125212
MONETARY_BASE,triangulation,old_vs_new,AMBSL,BOGMBASE,6,1983-06-01,-0.00195105298376586,0.00267193037379698,0.00462298335756284
MONETARY_BASE,triangulation,old_vs_new,AMBSL,BOGMBASE,6,1983-07-01,0.00139738007390289,0.000432361281030857,-0.00096501879287203
MONETARY_BASE,triangulation,old_vs_new,AMBSL,BOGMBASE,6,1983-08-01,-3.49011585392134e-05,-0.0103124586052132,-0.010277557446674
MONETARY_BASE,triangulation,old_vs_new,AMBSL,BOGMBASE,6,1983-09-01,-0.00192104402565008,-0.00324003457911637,-0.00131899055346629
MONETARY_BASE,triangulation,old_vs_new,AMBSL,BOGMBASE,6,1983-10-01,0.00481569420861305,0.0107802785970872,0.00596458438847414
MONETARY_BASE,triangulation,old_vs_new,AMBSL,BOGMBASE,6,1983-11-01,-0.00439214424114365,0.00630130955450969,0.0106934537956533
MONETARY_BASE,triangulation,old_vs_new,AMBSL,BOGMBASE,6,1983-12-01,-0.00340939094348336,0.00187944745885904,0.0052888384023424
MONETARY_BASE,triangulation,old_vs_new,AMBSL,BOGMBASE,6,1984-01-01,0.00776820718318216,-0.0209541409617655,-0.0287223481449477
MONETARY_BASE,triangulation,old_vs_new,AMBSL,BOGMBASE,6,1984-02-01,-0.00684974833154683,-0.0191107305614793,-0.0122609822299324
MONETARY_BASE,triangulation,old_vs_new,AMBSL,BOGMBASE,6,1984-03-01,0.00505057274299503,0.0360418005211338,0.0309912277781388
MONETARY_BASE,triangulation,old_vs_new,AMBSL,BOGMBASE,6,1984-04-01,-0.00237463186840614,0.00402307100211097,0.00639770287051711
MONETARY_BASE,triangulation,old_vs_new,AMBSL,BOGMBASE,6,1984-05-01,-0.00109561747333142,-0.0131436352315273,-0.0120480177581959
MONETARY_BASE,triangulation,old_vs_new,AMBSL,BOGMBASE,6,1984-06-01,-0.000215342156260512,0.0118126065853321,0.0120279487415926
MONETARY_BASE,triangulation,old_vs_new,AMBSL,BOGMBASE,6,1984-07-01,-0.000550168629723125,-0.00577378228643877,-0.00522361365671564
MONETARY_BASE,triangulation,old_vs_new,AMBSL,BOGMBASE,6,1984-08-01,-0.00354596217768499,-0.01321456888531,-0.00966860670762504
MONETARY_BASE,triangulation,old_vs_new,AMBSL,BOGMBASE,6,1984-09-01,0.00428843096087927,0.0101409861596711,0.0058525551987918
MONETARY_BASE,triangulation,old_vs_new,AMBSL,BOGMBASE,6,1984-10-01,-0.00567386293432648,-0.00507202611752255,0.000601836816803925
MONETARY_BASE,triangulation,old_vs_new,AMBSL,BOGMBASE,6,1984-11-01,0.00735268050389948,0.0115308207273452,0.00417814022344576
MONETARY_BASE,triangulation,old_vs_new,AMBSL,BOGMBASE,6,1984-12-01,-0.00411129509460739,0.0081800958141871,0.0122913909087945
MONETARY_BASE,triangulation,old_vs_new,AMBSL,BOGMBASE,6,1985-01-01,0.00204919272334525,-0.0285641950985429,-0.0306133878218882
MONETARY_BASE,triangulation,old_vs_new,AMBSL,BOGMBASE,6,1985-02-01,0.000498377174242393,-0.00703067136218127,-0.00752904853642367
MONETARY_BASE,triangulation,old_vs_new,AMBSL,BOGMBASE,6,1985-03-01,0.00111082192796985,0.027284035400041,0.0261732134720711
MONETARY_BASE,triangulation,old_vs_new,AMBSL,BOGMBASE,6,1985-04-01,-0.00355592631261548,0.00130879390150174,0.00486472021411721
MONETARY_BASE,triangulation,old_vs_new,AMBSL,BOGMBASE,6,1985-05-01,0.0058867214463314,-0.00789654772690263,-0.013783269173234
MONETARY_BASE,triangulation,old_vs_new,AMBSL,BOGMBASE,6,1985-06-01,0.00092721737496948,0.010968559003695,0.0100413416287255
MONETARY_BASE,triangulation,old_vs_new,AMBSL,BOGMBASE,6,1985-07-01,-0.00283343433862271,-0.00685008148876864,-0.00401664715014594
MONETARY_BASE,triangulation,old_vs_new,AMBSL,BOGMBASE,6,1985-08-01,0.00133466441256314,-0.00758852150808043,-0.00892318592064356
MONETARY_BASE,triangulation,old_vs_new,AMBSL,BOGMBASE,6,1985-09-01,0.00083373022553257,0.00653655865896674,0.00570282843343417
MONETARY_BASE,triangulation,old_vs_new,AMBSL,BOGMBASE,6,1985-10-01,-0.00415823425975681,-0.00285224461781564,0.00130598964194117
MONETARY_BASE,triangulation,old_vs_new,AMBSL,BOGMBASE,6,1985-11-01,-0.00203164156972857,0.0100371220316307,0.0120687636013592
MONETARY_BASE,triangulation,old_vs_new,AMBSL,BOGMBASE,6,1985-12-01,0.0103261126707466,0.00734012184499644,-0.00298599082575013
MONETARY_BASE,triangulation,old_vs_new,AMBSL,BOGMBASE,6,1986-01-01,-0.0167186719913603,-0.036855009245075,-0.0201363372537147
MONETARY_BASE,triangulation,old_vs_new,AMBSL,BOGMBASE,6,1986-02-01,0.00597279760506009,-0.00430684355438782,-0.0102796411594479
MONETARY_BASE,triangulation,old_vs_new,AMBSL,BOGMBASE,6,1986-03-01,0.0092169084271303,0.0341417158990822,0.0249248074719519
MONETARY_BASE,triangulation,old_vs_new,AMBSL,BOGMBASE,6,1986-04-01,-0.00502390876219039,0.000179917862473289,0.00520382662466368
MONETARY_BASE,triangulation,old_vs_new,AMBSL,BOGMBASE,6,1986-05-01,0.0023054097023234,-0.0108151292218084,-0.0131205389241318
MONETARY_BASE,triangulation,old_vs_new,AMBSL,BOGMBASE,6,1986-06-01,4.1015923361698e-05,0.0104520522959506,0.0104110363725889
MONETARY_BASE,triangulation,old_vs_new,AMBSL,BOGMBASE,6,1986-07-01,-0.00129756962237249,-0.00368619418791205,-0.00238862456553957
MONETARY_BASE,triangulation,old_vs_new,AMBSL,BOGMBASE,6,1986-08-01,0.00120294181025304,-0.0116664556137431,-0.0128693974239962
MONETARY_BASE,triangulation,old_vs_new,AMBSL,BOGMBASE,6,1986-09-01,-0.00280702088552243,0.00725650015905011,0.0100635210445725
MONETARY_BASE,triangulation,old_vs_new,AMBSL,BOGMBASE,6,1986-10-01,0.000674517786815265,-6.53154805796419e-05,-0.000739833267394907
MONETARY_BASE,triangulation,old_vs_new,AMBSL,BOGMBASE,6,1986-11-01,0.00446894650531515,0.0128283994324478,0.00835945292713269
MONETARY_BASE,triangulation,old_vs_new,AMBSL,BOGMBASE,6,1986-12-01,0.00112689857131354,0.00602986789836901,0.00490296932705547
MONETARY_BASE,triangulation,old_vs_new,AMBSL,BOGMBASE,6,1987-01-01,-0.00657409349021965,-0.0333642953685578,-0.0267902018783381
MONETARY_BASE,triangulation,old_vs_new,AMBSL,BOGMBASE,6,1987-02-01,0.00345013183111043,-0.011929783801806,-0.0153799156329164
MONETARY_BASE,triangulation,old_vs_new,AMBSL,BOGMBASE,6,1987-03-01,-0.0135638268809757,0.0278264665110726,0.0413902933920482
MONETARY_BASE,triangulation,old_vs_new,AMBSL,BOGMBASE,6,1987-04-01,0.0145463917840178,0.00997824559646876,-0.00456814618754908
MONETARY_BASE,triangulation,old_vs_new,AMBSL,BOGMBASE,6,1987-05-01,0.00296901740501099,-0.0154196798904067,-0.0183886972954177
MONETARY_BASE,triangulation,old_vs_new,AMBSL,BOGMBASE,6,1987-06-01,-0.0171765048162964,0.00513770524725654,0.0223142100635529
MONETARY_BASE,triangulation,old_vs_new,AMBSL,BOGMBASE,6,1987-07-01,0.00613972640923777,-0.00165134119186305,-0.00779106760110082
MONETARY_BASE,triangulation,old_vs_new,AMBSL,BOGMBASE,6,1987-08-01,0.00546750980004074,-0.00827000759679031,-0.013737517396831
MONETARY_BASE,triangulation,old_vs_new,AMBSL,BOGMBASE,6,1987-09-01,-0.00531351507604594,0.00744018482142117,0.0127536998974671
MONETARY_BASE,triangulation,old_vs_new,AMBSL,BOGMBASE,6,1987-10-01,0.01070848150035,0.000343526107823067,-0.0103649553925269
MONETARY_BASE,triangulation,old_vs_new,AMBSL,BOGMBASE,6,1987-11-01,-0.0116854693539876,0.00952447699082271,0.0212099463448103
MONETARY_BASE,triangulation,old_vs_new,AMBSL,BOGMBASE,6,1987-12-01,0.00265315856086179,0.000481048995179201,-0.00217210956568259
MONETARY_BASE,triangulation,old_vs_new,AMBSL,BOGMBASE,6,1988-01-01,0.00406840907395267,-0.0192545629311356,-0.0233229720050883
MONETARY_BASE,triangulation,old_vs_new,AMBSL,BOGMBASE,6,1988-02-01,-0.00644912082448901,-0.0190026082898394,-0.0125534874653503
MONETARY_BASE,triangulation,old_vs_new,AMBSL,BOGMBASE,6,1988-03-01,-0.00092598027387325,0.0315566402501553,0.0324826205240285
MONETARY_BASE,triangulation,old_vs_new,AMBSL,BOGMBASE,6,1988-04-01,0.016168331398136,0.00850114741862118,-0.00766718397951482
MONETARY_BASE,triangulation,old_vs_new,AMBSL,BOGMBASE,6,1988-05-01,-0.0158109172116871,-0.0173154122368784,-0.00150449502519123
MONETARY_BASE,triangulation,old_vs_new,AMBSL,BOGMBASE,6,1988-06-01,0.00595781110724136,0.0143812162791974,0.00842340517195606
MONETARY_BASE,triangulation,old_vs_new,AMBSL,BOGMBASE,6,1988-07-01,0.00224581900263487,-0.00603248295112291,-0.00827830195375778
MONETARY_BASE,triangulation,old_vs_new,AMBSL,BOGMBASE,6,1988-08-01,-0.00791436487541475,-0.0134703418905495,-0.00555597701513477
MONETARY_BASE,triangulation,old_vs_new,AMBSL,BOGMBASE,6,1988-09-01,0.00265068436265015,0.00508695072200194,0.00243626635935179
MONETARY_BASE,triangulation,old_vs_new,AMBSL,BOGMBASE,6,1988-10-01,9.23941487505076e-05,-0.000728065475628092,-0.0008204596243786
MONETARY_BASE,triangulation,old_vs_new,AMBSL,BOGMBASE,6,1988-11-01,0.00114157224766664,0.0129773043582961,0.0118357321106295
MONETARY_BASE,triangulation,old_vs_new,AMBSL,BOGMBASE,6,1988-12-01,-0.00430866663587182,0.00263760924406231,0.00694627587993413
MONETARY_BASE,triangulation,old_vs_new,AMBSL,BOGMBASE,6,1989-01-01,0.00303213226860954,-0.021995119144953,-0.0250272514135625
MONETARY_BASE,triangulation,old_vs_new,AMBSL,BOGMBASE,6,1989-02-01,-0.00968548663847812,-0.0191009019629238,-0.00941541532444568
MONETARY_BASE,triangulation,old_vs_new,AMBSL,BOGMBASE,6,1989-03-01,0.0137256052399515,0.0373878940079591,0.0236622887680076
MONETARY_BASE,triangulation,old_vs_new,AMBSL,BOGMBASE,6,1989-04-01,-0.00483401695644581,-0.00264032134028902,0.00219369561615679
MONETARY_BASE,triangulation,old_vs_new,AMBSL,BOGMBASE,6,1989-05-01,-0.00184346457913609,-0.0135504020130446,-0.0117069374339085
MONETARY_BASE,triangulation,old_vs_new,AMBSL,BOGMBASE,6,1989-06-01,0.00135664967537874,0.0145446307619714,0.0131879810865927
MONETARY_BASE,triangulation,old_vs_new,AMBSL,BOGMBASE,6,1989-07-01,0.00144993091096346,-0.0039622067245233,-0.00541213763548676
MONETARY_BASE,triangulation,old_vs_new,AMBSL,BOGMBASE,6,1989-08-01,-0.00499317467466298,-0.0133452131797229,-0.00835203850505994
MONETARY_BASE,triangulation,old_vs_new,AMBSL,BOGMBASE,6,1989-09-01,0.00278807734969355,0.00667242044008187,0.00388434309038832
MONETARY_BASE,triangulation,old_vs_new,AMBSL,BOGMBASE,6,1989-10-01,0.00338345180888222,0.000351802819513303,-0.00303164898936892
MONETARY_BASE,triangulation,old_vs_new,AMBSL,BOGMBASE,6,1989-11-01,-0.00296834742962293,0.0118836012884733,0.0148519487180963
MONETARY_BASE,triangulation,old_vs_new,AMBSL,BOGMBASE,6,1989-12-01,0.00401090495017442,0.00974628199589311,0.00573537704571869
MONETARY_BASE,triangulation,old_vs_new,AMBSL,BOGMBASE,6,1990-01-01,-0.00105265400696108,-0.0264196683087414,-0.0253670143017803
MONETARY_BASE,triangulation,old_vs_new,AMBSL,BOGMBASE,6,1990-02-01,-0.0031046882417991,-0.0145097696367626,-0.0114050813949635
MONETARY_BASE,triangulation,old_vs_new,AMBSL,BOGMBASE,6,1990-03-01,0.00597796933454298,0.0348000344774642,0.0288220651429212
MONETARY_BASE,triangulation,old_vs_new,AMBSL,BOGMBASE,6,1990-04-01,0.00301055618423618,0.000750848832311135,-0.00225970735192504
MONETARY_BASE,triangulation,old_vs_new,AMBSL,BOGMBASE,6,1990-05-01,-0.00809899231553057,-0.0172916101724336,-0.00919261785690306
MONETARY_BASE,triangulation,old_vs_new,AMBSL,BOGMBASE,6,1990-06-01,0.0068546931879272,0.0150277201829647,0.00817302699503752
MONETARY_BASE,triangulation,old_vs_new,AMBSL,BOGMBASE,6,1990-07-01,-0.00601855142355401,-0.00742586240323018,-0.00140731097967617
MONETARY_BASE,triangulation,old_vs_new,AMBSL,BOGMBASE,6,1990-08-01,0.00701883680349891,-0.00332466195785575,-0.0103434987613547
MONETARY_BASE,triangulation,old_vs_new,AMBSL,BOGMBASE,6,1990-09-01,-0.000619607420928148,0.00551929945107332,0.00613890687200147
MONETARY_BASE,triangulation,old_vs_new,AMBSL,BOGMBASE,6,1990-10-01,-0.0057092399812344,-0.00686615607390273,-0.00115691609266833
MONETARY_BASE,triangulation,old_vs_new,AMBSL,BOGMBASE,6,1990-11-01,0.00144035601237569,0.0131492618689641,0.0117089058565885
MONETARY_BASE,triangulation,old_vs_new,AMBSL,BOGMBASE,6,1990-12-01,0.00434614342287709,-0.0106558456916286,-0.0150019891145057
MONETARY_BASE,triangulation,old_vs_new,AMBSL,BOGMBASE,6,1991-01-01,-0.00367199009806018,-0.0233308761898261,-0.0196588860917659
MONETARY_BASE,triangulation,old_vs_new,AMBSL,BOGMBASE,6,1991-02-01,0.00389930489373658,0.0094842447455612,0.00558493985182462
MONETARY_BASE,triangulation,old_vs_new,AMBSL,BOGMBASE,6,1991-03-01,-0.00210292035967274,0.0223516223677835,0.0244545427274563
MONETARY_BASE,triangulation,old_vs_new,AMBSL,BOGMBASE,6,1991-04-01,-0.00613989607690346,-0.00399543963689197,0.00214445644001149
MONETARY_BASE,triangulation,old_vs_new,AMBSL,BOGMBASE,6,1991-05-01,0.00341309672858348,-0.0089604653820885,-0.012373562110672
MONETARY_BASE,triangulation,old_vs_new,AMBSL,BOGMBASE,6,1991-06-01,-0.00214955916744231,0.0113813176926554,0.0135308768600977
MONETARY_BASE,triangulation,old_vs_new,AMBSL,BOGMBASE,6,1991-07-01,0.00295322563016054,-0.00606265791290284,-0.00901588354306337
MONETARY_BASE,triangulation,old_vs_new,AMBSL,BOGMBASE,6,1991-08-01,-0.00312638296143319,-0.00564274585662794,-0.00251636289519475
MONETARY_BASE,triangulation,old_vs_new,AMBSL,BOGMBASE,6,1991-09-01,0.00157938209058361,0.00498433640041984,0.00340495430983623
MONETARY_BASE,triangulation,old_vs_new,AMBSL,BOGMBASE,6,1991-10-01,-0.000201543835807172,-0.00126514931029575,-0.00106360547448858
MONETARY_BASE,triangulation,old_vs_new,AMBSL,BOGMBASE,6,1991-11-01,0.00288772096951018,0.0122388664756503,0.00935114550614013
MONETARY_BASE,triangulation,old_vs_new,AMBSL,BOGMBASE,6,1991-12-01,0.0030730249992077,0.00482096706301594,0.00174794206380824
MONETARY_BASE,triangulation,old_vs_new,AMBSL,BOGMBASE,6,1992-01-01,-0.00882334170152888,-0.0279725760003107,-0.0191492342987818
MONETARY_BASE,triangulation,old_vs_new,AMBSL,BOGMBASE,6,1992-02-01,0.00512648594226039,0.00116078150094534,-0.00396570444131505
MONETARY_BASE,triangulation,old_vs_new,AMBSL,BOGMBASE,6,1992-03-01,0.00266479509541551,0.0189178747704757,0.0162530796750602
MONETARY_BASE,triangulation,old_vs_new,AMBSL,BOGMBASE,6,1992-04-01,-0.00246764020783541,-0.0206747814753632,-0.0182071412675278
MONETARY_BASE,triangulation,old_vs_new,AMBSL,BOGMBASE,6,1992-05-01,0.00113006881092481,0.0116713637620665,0.0105412949511416
MONETARY_BASE,triangulation,old_vs_new,AMBSL,BOGMBASE,6,1992-06-01,-0.00553291723505733,0.00354860830308201,0.00908152553813935
MONETARY_BASE,triangulation,old_vs_new,AMBSL,BOGMBASE,6,1992-07-01,0.00550962343577677,0.00199903178747274,-0.00351059164830403
MONETARY_BASE,triangulation,old_vs_new,AMBSL,BOGMBASE,6,1992-08-01,0.00307369757208598,-0.00300774227786071,-0.00608143984994669
MONETARY_BASE,triangulation,old_vs_new,AMBSL,BOGMBASE,6,1992-09-01,0.000265338169636919,0.00544709291379775,0.00518175474416083
MONETARY_BASE,triangulation,old_vs_new,AMBSL,BOGMBASE,6,1992-10-01,-0.00177481554269399,-0.00385611648634399,-0.00208130094365
MONETARY_BASE,triangulation,old_vs_new,AMBSL,BOGMBASE,6,1992-11-01,-0.000234685890775133,0.00896322132284766,0.00919790721362279
MONETARY_BASE,triangulation,old_vs_new,AMBSL,BOGMBASE,6,1992-12-01,-0.00535843958012272,-0.000570091878095091,0.00478834770202763
MONETARY_BASE,triangulation,old_vs_new,AMBSL,BOGMBASE,6,1993-01-01,0.00192770260620723,-0.0203167578540295,-0.0222444604602368
MONETARY_BASE,triangulation,old_vs_new,AMBSL,BOGMBASE,6,1993-02-01,0.00174504410396015,0.000543486192364107,-0.00120155791159604
MONETARY_BASE,triangulation,old_vs_new,AMBSL,BOGMBASE,6,1993-03-01,-0.00302416923977145,0.0119170027358706,0.014941171975642
MONETARY_BASE,triangulation,old_vs_new,AMBSL,BOGMBASE,6,1993-04-01,0.00351202159262343,0.0078165762658271,0.00430455467320368
MONETARY_BASE,triangulation,old_vs_new,AMBSL,BOGMBASE,6,1993-05-01,0.00143838250623052,-0.0112701033843212,-0.0127084858905517
MONETARY_BASE,triangulation,old_vs_new,AMBSL,BOGMBASE,6,1993-06-01,-0.000176056612962938,0.00798591127840442,0.00816196789136736
MONETARY_BASE,triangulation,old_vs_new,AMBSL,BOGMBASE,6,1993-07-01,-0.00293539051251201,-0.00465131774474159,-0.00171592723222957
MONETARY_BASE,triangulation,old_vs_new,AMBSL,BOGMBASE,6,1993-08-01,0.00146138358565295,-0.00400608458065488,-0.00546746816630783
MONETARY_BASE,triangulation,old_vs_new,AMBSL,BOGMBASE,6,1993-09-01,0.00437755561128572,0.00519008531142262,0.000812529700136899
MONETARY_BASE,triangulation,old_vs_new,AMBSL,BOGMBASE,6,1993-10-01,-0.0020913868720891,-0.000870075297031647,0.00122131157505745
MONETARY_BASE,triangulation,old_vs_new,AMBSL,BOGMBASE,6,1993-11-01,-0.00691130570027187,0.000684308078892748,0.00759561377916462
MONETARY_BASE,triangulation,old_vs_new,AMBSL,BOGMBASE,6,1993-12-01,0.00225133136309985,0.00695539893267938,0.00470406756957953
MONETARY_BASE,triangulation,old_vs_new,AMBSL,BOGMBASE,6,1994-01-01,0.00254703096955478,-0.0187056093470543,-0.0212526403166091
MONETARY_BASE,triangulation,old_vs_new,AMBSL,BOGMBASE,6,1994-02-01,0.000975797906160203,0.0022603923718334,0.00128459446567319
MONETARY_BASE,triangulation,old_vs_new,AMBSL,BOGMBASE,6,1994-03-01,-0.0041490084656628,0.00701048132476068,0.0111594897904235
MONETARY_BASE,triangulation,old_vs_new,AMBSL,BOGMBASE,6,1994-04-01,0.00176419430997488,0.0078430728992176,0.00607887858924272
MONETARY_BASE,triangulation,old_vs_new,AMBSL,BOGMBASE,6,1994-05-01,-0.0035026400487439,-0.0146135047357001,-0.0111108646869562
MONETARY_BASE,triangulation,old_vs_new,AMBSL,BOGMBASE,6,1994-06-01,0.00251706052710077,0.0105017479496716,0.00798468742257086
MONETARY_BASE,triangulation,old_vs_new,AMBSL,BOGMBASE,6,1994-07-01,0.00226296647511059,-0.00276663218015738,-0.00502959865526798
MONETARY_BASE,triangulation,old_vs_new,AMBSL,BOGMBASE,6,1994-08-01,-0.00675014242713257,-0.00750388586479378,-0.000753743437661214
MONETARY_BASE,triangulation,old_vs_new,AMBSL,BOGMBASE,6,1994-09-01,0.00192927200816673,0.00312260384403373,0.00119333183586701
MONETARY_BASE,triangulation,old_vs_new,AMBSL,BOGMBASE,6,1994-10-01,0.00229810406229181,0.000463053888303477,-0.00183505017398833
MONETARY_BASE,triangulation,old_vs_new,AMBSL,BOGMBASE,6,1994-11-01,-0.00238579048824761,0.00614559656257718,0.00853138705082479
MONETARY_BASE,triangulation,old_vs_new,AMBSL,BOGMBASE,6,1994-12-01,-0.00363247862189287,0.00222829561088833,0.0058607742327812
MONETARY_BASE,triangulation,old_vs_new,AMBSL,BOGMBASE,6,1995-01-01,0.0056187012012483,-0.0180641986851304,-0.0236828998863787
MONETARY_BASE,triangulation,old_vs_new,AMBSL,BOGMBASE,6,1995-02-01,-0.00354663995182047,-0.00239095681275536,0.00115568313906511
MONETARY_BASE,triangulation,old_vs_new,AMBSL,BOGMBASE,6,1995-03-01,0.0065931906199479,0.0190592459404932,0.0124660553205453
MONETARY_BASE,triangulation,old_vs_new,AMBSL,BOGMBASE,6,1995-04-01,-0.00193366286474461,0.00218351023331387,0.00411717309805848
MONETARY_BASE,triangulation,old_vs_new,AMBSL,BOGMBASE,6,1995-05-01,-0.000683976193773361,-0.0123170431079256,-0.0116330669141522
MONETARY_BASE,triangulation,old_vs_new,AMBSL,BOGMBASE,6,1995-06-01,-0.00636686484703386,0.000688883266841245,0.0070557481138751
MONETARY_BASE,triangulation,old_vs_new,AMBSL,BOGMBASE,6,1995-07-01,0.000971086942432642,0.000685082850642615,-0.000286004091790026
MONETARY_BASE,triangulation,old_vs_new,AMBSL,BOGMBASE,6,1995-08-01,0.00281457899731841,-0.00344476694908114,-0.00625934594639954
MONETARY_BASE,triangulation,old_vs_new,AMBSL,BOGMBASE,6,1995-09-01,-0.00176623058770531,0.00275334678879524,0.00451957737650055
MONETARY_BASE,triangulation,old_vs_new,AMBSL,BOGMBASE,6,1995-10-01,0.00075247247846022,-0.00114791985072582,-0.00190039232918604
MONETARY_BASE,triangulation,old_vs_new,AMBSL,BOGMBASE,6,1995-11-01,-0.00268054347344027,0.00502236946554735,0.00770291293898762
MONETARY_BASE,triangulation,old_vs_new,AMBSL,BOGMBASE,6,1995-12-01,0.00369158957044036,0.00943350993226932,0.00574192036182897
MONETARY_BASE,triangulation,old_vs_new,AMBSL,BOGMBASE,6,1996-01-01,2.85451896031574e-05,-0.0243827457333845,-0.0244112909229877
MONETARY_BASE,triangulation,old_vs_new,AMBSL,BOGMBASE,6,1996-02-01,-0.00725983827454435,-0.00443748312979686,0.00282235514474749
MONETARY_BASE,triangulation,old_vs_new,AMBSL,BOGMBASE,6,1996-03-01,0.0128064631161058,0.024633497731922,0.0118270346158162
MONETARY_BASE,triangulation,old_vs_new,AMBSL,BOGMBASE,6,1996-04-01,-0.00830690751960717,-0.00439466044686121,0.00391224707274596
MONETARY_BASE,triangulation,old_vs_new,AMBSL,BOGMBASE,6,1996-05-01,0.00277245606548959,-0.00746437894305174,-0.0102368350085413
MONETARY_BASE,triangulation,old_vs_new,AMBSL,BOGMBASE,6,1996-06-01,0.00106596066321263,0.00854816815904069,0.00748220749582806
MONETARY_BASE,triangulation,old_vs_new,AMBSL,BOGMBASE,6,1996-07-01,0.000947185897859804,-5.80125638514062e-05,-0.00100519846171121
MONETARY_BASE,triangulation,old_vs_new,AMBSL,BOGMBASE,6,1996-08-01,-0.000316262931074895,-0.00514508255629043,-0.00482881962521553
MONETARY_BASE,triangulation,old_vs_new,AMBSL,BOGMBASE,6,1996-09-01,-0.000874420738476545,-5.95149663062955e-06,0.000868469241845915
MONETARY_BASE,triangulation,old_vs_new,AMBSL,BOGMBASE,6,1996-10-01,-0.0013137272935948,-0.00133101109744338,-1.72838038485779e-05
MONETARY_BASE,triangulation,old_vs_new,AMBSL,BOGMBASE,6,1996-11-01,0.000316190567906105,0.00879004444647435,0.00847385387856825
MONETARY_BASE,triangulation,old_vs_new,AMBSL,BOGMBASE,6,1996-12-01,0.00360789940492179,0.00745838693892686,0.00385048753400508
MONETARY_BASE,triangulation,old_vs_new,AMBSL,BOGMBASE,6,1997-01-01,-0.00356861434113043,-0.0227448633280272,-0.0191762489868967
MONETARY_BASE,triangulation,old_vs_new,AMBSL,BOGMBASE,6,1997-02-01,0.00118841402780756,-0.000246633771724625,-0.00143504779953219
MONETARY_BASE,triangulation,old_vs_new,AMBSL,BOGMBASE,6,1997-03-01,-0.00132491736021478,0.010842438854902,0.0121673562151168
MONETARY_BASE,triangulation,old_vs_new,AMBSL,BOGMBASE,6,1997-04-01,0.00238275652518727,0.00169310927464128,-0.000689647250545988
MONETARY_BASE,triangulation,old_vs_new,AMBSL,BOGMBASE,6,1997-05-01,-0.00250001411986123,-0.00368090477116656,-0.00118089065130533
MONETARY_BASE,triangulation,old_vs_new,AMBSL,BOGMBASE,6,1997-06-01,-0.00103452826734873,0.00276065360413913,0.00379518187148786
MONETARY_BASE,triangulation,old_vs_new,AMBSL,BOGMBASE,6,1997-07-01,0.00464319132270585,0.00102189585637547,-0.00362129546633039
MONETARY_BASE,triangulation,old_vs_new,AMBSL,BOGMBASE,6,1997-08-01,-0.00136700615622853,-0.00446646016585728,-0.00309945400962874
MONETARY_BASE,triangulation,old_vs_new,AMBSL,BOGMBASE,6,1997-09-01,-0.00245303067561764,-0.000216728203874972,0.00223630247174267
MONETARY_BASE,triangulation,old_vs_new,AMBSL,BOGMBASE,6,1997-10-01,0.00281660070096557,0.00250984342726479,-0.000306757273700775
MONETARY_BASE,triangulation,old_vs_new,AMBSL,BOGMBASE,6,1997-11-01,0.00160361505057871,0.00951452251668616,0.00791090746610745
MONETARY_BASE,triangulation,old_vs_new,AMBSL,BOGMBASE,6,1997-12-01,-0.000889670247977925,0.00304729686114591,0.00393696710912383
MONETARY_BASE,triangulation,old_vs_new,AMBSL,BOGMBASE,6,1998-01-01,-0.00207414561812058,-0.0212488012448029,-0.0191746556266823
MONETARY_BASE,triangulation,old_vs_new,AMBSL,BOGMBASE,6,1998-02-01,-0.00127551514908575,-0.00185601819923509,-0.000580503050149339
MONETARY_BASE,triangulation,old_vs_new,AMBSL,BOGMBASE,6,1998-03-01,0.00260994883350385,0.0110260201543539,0.00841607132085009
MONETARY_BASE,triangulation,old_vs_new,AMBSL,BOGMBASE,6,1998-04-01,-0.00179036655393894,0.000984412499213327,0.00277477905315227
MONETARY_BASE,triangulation,old_vs_new,AMBSL,BOGMBASE,6,1998-05-01,-0.00344552972629941,-0.00407000253850232,-0.000624472812202903
MONETARY_BASE,triangulation,old_vs_new,AMBSL,BOGMBASE,6,1998-06-01,0.00480692526404347,0.00361534319016954,-0.00119158207387393
MONETARY_BASE,triangulation,old_vs_new,AMBSL,BOGMBASE,6,1998-07-01,-0.00476701615307906,0.00275661636589941,0.00752363251897847
MONETARY_BASE,triangulation,old_vs_new,AMBSL,BOGMBASE,6,1998-08-01,0.00553472079945116,-0.00363198036386958,-0.00916670116332075
MONETARY_BASE,triangulation,old_vs_new,AMBSL,BOGMBASE,6,1998-09-01,0.00246457390616239,0.00233768841226834,-0.000126885493894058
MONETARY_BASE,triangulation,old_vs_new,AMBSL,BOGMBASE,6,1998-10-01,-0.000187487617074211,0.000532497818801936,0.000719985435876147
MONETARY_BASE,triangulation,old_vs_new,AMBSL,BOGMBASE,6,1998-11-01,-0.00342371382004458,0.00322445032373775,0.00664816414378233
MONETARY_BASE,triangulation,old_vs_new,AMBSL,BOGMBASE,6,1998-12-01,-0.000199972306174523,0.00444874354975777,0.00464871585593229
MONETARY_BASE,triangulation,old_vs_new,AMBSL,BOGMBASE,6,1999-01-01,0.00497032298355027,-0.012661662996984,-0.0176319859805343
MONETARY_BASE,triangulation,old_vs_new,AMBSL,BOGMBASE,6,1999-02-01,-0.0019429951845904,-0.00569098363692611,-0.0037479884523357
MONETARY_BASE,triangulation,old_vs_new,AMBSL,BOGMBASE,6,1999-03-01,-0.000486917780810892,0.0115461330492943,0.0120330508301052
MONETARY_BASE,triangulation,old_vs_new,AMBSL,BOGMBASE,6,1999-04-01,-0.00217269528031494,-0.000822153658750935,0.00135054162156401
MONETARY_BASE,triangulation,old_vs_new,AMBSL,BOGMBASE,6,1999-05-01,0.00542114927663473,0.00216063745624773,-0.003260511820387
MONETARY_BASE,triangulation,old_vs_new,AMBSL,BOGMBASE,6,1999-06-01,-0.00652660082852652,-0.00376951201473297,0.00275708881379355
MONETARY_BASE,triangulation,old_vs_new,AMBSL,BOGMBASE,6,1999-07-01,-0.00173632299141158,0.00251521654213782,0.0042515395335494
MONETARY_BASE,triangulation,old_vs_new,AMBSL,BOGMBASE,6,1999-08-01,0.00334001243666737,-0.00405840737771168,-0.00739841981437905
MONETARY_BASE,triangulation,old_vs_new,AMBSL,BOGMBASE,6,1999-09-01,0.00735101442368258,0.00501918825249259,-0.00233182617118999
MONETARY_BASE,triangulation,old_vs_new,AMBSL,BOGMBASE,6,1999-10-01,0.00307115634132948,0.00434289722806724,0.00127174088673776
MONETARY_BASE,triangulation,old_vs_new,AMBSL,BOGMBASE,6,1999-11-01,0.00775704044492365,0.0174609499836773,0.00970390953875366
MONETARY_BASE,triangulation,old_vs_new,AMBSL,BOGMBASE,6,1999-12-01,0.0145883957496613,0.0181554104555737,0.00356701470591236
MONETARY_BASE,triangulation,old_vs_new,AMBSL,BOGMBASE,6,2000-01-01,-0.0540354311579225,-0.0671624919629883,-0.0131270608050658
MONETARY_BASE,triangulation,old_vs_new,AMBSL,BOGMBASE,6,2000-02-01,-0.0114638415245789,-0.0230598260161914,-0.0115959844916125
MONETARY_BASE,triangulation,old_vs_new,AMBSL,BOGMBASE,6,2000-03-01,0.022961854252034,0.0389591429258909,0.0159972886738569
MONETARY_BASE,triangulation,old_vs_new,AMBSL,BOGMBASE,6,2000-04-01,0.00671833120566667,0.00415413778057072,-0.00256419342509595
MONETARY_BASE,triangulation,old_vs_new,AMBSL,BOGMBASE,6,2000-05-01,0.00110576884140112,0.000854828223380899,-0.000250940618020223
MONETARY_BASE,triangulation,old_vs_new,AMBSL,BOGMBASE,6,2000-06-01,-0.00200291399161845,-0.00104226290758636,0.000960651084032094
MONETARY_BASE,triangulation,old_vs_new,AMBSL,BOGMBASE,6,2000-07-01,-0.000432824802381049,0.00136454608129366,0.00179737088367471
MONETARY_BASE,triangulation,old_vs_new,AMBSL,BOGMBASE,6,2000-08-01,-0.00294057979653672,-0.00514327474222132,-0.00220269494568459
MONETARY_BASE,triangulation,old_vs_new,AMBSL,BOGMBASE,6,2000-09-01,0.00257408231083822,0.00205573350641242,-0.000518348804425806
MONETARY_BASE,triangulation,old_vs_new,AMBSL,BOGMBASE,6,2000-10-01,0.00529265790290268,0.00188067689076732,-0.00341198101213536
MONETARY_BASE,triangulation,old_vs_new,AMBSL,BOGMBASE,6,2000-11-01,-0.00508476311617745,0.00594026807230819,0.0110250311884856
MONETARY_BASE,triangulation,old_vs_new,AMBSL,BOGMBASE,6,2000-12-01,0.000967720495594016,0.00495507219987346,0.00398735170427944
MONETARY_BASE,triangulation,old_vs_new,AMBSL,BOGMBASE,6,2001-01-01,0.00403154304930275,-0.0127930806140215,-0.0168246236633243
MONETARY_BASE,triangulation,old_vs_new,AMBSL,BOGMBASE,6,2001-02-01,-0.00210734880997077,-0.00535610771369388,-0.00324875890372311
MONETARY_BASE,triangulation,old_vs_new,AMBSL,BOGMBASE,6,2001-03-01,0.000137062296950319,0.0100434315153191,0.00990636921836874
MONETARY_BASE,triangulation,old_vs_new,AMBSL,BOGMBASE,6,2001-04-01,0.000669316712582635,-0.00102520820051932,-0.00169452491310196
MONETARY_BASE,triangulation,old_vs_new,AMBSL,BOGMBASE,6,2001-05-01,0.00268522628707579,0.00262552058821086,-5.97056988649314e-05
MONETARY_BASE,triangulation,old_vs_new,AMBSL,BOGMBASE,6,2001-06-01,-0.00424590355889087,-0.00168847183314202,0.00255743172574885
MONETARY_BASE,triangulation,old_vs_new,AMBSL,BOGMBASE,6,2001-07-01,0.00546277463939049,0.00599700379958534,0.000534229160194855
MONETARY_BASE,triangulation,old_vs_new,AMBSL,BOGMBASE,6,2001-08-01,0.00254044791136554,-0.000928496360418585,-0.00346894427178412
MONETARY_BASE,triangulation,old_vs_new,AMBSL,BOGMBASE,6,2001-09-01,0.027355987589627,0.0287363835494379,0.00138039595981088
MONETARY_BASE,triangulation,old_vs_new,AMBSL,BOGMBASE,6,2001-10-01,-0.0504768430202125,-0.0577878486914551,-0.00731100567124265
MONETARY_BASE,triangulation,old_vs_new,AMBSL,BOGMBASE,6,2001-11-01,0.00765121735947982,0.0254621668973263,0.0178109495378465
MONETARY_BASE,triangulation,old_vs_new,AMBSL,BOGMBASE,6,2001-12-01,0.0104317819541215,0.010769043240014,0.000337261285892509
MONETARY_BASE,triangulation,old_vs_new,AMBSL,BOGMBASE,6,2002-01-01,0.0056104394561487,-0.0129166353807575,-0.0185270748369062
MONETARY_BASE,triangulation,old_vs_new,AMBSL,BOGMBASE,6,2002-02-01,-0.000156645343063921,-0.00337625116825802,-0.00321960582519409
MONETARY_BASE,triangulation,old_vs_new,AMBSL,BOGMBASE,6,2002-03-01,-0.00724297345526725,0.00547630465845739,0.0127192781137246
MONETARY_BASE,triangulation,old_vs_new,AMBSL,BOGMBASE,6,2002-04-01,0.000845636925301818,-4.45804249817883e-05,-0.000890217350283606
MONETARY_BASE,triangulation,old_vs_new,AMBSL,BOGMBASE,6,2002-05-01,-0.000184388206368347,0.00115325546260081,0.00133764366896916
MONETARY_BASE,triangulation,old_vs_new,AMBSL,BOGMBASE,6,2002-06-01,0.00068250781899426,0.000236289453262373,-0.000446218365731887
MONETARY_BASE,triangulation,old_vs_new,AMBSL,BOGMBASE,6,2002-07-01,-0.000400882810993153,-0.000211391641359526,0.000189491169633627
MONETARY_BASE,triangulation,old_vs_new,AMBSL,BOGMBASE,6,2002-08-01,-0.00314373709686766,-0.00709696422018968,-0.00395322712332202
MONETARY_BASE,triangulation,old_vs_new,AMBSL,BOGMBASE,6,2002-09-01,-0.000480732324266597,0.000146442194932206,0.000627174519198803
MONETARY_BASE,triangulation,old_vs_new,AMBSL,BOGMBASE,6,2002-10-01,0.00700895920989186,0.00131993574520894,-0.00568902346468292
MONETARY_BASE,triangulation,old_vs_new,AMBSL,BOGMBASE,6,2002-11-01,-0.00642158965296868,0.00743013963720252,0.0138517292901712
MONETARY_BASE,triangulation,old_vs_new,AMBSL,BOGMBASE,6,2002-12-01,-0.000676356358281893,0.00578920753051282,0.00646556388879471
MONETARY_BASE,triangulation,old_vs_new,AMBSL,BOGMBASE,6,2003-01-01,0.00576015502924143,-0.0152784958041199,-0.0210386508333613
MONETARY_BASE,triangulation,old_vs_new,AMBSL,BOGMBASE,6,2003-02-01,0.00508710171479532,0.00228504195627277,-0.00280205975852255
MONETARY_BASE,triangulation,old_vs_new,AMBSL,BOGMBASE,6,2003-03-01,-0.00799752452558611,0.00368730485477453,0.0116848293803606
MONETARY_BASE,triangulation,old_vs_new,AMBSL,BOGMBASE,6,2003-04-01,0.00087426536879498,-3.71703983068628e-05,-0.000911435767101842
MONETARY_BASE,triangulation,old_vs_new,AMBSL,BOGMBASE,6,2003-05-01,-0.00274389520297458,-0.000316911799584041,0.00242698340339054
MONETARY_BASE,triangulation,old_vs_new,AMBSL,BOGMBASE,6,2003-06-01,-0.00155783728279602,-0.00394143826466653,-0.00238360098187052
MONETARY_BASE,triangulation,old_vs_new,AMBSL,BOGMBASE,6,2003-07-01,0.000841106962934823,0.00180993133359308,0.000968824370658261
MONETARY_BASE,triangulation,old_vs_new,AMBSL,BOGMBASE,6,2003-08-01,0.00320924810893963,0.000958352615367808,-0.00225089549357183
MONETARY_BASE,triangulation,old_vs_new,AMBSL,BOGMBASE,6,2003-09-01,-0.00524385998713583,-0.00431072815376599,0.000933131833369849
MONETARY_BASE,triangulation,old_vs_new,AMBSL,BOGMBASE,6,2003-10-01,0.0105657588097632,0.00484053829387499,-0.0057252205158882
MONETARY_BASE,triangulation,old_vs_new,AMBSL,BOGMBASE,6,2003-11-01,-0.00939672692517757,0.00285242882635739,0.012249155751535
MONETARY_BASE,triangulation,old_vs_new,AMBSL,BOGMBASE,6,2003-12-01,-0.00409339436197342,0.0040025725089361,0.00809596687090952
MONETARY_BASE,triangulation,old_vs_new,AMBSL,BOGMBASE,6,2004-01-01,0.00781234727859026,-0.0160385292849572,-0.0238508765635475
MONETARY_BASE,triangulation,old_vs_new,AMBSL,BOGMBASE,6,2004-02-01,0.00333103697662196,0.00257072698686134,-0.000760309989760621
MONETARY_BASE,triangulation,old_vs_new,AMBSL,BOGMBASE,6,2004-03-01,-0.00693099037160838,0.00353277589566758,0.010463766267276
MONETARY_BASE,triangulation,old_vs_new,AMBSL,BOGMBASE,6,2004-04-01,0.00327616198606417,0.00391610373118656,0.000639941745122385
MONETARY_BASE,triangulation,old_vs_new,AMBSL,BOGMBASE,6,2004-05-01,-0.0020540862591627,-0.000840285501752192,0.00121380075741051
MONETARY_BASE,triangulation,old_vs_new,AMBSL,BOGMBASE,6,2004-06-01,0.00403200989523889,0.00250816223104167,-0.00152384766419722
MONETARY_BASE,triangulation,old_vs_new,AMBSL,BOGMBASE,6,2004-07-01,0.000347619873561911,0.00113148534142393,0.000783865467862022
MONETARY_BASE,triangulation,old_vs_new,AMBSL,BOGMBASE,6,2004-08-01,-0.00601977761258965,-0.00888542832543049,-0.00286565071284084
MONETARY_BASE,triangulation,old_vs_new,AMBSL,BOGMBASE,6,2004-09-01,0.00460179742056432,0.00671362588920221,0.00211182846863789
MONETARY_BASE,triangulation,old_vs_new,AMBSL,BOGMBASE,6,2004-10-01,0.0018021798138923,-0.00435366699703899,-0.00615584681093129
MONETARY_BASE,triangulation,old_vs_new,AMBSL,BOGMBASE,6,2004-11-01,-0.00540508448371746,0.0063748621053028,0.0117799465890203
MONETARY_BASE,triangulation,old_vs_new,AMBSL,BOGMBASE,6,2004-12-01,-0.00958319256082785,-0.0011033755613914,0.00847981699943645
MONETARY_BASE,triangulation,old_vs_new,AMBSL,BOGMBASE,6,2005-01-01,0.0148855228052209,-0.00891737148654315,-0.0238028942917641
MONETARY_BASE,triangulation,old_vs_new,AMBSL,BOGMBASE,6,2005-02-01,0.000890557527946534,-0.00155340362865353,-0.00244396115660006
MONETARY_BASE,triangulation,old_vs_new,AMBSL,BOGMBASE,6,2005-03-01,-0.00768289037047509,0.00374738236402727,0.0114302727345024
MONETARY_BASE,triangulation,old_vs_new,AMBSL,BOGMBASE,6,2005-04-01,0.00115568166275004,0.00180631670317766,0.000650635040427616
MONETARY_BASE,triangulation,old_vs_new,AMBSL,BOGMBASE,6,2005-05-01,-0.0041248378702905,-0.00142244392521196,0.00270239394507854
MONETARY_BASE,triangulation,old_vs_new,AMBSL,BOGMBASE,6,2005-06-01,0.00798323085861163,0.00436323315312936,-0.00361999770548227
MONETARY_BASE,triangulation,old_vs_new,AMBSL,BOGMBASE,6,2005-07-01,-0.00357213303924198,-0.00270908104376755,0.000863051995474429
MONETARY_BASE,triangulation,old_vs_new,AMBSL,BOGMBASE,6,2005-08-01,-0.000244250634786169,-0.00306951389069887,-0.0028252632559127
MONETARY_BASE,triangulation,old_vs_new,AMBSL,BOGMBASE,6,2005-09-01,0.00357884515298235,0.00687719054392577,0.00329834539094342
MONETARY_BASE,triangulation,old_vs_new,AMBSL,BOGMBASE,6,2005-10-01,-0.000103539039586487,-0.00751052995444912,-0.00740699091486263
MONETARY_BASE,triangulation,old_vs_new,AMBSL,BOGMBASE,6,2005-11-01,-0.00437317630737244,0.00886002674201958,0.013233203049392
MONETARY_BASE,triangulation,old_vs_new,AMBSL,BOGMBASE,6,2005-12-01,-0.00340301232964535,0.00405450499953197,0.00745751732917732
MONETARY_BASE,triangulation,old_vs_new,AMBSL,BOGMBASE,6,2006-01-01,0.0143601455298672,-0.0106569439591953,-0.0250170894890624
MONETARY_BASE,triangulation,old_vs_new,AMBSL,BOGMBASE,6,2006-02-01,-0.00312959089933251,-0.000498703632242581,0.00263088726708993
MONETARY_BASE,triangulation,old_vs_new,AMBSL,BOGMBASE,6,2006-03-01,-0.00677700942230608,0.00556959910024268,0.0123466085225488
MONETARY_BASE,triangulation,old_vs_new,AMBSL,BOGMBASE,6,2006-04-01,-0.00042393893416115,-0.00755124227961179,-0.00712730334545064
MONETARY_BASE,triangulation,old_vs_new,AMBSL,BOGMBASE,6,2006-05-01,0.000431443923413433,0.00530446980289057,0.00487302587947713
MONETARY_BASE,triangulation,old_vs_new,AMBSL,BOGMBASE,6,2006-06-01,-0.00206412934403133,-0.00443903210743279,-0.00237490276340147
MONETARY_BASE,triangulation,old_vs_new,AMBSL,BOGMBASE,6,2006-07-01,-0.00216652046471566,-0.00086228890418738,0.00130423156052828
MONETARY_BASE,triangulation,old_vs_new,AMBSL,BOGMBASE,6,2006-08-01,0.00183926086673658,-0.00111213551099265,-0.00295139637772923
MONETARY_BASE,triangulation,old_vs_new,AMBSL,BOGMBASE,6,2006-09-01,-7.92919149263938e-05,0.00308472250498149,0.00316401441990788
MONETARY_BASE,triangulation,old_vs_new,AMBSL,BOGMBASE,6,2006-10-01,0.004897740896185,-0.00160479357881727,-0.00650253447500226
MONETARY_BASE,triangulation,old_vs_new,AMBSL,BOGMBASE,6,2006-11-01,-0.00150445079268646,0.00934761258880723,0.0108520633814937
MONETARY_BASE,triangulation,old_vs_new,AMBSL,BOGMBASE,6,2006-12-01,-0.00600908368853759,0.00344064215577955,0.00944972584431714
MONETARY_BASE,triangulation,old_vs_new,AMBSL,BOGMBASE,6,2007-01-01,0.0100070586247476,-0.0165332769897342,-0.0265403356144818
MONETARY_BASE,triangulation,old_vs_new,AMBSL,BOGMBASE,6,2007-02-01,-0.00243903478346663,0.000833811162788578,0.00327284594625521
MONETARY_BASE,triangulation,old_vs_new,AMBSL,BOGMBASE,6,2007-03-01,-0.00336716974289697,0.00474881951469364,0.00811598925759061
MONETARY_BASE,triangulation,old_vs_new,AMBSL,BOGMBASE,6,2007-04-01,-0.000166064090512563,0.00145794222692697,0.00162400631743953
MONETARY_BASE,triangulation,old_vs_new,AMBSL,BOGMBASE,6,2007-05-01,-0.000152661946685839,0.000720409423464297,0.000873071370150136
MONETARY_BASE,triangulation,old_vs_new,AMBSL,BOGMBASE,6,2007-06-01,0.0010632450344179,-0.00146031841553196,-0.00252356344994986
MONETARY_BASE,triangulation,old_vs_new,AMBSL,BOGMBASE,6,2007-07-01,-0.00100769394322953,0.000238024512534629,0.00124571845576416
MONETARY_BASE,triangulation,old_vs_new,AMBSL,BOGMBASE,6,2007-08-01,0.000994672192813795,-0.00120888052547929,-0.00220355271829309
MONETARY_BASE,triangulation,old_vs_new,AMBSL,BOGMBASE,6,2007-09-01,-0.0040937752185819,-0.00349953920584323,0.000594236012738669
MONETARY_BASE,triangulation,old_vs_new,AMBSL,BOGMBASE,6,2007-10-01,0.00808547562264472,0.00458730399599006,-0.00349817162665467
MONETARY_BASE,triangulation,old_vs_new,AMBSL,BOGMBASE,6,2007-11-01,-0.004612283989883,0.00444099366475026,0.00905327765463326
MONETARY_BASE,triangulation,old_vs_new,AMBSL,BOGMBASE,6,2007-12-01,-0.0129982474967019,-0.00290295410891872,0.0100952933877831
MONETARY_BASE,triangulation,old_vs_new,AMBSL,BOGMBASE,6,2008-01-01,0.0165138136732121,-0.0113846000390065,-0.0278984137122187
MONETARY_BASE,triangulation,old_vs_new,AMBSL,BOGMBASE,6,2008-02-01,0.00200541572564727,0.00658943780903787,0.00458402208339059
MONETARY_BASE,triangulation,old_vs_new,AMBSL,BOGMBASE,6,2008-03-01,-0.00257335069946141,0.00553575410249696,0.00810910480195837
MONETARY_BASE,triangulation,old_vs_new,AMBSL,BOGMBASE,6,2008-04-01,-0.00997722603129336,-0.00757753908424785,0.00239968694704551
MONETARY_BASE,triangulation,old_vs_new,AMBSL,BOGMBASE,6,2008-05-01,0.0116948220637596,0.00877274978565623,-0.00292207227810337
MONETARY_BASE,triangulation,old_vs_new,AMBSL,BOGMBASE,6,2008-06-01,-0.00213518798035572,0.00116183664083902,0.00329702462119474
MONETARY_BASE,triangulation,old_vs_new,AMBSL,BOGMBASE,6,2008-07-01,0.0052072420298801,0.00149315603818234,-0.00371408599169776
MONETARY_BASE,triangulation,old_vs_new,AMBSL,BOGMBASE,6,2008-08-01,-0.00817301264853665,-0.00735260417468364,0.000820408473853007
MONETARY_BASE,triangulation,old_vs_new,AMBSL,BOGMBASE,6,2008-09-01,0.0702530399229504,0.0699979166917819,-0.000255123231168497
MONETARY_BASE,triangulation,old_vs_new,AMBSL,BOGMBASE,6,2008-10-01,0.127549388183273,0.151799726718146,0.0242503385348725
MONETARY_BASE,triangulation,old_vs_new,AMBSL,BOGMBASE,6,2008-11-01,0.061060941077046,0.015867915457414,-0.045193025619632
MONETARY_BASE,triangulation,old_vs_new,AMBSL,BOGMBASE,6,2008-12-01,-0.139798721273012,-0.0939471412521335,0.0458515800208783
MONETARY_BASE,triangulation,old_vs_new,AMBSL,BOGMBASE,6,2009-01-01,-0.0839882717734435,-0.117429882602372,-0.0334416108289286
MONETARY_BASE,triangulation,old_vs_new,AMBSL,BOGMBASE,6,2009-02-01,-0.120213963852913,-0.118883972962813,0.00132999089009989
MONETARY_BASE,triangulation,old_vs_new,AMBSL,BOGMBASE,6,2009-03-01,0.132461890131427,0.145249918667024,0.0127880285355966
MONETARY_BASE,triangulation,old_vs_new,AMBSL,BOGMBASE,6,2009-04-01,0.0209363123679633,0.00894249313258122,-0.0119938192353821
MONETARY_BASE,triangulation,old_vs_new,AMBSL,BOGMBASE,6,2009-05-01,-0.0625969895098928,-0.0498910357856142,0.0127059537242786
MONETARY_BASE,triangulation,old_vs_new,AMBSL,BOGMBASE,6,2009-06-01,-0.0607927480662243,-0.0652770764931079,-0.00448432842688362
MONETARY_BASE,triangulation,old_vs_new,AMBSL,BOGMBASE,6,2009-07-01,0.048330567575757,0.0468462488938535,-0.00148431868190357
MONETARY_BASE,triangulation,old_vs_new,AMBSL,BOGMBASE,6,2009-08-01,0.0261388773223814,0.0280008602753012,0.00186198295291984
MONETARY_BASE,triangulation,old_vs_new,AMBSL,BOGMBASE,6,2009-09-01,0.0315608411430581,0.0295079095925121,-0.00205293155054598
MONETARY_BASE,triangulation,old_vs_new,AMBSL,BOGMBASE,6,2009-10-01,0.030399533367806,0.0208338140072728,-0.00956571936053319
MONETARY_BASE,triangulation,old_vs_new,AMBSL,BOGMBASE,6,2009-11-01,-0.0475661960310028,-0.0277326114266367,0.019833584604366
MONETARY_BASE,triangulation,old_vs_new,AMBSL,BOGMBASE,6,2009-12-01,-0.0479547860909912,-0.0438032472003727,0.00415153889061859
MONETARY_BASE,triangulation,old_vs_new,AMBSL,BOGMBASE,6,2010-01-01,0.0098899431871784,-0.0163080347505389,-0.0261979779377173
MONETARY_BASE,triangulation,old_vs_new,AMBSL,BOGMBASE,6,2010-02-01,0.071303315303985,0.0740233876290155,0.00272007232503046
MONETARY_BASE,triangulation,old_vs_new,AMBSL,BOGMBASE,6,2010-03-01,-0.0885801625010512,-0.0754791234812089,0.0131010390198423
MONETARY_BASE,triangulation,old_vs_new,AMBSL,BOGMBASE,6,2010-04-01,-0.00914658235238797,-0.0148803800716717,-0.00573379771928373
MONETARY_BASE,triangulation,old_vs_new,AMBSL,BOGMBASE,6,2010-05-01,0.0251813828429439,0.0308111454017173,0.00562976255877334
MONETARY_BASE,triangulation,old_vs_new,AMBSL,BOGMBASE,6,2010-06-01,-0.00034932249583175,-0.00388884753699692,-0.00353952504116517
MONETARY_BASE,triangulation,old_vs_new,AMBSL,BOGMBASE,6,2010-07-01,0.000801708325673722,0.000878535796368318,7.68274706945959e-05
MONETARY_BASE,triangulation,old_vs_new,AMBSL,BOGMBASE,6,2010-08-01,0.00409460669390516,0.00375244684799458,-0.000342159845910572
MONETARY_BASE,triangulation,old_vs_new,AMBSL,BOGMBASE,6,2010-09-01,-0.0164872817787778,-0.0161347753613077,0.000352506417470089
MONETARY_BASE,triangulation,old_vs_new,AMBSL,BOGMBASE,6,2010-10-01,0.0254702556434516,0.0166905915299633,-0.00877966411348829
MONETARY_BASE,triangulation,old_vs_new,AMBSL,BOGMBASE,6,2010-11-01,-0.01241895035115,0.00553955228181469,0.0179585026329647
MONETARY_BASE,triangulation,old_vs_new,AMBSL,BOGMBASE,6,2010-12-01,0.0127807756278315,0.0162108832387204,0.00343010761088891
MONETARY_BASE,triangulation,old_vs_new,AMBSL,BOGMBASE,6,2011-01-01,0.0144606319315495,-0.00680173009074103,-0.0212623620222905
MONETARY_BASE,triangulation,old_vs_new,AMBSL,BOGMBASE,6,2011-02-01,0.0632159992302705,0.0616977387334563,-0.00151826049681425
MONETARY_BASE,triangulation,old_vs_new,AMBSL,BOGMBASE,6,2011-03-01,-0.00767530502734814,0.0028908908755616,0.0105661959029097
MONETARY_BASE,triangulation,old_vs_new,AMBSL,BOGMBASE,6,2011-04-01,-0.0373412553180117,-0.0383709262409733,-0.00102967092296158
MONETARY_BASE,triangulation,old_vs_new,AMBSL,BOGMBASE,6,2011-05-01,-0.0188280276339485,-0.0135353176774036,0.00529270995654496
MONETARY_BASE,triangulation,old_vs_new,AMBSL,BOGMBASE,6,2011-06-01,0.00791719492152687,0.0032916266102383,-0.00462556831128857
MONETARY_BASE,triangulation,old_vs_new,AMBSL,BOGMBASE,6,2011-07-01,-0.018896363814723,-0.0175648359006289,0.00133152791409419
MONETARY_BASE,triangulation,old_vs_new,AMBSL,BOGMBASE,6,2011-08-01,-0.0205175599087202,-0.0237579454750962,-0.00324038556637607
MONETARY_BASE,triangulation,old_vs_new,AMBSL,BOGMBASE,6,2011-09-01,-0.000332208620675623,0.0025913883940003,0.00292359701467593
MONETARY_BASE,triangulation,old_vs_new,AMBSL,BOGMBASE,6,2011-10-01,0.017122001524716,0.00759167289126861,-0.00953032863344738
MONETARY_BASE,triangulation,old_vs_new,AMBSL,BOGMBASE,6,2011-11-01,-0.0290813845875109,-0.0123969332267988,0.0166844513607121
MONETARY_BASE,triangulation,old_vs_new,AMBSL,BOGMBASE,6,2011-12-01,0.0134273426185771,0.0177944422087553,0.00436709959017811
MONETARY_BASE,triangulation,old_vs_new,AMBSL,BOGMBASE,6,2012-01-01,0.0242141256119464,0.00262484711465039,-0.021589278497296
MONETARY_BASE,triangulation,old_vs_new,AMBSL,BOGMBASE,6,2012-02-01,0.0150481065966694,0.0120333763139389,-0.00301473028273058
MONETARY_BASE,triangulation,old_vs_new,AMBSL,BOGMBASE,6,2012-03-01,-0.0498579229519223,-0.0347492071512665,0.0151087158006558
MONETARY_BASE,triangulation,old_vs_new,AMBSL,BOGMBASE,6,2012-04-01,0.0141276794378724,0.00883873893133202,-0.00528894050654038
MONETARY_BASE,triangulation,old_vs_new,AMBSL,BOGMBASE,6,2012-05-01,-0.0106871521458487,-0.00304878517168117,0.00763836697416753
MONETARY_BASE,triangulation,old_vs_new,AMBSL,BOGMBASE,6,2012-06-01,0.018333096505522,0.00974426063726508,-0.00858883586825687
MONETARY_BASE,triangulation,old_vs_new,AMBSL,BOGMBASE,6,2012-07-01,0.00549904145110958,0.0101342581819468,0.00463521673083722
MONETARY_BASE,triangulation,old_vs_new,AMBSL,BOGMBASE,6,2012-08-01,-0.00908950324297919,-0.00991825939823077,-0.000828756155251575
MONETARY_BASE,triangulation,old_vs_new,AMBSL,BOGMBASE,6,2012-09-01,-0.020243998196344,-0.0223704253683357,-0.00212642717199163
MONETARY_BASE,triangulation,old_vs_new,AMBSL,BOGMBASE,6,2012-10-01,0.032459726065305,0.0277674344042538,-0.00469229166105123
MONETARY_BASE,triangulation,old_vs_new,AMBSL,BOGMBASE,6,2012-11-01,-0.00620988778299836,0.00682006577728966,0.013029953560288
MONETARY_BASE,triangulation,old_vs_new,AMBSL,BOGMBASE,6,2012-12-01,-0.00925561774710015,-0.00237731514740158,0.00687830259969857
MONETARY_BASE,triangulation,old_vs_new,AMBSL,BOGMBASE,6,2013-01-01,0.0371537067243297,0.0133579843999696,-0.0237957223243601
MONETARY_BASE,triangulation,old_vs_new,AMBSL,BOGMBASE,6,2013-02-01,0.010584337711145,0.0127979506053917,0.00221361289424671
MONETARY_BASE,triangulation,old_vs_new,AMBSL,BOGMBASE,6,2013-03-01,-0.0107738604470766,-0.00605140110318292,0.0047224593438937
MONETARY_BASE,triangulation,old_vs_new,AMBSL,BOGMBASE,6,2013-04-01,-0.00985496415699583,-0.00524169300297928,0.00461327115401655
MONETARY_BASE,triangulation,old_vs_new,AMBSL,BOGMBASE,6,2013-05-01,0.00619112945011757,0.00853696465345521,0.00234583520333764
MONETARY_BASE,triangulation,old_vs_new,AMBSL,BOGMBASE,6,2013-06-01,-0.00404210488330214,-0.00755368292043457,-0.00351157803713242
MONETARY_BASE,triangulation,old_vs_new,AMBSL,BOGMBASE,6,2013-07-01,0.000790701971403962,0.000761101785466067,-2.96001859378947e-05
MONETARY_BASE,triangulation,old_vs_new,AMBSL,BOGMBASE,6,2013-08-01,0.00555172747184507,0.00474913264293697,-0.000802594828908099
MONETARY_BASE,triangulation,old_vs_new,AMBSL,BOGMBASE,6,2013-09-01,-0.00667664830951864,-0.00672952679260241,-5.28784830837736e-05
MONETARY_BASE,triangulation,old_vs_new,AMBSL,BOGMBASE,6,2013-10-01,0.0082835801049157,0.0034385882265493,-0.0048449918783664
MONETARY_BASE,triangulation,old_vs_new,AMBSL,BOGMBASE,6,2013-11-01,-0.0146160647405065,-0.00285077315189497,0.0117652915886115
MONETARY_BASE,triangulation,old_vs_new,AMBSL,BOGMBASE,6,2013-12-01,-0.0240169544276494,-0.0172596267759673,0.00675732765168213
MONETARY_BASE,triangulation,old_vs_new,AMBSL,BOGMBASE,6,2014-01-01,0.0175326007779493,-0.0059348191213644,-0.0234674198993137
MONETARY_BASE,triangulation,old_vs_new,AMBSL,BOGMBASE,6,2014-02-01,0.0227956338956563,0.0247915212029639,0.0019958873073076
MONETARY_BASE,triangulation,old_vs_new,AMBSL,BOGMBASE,6,2014-03-01,-0.0213552237324741,-0.0141436504845345,0.00721157324793964
MONETARY_BASE,triangulation,old_vs_new,AMBSL,BOGMBASE,6,2014-04-01,-0.00446639874276933,-0.002139569521594,0.00232682922117533
MONETARY_BASE,triangulation,old_vs_new,AMBSL,BOGMBASE,6,2014-05-01,-0.0182377959467104,-0.016359504771934,0.00187829117477634
MONETARY_BASE,triangulation,old_vs_new,AMBSL,BOGMBASE,6,2014-06-01,0.0179974058827845,0.014362073601669,-0.00363533228111557
MONETARY_BASE,triangulation,old_vs_new,AMBSL,BOGMBASE,6,2014-07-01,-0.000175243843440143,0.000713752053417949,0.000888995896858091
MONETARY_BASE,triangulation,old_vs_new,AMBSL,BOGMBASE,6,2014-08-01,0.0122099383678833,0.0111258744146649,-0.00108406395321836
MONETARY_BASE,triangulation,old_vs_new,AMBSL,BOGMBASE,6,2014-09-01,-0.0279024896192084,-0.0276565210945581,0.000245968524650308
MONETARY_BASE,triangulation,old_vs_new,AMBSL,BOGMBASE,6,2014-10-01,-0.00143623033051554,-0.00549862396712975,-0.0040623936366142
MONETARY_BASE,triangulation,old_vs_new,AMBSL,BOGMBASE,6,2014-11-01,-0.0414337210304012,-0.0318500145259506,0.00958370650445062
MONETARY_BASE,triangulation,old_vs_new,AMBSL,BOGMBASE,6,2014-12-01,0.0620315082061218,0.0705146270548305,0.00848311884870867
MONETARY_BASE,triangulation,old_vs_new,AMBSL,BOGMBASE,6,2015-01-01,0.0176519368150689,-0.00603813233734307,-0.023690069152412
MONETARY_BASE,triangulation,old_vs_new,AMBSL,BOGMBASE,6,2015-02-01,-0.069529560977859,-0.0657341230843826,0.00379543789347636
MONETARY_BASE,triangulation,old_vs_new,AMBSL,BOGMBASE,6,2015-03-01,0.0929375902189076,0.0932703646049937,0.000332774386086143
MONETARY_BASE,triangulation,old_vs_new,AMBSL,BOGMBASE,6,2015-04-01,-0.0522134812775708,-0.0411927506045142,0.0110207306730565
MONETARY_BASE,triangulation,old_vs_new,AMBSL,BOGMBASE,6,2015-05-01,-0.0342013758650754,-0.0345914419904556,-0.000390066125380173
MONETARY_BASE,triangulation,old_vs_new,AMBSL,BOGMBASE,6,2015-06-01,0.0303452275295175,0.0198974499387727,-0.0104477775907448
MONETARY_BASE,triangulation,old_vs_new,AMBSL,BOGMBASE,6,2015-07-01,0.0116586714130609,0.0181314627470286,0.00647279133396772
MONETARY_BASE,triangulation,old_vs_new,AMBSL,BOGMBASE,6,2015-08-01,-0.00621170301594276,-0.00481807182814187,0.00139363118780089
MONETARY_BASE,triangulation,old_vs_new,AMBSL,BOGMBASE,6,2015-09-01,0.0080321807038306,0.00536842845541941,-0.0026637522484112
MONETARY_BASE,triangulation,old_vs_new,AMBSL,BOGMBASE,6,2015-10-01,0.000629701905324964,-0.00319573800754469,-0.00382543991286965
MONETARY_BASE,triangulation,old_vs_new,AMBSL,BOGMBASE,6,2015-11-01,-0.0300889084638776,-0.0212501793736468,0.00883872909023076
MONETARY_BASE,triangulation,old_vs_new,AMBSL,BOGMBASE,6,2015-12-01,-0.035596773371104,-0.0302517829848696,0.00534499038623437
MONETARY_BASE,triangulation,old_vs_new,AMBSL,BOGMBASE,6,2016-01-01,0.0440133387615553,0.0322900903472672,-0.0117232484142882
MONETARY_BASE,triangulation,old_vs_new,AMBSL,BOGMBASE,6,2016-02-01,0.0431343060945579,0.0321219783023547,-0.0110123277922032
MONETARY_BASE,triangulation,old_vs_new,AMBSL,BOGMBASE,6,2016-03-01,-0.0290178633951594,-0.0141562075580506,0.0148616558371089
MONETARY_BASE,triangulation,old_vs_new,AMBSL,BOGMBASE,6,2016-04-01,-0.00825439058801258,-0.0132285513641008,-0.00497416077608825
MONETARY_BASE,triangulation,old_vs_new,AMBSL,BOGMBASE,6,2016-05-01,-0.0101436089021796,-0.00288045565991624,0.00726315324226334
MONETARY_BASE,triangulation,old_vs_new,AMBSL,BOGMBASE,6,2016-06-01,0.0106547743956984,0.00657177283993171,-0.00408300155576669
MONETARY_BASE,triangulation,old_vs_new,AMBSL,BOGMBASE,6,2016-07-01,-0.0118604365908581,-0.0110799510840884,0.000780485506769679
MONETARY_BASE,triangulation,old_vs_new,AMBSL,BOGMBASE,6,2016-08-01,0.0292387541098975,0.0255995292884919,-0.00363922482140566
MONETARY_BASE,triangulation,old_vs_new,AMBSL,BOGMBASE,6,2016-09-01,-0.0386734629981422,-0.0330456847639695,0.00562777823417271
MONETARY_BASE,triangulation,old_vs_new,AMBSL,BOGMBASE,6,2016-10-01,-0.0141356314205261,-0.0234376737645938,-0.00930204234406773
MONETARY_BASE,triangulation,old_vs_new,AMBSL,BOGMBASE,6,2016-11-01,0.0498808425194479,0.0608589874670358,0.0109781449475879
MONETARY_BASE,triangulation,old_vs_new,AMBSL,BOGMBASE,6,2016-12-01,-0.0501542969188833,-0.0434504164919343,0.00670388042694903
MONETARY_BASE,triangulation,old_vs_new,AMBSL,BOGMBASE,6,2017-01-01,0.0626614360093178,0.0453585618099943,-0.0173028741993235
MONETARY_BASE,triangulation,old_vs_new,AMBSL,BOGMBASE,6,2017-02-01,0.0269852142110736,0.0231802778116617,-0.00380493639941193
MONETARY_BASE,triangulation,old_vs_new,AMBSL,BOGMBASE,6,2017-03-01,-0.0230591959846933,-0.012199519662131,0.0108596763225624
MONETARY_BASE,triangulation,old_vs_new,AMBSL,BOGMBASE,6,2017-04-01,-0.0366659489795325,-0.0379256204147875,-0.00125967143525507
MONETARY_BASE,triangulation,old_vs_new,AMBSL,BOGMBASE,6,2017-05-01,-0.00566396347635489,-0.00344109538030501,0.00222286809604988
MONETARY_BASE,triangulation,old_vs_new,AMBSL,BOGMBASE,6,2017-06-01,0.0146459479778454,0.00937585157482701,-0.00527009640301834
MONETARY_BASE,triangulation,old_vs_new,AMBSL,BOGMBASE,6,2017-07-01,0.00160514782579035,0.0117045145776942,0.0100993667519038
MONETARY_BASE,triangulation,old_vs_new,AMBSL,BOGMBASE,6,2017-08-01,0.0308963623847447,0.0211211208374529,-0.00977524154729181
MONETARY_BASE,triangulation,old_vs_new,AMBSL,BOGMBASE,6,2017-09-01,-0.0435164514165809,-0.0388683186349414,0.00464813278163945
MONETARY_BASE,triangulation,old_vs_new,AMBSL,BOGMBASE,6,2017-10-01,0.00728045912376807,-0.00245717725534256,-0.00973763637911063
MONETARY_BASE,triangulation,old_vs_new,AMBSL,BOGMBASE,6,2017-11-01,0.0175740312421233,0.0316882014645312,0.0141141702224079
MONETARY_BASE,triangulation,old_vs_new,AMBSL,BOGMBASE,6,2017-12-01,-0.0401805199101073,-0.034726383225907,0.00545413668420025
MONETARY_BASE,triangulation,old_vs_new,AMBSL,BOGMBASE,6,2018-01-01,0.0266799743397446,0.00778943428911028,-0.0188905400506343
MONETARY_BASE,triangulation,old_vs_new,AMBSL,BOGMBASE,6,2018-02-01,0.0167915667408316,0.0147174451893317,-0.00207412155149989
MONETARY_BASE,triangulation,old_vs_new,AMBSL,BOGMBASE,6,2018-03-01,-0.0321466544205808,-0.0221287666972696,0.0100178877233112
MONETARY_BASE,triangulation,old_vs_new,AMBSL,BOGMBASE,6,2018-04-01,-0.00536547947217159,-0.00529049962544192,7.49798467296614e-05
MONETARY_BASE,triangulation,old_vs_new,AMBSL,BOGMBASE,6,2018-05-01,0.00409734102360026,0.00539675568284537,0.0012994146592451
MONETARY_BASE,triangulation,old_vs_new,AMBSL,BOGMBASE,6,2018-06-01,0.0111619513825403,0.00749717705237885,-0.00366477433016144
MONETARY_BASE,triangulation,old_vs_new,AMBSL,BOGMBASE,6,2018-07-01,-0.0073619951271553,-0.00222527733766142,0.00513671778949387
MONETARY_BASE,triangulation,old_vs_new,AMBSL,BOGMBASE,6,2018-08-01,0.0048621767301622,-0.000525465725548457,-0.00538764245571066
MONETARY_BASE,triangulation,old_vs_new,AMBSL,BOGMBASE,6,2018-09-01,-0.00115754071556218,0.00247067716410676,0.00362821787966894
MONETARY_BASE,triangulation,old_vs_new,AMBSL,BOGMBASE,6,2018-10-01,0.00538081520003075,-0.00407309396307909,-0.00945390916310984
MONETARY_BASE,triangulation,old_vs_new,AMBSL,BOGMBASE,6,2018-11-01,-0.0157270764840067,-0.00176040420585544,0.0139666722781513
MONETARY_BASE,triangulation,old_vs_new,AMBSL,BOGMBASE,6,2018-12-01,-0.0158008521806856,-0.00923908802455031,0.0065617641561353
MONETARY_BASE,triangulation,old_vs_new,AMBSL,BOGMBASE,6,2019-01-01,0.0259478701217457,0.00604046849017337,-0.0199074016315723
MONETARY_BASE,triangulation,old_vs_new,AMBSL,BOGMBASE,6,2019-02-01,0.0211051643022078,0.0179167807806326,-0.00318838352157513
MONETARY_BASE,triangulation,old_vs_new,AMBSL,BOGMBASE,6,2019-03-01,-0.00434520584314058,0.00634478919815606,0.0106899950412966
MONETARY_BASE,triangulation,old_vs_new,AMBSL,BOGMBASE,6,2019-04-01,-0.0364050810512246,-0.036750197625226,-0.000345116574001381
MONETARY_BASE,triangulation,old_vs_new,AMBSL,BOGMBASE,6,2019-05-01,0.0138473155327947,0.0155126093462759,0.00166529381348113
MONETARY_BASE,triangulation,old_vs_new,AMBSL,BOGMBASE,6,2019-06-01,0.023584186781278,0.022218310244817,-0.00136587653646103
MONETARY_BASE,triangulation,old_vs_new,AMBSL,BOGMBASE,6,2019-07-01,-0.0157450683710429,-0.0137331262767315,0.00201194209431144
MONETARY_BASE,triangulation,old_vs_new,AMBSL,BOGMBASE,6,2019-08-01,0.0125870284606879,0.0078363949934559,-0.00475063346723203
MONETARY_BASE,triangulation,old_vs_new,AMBSL,BOGMBASE,6,2019-09-01,-0.0302190190003113,-0.0246226359513351,0.00559638304897625
MONETARY_BASE,triangulation,old_vs_new,AMBSL,BOGMBASE,6,2019-10-01,0.0473548260164574,0.0367457836367375,-0.0106090423797198
MONETARY_BASE,triangulation,old_vs_new,AMBSL,BOGMBASE,6,2019-11-01,-0.00882406522955392,0.00360047900009342,0.0124245442296473
PPI_FINISHED_CONSUMER_GOODS,pairwise,old_vs_new,PPIFCG,WPSFD49502,6,1947-06-01,0,0,0
PPI_FINISHED_CONSUMER_GOODS,pairwise,old_vs_new,PPIFCG,WPSFD49502,6,1947-07-01,0,0,0
PPI_FINISHED_CONSUMER_GOODS,pairwise,old_vs_new,PPIFCG,WPSFD49502,6,1947-08-01,0.00704228262541307,0.00704228262541307,0
PPI_FINISHED_CONSUMER_GOODS,pairwise,old_vs_new,PPIFCG,WPSFD49502,6,1947-09-01,0.00689522521836849,0.00689522521836849,0
PPI_FINISHED_CONSUMER_GOODS,pairwise,old_vs_new,PPIFCG,WPSFD49502,6,1947-10-01,-0.00361039368793215,-0.00361039368793215,0
PPI_FINISHED_CONSUMER_GOODS,pairwise,old_vs_new,PPIFCG,WPSFD49502,6,1947-11-01,0.00327853789992938,0.00327853789992938,0
PPI_FINISHED_CONSUMER_GOODS,pairwise,old_vs_new,PPIFCG,WPSFD49502,6,1947-12-01,0.0031451583690365,0.0031451583690365,0
PPI_FINISHED_CONSUMER_GOODS,pairwise,old_vs_new,PPIFCG,WPSFD49502,6,1948-01-01,0.00623870779988378,0.00623870779988378,0
PPI_FINISHED_CONSUMER_GOODS,pairwise,old_vs_new,PPIFCG,WPSFD49502,6,1948-02-01,-0.0327775245908621,-0.0327775245908621,0
PPI_FINISHED_CONSUMER_GOODS,pairwise,old_vs_new,PPIFCG,WPSFD49502,6,1948-03-01,0.00978800636616306,0.00978800636616306,0
PPI_FINISHED_CONSUMER_GOODS,pairwise,old_vs_new,PPIFCG,WPSFD49502,6,1948-04-01,0.00653597097978542,0.00653597097978542,0
PPI_FINISHED_CONSUMER_GOODS,pairwise,old_vs_new,PPIFCG,WPSFD49502,6,1948-05-01,-4.24416692372809e-05,-4.24416692372809e-05,0
PPI_FINISHED_CONSUMER_GOODS,pairwise,old_vs_new,PPIFCG,WPSFD49502,6,1948-06-01,-0.00649352931054814,-0.00649352931054814,0
PPI_FINISHED_CONSUMER_GOODS,pairwise,old_vs_new,PPIFCG,WPSFD49502,6,1948-07-01,0.00645163528148895,0.00645163528148895,0
PPI_FINISHED_CONSUMER_GOODS,pairwise,old_vs_new,PPIFCG,WPSFD49502,6,1948-08-01,-0.00324135965124084,-0.00324135965124084,0
PPI_FINISHED_CONSUMER_GOODS,pairwise,old_vs_new,PPIFCG,WPSFD49502,6,1948-09-01,-0.00964116596053843,-0.00964116596053843,0
PPI_FINISHED_CONSUMER_GOODS,pairwise,old_vs_new,PPIFCG,WPSFD49502,6,1948-10-01,0.00319986974884356,0.00319986974884356,0
PPI_FINISHED_CONSUMER_GOODS,pairwise,old_vs_new,PPIFCG,WPSFD49502,6,1948-11-01,-0.00652515436391754,-0.00652515436391754,0
PPI_FINISHED_CONSUMER_GOODS,pairwise,old_vs_new,PPIFCG,WPSFD49502,6,1948-12-01,0.00319877439920502,0.00319877439920502,0
PPI_FINISHED_CONSUMER_GOODS,pairwise,old_vs_new,PPIFCG,WPSFD49502,6,1949-01-01,-4.32834851928909e-05,-4.32834851928909e-05,0
PPI_FINISHED_CONSUMER_GOODS,pairwise,old_vs_new,PPIFCG,WPSFD49502,6,1949-02-01,-0.0033827599528311,-0.0033827599528311,0
PPI_FINISHED_CONSUMER_GOODS,pairwise,old_vs_new,PPIFCG,WPSFD49502,6,1949-03-01,0.00663335709890145,0.00663335709890145,0
PPI_FINISHED_CONSUMER_GOODS,pairwise,old_vs_new,PPIFCG,WPSFD49502,6,1949-04-01,-0.00338394529606223,-0.00338394529606223,0
PPI_FINISHED_CONSUMER_GOODS,pairwise,old_vs_new,PPIFCG,WPSFD49502,6,1949-05-01,0.00334993419710372,0.00334993419710372,0
PPI_FINISHED_CONSUMER_GOODS,pairwise,old_vs_new,PPIFCG,WPSFD49502,6,1949-06-01,-1.14910168980131e-05,-1.14910168980131e-05,0
PPI_FINISHED_CONSUMER_GOODS,pairwise,old_vs_new,PPIFCG,WPSFD49502,6,1949-07-01,-0.00343037606926178,-0.00343037606926178,0
PPI_FINISHED_CONSUMER_GOODS,pairwise,old_vs_new,PPIFCG,WPSFD49502,6,1949-08-01,0.0033954299736112,0.0033954299736112,0
PPI_FINISHED_CONSUMER_GOODS,pairwise,old_vs_new,PPIFCG,WPSFD49502,6,1949-09-01,-1.18090941838567e-05,-1.18090941838567e-05,0
PPI_FINISHED_CONSUMER_GOODS,pairwise,old_vs_new,PPIFCG,WPSFD49502,6,1949-10-01,-1.18906771149341e-05,-1.18906771149341e-05,0
PPI_FINISHED_CONSUMER_GOODS,pairwise,old_vs_new,PPIFCG,WPSFD49502,6,1949-11-01,0.00690846973617543,0.00690846973617543,0
PPI_FINISHED_CONSUMER_GOODS,pairwise,old_vs_new,PPIFCG,WPSFD49502,6,1949-12-01,-0.0138529420889864,-0.0138529420889864,0
PPI_FINISHED_CONSUMER_GOODS,pairwise,old_vs_new,PPIFCG,WPSFD49502,6,1950-01-01,0.0138769715972233,0.0138769715972233,0
PPI_FINISHED_CONSUMER_GOODS,pairwise,old_vs_new,PPIFCG,WPSFD49502,6,1950-02-01,-1.20563998384782e-05,-1.20563998384782e-05,0
PPI_FINISHED_CONSUMER_GOODS,pairwise,old_vs_new,PPIFCG,WPSFD49502,6,1950-03-01,-0.00346620797648622,-0.00346620797648622,0
PPI_FINISHED_CONSUMER_GOODS,pairwise,old_vs_new,PPIFCG,WPSFD49502,6,1950-04-01,-0.00346620797648622,-0.00346620797648622,0
PPI_FINISHED_CONSUMER_GOODS,pairwise,old_vs_new,PPIFCG,WPSFD49502,6,1950-05-01,0.0138289950120329,0.0138289950120329,0
PPI_FINISHED_CONSUMER_GOODS,pairwise,old_vs_new,PPIFCG,WPSFD49502,6,1950-06-01,-0.00693225193875779,-0.00693225193875779,0
PPI_FINISHED_CONSUMER_GOODS,pairwise,old_vs_new,PPIFCG,WPSFD49502,6,1950-07-01,0.0202592360256157,0.0202592360256157,0
PPI_FINISHED_CONSUMER_GOODS,pairwise,old_vs_new,PPIFCG,WPSFD49502,6,1950-08-01,-0.00710564310686923,-0.00710564310686923,0
PPI_FINISHED_CONSUMER_GOODS,pairwise,old_vs_new,PPIFCG,WPSFD49502,6,1950-09-01,-0.00676408183456001,-0.00676408183456001,0
PPI_FINISHED_CONSUMER_GOODS,pairwise,old_vs_new,PPIFCG,WPSFD49502,6,1950-10-01,-0.00656801079459779,-0.00656801079459779,0
PPI_FINISHED_CONSUMER_GOODS,pairwise,old_vs_new,PPIFCG,WPSFD49502,6,1950-11-01,0.00965136944952993,0.00965136944952993,0
PPI_FINISHED_CONSUMER_GOODS,pairwise,old_vs_new,PPIFCG,WPSFD49502,6,1950-12-01,0.00614479013478686,0.00614479013478686,0
PPI_FINISHED_CONSUMER_GOODS,pairwise,old_vs_new,PPIFCG,WPSFD49502,6,1951-01-01,-0.00344725452821448,-0.00344725452821448,0
PPI_FINISHED_CONSUMER_GOODS,pairwise,old_vs_new,PPIFCG,WPSFD49502,6,1951-02-01,-0.000239655280993123,-0.000239655280993123,0
PPI_FINISHED_CONSUMER_GOODS,pairwise,old_vs_new,PPIFCG,WPSFD49502,6,1951-03-01,-0.0153612851614868,-0.0153612851614868,0
PPI_FINISHED_CONSUMER_GOODS,pairwise,old_vs_new,PPIFCG,WPSFD49502,6,1951-04-01,0.00304414238122819,0.00304414238122819,0
PPI_FINISHED_CONSUMER_GOODS,pairwise,old_vs_new,PPIFCG,WPSFD49502,6,1951-05-01,-9.2386860739424e-06,-9.2386860739424e-06,0
PPI_FINISHED_CONSUMER_GOODS,pairwise,old_vs_new,PPIFCG,WPSFD49502,6,1951-06-01,-0.00911394977153668,-0.00911394977153668,0
PPI_FINISHED_CONSUMER_GOODS,pairwise,old_vs_new,PPIFCG,WPSFD49502,6,1951-07-01,-0.00310937997802352,-0.00310937997802352,0
PPI_FINISHED_CONSUMER_GOODS,pairwise,old_vs_new,PPIFCG,WPSFD49502,6,1951-08-01,0.00610675951699768,0.00610675951699768,0
PPI_FINISHED_CONSUMER_GOODS,pairwise,old_vs_new,PPIFCG,WPSFD49502,6,1951-09-01,0.00308166653740827,0.00308166653740827,0
PPI_FINISHED_CONSUMER_GOODS,pairwise,old_vs_new,PPIFCG,WPSFD49502,6,1951-10-01,0.00615386557437825,0.00615386557437825,0
PPI_FINISHED_CONSUMER_GOODS,pairwise,old_vs_new,PPIFCG,WPSFD49502,6,1951-11-01,-0.00615386557437825,-0.00615386557437825,0
PPI_FINISHED_CONSUMER_GOODS,pairwise,old_vs_new,PPIFCG,WPSFD49502,6,1951-12-01,0,0,0
PPI_FINISHED_CONSUMER_GOODS,pairwise,old_vs_new,PPIFCG,WPSFD49502,6,1952-01-01,-0.00615386557437825,-0.00615386557437825,0
PPI_FINISHED_CONSUMER_GOODS,pairwise,old_vs_new,PPIFCG,WPSFD49502,6,1952-02-01,0.00923553211178652,0.00923553211178652,0
PPI_FINISHED_CONSUMER_GOODS,pairwise,old_vs_new,PPIFCG,WPSFD49502,6,1952-03-01,-0.00308166653740827,-0.00308166653740827,0
PPI_FINISHED_CONSUMER_GOODS,pairwise,old_vs_new,PPIFCG,WPSFD49502,6,1952-04-01,-0.00617285910708087,-0.00617285910708087,0
PPI_FINISHED_CONSUMER_GOODS,pairwise,old_vs_new,PPIFCG,WPSFD49502,6,1952-05-01,0.00617285910708087,0.00617285910708087,0
PPI_FINISHED_CONSUMER_GOODS,pairwise,old_vs_new,PPIFCG,WPSFD49502,6,1952-06-01,0,0,0
PPI_FINISHED_CONSUMER_GOODS,pairwise,old_vs_new,PPIFCG,WPSFD49502,6,1952-07-01,0.00309119256967261,0.00309119256967261,0
PPI_FINISHED_CONSUMER_GOODS,pairwise,old_vs_new,PPIFCG,WPSFD49502,6,1952-08-01,-0.00618238513934521,-0.00618238513934521,0
PPI_FINISHED_CONSUMER_GOODS,pairwise,old_vs_new,PPIFCG,WPSFD49502,6,1952-09-01,-9.58510857573813e-06,-9.58510857573813e-06,0
PPI_FINISHED_CONSUMER_GOODS,pairwise,old_vs_new,PPIFCG,WPSFD49502,6,1952-10-01,0.00310077767824835,0.00310077767824835,0
PPI_FINISHED_CONSUMER_GOODS,pairwise,old_vs_new,PPIFCG,WPSFD49502,6,1952-11-01,-0.00623054975063608,-0.00623054975063608,0
PPI_FINISHED_CONSUMER_GOODS,pairwise,old_vs_new,PPIFCG,WPSFD49502,6,1952-12-01,-0.00318867216585561,-0.00318867216585561,0
PPI_FINISHED_CONSUMER_GOODS,pairwise,old_vs_new,PPIFCG,WPSFD49502,6,1953-01-01,0.0125688308193879,0.0125688308193879,0
PPI_FINISHED_CONSUMER_GOODS,pairwise,old_vs_new,PPIFCG,WPSFD49502,6,1953-02-01,-0.00629921780579235,-0.00629921780579235,0
PPI_FINISHED_CONSUMER_GOODS,pairwise,old_vs_new,PPIFCG,WPSFD49502,6,1953-03-01,0.00314960890289617,0.00314960890289617,0
PPI_FINISHED_CONSUMER_GOODS,pairwise,old_vs_new,PPIFCG,WPSFD49502,6,1953-04-01,-0.00315956029036846,-0.00315956029036846,0
PPI_FINISHED_CONSUMER_GOODS,pairwise,old_vs_new,PPIFCG,WPSFD49502,6,1953-05-01,0.00631912058073691,0.00631912058073691,0
PPI_FINISHED_CONSUMER_GOODS,pairwise,old_vs_new,PPIFCG,WPSFD49502,6,1953-06-01,-0.00315956029036846,-0.00315956029036846,0
PPI_FINISHED_CONSUMER_GOODS,pairwise,old_vs_new,PPIFCG,WPSFD49502,6,1953-07-01,0.00314960890289617,0.00314960890289617,0
PPI_FINISHED_CONSUMER_GOODS,pairwise,old_vs_new,PPIFCG,WPSFD49502,6,1953-08-01,-0.00314960890289617,-0.00314960890289617,0
PPI_FINISHED_CONSUMER_GOODS,pairwise,old_vs_new,PPIFCG,WPSFD49502,6,1953-09-01,0.00313972000466789,0.00313972000466789,0
PPI_FINISHED_CONSUMER_GOODS,pairwise,old_vs_new,PPIFCG,WPSFD49502,6,1953-10-01,-0.00627944000933578,-0.00627944000933578,0
PPI_FINISHED_CONSUMER_GOODS,pairwise,old_vs_new,PPIFCG,WPSFD49502,6,1953-11-01,-0.00316944918859674,-0.00316944918859674,0
PPI_FINISHED_CONSUMER_GOODS,pairwise,old_vs_new,PPIFCG,WPSFD49502,6,1953-12-01,0.00946872948363309,0.00946872948363309,0
PPI_FINISHED_CONSUMER_GOODS,pairwise,old_vs_new,PPIFCG,WPSFD49502,6,1954-01-01,0.00312976861719561,0.00312976861719561,0
PPI_FINISHED_CONSUMER_GOODS,pairwise,old_vs_new,PPIFCG,WPSFD49502,6,1954-02-01,-0.0157382181054966,-0.0157382181054966,0
PPI_FINISHED_CONSUMER_GOODS,pairwise,old_vs_new,PPIFCG,WPSFD49502,6,1954-03-01,0.012608449488301,0.012608449488301,0
PPI_FINISHED_CONSUMER_GOODS,pairwise,old_vs_new,PPIFCG,WPSFD49502,6,1954-04-01,0.00312976861719561,0.00312976861719561,0
PPI_FINISHED_CONSUMER_GOODS,pairwise,old_vs_new,PPIFCG,WPSFD49502,6,1954-05-01,-0.00628932890756406,-0.00628932890756406,0
PPI_FINISHED_CONSUMER_GOODS,pairwise,old_vs_new,PPIFCG,WPSFD49502,6,1954-06-01,-0.00628932890756406,-0.00628932890756406,0
PPI_FINISHED_CONSUMER_GOODS,pairwise,old_vs_new,PPIFCG,WPSFD49502,6,1954-07-01,0.00943893781046024,0.00943893781046024,0
PPI_FINISHED_CONSUMER_GOODS,pairwise,old_vs_new,PPIFCG,WPSFD49502,6,1954-08-01,-0.00314960890289617,-0.00314960890289617,0
PPI_FINISHED_CONSUMER_GOODS,pairwise,old_vs_new,PPIFCG,WPSFD49502,6,1954-09-01,-0.00630916919326463,-0.00630916919326463,0
PPI_FINISHED_CONSUMER_GOODS,pairwise,old_vs_new,PPIFCG,WPSFD49502,6,1954-10-01,0.00313959443198542,0.00313959443198542,0
PPI_FINISHED_CONSUMER_GOODS,pairwise,old_vs_new,PPIFCG,WPSFD49502,6,1954-11-01,0.00316957476127921,0.00316957476127921,0
PPI_FINISHED_CONSUMER_GOODS,pairwise,old_vs_new,PPIFCG,WPSFD49502,6,1954-12-01,0,0,0
PPI_FINISHED_CONSUMER_GOODS,pairwise,old_vs_new,PPIFCG,WPSFD49502,6,1955-01-01,0.00316957476127921,0.00316957476127921,0
PPI_FINISHED_CONSUMER_GOODS,pairwise,old_vs_new,PPIFCG,WPSFD49502,6,1955-02-01,-0.00316957476127921,-0.00316957476127921,0
PPI_FINISHED_CONSUMER_GOODS,pairwise,old_vs_new,PPIFCG,WPSFD49502,6,1955-03-01,-0.00316957476127921,-0.00316957476127921,0
PPI_FINISHED_CONSUMER_GOODS,pairwise,old_vs_new,PPIFCG,WPSFD49502,6,1955-04-01,0.00633914952255843,0.00633914952255843,0
PPI_FINISHED_CONSUMER_GOODS,pairwise,old_vs_new,PPIFCG,WPSFD49502,6,1955-05-01,-0.00951880243993797,-0.00951880243993797,0
PPI_FINISHED_CONSUMER_GOODS,pairwise,old_vs_new,PPIFCG,WPSFD49502,6,1955-06-01,0.0126984553573175,0.0126984553573175,0
PPI_FINISHED_CONSUMER_GOODS,pairwise,old_vs_new,PPIFCG,WPSFD49502,6,1955-07-01,-0.0158882507254177,-0.0158882507254177,0
PPI_FINISHED_CONSUMER_GOODS,pairwise,old_vs_new,PPIFCG,WPSFD49502,6,1955-08-01,0.0127288184148591,0.0127288184148591,0
PPI_FINISHED_CONSUMER_GOODS,pairwise,old_vs_new,PPIFCG,WPSFD49502,6,1955-09-01,-1.01424507206183e-05,-1.01424507206183e-05,0
PPI_FINISHED_CONSUMER_GOODS,pairwise,old_vs_new,PPIFCG,WPSFD49502,6,1955-10-01,-0.00635930583475908,-0.00635930583475908,0
PPI_FINISHED_CONSUMER_GOODS,pairwise,old_vs_new,PPIFCG,WPSFD49502,6,1955-11-01,0.00635930583475908,0.00635930583475908,0
PPI_FINISHED_CONSUMER_GOODS,pairwise,old_vs_new,PPIFCG,WPSFD49502,6,1955-12-01,-0.00317965291737954,-0.00317965291737954,0
PPI_FINISHED_CONSUMER_GOODS,pairwise,old_vs_new,PPIFCG,WPSFD49502,6,1956-01-01,0,0,0
PPI_FINISHED_CONSUMER_GOODS,pairwise,old_vs_new,PPIFCG,WPSFD49502,6,1956-02-01,0,0,0
PPI_FINISHED_CONSUMER_GOODS,pairwise,old_vs_new,PPIFCG,WPSFD49502,6,1956-03-01,0.00632913505164767,0.00632913505164767,0
PPI_FINISHED_CONSUMER_GOODS,pairwise,old_vs_new,PPIFCG,WPSFD49502,6,1956-04-01,-0.00632913505164767,-0.00632913505164767,0
PPI_FINISHED_CONSUMER_GOODS,pairwise,old_vs_new,PPIFCG,WPSFD49502,6,1956-05-01,0.00941922191649169,0.00941922191649169,0
PPI_FINISHED_CONSUMER_GOODS,pairwise,old_vs_new,PPIFCG,WPSFD49502,6,1956-06-01,-0.00629909458024791,-0.00629909458024791,0
PPI_FINISHED_CONSUMER_GOODS,pairwise,old_vs_new,PPIFCG,WPSFD49502,6,1956-07-01,-0.00624025467248757,-0.00624025467248757,0
PPI_FINISHED_CONSUMER_GOODS,pairwise,old_vs_new,PPIFCG,WPSFD49502,6,1956-08-01,0.00312012733624378,0.00312012733624378,0
PPI_FINISHED_CONSUMER_GOODS,pairwise,old_vs_new,PPIFCG,WPSFD49502,6,1956-09-01,0.00623054975063608,0.00623054975063608,0
PPI_FINISHED_CONSUMER_GOODS,pairwise,old_vs_new,PPIFCG,WPSFD49502,6,1956-10-01,-0.00312977207238774,-0.00312977207238774,0
PPI_FINISHED_CONSUMER_GOODS,pairwise,old_vs_new,PPIFCG,WPSFD49502,6,1956-11-01,-9.58510857573813e-06,-9.58510857573813e-06,0
PPI_FINISHED_CONSUMER_GOODS,pairwise,old_vs_new,PPIFCG,WPSFD49502,6,1956-12-01,-9.52603226433979e-06,-9.52603226433979e-06,0
PPI_FINISHED_CONSUMER_GOODS,pairwise,old_vs_new,PPIFCG,WPSFD49502,6,1957-01-01,-0.00308166653740827,-0.00308166653740827,0
PPI_FINISHED_CONSUMER_GOODS,pairwise,old_vs_new,PPIFCG,WPSFD49502,6,1957-02-01,0.00307219903696998,0.00307219903696998,0
PPI_FINISHED_CONSUMER_GOODS,pairwise,old_vs_new,PPIFCG,WPSFD49502,6,1957-03-01,-0.00307219903696998,-0.00307219903696998,0
PPI_FINISHED_CONSUMER_GOODS,pairwise,old_vs_new,PPIFCG,WPSFD49502,6,1957-04-01,0.00306278953054617,0.00306278953054617,0
PPI_FINISHED_CONSUMER_GOODS,pairwise,old_vs_new,PPIFCG,WPSFD49502,6,1957-05-01,-0.00306278953054617,-0.00306278953054617,0
PPI_FINISHED_CONSUMER_GOODS,pairwise,old_vs_new,PPIFCG,WPSFD49502,6,1957-06-01,0.00609757986811799,0.00609757986811799,0
PPI_FINISHED_CONSUMER_GOODS,pairwise,old_vs_new,PPIFCG,WPSFD49502,6,1957-07-01,-0.00609757986811799,-0.00609757986811799,0
PPI_FINISHED_CONSUMER_GOODS,pairwise,old_vs_new,PPIFCG,WPSFD49502,6,1957-08-01,0.00303490369515425,0.00303490369515425,0
PPI_FINISHED_CONSUMER_GOODS,pairwise,old_vs_new,PPIFCG,WPSFD49502,6,1957-09-01,-0.00606980739030849,-0.00606980739030849,0
PPI_FINISHED_CONSUMER_GOODS,pairwise,old_vs_new,PPIFCG,WPSFD49502,6,1957-10-01,0.00909552830684568,0.00909552830684568,0
PPI_FINISHED_CONSUMER_GOODS,pairwise,old_vs_new,PPIFCG,WPSFD49502,6,1957-11-01,-0.0030440310722657,-0.0030440310722657,0
PPI_FINISHED_CONSUMER_GOODS,pairwise,old_vs_new,PPIFCG,WPSFD49502,6,1957-12-01,0.0029894305207856,0.0029894305207856,0
PPI_FINISHED_CONSUMER_GOODS,pairwise,old_vs_new,PPIFCG,WPSFD49502,6,1958-01-01,-0.00301648521184505,-0.00301648521184505,0
PPI_FINISHED_CONSUMER_GOODS,pairwise,old_vs_new,PPIFCG,WPSFD49502,6,1958-02-01,-0.00298953884836628,-0.00298953884836628,0
PPI_FINISHED_CONSUMER_GOODS,pairwise,old_vs_new,PPIFCG,WPSFD49502,6,1958-03-01,0.0089153636579522,0.0089153636579522,0
PPI_FINISHED_CONSUMER_GOODS,pairwise,old_vs_new,PPIFCG,WPSFD49502,6,1958-04-01,-0.0118783287886091,-0.0118783287886091,0
PPI_FINISHED_CONSUMER_GOODS,pairwise,old_vs_new,PPIFCG,WPSFD49502,6,1958-05-01,0.00296296513065686,0.00296296513065686,0
PPI_FINISHED_CONSUMER_GOODS,pairwise,old_vs_new,PPIFCG,WPSFD49502,6,1958-06-01,0,0,0
PPI_FINISHED_CONSUMER_GOODS,pairwise,old_vs_new,PPIFCG,WPSFD49502,6,1958-07-01,0,0,0
PPI_FINISHED_CONSUMER_GOODS,pairwise,old_vs_new,PPIFCG,WPSFD49502,6,1958-08-01,-0.00595239852729534,-0.00595239852729534,0
PPI_FINISHED_CONSUMER_GOODS,pairwise,old_vs_new,PPIFCG,WPSFD49502,6,1958-09-01,0.00893302666543327,0.00893302666543327,0
PPI_FINISHED_CONSUMER_GOODS,pairwise,old_vs_new,PPIFCG,WPSFD49502,6,1958-10-01,-0.00596125627627586,-0.00596125627627586,0
PPI_FINISHED_CONSUMER_GOODS,pairwise,old_vs_new,PPIFCG,WPSFD49502,6,1958-11-01,0.00298062813813793,0.00298062813813793,0
PPI_FINISHED_CONSUMER_GOODS,pairwise,old_vs_new,PPIFCG,WPSFD49502,6,1958-12-01,0,0,0
PPI_FINISHED_CONSUMER_GOODS,pairwise,old_vs_new,PPIFCG,WPSFD49502,6,1959-01-01,-0.00298953884836628,-0.00298953884836628,0
PPI_FINISHED_CONSUMER_GOODS,pairwise,old_vs_new,PPIFCG,WPSFD49502,6,1959-02-01,0.00298953884836628,0.00298953884836628,0
PPI_FINISHED_CONSUMER_GOODS,pairwise,old_vs_new,PPIFCG,WPSFD49502,6,1959-03-01,-0.00299850299625648,-0.00299850299625648,0
PPI_FINISHED_CONSUMER_GOODS,pairwise,old_vs_new,PPIFCG,WPSFD49502,6,1959-04-01,0.00599700599251296,0.00599700599251296,0
PPI_FINISHED_CONSUMER_GOODS,pairwise,old_vs_new,PPIFCG,WPSFD49502,6,1959-05-01,-0.00599700599251296,-0.00599700599251296,0
PPI_FINISHED_CONSUMER_GOODS,pairwise,old_vs_new,PPIFCG,WPSFD49502,6,1959-06-01,0.00599700599251296,0.00599700599251296,0
PPI_FINISHED_CONSUMER_GOODS,pairwise,old_vs_new,PPIFCG,WPSFD49502,6,1959-07-01,-0.00599700599251296,-0.00599700599251296,0
PPI_FINISHED_CONSUMER_GOODS,pairwise,old_vs_new,PPIFCG,WPSFD49502,6,1959-08-01,-0.00302561160712411,-0.00302561160712411,0
PPI_FINISHED_CONSUMER_GOODS,pairwise,old_vs_new,PPIFCG,WPSFD49502,6,1959-09-01,0.0210168991895219,0.0210168991895219,0
PPI_FINISHED_CONSUMER_GOODS,pairwise,old_vs_new,PPIFCG,WPSFD49502,6,1959-10-01,-0.0269689756328568,-0.0269689756328568,0
PPI_FINISHED_CONSUMER_GOODS,pairwise,old_vs_new,PPIFCG,WPSFD49502,6,1959-11-01,0.00895959750728981,0.00895959750728981,0
PPI_FINISHED_CONSUMER_GOODS,pairwise,old_vs_new,PPIFCG,WPSFD49502,6,1959-12-01,0.00301659353942574,0.00301659353942574,0
PPI_FINISHED_CONSUMER_GOODS,pairwise,old_vs_new,PPIFCG,WPSFD49502,6,1960-01-01,0.00301659353942574,0.00301659353942574,0
PPI_FINISHED_CONSUMER_GOODS,pairwise,old_vs_new,PPIFCG,WPSFD49502,6,1960-02-01,-0.00301659353942574,-0.00301659353942574,0
PPI_FINISHED_CONSUMER_GOODS,pairwise,old_vs_new,PPIFCG,WPSFD49502,6,1960-03-01,0.0119761910467155,0.0119761910467155,0
PPI_FINISHED_CONSUMER_GOODS,pairwise,old_vs_new,PPIFCG,WPSFD49502,6,1960-04-01,-0.0119761910467155,-0.0119761910467155,0
PPI_FINISHED_CONSUMER_GOODS,pairwise,old_vs_new,PPIFCG,WPSFD49502,6,1960-05-01,0,0,0
PPI_FINISHED_CONSUMER_GOODS,pairwise,old_vs_new,PPIFCG,WPSFD49502,6,1960-06-01,0,0,0
PPI_FINISHED_CONSUMER_GOODS,pairwise,old_vs_new,PPIFCG,WPSFD49502,6,1960-07-01,0.00297177038915741,0.00297177038915741,0
PPI_FINISHED_CONSUMER_GOODS,pairwise,old_vs_new,PPIFCG,WPSFD49502,6,1960-08-01,-0.00594354077831483,-0.00594354077831483,0
PPI_FINISHED_CONSUMER_GOODS,pairwise,old_vs_new,PPIFCG,WPSFD49502,6,1960-09-01,0.00594354077831483,0.00594354077831483,0
PPI_FINISHED_CONSUMER_GOODS,pairwise,old_vs_new,PPIFCG,WPSFD49502,6,1960-10-01,0.00589091686868803,0.00589091686868803,0
PPI_FINISHED_CONSUMER_GOODS,pairwise,old_vs_new,PPIFCG,WPSFD49502,6,1960-11-01,-0.00886268725784545,-0.00886268725784545,0
PPI_FINISHED_CONSUMER_GOODS,pairwise,old_vs_new,PPIFCG,WPSFD49502,6,1960-12-01,-0.00589972212718859,-0.00589972212718859,0
PPI_FINISHED_CONSUMER_GOODS,pairwise,old_vs_new,PPIFCG,WPSFD49502,6,1961-01-01,0.00589972212718859,0.00589972212718859,0
PPI_FINISHED_CONSUMER_GOODS,pairwise,old_vs_new,PPIFCG,WPSFD49502,6,1961-02-01,0.00589972212718859,0.00589972212718859,0
PPI_FINISHED_CONSUMER_GOODS,pairwise,old_vs_new,PPIFCG,WPSFD49502,6,1961-03-01,-0.0117994442543772,-0.0117994442543772,0
PPI_FINISHED_CONSUMER_GOODS,pairwise,old_vs_new,PPIFCG,WPSFD49502,6,1961-04-01,-3.50133926256824e-05,-3.50133926256824e-05,0
PPI_FINISHED_CONSUMER_GOODS,pairwise,old_vs_new,PPIFCG,WPSFD49502,6,1961-05-01,-3.54314666899391e-05,-3.54314666899391e-05,0
PPI_FINISHED_CONSUMER_GOODS,pairwise,old_vs_new,PPIFCG,WPSFD49502,6,1961-06-01,0.00597016698650421,0.00597016698650421,0
PPI_FINISHED_CONSUMER_GOODS,pairwise,old_vs_new,PPIFCG,WPSFD49502,6,1961-07-01,0.00298953884836628,0.00298953884836628,0
PPI_FINISHED_CONSUMER_GOODS,pairwise,old_vs_new,PPIFCG,WPSFD49502,6,1961-08-01,-0.00298953884836628,-0.00298953884836628,0
PPI_FINISHED_CONSUMER_GOODS,pairwise,old_vs_new,PPIFCG,WPSFD49502,6,1961-09-01,0,0,0
PPI_FINISHED_CONSUMER_GOODS,pairwise,old_vs_new,PPIFCG,WPSFD49502,6,1961-10-01,-0.00298953884836628,-0.00298953884836628,0
PPI_FINISHED_CONSUMER_GOODS,pairwise,old_vs_new,PPIFCG,WPSFD49502,6,1961-11-01,0.00597907769673256,0.00597907769673256,0
PPI_FINISHED_CONSUMER_GOODS,pairwise,old_vs_new,PPIFCG,WPSFD49502,6,1961-12-01,-8.91071022834922e-06,-8.91071022834922e-06,0
PPI_FINISHED_CONSUMER_GOODS,pairwise,old_vs_new,PPIFCG,WPSFD49502,6,1962-01-01,-8.8577489805175e-06,-8.8577489805175e-06,0
PPI_FINISHED_CONSUMER_GOODS,pairwise,old_vs_new,PPIFCG,WPSFD49502,6,1962-02-01,-8.80525850055491e-06,-8.80525850055491e-06,0
PPI_FINISHED_CONSUMER_GOODS,pairwise,old_vs_new,PPIFCG,WPSFD49502,6,1962-03-01,-0.00592593026131372,-0.00592593026131372,0
PPI_FINISHED_CONSUMER_GOODS,pairwise,old_vs_new,PPIFCG,WPSFD49502,6,1962-04-01,-8.80525850055491e-06,-8.80525850055491e-06,0
PPI_FINISHED_CONSUMER_GOODS,pairwise,old_vs_new,PPIFCG,WPSFD49502,6,1962-05-01,-8.8577489805175e-06,-8.8577489805175e-06,0
PPI_FINISHED_CONSUMER_GOODS,pairwise,old_vs_new,PPIFCG,WPSFD49502,6,1962-06-01,0.00298062813813793,0.00298062813813793,0
PPI_FINISHED_CONSUMER_GOODS,pairwise,old_vs_new,PPIFCG,WPSFD49502,6,1962-07-01,-0.00298953884836628,-0.00298953884836628,0
PPI_FINISHED_CONSUMER_GOODS,pairwise,old_vs_new,PPIFCG,WPSFD49502,6,1962-08-01,0.00895970583487049,0.00895970583487049,0
PPI_FINISHED_CONSUMER_GOODS,pairwise,old_vs_new,PPIFCG,WPSFD49502,6,1962-09-01,0.00586429066049865,0.00586429066049865,0
PPI_FINISHED_CONSUMER_GOODS,pairwise,old_vs_new,PPIFCG,WPSFD49502,6,1962-10-01,-0.0206971449048483,-0.0206971449048483,0
PPI_FINISHED_CONSUMER_GOODS,pairwise,old_vs_new,PPIFCG,WPSFD49502,6,1962-11-01,0.0118256523885023,0.0118256523885023,0
PPI_FINISHED_CONSUMER_GOODS,pairwise,old_vs_new,PPIFCG,WPSFD49502,6,1962-12-01,-0.00889770065047113,-0.00889770065047113,0
PPI_FINISHED_CONSUMER_GOODS,pairwise,old_vs_new,PPIFCG,WPSFD49502,6,1963-01-01,0.00593473551981427,0.00593473551981427,0
PPI_FINISHED_CONSUMER_GOODS,pairwise,old_vs_new,PPIFCG,WPSFD49502,6,1963-02-01,0,0,0
PPI_FINISHED_CONSUMER_GOODS,pairwise,old_vs_new,PPIFCG,WPSFD49502,6,1963-03-01,-0.00896866998276069,-0.00896866998276069,0
PPI_FINISHED_CONSUMER_GOODS,pairwise,old_vs_new,PPIFCG,WPSFD49502,6,1963-04-01,0.00896866998276069,0.00896866998276069,0
PPI_FINISHED_CONSUMER_GOODS,pairwise,old_vs_new,PPIFCG,WPSFD49502,6,1963-05-01,0.00598804184462276,0.00598804184462276,0
PPI_FINISHED_CONSUMER_GOODS,pairwise,old_vs_new,PPIFCG,WPSFD49502,6,1963-06-01,-0.00300741370648483,-0.00300741370648483,0
PPI_FINISHED_CONSUMER_GOODS,pairwise,old_vs_new,PPIFCG,WPSFD49502,6,1963-07-01,-0.00298062813813793,-0.00298062813813793,0
PPI_FINISHED_CONSUMER_GOODS,pairwise,old_vs_new,PPIFCG,WPSFD49502,6,1963-08-01,-0.00298062813813793,-0.00298062813813793,0
PPI_FINISHED_CONSUMER_GOODS,pairwise,old_vs_new,PPIFCG,WPSFD49502,6,1963-09-01,0.00298062813813793,0.00298062813813793,0
PPI_FINISHED_CONSUMER_GOODS,pairwise,old_vs_new,PPIFCG,WPSFD49502,6,1963-10-01,0.00298062813813793,0.00298062813813793,0
PPI_FINISHED_CONSUMER_GOODS,pairwise,old_vs_new,PPIFCG,WPSFD49502,6,1963-11-01,-0.00596125627627586,-0.00596125627627586,0
PPI_FINISHED_CONSUMER_GOODS,pairwise,old_vs_new,PPIFCG,WPSFD49502,6,1963-12-01,0.00298062813813793,0.00298062813813793,0
PPI_FINISHED_CONSUMER_GOODS,pairwise,old_vs_new,PPIFCG,WPSFD49502,6,1964-01-01,0.00595239852729534,0.00595239852729534,0
PPI_FINISHED_CONSUMER_GOODS,pairwise,old_vs_new,PPIFCG,WPSFD49502,6,1964-02-01,-0.014894335902957,-0.014894335902957,0
PPI_FINISHED_CONSUMER_GOODS,pairwise,old_vs_new,PPIFCG,WPSFD49502,6,1964-03-01,0.0119314762240279,0.0119314762240279,0
PPI_FINISHED_CONSUMER_GOODS,pairwise,old_vs_new,PPIFCG,WPSFD49502,6,1964-04-01,-0.00597907769673256,-0.00597907769673256,0
PPI_FINISHED_CONSUMER_GOODS,pairwise,old_vs_new,PPIFCG,WPSFD49502,6,1964-05-01,0.00298953884836628,0.00298953884836628,0
PPI_FINISHED_CONSUMER_GOODS,pairwise,old_vs_new,PPIFCG,WPSFD49502,6,1964-06-01,0.00298953884836628,0.00298953884836628,0
PPI_FINISHED_CONSUMER_GOODS,pairwise,old_vs_new,PPIFCG,WPSFD49502,6,1964-07-01,-8.91071022834922e-06,-8.91071022834922e-06,0
PPI_FINISHED_CONSUMER_GOODS,pairwise,old_vs_new,PPIFCG,WPSFD49502,6,1964-08-01,-0.00298062813813793,-0.00298062813813793,0
PPI_FINISHED_CONSUMER_GOODS,pairwise,old_vs_new,PPIFCG,WPSFD49502,6,1964-09-01,0,0,0
PPI_FINISHED_CONSUMER_GOODS,pairwise,old_vs_new,PPIFCG,WPSFD49502,6,1964-10-01,0.00297177038915741,0.00297177038915741,0
PPI_FINISHED_CONSUMER_GOODS,pairwise,old_vs_new,PPIFCG,WPSFD49502,6,1964-11-01,-0.00594354077831483,-0.00594354077831483,0
PPI_FINISHED_CONSUMER_GOODS,pairwise,old_vs_new,PPIFCG,WPSFD49502,6,1964-12-01,-8.8577489805175e-06,-8.8577489805175e-06,0
PPI_FINISHED_CONSUMER_GOODS,pairwise,old_vs_new,PPIFCG,WPSFD49502,6,1965-01-01,0.00893302666543327,0.00893302666543327,0
PPI_FINISHED_CONSUMER_GOODS,pairwise,old_vs_new,PPIFCG,WPSFD49502,6,1965-02-01,-0.00595239852729534,-0.00595239852729534,0
PPI_FINISHED_CONSUMER_GOODS,pairwise,old_vs_new,PPIFCG,WPSFD49502,6,1965-03-01,0,0,0
PPI_FINISHED_CONSUMER_GOODS,pairwise,old_vs_new,PPIFCG,WPSFD49502,6,1965-04-01,0.00886268725784545,0.00886268725784545,0
PPI_FINISHED_CONSUMER_GOODS,pairwise,old_vs_new,PPIFCG,WPSFD49502,6,1965-05-01,-0.00592582758453597,-0.00592582758453597,0
PPI_FINISHED_CONSUMER_GOODS,pairwise,old_vs_new,PPIFCG,WPSFD49502,6,1965-06-01,0.0029111102091135,0.0029111102091135,0
PPI_FINISHED_CONSUMER_GOODS,pairwise,old_vs_new,PPIFCG,WPSFD49502,6,1965-07-01,-0.00584796988242298,-0.00584796988242298,0
PPI_FINISHED_CONSUMER_GOODS,pairwise,old_vs_new,PPIFCG,WPSFD49502,6,1965-08-01,0,0,0
PPI_FINISHED_CONSUMER_GOODS,pairwise,old_vs_new,PPIFCG,WPSFD49502,6,1965-09-01,0,0,0
PPI_FINISHED_CONSUMER_GOODS,pairwise,old_vs_new,PPIFCG,WPSFD49502,6,1965-10-01,0.00581396986542027,0.00581396986542027,0
PPI_FINISHED_CONSUMER_GOODS,pairwise,old_vs_new,PPIFCG,WPSFD49502,6,1965-11-01,-3.36069499211611e-05,-3.36069499211611e-05,0
PPI_FINISHED_CONSUMER_GOODS,pairwise,old_vs_new,PPIFCG,WPSFD49502,6,1965-12-01,-3.32206599309437e-05,-3.32206599309437e-05,0
PPI_FINISHED_CONSUMER_GOODS,pairwise,old_vs_new,PPIFCG,WPSFD49502,6,1966-01-01,-0.00288590997453619,-0.00288590997453619,0
PPI_FINISHED_CONSUMER_GOODS,pairwise,old_vs_new,PPIFCG,WPSFD49502,6,1966-02-01,0.0056736701688056,0.0056736701688056,0
PPI_FINISHED_CONSUMER_GOODS,pairwise,old_vs_new,PPIFCG,WPSFD49502,6,1966-03-01,-0.00853490244983757,-0.00853490244983757,0
PPI_FINISHED_CONSUMER_GOODS,pairwise,old_vs_new,PPIFCG,WPSFD49502,6,1966-04-01,0,0,0
PPI_FINISHED_CONSUMER_GOODS,pairwise,old_vs_new,PPIFCG,WPSFD49502,6,1966-05-01,-0.00283688133519977,-0.00283688133519977,0
PPI_FINISHED_CONSUMER_GOODS,pairwise,old_vs_new,PPIFCG,WPSFD49502,6,1966-06-01,-8.07079703157854e-06,-8.07079703157854e-06,0
PPI_FINISHED_CONSUMER_GOODS,pairwise,old_vs_new,PPIFCG,WPSFD49502,6,1966-07-01,0.0056899042644627,0.0056899042644627,0
PPI_FINISHED_CONSUMER_GOODS,pairwise,old_vs_new,PPIFCG,WPSFD49502,6,1966-08-01,0.00845460312170232,0.00845460312170232,0
PPI_FINISHED_CONSUMER_GOODS,pairwise,old_vs_new,PPIFCG,WPSFD49502,6,1966-09-01,-0.00849450432632537,-0.00849450432632537,0
PPI_FINISHED_CONSUMER_GOODS,pairwise,old_vs_new,PPIFCG,WPSFD49502,6,1966-10-01,-0.0028050509276083,-0.0028050509276083,0
PPI_FINISHED_CONSUMER_GOODS,pairwise,old_vs_new,PPIFCG,WPSFD49502,6,1966-11-01,-0.0028050509276083,-0.0028050509276083,0
PPI_FINISHED_CONSUMER_GOODS,pairwise,old_vs_new,PPIFCG,WPSFD49502,6,1966-12-01,-0.00282876679064792,-0.00282876679064792,0
PPI_FINISHED_CONSUMER_GOODS,pairwise,old_vs_new,PPIFCG,WPSFD49502,6,1967-01-01,0.00563381771825622,0.00563381771825622,0
PPI_FINISHED_CONSUMER_GOODS,pairwise,old_vs_new,PPIFCG,WPSFD49502,6,1967-02-01,-0.00282885620047768,-0.00282885620047768,0
PPI_FINISHED_CONSUMER_GOODS,pairwise,old_vs_new,PPIFCG,WPSFD49502,6,1967-03-01,-8.02513472208943e-06,-8.02513472208943e-06,0
PPI_FINISHED_CONSUMER_GOODS,pairwise,old_vs_new,PPIFCG,WPSFD49502,6,1967-04-01,0.00567376267039954,0.00567376267039954,0
PPI_FINISHED_CONSUMER_GOODS,pairwise,old_vs_new,PPIFCG,WPSFD49502,6,1967-05-01,-8.02513472208943e-06,-8.02513472208943e-06,0
PPI_FINISHED_CONSUMER_GOODS,pairwise,old_vs_new,PPIFCG,WPSFD49502,6,1967-06-01,0.00561001244538684,0.00561001244538684,0
PPI_FINISHED_CONSUMER_GOODS,pairwise,old_vs_new,PPIFCG,WPSFD49502,6,1967-07-01,-0.0112439195734728,-0.0112439195734728,0
PPI_FINISHED_CONSUMER_GOODS,pairwise,old_vs_new,PPIFCG,WPSFD49502,6,1967-08-01,0.0056101018552166,0.0056101018552166,0
PPI_FINISHED_CONSUMER_GOODS,pairwise,old_vs_new,PPIFCG,WPSFD49502,6,1967-09-01,-7.84630654715457e-06,-7.84630654715457e-06,0
PPI_FINISHED_CONSUMER_GOODS,pairwise,old_vs_new,PPIFCG,WPSFD49502,6,1967-10-01,-0.00279720462106114,-0.00279720462106114,0
PPI_FINISHED_CONSUMER_GOODS,pairwise,old_vs_new,PPIFCG,WPSFD49502,6,1967-11-01,0.00278940208757872,0.00278940208757872,0
PPI_FINISHED_CONSUMER_GOODS,pairwise,old_vs_new,PPIFCG,WPSFD49502,6,1967-12-01,-0.00278940208757872,-0.00278940208757872,0
PPI_FINISHED_CONSUMER_GOODS,pairwise,old_vs_new,PPIFCG,WPSFD49502,6,1968-01-01,0,0,0
PPI_FINISHED_CONSUMER_GOODS,pairwise,old_vs_new,PPIFCG,WPSFD49502,6,1968-02-01,0.00555556984460193,0.00555556984460193,0
PPI_FINISHED_CONSUMER_GOODS,pairwise,old_vs_new,PPIFCG,WPSFD49502,6,1968-03-01,-0.00278931635171142,-0.00278931635171142,0
PPI_FINISHED_CONSUMER_GOODS,pairwise,old_vs_new,PPIFCG,WPSFD49502,6,1968-04-01,0.00274340231807901,0.00274340231807901,0
PPI_FINISHED_CONSUMER_GOODS,pairwise,old_vs_new,PPIFCG,WPSFD49502,6,1968-05-01,-0.00550965581096952,-0.00550965581096952,0
PPI_FINISHED_CONSUMER_GOODS,pairwise,old_vs_new,PPIFCG,WPSFD49502,6,1968-06-01,0.00274348594575091,0.00274348594575091,0
PPI_FINISHED_CONSUMER_GOODS,pairwise,old_vs_new,PPIFCG,WPSFD49502,6,1968-07-01,-7.50612687649976e-06,-7.50612687649976e-06,0
PPI_FINISHED_CONSUMER_GOODS,pairwise,old_vs_new,PPIFCG,WPSFD49502,6,1968-08-01,-7.46516567007305e-06,-7.46516567007305e-06,0
PPI_FINISHED_CONSUMER_GOODS,pairwise,old_vs_new,PPIFCG,WPSFD49502,6,1968-09-01,0.00270628133275252,0.00270628133275252,0
PPI_FINISHED_CONSUMER_GOODS,pairwise,old_vs_new,PPIFCG,WPSFD49502,6,1968-10-01,-0.00272843438821413,-0.00272843438821413,0
PPI_FINISHED_CONSUMER_GOODS,pairwise,old_vs_new,PPIFCG,WPSFD49502,6,1968-11-01,-0.00270636159774273,-0.00270636159774273,0
PPI_FINISHED_CONSUMER_GOODS,pairwise,old_vs_new,PPIFCG,WPSFD49502,6,1968-12-01,0,0,0
PPI_FINISHED_CONSUMER_GOODS,pairwise,old_vs_new,PPIFCG,WPSFD49502,6,1969-01-01,0.00539084863487682,0.00539084863487682,0
PPI_FINISHED_CONSUMER_GOODS,pairwise,old_vs_new,PPIFCG,WPSFD49502,6,1969-02-01,-0.00808264030058847,-0.00808264030058847,0
PPI_FINISHED_CONSUMER_GOODS,pairwise,old_vs_new,PPIFCG,WPSFD49502,6,1969-03-01,0.00806814870209172,0.00806814870209172,0
PPI_FINISHED_CONSUMER_GOODS,pairwise,old_vs_new,PPIFCG,WPSFD49502,6,1969-04-01,-2.87507097844752e-05,-2.87507097844752e-05,0
PPI_FINISHED_CONSUMER_GOODS,pairwise,old_vs_new,PPIFCG,WPSFD49502,6,1969-05-01,0.00262056332258132,0.00262056332258132,0
PPI_FINISHED_CONSUMER_GOODS,pairwise,old_vs_new,PPIFCG,WPSFD49502,6,1969-06-01,-0.00269111254833332,-0.00269111254833332,0
PPI_FINISHED_CONSUMER_GOODS,pairwise,old_vs_new,PPIFCG,WPSFD49502,6,1969-07-01,-0.00527705710084359,-0.00527705710084359,0
PPI_FINISHED_CONSUMER_GOODS,pairwise,old_vs_new,PPIFCG,WPSFD49502,6,1969-08-01,0.00262812240626964,0.00262812240626964,0
PPI_FINISHED_CONSUMER_GOODS,pairwise,old_vs_new,PPIFCG,WPSFD49502,6,1969-09-01,-6.88892639555405e-06,-6.88892639555405e-06,0
PPI_FINISHED_CONSUMER_GOODS,pairwise,old_vs_new,PPIFCG,WPSFD49502,6,1969-10-01,0.00520149220133526,0.00520149220133526,0
PPI_FINISHED_CONSUMER_GOODS,pairwise,old_vs_new,PPIFCG,WPSFD49502,6,1969-11-01,-6.07203457203553e-05,-6.07203457203553e-05,0
PPI_FINISHED_CONSUMER_GOODS,pairwise,old_vs_new,PPIFCG,WPSFD49502,6,1969-12-01,-0.00776200533548899,-0.00776200533548899,0
PPI_FINISHED_CONSUMER_GOODS,pairwise,old_vs_new,PPIFCG,WPSFD49502,6,1970-01-01,0.00514139950041859,0.00514139950041859,0
PPI_FINISHED_CONSUMER_GOODS,pairwise,old_vs_new,PPIFCG,WPSFD49502,6,1970-02-01,-0.00770879500566446,-0.00770879500566446,0
PPI_FINISHED_CONSUMER_GOODS,pairwise,old_vs_new,PPIFCG,WPSFD49502,6,1970-03-01,0.00513479101049175,0.00513479101049175,0
PPI_FINISHED_CONSUMER_GOODS,pairwise,old_vs_new,PPIFCG,WPSFD49502,6,1970-04-01,-0.00256739550524587,-0.00256739550524587,0
PPI_FINISHED_CONSUMER_GOODS,pairwise,old_vs_new,PPIFCG,WPSFD49502,6,1970-05-01,-0.00256739550524587,-0.00256739550524587,0
PPI_FINISHED_CONSUMER_GOODS,pairwise,old_vs_new,PPIFCG,WPSFD49502,6,1970-06-01,0.00513479101049175,0.00513479101049175,0
PPI_FINISHED_CONSUMER_GOODS,pairwise,old_vs_new,PPIFCG,WPSFD49502,6,1970-07-01,-0.00256739550524587,-0.00256739550524587,0
PPI_FINISHED_CONSUMER_GOODS,pairwise,old_vs_new,PPIFCG,WPSFD49502,6,1970-08-01,0,0,0
PPI_FINISHED_CONSUMER_GOODS,pairwise,old_vs_new,PPIFCG,WPSFD49502,6,1970-09-01,0.0102041701742417,0.0102041701742417,0
PPI_FINISHED_CONSUMER_GOODS,pairwise,old_vs_new,PPIFCG,WPSFD49502,6,1970-10-01,-0.0127454676029144,-0.0127454676029144,0
PPI_FINISHED_CONSUMER_GOODS,pairwise,old_vs_new,PPIFCG,WPSFD49502,6,1970-11-01,0.00761745046053353,0.00761745046053353,0
PPI_FINISHED_CONSUMER_GOODS,pairwise,old_vs_new,PPIFCG,WPSFD49502,6,1970-12-01,-0.00761100863504893,-0.00761100863504893,0
PPI_FINISHED_CONSUMER_GOODS,pairwise,old_vs_new,PPIFCG,WPSFD49502,6,1971-01-01,0.00506971120637623,0.00506971120637623,0
PPI_FINISHED_CONSUMER_GOODS,pairwise,old_vs_new,PPIFCG,WPSFD49502,6,1971-02-01,0.00251566018288063,0.00251566018288063,0
PPI_FINISHED_CONSUMER_GOODS,pairwise,old_vs_new,PPIFCG,WPSFD49502,6,1971-03-01,-0.00253479118882183,-0.00253479118882183,0
PPI_FINISHED_CONSUMER_GOODS,pairwise,old_vs_new,PPIFCG,WPSFD49502,6,1971-04-01,0.00249681722629758,0.00249681722629758,0
PPI_FINISHED_CONSUMER_GOODS,pairwise,old_vs_new,PPIFCG,WPSFD49502,6,1971-05-01,-0.00251566162495731,-0.00251566162495731,0
PPI_FINISHED_CONSUMER_GOODS,pairwise,old_vs_new,PPIFCG,WPSFD49502,6,1971-06-01,0.0024782544415265,0.0024782544415265,0
PPI_FINISHED_CONSUMER_GOODS,pairwise,old_vs_new,PPIFCG,WPSFD49502,6,1971-07-01,-0.00995026928022735,-0.00995026928022735,0
PPI_FINISHED_CONSUMER_GOODS,pairwise,old_vs_new,PPIFCG,WPSFD49502,6,1971-08-01,0.0124285852946948,0.0124285852946948,0
PPI_FINISHED_CONSUMER_GOODS,pairwise,old_vs_new,PPIFCG,WPSFD49502,6,1971-09-01,-0.0099317666690486,-0.0099317666690486,0
PPI_FINISHED_CONSUMER_GOODS,pairwise,old_vs_new,PPIFCG,WPSFD49502,6,1971-10-01,0.00495663202893493,0.00495663202893493,0
PPI_FINISHED_CONSUMER_GOODS,pairwise,old_vs_new,PPIFCG,WPSFD49502,6,1971-11-01,0.00245996562611506,0.00245996562611506,0
PPI_FINISHED_CONSUMER_GOODS,pairwise,old_vs_new,PPIFCG,WPSFD49502,6,1971-12-01,0.0024237148004862,0.0024237148004862,0
PPI_FINISHED_CONSUMER_GOODS,pairwise,old_vs_new,PPIFCG,WPSFD49502,6,1972-01-01,-0.012263967041275,-0.012263967041275,0
PPI_FINISHED_CONSUMER_GOODS,pairwise,old_vs_new,PPIFCG,WPSFD49502,6,1972-02-01,0.0098039412004125,0.0098039412004125,0
PPI_FINISHED_CONSUMER_GOODS,pairwise,old_vs_new,PPIFCG,WPSFD49502,6,1972-03-01,-0.00490197060020625,-0.00490197060020625,0
PPI_FINISHED_CONSUMER_GOODS,pairwise,old_vs_new,PPIFCG,WPSFD49502,6,1972-04-01,0,0,0
PPI_FINISHED_CONSUMER_GOODS,pairwise,old_vs_new,PPIFCG,WPSFD49502,6,1972-05-01,0.00487805845343336,0.00487805845343336,0
PPI_FINISHED_CONSUMER_GOODS,pairwise,old_vs_new,PPIFCG,WPSFD49502,6,1972-06-01,0.00239470087564619,0.00239470087564619,0
PPI_FINISHED_CONSUMER_GOODS,pairwise,old_vs_new,PPIFCG,WPSFD49502,6,1972-07-01,-0.00245347289313047,-0.00245347289313047,0
PPI_FINISHED_CONSUMER_GOODS,pairwise,old_vs_new,PPIFCG,WPSFD49502,6,1972-08-01,-0.00241832489841087,-0.00241832489841087,0
PPI_FINISHED_CONSUMER_GOODS,pairwise,old_vs_new,PPIFCG,WPSFD49502,6,1972-09-01,0.00476752794107416,0.00476752794107416,0
PPI_FINISHED_CONSUMER_GOODS,pairwise,old_vs_new,PPIFCG,WPSFD49502,6,1972-10-01,-0.00955228083388882,-0.00955228083388882,0
PPI_FINISHED_CONSUMER_GOODS,pairwise,old_vs_new,PPIFCG,WPSFD49502,6,1972-11-01,0.00714570511552015,0.00714570511552015,0
PPI_FINISHED_CONSUMER_GOODS,pairwise,old_vs_new,PPIFCG,WPSFD49502,6,1972-12-01,0.00704459882674557,0.00704459882674557,0
PPI_FINISHED_CONSUMER_GOODS,pairwise,old_vs_new,PPIFCG,WPSFD49502,6,1973-01-01,-0.00246065016875185,-0.00246065016875185,0
PPI_FINISHED_CONSUMER_GOODS,pairwise,old_vs_new,PPIFCG,WPSFD49502,6,1973-02-01,0.00221495998283849,0.00221495998283849,0
PPI_FINISHED_CONSUMER_GOODS,pairwise,old_vs_new,PPIFCG,WPSFD49502,6,1973-03-01,0.0156517411238091,0.0156517411238091,0
PPI_FINISHED_CONSUMER_GOODS,pairwise,old_vs_new,PPIFCG,WPSFD49502,6,1973-04-01,-0.0205235753740887,-0.0205235753740887,0
PPI_FINISHED_CONSUMER_GOODS,pairwise,old_vs_new,PPIFCG,WPSFD49502,6,1973-05-01,-4.444543212756e-05,-4.444543212756e-05,0
PPI_FINISHED_CONSUMER_GOODS,pairwise,old_vs_new,PPIFCG,WPSFD49502,6,1973-06-01,0.00651354185884223,0.00651354185884223,0
PPI_FINISHED_CONSUMER_GOODS,pairwise,old_vs_new,PPIFCG,WPSFD49502,6,1973-07-01,-0.0175249037438512,-0.0175249037438512,0
PPI_FINISHED_CONSUMER_GOODS,pairwise,old_vs_new,PPIFCG,WPSFD49502,6,1973-08-01,0.0471999191604766,0.0471999191604766,0
PPI_FINISHED_CONSUMER_GOODS,pairwise,old_vs_new,PPIFCG,WPSFD49502,6,1973-09-01,-0.0470347868478367,-0.0470347868478367,0
PPI_FINISHED_CONSUMER_GOODS,pairwise,old_vs_new,PPIFCG,WPSFD49502,6,1973-10-01,0.00209420451413589,0.00209420451413589,0
PPI_FINISHED_CONSUMER_GOODS,pairwise,old_vs_new,PPIFCG,WPSFD49502,6,1973-11-01,0.0126007580554028,0.0126007580554028,0
PPI_FINISHED_CONSUMER_GOODS,pairwise,old_vs_new,PPIFCG,WPSFD49502,6,1973-12-01,-0.00217721947418115,-0.00217721947418115,0
PPI_FINISHED_CONSUMER_GOODS,pairwise,old_vs_new,PPIFCG,WPSFD49502,6,1974-01-01,0.0182432168306979,0.0182432168306979,0
PPI_FINISHED_CONSUMER_GOODS,pairwise,old_vs_new,PPIFCG,WPSFD49502,6,1974-02-01,-0.00462419620609955,-0.00462419620609955,0
PPI_FINISHED_CONSUMER_GOODS,pairwise,old_vs_new,PPIFCG,WPSFD49502,6,1974-03-01,-0.0140764902537343,-0.0140764902537343,0
PPI_FINISHED_CONSUMER_GOODS,pairwise,old_vs_new,PPIFCG,WPSFD49502,6,1974-04-01,-6.12761524898531e-05,-6.12761524898531e-05,0
PPI_FINISHED_CONSUMER_GOODS,pairwise,old_vs_new,PPIFCG,WPSFD49502,6,1974-05-01,0.00186460045170556,0.00186460045170556,0
PPI_FINISHED_CONSUMER_GOODS,pairwise,old_vs_new,PPIFCG,WPSFD49502,6,1974-06-01,-0.0135154802277273,-0.0135154802277273,0
PPI_FINISHED_CONSUMER_GOODS,pairwise,old_vs_new,PPIFCG,WPSFD49502,6,1974-07-01,0.0305218163981515,0.0305218163981515,0
PPI_FINISHED_CONSUMER_GOODS,pairwise,old_vs_new,PPIFCG,WPSFD49502,6,1974-08-01,-0.00989245757732427,-0.00989245757732427,0
PPI_FINISHED_CONSUMER_GOODS,pairwise,old_vs_new,PPIFCG,WPSFD49502,6,1974-09-01,-0.00757609260641345,-0.00757609260641345,0
PPI_FINISHED_CONSUMER_GOODS,pairwise,old_vs_new,PPIFCG,WPSFD49502,6,1974-10-01,0.00894962160725354,0.00894962160725354,0
PPI_FINISHED_CONSUMER_GOODS,pairwise,old_vs_new,PPIFCG,WPSFD49502,6,1974-11-01,0.00144169097149316,0.00144169097149316,0
PPI_FINISHED_CONSUMER_GOODS,pairwise,old_vs_new,PPIFCG,WPSFD49502,6,1974-12-01,-0.0213562350017398,-0.0213562350017398,0
PPI_FINISHED_CONSUMER_GOODS,pairwise,old_vs_new,PPIFCG,WPSFD49502,6,1975-01-01,0.00529256604253803,0.00529256604253803,0
PPI_FINISHED_CONSUMER_GOODS,pairwise,old_vs_new,PPIFCG,WPSFD49502,6,1975-02-01,-0.00705468103593709,-0.00705468103593709,0
PPI_FINISHED_CONSUMER_GOODS,pairwise,old_vs_new,PPIFCG,WPSFD49502,6,1975-03-01,-1.2486187155325e-05,-1.2486187155325e-05,0
PPI_FINISHED_CONSUMER_GOODS,pairwise,old_vs_new,PPIFCG,WPSFD49502,6,1975-04-01,0.0123660093333955,0.0123660093333955,0
PPI_FINISHED_CONSUMER_GOODS,pairwise,old_vs_new,PPIFCG,WPSFD49502,6,1975-05-01,-0.00182090003986257,-0.00182090003986257,0
PPI_FINISHED_CONSUMER_GOODS,pairwise,old_vs_new,PPIFCG,WPSFD49502,6,1975-06-01,0.00168286936922879,0.00168286936922879,0
PPI_FINISHED_CONSUMER_GOODS,pairwise,old_vs_new,PPIFCG,WPSFD49502,6,1975-07-01,0.00163896219821158,0.00163896219821158,0
PPI_FINISHED_CONSUMER_GOODS,pairwise,old_vs_new,PPIFCG,WPSFD49502,6,1975-08-01,-0.000105560084310952,-0.000105560084310952,0
PPI_FINISHED_CONSUMER_GOODS,pairwise,old_vs_new,PPIFCG,WPSFD49502,6,1975-09-01,-0.00346477160865888,-0.00346477160865888,0
PPI_FINISHED_CONSUMER_GOODS,pairwise,old_vs_new,PPIFCG,WPSFD49502,6,1975-10-01,0.00162549628992448,0.00162549628992448,0
PPI_FINISHED_CONSUMER_GOODS,pairwise,old_vs_new,PPIFCG,WPSFD49502,6,1975-11-01,-0.00504894233304576,-0.00504894233304576,0
PPI_FINISHED_CONSUMER_GOODS,pairwise,old_vs_new,PPIFCG,WPSFD49502,6,1975-12-01,-0.0033333364197583,-0.0033333364197583,0
PPI_FINISHED_CONSUMER_GOODS,pairwise,old_vs_new,PPIFCG,WPSFD49502,6,1976-01-01,-0.0033333364197583,-0.0033333364197583,0
PPI_FINISHED_CONSUMER_GOODS,pairwise,old_vs_new,PPIFCG,WPSFD49502,6,1976-02-01,-0.00168759463034096,-0.00168759463034096,0
PPI_FINISHED_CONSUMER_GOODS,pairwise,old_vs_new,PPIFCG,WPSFD49502,6,1976-03-01,0.00502093105009926,0.00502093105009926,0
PPI_FINISHED_CONSUMER_GOODS,pairwise,old_vs_new,PPIFCG,WPSFD49502,6,1976-04-01,0.00668898815079633,0.00668898815079633,0
PPI_FINISHED_CONSUMER_GOODS,pairwise,old_vs_new,PPIFCG,WPSFD49502,6,1976-05-01,-0.00668898815079633,-0.00668898815079633,0
PPI_FINISHED_CONSUMER_GOODS,pairwise,old_vs_new,PPIFCG,WPSFD49502,6,1976-06-01,0.00166527931906124,0.00166527931906124,0
PPI_FINISHED_CONSUMER_GOODS,pairwise,old_vs_new,PPIFCG,WPSFD49502,6,1976-07-01,0.00165698287291693,0.00165698287291693,0
PPI_FINISHED_CONSUMER_GOODS,pairwise,old_vs_new,PPIFCG,WPSFD49502,6,1976-08-01,-0.00166526098434883,-0.00166526098434883,0
PPI_FINISHED_CONSUMER_GOODS,pairwise,old_vs_new,PPIFCG,WPSFD49502,6,1976-09-01,-2.74111160258883e-06,-2.74111160258883e-06,0
PPI_FINISHED_CONSUMER_GOODS,pairwise,old_vs_new,PPIFCG,WPSFD49502,6,1976-10-01,0.00493554958302855,0.00493554958302855,0
PPI_FINISHED_CONSUMER_GOODS,pairwise,old_vs_new,PPIFCG,WPSFD49502,6,1976-11-01,0.00158685075818976,0.00158685075818976,0
PPI_FINISHED_CONSUMER_GOODS,pairwise,old_vs_new,PPIFCG,WPSFD49502,6,1976-12-01,-6.6315899791114e-05,-6.6315899791114e-05,0
PPI_FINISHED_CONSUMER_GOODS,pairwise,old_vs_new,PPIFCG,WPSFD49502,6,1977-01-01,-0.00488453528857136,-0.00488453528857136,0
PPI_FINISHED_CONSUMER_GOODS,pairwise,old_vs_new,PPIFCG,WPSFD49502,6,1977-02-01,0.00798327528583709,0.00798327528583709,0
PPI_FINISHED_CONSUMER_GOODS,pairwise,old_vs_new,PPIFCG,WPSFD49502,6,1977-03-01,-0.00170029656569248,-0.00170029656569248,0
PPI_FINISHED_CONSUMER_GOODS,pairwise,old_vs_new,PPIFCG,WPSFD49502,6,1977-04-01,-0.00478808683408971,-0.00478808683408971,0
PPI_FINISHED_CONSUMER_GOODS,pairwise,old_vs_new,PPIFCG,WPSFD49502,6,1977-05-01,0.00309794698286048,0.00309794698286048,0
PPI_FINISHED_CONSUMER_GOODS,pairwise,old_vs_new,PPIFCG,WPSFD49502,6,1977-06-01,-0.00781864811779798,-0.00781864811779798,0
PPI_FINISHED_CONSUMER_GOODS,pairwise,old_vs_new,PPIFCG,WPSFD49502,6,1977-07-01,0.00466201310581127,0.00466201310581127,0
PPI_FINISHED_CONSUMER_GOODS,pairwise,old_vs_new,PPIFCG,WPSFD49502,6,1977-08-01,-2.16335493092856e-05,-2.16335493092856e-05,0
PPI_FINISHED_CONSUMER_GOODS,pairwise,old_vs_new,PPIFCG,WPSFD49502,6,1977-09-01,-0.00155871301909372,-0.00155871301909372,0
PPI_FINISHED_CONSUMER_GOODS,pairwise,old_vs_new,PPIFCG,WPSFD49502,6,1977-10-01,0.00152309984934007,0.00152309984934007,0
PPI_FINISHED_CONSUMER_GOODS,pairwise,old_vs_new,PPIFCG,WPSFD49502,6,1977-11-01,0.00302303566213791,0.00302303566213791,0
PPI_FINISHED_CONSUMER_GOODS,pairwise,old_vs_new,PPIFCG,WPSFD49502,6,1977-12-01,-0.00307889352251678,-0.00307889352251678,0
PPI_FINISHED_CONSUMER_GOODS,pairwise,old_vs_new,PPIFCG,WPSFD49502,6,1978-01-01,-2.059890162176e-05,-2.059890162176e-05,0
PPI_FINISHED_CONSUMER_GOODS,pairwise,old_vs_new,PPIFCG,WPSFD49502,6,1978-02-01,0.00297360102704669,0.00297360102704669,0
PPI_FINISHED_CONSUMER_GOODS,pairwise,old_vs_new,PPIFCG,WPSFD49502,6,1978-03-01,-0.0015406411352954,-0.0015406411352954,0
PPI_FINISHED_CONSUMER_GOODS,pairwise,old_vs_new,PPIFCG,WPSFD49502,6,1978-04-01,0.00732305868223548,0.00732305868223548,0
PPI_FINISHED_CONSUMER_GOODS,pairwise,old_vs_new,PPIFCG,WPSFD49502,6,1978-05-01,-0.00743635831631106,-0.00743635831631106,0
PPI_FINISHED_CONSUMER_GOODS,pairwise,old_vs_new,PPIFCG,WPSFD49502,6,1978-06-01,0.00430440158159406,0.00430440158159406,0
PPI_FINISHED_CONSUMER_GOODS,pairwise,old_vs_new,PPIFCG,WPSFD49502,6,1978-07-01,-0.00153162842011056,-0.00153162842011056,0
PPI_FINISHED_CONSUMER_GOODS,pairwise,old_vs_new,PPIFCG,WPSFD49502,6,1978-08-01,-0.00862074304390692,-0.00862074304390692,0
PPI_FINISHED_CONSUMER_GOODS,pairwise,old_vs_new,PPIFCG,WPSFD49502,6,1978-09-01,0.00996449525943177,0.00996449525943177,0
PPI_FINISHED_CONSUMER_GOODS,pairwise,old_vs_new,PPIFCG,WPSFD49502,6,1978-10-01,-0.00431476271731235,-0.00431476271731235,0
PPI_FINISHED_CONSUMER_GOODS,pairwise,old_vs_new,PPIFCG,WPSFD49502,6,1978-11-01,0.00136784011652669,0.00136784011652669,0
PPI_FINISHED_CONSUMER_GOODS,pairwise,old_vs_new,PPIFCG,WPSFD49502,6,1978-12-01,0.00687153950202113,0.00687153950202113,0
PPI_FINISHED_CONSUMER_GOODS,pairwise,old_vs_new,PPIFCG,WPSFD49502,6,1979-01-01,-0.00291506512869066,-0.00291506512869066,0
PPI_FINISHED_CONSUMER_GOODS,pairwise,old_vs_new,PPIFCG,WPSFD49502,6,1979-02-01,0.00122949424875252,0.00122949424875252,0
PPI_FINISHED_CONSUMER_GOODS,pairwise,old_vs_new,PPIFCG,WPSFD49502,6,1979-03-01,-0.00414980647363183,-0.00414980647363183,0
PPI_FINISHED_CONSUMER_GOODS,pairwise,old_vs_new,PPIFCG,WPSFD49502,6,1979-04-01,0.00258466339795849,0.00258466339795849,0
PPI_FINISHED_CONSUMER_GOODS,pairwise,old_vs_new,PPIFCG,WPSFD49502,6,1979-05-01,-0.00667799698895877,-0.00667799698895877,0
PPI_FINISHED_CONSUMER_GOODS,pairwise,old_vs_new,PPIFCG,WPSFD49502,6,1979-06-01,0.00260561055479336,0.00260561055479336,0
PPI_FINISHED_CONSUMER_GOODS,pairwise,old_vs_new,PPIFCG,WPSFD49502,6,1979-07-01,0.00514524765001134,0.00514524765001134,0
PPI_FINISHED_CONSUMER_GOODS,pairwise,old_vs_new,PPIFCG,WPSFD49502,6,1979-08-01,0.00114238798247968,0.00114238798247968,0
PPI_FINISHED_CONSUMER_GOODS,pairwise,old_vs_new,PPIFCG,WPSFD49502,6,1979-09-01,0.00612225405562405,0.00612225405562405,0
PPI_FINISHED_CONSUMER_GOODS,pairwise,old_vs_new,PPIFCG,WPSFD49502,6,1979-10-01,-0.00900075640218567,-0.00900075640218567,0
PPI_FINISHED_CONSUMER_GOODS,pairwise,old_vs_new,PPIFCG,WPSFD49502,6,1979-11-01,0.00480344903929897,0.00480344903929897,0
PPI_FINISHED_CONSUMER_GOODS,pairwise,old_vs_new,PPIFCG,WPSFD49502,6,1979-12-01,-0.0050461571778877,-0.0050461571778877,0
PPI_FINISHED_CONSUMER_GOODS,pairwise,old_vs_new,PPIFCG,WPSFD49502,6,1980-01-01,0.0058834960279972,0.0058834960279972,0
PPI_FINISHED_CONSUMER_GOODS,pairwise,old_vs_new,PPIFCG,WPSFD49502,6,1980-02-01,-0.000240112584118712,-0.000240112584118712,0
PPI_FINISHED_CONSUMER_GOODS,pairwise,old_vs_new,PPIFCG,WPSFD49502,6,1980-03-01,-0.00486784276369523,-0.00486784276369523,0
PPI_FINISHED_CONSUMER_GOODS,pairwise,old_vs_new,PPIFCG,WPSFD49502,6,1980-04-01,-0.00356350524560245,-0.00356350524560245,0
PPI_FINISHED_CONSUMER_GOODS,pairwise,old_vs_new,PPIFCG,WPSFD49502,6,1980-05-01,-0.00234147228085124,-0.00234147228085124,0
PPI_FINISHED_CONSUMER_GOODS,pairwise,old_vs_new,PPIFCG,WPSFD49502,6,1980-06-01,0.00453992076071419,0.00453992076071419,0
PPI_FINISHED_CONSUMER_GOODS,pairwise,old_vs_new,PPIFCG,WPSFD49502,6,1980-07-01,0.00777795665566217,0.00777795665566217,0
PPI_FINISHED_CONSUMER_GOODS,pairwise,old_vs_new,PPIFCG,WPSFD49502,6,1980-08-01,-0.00469170896192495,-0.00469170896192495,0
PPI_FINISHED_CONSUMER_GOODS,pairwise,old_vs_new,PPIFCG,WPSFD49502,6,1980-09-01,-0.00891973362504483,-0.00891973362504483,0
PPI_FINISHED_CONSUMER_GOODS,pairwise,old_vs_new,PPIFCG,WPSFD49502,6,1980-10-01,0.00218206709230806,0.00218206709230806,0
PPI_FINISHED_CONSUMER_GOODS,pairwise,old_vs_new,PPIFCG,WPSFD49502,6,1980-11-01,0.00214628745444223,0.00214628745444223,0
PPI_FINISHED_CONSUMER_GOODS,pairwise,old_vs_new,PPIFCG,WPSFD49502,6,1980-12-01,-0.00329938784951977,-0.00329938784951977,0
PPI_FINISHED_CONSUMER_GOODS,pairwise,old_vs_new,PPIFCG,WPSFD49502,6,1981-01-01,0.00535472760706224,0.00535472760706224,0
PPI_FINISHED_CONSUMER_GOODS,pairwise,old_vs_new,PPIFCG,WPSFD49502,6,1981-02-01,-0.00115519046762369,-0.00115519046762369,0
PPI_FINISHED_CONSUMER_GOODS,pairwise,old_vs_new,PPIFCG,WPSFD49502,6,1981-03-01,0.00413382533078632,0.00413382533078632,0
PPI_FINISHED_CONSUMER_GOODS,pairwise,old_vs_new,PPIFCG,WPSFD49502,6,1981-04-01,-0.00119537311247964,-0.00119537311247964,0
PPI_FINISHED_CONSUMER_GOODS,pairwise,old_vs_new,PPIFCG,WPSFD49502,6,1981-05-01,-0.00940385135436994,-0.00940385135436994,0
PPI_FINISHED_CONSUMER_GOODS,pairwise,old_vs_new,PPIFCG,WPSFD49502,6,1981-06-01,0.00205969768293723,0.00205969768293723,0
PPI_FINISHED_CONSUMER_GOODS,pairwise,old_vs_new,PPIFCG,WPSFD49502,6,1981-07-01,-0.0031018404910137,-0.0031018404910137,0
PPI_FINISHED_CONSUMER_GOODS,pairwise,old_vs_new,PPIFCG,WPSFD49502,6,1981-08-01,-0.00103039679389649,-0.00103039679389649,0
PPI_FINISHED_CONSUMER_GOODS,pairwise,old_vs_new,PPIFCG,WPSFD49502,6,1981-09-01,0.00411100270652209,0.00411100270652209,0
PPI_FINISHED_CONSUMER_GOODS,pairwise,old_vs_new,PPIFCG,WPSFD49502,6,1981-10-01,-0.00103880366955167,-0.00103880366955167,0
PPI_FINISHED_CONSUMER_GOODS,pairwise,old_vs_new,PPIFCG,WPSFD49502,6,1981-11-01,-0.00102929740716995,-0.00102929740716995,0
PPI_FINISHED_CONSUMER_GOODS,pairwise,old_vs_new,PPIFCG,WPSFD49502,6,1981-12-01,0.00203042375783458,0.00203042375783458,0
PPI_FINISHED_CONSUMER_GOODS,pairwise,old_vs_new,PPIFCG,WPSFD49502,6,1982-01-01,0.00200572068874738,0.00200572068874738,0
PPI_FINISHED_CONSUMER_GOODS,pairwise,old_vs_new,PPIFCG,WPSFD49502,6,1982-02-01,-0.00607904607638243,-0.00607904607638243,0
PPI_FINISHED_CONSUMER_GOODS,pairwise,old_vs_new,PPIFCG,WPSFD49502,6,1982-03-01,-0.00202224538076745,-0.00202224538076745,0
PPI_FINISHED_CONSUMER_GOODS,pairwise,old_vs_new,PPIFCG,WPSFD49502,6,1982-04-01,0.00303387925561172,0.00303387925561172,0
PPI_FINISHED_CONSUMER_GOODS,pairwise,old_vs_new,PPIFCG,WPSFD49502,6,1982-05-01,-0.00202326774968853,-0.00202326774968853,0
PPI_FINISHED_CONSUMER_GOODS,pairwise,old_vs_new,PPIFCG,WPSFD49502,6,1982-06-01,0.0110822124384402,0.0110822124384402,0
PPI_FINISHED_CONSUMER_GOODS,pairwise,old_vs_new,PPIFCG,WPSFD49502,6,1982-07-01,-0.00706907555983971,-0.00706907555983971,0
PPI_FINISHED_CONSUMER_GOODS,pairwise,old_vs_new,PPIFCG,WPSFD49502,6,1982-08-01,0.00098653817419958,0.00098653817419958,0
PPI_FINISHED_CONSUMER_GOODS,pairwise,old_vs_new,PPIFCG,WPSFD49502,6,1982-09-01,-0.00199996895256938,-0.00199996895256938,0
PPI_FINISHED_CONSUMER_GOODS,pairwise,old_vs_new,PPIFCG,WPSFD49502,6,1982-10-01,0.00098664489135647,0.00098664489135647,0
PPI_FINISHED_CONSUMER_GOODS,pairwise,old_vs_new,PPIFCG,WPSFD49502,6,1982-11-01,0.00097785719908039,0.00097785719908039,0
PPI_FINISHED_CONSUMER_GOODS,pairwise,old_vs_new,PPIFCG,WPSFD49502,6,1982-12-01,-0.00099836241839224,-0.00099836241839224,0
PPI_FINISHED_CONSUMER_GOODS,pairwise,old_vs_new,PPIFCG,WPSFD49502,6,1983-01-01,-0.0118431593146768,-0.0118431593146768,0
PPI_FINISHED_CONSUMER_GOODS,pairwise,old_vs_new,PPIFCG,WPSFD49502,6,1983-02-01,0.00888894741724577,0.00888894741724577,0
PPI_FINISHED_CONSUMER_GOODS,pairwise,old_vs_new,PPIFCG,WPSFD49502,6,1983-03-01,-0.000992555912751492,-0.000992555912751492,0
PPI_FINISHED_CONSUMER_GOODS,pairwise,old_vs_new,PPIFCG,WPSFD49502,6,1983-04-01,0.000992555912751492,0.000992555912751492,0
PPI_FINISHED_CONSUMER_GOODS,pairwise,old_vs_new,PPIFCG,WPSFD49502,6,1983-05-01,0.00297471711674291,0.00297471711674291,0
PPI_FINISHED_CONSUMER_GOODS,pairwise,old_vs_new,PPIFCG,WPSFD49502,6,1983-06-01,-8.82270336521884e-06,-8.82270336521884e-06,0
PPI_FINISHED_CONSUMER_GOODS,pairwise,old_vs_new,PPIFCG,WPSFD49502,6,1983-07-01,-0.00296589441337769,-0.00296589441337769,0
PPI_FINISHED_CONSUMER_GOODS,pairwise,old_vs_new,PPIFCG,WPSFD49502,6,1983-08-01,0.00295712388974412,0.00295712388974412,0
PPI_FINISHED_CONSUMER_GOODS,pairwise,old_vs_new,PPIFCG,WPSFD49502,6,1983-09-01,-0.000990554917703612,-0.000990554917703612,0
PPI_FINISHED_CONSUMER_GOODS,pairwise,old_vs_new,PPIFCG,WPSFD49502,6,1983-10-01,-0.000984732859783399,-0.000984732859783399,0
PPI_FINISHED_CONSUMER_GOODS,pairwise,old_vs_new,PPIFCG,WPSFD49502,6,1983-11-01,-0.00491497785909445,-0.00491497785909445,0
PPI_FINISHED_CONSUMER_GOODS,pairwise,old_vs_new,PPIFCG,WPSFD49502,6,1983-12-01,0.00786628349367469,0.00786628349367469,0
PPI_FINISHED_CONSUMER_GOODS,pairwise,old_vs_new,PPIFCG,WPSFD49502,6,1984-01-01,0.00388703495899634,0.00388703495899634,0
PPI_FINISHED_CONSUMER_GOODS,pairwise,old_vs_new,PPIFCG,WPSFD49502,6,1984-02-01,-0.00393290261743218,-0.00393290261743218,0
PPI_FINISHED_CONSUMER_GOODS,pairwise,old_vs_new,PPIFCG,WPSFD49502,6,1984-03-01,0.000950664714066463,0.000950664714066463,0
PPI_FINISHED_CONSUMER_GOODS,pairwise,old_vs_new,PPIFCG,WPSFD49502,6,1984-04-01,-0.00580365592242682,-0.00580365592242682,0
PPI_FINISHED_CONSUMER_GOODS,pairwise,old_vs_new,PPIFCG,WPSFD49502,6,1984-05-01,0.000965717119958853,0.000965717119958853,0
PPI_FINISHED_CONSUMER_GOODS,pairwise,old_vs_new,PPIFCG,WPSFD49502,6,1984-06-01,-0.000966650631094801,-0.000966650631094801,0
PPI_FINISHED_CONSUMER_GOODS,pairwise,old_vs_new,PPIFCG,WPSFD49502,6,1984-07-01,0.00289901838214845,0.00289901838214845,0
PPI_FINISHED_CONSUMER_GOODS,pairwise,old_vs_new,PPIFCG,WPSFD49502,6,1984-08-01,-0.00483232145084322,-0.00483232145084322,0
PPI_FINISHED_CONSUMER_GOODS,pairwise,old_vs_new,PPIFCG,WPSFD49502,6,1984-09-01,0.00193143062165912,0.00193143062165912,0
PPI_FINISHED_CONSUMER_GOODS,pairwise,old_vs_new,PPIFCG,WPSFD49502,6,1984-10-01,-9.38946417505804e-07,-9.38946417505804e-07,0
PPI_FINISHED_CONSUMER_GOODS,pairwise,old_vs_new,PPIFCG,WPSFD49502,6,1984-11-01,0.00387503307596226,0.00387503307596226,0
PPI_FINISHED_CONSUMER_GOODS,pairwise,old_vs_new,PPIFCG,WPSFD49502,6,1984-12-01,-0.00193892042031951,-0.00193892042031951,0
PPI_FINISHED_CONSUMER_GOODS,pairwise,old_vs_new,PPIFCG,WPSFD49502,6,1985-01-01,-0.0019333012621896,-0.0019333012621896,0
PPI_FINISHED_CONSUMER_GOODS,pairwise,old_vs_new,PPIFCG,WPSFD49502,6,1985-02-01,0.000966650631094801,0.000966650631094801,0
PPI_FINISHED_CONSUMER_GOODS,pairwise,old_vs_new,PPIFCG,WPSFD49502,6,1985-03-01,-0.000967585948735916,-0.000967585948735916,0
PPI_FINISHED_CONSUMER_GOODS,pairwise,old_vs_new,PPIFCG,WPSFD49502,6,1985-04-01,0.00675910792832468,0.00675910792832468,0
PPI_FINISHED_CONSUMER_GOODS,pairwise,old_vs_new,PPIFCG,WPSFD49502,6,1985-05-01,-0.00290829076550381,-0.00290829076550381,0
PPI_FINISHED_CONSUMER_GOODS,pairwise,old_vs_new,PPIFCG,WPSFD49502,6,1985-06-01,-0.00672938980156346,-0.00672938980156346,0
PPI_FINISHED_CONSUMER_GOODS,pairwise,old_vs_new,PPIFCG,WPSFD49502,6,1985-07-01,0.0038461585874785,0.0038461585874785,0
PPI_FINISHED_CONSUMER_GOODS,pairwise,old_vs_new,PPIFCG,WPSFD49502,6,1985-08-01,-0.00192864090640565,-0.00192864090640565,0
PPI_FINISHED_CONSUMER_GOODS,pairwise,old_vs_new,PPIFCG,WPSFD49502,6,1985-09-01,-0.00485104607897302,-0.00485104607897302,0
PPI_FINISHED_CONSUMER_GOODS,pairwise,old_vs_new,PPIFCG,WPSFD49502,6,1985-10-01,0.0164509422505565,0.0164509422505565,0
PPI_FINISHED_CONSUMER_GOODS,pairwise,old_vs_new,PPIFCG,WPSFD49502,6,1985-11-01,-0.0029566017395366,-0.0029566017395366,0
PPI_FINISHED_CONSUMER_GOODS,pairwise,old_vs_new,PPIFCG,WPSFD49502,6,1985-12-01,-4.47860165344593e-05,-4.47860165344593e-05,0
PPI_FINISHED_CONSUMER_GOODS,pairwise,old_vs_new,PPIFCG,WPSFD49502,6,1986-01-01,-0.0133397350182136,-0.0133397350182136,0
PPI_FINISHED_CONSUMER_GOODS,pairwise,old_vs_new,PPIFCG,WPSFD49502,6,1986-02-01,-0.0106883311006509,-0.0106883311006509,0
PPI_FINISHED_CONSUMER_GOODS,pairwise,old_vs_new,PPIFCG,WPSFD49502,6,1986-03-01,-0.000306637570047563,-0.000306637570047563,0
PPI_FINISHED_CONSUMER_GOODS,pairwise,old_vs_new,PPIFCG,WPSFD49502,6,1986-04-01,0.0107100143064356,0.0107100143064356,0
PPI_FINISHED_CONSUMER_GOODS,pairwise,old_vs_new,PPIFCG,WPSFD49502,6,1986-05-01,0.0139096437467394,0.0139096437467394,0
PPI_FINISHED_CONSUMER_GOODS,pairwise,old_vs_new,PPIFCG,WPSFD49502,6,1986-06-01,-0.00497658186126415,-0.00497658186126415,0
PPI_FINISHED_CONSUMER_GOODS,pairwise,old_vs_new,PPIFCG,WPSFD49502,6,1986-07-01,-0.0119088082147067,-0.0119088082147067,0
PPI_FINISHED_CONSUMER_GOODS,pairwise,old_vs_new,PPIFCG,WPSFD49502,6,1986-08-01,0.0149081792763539,0.0149081792763539,0
PPI_FINISHED_CONSUMER_GOODS,pairwise,old_vs_new,PPIFCG,WPSFD49502,6,1986-09-01,-0.00299348343870598,-0.00299348343870598,0
PPI_FINISHED_CONSUMER_GOODS,pairwise,old_vs_new,PPIFCG,WPSFD49502,6,1986-10-01,0.00394474348723151,0.00394474348723151,0
PPI_FINISHED_CONSUMER_GOODS,pairwise,old_vs_new,PPIFCG,WPSFD49502,6,1986-11-01,-0.00691457844703702,-0.00691457844703702,0
PPI_FINISHED_CONSUMER_GOODS,pairwise,old_vs_new,PPIFCG,WPSFD49502,6,1986-12-01,0.00197141464951756,0.00197141464951756,0
PPI_FINISHED_CONSUMER_GOODS,pairwise,old_vs_new,PPIFCG,WPSFD49502,6,1987-01-01,0.00490821936401886,0.00490821936401886,0
PPI_FINISHED_CONSUMER_GOODS,pairwise,old_vs_new,PPIFCG,WPSFD49502,6,1987-02-01,-0.00198385328093398,-0.00198385328093398,0
PPI_FINISHED_CONSUMER_GOODS,pairwise,old_vs_new,PPIFCG,WPSFD49502,6,1987-03-01,-0.00293493924963784,-0.00293493924963784,0
PPI_FINISHED_CONSUMER_GOODS,pairwise,old_vs_new,PPIFCG,WPSFD49502,6,1987-04-01,0.00582430923071797,0.00582430923071797,0
PPI_FINISHED_CONSUMER_GOODS,pairwise,old_vs_new,PPIFCG,WPSFD49502,6,1987-05-01,-0.00583185744018788,-0.00583185744018788,0
PPI_FINISHED_CONSUMER_GOODS,pairwise,old_vs_new,PPIFCG,WPSFD49502,6,1987-06-01,0.00289342270872339,0.00289342270872339,0
PPI_FINISHED_CONSUMER_GOODS,pairwise,old_vs_new,PPIFCG,WPSFD49502,6,1987-07-01,-0.00193608024787473,-0.00193608024787473,0
PPI_FINISHED_CONSUMER_GOODS,pairwise,old_vs_new,PPIFCG,WPSFD49502,6,1987-08-01,-3.69823169066308e-06,-3.69823169066308e-06,0
PPI_FINISHED_CONSUMER_GOODS,pairwise,old_vs_new,PPIFCG,WPSFD49502,6,1987-09-01,0.000953711907705213,0.000953711907705213,0
PPI_FINISHED_CONSUMER_GOODS,pairwise,old_vs_new,PPIFCG,WPSFD49502,6,1987-10-01,-0.00383233804192606,-0.00383233804192606,0
PPI_FINISHED_CONSUMER_GOODS,pairwise,old_vs_new,PPIFCG,WPSFD49502,6,1987-11-01,-9.17485484919212e-07,-9.17485484919212e-07,0
PPI_FINISHED_CONSUMER_GOODS,pairwise,old_vs_new,PPIFCG,WPSFD49502,6,1987-12-01,-0.000961072943991503,-0.000961072943991503,0
PPI_FINISHED_CONSUMER_GOODS,pairwise,old_vs_new,PPIFCG,WPSFD49502,6,1988-01-01,0.00671096239570268,0.00671096239570268,0
PPI_FINISHED_CONSUMER_GOODS,pairwise,old_vs_new,PPIFCG,WPSFD49502,6,1988-02-01,-0.00670545219218344,-0.00670545219218344,0
PPI_FINISHED_CONSUMER_GOODS,pairwise,old_vs_new,PPIFCG,WPSFD49502,6,1988-03-01,0.00478331861023662,0.00478331861023662,0
PPI_FINISHED_CONSUMER_GOODS,pairwise,old_vs_new,PPIFCG,WPSFD49502,6,1988-04-01,0.00189473999916601,0.00189473999916601,0
PPI_FINISHED_CONSUMER_GOODS,pairwise,old_vs_new,PPIFCG,WPSFD49502,6,1988-05-01,-0.0028648466234662,-0.0028648466234662,0
PPI_FINISHED_CONSUMER_GOODS,pairwise,old_vs_new,PPIFCG,WPSFD49502,6,1988-06-01,0.000942920965277594,0.000942920965277594,0
PPI_FINISHED_CONSUMER_GOODS,pairwise,old_vs_new,PPIFCG,WPSFD49502,6,1988-07-01,0.00563636208662199,0.00563636208662199,0
PPI_FINISHED_CONSUMER_GOODS,pairwise,old_vs_new,PPIFCG,WPSFD49502,6,1988-08-01,-0.0037991531335928,-0.0037991531335928,0
PPI_FINISHED_CONSUMER_GOODS,pairwise,old_vs_new,PPIFCG,WPSFD49502,6,1988-09-01,-0.00281379353900935,-0.00281379353900935,0
PPI_FINISHED_CONSUMER_GOODS,pairwise,old_vs_new,PPIFCG,WPSFD49502,6,1988-10-01,-3.47425188529371e-06,-3.47425188529371e-06,0
PPI_FINISHED_CONSUMER_GOODS,pairwise,old_vs_new,PPIFCG,WPSFD49502,6,1988-11-01,0.00185182676530715,0.00185182676530715,0
PPI_FINISHED_CONSUMER_GOODS,pairwise,old_vs_new,PPIFCG,WPSFD49502,6,1988-12-01,-1.37429535156386e-05,-1.37429535156386e-05,0
PPI_FINISHED_CONSUMER_GOODS,pairwise,old_vs_new,PPIFCG,WPSFD49502,6,1989-01-01,0.00731911350675496,0.00731911350675496,0
PPI_FINISHED_CONSUMER_GOODS,pairwise,old_vs_new,PPIFCG,WPSFD49502,6,1989-02-01,-0.00192842354835854,-0.00192842354835854,0
PPI_FINISHED_CONSUMER_GOODS,pairwise,old_vs_new,PPIFCG,WPSFD49502,6,1989-03-01,-0.00547759830273886,-0.00547759830273886,0
PPI_FINISHED_CONSUMER_GOODS,pairwise,old_vs_new,PPIFCG,WPSFD49502,6,1989-04-01,0.00536334756304502,0.00536334756304502,0
PPI_FINISHED_CONSUMER_GOODS,pairwise,old_vs_new,PPIFCG,WPSFD49502,6,1989-05-01,-7.9865123821854e-05,-7.9865123821854e-05,0
PPI_FINISHED_CONSUMER_GOODS,pairwise,old_vs_new,PPIFCG,WPSFD49502,6,1989-06-01,-0.0106699059476227,-0.0106699059476227,0
PPI_FINISHED_CONSUMER_GOODS,pairwise,old_vs_new,PPIFCG,WPSFD49502,6,1989-07-01,-0.000892433476253451,-0.000892433476253451,0
PPI_FINISHED_CONSUMER_GOODS,pairwise,old_vs_new,PPIFCG,WPSFD49502,6,1989-08-01,-0.00358174779829668,-0.00358174779829668,0
PPI_FINISHED_CONSUMER_GOODS,pairwise,old_vs_new,PPIFCG,WPSFD49502,6,1989-09-01,0.0133837469537559,0.0133837469537559,0
PPI_FINISHED_CONSUMER_GOODS,pairwise,old_vs_new,PPIFCG,WPSFD49502,6,1989-10-01,-0.00181735409171946,-0.00181735409171946,0
PPI_FINISHED_CONSUMER_GOODS,pairwise,old_vs_new,PPIFCG,WPSFD49502,6,1989-11-01,-0.00443537883059264,-0.00443537883059264,0
PPI_FINISHED_CONSUMER_GOODS,pairwise,old_vs_new,PPIFCG,WPSFD49502,6,1989-12-01,0.00703530845193967,0.00703530845193967,0
PPI_FINISHED_CONSUMER_GOODS,pairwise,old_vs_new,PPIFCG,WPSFD49502,6,1990-01-01,0.0163245205110458,0.0163245205110458,0
PPI_FINISHED_CONSUMER_GOODS,pairwise,old_vs_new,PPIFCG,WPSFD49502,6,1990-02-01,-0.0259559407955061,-0.0259559407955061,0
PPI_FINISHED_CONSUMER_GOODS,pairwise,old_vs_new,PPIFCG,WPSFD49502,6,1990-03-01,-0.00172115058237843,-0.00172115058237843,0
PPI_FINISHED_CONSUMER_GOODS,pairwise,old_vs_new,PPIFCG,WPSFD49502,6,1990-04-01,0.00171230894711893,0.00171230894711893,0
PPI_FINISHED_CONSUMER_GOODS,pairwise,old_vs_new,PPIFCG,WPSFD49502,6,1990-05-01,0.003442341641545,0.003442341641545,0
PPI_FINISHED_CONSUMER_GOODS,pairwise,old_vs_new,PPIFCG,WPSFD49502,6,1990-06-01,-0.0017211708207725,-0.0017211708207725,0
PPI_FINISHED_CONSUMER_GOODS,pairwise,old_vs_new,PPIFCG,WPSFD49502,6,1990-07-01,0.00257621439177314,0.00257621439177314,0
PPI_FINISHED_CONSUMER_GOODS,pairwise,old_vs_new,PPIFCG,WPSFD49502,6,1990-08-01,0.0110526166638332,0.0110526166638332,0
PPI_FINISHED_CONSUMER_GOODS,pairwise,old_vs_new,PPIFCG,WPSFD49502,6,1990-09-01,0.00148480675444151,0.00148480675444151,0
PPI_FINISHED_CONSUMER_GOODS,pairwise,old_vs_new,PPIFCG,WPSFD49502,6,1990-10-01,-0.00269111781149078,-0.00269111781149078,0
PPI_FINISHED_CONSUMER_GOODS,pairwise,old_vs_new,PPIFCG,WPSFD49502,6,1990-11-01,-0.0058597400860334,-0.0058597400860334,0
PPI_FINISHED_CONSUMER_GOODS,pairwise,old_vs_new,PPIFCG,WPSFD49502,6,1990-12-01,-0.0139489439802523,-0.0139489439802523,0
PPI_FINISHED_CONSUMER_GOODS,pairwise,old_vs_new,PPIFCG,WPSFD49502,6,1991-01-01,0.0123163301755875,0.0123163301755875,0
PPI_FINISHED_CONSUMER_GOODS,pairwise,old_vs_new,PPIFCG,WPSFD49502,6,1991-02-01,-0.0148149253404011,-0.0148149253404011,0
PPI_FINISHED_CONSUMER_GOODS,pairwise,old_vs_new,PPIFCG,WPSFD49502,6,1991-03-01,0.00490549583293465,0.00490549583293465,0
PPI_FINISHED_CONSUMER_GOODS,pairwise,old_vs_new,PPIFCG,WPSFD49502,6,1991-04-01,0.00497926339960753,0.00497926339960753,0
PPI_FINISHED_CONSUMER_GOODS,pairwise,old_vs_new,PPIFCG,WPSFD49502,6,1991-05-01,0.00166251077361323,0.00166251077361323,0
PPI_FINISHED_CONSUMER_GOODS,pairwise,old_vs_new,PPIFCG,WPSFD49502,6,1991-06-01,-0.00415731456239588,-0.00415731456239588,0
PPI_FINISHED_CONSUMER_GOODS,pairwise,old_vs_new,PPIFCG,WPSFD49502,6,1991-07-01,-0.00167708378062326,-0.00167708378062326,0
PPI_FINISHED_CONSUMER_GOODS,pairwise,old_vs_new,PPIFCG,WPSFD49502,6,1991-08-01,0.00667710808634236,0.00667710808634236,0
PPI_FINISHED_CONSUMER_GOODS,pairwise,old_vs_new,PPIFCG,WPSFD49502,6,1991-09-01,-0.00083855346446704,-0.00083855346446704,0
PPI_FINISHED_CONSUMER_GOODS,pairwise,old_vs_new,PPIFCG,WPSFD49502,6,1991-10-01,0.00165835679230231,0.00165835679230231,0
PPI_FINISHED_CONSUMER_GOODS,pairwise,old_vs_new,PPIFCG,WPSFD49502,6,1991-11-01,0.000815768821260221,0.000815768821260221,0
PPI_FINISHED_CONSUMER_GOODS,pairwise,old_vs_new,PPIFCG,WPSFD49502,6,1991-12-01,-0.00579505276205872,-0.00579505276205872,0
PPI_FINISHED_CONSUMER_GOODS,pairwise,old_vs_new,PPIFCG,WPSFD49502,6,1992-01-01,-0.00166249252996753,-0.00166249252996753,0
PPI_FINISHED_CONSUMER_GOODS,pairwise,old_vs_new,PPIFCG,WPSFD49502,6,1992-02-01,0.00663350525198858,0.00663350525198858,0
PPI_FINISHED_CONSUMER_GOODS,pairwise,old_vs_new,PPIFCG,WPSFD49502,6,1992-03-01,-0.00331675262599429,-0.00331675262599429,0
PPI_FINISHED_CONSUMER_GOODS,pairwise,old_vs_new,PPIFCG,WPSFD49502,6,1992-04-01,0.000827472120032091,0.000827472120032091,0
PPI_FINISHED_CONSUMER_GOODS,pairwise,old_vs_new,PPIFCG,WPSFD49502,6,1992-05-01,0.00329964888461909,0.00329964888461909,0
PPI_FINISHED_CONSUMER_GOODS,pairwise,old_vs_new,PPIFCG,WPSFD49502,6,1992-06-01,-1.69631428228456e-05,-1.69631428228456e-05,0
PPI_FINISHED_CONSUMER_GOODS,pairwise,old_vs_new,PPIFCG,WPSFD49502,6,1992-07-01,-0.00411015786182833,-0.00411015786182833,0
PPI_FINISHED_CONSUMER_GOODS,pairwise,old_vs_new,PPIFCG,WPSFD49502,6,1992-08-01,0,0,0
PPI_FINISHED_CONSUMER_GOODS,pairwise,old_vs_new,PPIFCG,WPSFD49502,6,1992-09-01,0.00327600620590029,0.00327600620590029,0
PPI_FINISHED_CONSUMER_GOODS,pairwise,old_vs_new,PPIFCG,WPSFD49502,6,1992-10-01,0.000803966814014956,0.000803966814014956,0
PPI_FINISHED_CONSUMER_GOODS,pairwise,old_vs_new,PPIFCG,WPSFD49502,6,1992-11-01,-0.00570996523084588,-0.00570996523084588,0
PPI_FINISHED_CONSUMER_GOODS,pairwise,old_vs_new,PPIFCG,WPSFD49502,6,1992-12-01,0.0024453204256849,0.0024453204256849,0
PPI_FINISHED_CONSUMER_GOODS,pairwise,old_vs_new,PPIFCG,WPSFD49502,6,1993-01-01,0.000813336640369755,0.000813336640369755,0
PPI_FINISHED_CONSUMER_GOODS,pairwise,old_vs_new,PPIFCG,WPSFD49502,6,1993-02-01,0.000809369672306381,0.000809369672306381,0
PPI_FINISHED_CONSUMER_GOODS,pairwise,old_vs_new,PPIFCG,WPSFD49502,6,1993-03-01,-0.000815974155562671,-0.000815974155562671,0
PPI_FINISHED_CONSUMER_GOODS,pairwise,old_vs_new,PPIFCG,WPSFD49502,6,1993-04-01,0.00564482667351029,0.00564482667351029,0
PPI_FINISHED_CONSUMER_GOODS,pairwise,old_vs_new,PPIFCG,WPSFD49502,6,1993-05-01,-0.0064627052569648,-0.0064627052569648,0
PPI_FINISHED_CONSUMER_GOODS,pairwise,old_vs_new,PPIFCG,WPSFD49502,6,1993-06-01,-0.00644708269504957,-0.00644708269504957,0
PPI_FINISHED_CONSUMER_GOODS,pairwise,old_vs_new,PPIFCG,WPSFD49502,6,1993-07-01,0.00321473297948138,0.00321473297948138,0
PPI_FINISHED_CONSUMER_GOODS,pairwise,old_vs_new,PPIFCG,WPSFD49502,6,1993-08-01,-0.00980190705690642,-0.00980190705690642,0
PPI_FINISHED_CONSUMER_GOODS,pairwise,old_vs_new,PPIFCG,WPSFD49502,6,1993-09-01,0.0138694196134939,0.0138694196134939,0
PPI_FINISHED_CONSUMER_GOODS,pairwise,old_vs_new,PPIFCG,WPSFD49502,6,1993-10-01,-2.68305296469151e-06,-2.68305296469151e-06,0
PPI_FINISHED_CONSUMER_GOODS,pairwise,old_vs_new,PPIFCG,WPSFD49502,6,1993-11-01,-0.0016366615764678,-0.0016366615764678,0
PPI_FINISHED_CONSUMER_GOODS,pairwise,old_vs_new,PPIFCG,WPSFD49502,6,1993-12-01,0,0,0
PPI_FINISHED_CONSUMER_GOODS,pairwise,old_vs_new,PPIFCG,WPSFD49502,6,1994-01-01,0.00244998080898462,0.00244998080898462,0
PPI_FINISHED_CONSUMER_GOODS,pairwise,old_vs_new,PPIFCG,WPSFD49502,6,1994-02-01,-5.98773910631678e-06,-5.98773910631678e-06,0
PPI_FINISHED_CONSUMER_GOODS,pairwise,old_vs_new,PPIFCG,WPSFD49502,6,1994-03-01,-0.0024439930698783,-0.0024439930698783,0
PPI_FINISHED_CONSUMER_GOODS,pairwise,old_vs_new,PPIFCG,WPSFD49502,6,1994-04-01,0,0,0
PPI_FINISHED_CONSUMER_GOODS,pairwise,old_vs_new,PPIFCG,WPSFD49502,6,1994-05-01,-0.00162866485512403,-0.00162866485512403,0
PPI_FINISHED_CONSUMER_GOODS,pairwise,old_vs_new,PPIFCG,WPSFD49502,6,1994-06-01,0.00244332885130039,0.00244332885130039,0
PPI_FINISHED_CONSUMER_GOODS,pairwise,old_vs_new,PPIFCG,WPSFD49502,6,1994-07-01,0.00405943176206947,0.00405943176206947,0
PPI_FINISHED_CONSUMER_GOODS,pairwise,old_vs_new,PPIFCG,WPSFD49502,6,1994-08-01,-2.36416244963067e-05,-2.36416244963067e-05,0
PPI_FINISHED_CONSUMER_GOODS,pairwise,old_vs_new,PPIFCG,WPSFD49502,6,1994-09-01,-0.00889086367075453,-0.00889086367075453,0
PPI_FINISHED_CONSUMER_GOODS,pairwise,old_vs_new,PPIFCG,WPSFD49502,6,1994-10-01,0.000796286659380918,0.000796286659380918,0
PPI_FINISHED_CONSUMER_GOODS,pairwise,old_vs_new,PPIFCG,WPSFD49502,6,1994-11-01,0.00972187832231253,0.00972187832231253,0
PPI_FINISHED_CONSUMER_GOODS,pairwise,old_vs_new,PPIFCG,WPSFD49502,6,1994-12-01,-0.00245036377470598,-0.00245036377470598,0
PPI_FINISHED_CONSUMER_GOODS,pairwise,old_vs_new,PPIFCG,WPSFD49502,6,1995-01-01,-0.00242096562170868,-0.00242096562170868,0
PPI_FINISHED_CONSUMER_GOODS,pairwise,old_vs_new,PPIFCG,WPSFD49502,6,1995-02-01,0.000798384729905344,0.000798384729905344,0
PPI_FINISHED_CONSUMER_GOODS,pairwise,old_vs_new,PPIFCG,WPSFD49502,6,1995-03-01,-0.000804810436845216,-0.000804810436845216,0
PPI_FINISHED_CONSUMER_GOODS,pairwise,old_vs_new,PPIFCG,WPSFD49502,6,1995-04-01,0.000795210384620937,0.000795210384620937,0
PPI_FINISHED_CONSUMER_GOODS,pairwise,old_vs_new,PPIFCG,WPSFD49502,6,1995-05-01,-0.00159808035293629,-0.00159808035293629,0
PPI_FINISHED_CONSUMER_GOODS,pairwise,old_vs_new,PPIFCG,WPSFD49502,6,1995-06-01,-0.00079713037301854,-0.00079713037301854,0
PPI_FINISHED_CONSUMER_GOODS,pairwise,old_vs_new,PPIFCG,WPSFD49502,6,1995-07-01,0.000796495462259017,0.000796495462259017,0
PPI_FINISHED_CONSUMER_GOODS,pairwise,old_vs_new,PPIFCG,WPSFD49502,6,1995-08-01,-0.00159299092451803,-0.00159299092451803,0
PPI_FINISHED_CONSUMER_GOODS,pairwise,old_vs_new,PPIFCG,WPSFD49502,6,1995-09-01,0.0031840811567605,0.0031840811567605,0
PPI_FINISHED_CONSUMER_GOODS,pairwise,old_vs_new,PPIFCG,WPSFD49502,6,1995-10-01,-0.000799023009363964,-0.000799023009363964,0
PPI_FINISHED_CONSUMER_GOODS,pairwise,old_vs_new,PPIFCG,WPSFD49502,6,1995-11-01,-2.519529502365e-06,-2.519529502365e-06,0
PPI_FINISHED_CONSUMER_GOODS,pairwise,old_vs_new,PPIFCG,WPSFD49502,6,1995-12-01,0.00473309319584292,0.00473309319584292,0
PPI_FINISHED_CONSUMER_GOODS,pairwise,old_vs_new,PPIFCG,WPSFD49502,6,1996-01-01,-0.00160585189938001,-0.00160585189938001,0
PPI_FINISHED_CONSUMER_GOODS,pairwise,old_vs_new,PPIFCG,WPSFD49502,6,1996-02-01,-0.00549729076430605,-0.00549729076430605,0
PPI_FINISHED_CONSUMER_GOODS,pairwise,old_vs_new,PPIFCG,WPSFD49502,6,1996-03-01,0.00937445351724531,0.00937445351724531,0
PPI_FINISHED_CONSUMER_GOODS,pairwise,old_vs_new,PPIFCG,WPSFD49502,6,1996-04-01,-0.00548485464688397,-0.00548485464688397,0
PPI_FINISHED_CONSUMER_GOODS,pairwise,old_vs_new,PPIFCG,WPSFD49502,6,1996-05-01,-0.00233069906722871,-0.00233069906722871,0
PPI_FINISHED_CONSUMER_GOODS,pairwise,old_vs_new,PPIFCG,WPSFD49502,6,1996-06-01,0.00231868979607164,0.00231868979607164,0
PPI_FINISHED_CONSUMER_GOODS,pairwise,old_vs_new,PPIFCG,WPSFD49502,6,1996-07-01,-0.00386608235978869,-0.00386608235978869,0
PPI_FINISHED_CONSUMER_GOODS,pairwise,old_vs_new,PPIFCG,WPSFD49502,6,1996-08-01,0.00462904068254577,0.00462904068254577,0
PPI_FINISHED_CONSUMER_GOODS,pairwise,old_vs_new,PPIFCG,WPSFD49502,6,1996-09-01,-0.00308701483072493,-0.00308701483072493,0
PPI_FINISHED_CONSUMER_GOODS,pairwise,old_vs_new,PPIFCG,WPSFD49502,6,1996-10-01,0.00612969568124377,0.00612969568124377,0
PPI_FINISHED_CONSUMER_GOODS,pairwise,old_vs_new,PPIFCG,WPSFD49502,6,1996-11-01,-0.00537250460647254,-0.00537250460647254,0
PPI_FINISHED_CONSUMER_GOODS,pairwise,old_vs_new,PPIFCG,WPSFD49502,6,1996-12-01,0.00227991026776309,0.00227991026776309,0
PPI_FINISHED_CONSUMER_GOODS,pairwise,old_vs_new,PPIFCG,WPSFD49502,6,1997-01-01,-0.00304703826354391,-0.00304703826354391,0
PPI_FINISHED_CONSUMER_GOODS,pairwise,old_vs_new,PPIFCG,WPSFD49502,6,1997-02-01,-0.00456332209726629,-0.00456332209726629,0
PPI_FINISHED_CONSUMER_GOODS,pairwise,old_vs_new,PPIFCG,WPSFD49502,6,1997-03-01,0.00380373223924746,0.00380373223924746,0
PPI_FINISHED_CONSUMER_GOODS,pairwise,old_vs_new,PPIFCG,WPSFD49502,6,1997-04-01,-0.00765114673551981,-0.00765114673551981,0
PPI_FINISHED_CONSUMER_GOODS,pairwise,old_vs_new,PPIFCG,WPSFD49502,6,1997-05-01,0.00457422123104134,0.00457422123104134,0
PPI_FINISHED_CONSUMER_GOODS,pairwise,old_vs_new,PPIFCG,WPSFD49502,6,1997-06-01,0.000763002374081445,0.000763002374081445,0
PPI_FINISHED_CONSUMER_GOODS,pairwise,old_vs_new,PPIFCG,WPSFD49502,6,1997-07-01,-0.000779660156599249,-0.000779660156599249,0
PPI_FINISHED_CONSUMER_GOODS,pairwise,old_vs_new,PPIFCG,WPSFD49502,6,1997-08-01,0.00773037675679777,0.00773037675679777,0
PPI_FINISHED_CONSUMER_GOODS,pairwise,old_vs_new,PPIFCG,WPSFD49502,6,1997-09-01,-0.00232643433661739,-0.00232643433661739,0
PPI_FINISHED_CONSUMER_GOODS,pairwise,old_vs_new,PPIFCG,WPSFD49502,6,1997-10-01,0.00076183990378631,0.00076183990378631,0
PPI_FINISHED_CONSUMER_GOODS,pairwise,old_vs_new,PPIFCG,WPSFD49502,6,1997-11-01,-0.00537546301106318,-0.00537546301106318,0
PPI_FINISHED_CONSUMER_GOODS,pairwise,old_vs_new,PPIFCG,WPSFD49502,6,1997-12-01,0.000764802132186659,0.000764802132186659,0
PPI_FINISHED_CONSUMER_GOODS,pairwise,old_vs_new,PPIFCG,WPSFD49502,6,1998-01-01,-0.00618955188950565,-0.00618955188950565,0
PPI_FINISHED_CONSUMER_GOODS,pairwise,old_vs_new,PPIFCG,WPSFD49502,6,1998-02-01,0.00695191745652313,0.00695191745652313,0
PPI_FINISHED_CONSUMER_GOODS,pairwise,old_vs_new,PPIFCG,WPSFD49502,6,1998-03-01,-6.02793283732694e-07,-6.02793283732694e-07,0
PPI_FINISHED_CONSUMER_GOODS,pairwise,old_vs_new,PPIFCG,WPSFD49502,6,1998-04-01,0.00232949441123331,0.00232949441123331,0
PPI_FINISHED_CONSUMER_GOODS,pairwise,old_vs_new,PPIFCG,WPSFD49502,6,1998-05-01,-0.00232889161794958,-0.00232889161794958,0
PPI_FINISHED_CONSUMER_GOODS,pairwise,old_vs_new,PPIFCG,WPSFD49502,6,1998-06-01,-6.02793283732694e-07,-6.02793283732694e-07,0
PPI_FINISHED_CONSUMER_GOODS,pairwise,old_vs_new,PPIFCG,WPSFD49502,6,1998-07-01,0.00310498882776322,0.00310498882776322,0
PPI_FINISHED_CONSUMER_GOODS,pairwise,old_vs_new,PPIFCG,WPSFD49502,6,1998-08-01,-0.00465657951918175,-0.00465657951918175,0
PPI_FINISHED_CONSUMER_GOODS,pairwise,old_vs_new,PPIFCG,WPSFD49502,6,1998-09-01,0.0015509869610284,0.0015509869610284,0
PPI_FINISHED_CONSUMER_GOODS,pairwise,old_vs_new,PPIFCG,WPSFD49502,6,1998-10-01,0.0054320823435452,0.0054320823435452,0
PPI_FINISHED_CONSUMER_GOODS,pairwise,old_vs_new,PPIFCG,WPSFD49502,6,1998-11-01,-0.00542907304088747,-0.00542907304088747,0
PPI_FINISHED_CONSUMER_GOODS,pairwise,old_vs_new,PPIFCG,WPSFD49502,6,1998-12-01,0.00618179991329804,0.00618179991329804,0
PPI_FINISHED_CONSUMER_GOODS,pairwise,old_vs_new,PPIFCG,WPSFD49502,6,1999-01-01,-0.00156282655658391,-0.00156282655658391,0
PPI_FINISHED_CONSUMER_GOODS,pairwise,old_vs_new,PPIFCG,WPSFD49502,6,1999-02-01,-0.0100032828520158,-0.0100032828520158,0
PPI_FINISHED_CONSUMER_GOODS,pairwise,old_vs_new,PPIFCG,WPSFD49502,6,1999-03-01,0.0100121723071958,0.0100121723071958,0
PPI_FINISHED_CONSUMER_GOODS,pairwise,old_vs_new,PPIFCG,WPSFD49502,6,1999-04-01,0.00228141925152681,0.00228141925152681,0
PPI_FINISHED_CONSUMER_GOODS,pairwise,old_vs_new,PPIFCG,WPSFD49502,6,1999-05-01,-0.00460710438946332,-0.00460710438946332,0
PPI_FINISHED_CONSUMER_GOODS,pairwise,old_vs_new,PPIFCG,WPSFD49502,6,1999-06-01,0.000759573929546953,0.000759573929546953,0
PPI_FINISHED_CONSUMER_GOODS,pairwise,old_vs_new,PPIFCG,WPSFD49502,6,1999-07-01,0.000754369332884863,0.000754369332884863,0
PPI_FINISHED_CONSUMER_GOODS,pairwise,old_vs_new,PPIFCG,WPSFD49502,6,1999-08-01,0.00452250514844188,0.00452250514844188,0
PPI_FINISHED_CONSUMER_GOODS,pairwise,old_vs_new,PPIFCG,WPSFD49502,6,1999-09-01,0.00218452602382246,0.00218452602382246,0
PPI_FINISHED_CONSUMER_GOODS,pairwise,old_vs_new,PPIFCG,WPSFD49502,6,1999-10-01,-0.0112425108695318,-0.0112425108695318,0
PPI_FINISHED_CONSUMER_GOODS,pairwise,old_vs_new,PPIFCG,WPSFD49502,6,1999-11-01,0.00596793265170348,0.00596793265170348,0
PPI_FINISHED_CONSUMER_GOODS,pairwise,old_vs_new,PPIFCG,WPSFD49502,6,1999-12-01,-0.00150251000576329,-0.00150251000576329,0
PPI_FINISHED_CONSUMER_GOODS,pairwise,old_vs_new,PPIFCG,WPSFD49502,6,2000-01-01,-0.00371388545104523,-0.00371388545104523,0
PPI_FINISHED_CONSUMER_GOODS,pairwise,old_vs_new,PPIFCG,WPSFD49502,6,2000-02-01,0.0140166462705835,0.0140166462705835,0
PPI_FINISHED_CONSUMER_GOODS,pairwise,old_vs_new,PPIFCG,WPSFD49502,6,2000-03-01,-0.00670276604546149,-0.00670276604546149,0
PPI_FINISHED_CONSUMER_GOODS,pairwise,old_vs_new,PPIFCG,WPSFD49502,6,2000-04-01,-0.0102174126570791,-0.0102174126570791,0
PPI_FINISHED_CONSUMER_GOODS,pairwise,old_vs_new,PPIFCG,WPSFD49502,6,2000-05-01,0.00364564749384488,0.00364564749384488,0
PPI_FINISHED_CONSUMER_GOODS,pairwise,old_vs_new,PPIFCG,WPSFD49502,6,2000-06-01,0.0108973108891659,0.0108973108891659,0
PPI_FINISHED_CONSUMER_GOODS,pairwise,old_vs_new,PPIFCG,WPSFD49502,6,2000-07-01,-0.0116201154020228,-0.0116201154020228,0
PPI_FINISHED_CONSUMER_GOODS,pairwise,old_vs_new,PPIFCG,WPSFD49502,6,2000-08-01,-0.00144874900065073,-0.00144874900065073,0
PPI_FINISHED_CONSUMER_GOODS,pairwise,old_vs_new,PPIFCG,WPSFD49502,6,2000-09-01,0.0122653666827262,0.0122653666827262,0
PPI_FINISHED_CONSUMER_GOODS,pairwise,old_vs_new,PPIFCG,WPSFD49502,6,2000-10-01,-0.00579888888633828,-0.00579888888633828,0
PPI_FINISHED_CONSUMER_GOODS,pairwise,old_vs_new,PPIFCG,WPSFD49502,6,2000-11-01,0.0021130720124507,0.0021130720124507,0
PPI_FINISHED_CONSUMER_GOODS,pairwise,old_vs_new,PPIFCG,WPSFD49502,6,2000-12-01,-0.00428109014082434,-0.00428109014082434,0
PPI_FINISHED_CONSUMER_GOODS,pairwise,old_vs_new,PPIFCG,WPSFD49502,6,2001-01-01,0.00914081869183647,0.00914081869183647,0
PPI_FINISHED_CONSUMER_GOODS,pairwise,old_vs_new,PPIFCG,WPSFD49502,6,2001-02-01,-0.00847052022528239,-0.00847052022528239,0
PPI_FINISHED_CONSUMER_GOODS,pairwise,old_vs_new,PPIFCG,WPSFD49502,6,2001-03-01,-0.0098049417784658,-0.0098049417784658,0
PPI_FINISHED_CONSUMER_GOODS,pairwise,old_vs_new,PPIFCG,WPSFD49502,6,2001-04-01,0.0133169063506697,0.0133169063506697,0
PPI_FINISHED_CONSUMER_GOODS,pairwise,old_vs_new,PPIFCG,WPSFD49502,6,2001-05-01,-0.00282119914154588,-0.00282119914154588,0
PPI_FINISHED_CONSUMER_GOODS,pairwise,old_vs_new,PPIFCG,WPSFD49502,6,2001-06-01,-0.00907457676035772,-0.00907457676035772,0
PPI_FINISHED_CONSUMER_GOODS,pairwise,old_vs_new,PPIFCG,WPSFD49502,6,2001-07-01,-0.00993946382028099,-0.00993946382028099,0
PPI_FINISHED_CONSUMER_GOODS,pairwise,old_vs_new,PPIFCG,WPSFD49502,6,2001-08-01,0.0204923808428372,0.0204923808428372,0
PPI_FINISHED_CONSUMER_GOODS,pairwise,old_vs_new,PPIFCG,WPSFD49502,6,2001-09-01,0.000679435098655645,0.000679435098655645,0
PPI_FINISHED_CONSUMER_GOODS,pairwise,old_vs_new,PPIFCG,WPSFD49502,6,2001-10-01,-0.024829282189204,-0.024829282189204,0
PPI_FINISHED_CONSUMER_GOODS,pairwise,old_vs_new,PPIFCG,WPSFD49502,6,2001-11-01,0.0141493657709937,0.0141493657709937,0
PPI_FINISHED_CONSUMER_GOODS,pairwise,old_vs_new,PPIFCG,WPSFD49502,6,2001-12-01,-2.54711579437128e-05,-2.54711579437128e-05,0
PPI_FINISHED_CONSUMER_GOODS,pairwise,old_vs_new,PPIFCG,WPSFD49502,6,2002-01-01,0.00215688250561907,0.00215688250561907,0
PPI_FINISHED_CONSUMER_GOODS,pairwise,old_vs_new,PPIFCG,WPSFD49502,6,2002-02-01,0.0058055193159241,0.0058055193159241,0
PPI_FINISHED_CONSUMER_GOODS,pairwise,old_vs_new,PPIFCG,WPSFD49502,6,2002-03-01,0.00575530308515226,0.00575530308515226,0
PPI_FINISHED_CONSUMER_GOODS,pairwise,old_vs_new,PPIFCG,WPSFD49502,6,2002-04-01,-0.00937671171403665,-0.00937671171403665,0
PPI_FINISHED_CONSUMER_GOODS,pairwise,old_vs_new,PPIFCG,WPSFD49502,6,2002-05-01,-0.00216112263768853,-0.00216112263768853,0
PPI_FINISHED_CONSUMER_GOODS,pairwise,old_vs_new,PPIFCG,WPSFD49502,6,2002-06-01,0.00575954321722172,0.00575954321722172,0
PPI_FINISHED_CONSUMER_GOODS,pairwise,old_vs_new,PPIFCG,WPSFD49502,6,2002-07-01,-0.00216112263768853,-0.00216112263768853,0
PPI_FINISHED_CONSUMER_GOODS,pairwise,old_vs_new,PPIFCG,WPSFD49502,6,2002-08-01,-5.16085481905293e-07,-5.16085481905293e-07,0
PPI_FINISHED_CONSUMER_GOODS,pairwise,old_vs_new,PPIFCG,WPSFD49502,6,2002-09-01,0.00286481612850942,0.00286481612850942,0
PPI_FINISHED_CONSUMER_GOODS,pairwise,old_vs_new,PPIFCG,WPSFD49502,6,2002-10-01,0.00425464009097531,0.00425464009097531,0
PPI_FINISHED_CONSUMER_GOODS,pairwise,old_vs_new,PPIFCG,WPSFD49502,6,2002-11-01,-0.00783758910492516,-0.00783758910492516,0
PPI_FINISHED_CONSUMER_GOODS,pairwise,old_vs_new,PPIFCG,WPSFD49502,6,2002-12-01,-0.00213143952807027,-0.00213143952807027,0
PPI_FINISHED_CONSUMER_GOODS,pairwise,old_vs_new,PPIFCG,WPSFD49502,6,2003-01-01,0.0155544598602111,0.0155544598602111,0
PPI_FINISHED_CONSUMER_GOODS,pairwise,old_vs_new,PPIFCG,WPSFD49502,6,2003-02-01,0.00120628968381808,0.00120628968381808,0
PPI_FINISHED_CONSUMER_GOODS,pairwise,old_vs_new,PPIFCG,WPSFD49502,6,2003-03-01,-0.0036250724249447,-0.0036250724249447,0
PPI_FINISHED_CONSUMER_GOODS,pairwise,old_vs_new,PPIFCG,WPSFD49502,6,2003-04-01,-0.0268611710133708,-0.0268611710133708,0
PPI_FINISHED_CONSUMER_GOODS,pairwise,old_vs_new,PPIFCG,WPSFD49502,6,2003-05-01,0.0130733547287107,0.0130733547287107,0
PPI_FINISHED_CONSUMER_GOODS,pairwise,old_vs_new,PPIFCG,WPSFD49502,6,2003-06-01,0.0104198532186341,0.0104198532186341,0
PPI_FINISHED_CONSUMER_GOODS,pairwise,old_vs_new,PPIFCG,WPSFD49502,6,2003-07-01,-0.00694495061221456,-0.00694495061221456,0
PPI_FINISHED_CONSUMER_GOODS,pairwise,old_vs_new,PPIFCG,WPSFD49502,6,2003-08-01,0.00688186202434604,0.00688186202434604,0
PPI_FINISHED_CONSUMER_GOODS,pairwise,old_vs_new,PPIFCG,WPSFD49502,6,2003-09-01,-0.00551768675502373,-0.00551768675502373,0
PPI_FINISHED_CONSUMER_GOODS,pairwise,old_vs_new,PPIFCG,WPSFD49502,6,2003-10-01,0.00476580966864226,0.00476580966864226,0
PPI_FINISHED_CONSUMER_GOODS,pairwise,old_vs_new,PPIFCG,WPSFD49502,6,2003-11-01,-0.00886282027771479,-0.00886282027771479,0
PPI_FINISHED_CONSUMER_GOODS,pairwise,old_vs_new,PPIFCG,WPSFD49502,6,2003-12-01,0.00747630741293293,0.00747630741293293,0
PPI_FINISHED_CONSUMER_GOODS,pairwise,old_vs_new,PPIFCG,WPSFD49502,6,2004-01-01,0.00131742413133029,0.00131742413133029,0
PPI_FINISHED_CONSUMER_GOODS,pairwise,old_vs_new,PPIFCG,WPSFD49502,6,2004-02-01,-0.00675222011728671,-0.00675222011728671,0
PPI_FINISHED_CONSUMER_GOODS,pairwise,old_vs_new,PPIFCG,WPSFD49502,6,2004-03-01,0.00268817366180052,0.00268817366180052,0
PPI_FINISHED_CONSUMER_GOODS,pairwise,old_vs_new,PPIFCG,WPSFD49502,6,2004-04-01,0.00533325972277421,0.00533325972277421,0
PPI_FINISHED_CONSUMER_GOODS,pairwise,old_vs_new,PPIFCG,WPSFD49502,6,2004-05-01,0.00191571363987819,0.00191571363987819,0
PPI_FINISHED_CONSUMER_GOODS,pairwise,old_vs_new,PPIFCG,WPSFD49502,6,2004-06-01,-0.0112564084295164,-0.0112564084295164,0
PPI_FINISHED_CONSUMER_GOODS,pairwise,old_vs_new,PPIFCG,WPSFD49502,6,2004-07-01,-1.74275005004887e-06,-1.74275005004887e-06,0
PPI_FINISHED_CONSUMER_GOODS,pairwise,old_vs_new,PPIFCG,WPSFD49502,6,2004-08-01,0.00330185656907478,0.00330185656907478,0
PPI_FINISHED_CONSUMER_GOODS,pairwise,old_vs_new,PPIFCG,WPSFD49502,6,2004-09-01,-0.000662460660702635,-0.000662460660702635,0
PPI_FINISHED_CONSUMER_GOODS,pairwise,old_vs_new,PPIFCG,WPSFD49502,6,2004-10-01,0.0188974907080341,0.0188974907080341,0
PPI_FINISHED_CONSUMER_GOODS,pairwise,old_vs_new,PPIFCG,WPSFD49502,6,2004-11-01,-0.012498802362729,-0.012498802362729,0
PPI_FINISHED_CONSUMER_GOODS,pairwise,old_vs_new,PPIFCG,WPSFD49502,6,2004-12-01,-0.0147887907007034,-0.0147887907007034,0
PPI_FINISHED_CONSUMER_GOODS,pairwise,old_vs_new,PPIFCG,WPSFD49502,6,2005-01-01,0.0102923253021814,0.0102923253021814,0
PPI_FINISHED_CONSUMER_GOODS,pairwise,old_vs_new,PPIFCG,WPSFD49502,6,2005-02-01,0.00382843723737203,0.00382843723737203,0
PPI_FINISHED_CONSUMER_GOODS,pairwise,old_vs_new,PPIFCG,WPSFD49502,6,2005-03-01,0.000584572917658122,0.000584572917658122,0
PPI_FINISHED_CONSUMER_GOODS,pairwise,old_vs_new,PPIFCG,WPSFD49502,6,2005-04-01,-0.00383855388652066,-0.00383855388652066,0
PPI_FINISHED_CONSUMER_GOODS,pairwise,old_vs_new,PPIFCG,WPSFD49502,6,2005-05-01,-0.0075901419371025,-0.0075901419371025,0
PPI_FINISHED_CONSUMER_GOODS,pairwise,old_vs_new,PPIFCG,WPSFD49502,6,2005-06-01,0.00442858381837308,0.00442858381837308,0
PPI_FINISHED_CONSUMER_GOODS,pairwise,old_vs_new,PPIFCG,WPSFD49502,6,2005-07-01,0.00819378280458505,0.00819378280458505,0
PPI_FINISHED_CONSUMER_GOODS,pairwise,old_vs_new,PPIFCG,WPSFD49502,6,2005-08-01,0.00178785241405333,0.00178785241405333,0
PPI_FINISHED_CONSUMER_GOODS,pairwise,old_vs_new,PPIFCG,WPSFD49502,6,2005-09-01,0.0102829695691566,0.0102829695691566,0
PPI_FINISHED_CONSUMER_GOODS,pairwise,old_vs_new,PPIFCG,WPSFD49502,6,2005-10-01,-0.00700481050294854,-0.00700481050294854,0
PPI_FINISHED_CONSUMER_GOODS,pairwise,old_vs_new,PPIFCG,WPSFD49502,6,2005-11-01,-0.0277866142693366,-0.0277866142693366,0
PPI_FINISHED_CONSUMER_GOODS,pairwise,old_vs_new,PPIFCG,WPSFD49502,6,2005-12-01,0.0211660664637474,0.0211660664637474,0
PPI_FINISHED_CONSUMER_GOODS,pairwise,old_vs_new,PPIFCG,WPSFD49502,6,2006-01-01,-0.000652211523489932,-0.000652211523489932,0
PPI_FINISHED_CONSUMER_GOODS,pairwise,old_vs_new,PPIFCG,WPSFD49502,6,2006-02-01,-0.0229499097381387,-0.0229499097381387,0
PPI_FINISHED_CONSUMER_GOODS,pairwise,old_vs_new,PPIFCG,WPSFD49502,6,2006-03-01,0.0211955515837223,0.0211955515837223,0
PPI_FINISHED_CONSUMER_GOODS,pairwise,old_vs_new,PPIFCG,WPSFD49502,6,2006-04-01,0.00479572126056382,0.00479572126056382,0
PPI_FINISHED_CONSUMER_GOODS,pairwise,old_vs_new,PPIFCG,WPSFD49502,6,2006-05-01,-0.0102630530999628,-0.0102630530999628,0
PPI_FINISHED_CONSUMER_GOODS,pairwise,old_vs_new,PPIFCG,WPSFD49502,6,2006-06-01,0.00659636398212271,0.00659636398212271,0
PPI_FINISHED_CONSUMER_GOODS,pairwise,old_vs_new,PPIFCG,WPSFD49502,6,2006-07-01,-0.00779001736991969,-0.00779001736991969,0
PPI_FINISHED_CONSUMER_GOODS,pairwise,old_vs_new,PPIFCG,WPSFD49502,6,2006-08-01,0.00954908435602775,0.00954908435602775,0
PPI_FINISHED_CONSUMER_GOODS,pairwise,old_vs_new,PPIFCG,WPSFD49502,6,2006-09-01,-0.0239271480256056,-0.0239271480256056,0
PPI_FINISHED_CONSUMER_GOODS,pairwise,old_vs_new,PPIFCG,WPSFD49502,6,2006-10-01,0.00463310167153086,0.00463310167153086,0
PPI_FINISHED_CONSUMER_GOODS,pairwise,old_vs_new,PPIFCG,WPSFD49502,6,2006-11-01,0.0194497470975614,0.0194497470975614,0
PPI_FINISHED_CONSUMER_GOODS,pairwise,old_vs_new,PPIFCG,WPSFD49502,6,2006-12-01,0.000539064963036573,0.000539064963036573,0
PPI_FINISHED_CONSUMER_GOODS,pairwise,old_vs_new,PPIFCG,WPSFD49502,6,2007-01-01,-0.010253566254387,-0.010253566254387,0
PPI_FINISHED_CONSUMER_GOODS,pairwise,old_vs_new,PPIFCG,WPSFD49502,6,2007-02-01,0.0149625963453701,0.0149625963453701,0
PPI_FINISHED_CONSUMER_GOODS,pairwise,old_vs_new,PPIFCG,WPSFD49502,6,2007-03-01,-0.00134459810562859,-0.00134459810562859,0
PPI_FINISHED_CONSUMER_GOODS,pairwise,old_vs_new,PPIFCG,WPSFD49502,6,2007-04-01,-0.00246216175172087,-0.00246216175172087,0
PPI_FINISHED_CONSUMER_GOODS,pairwise,old_vs_new,PPIFCG,WPSFD49502,6,2007-05-01,-0.00412938073900992,-0.00412938073900992,0
PPI_FINISHED_CONSUMER_GOODS,pairwise,old_vs_new,PPIFCG,WPSFD49502,6,2007-06-01,-0.00522194398115161,-0.00522194398115161,0
PPI_FINISHED_CONSUMER_GOODS,pairwise,old_vs_new,PPIFCG,WPSFD49502,6,2007-07-01,0.0080692080484468,0.0080692080484468,0
PPI_FINISHED_CONSUMER_GOODS,pairwise,old_vs_new,PPIFCG,WPSFD49502,6,2007-08-01,-0.0178760359954344,-0.0178760359954344,0
PPI_FINISHED_CONSUMER_GOODS,pairwise,old_vs_new,PPIFCG,WPSFD49502,6,2007-09-01,0.0230520546970077,0.0230520546970077,0
PPI_FINISHED_CONSUMER_GOODS,pairwise,old_vs_new,PPIFCG,WPSFD49502,6,2007-10-01,-0.00186853976791213,-0.00186853976791213,0
PPI_FINISHED_CONSUMER_GOODS,pairwise,old_vs_new,PPIFCG,WPSFD49502,6,2007-11-01,0.0109956107724258,0.0109956107724258,0
PPI_FINISHED_CONSUMER_GOODS,pairwise,old_vs_new,PPIFCG,WPSFD49502,6,2007-12-01,-0.0273626047561226,-0.0273626047561226,0
PPI_FINISHED_CONSUMER_GOODS,pairwise,old_vs_new,PPIFCG,WPSFD49502,6,2008-01-01,0.0165958531218964,0.0165958531218964,0
PPI_FINISHED_CONSUMER_GOODS,pairwise,old_vs_new,PPIFCG,WPSFD49502,6,2008-02-01,-0.0088620601745566,-0.0088620601745566,0
PPI_FINISHED_CONSUMER_GOODS,pairwise,old_vs_new,PPIFCG,WPSFD49502,6,2008-03-01,0.0081558045122847,0.0081558045122847,0
PPI_FINISHED_CONSUMER_GOODS,pairwise,old_vs_new,PPIFCG,WPSFD49502,6,2008-04-01,-0.00819292886029288,-0.00819292886029288,0
PPI_FINISHED_CONSUMER_GOODS,pairwise,old_vs_new,PPIFCG,WPSFD49502,6,2008-05-01,0.0144430404752125,0.0144430404752125,0
PPI_FINISHED_CONSUMER_GOODS,pairwise,old_vs_new,PPIFCG,WPSFD49502,6,2008-06-01,0.00231977378941917,0.00231977378941917,0
PPI_FINISHED_CONSUMER_GOODS,pairwise,old_vs_new,PPIFCG,WPSFD49502,6,2008-07-01,-0.00498366649787485,-0.00498366649787485,0
PPI_FINISHED_CONSUMER_GOODS,pairwise,old_vs_new,PPIFCG,WPSFD49502,6,2008-08-01,-0.0253299223786279,-0.0253299223786279,0
PPI_FINISHED_CONSUMER_GOODS,pairwise,old_vs_new,PPIFCG,WPSFD49502,6,2008-09-01,0.014472299864388,0.014472299864388,0
PPI_FINISHED_CONSUMER_GOODS,pairwise,old_vs_new,PPIFCG,WPSFD49502,6,2008-10-01,-0.0383682225168682,-0.0383682225168682,0
PPI_FINISHED_CONSUMER_GOODS,pairwise,old_vs_new,PPIFCG,WPSFD49502,6,2008-11-01,-0.0045875069527348,-0.0045875069527348,0
PPI_FINISHED_CONSUMER_GOODS,pairwise,old_vs_new,PPIFCG,WPSFD49502,6,2008-12-01,0.0133670167155664,0.0133670167155664,0
PPI_FINISHED_CONSUMER_GOODS,pairwise,old_vs_new,PPIFCG,WPSFD49502,6,2009-01-01,0.0356337320490798,0.0356337320490798,0
PPI_FINISHED_CONSUMER_GOODS,pairwise,old_vs_new,PPIFCG,WPSFD49502,6,2009-02-01,-0.0108060507424712,-0.0108060507424712,0
PPI_FINISHED_CONSUMER_GOODS,pairwise,old_vs_new,PPIFCG,WPSFD49502,6,2009-03-01,-0.0114169345571202,-0.0114169345571202,0
PPI_FINISHED_CONSUMER_GOODS,pairwise,old_vs_new,PPIFCG,WPSFD49502,6,2009-04-01,0.019985057641807,0.019985057641807,0
PPI_FINISHED_CONSUMER_GOODS,pairwise,old_vs_new,PPIFCG,WPSFD49502,6,2009-05-01,-0.00402200589127943,-0.00402200589127943,0
PPI_FINISHED_CONSUMER_GOODS,pairwise,old_vs_new,PPIFCG,WPSFD49502,6,2009-06-01,0.0201571421108726,0.0201571421108726,0
PPI_FINISHED_CONSUMER_GOODS,pairwise,old_vs_new,PPIFCG,WPSFD49502,6,2009-07-01,-0.0380955097557774,-0.0380955097557774,0
PPI_FINISHED_CONSUMER_GOODS,pairwise,old_vs_new,PPIFCG,WPSFD49502,6,2009-08-01,0.0329256911538858,0.0329256911538858,0
PPI_FINISHED_CONSUMER_GOODS,pairwise,old_vs_new,PPIFCG,WPSFD49502,6,2009-09-01,-0.0211665495981102,-0.0211665495981102,0
PPI_FINISHED_CONSUMER_GOODS,pairwise,old_vs_new,PPIFCG,WPSFD49502,6,2009-10-01,0.00939245112207931,0.00939245112207931,0
PPI_FINISHED_CONSUMER_GOODS,pairwise,old_vs_new,PPIFCG,WPSFD49502,6,2009-11-01,0.00974971417387938,0.00974971417387938,0
PPI_FINISHED_CONSUMER_GOODS,pairwise,old_vs_new,PPIFCG,WPSFD49502,6,2009-12-01,-0.012053916960773,-0.012053916960773,0
PPI_FINISHED_CONSUMER_GOODS,pairwise,old_vs_new,PPIFCG,WPSFD49502,6,2010-01-01,0.00906508594016397,0.00906508594016397,0
PPI_FINISHED_CONSUMER_GOODS,pairwise,old_vs_new,PPIFCG,WPSFD49502,6,2010-02-01,-0.0219341413609184,-0.0219341413609184,0
PPI_FINISHED_CONSUMER_GOODS,pairwise,old_vs_new,PPIFCG,WPSFD49502,6,2010-03-01,0.0170941211569176,0.0170941211569176,0
PPI_FINISHED_CONSUMER_GOODS,pairwise,old_vs_new,PPIFCG,WPSFD49502,6,2010-04-01,-0.00907911698898811,-0.00907911698898811,0
PPI_FINISHED_CONSUMER_GOODS,pairwise,old_vs_new,PPIFCG,WPSFD49502,6,2010-05-01,-2.83234728115644e-07,-2.83234728115644e-07,0
PPI_FINISHED_CONSUMER_GOODS,pairwise,old_vs_new,PPIFCG,WPSFD49502,6,2010-06-01,-0.00373661027431815,-0.00427151266738779,-0.000534902393069636
PPI_FINISHED_CONSUMER_GOODS,pairwise,old_vs_new,PPIFCG,WPSFD49502,6,2010-07-01,0.00587194251503131,0.00640770189462003,0.000535759379588718
PPI_FINISHED_CONSUMER_GOODS,pairwise,old_vs_new,PPIFCG,WPSFD49502,6,2010-08-01,0.00478340484256723,0.0053165932625987,0.000533188420031472
PPI_FINISHED_CONSUMER_GOODS,pairwise,old_vs_new,PPIFCG,WPSFD49502,6,2010-09-01,-0.00215134611081158,-0.00268539151736213,-0.000534045406550554
PPI_FINISHED_CONSUMER_GOODS,pairwise,old_vs_new,PPIFCG,WPSFD49502,6,2010-10-01,0.00784175599427162,0.00784175599427162,0
PPI_FINISHED_CONSUMER_GOODS,pairwise,old_vs_new,PPIFCG,WPSFD49502,6,2010-11-01,-0.00583329068179772,-0.00583329068179772,0
PPI_FINISHED_CONSUMER_GOODS,pairwise,old_vs_new,PPIFCG,WPSFD49502,6,2010-12-01,0.00458970769738443,0.00510265974761648,0.000512952050232052
PPI_FINISHED_CONSUMER_GOODS,pairwise,old_vs_new,PPIFCG,WPSFD49502,6,2011-01-01,-0.00113184623243168,-0.00266600955603558,-0.0015341633236039
PPI_FINISHED_CONSUMER_GOODS,pairwise,old_vs_new,PPIFCG,WPSFD49502,6,2011-02-01,0.00342349480494697,0.00495296530145861,0.00152947049651164
PPI_FINISHED_CONSUMER_GOODS,pairwise,old_vs_new,PPIFCG,WPSFD49502,6,2011-03-01,-0.00463543365871644,-0.00414965701471637,0.000485776644000069
PPI_FINISHED_CONSUMER_GOODS,pairwise,old_vs_new,PPIFCG,WPSFD49502,6,2011-04-01,0.000914243012312355,0.00138619711889554,0.000471954106583183
PPI_FINISHED_CONSUMER_GOODS,pairwise,old_vs_new,PPIFCG,WPSFD49502,6,2011-05-01,-0.00253080297541874,-0.00401362187469978,-0.00148281889928104
PPI_FINISHED_CONSUMER_GOODS,pairwise,old_vs_new,PPIFCG,WPSFD49502,6,2011-06-01,-0.011777254002852,-0.012729782374298,-0.000952528371445993
PPI_FINISHED_CONSUMER_GOODS,pairwise,old_vs_new,PPIFCG,WPSFD49502,6,2011-07-01,0.00931939292420658,0.0102822622968599,0.00096286937265333
PPI_FINISHED_CONSUMER_GOODS,pairwise,old_vs_new,PPIFCG,WPSFD49502,6,2011-08-01,-0.00637484245228315,-0.00734538995807643,-0.000970547505793284
PPI_FINISHED_CONSUMER_GOODS,pairwise,old_vs_new,PPIFCG,WPSFD49502,6,2011-09-01,0.0126916345591699,0.013663437411954,0.000971802852784087
PPI_FINISHED_CONSUMER_GOODS,pairwise,old_vs_new,PPIFCG,WPSFD49502,6,2011-10-01,-0.0136472642761269,-0.0141271153852136,-0.00047985110908666
PPI_FINISHED_CONSUMER_GOODS,pairwise,old_vs_new,PPIFCG,WPSFD49502,6,2011-11-01,0.00583090792024699,0.00680107529314,0.000970167372893016
PPI_FINISHED_CONSUMER_GOODS,pairwise,old_vs_new,PPIFCG,WPSFD49502,6,2011-12-01,-0.00485814519762506,-0.00534228582948071,-0.000484140631855645
PPI_FINISHED_CONSUMER_GOODS,pairwise,old_vs_new,PPIFCG,WPSFD49502,6,2012-01-01,0.0053399281859976,0.00582148146849981,0.000481553282502212
PPI_FINISHED_CONSUMER_GOODS,pairwise,old_vs_new,PPIFCG,WPSFD49502,6,2012-02-01,-0.000977685804405937,-0.000497270529392857,0.00048041527501308
PPI_FINISHED_CONSUMER_GOODS,pairwise,old_vs_new,PPIFCG,WPSFD49502,6,2012-03-01,-0.00145336749404912,-0.00290018640250356,-0.00144681890845444
PPI_FINISHED_CONSUMER_GOODS,pairwise,old_vs_new,PPIFCG,WPSFD49502,6,2012-04-01,-0.00386753965049191,-0.00144706176379206,0.00242047788669986
PPI_FINISHED_CONSUMER_GOODS,pairwise,old_vs_new,PPIFCG,WPSFD49502,6,2012-05-01,-0.00341394310402254,-0.0072736910389386,-0.00385974793491606
PPI_FINISHED_CONSUMER_GOODS,pairwise,old_vs_new,PPIFCG,WPSFD49502,6,2012-06-01,0.00191968763143535,0.00238194433632444,0.000462256704889086
PPI_FINISHED_CONSUMER_GOODS,pairwise,old_vs_new,PPIFCG,WPSFD49502,6,2012-07-01,0.00537408513231874,0.00683500577199414,0.0014609206396754
PPI_FINISHED_CONSUMER_GOODS,pairwise,old_vs_new,PPIFCG,WPSFD49502,6,2012-08-01,0.01551074572183,0.0145482817399296,-0.000962463981900363
PPI_FINISHED_CONSUMER_GOODS,pairwise,old_vs_new,PPIFCG,WPSFD49502,6,2012-09-01,-0.00358581454520301,-0.00261100541772219,0.000974809127480825
PPI_FINISHED_CONSUMER_GOODS,pairwise,old_vs_new,PPIFCG,WPSFD49502,6,2012-10-01,-0.0110058710597158,-0.0114909100349001,-0.00048503897518426
PPI_FINISHED_CONSUMER_GOODS,pairwise,old_vs_new,PPIFCG,WPSFD49502,6,2012-11-01,-0.0114214152874474,-0.00856942856596277,0.00285198672148468
PPI_FINISHED_CONSUMER_GOODS,pairwise,old_vs_new,PPIFCG,WPSFD49502,6,2012-12-01,0.00856648555492878,0.00427239899527887,-0.00429408655964991
PPI_FINISHED_CONSUMER_GOODS,pairwise,old_vs_new,PPIFCG,WPSFD49502,6,2013-01-01,0.0052584778557172,0.0105131055002747,0.00525462764455753
PPI_FINISHED_CONSUMER_GOODS,pairwise,old_vs_new,PPIFCG,WPSFD49502,6,2013-02-01,0.00235293504701062,0.000414090955223934,-0.00193884409178668
PPI_FINISHED_CONSUMER_GOODS,pairwise,old_vs_new,PPIFCG,WPSFD49502,6,2013-03-01,-0.0133080338928018,-0.0156343893970021,-0.00232635550420035
PPI_FINISHED_CONSUMER_GOODS,pairwise,old_vs_new,PPIFCG,WPSFD49502,6,2013-04-01,-0.00341076966974008,-0.00149639026384296,0.00191437940589712
PPI_FINISHED_CONSUMER_GOODS,pairwise,old_vs_new,PPIFCG,WPSFD49502,6,2013-05-01,0.0191753746865997,0.0143402023124226,-0.00483517237417708
PPI_FINISHED_CONSUMER_GOODS,pairwise,old_vs_new,PPIFCG,WPSFD49502,6,2013-06-01,-0.00720310060606355,-0.00478721639828539,0.00241588420777816
PPI_FINISHED_CONSUMER_GOODS,pairwise,old_vs_new,PPIFCG,WPSFD49502,6,2013-07-01,-0.00238401832878576,-0.0014318670951452,0.000952151233640564
PPI_FINISHED_CONSUMER_GOODS,pairwise,old_vs_new,PPIFCG,WPSFD49502,6,2013-08-01,0.00523165156940131,0.00666895527388878,0.00143730370448747
PPI_FINISHED_CONSUMER_GOODS,pairwise,old_vs_new,PPIFCG,WPSFD49502,6,2013-09-01,-0.00570433767234313,-0.00952020500111672,-0.00381586732877359
PPI_FINISHED_CONSUMER_GOODS,pairwise,old_vs_new,PPIFCG,WPSFD49502,6,2013-10-01,0.00332057212173265,0.00666168863903671,0.00334111651730407
PPI_FINISHED_CONSUMER_GOODS,pairwise,old_vs_new,PPIFCG,WPSFD49502,6,2013-11-01,-0.00474271030880047,0.000465689089361732,0.0052083993981622
PPI_FINISHED_CONSUMER_GOODS,pairwise,old_vs_new,PPIFCG,WPSFD49502,6,2013-12-01,0.00899703012653763,0.00140443272564106,-0.00759259740089657
PPI_FINISHED_CONSUMER_GOODS,pairwise,old_vs_new,PPIFCG,WPSFD49502,6,2014-01-01,-4.36107764967275e-05,0.00419224673485363,0.00423585751135036
PPI_FINISHED_CONSUMER_GOODS,pairwise,old_vs_new,PPIFCG,WPSFD49502,6,2014-02-01,-0.00564529597725372,-0.00658443010499443,-0.000939134127740715
PPI_FINISHED_CONSUMER_GOODS,pairwise,old_vs_new,PPIFCG,WPSFD49502,6,2014-03-01,0.00186828270922135,0.00185330300799613,-1.49797012252151e-05
PPI_FINISHED_CONSUMER_GOODS,pairwise,old_vs_new,PPIFCG,WPSFD49502,6,2014-04-01,0.00231719542906106,0.0013685434903854,-0.00094865193867566
PPI_FINISHED_CONSUMER_GOODS,pairwise,old_vs_new,PPIFCG,WPSFD49502,6,2014-05-01,-0.00326609733187588,-0.0101830653766495,-0.0069169680447736
PPI_FINISHED_CONSUMER_GOODS,pairwise,old_vs_new,PPIFCG,WPSFD49502,6,2014-06-01,0.00323056714558678,0.00740656170231269,0.0041759945567259
PPI_FINISHED_CONSUMER_GOODS,pairwise,old_vs_new,PPIFCG,WPSFD49502,6,2014-07-01,-0.00600965116898156,-0.00324170786253219,0.00276794330644936
PPI_FINISHED_CONSUMER_GOODS,pairwise,old_vs_new,PPIFCG,WPSFD49502,6,2014-08-01,-0.00138813605544819,-0.000463284299812017,0.000924851755636169
PPI_FINISHED_CONSUMER_GOODS,pairwise,old_vs_new,PPIFCG,WPSFD49502,6,2014-09-01,0.000921860365242999,-0.00325138340101994,-0.00417324376626294
PPI_FINISHED_CONSUMER_GOODS,pairwise,old_vs_new,PPIFCG,WPSFD49502,6,2014-10-01,-0.00232481400756512,-0.000484703712712253,0.00184011029485287
PPI_FINISHED_CONSUMER_GOODS,pairwise,old_vs_new,PPIFCG,WPSFD49502,6,2014-11-01,-0.00751153752344358,-2.18362066144451e-05,0.00748970131682913
PPI_FINISHED_CONSUMER_GOODS,pairwise,old_vs_new,PPIFCG,WPSFD49502,6,2014-12-01,-0.00537429725344385,-0.0133175842062316,-0.00794328695278779
PPI_FINISHED_CONSUMER_GOODS,pairwise,old_vs_new,PPIFCG,WPSFD49502,6,2015-01-01,-0.0105467420786791,-0.00716930482789468,0.00337743725078443
PPI_FINISHED_CONSUMER_GOODS,pairwise,old_vs_new,PPIFCG,WPSFD49502,6,2015-02-01,0.0266550802837475,0.0256608143181349,-0.000994265965612584
PPI_FINISHED_CONSUMER_GOODS,pairwise,old_vs_new,PPIFCG,WPSFD49502,6,2015-03-01,0.00196536088649157,0.00342190945747234,0.00145654857098076
PPI_FINISHED_CONSUMER_GOODS,pairwise,old_vs_new,PPIFCG,WPSFD49502,6,2015-04-01,-0.00935953844148596,-0.0127355720875704,-0.00337603364608441
PPI_FINISHED_CONSUMER_GOODS,pairwise,old_vs_new,PPIFCG,WPSFD49502,6,2015-05-01,0.0294234868146974,0.0239716896550357,-0.00545179715966171
PPI_FINISHED_CONSUMER_GOODS,pairwise,old_vs_new,PPIFCG,WPSFD49502,6,2015-06-01,-0.011419657825928,-0.00838152328764696,0.00303813453828106
PPI_FINISHED_CONSUMER_GOODS,pairwise,old_vs_new,PPIFCG,WPSFD49502,6,2015-07-01,-0.0139605940671297,-0.0082127115588726,0.00574788250825709
PPI_FINISHED_CONSUMER_GOODS,pairwise,old_vs_new,PPIFCG,WPSFD49502,6,2015-08-01,-0.00243320236249378,-0.00338946751452873,-0.000956265152034952
PPI_FINISHED_CONSUMER_GOODS,pairwise,old_vs_new,PPIFCG,WPSFD49502,6,2015-09-01,-0.0098340304327218,-0.0122755489956505,-0.00244151856292874
PPI_FINISHED_CONSUMER_GOODS,pairwise,old_vs_new,PPIFCG,WPSFD49502,6,2015-10-01,0.0126588675390282,0.0141481832295209,0.00148931569049271
PPI_FINISHED_CONSUMER_GOODS,pairwise,old_vs_new,PPIFCG,WPSFD49502,6,2015-11-01,0.00443799606909234,0.00444554509088047,7.54902178812245e-06
PPI_FINISHED_CONSUMER_GOODS,pairwise,old_vs_new,PPIFCG,WPSFD49502,6,2015-12-01,-0.0114013448414783,-0.010909590978982,0.000491753862496225
PPI_FINISHED_GOODS,pairwise,old_vs_new,PPIFGS,WPSFD49207,6,1947-06-01,-1.46798687623573e-05,-1.46798687623573e-05,0
PPI_FINISHED_GOODS,pairwise,old_vs_new,PPIFGS,WPSFD49207,6,1947-07-01,-0.00382409643840331,-0.00382409643840331,0
PPI_FINISHED_GOODS,pairwise,old_vs_new,PPIFGS,WPSFD49207,6,1947-08-01,0.00380952841666771,0.00380952841666771,0
PPI_FINISHED_GOODS,pairwise,old_vs_new,PPIFGS,WPSFD49207,6,1947-09-01,0.0112850978058172,0.0112850978058172,0
PPI_FINISHED_GOODS,pairwise,old_vs_new,PPIFGS,WPSFD49207,6,1947-10-01,-0.0113563041118776,-0.0113563041118776,0
PPI_FINISHED_GOODS,pairwise,old_vs_new,PPIFGS,WPSFD49207,6,1947-11-01,0.00739351825823675,0.00739351825823675,0
PPI_FINISHED_GOODS,pairwise,old_vs_new,PPIFGS,WPSFD49207,6,1947-12-01,0.0107668449387934,0.0107668449387934,0
PPI_FINISHED_GOODS,pairwise,old_vs_new,PPIFGS,WPSFD49207,6,1948-01-01,-0.00756152216123018,-0.00756152216123018,0
PPI_FINISHED_GOODS,pairwise,old_vs_new,PPIFGS,WPSFD49207,6,1948-02-01,-0.0214800506587873,-0.0214800506587873,0
PPI_FINISHED_GOODS,pairwise,old_vs_new,PPIFGS,WPSFD49207,6,1948-03-01,0.0107207088602639,0.0107207088602639,0
PPI_FINISHED_GOODS,pairwise,old_vs_new,PPIFGS,WPSFD49207,6,1948-04-01,-1.27551833877249e-05,-1.27551833877249e-05,0
PPI_FINISHED_GOODS,pairwise,old_vs_new,PPIFGS,WPSFD49207,6,1948-05-01,0.00705450266296426,0.00705450266296426,0
PPI_FINISHED_GOODS,pairwise,old_vs_new,PPIFGS,WPSFD49207,6,1948-06-01,-0.00360199616881385,-0.00360199616881385,0
PPI_FINISHED_GOODS,pairwise,old_vs_new,PPIFGS,WPSFD49207,6,1948-07-01,-4.89033425532526e-05,-4.89033425532526e-05,0
PPI_FINISHED_GOODS,pairwise,old_vs_new,PPIFGS,WPSFD49207,6,1948-08-01,-0.00350246133960708,-0.00350246133960708,0
PPI_FINISHED_GOODS,pairwise,old_vs_new,PPIFGS,WPSFD49207,6,1948-09-01,-0.00693241595297245,-0.00693241595297245,0
PPI_FINISHED_GOODS,pairwise,old_vs_new,PPIFGS,WPSFD49207,6,1948-10-01,-1.20563998384782e-05,-1.20563998384782e-05,0
PPI_FINISHED_GOODS,pairwise,old_vs_new,PPIFGS,WPSFD49207,6,1948-11-01,-0.00351477111464593,-0.00351477111464593,0
PPI_FINISHED_GOODS,pairwise,old_vs_new,PPIFGS,WPSFD49207,6,1948-12-01,0.00699303549097063,0.00699303549097063,0
PPI_FINISHED_GOODS,pairwise,old_vs_new,PPIFGS,WPSFD49207,6,1949-01-01,-0.00704228262541307,-0.00704228262541307,0
PPI_FINISHED_GOODS,pairwise,old_vs_new,PPIFGS,WPSFD49207,6,1949-02-01,-0.00361501184857493,-0.00361501184857493,0
PPI_FINISHED_GOODS,pairwise,old_vs_new,PPIFGS,WPSFD49207,6,1949-03-01,0.010657294473988,0.010657294473988,0
PPI_FINISHED_GOODS,pairwise,old_vs_new,PPIFGS,WPSFD49207,6,1949-04-01,-0.00357782134788387,-0.00357782134788387,0
PPI_FINISHED_GOODS,pairwise,old_vs_new,PPIFGS,WPSFD49207,6,1949-05-01,-1.28467828446333e-05,-1.28467828446333e-05,0
PPI_FINISHED_GOODS,pairwise,old_vs_new,PPIFGS,WPSFD49207,6,1949-06-01,-1.29393725702975e-05,-1.29393725702975e-05,0
PPI_FINISHED_GOODS,pairwise,old_vs_new,PPIFGS,WPSFD49207,6,1949-07-01,-0.00364280101746806,-0.00364280101746806,0
PPI_FINISHED_GOODS,pairwise,old_vs_new,PPIFGS,WPSFD49207,6,1949-08-01,0.00360341724226565,0.00360341724226565,0
PPI_FINISHED_GOODS,pairwise,old_vs_new,PPIFGS,WPSFD49207,6,1949-09-01,0.00364299127850121,0.00364299127850121,0
PPI_FINISHED_GOODS,pairwise,old_vs_new,PPIFGS,WPSFD49207,6,1949-10-01,-0.00365631120311027,-0.00365631120311027,0
PPI_FINISHED_GOODS,pairwise,old_vs_new,PPIFGS,WPSFD49207,6,1949-11-01,-1.34176858526125e-05,-1.34176858526125e-05,0
PPI_FINISHED_GOODS,pairwise,old_vs_new,PPIFGS,WPSFD49207,6,1949-12-01,0.00366972888896289,0.00366972888896289,0
PPI_FINISHED_GOODS,pairwise,old_vs_new,PPIFGS,WPSFD49207,6,1950-01-01,0,0,0
PPI_FINISHED_GOODS,pairwise,old_vs_new,PPIFGS,WPSFD49207,6,1950-02-01,0,0,0
PPI_FINISHED_GOODS,pairwise,old_vs_new,PPIFGS,WPSFD49207,6,1950-03-01,0.00366972888896289,0.00366972888896289,0
PPI_FINISHED_GOODS,pairwise,old_vs_new,PPIFGS,WPSFD49207,6,1950-04-01,-0.00366972888896289,-0.00366972888896289,0
PPI_FINISHED_GOODS,pairwise,old_vs_new,PPIFGS,WPSFD49207,6,1950-05-01,0.00729930248161148,0.00729930248161148,0
PPI_FINISHED_GOODS,pairwise,old_vs_new,PPIFGS,WPSFD49207,6,1950-06-01,-0.00366953443103268,-0.00366953443103268,0
PPI_FINISHED_GOODS,pairwise,old_vs_new,PPIFGS,WPSFD49207,6,1950-07-01,0.0107589694015204,0.0107589694015204,0
PPI_FINISHED_GOODS,pairwise,old_vs_new,PPIFGS,WPSFD49207,6,1950-08-01,0.00681347019850387,0.00681347019850387,0
PPI_FINISHED_GOODS,pairwise,old_vs_new,PPIFGS,WPSFD49207,6,1950-09-01,-0.0107673303580236,-0.0107673303580236,0
PPI_FINISHED_GOODS,pairwise,old_vs_new,PPIFGS,WPSFD49207,6,1950-10-01,-0.00698064242449181,-0.00698064242449181,0
PPI_FINISHED_GOODS,pairwise,old_vs_new,PPIFGS,WPSFD49207,6,1950-11-01,0.0102446094900741,0.0102446094900741,0
PPI_FINISHED_GOODS,pairwise,old_vs_new,PPIFGS,WPSFD49207,6,1950-12-01,0.00650386295935768,0.00650386295935768,0
PPI_FINISHED_GOODS,pairwise,old_vs_new,PPIFGS,WPSFD49207,6,1951-01-01,-0.003673405366309,-0.003673405366309,0
PPI_FINISHED_GOODS,pairwise,old_vs_new,PPIFGS,WPSFD49207,6,1951-02-01,-0.00674129558504744,-0.00674129558504744,0
PPI_FINISHED_GOODS,pairwise,old_vs_new,PPIFGS,WPSFD49207,6,1951-03-01,-0.00654651244199256,-0.00654651244199256,0
PPI_FINISHED_GOODS,pairwise,old_vs_new,PPIFGS,WPSFD49207,6,1951-04-01,-0.0032414939241705,-0.0032414939241705,0
PPI_FINISHED_GOODS,pairwise,old_vs_new,PPIFGS,WPSFD49207,6,1951-05-01,0.00645163528148895,0.00645163528148895,0
PPI_FINISHED_GOODS,pairwise,old_vs_new,PPIFGS,WPSFD49207,6,1951-06-01,-0.00967224998153116,-0.00967224998153116,0
PPI_FINISHED_GOODS,pairwise,old_vs_new,PPIFGS,WPSFD49207,6,1951-07-01,-0.00325189980557505,-0.00325189980557505,0
PPI_FINISHED_GOODS,pairwise,old_vs_new,PPIFGS,WPSFD49207,6,1951-08-01,0.00322047911923962,0.00322047911923962,0
PPI_FINISHED_GOODS,pairwise,old_vs_new,PPIFGS,WPSFD49207,6,1951-09-01,-1.0610248438514e-05,-1.0610248438514e-05,0
PPI_FINISHED_GOODS,pairwise,old_vs_new,PPIFGS,WPSFD49207,6,1951-10-01,0.00977732665600994,0.00977732665600994,0
PPI_FINISHED_GOODS,pairwise,old_vs_new,PPIFGS,WPSFD49207,6,1951-11-01,-0.00327318709702329,-0.00327318709702329,0
PPI_FINISHED_GOODS,pairwise,old_vs_new,PPIFGS,WPSFD49207,6,1951-12-01,-0.0032414939241705,-0.0032414939241705,0
PPI_FINISHED_GOODS,pairwise,old_vs_new,PPIFGS,WPSFD49207,6,1952-01-01,-0.0032414939241705,-0.0032414939241705,0
PPI_FINISHED_GOODS,pairwise,old_vs_new,PPIFGS,WPSFD49207,6,1952-02-01,-1.05414622071365e-05,-1.05414622071365e-05,0
PPI_FINISHED_GOODS,pairwise,old_vs_new,PPIFGS,WPSFD49207,6,1952-03-01,0.00974556469692578,0.00974556469692578,0
PPI_FINISHED_GOODS,pairwise,old_vs_new,PPIFGS,WPSFD49207,6,1952-04-01,-0.0129870586210963,-0.0129870586210963,0
PPI_FINISHED_GOODS,pairwise,old_vs_new,PPIFGS,WPSFD49207,6,1952-05-01,0.00649352931054814,0.00649352931054814,0
PPI_FINISHED_GOODS,pairwise,old_vs_new,PPIFGS,WPSFD49207,6,1952-06-01,0,0,0
PPI_FINISHED_GOODS,pairwise,old_vs_new,PPIFGS,WPSFD49207,6,1952-07-01,0.00325203538637764,0.00325203538637764,0
PPI_FINISHED_GOODS,pairwise,old_vs_new,PPIFGS,WPSFD49207,6,1952-08-01,-0.00650407077275528,-0.00650407077275528,0
PPI_FINISHED_GOODS,pairwise,old_vs_new,PPIFGS,WPSFD49207,6,1952-09-01,-1.0610248438514e-05,-1.0610248438514e-05,0
PPI_FINISHED_GOODS,pairwise,old_vs_new,PPIFGS,WPSFD49207,6,1952-10-01,-1.06797101531164e-05,-1.06797101531164e-05,0
PPI_FINISHED_GOODS,pairwise,old_vs_new,PPIFGS,WPSFD49207,6,1952-11-01,-1.07498562207375e-05,-1.07498562207375e-05,0
PPI_FINISHED_GOODS,pairwise,old_vs_new,PPIFGS,WPSFD49207,6,1952-12-01,-0.00331660883016216,-0.00331660883016216,0
PPI_FINISHED_GOODS,pairwise,old_vs_new,PPIFGS,WPSFD49207,6,1953-01-01,0.00990647216585172,0.00990647216585172,0
PPI_FINISHED_GOODS,pairwise,old_vs_new,PPIFGS,WPSFD49207,6,1953-02-01,-0.00661157626899911,-0.00661157626899911,0
PPI_FINISHED_GOODS,pairwise,old_vs_new,PPIFGS,WPSFD49207,6,1953-03-01,0.00661157626899911,0.00661157626899911,0
PPI_FINISHED_GOODS,pairwise,old_vs_new,PPIFGS,WPSFD49207,6,1953-04-01,-0.00661157626899911,-0.00661157626899911,0
PPI_FINISHED_GOODS,pairwise,old_vs_new,PPIFGS,WPSFD49207,6,1953-05-01,0.00661157626899911,0.00661157626899911,0
PPI_FINISHED_GOODS,pairwise,old_vs_new,PPIFGS,WPSFD49207,6,1953-06-01,-1.08922376469422e-05,-1.08922376469422e-05,0
PPI_FINISHED_GOODS,pairwise,old_vs_new,PPIFGS,WPSFD49207,6,1953-07-01,-1.08206956626056e-05,-1.08206956626056e-05,0
PPI_FINISHED_GOODS,pairwise,old_vs_new,PPIFGS,WPSFD49207,6,1953-08-01,-0.00656815040238001,-0.00656815040238001,0
PPI_FINISHED_GOODS,pairwise,old_vs_new,PPIFGS,WPSFD49207,6,1953-09-01,0.00328407520119001,0.00328407520119001,0
PPI_FINISHED_GOODS,pairwise,old_vs_new,PPIFGS,WPSFD49207,6,1953-10-01,0,0,0
PPI_FINISHED_GOODS,pairwise,old_vs_new,PPIFGS,WPSFD49207,6,1953-11-01,-0.00329489589685261,-0.00329489589685261,0
PPI_FINISHED_GOODS,pairwise,old_vs_new,PPIFGS,WPSFD49207,6,1953-12-01,0.00658979179370522,0.00658979179370522,0
PPI_FINISHED_GOODS,pairwise,old_vs_new,PPIFGS,WPSFD49207,6,1954-01-01,-1.08206956626056e-05,-1.08206956626056e-05,0
PPI_FINISHED_GOODS,pairwise,old_vs_new,PPIFGS,WPSFD49207,6,1954-02-01,-0.00656815040238001,-0.00656815040238001,0
PPI_FINISHED_GOODS,pairwise,old_vs_new,PPIFGS,WPSFD49207,6,1954-03-01,0.00328407520119001,0.00328407520119001,0
PPI_FINISHED_GOODS,pairwise,old_vs_new,PPIFGS,WPSFD49207,6,1954-04-01,0.00655740054615928,0.00655740054615928,0
PPI_FINISHED_GOODS,pairwise,old_vs_new,PPIFGS,WPSFD49207,6,1954-05-01,-0.00655740054615928,-0.00655740054615928,0
PPI_FINISHED_GOODS,pairwise,old_vs_new,PPIFGS,WPSFD49207,6,1954-06-01,-0.00655740054615928,-0.00655740054615928,0
PPI_FINISHED_GOODS,pairwise,old_vs_new,PPIFGS,WPSFD49207,6,1954-07-01,0.00984147574734928,0.00984147574734928,0
PPI_FINISHED_GOODS,pairwise,old_vs_new,PPIFGS,WPSFD49207,6,1954-08-01,-0.00656815040238001,-0.00656815040238001,0
PPI_FINISHED_GOODS,pairwise,old_vs_new,PPIFGS,WPSFD49207,6,1954-09-01,-1.08206956626056e-05,-1.08206956626056e-05,0
PPI_FINISHED_GOODS,pairwise,old_vs_new,PPIFGS,WPSFD49207,6,1954-10-01,-1.08922376469422e-05,-1.08922376469422e-05,0
PPI_FINISHED_GOODS,pairwise,old_vs_new,PPIFGS,WPSFD49207,6,1954-11-01,0.00661157626899911,0.00661157626899911,0
PPI_FINISHED_GOODS,pairwise,old_vs_new,PPIFGS,WPSFD49207,6,1954-12-01,-0.00330578813449955,-0.00330578813449955,0
PPI_FINISHED_GOODS,pairwise,old_vs_new,PPIFGS,WPSFD49207,6,1955-01-01,0.00329489589685261,0.00329489589685261,0
PPI_FINISHED_GOODS,pairwise,old_vs_new,PPIFGS,WPSFD49207,6,1955-02-01,-1.08206956626056e-05,-1.08206956626056e-05,0
PPI_FINISHED_GOODS,pairwise,old_vs_new,PPIFGS,WPSFD49207,6,1955-03-01,-0.00986304629923263,-0.00986304629923263,0
PPI_FINISHED_GOODS,pairwise,old_vs_new,PPIFGS,WPSFD49207,6,1955-04-01,0.00987386699489523,0.00987386699489523,0
PPI_FINISHED_GOODS,pairwise,old_vs_new,PPIFGS,WPSFD49207,6,1955-05-01,-0.00329489589685261,-0.00329489589685261,0
PPI_FINISHED_GOODS,pairwise,old_vs_new,PPIFGS,WPSFD49207,6,1955-06-01,0.00328407520119001,0.00328407520119001,0
PPI_FINISHED_GOODS,pairwise,old_vs_new,PPIFGS,WPSFD49207,6,1955-07-01,-0.00656815040238001,-0.00656815040238001,0
PPI_FINISHED_GOODS,pairwise,old_vs_new,PPIFGS,WPSFD49207,6,1955-08-01,0.00328407520119001,0.00328407520119001,0
PPI_FINISHED_GOODS,pairwise,old_vs_new,PPIFGS,WPSFD49207,6,1955-09-01,0.00328407520119001,0.00328407520119001,0
PPI_FINISHED_GOODS,pairwise,old_vs_new,PPIFGS,WPSFD49207,6,1955-10-01,-1.07498562207375e-05,-1.07498562207375e-05,0
PPI_FINISHED_GOODS,pairwise,old_vs_new,PPIFGS,WPSFD49207,6,1955-11-01,-0.00327332534496927,-0.00327332534496927,0
PPI_FINISHED_GOODS,pairwise,old_vs_new,PPIFGS,WPSFD49207,6,1955-12-01,0.00326264563481615,0.00326264563481615,0
PPI_FINISHED_GOODS,pairwise,old_vs_new,PPIFGS,WPSFD49207,6,1956-01-01,-0.00326264563481615,-0.00326264563481615,0
PPI_FINISHED_GOODS,pairwise,old_vs_new,PPIFGS,WPSFD49207,6,1956-02-01,0.00325203538637764,0.00325203538637764,0
PPI_FINISHED_GOODS,pairwise,old_vs_new,PPIFGS,WPSFD49207,6,1956-03-01,-1.05414622071365e-05,-1.05414622071365e-05,0
PPI_FINISHED_GOODS,pairwise,old_vs_new,PPIFGS,WPSFD49207,6,1956-04-01,-1.04733427237491e-05,-1.04733427237491e-05,0
PPI_FINISHED_GOODS,pairwise,old_vs_new,PPIFGS,WPSFD49207,6,1956-05-01,0.00319986974884356,0.00319986974884356,0
PPI_FINISHED_GOODS,pairwise,old_vs_new,PPIFGS,WPSFD49207,6,1956-06-01,-4.10922315192686e-05,-4.10922315192686e-05,0
PPI_FINISHED_GOODS,pairwise,old_vs_new,PPIFGS,WPSFD49207,6,1956-07-01,-0.00957959346687121,-0.00957959346687121,0
PPI_FINISHED_GOODS,pairwise,old_vs_new,PPIFGS,WPSFD49207,6,1956-08-01,0.00637959073620031,0.00637959073620031,0
PPI_FINISHED_GOODS,pairwise,old_vs_new,PPIFGS,WPSFD49207,6,1956-09-01,0.0031594323105586,0.0031594323105586,0
PPI_FINISHED_GOODS,pairwise,old_vs_new,PPIFGS,WPSFD49207,6,1956-10-01,-4.00584853941233e-05,-4.00584853941233e-05,0
PPI_FINISHED_GOODS,pairwise,old_vs_new,PPIFGS,WPSFD49207,6,1956-11-01,-0.00316944918859674,-0.00316944918859674,0
PPI_FINISHED_GOODS,pairwise,old_vs_new,PPIFGS,WPSFD49207,6,1956-12-01,-0.00313972000466789,-0.00313972000466789,0
PPI_FINISHED_GOODS,pairwise,old_vs_new,PPIFGS,WPSFD49207,6,1957-01-01,0.00625002034517141,0.00625002034517141,0
PPI_FINISHED_GOODS,pairwise,old_vs_new,PPIFGS,WPSFD49207,6,1957-02-01,-0.00313959793077911,-0.00313959793077911,0
PPI_FINISHED_GOODS,pairwise,old_vs_new,PPIFGS,WPSFD49207,6,1957-03-01,-0.0062208448287846,-0.0062208448287846,0
PPI_FINISHED_GOODS,pairwise,old_vs_new,PPIFGS,WPSFD49207,6,1957-04-01,0.00932162250703295,0.00932162250703295,0
PPI_FINISHED_GOODS,pairwise,old_vs_new,PPIFGS,WPSFD49207,6,1957-05-01,-0.00621120009264065,-0.00621120009264065,0
PPI_FINISHED_GOODS,pairwise,old_vs_new,PPIFGS,WPSFD49207,6,1957-06-01,0.00617285910708087,0.00617285910708087,0
PPI_FINISHED_GOODS,pairwise,old_vs_new,PPIFGS,WPSFD49207,6,1957-07-01,-0.00310066007011089,-0.00310066007011089,0
PPI_FINISHED_GOODS,pairwise,old_vs_new,PPIFGS,WPSFD49207,6,1957-08-01,-0.00307219903696998,-0.00307219903696998,0
PPI_FINISHED_GOODS,pairwise,old_vs_new,PPIFGS,WPSFD49207,6,1957-09-01,0,0,0
PPI_FINISHED_GOODS,pairwise,old_vs_new,PPIFGS,WPSFD49207,6,1957-10-01,0.00306278953054617,0.00306278953054617,0
PPI_FINISHED_GOODS,pairwise,old_vs_new,PPIFGS,WPSFD49207,6,1957-11-01,0.00303479033757181,0.00303479033757181,0
PPI_FINISHED_GOODS,pairwise,old_vs_new,PPIFGS,WPSFD49207,6,1957-12-01,-0.00306267617296374,-0.00306267617296374,0
PPI_FINISHED_GOODS,pairwise,old_vs_new,PPIFGS,WPSFD49207,6,1958-01-01,0.00300741076080868,0.00300741076080868,0
PPI_FINISHED_GOODS,pairwise,old_vs_new,PPIFGS,WPSFD49207,6,1958-02-01,-0.00604231445596293,-0.00604231445596293,0
PPI_FINISHED_GOODS,pairwise,old_vs_new,PPIFGS,WPSFD49207,6,1958-03-01,0.00600602406021133,0.00600602406021133,0
PPI_FINISHED_GOODS,pairwise,old_vs_new,PPIFGS,WPSFD49207,6,1958-04-01,-0.0120120481204227,-0.0120120481204227,0
PPI_FINISHED_GOODS,pairwise,old_vs_new,PPIFGS,WPSFD49207,6,1958-05-01,0.00600602406021133,0.00600602406021133,0
PPI_FINISHED_GOODS,pairwise,old_vs_new,PPIFGS,WPSFD49207,6,1958-06-01,0.00300752106395485,0.00300752106395485,0
PPI_FINISHED_GOODS,pairwise,old_vs_new,PPIFGS,WPSFD49207,6,1958-07-01,-0.00601504212790971,-0.00601504212790971,0
PPI_FINISHED_GOODS,pairwise,old_vs_new,PPIFGS,WPSFD49207,6,1958-08-01,0.00300752106395485,0.00300752106395485,0
PPI_FINISHED_GOODS,pairwise,old_vs_new,PPIFGS,WPSFD49207,6,1958-09-01,0,0,0
PPI_FINISHED_GOODS,pairwise,old_vs_new,PPIFGS,WPSFD49207,6,1958-10-01,0,0,0
PPI_FINISHED_GOODS,pairwise,old_vs_new,PPIFGS,WPSFD49207,6,1958-11-01,0,0,0
PPI_FINISHED_GOODS,pairwise,old_vs_new,PPIFGS,WPSFD49207,6,1958-12-01,-0.00301659353942574,-0.00301659353942574,0
PPI_FINISHED_GOODS,pairwise,old_vs_new,PPIFGS,WPSFD49207,6,1959-01-01,0.00301659353942574,0.00301659353942574,0
PPI_FINISHED_GOODS,pairwise,old_vs_new,PPIFGS,WPSFD49207,6,1959-02-01,0.00301659353942574,0.00301659353942574,0
PPI_FINISHED_GOODS,pairwise,old_vs_new,PPIFGS,WPSFD49207,6,1959-03-01,-0.00301659353942574,-0.00301659353942574,0
PPI_FINISHED_GOODS,pairwise,old_vs_new,PPIFGS,WPSFD49207,6,1959-04-01,0,0,0
PPI_FINISHED_GOODS,pairwise,old_vs_new,PPIFGS,WPSFD49207,6,1959-05-01,0.00300752106395485,0.00300752106395485,0
PPI_FINISHED_GOODS,pairwise,old_vs_new,PPIFGS,WPSFD49207,6,1959-06-01,-0.00601504212790971,-0.00601504212790971,0
PPI_FINISHED_GOODS,pairwise,old_vs_new,PPIFGS,WPSFD49207,6,1959-07-01,-9.07247547088375e-06,-9.07247547088375e-06,0
PPI_FINISHED_GOODS,pairwise,old_vs_new,PPIFGS,WPSFD49207,6,1959-08-01,-9.12737711145084e-06,-9.12737711145084e-06,0
PPI_FINISHED_GOODS,pairwise,old_vs_new,PPIFGS,WPSFD49207,6,1959-09-01,0.0150740594327115,0.0150740594327115,0
PPI_FINISHED_GOODS,pairwise,old_vs_new,PPIFGS,WPSFD49207,6,1959-10-01,-0.0210709561158113,-0.0210709561158113,0
PPI_FINISHED_GOODS,pairwise,old_vs_new,PPIFGS,WPSFD49207,6,1959-11-01,0.00599689668309988,0.00599689668309988,0
PPI_FINISHED_GOODS,pairwise,old_vs_new,PPIFGS,WPSFD49207,6,1959-12-01,0.00302572091653719,0.00302572091653719,0
PPI_FINISHED_GOODS,pairwise,old_vs_new,PPIFGS,WPSFD49207,6,1960-01-01,0.00302572091653719,0.00302572091653719,0
PPI_FINISHED_GOODS,pairwise,old_vs_new,PPIFGS,WPSFD49207,6,1960-02-01,-0.00302572091653719,-0.00302572091653719,0
PPI_FINISHED_GOODS,pairwise,old_vs_new,PPIFGS,WPSFD49207,6,1960-03-01,0.00902261759963707,0.00902261759963707,0
PPI_FINISHED_GOODS,pairwise,old_vs_new,PPIFGS,WPSFD49207,6,1960-04-01,-0.00902261759963707,-0.00902261759963707,0
PPI_FINISHED_GOODS,pairwise,old_vs_new,PPIFGS,WPSFD49207,6,1960-05-01,0,0,0
PPI_FINISHED_GOODS,pairwise,old_vs_new,PPIFGS,WPSFD49207,6,1960-06-01,0,0,0
PPI_FINISHED_GOODS,pairwise,old_vs_new,PPIFGS,WPSFD49207,6,1960-07-01,0.00298953884836628,0.00298953884836628,0
PPI_FINISHED_GOODS,pairwise,old_vs_new,PPIFGS,WPSFD49207,6,1960-08-01,-0.00597907769673256,-0.00597907769673256,0
PPI_FINISHED_GOODS,pairwise,old_vs_new,PPIFGS,WPSFD49207,6,1960-09-01,0.00298953884836628,0.00298953884836628,0
PPI_FINISHED_GOODS,pairwise,old_vs_new,PPIFGS,WPSFD49207,6,1960-10-01,0.00894193737566162,0.00894193737566162,0
PPI_FINISHED_GOODS,pairwise,old_vs_new,PPIFGS,WPSFD49207,6,1960-11-01,-0.00894193737566162,-0.00894193737566162,0
PPI_FINISHED_GOODS,pairwise,old_vs_new,PPIFGS,WPSFD49207,6,1960-12-01,-0.00297177038915741,-0.00297177038915741,0
PPI_FINISHED_GOODS,pairwise,old_vs_new,PPIFGS,WPSFD49207,6,1961-01-01,0.00297177038915741,0.00297177038915741,0
PPI_FINISHED_GOODS,pairwise,old_vs_new,PPIFGS,WPSFD49207,6,1961-02-01,0.00297177038915741,0.00297177038915741,0
PPI_FINISHED_GOODS,pairwise,old_vs_new,PPIFGS,WPSFD49207,6,1961-03-01,-0.00594354077831483,-0.00594354077831483,0
PPI_FINISHED_GOODS,pairwise,old_vs_new,PPIFGS,WPSFD49207,6,1961-04-01,-0.0029983965973468,-0.0029983965973468,0
PPI_FINISHED_GOODS,pairwise,old_vs_new,PPIFGS,WPSFD49207,6,1961-05-01,0.00297166399024773,0.00297166399024773,0
PPI_FINISHED_GOODS,pairwise,old_vs_new,PPIFGS,WPSFD49207,6,1961-06-01,0.00299850299625648,0.00299850299625648,0
PPI_FINISHED_GOODS,pairwise,old_vs_new,PPIFGS,WPSFD49207,6,1961-07-01,0,0,0
PPI_FINISHED_GOODS,pairwise,old_vs_new,PPIFGS,WPSFD49207,6,1961-08-01,0.00299850299625648,0.00299850299625648,0
PPI_FINISHED_GOODS,pairwise,old_vs_new,PPIFGS,WPSFD49207,6,1961-09-01,-0.00599700599251296,-0.00599700599251296,0
PPI_FINISHED_GOODS,pairwise,old_vs_new,PPIFGS,WPSFD49207,6,1961-10-01,0.00299850299625648,0.00299850299625648,0
PPI_FINISHED_GOODS,pairwise,old_vs_new,PPIFGS,WPSFD49207,6,1961-11-01,0.00299850299625648,0.00299850299625648,0
PPI_FINISHED_GOODS,pairwise,old_vs_new,PPIFGS,WPSFD49207,6,1961-12-01,-0.00299850299625648,-0.00299850299625648,0
PPI_FINISHED_GOODS,pairwise,old_vs_new,PPIFGS,WPSFD49207,6,1962-01-01,0.00298953884836628,0.00298953884836628,0
PPI_FINISHED_GOODS,pairwise,old_vs_new,PPIFGS,WPSFD49207,6,1962-02-01,-8.91071022834922e-06,-8.91071022834922e-06,0
PPI_FINISHED_GOODS,pairwise,old_vs_new,PPIFGS,WPSFD49207,6,1962-03-01,-0.00596125627627586,-0.00596125627627586,0
PPI_FINISHED_GOODS,pairwise,old_vs_new,PPIFGS,WPSFD49207,6,1962-04-01,0.00298062813813793,0.00298062813813793,0
PPI_FINISHED_GOODS,pairwise,old_vs_new,PPIFGS,WPSFD49207,6,1962-05-01,-0.00298953884836628,-0.00298953884836628,0
PPI_FINISHED_GOODS,pairwise,old_vs_new,PPIFGS,WPSFD49207,6,1962-06-01,0.00298953884836628,0.00298953884836628,0
PPI_FINISHED_GOODS,pairwise,old_vs_new,PPIFGS,WPSFD49207,6,1962-07-01,0,0,0
PPI_FINISHED_GOODS,pairwise,old_vs_new,PPIFGS,WPSFD49207,6,1962-08-01,0.00298953884836628,0.00298953884836628,0
PPI_FINISHED_GOODS,pairwise,old_vs_new,PPIFGS,WPSFD49207,6,1962-09-01,0.00592582480958592,0.00592582480958592,0
PPI_FINISHED_GOODS,pairwise,old_vs_new,PPIFGS,WPSFD49207,6,1962-10-01,-0.0148500991777665,-0.0148500991777665,0
PPI_FINISHED_GOODS,pairwise,old_vs_new,PPIFGS,WPSFD49207,6,1962-11-01,0.00593473551981427,0.00593473551981427,0
PPI_FINISHED_GOODS,pairwise,old_vs_new,PPIFGS,WPSFD49207,6,1962-12-01,-0.00298062813813793,-0.00298062813813793,0
PPI_FINISHED_GOODS,pairwise,old_vs_new,PPIFGS,WPSFD49207,6,1963-01-01,-8.91071022834922e-06,-8.91071022834922e-06,0
PPI_FINISHED_GOODS,pairwise,old_vs_new,PPIFGS,WPSFD49207,6,1963-02-01,0.00298953884836628,0.00298953884836628,0
PPI_FINISHED_GOODS,pairwise,old_vs_new,PPIFGS,WPSFD49207,6,1963-03-01,-0.00299850299625648,-0.00299850299625648,0
PPI_FINISHED_GOODS,pairwise,old_vs_new,PPIFGS,WPSFD49207,6,1963-04-01,0.00299850299625648,0.00299850299625648,0
PPI_FINISHED_GOODS,pairwise,old_vs_new,PPIFGS,WPSFD49207,6,1963-05-01,0.00299850299625648,0.00299850299625648,0
PPI_FINISHED_GOODS,pairwise,old_vs_new,PPIFGS,WPSFD49207,6,1963-06-01,-8.96414789020028e-06,-8.96414789020028e-06,0
PPI_FINISHED_GOODS,pairwise,old_vs_new,PPIFGS,WPSFD49207,6,1963-07-01,-0.00597907769673256,-0.00597907769673256,0
PPI_FINISHED_GOODS,pairwise,old_vs_new,PPIFGS,WPSFD49207,6,1963-08-01,0.00298953884836628,0.00298953884836628,0
PPI_FINISHED_GOODS,pairwise,old_vs_new,PPIFGS,WPSFD49207,6,1963-09-01,0,0,0
PPI_FINISHED_GOODS,pairwise,old_vs_new,PPIFGS,WPSFD49207,6,1963-10-01,0.00298953884836628,0.00298953884836628,0
PPI_FINISHED_GOODS,pairwise,old_vs_new,PPIFGS,WPSFD49207,6,1963-11-01,-0.00298953884836628,-0.00298953884836628,0
PPI_FINISHED_GOODS,pairwise,old_vs_new,PPIFGS,WPSFD49207,6,1963-12-01,-0.00298953884836628,-0.00298953884836628,0
PPI_FINISHED_GOODS,pairwise,old_vs_new,PPIFGS,WPSFD49207,6,1964-01-01,0.00597907769673256,0.00597907769673256,0
PPI_FINISHED_GOODS,pairwise,old_vs_new,PPIFGS,WPSFD49207,6,1964-02-01,-0.00298953884836628,-0.00298953884836628,0
PPI_FINISHED_GOODS,pairwise,old_vs_new,PPIFGS,WPSFD49207,6,1964-03-01,-0.00298953884836628,-0.00298953884836628,0
PPI_FINISHED_GOODS,pairwise,old_vs_new,PPIFGS,WPSFD49207,6,1964-04-01,0.00597907769673256,0.00597907769673256,0
PPI_FINISHED_GOODS,pairwise,old_vs_new,PPIFGS,WPSFD49207,6,1964-05-01,-0.00298953884836628,-0.00298953884836628,0
PPI_FINISHED_GOODS,pairwise,old_vs_new,PPIFGS,WPSFD49207,6,1964-06-01,0,0,0
PPI_FINISHED_GOODS,pairwise,old_vs_new,PPIFGS,WPSFD49207,6,1964-07-01,0,0,0
PPI_FINISHED_GOODS,pairwise,old_vs_new,PPIFGS,WPSFD49207,6,1964-08-01,0.00298062813813793,0.00298062813813793,0
PPI_FINISHED_GOODS,pairwise,old_vs_new,PPIFGS,WPSFD49207,6,1964-09-01,-0.00298062813813793,-0.00298062813813793,0
PPI_FINISHED_GOODS,pairwise,old_vs_new,PPIFGS,WPSFD49207,6,1964-10-01,0,0,0
PPI_FINISHED_GOODS,pairwise,old_vs_new,PPIFGS,WPSFD49207,6,1964-11-01,0,0,0
PPI_FINISHED_GOODS,pairwise,old_vs_new,PPIFGS,WPSFD49207,6,1964-12-01,0,0,0
PPI_FINISHED_GOODS,pairwise,old_vs_new,PPIFGS,WPSFD49207,6,1965-01-01,0,0,0
PPI_FINISHED_GOODS,pairwise,old_vs_new,PPIFGS,WPSFD49207,6,1965-02-01,0.00297177038915741,0.00297177038915741,0
PPI_FINISHED_GOODS,pairwise,old_vs_new,PPIFGS,WPSFD49207,6,1965-03-01,-0.00297177038915741,-0.00297177038915741,0
PPI_FINISHED_GOODS,pairwise,old_vs_new,PPIFGS,WPSFD49207,6,1965-04-01,0.00886268725784545,0.00886268725784545,0
PPI_FINISHED_GOODS,pairwise,old_vs_new,PPIFGS,WPSFD49207,6,1965-05-01,-0.00592582758453597,-0.00592582758453597,0
PPI_FINISHED_GOODS,pairwise,old_vs_new,PPIFGS,WPSFD49207,6,1965-06-01,-8.59989422075103e-06,-8.59989422075103e-06,0
PPI_FINISHED_GOODS,pairwise,old_vs_new,PPIFGS,WPSFD49207,6,1965-07-01,-0.00585651955817745,-0.00585651955817745,0
PPI_FINISHED_GOODS,pairwise,old_vs_new,PPIFGS,WPSFD49207,6,1965-08-01,0.00585651955817745,0.00585651955817745,0
PPI_FINISHED_GOODS,pairwise,old_vs_new,PPIFGS,WPSFD49207,6,1965-09-01,-8.54967575447674e-06,-8.54967575447674e-06,0
PPI_FINISHED_GOODS,pairwise,old_vs_new,PPIFGS,WPSFD49207,6,1965-10-01,-8.49989587559108e-06,-8.49989587559108e-06,0
PPI_FINISHED_GOODS,pairwise,old_vs_new,PPIFGS,WPSFD49207,6,1965-11-01,-8.45054949705215e-06,-8.45054949705215e-06,0
PPI_FINISHED_GOODS,pairwise,old_vs_new,PPIFGS,WPSFD49207,6,1965-12-01,0.0028776032575375,0.0028776032575375,0
PPI_FINISHED_GOODS,pairwise,old_vs_new,PPIFGS,WPSFD49207,6,1966-01-01,-0.0057803629154991,-0.0057803629154991,0
PPI_FINISHED_GOODS,pairwise,old_vs_new,PPIFGS,WPSFD49207,6,1966-02-01,0.00860837453660013,0.00860837453660013,0
PPI_FINISHED_GOODS,pairwise,old_vs_new,PPIFGS,WPSFD49207,6,1966-03-01,-0.00860837453660013,-0.00860837453660013,0
PPI_FINISHED_GOODS,pairwise,old_vs_new,PPIFGS,WPSFD49207,6,1966-04-01,0.00285306898240645,0.00285306898240645,0
PPI_FINISHED_GOODS,pairwise,old_vs_new,PPIFGS,WPSFD49207,6,1966-05-01,-0.00285306898240645,-0.00285306898240645,0
PPI_FINISHED_GOODS,pairwise,old_vs_new,PPIFGS,WPSFD49207,6,1966-06-01,-0.00571430126343841,-0.00571430126343841,0
PPI_FINISHED_GOODS,pairwise,old_vs_new,PPIFGS,WPSFD49207,6,1966-07-01,0.0114286025268768,0.0114286025268768,0
PPI_FINISHED_GOODS,pairwise,old_vs_new,PPIFGS,WPSFD49207,6,1966-08-01,0.00279638840447038,0.00279638840447038,0
PPI_FINISHED_GOODS,pairwise,old_vs_new,PPIFGS,WPSFD49207,6,1966-09-01,-0.00287687194965258,-0.00287687194965258,0
PPI_FINISHED_GOODS,pairwise,old_vs_new,PPIFGS,WPSFD49207,6,1966-10-01,-0.00844675909487114,-0.00844675909487114,0
PPI_FINISHED_GOODS,pairwise,old_vs_new,PPIFGS,WPSFD49207,6,1966-11-01,0.00281294137661492,0.00281294137661492,0
PPI_FINISHED_GOODS,pairwise,old_vs_new,PPIFGS,WPSFD49207,6,1966-12-01,-0.0028208763416413,-0.0028208763416413,0
PPI_FINISHED_GOODS,pairwise,old_vs_new,PPIFGS,WPSFD49207,6,1967-01-01,0.0028208763416413,0.0028208763416413,0
PPI_FINISHED_GOODS,pairwise,old_vs_new,PPIFGS,WPSFD49207,6,1967-02-01,-0.00282885620047768,-0.00282885620047768,0
PPI_FINISHED_GOODS,pairwise,old_vs_new,PPIFGS,WPSFD49207,6,1967-03-01,0.00282885620047768,0.00282885620047768,0
PPI_FINISHED_GOODS,pairwise,old_vs_new,PPIFGS,WPSFD49207,6,1967-04-01,0,0,0
PPI_FINISHED_GOODS,pairwise,old_vs_new,PPIFGS,WPSFD49207,6,1967-05-01,0.00282885620047768,0.00282885620047768,0
PPI_FINISHED_GOODS,pairwise,old_vs_new,PPIFGS,WPSFD49207,6,1967-06-01,0.00561001244538684,0.00561001244538684,0
PPI_FINISHED_GOODS,pairwise,old_vs_new,PPIFGS,WPSFD49207,6,1967-07-01,-0.00843886864586452,-0.00843886864586452,0
PPI_FINISHED_GOODS,pairwise,old_vs_new,PPIFGS,WPSFD49207,6,1967-08-01,0.00279720462106114,0.00279720462106114,0
PPI_FINISHED_GOODS,pairwise,old_vs_new,PPIFGS,WPSFD49207,6,1967-09-01,-0.00279720462106114,-0.00279720462106114,0
PPI_FINISHED_GOODS,pairwise,old_vs_new,PPIFGS,WPSFD49207,6,1967-10-01,0.00278940208757872,0.00278940208757872,0
PPI_FINISHED_GOODS,pairwise,old_vs_new,PPIFGS,WPSFD49207,6,1967-11-01,-0.00278940208757872,-0.00278940208757872,0
PPI_FINISHED_GOODS,pairwise,old_vs_new,PPIFGS,WPSFD49207,6,1967-12-01,0.00278164296187677,0.00278164296187677,0
PPI_FINISHED_GOODS,pairwise,old_vs_new,PPIFGS,WPSFD49207,6,1968-01-01,-7.71607915162065e-06,-7.71607915162065e-06,0
PPI_FINISHED_GOODS,pairwise,old_vs_new,PPIFGS,WPSFD49207,6,1968-02-01,-7.67338983465038e-06,-7.67338983465038e-06,0
PPI_FINISHED_GOODS,pairwise,old_vs_new,PPIFGS,WPSFD49207,6,1968-03-01,-7.63105381107465e-06,-7.63105381107465e-06,0
PPI_FINISHED_GOODS,pairwise,old_vs_new,PPIFGS,WPSFD49207,6,1968-04-01,0.00273589687856157,0.00273589687856157,0
PPI_FINISHED_GOODS,pairwise,old_vs_new,PPIFGS,WPSFD49207,6,1968-05-01,-0.005494519317641,-0.005494519317641,0
PPI_FINISHED_GOODS,pairwise,old_vs_new,PPIFGS,WPSFD49207,6,1968-06-01,0.00273597981887441,0.00273597981887441,0
PPI_FINISHED_GOODS,pairwise,old_vs_new,PPIFGS,WPSFD49207,6,1968-07-01,-7.46516567007305e-06,-7.46516567007305e-06,0
PPI_FINISHED_GOODS,pairwise,old_vs_new,PPIFGS,WPSFD49207,6,1968-08-01,-7.42453884372551e-06,-7.42453884372551e-06,0
PPI_FINISHED_GOODS,pairwise,old_vs_new,PPIFGS,WPSFD49207,6,1968-09-01,0.00269897735497837,0.00269897735497837,0
PPI_FINISHED_GOODS,pairwise,old_vs_new,PPIFGS,WPSFD49207,6,1968-10-01,-0.00542006746933898,-0.00542006746933898,0
PPI_FINISHED_GOODS,pairwise,old_vs_new,PPIFGS,WPSFD49207,6,1968-11-01,0.00269905696916517,0.00269905696916517,0
PPI_FINISHED_GOODS,pairwise,old_vs_new,PPIFGS,WPSFD49207,6,1968-12-01,-0.00269905696916517,-0.00269905696916517,0
PPI_FINISHED_GOODS,pairwise,old_vs_new,PPIFGS,WPSFD49207,6,1969-01-01,0.00269179166571165,0.00269179166571165,0
PPI_FINISHED_GOODS,pairwise,old_vs_new,PPIFGS,WPSFD49207,6,1969-02-01,-0.00269179166571165,-0.00269179166571165,0
PPI_FINISHED_GOODS,pairwise,old_vs_new,PPIFGS,WPSFD49207,6,1969-03-01,0.00536194314138516,0.00536194314138516,0
PPI_FINISHED_GOODS,pairwise,old_vs_new,PPIFGS,WPSFD49207,6,1969-04-01,-2.85971660227702e-05,-2.85971660227702e-05,0
PPI_FINISHED_GOODS,pairwise,old_vs_new,PPIFGS,WPSFD49207,6,1969-05-01,-2.82937456690391e-05,-2.82937456690391e-05,0
PPI_FINISHED_GOODS,pairwise,old_vs_new,PPIFGS,WPSFD49207,6,1969-06-01,-2.79951288497671e-05,-2.79951288497671e-05,0
PPI_FINISHED_GOODS,pairwise,old_vs_new,PPIFGS,WPSFD49207,6,1969-07-01,-0.00264893469457395,-0.00264893469457395,0
PPI_FINISHED_GOODS,pairwise,old_vs_new,PPIFGS,WPSFD49207,6,1969-08-01,-6.88892639555405e-06,-6.88892639555405e-06,0
PPI_FINISHED_GOODS,pairwise,old_vs_new,PPIFGS,WPSFD49207,6,1969-09-01,-6.85290580326736e-06,-6.85290580326736e-06,0
PPI_FINISHED_GOODS,pairwise,old_vs_new,PPIFGS,WPSFD49207,6,1969-10-01,0.00259396453306771,0.00259396453306771,0
PPI_FINISHED_GOODS,pairwise,old_vs_new,PPIFGS,WPSFD49207,6,1969-11-01,0.00255366022835046,0.00255366022835046,0
PPI_FINISHED_GOODS,pairwise,old_vs_new,PPIFGS,WPSFD49207,6,1969-12-01,-0.00518800134031627,-0.00518800134031627,0
PPI_FINISHED_GOODS,pairwise,old_vs_new,PPIFGS,WPSFD49207,6,1970-01-01,0.0025542123717468,0.0025542123717468,0
PPI_FINISHED_GOODS,pairwise,old_vs_new,PPIFGS,WPSFD49207,6,1970-02-01,-0.00768903722859315,-0.00768903722859315,0
PPI_FINISHED_GOODS,pairwise,old_vs_new,PPIFGS,WPSFD49207,6,1970-03-01,0.00512164172334728,0.00512164172334728,0
PPI_FINISHED_GOODS,pairwise,old_vs_new,PPIFGS,WPSFD49207,6,1970-04-01,-0.00256082086167364,-0.00256082086167364,0
PPI_FINISHED_GOODS,pairwise,old_vs_new,PPIFGS,WPSFD49207,6,1970-05-01,0,0,0
PPI_FINISHED_GOODS,pairwise,old_vs_new,PPIFGS,WPSFD49207,6,1970-06-01,0.00255427980509682,0.00255427980509682,0
PPI_FINISHED_GOODS,pairwise,old_vs_new,PPIFGS,WPSFD49207,6,1970-07-01,-0.00255427980509682,-0.00255427980509682,0
PPI_FINISHED_GOODS,pairwise,old_vs_new,PPIFGS,WPSFD49207,6,1970-08-01,0,0,0
PPI_FINISHED_GOODS,pairwise,old_vs_new,PPIFGS,WPSFD49207,6,1970-09-01,0.0101523714640179,0.0101523714640179,0
PPI_FINISHED_GOODS,pairwise,old_vs_new,PPIFGS,WPSFD49207,6,1970-10-01,-0.0101523714640179,-0.0101523714640179,0
PPI_FINISHED_GOODS,pairwise,old_vs_new,PPIFGS,WPSFD49207,6,1970-11-01,0.00503779402995708,0.00503779402995708,0
PPI_FINISHED_GOODS,pairwise,old_vs_new,PPIFGS,WPSFD49207,6,1970-12-01,-0.00503779402995708,-0.00503779402995708,0
PPI_FINISHED_GOODS,pairwise,old_vs_new,PPIFGS,WPSFD49207,6,1971-01-01,0.00250941160542606,0.00250941160542606,0
PPI_FINISHED_GOODS,pairwise,old_vs_new,PPIFGS,WPSFD49207,6,1971-02-01,0.00249059881127955,0.00249059881127955,0
PPI_FINISHED_GOODS,pairwise,old_vs_new,PPIFGS,WPSFD49207,6,1971-03-01,-0.00250934910425338,-0.00250934910425338,0
PPI_FINISHED_GOODS,pairwise,old_vs_new,PPIFGS,WPSFD49207,6,1971-04-01,-6.1879847907953e-06,-6.1879847907953e-06,0
PPI_FINISHED_GOODS,pairwise,old_vs_new,PPIFGS,WPSFD49207,6,1971-05-01,0.00246603183219474,0.00246603183219474,0
PPI_FINISHED_GOODS,pairwise,old_vs_new,PPIFGS,WPSFD49207,6,1971-06-01,-0.00248441266466237,-0.00248441266466237,0
PPI_FINISHED_GOODS,pairwise,old_vs_new,PPIFGS,WPSFD49207,6,1971-07-01,-0.00740437413577633,-0.00740437413577633,0
PPI_FINISHED_GOODS,pairwise,old_vs_new,PPIFGS,WPSFD49207,6,1971-08-01,0.0123365891220275,0.0123365891220275,0
PPI_FINISHED_GOODS,pairwise,old_vs_new,PPIFGS,WPSFD49207,6,1971-09-01,-0.00739830748144499,-0.00739830748144499,0
PPI_FINISHED_GOODS,pairwise,old_vs_new,PPIFGS,WPSFD49207,6,1971-10-01,0,0,0
PPI_FINISHED_GOODS,pairwise,old_vs_new,PPIFGS,WPSFD49207,6,1971-11-01,0.00245398896156646,0.00245398896156646,0
PPI_FINISHED_GOODS,pairwise,old_vs_new,PPIFGS,WPSFD49207,6,1971-12-01,0.0048720511305067,0.0048720511305067,0
PPI_FINISHED_GOODS,pairwise,old_vs_new,PPIFGS,WPSFD49207,6,1972-01-01,-0.00976209488995439,-0.00976209488995439,0
PPI_FINISHED_GOODS,pairwise,old_vs_new,PPIFGS,WPSFD49207,6,1972-02-01,0.00972648806056009,0.00972648806056009,0
PPI_FINISHED_GOODS,pairwise,old_vs_new,PPIFGS,WPSFD49207,6,1972-03-01,-0.00729043326267886,-0.00729043326267886,0
PPI_FINISHED_GOODS,pairwise,old_vs_new,PPIFGS,WPSFD49207,6,1972-04-01,0,0,0
PPI_FINISHED_GOODS,pairwise,old_vs_new,PPIFGS,WPSFD49207,6,1972-05-01,0.00483092726966561,0.00483092726966561,0
PPI_FINISHED_GOODS,pairwise,old_vs_new,PPIFGS,WPSFD49207,6,1972-06-01,-2.32257015619908e-05,-2.32257015619908e-05,0
PPI_FINISHED_GOODS,pairwise,old_vs_new,PPIFGS,WPSFD49207,6,1972-07-01,-0.00241249084214923,-0.00241249084214923,0
PPI_FINISHED_GOODS,pairwise,old_vs_new,PPIFGS,WPSFD49207,6,1972-08-01,0.00237806802670359,0.00237806802670359,0
PPI_FINISHED_GOODS,pairwise,old_vs_new,PPIFGS,WPSFD49207,6,1972-09-01,-2.26759940602506e-05,-2.26759940602506e-05,0
PPI_FINISHED_GOODS,pairwise,old_vs_new,PPIFGS,WPSFD49207,6,1972-10-01,-0.00950120551719547,-0.00950120551719547,0
PPI_FINISHED_GOODS,pairwise,old_vs_new,PPIFGS,WPSFD49207,6,1972-11-01,0.0118680705274614,0.0118680705274614,0
PPI_FINISHED_GOODS,pairwise,old_vs_new,PPIFGS,WPSFD49207,6,1972-12-01,0.00229436641348313,0.00229436641348313,0
PPI_FINISHED_GOODS,pairwise,old_vs_new,PPIFGS,WPSFD49207,6,1973-01-01,-0.00241063872336333,-0.00241063872336333,0
PPI_FINISHED_GOODS,pairwise,old_vs_new,PPIFGS,WPSFD49207,6,1973-02-01,0.00455962694209244,0.00455962694209244,0
PPI_FINISHED_GOODS,pairwise,old_vs_new,PPIFGS,WPSFD49207,6,1973-03-01,0.00891770894246502,0.00891770894246502,0
PPI_FINISHED_GOODS,pairwise,old_vs_new,PPIFGS,WPSFD49207,6,1973-04-01,-0.0137444991621969,-0.0137444991621969,0
PPI_FINISHED_GOODS,pairwise,old_vs_new,PPIFGS,WPSFD49207,6,1973-05-01,-4.50440305477251e-05,-4.50440305477251e-05,0
PPI_FINISHED_GOODS,pairwise,old_vs_new,PPIFGS,WPSFD49207,6,1973-06-01,0.00436084803578884,0.00436084803578884,0
PPI_FINISHED_GOODS,pairwise,old_vs_new,PPIFGS,WPSFD49207,6,1973-07-01,-0.0132500570961875,-0.0132500570961875,0
PPI_FINISHED_GOODS,pairwise,old_vs_new,PPIFGS,WPSFD49207,6,1973-08-01,0.0368357175723584,0.0368357175723584,0
PPI_FINISHED_GOODS,pairwise,old_vs_new,PPIFGS,WPSFD49207,6,1973-09-01,-0.0367654229205807,-0.0367654229205807,0
PPI_FINISHED_GOODS,pairwise,old_vs_new,PPIFGS,WPSFD49207,6,1973-10-01,-4.54627080781478e-06,-4.54627080781478e-06,0
PPI_FINISHED_GOODS,pairwise,old_vs_new,PPIFGS,WPSFD49207,6,1973-11-01,0.0106451621965409,0.0106451621965409,0
PPI_FINISHED_GOODS,pairwise,old_vs_new,PPIFGS,WPSFD49207,6,1973-12-01,-7.18210220433946e-05,-7.18210220433946e-05,0
PPI_FINISHED_GOODS,pairwise,old_vs_new,PPIFGS,WPSFD49207,6,1974-01-01,0.0164586829758622,0.0164586829758622,0
PPI_FINISHED_GOODS,pairwise,old_vs_new,PPIFGS,WPSFD49207,6,1974-02-01,-0.00662293137824577,-0.00662293137824577,0
PPI_FINISHED_GOODS,pairwise,old_vs_new,PPIFGS,WPSFD49207,6,1974-03-01,-0.00826452664838095,-0.00826452664838095,0
PPI_FINISHED_GOODS,pairwise,old_vs_new,PPIFGS,WPSFD49207,6,1974-04-01,-9.92096956462518e-05,-9.92096956462518e-05,0
PPI_FINISHED_GOODS,pairwise,old_vs_new,PPIFGS,WPSFD49207,6,1974-05-01,0.00185395768013219,0.00185395768013219,0
PPI_FINISHED_GOODS,pairwise,old_vs_new,PPIFGS,WPSFD49207,6,1974-06-01,-0.0117648415795863,-0.0117648415795863,0
PPI_FINISHED_GOODS,pairwise,old_vs_new,PPIFGS,WPSFD49207,6,1974-07-01,0.0269247033705926,0.0269247033705926,0
PPI_FINISHED_GOODS,pairwise,old_vs_new,PPIFGS,WPSFD49207,6,1974-08-01,-0.00812715740309011,-0.00812715740309011,0
PPI_FINISHED_GOODS,pairwise,old_vs_new,PPIFGS,WPSFD49207,6,1974-09-01,-0.00768632054243179,-0.00768632054243179,0
PPI_FINISHED_GOODS,pairwise,old_vs_new,PPIFGS,WPSFD49207,6,1974-10-01,0.00713745616332861,0.00713745616332861,0
PPI_FINISHED_GOODS,pairwise,old_vs_new,PPIFGS,WPSFD49207,6,1974-11-01,0.00144756838732496,0.00144756838732496,0
PPI_FINISHED_GOODS,pairwise,old_vs_new,PPIFGS,WPSFD49207,6,1974-12-01,-0.0196962499757243,-0.0196962499757243,0
PPI_FINISHED_GOODS,pairwise,old_vs_new,PPIFGS,WPSFD49207,6,1975-01-01,0.00530505222969335,0.00530505222969335,0
PPI_FINISHED_GOODS,pairwise,old_vs_new,PPIFGS,WPSFD49207,6,1975-02-01,-0.00707027775426283,-0.00707027775426283,0
PPI_FINISHED_GOODS,pairwise,old_vs_new,PPIFGS,WPSFD49207,6,1975-03-01,0.00176522552456948,0.00176522552456948,0
PPI_FINISHED_GOODS,pairwise,old_vs_new,PPIFGS,WPSFD49207,6,1975-04-01,0.0087951314528274,0.0087951314528274,0
PPI_FINISHED_GOODS,pairwise,old_vs_new,PPIFGS,WPSFD49207,6,1975-05-01,-0.0035549447892711,-0.0035549447892711,0
PPI_FINISHED_GOODS,pairwise,old_vs_new,PPIFGS,WPSFD49207,6,1975-06-01,0.0034328945898725,0.0034328945898725,0
PPI_FINISHED_GOODS,pairwise,old_vs_new,PPIFGS,WPSFD49207,6,1975-07-01,-7.45759981972682e-05,-7.45759981972682e-05,0
PPI_FINISHED_GOODS,pairwise,old_vs_new,PPIFGS,WPSFD49207,6,1975-08-01,-7.33044318721454e-05,-7.33044318721454e-05,0
PPI_FINISHED_GOODS,pairwise,old_vs_new,PPIFGS,WPSFD49207,6,1975-09-01,-0.00175698547722014,-0.00175698547722014,0
PPI_FINISHED_GOODS,pairwise,old_vs_new,PPIFGS,WPSFD49207,6,1975-10-01,0.00162813960676722,0.00162813960676722,0
PPI_FINISHED_GOODS,pairwise,old_vs_new,PPIFGS,WPSFD49207,6,1975-11-01,-0.00505745368739241,-0.00505745368739241,0
PPI_FINISHED_GOODS,pairwise,old_vs_new,PPIFGS,WPSFD49207,6,1975-12-01,-0.00167362194645282,-0.00167362194645282,0
PPI_FINISHED_GOODS,pairwise,old_vs_new,PPIFGS,WPSFD49207,6,1976-01-01,-0.00333055863812248,-0.00333055863812248,0
PPI_FINISHED_GOODS,pairwise,old_vs_new,PPIFGS,WPSFD49207,6,1976-02-01,-2.77778163582099e-06,-2.77778163582099e-06,0
PPI_FINISHED_GOODS,pairwise,old_vs_new,PPIFGS,WPSFD49207,6,1976-03-01,0.00333611420139412,0.00333611420139412,0
PPI_FINISHED_GOODS,pairwise,old_vs_new,PPIFGS,WPSFD49207,6,1976-04-01,0.00331948441034235,0.00331948441034235,0
PPI_FINISHED_GOODS,pairwise,old_vs_new,PPIFGS,WPSFD49207,6,1976-05-01,-0.00333054030341007,-0.00333054030341007,0
PPI_FINISHED_GOODS,pairwise,old_vs_new,PPIFGS,WPSFD49207,6,1976-06-01,-2.74111160258883e-06,-2.74111160258883e-06,0
PPI_FINISHED_GOODS,pairwise,old_vs_new,PPIFGS,WPSFD49207,6,1976-07-01,0.00164607293262975,0.00164607293262975,0
PPI_FINISHED_GOODS,pairwise,old_vs_new,PPIFGS,WPSFD49207,6,1976-08-01,-1.08563782577065e-05,-1.08563782577065e-05,0
PPI_FINISHED_GOODS,pairwise,old_vs_new,PPIFGS,WPSFD49207,6,1976-09-01,-1.07851887003463e-05,-1.07851887003463e-05,0
PPI_FINISHED_GOODS,pairwise,old_vs_new,PPIFGS,WPSFD49207,6,1976-10-01,0.00161927751384816,0.00161927751384816,0
PPI_FINISHED_GOODS,pairwise,old_vs_new,PPIFGS,WPSFD49207,6,1976-11-01,0.00321237556190734,0.00321237556190734,0
PPI_FINISHED_GOODS,pairwise,old_vs_new,PPIFGS,WPSFD49207,6,1976-12-01,-6.52488526222683e-05,-6.52488526222683e-05,0
PPI_FINISHED_GOODS,pairwise,old_vs_new,PPIFGS,WPSFD49207,6,1977-01-01,-0.00644381431785757,-0.00644381431785757,0
PPI_FINISHED_GOODS,pairwise,old_vs_new,PPIFGS,WPSFD49207,6,1977-02-01,0.00953646304348155,0.00953646304348155,0
PPI_FINISHED_GOODS,pairwise,old_vs_new,PPIFGS,WPSFD49207,6,1977-03-01,-0.00325748298515016,-0.00325748298515016,0
PPI_FINISHED_GOODS,pairwise,old_vs_new,PPIFGS,WPSFD49207,6,1977-04-01,-0.00318174064375132,-0.00318174064375132,0
PPI_FINISHED_GOODS,pairwise,old_vs_new,PPIFGS,WPSFD49207,6,1977-05-01,0.00153202896908233,0.00153202896908233,0
PPI_FINISHED_GOODS,pairwise,old_vs_new,PPIFGS,WPSFD49207,6,1977-06-01,-0.00312977207238863,-0.00312977207238863,0
PPI_FINISHED_GOODS,pairwise,old_vs_new,PPIFGS,WPSFD49207,6,1977-07-01,-9.58510857529404e-06,-9.58510857529404e-06,0
PPI_FINISHED_GOODS,pairwise,old_vs_new,PPIFGS,WPSFD49207,6,1977-08-01,0.00306267300470608,0.00306267300470608,0
PPI_FINISHED_GOODS,pairwise,old_vs_new,PPIFGS,WPSFD49207,6,1977-09-01,-0.00156319186577925,-0.00156319186577925,0
PPI_FINISHED_GOODS,pairwise,old_vs_new,PPIFGS,WPSFD49207,6,1977-10-01,0.00149762515865515,0.00149762515865515,0
PPI_FINISHED_GOODS,pairwise,old_vs_new,PPIFGS,WPSFD49207,6,1977-11-01,0.0014703161066727,0.0014703161066727,0
PPI_FINISHED_GOODS,pairwise,old_vs_new,PPIFGS,WPSFD49207,6,1977-12-01,-0.00305071853473748,-0.00305071853473748,0
PPI_FINISHED_GOODS,pairwise,old_vs_new,PPIFGS,WPSFD49207,6,1978-01-01,-2.02299698024433e-05,-2.02299698024433e-05,0
PPI_FINISHED_GOODS,pairwise,old_vs_new,PPIFGS,WPSFD49207,6,1978-02-01,0.00294731201813114,0.00294731201813114,0
PPI_FINISHED_GOODS,pairwise,old_vs_new,PPIFGS,WPSFD49207,6,1978-03-01,-0.00300038141965331,-0.00300038141965331,0
PPI_FINISHED_GOODS,pairwise,old_vs_new,PPIFGS,WPSFD49207,6,1978-04-01,0.00729574271762523,0.00729574271762523,0
PPI_FINISHED_GOODS,pairwise,old_vs_new,PPIFGS,WPSFD49207,6,1978-05-01,-0.00446814374370597,-0.00446814374370597,0
PPI_FINISHED_GOODS,pairwise,old_vs_new,PPIFGS,WPSFD49207,6,1978-06-01,0.00138339095106943,0.00138339095106943,0
PPI_FINISHED_GOODS,pairwise,old_vs_new,PPIFGS,WPSFD49207,6,1978-07-01,-7.41059427129542e-05,-7.41059427129542e-05,0
PPI_FINISHED_GOODS,pairwise,old_vs_new,PPIFGS,WPSFD49207,6,1978-08-01,-0.00715001670276294,-0.00715001670276294,0
PPI_FINISHED_GOODS,pairwise,old_vs_new,PPIFGS,WPSFD49207,6,1978-09-01,0.00847260929781957,0.00847260929781957,0
PPI_FINISHED_GOODS,pairwise,old_vs_new,PPIFGS,WPSFD49207,6,1978-10-01,-0.00568354110885316,-0.00568354110885316,0
PPI_FINISHED_GOODS,pairwise,old_vs_new,PPIFGS,WPSFD49207,6,1978-11-01,0.00415771713417179,0.00415771713417179,0
PPI_FINISHED_GOODS,pairwise,old_vs_new,PPIFGS,WPSFD49207,6,1978-12-01,0.00268158651606853,0.00268158651606853,0
PPI_FINISHED_GOODS,pairwise,old_vs_new,PPIFGS,WPSFD49207,6,1979-01-01,0.00123700780606661,0.00123700780606661,0
PPI_FINISHED_GOODS,pairwise,old_vs_new,PPIFGS,WPSFD49207,6,1979-02-01,-0.00283370134889616,-0.00283370134889616,0
PPI_FINISHED_GOODS,pairwise,old_vs_new,PPIFGS,WPSFD49207,6,1979-03-01,-0.00142097094649163,-0.00142097094649163,0
PPI_FINISHED_GOODS,pairwise,old_vs_new,PPIFGS,WPSFD49207,6,1979-04-01,0.00257800741475211,0.00257800741475211,0
PPI_FINISHED_GOODS,pairwise,old_vs_new,PPIFGS,WPSFD49207,6,1979-05-01,-0.00534700906774077,-0.00534700906774077,0
PPI_FINISHED_GOODS,pairwise,old_vs_new,PPIFGS,WPSFD49207,6,1979-06-01,-2.75559903304412e-05,-2.75559903304412e-05,0
PPI_FINISHED_GOODS,pairwise,old_vs_new,PPIFGS,WPSFD49207,6,1979-07-01,0.00515408979519183,0.00515408979519183,0
PPI_FINISHED_GOODS,pairwise,old_vs_new,PPIFGS,WPSFD49207,6,1979-08-01,-0.000106836893552398,-0.000106836893552398,0
PPI_FINISHED_GOODS,pairwise,old_vs_new,PPIFGS,WPSFD49207,6,1979-09-01,0.0062045071534369,0.0062045071534369,0
PPI_FINISHED_GOODS,pairwise,old_vs_new,PPIFGS,WPSFD49207,6,1979-10-01,-0.0052302195843863,-0.0052302195843863,0
PPI_FINISHED_GOODS,pairwise,old_vs_new,PPIFGS,WPSFD49207,6,1979-11-01,0.00110394229893984,0.00110394229893984,0
PPI_FINISHED_GOODS,pairwise,old_vs_new,PPIFGS,WPSFD49207,6,1979-12-01,-0.00258106776993472,-0.00258106776993472,0
PPI_FINISHED_GOODS,pairwise,old_vs_new,PPIFGS,WPSFD49207,6,1980-01-01,0.0047129782489268,0.0047129782489268,0
PPI_FINISHED_GOODS,pairwise,old_vs_new,PPIFGS,WPSFD49207,6,1980-02-01,-0.000207050055089475,-0.000207050055089475,0
PPI_FINISHED_GOODS,pairwise,old_vs_new,PPIFGS,WPSFD49207,6,1980-03-01,-0.00370384791694001,-0.00370384791694001,0
PPI_FINISHED_GOODS,pairwise,old_vs_new,PPIFGS,WPSFD49207,6,1980-04-01,-0.00242830760360402,-0.00242830760360402,0
PPI_FINISHED_GOODS,pairwise,old_vs_new,PPIFGS,WPSFD49207,6,1980-05-01,-0.00352416382819154,-0.00352416382819154,0
PPI_FINISHED_GOODS,pairwise,old_vs_new,PPIFGS,WPSFD49207,6,1980-06-01,0.00342100937842638,0.00342100937842638,0
PPI_FINISHED_GOODS,pairwise,old_vs_new,PPIFGS,WPSFD49207,6,1980-07-01,0.00785877919280953,0.00785877919280953,0
PPI_FINISHED_GOODS,pairwise,old_vs_new,PPIFGS,WPSFD49207,6,1980-08-01,-0.00469854672076142,-0.00469854672076142,0
PPI_FINISHED_GOODS,pairwise,old_vs_new,PPIFGS,WPSFD49207,6,1980-09-01,-0.00676148419967415,-0.00676148419967415,0
PPI_FINISHED_GOODS,pairwise,old_vs_new,PPIFGS,WPSFD49207,6,1980-10-01,0.00328972544341433,0.00328972544341433,0
PPI_FINISHED_GOODS,pairwise,old_vs_new,PPIFGS,WPSFD49207,6,1980-11-01,-0.00115292814009926,-0.00115292814009926,0
PPI_FINISHED_GOODS,pairwise,old_vs_new,PPIFGS,WPSFD49207,6,1980-12-01,-0.00221937368651659,-0.00221937368651659,0
PPI_FINISHED_GOODS,pairwise,old_vs_new,PPIFGS,WPSFD49207,6,1981-01-01,0.00646752299936981,0.00646752299936981,0
PPI_FINISHED_GOODS,pairwise,old_vs_new,PPIFGS,WPSFD49207,6,1981-02-01,-0.00225059847431819,-0.00225059847431819,0
PPI_FINISHED_GOODS,pairwise,old_vs_new,PPIFGS,WPSFD49207,6,1981-03-01,0.00309987301709391,0.00309987301709391,0
PPI_FINISHED_GOODS,pairwise,old_vs_new,PPIFGS,WPSFD49207,6,1981-04-01,-0.00117931844160957,-0.00117931844160957,0
PPI_FINISHED_GOODS,pairwise,old_vs_new,PPIFGS,WPSFD49207,6,1981-05-01,-0.00737440525794852,-0.00737440525794852,0
PPI_FINISHED_GOODS,pairwise,old_vs_new,PPIFGS,WPSFD49207,6,1981-06-01,0.00206492386817647,0.00206492386817647,0
PPI_FINISHED_GOODS,pairwise,old_vs_new,PPIFGS,WPSFD49207,6,1981-07-01,-0.00312442276279601,-0.00312442276279601,0
PPI_FINISHED_GOODS,pairwise,old_vs_new,PPIFGS,WPSFD49207,6,1981-08-01,-0.00103680229102476,-0.00103680229102476,0
PPI_FINISHED_GOODS,pairwise,old_vs_new,PPIFGS,WPSFD49207,6,1981-09-01,0.00309012536057818,0.00309012536057818,0
PPI_FINISHED_GOODS,pairwise,old_vs_new,PPIFGS,WPSFD49207,6,1981-10-01,-1.69352312076043e-05,-1.69352312076043e-05,0
PPI_FINISHED_GOODS,pairwise,old_vs_new,PPIFGS,WPSFD49207,6,1981-11-01,-0.00103772583523654,-0.00103772583523654,0
PPI_FINISHED_GOODS,pairwise,old_vs_new,PPIFGS,WPSFD49207,6,1981-12-01,0.00100842149923874,0.00100842149923874,0
PPI_FINISHED_GOODS,pairwise,old_vs_new,PPIFGS,WPSFD49207,6,1982-01-01,0.00200773385888997,0.00200773385888997,0
PPI_FINISHED_GOODS,pairwise,old_vs_new,PPIFGS,WPSFD49207,6,1982-02-01,-0.00709684535039035,-0.00709684535039035,0
PPI_FINISHED_GOODS,pairwise,old_vs_new,PPIFGS,WPSFD49207,6,1982-03-01,0.00101163387484426,0.00101163387484426,0
PPI_FINISHED_GOODS,pairwise,old_vs_new,PPIFGS,WPSFD49207,6,1982-04-01,0.00202224538076745,0.00202224538076745,0
PPI_FINISHED_GOODS,pairwise,old_vs_new,PPIFGS,WPSFD49207,6,1982-05-01,-0.00202224538076745,-0.00202224538076745,0
PPI_FINISHED_GOODS,pairwise,old_vs_new,PPIFGS,WPSFD49207,6,1982-06-01,0.00804833318282849,0.00804833318282849,0
PPI_FINISHED_GOODS,pairwise,old_vs_new,PPIFGS,WPSFD49207,6,1982-07-01,-0.00404832784948272,-0.00404832784948272,0
PPI_FINISHED_GOODS,pairwise,old_vs_new,PPIFGS,WPSFD49207,6,1982-08-01,-1.5936318471077e-05,-1.5936318471077e-05,0
PPI_FINISHED_GOODS,pairwise,old_vs_new,PPIFGS,WPSFD49207,6,1982-09-01,-0.00299052695599666,-0.00299052695599666,0
PPI_FINISHED_GOODS,pairwise,old_vs_new,PPIFGS,WPSFD49207,6,1982-10-01,0.00198117505786488,0.00198117505786488,0
PPI_FINISHED_GOODS,pairwise,old_vs_new,PPIFGS,WPSFD49207,6,1982-11-01,0.00097785719908039,0.00097785719908039,0
PPI_FINISHED_GOODS,pairwise,old_vs_new,PPIFGS,WPSFD49207,6,1982-12-01,-1.55613564842838e-05,-1.55613564842838e-05,0
PPI_FINISHED_GOODS,pairwise,old_vs_new,PPIFGS,WPSFD49207,6,1983-01-01,-0.0118266002345013,-0.0118266002345013,0
PPI_FINISHED_GOODS,pairwise,old_vs_new,PPIFGS,WPSFD49207,6,1983-02-01,0.00887919646032831,0.00887919646032831,0
PPI_FINISHED_GOODS,pairwise,old_vs_new,PPIFGS,WPSFD49207,6,1983-03-01,-0.00197921837033199,-0.00197921837033199,0
PPI_FINISHED_GOODS,pairwise,old_vs_new,PPIFGS,WPSFD49207,6,1983-04-01,0.00197921837033199,0.00197921837033199,0
PPI_FINISHED_GOODS,pairwise,old_vs_new,PPIFGS,WPSFD49207,6,1983-05-01,0.00197335594549131,0.00197335594549131,0
PPI_FINISHED_GOODS,pairwise,old_vs_new,PPIFGS,WPSFD49207,6,1983-06-01,-0.000992521143358793,-0.000992521143358793,0
PPI_FINISHED_GOODS,pairwise,old_vs_new,PPIFGS,WPSFD49207,6,1983-07-01,-0.00197044398729851,-0.00197044398729851,0
PPI_FINISHED_GOODS,pairwise,old_vs_new,PPIFGS,WPSFD49207,6,1983-08-01,0.00294840508429761,0.00294840508429761,0
PPI_FINISHED_GOODS,pairwise,old_vs_new,PPIFGS,WPSFD49207,6,1983-09-01,-8.66754337280895e-06,-8.66754337280895e-06,0
PPI_FINISHED_GOODS,pairwise,old_vs_new,PPIFGS,WPSFD49207,6,1983-10-01,-0.0029397375409248,-0.0029397375409248,0
PPI_FINISHED_GOODS,pairwise,old_vs_new,PPIFGS,WPSFD49207,6,1983-11-01,-0.00195886448533322,-0.00195886448533322,0
PPI_FINISHED_GOODS,pairwise,old_vs_new,PPIFGS,WPSFD49207,6,1983-12-01,0.00489572415864359,0.00489572415864359,0
PPI_FINISHED_GOODS,pairwise,old_vs_new,PPIFGS,WPSFD49207,6,1984-01-01,0.00388245559874445,0.00388245559874445,0
PPI_FINISHED_GOODS,pairwise,old_vs_new,PPIFGS,WPSFD49207,6,1984-02-01,-0.00294334142736208,-0.00294334142736208,0
PPI_FINISHED_GOODS,pairwise,old_vs_new,PPIFGS,WPSFD49207,6,1984-03-01,-1.49651872334289e-05,-1.49651872334289e-05,0
PPI_FINISHED_GOODS,pairwise,old_vs_new,PPIFGS,WPSFD49207,6,1984-04-01,-0.00289808128406577,-0.00289808128406577,0
PPI_FINISHED_GOODS,pairwise,old_vs_new,PPIFGS,WPSFD49207,6,1984-05-01,-0.00192585474678708,-0.00192585474678708,0
PPI_FINISHED_GOODS,pairwise,old_vs_new,PPIFGS,WPSFD49207,6,1984-06-01,0.000962927373393541,0.000962927373393541,0
PPI_FINISHED_GOODS,pairwise,old_vs_new,PPIFGS,WPSFD49207,6,1984-07-01,0.00192492840958458,0.00192492840958458,0
PPI_FINISHED_GOODS,pairwise,old_vs_new,PPIFGS,WPSFD49207,6,1984-08-01,-0.00384985681916916,-0.00384985681916916,0
PPI_FINISHED_GOODS,pairwise,old_vs_new,PPIFGS,WPSFD49207,6,1984-09-01,0.00192492840958458,0.00192492840958458,0
PPI_FINISHED_GOODS,pairwise,old_vs_new,PPIFGS,WPSFD49207,6,1984-10-01,-0.00192864090640565,-0.00192864090640565,0
PPI_FINISHED_GOODS,pairwise,old_vs_new,PPIFGS,WPSFD49207,6,1984-11-01,0.00578221022239589,0.00578221022239589,0
PPI_FINISHED_GOODS,pairwise,old_vs_new,PPIFGS,WPSFD49207,6,1984-12-01,-0.00385356931599024,-0.00385356931599024,0
PPI_FINISHED_GOODS,pairwise,old_vs_new,PPIFGS,WPSFD49207,6,1985-01-01,0,0,0
PPI_FINISHED_GOODS,pairwise,old_vs_new,PPIFGS,WPSFD49207,6,1985-02-01,0.000961076479550904,0.000961076479550904,0
PPI_FINISHED_GOODS,pairwise,old_vs_new,PPIFGS,WPSFD49207,6,1985-03-01,-0.000961076479550904,-0.000961076479550904,0
PPI_FINISHED_GOODS,pairwise,old_vs_new,PPIFGS,WPSFD49207,6,1985-04-01,0.00479157600989932,0.00479157600989932,0
PPI_FINISHED_GOODS,pairwise,old_vs_new,PPIFGS,WPSFD49207,6,1985-05-01,-0.00192761223847082,-0.00192761223847082,0
PPI_FINISHED_GOODS,pairwise,old_vs_new,PPIFGS,WPSFD49207,6,1985-06-01,-0.005727927542857,-0.005727927542857,0
PPI_FINISHED_GOODS,pairwise,old_vs_new,PPIFGS,WPSFD49207,6,1985-07-01,0.00381953001709689,0.00381953001709689,0
PPI_FINISHED_GOODS,pairwise,old_vs_new,PPIFGS,WPSFD49207,6,1985-08-01,-0.00286761271729397,-0.00286761271729397,0
PPI_FINISHED_GOODS,pairwise,old_vs_new,PPIFGS,WPSFD49207,6,1985-09-01,-0.00480905420145206,-0.00480905420145206,0
PPI_FINISHED_GOODS,pairwise,old_vs_new,PPIFGS,WPSFD49207,6,1985-10-01,0.0172626453435409,0.0172626453435409,0
PPI_FINISHED_GOODS,pairwise,old_vs_new,PPIFGS,WPSFD49207,6,1985-11-01,-0.00483810715659327,-0.00483810715659327,0
PPI_FINISHED_GOODS,pairwise,old_vs_new,PPIFGS,WPSFD49207,6,1985-12-01,-0.000975296317924368,-0.000975296317924368,0
PPI_FINISHED_GOODS,pairwise,old_vs_new,PPIFGS,WPSFD49207,6,1986-01-01,-0.00945628239189134,-0.00945628239189134,0
PPI_FINISHED_GOODS,pairwise,old_vs_new,PPIFGS,WPSFD49207,6,1986-02-01,-0.00863083609925219,-0.00863083609925219,0
PPI_FINISHED_GOODS,pairwise,old_vs_new,PPIFGS,WPSFD49207,6,1986-03-01,0.000792354695339448,0.000792354695339448,0
PPI_FINISHED_GOODS,pairwise,old_vs_new,PPIFGS,WPSFD49207,6,1986-04-01,0.00769094253637448,0.00769094253637448,0
PPI_FINISHED_GOODS,pairwise,old_vs_new,PPIFGS,WPSFD49207,6,1986-05-01,0.00975136012696787,0.00975136012696787,0
PPI_FINISHED_GOODS,pairwise,old_vs_new,PPIFGS,WPSFD49207,6,1986-06-01,-0.00196164206163463,-0.00196164206163463,0
PPI_FINISHED_GOODS,pairwise,old_vs_new,PPIFGS,WPSFD49207,6,1986-07-01,-0.0107037560671825,-0.0107037560671825,0
PPI_FINISHED_GOODS,pairwise,old_vs_new,PPIFGS,WPSFD49207,6,1986-08-01,0.011692162042265,0.011692162042265,0
PPI_FINISHED_GOODS,pairwise,old_vs_new,PPIFGS,WPSFD49207,6,1986-09-01,-0.00195691807144094,-0.00195691807144094,0
PPI_FINISHED_GOODS,pairwise,old_vs_new,PPIFGS,WPSFD49207,6,1986-10-01,0.00386844395992902,0.00386844395992902,0
PPI_FINISHED_GOODS,pairwise,old_vs_new,PPIFGS,WPSFD49207,6,1986-11-01,-0.00678062049651462,-0.00678062049651462,0
PPI_FINISHED_GOODS,pairwise,old_vs_new,PPIFGS,WPSFD49207,6,1986-12-01,0.00289901838214845,0.00289901838214845,0
PPI_FINISHED_GOODS,pairwise,old_vs_new,PPIFGS,WPSFD49207,6,1987-01-01,0.00288227804448749,0.00288227804448749,0
PPI_FINISHED_GOODS,pairwise,old_vs_new,PPIFGS,WPSFD49207,6,1987-02-01,-0.00193694596792593,-0.00193694596792593,0
PPI_FINISHED_GOODS,pairwise,old_vs_new,PPIFGS,WPSFD49207,6,1987-03-01,-0.00192030387128828,-0.00192030387128828,0
PPI_FINISHED_GOODS,pairwise,old_vs_new,PPIFGS,WPSFD49207,6,1987-04-01,0.00476781052171305,0.00476781052171305,0
PPI_FINISHED_GOODS,pairwise,old_vs_new,PPIFGS,WPSFD49207,6,1987-05-01,-0.00477418405733587,-0.00477418405733587,0
PPI_FINISHED_GOODS,pairwise,old_vs_new,PPIFGS,WPSFD49207,6,1987-06-01,0.00189663019180752,0.00189663019180752,0
PPI_FINISHED_GOODS,pairwise,old_vs_new,PPIFGS,WPSFD49207,6,1987-07-01,-0.000953712652441041,-0.000953712652441041,0
PPI_FINISHED_GOODS,pairwise,old_vs_new,PPIFGS,WPSFD49207,6,1987-08-01,-3.58022890178944e-06,-3.58022890178944e-06,0
PPI_FINISHED_GOODS,pairwise,old_vs_new,PPIFGS,WPSFD49207,6,1987-09-01,0.00093849646930888,0.00093849646930888,0
PPI_FINISHED_GOODS,pairwise,old_vs_new,PPIFGS,WPSFD49207,6,1987-10-01,-0.00471387089624908,-0.00471387089624908,0
PPI_FINISHED_GOODS,pairwise,old_vs_new,PPIFGS,WPSFD49207,6,1987-11-01,0.0018850146957714,0.0018850146957714,0
PPI_FINISHED_GOODS,pairwise,old_vs_new,PPIFGS,WPSFD49207,6,1987-12-01,-0.00188857468786807,-0.00188857468786807,0
PPI_FINISHED_GOODS,pairwise,old_vs_new,PPIFGS,WPSFD49207,6,1988-01-01,0.00754363217121323,0.00754363217121323,0
PPI_FINISHED_GOODS,pairwise,old_vs_new,PPIFGS,WPSFD49207,6,1988-02-01,-0.00659534904298731,-0.00659534904298731,0
PPI_FINISHED_GOODS,pairwise,old_vs_new,PPIFGS,WPSFD49207,6,1988-03-01,0.00375851794348403,0.00375851794348403,0
PPI_FINISHED_GOODS,pairwise,old_vs_new,PPIFGS,WPSFD49207,6,1988-04-01,0.000927096346320155,0.000927096346320155,0
PPI_FINISHED_GOODS,pairwise,old_vs_new,PPIFGS,WPSFD49207,6,1988-05-01,-0.0018779085553664,-0.0018779085553664,0
PPI_FINISHED_GOODS,pairwise,old_vs_new,PPIFGS,WPSFD49207,6,1988-06-01,0.000927184756220001,0.000927184756220001,0
PPI_FINISHED_GOODS,pairwise,old_vs_new,PPIFGS,WPSFD49207,6,1988-07-01,0.00554264250681324,0.00554264250681324,0
PPI_FINISHED_GOODS,pairwise,old_vs_new,PPIFGS,WPSFD49207,6,1988-08-01,-0.00465399602153216,-0.00465399602153216,0
PPI_FINISHED_GOODS,pairwise,old_vs_new,PPIFGS,WPSFD49207,6,1988-09-01,-0.00184669760899592,-0.00184669760899592,0
PPI_FINISHED_GOODS,pairwise,old_vs_new,PPIFGS,WPSFD49207,6,1988-10-01,-3.3667256396086e-06,-3.3667256396086e-06,0
PPI_FINISHED_GOODS,pairwise,old_vs_new,PPIFGS,WPSFD49207,6,1988-11-01,0.00182313012144952,0.00182313012144952,0
PPI_FINISHED_GOODS,pairwise,old_vs_new,PPIFGS,WPSFD49207,6,1988-12-01,-1.33199246095117e-05,-1.33199246095117e-05,0
PPI_FINISHED_GOODS,pairwise,old_vs_new,PPIFGS,WPSFD49207,6,1989-01-01,0.00630733957466667,0.00630733957466667,0
PPI_FINISHED_GOODS,pairwise,old_vs_new,PPIFGS,WPSFD49207,6,1989-02-01,-0.00277541218087229,-0.00277541218087229,0
PPI_FINISHED_GOODS,pairwise,old_vs_new,PPIFGS,WPSFD49207,6,1989-03-01,-0.00360667224577771,-0.00360667224577771,0
PPI_FINISHED_GOODS,pairwise,old_vs_new,PPIFGS,WPSFD49207,6,1989-04-01,0.00353027495115921,0.00353027495115921,0
PPI_FINISHED_GOODS,pairwise,old_vs_new,PPIFGS,WPSFD49207,6,1989-05-01,0.000827543894743599,0.000827543894743599,0
PPI_FINISHED_GOODS,pairwise,old_vs_new,PPIFGS,WPSFD49207,6,1989-06-01,-0.00792606527242068,-0.00792606527242068,0
PPI_FINISHED_GOODS,pairwise,old_vs_new,PPIFGS,WPSFD49207,6,1989-07-01,-0.00175592670226532,-0.00175592670226532,0
PPI_FINISHED_GOODS,pairwise,old_vs_new,PPIFGS,WPSFD49207,6,1989-08-01,-0.00176520369631294,-0.00176520369631294,0
PPI_FINISHED_GOODS,pairwise,old_vs_new,PPIFGS,WPSFD49207,6,1989-09-01,0.00879818749942185,0.00879818749942185,0
PPI_FINISHED_GOODS,pairwise,old_vs_new,PPIFGS,WPSFD49207,6,1989-10-01,-2.77012146998601e-05,-2.77012146998601e-05,0
PPI_FINISHED_GOODS,pairwise,old_vs_new,PPIFGS,WPSFD49207,6,1989-11-01,-0.00350567628131682,-0.00350567628131682,0
PPI_FINISHED_GOODS,pairwise,old_vs_new,PPIFGS,WPSFD49207,6,1989-12-01,0.00433536647155464,0.00433536647155464,0
PPI_FINISHED_GOODS,pairwise,old_vs_new,PPIFGS,WPSFD49207,6,1990-01-01,0.012789438228002,0.012789438228002,0
PPI_FINISHED_GOODS,pairwise,old_vs_new,PPIFGS,WPSFD49207,6,1990-02-01,-0.0197184631060887,-0.0197184631060887,0
PPI_FINISHED_GOODS,pairwise,old_vs_new,PPIFGS,WPSFD49207,6,1990-03-01,-7.23078607656191e-07,-7.23078607656191e-07,0
PPI_FINISHED_GOODS,pairwise,old_vs_new,PPIFGS,WPSFD49207,6,1990-04-01,-7.24309904498455e-07,-7.24309904498455e-07,0
PPI_FINISHED_GOODS,pairwise,old_vs_new,PPIFGS,WPSFD49207,6,1990-05-01,0.00170285238043455,0.00170285238043455,0
PPI_FINISHED_GOODS,pairwise,old_vs_new,PPIFGS,WPSFD49207,6,1990-06-01,-7.24309904498455e-07,-7.24309904498455e-07,0
PPI_FINISHED_GOODS,pairwise,old_vs_new,PPIFGS,WPSFD49207,6,1990-07-01,0.00169707019848619,0.00169707019848619,0
PPI_FINISHED_GOODS,pairwise,old_vs_new,PPIFGS,WPSFD49207,6,1990-08-01,0.00841817500912523,0.00841817500912523,0
PPI_FINISHED_GOODS,pairwise,old_vs_new,PPIFGS,WPSFD49207,6,1990-09-01,0.00153942638431204,0.00153942638431204,0
PPI_FINISHED_GOODS,pairwise,old_vs_new,PPIFGS,WPSFD49207,6,1990-10-01,-0.00261246508849577,-0.00261246508849577,0
PPI_FINISHED_GOODS,pairwise,old_vs_new,PPIFGS,WPSFD49207,6,1990-11-01,-0.00416692136885555,-0.00416692136885555,0
PPI_FINISHED_GOODS,pairwise,old_vs_new,PPIFGS,WPSFD49207,6,1990-12-01,-0.0106319657837393,-0.0106319657837393,0
PPI_FINISHED_GOODS,pairwise,old_vs_new,PPIFGS,WPSFD49207,6,1991-01-01,0.00981195753770869,0.00981195753770869,0
PPI_FINISHED_GOODS,pairwise,old_vs_new,PPIFGS,WPSFD49207,6,1991-02-01,-0.0114526469951688,-0.0114526469951688,0
PPI_FINISHED_GOODS,pairwise,old_vs_new,PPIFGS,WPSFD49207,6,1991-03-01,0.00243312890052216,0.00243312890052216,0
PPI_FINISHED_GOODS,pairwise,old_vs_new,PPIFGS,WPSFD49207,6,1991-04-01,0.00411353932579228,0.00411353932579228,0
PPI_FINISHED_GOODS,pairwise,old_vs_new,PPIFGS,WPSFD49207,6,1991-05-01,0.00247015358206237,0.00247015358206237,0
PPI_FINISHED_GOODS,pairwise,old_vs_new,PPIFGS,WPSFD49207,6,1991-06-01,-0.00411624448873127,-0.00411624448873127,0
PPI_FINISHED_GOODS,pairwise,old_vs_new,PPIFGS,WPSFD49207,6,1991-07-01,-0.000828137159682107,-0.000828137159682107,0
PPI_FINISHED_GOODS,pairwise,old_vs_new,PPIFGS,WPSFD49207,6,1991-08-01,0.00412439345730853,0.00412439345730853,0
PPI_FINISHED_GOODS,pairwise,old_vs_new,PPIFGS,WPSFD49207,6,1991-09-01,-2.7185603590496e-06,-2.7185603590496e-06,0
PPI_FINISHED_GOODS,pairwise,old_vs_new,PPIFGS,WPSFD49207,6,1991-10-01,0.00163932687602486,0.00163932687602486,0
PPI_FINISHED_GOODS,pairwise,old_vs_new,PPIFGS,WPSFD49207,6,1991-11-01,0.000806559884376057,0.000806559884376057,0
PPI_FINISHED_GOODS,pairwise,old_vs_new,PPIFGS,WPSFD49207,6,1991-12-01,-0.00491066097609849,-0.00491066097609849,0
PPI_FINISHED_GOODS,pairwise,old_vs_new,PPIFGS,WPSFD49207,6,1992-01-01,-0.00163867057477063,-0.00163867057477063,0
PPI_FINISHED_GOODS,pairwise,old_vs_new,PPIFGS,WPSFD49207,6,1992-02-01,0.00491199591973945,0.00491199591973945,0
PPI_FINISHED_GOODS,pairwise,old_vs_new,PPIFGS,WPSFD49207,6,1992-03-01,-0.00163867057477063,-0.00163867057477063,0
PPI_FINISHED_GOODS,pairwise,old_vs_new,PPIFGS,WPSFD49207,6,1992-04-01,-6.67478542659694e-07,-6.67478542659694e-07,0
PPI_FINISHED_GOODS,pairwise,old_vs_new,PPIFGS,WPSFD49207,6,1992-05-01,0.00244332668065095,0.00244332668065095,0
PPI_FINISHED_GOODS,pairwise,old_vs_new,PPIFGS,WPSFD49207,6,1992-06-01,0.000800108312090764,0.000800108312090764,0
PPI_FINISHED_GOODS,pairwise,old_vs_new,PPIFGS,WPSFD49207,6,1992-07-01,-0.00487079620028741,-0.00487079620028741,0
PPI_FINISHED_GOODS,pairwise,old_vs_new,PPIFGS,WPSFD49207,6,1992-08-01,0.00162140260197852,0.00162140260197852,0
PPI_FINISHED_GOODS,pairwise,old_vs_new,PPIFGS,WPSFD49207,6,1992-09-01,0.00161746662616569,0.00161746662616569,0
PPI_FINISHED_GOODS,pairwise,old_vs_new,PPIFGS,WPSFD49207,6,1992-10-01,0.00160572217378085,0.00160572217378085,0
PPI_FINISHED_GOODS,pairwise,old_vs_new,PPIFGS,WPSFD49207,6,1992-11-01,-0.00483936738975288,-0.00483936738975288,0
PPI_FINISHED_GOODS,pairwise,old_vs_new,PPIFGS,WPSFD49207,6,1992-12-01,0.00161095457763416,0.00161095457763416,0
PPI_FINISHED_GOODS,pairwise,old_vs_new,PPIFGS,WPSFD49207,6,1993-01-01,0.000803533516883448,0.000803533516883448,0
PPI_FINISHED_GOODS,pairwise,old_vs_new,PPIFGS,WPSFD49207,6,1993-02-01,0.000799661575211275,0.000799661575211275,0
PPI_FINISHED_GOODS,pairwise,old_vs_new,PPIFGS,WPSFD49207,6,1993-03-01,-5.78776460091746e-06,-5.78776460091746e-06,0
PPI_FINISHED_GOODS,pairwise,old_vs_new,PPIFGS,WPSFD49207,6,1993-04-01,0.00318149367758913,0.00318149367758913,0
PPI_FINISHED_GOODS,pairwise,old_vs_new,PPIFGS,WPSFD49207,6,1993-05-01,-0.00558437829390002,-0.00558437829390002,0
PPI_FINISHED_GOODS,pairwise,old_vs_new,PPIFGS,WPSFD49207,6,1993-06-01,-0.0039856569302037,-0.0039856569302037,0
PPI_FINISHED_GOODS,pairwise,old_vs_new,PPIFGS,WPSFD49207,6,1993-07-01,0.00318661573707146,0.00318661573707146,0
PPI_FINISHED_GOODS,pairwise,old_vs_new,PPIFGS,WPSFD49207,6,1993-08-01,-0.00883958764463699,-0.00883958764463699,0
PPI_FINISHED_GOODS,pairwise,old_vs_new,PPIFGS,WPSFD49207,6,1993-09-01,0.0112515324132341,0.0112515324132341,0
PPI_FINISHED_GOODS,pairwise,old_vs_new,PPIFGS,WPSFD49207,6,1993-10-01,-0.000807426286647761,-0.000807426286647761,0
PPI_FINISHED_GOODS,pairwise,old_vs_new,PPIFGS,WPSFD49207,6,1993-11-01,0.000803533516883448,0.000803533516883448,0
PPI_FINISHED_GOODS,pairwise,old_vs_new,PPIFGS,WPSFD49207,6,1993-12-01,-0.00160901080570053,-0.00160901080570053,0
PPI_FINISHED_GOODS,pairwise,old_vs_new,PPIFGS,WPSFD49207,6,1994-01-01,0.00321027563024856,0.00321027563024856,0
PPI_FINISHED_GOODS,pairwise,old_vs_new,PPIFGS,WPSFD49207,6,1994-02-01,-0.00160899426327443,-0.00160899426327443,0
PPI_FINISHED_GOODS,pairwise,old_vs_new,PPIFGS,WPSFD49207,6,1994-03-01,-0.00080160119641004,-0.00080160119641004,0
PPI_FINISHED_GOODS,pairwise,old_vs_new,PPIFGS,WPSFD49207,6,1994-04-01,-0.000799680170564088,-0.000799680170564088,0
PPI_FINISHED_GOODS,pairwise,old_vs_new,PPIFGS,WPSFD49207,6,1994-05-01,0,0,0
PPI_FINISHED_GOODS,pairwise,old_vs_new,PPIFGS,WPSFD49207,6,1994-06-01,0.000799041193132233,0.000799041193132233,0
PPI_FINISHED_GOODS,pairwise,old_vs_new,PPIFGS,WPSFD49207,6,1994-07-01,0.00318661573707146,0.00318661573707146,0
PPI_FINISHED_GOODS,pairwise,old_vs_new,PPIFGS,WPSFD49207,6,1994-08-01,-1.58224192920997e-05,-1.58224192920997e-05,0
PPI_FINISHED_GOODS,pairwise,old_vs_new,PPIFGS,WPSFD49207,6,1994-09-01,-0.00634984356772339,-0.00634984356772339,0
PPI_FINISHED_GOODS,pairwise,old_vs_new,PPIFGS,WPSFD49207,6,1994-10-01,-0.000802173421650565,-0.000802173421650565,0
PPI_FINISHED_GOODS,pairwise,old_vs_new,PPIFGS,WPSFD49207,6,1994-11-01,0.00795166687749749,0.00795166687749749,0
PPI_FINISHED_GOODS,pairwise,old_vs_new,PPIFGS,WPSFD49207,6,1994-12-01,-0.000812217659833081,-0.000812217659833081,0
PPI_FINISHED_GOODS,pairwise,old_vs_new,PPIFGS,WPSFD49207,6,1995-01-01,-0.00159040172893654,-0.00159040172893654,0
PPI_FINISHED_GOODS,pairwise,old_vs_new,PPIFGS,WPSFD49207,6,1995-02-01,-5.58882458534526e-06,-5.58882458534526e-06,0
PPI_FINISHED_GOODS,pairwise,old_vs_new,PPIFGS,WPSFD49207,6,1995-03-01,-0.000790183953639279,-0.000790183953639279,0
PPI_FINISHED_GOODS,pairwise,old_vs_new,PPIFGS,WPSFD49207,6,1995-04-01,0.000780927668389886,0.000780927668389886,0
PPI_FINISHED_GOODS,pairwise,old_vs_new,PPIFGS,WPSFD49207,6,1995-05-01,-0.00156924099549016,-0.00156924099549016,0
PPI_FINISHED_GOODS,pairwise,old_vs_new,PPIFGS,WPSFD49207,6,1995-06-01,-0.000782778904940606,-0.000782778904940606,0
PPI_FINISHED_GOODS,pairwise,old_vs_new,PPIFGS,WPSFD49207,6,1995-07-01,0.00156372197618282,0.00156372197618282,0
PPI_FINISHED_GOODS,pairwise,old_vs_new,PPIFGS,WPSFD49207,6,1995-08-01,-0.00234527731100265,-0.00234527731100265,0
PPI_FINISHED_GOODS,pairwise,old_vs_new,PPIFGS,WPSFD49207,6,1995-09-01,0.00234405565271167,0.00234405565271167,0
PPI_FINISHED_GOODS,pairwise,old_vs_new,PPIFGS,WPSFD49207,6,1995-10-01,0.000776682035279919,0.000776682035279919,0
PPI_FINISHED_GOODS,pairwise,old_vs_new,PPIFGS,WPSFD49207,6,1995-11-01,-5.45900695136936e-06,-5.45900695136936e-06,0
PPI_FINISHED_GOODS,pairwise,old_vs_new,PPIFGS,WPSFD49207,6,1995-12-01,0.00231744782951004,0.00231744782951004,0
PPI_FINISHED_GOODS,pairwise,old_vs_new,PPIFGS,WPSFD49207,6,1996-01-01,-0.00156236563114387,-0.00156236563114387,0
PPI_FINISHED_GOODS,pairwise,old_vs_new,PPIFGS,WPSFD49207,6,1996-02-01,-0.00308880554458657,-0.00308880554458657,0
PPI_FINISHED_GOODS,pairwise,old_vs_new,PPIFGS,WPSFD49207,6,1996-03-01,0.00614913544035023,0.00614913544035023,0
PPI_FINISHED_GOODS,pairwise,old_vs_new,PPIFGS,WPSFD49207,6,1996-04-01,-0.00308868928724415,-0.00308868928724415,0
PPI_FINISHED_GOODS,pairwise,old_vs_new,PPIFGS,WPSFD49207,6,1996-05-01,-0.00306044615310608,-0.00306044615310608,0
PPI_FINISHED_GOODS,pairwise,old_vs_new,PPIFGS,WPSFD49207,6,1996-06-01,0.00305110839289657,0.00305110839289657,0
PPI_FINISHED_GOODS,pairwise,old_vs_new,PPIFGS,WPSFD49207,6,1996-07-01,-0.00381301319165939,-0.00381301319165939,0
PPI_FINISHED_GOODS,pairwise,old_vs_new,PPIFGS,WPSFD49207,6,1996-08-01,0.00380604717999145,0.00380604717999145,0
PPI_FINISHED_GOODS,pairwise,old_vs_new,PPIFGS,WPSFD49207,6,1996-09-01,-0.0022845525232098,-0.0022845525232098,0
PPI_FINISHED_GOODS,pairwise,old_vs_new,PPIFGS,WPSFD49207,6,1996-10-01,0.00454144489565333,0.00454144489565333,0
PPI_FINISHED_GOODS,pairwise,old_vs_new,PPIFGS,WPSFD49207,6,1996-11-01,-0.0045460328303033,-0.0045460328303033,0
PPI_FINISHED_GOODS,pairwise,old_vs_new,PPIFGS,WPSFD49207,6,1996-12-01,0.00225931836955429,0.00225931836955429,0
PPI_FINISHED_GOODS,pairwise,old_vs_new,PPIFGS,WPSFD49207,6,1997-01-01,-0.0022621577903692,-0.0022621577903692,0
PPI_FINISHED_GOODS,pairwise,old_vs_new,PPIFGS,WPSFD49207,6,1997-02-01,-0.00301034938614553,-0.00301034938614553,0
PPI_FINISHED_GOODS,pairwise,old_vs_new,PPIFGS,WPSFD49207,6,1997-03-01,0.00150432329719141,0.00150432329719141,0
PPI_FINISHED_GOODS,pairwise,old_vs_new,PPIFGS,WPSFD49207,6,1997-04-01,-0.00529759209695513,-0.00529759209695513,0
PPI_FINISHED_GOODS,pairwise,old_vs_new,PPIFGS,WPSFD49207,6,1997-05-01,0.00377268523276797,0.00377268523276797,0
PPI_FINISHED_GOODS,pairwise,old_vs_new,PPIFGS,WPSFD49207,6,1997-06-01,0.000756700141518962,0.000756700141518962,0
PPI_FINISHED_GOODS,pairwise,old_vs_new,PPIFGS,WPSFD49207,6,1997-07-01,-0.0015290380838282,-0.0015290380838282,0
PPI_FINISHED_GOODS,pairwise,old_vs_new,PPIFGS,WPSFD49207,6,1997-08-01,0.00686354152755264,0.00686354152755264,0
PPI_FINISHED_GOODS,pairwise,old_vs_new,PPIFGS,WPSFD49207,6,1997-09-01,-0.00229152029394974,-0.00229152029394974,0
PPI_FINISHED_GOODS,pairwise,old_vs_new,PPIFGS,WPSFD49207,6,1997-10-01,0.000756127991345501,0.000756127991345501,0
PPI_FINISHED_GOODS,pairwise,old_vs_new,PPIFGS,WPSFD49207,6,1997-11-01,-0.00455408166410365,-0.00455408166410365,0
PPI_FINISHED_GOODS,pairwise,old_vs_new,PPIFGS,WPSFD49207,6,1997-12-01,0.000756127991345501,0.000756127991345501,0
PPI_FINISHED_GOODS,pairwise,old_vs_new,PPIFGS,WPSFD49207,6,1998-01-01,-0.00382057257962831,-0.00382057257962831,0
PPI_FINISHED_GOODS,pairwise,old_vs_new,PPIFGS,WPSFD49207,6,1998-02-01,0.00457608163248935,0.00457608163248935,0
PPI_FINISHED_GOODS,pairwise,old_vs_new,PPIFGS,WPSFD49207,6,1998-03-01,-5.86291736937028e-07,-5.86291736937028e-07,0
PPI_FINISHED_GOODS,pairwise,old_vs_new,PPIFGS,WPSFD49207,6,1998-04-01,0.00229738394700973,0.00229738394700973,0
PPI_FINISHED_GOODS,pairwise,old_vs_new,PPIFGS,WPSFD49207,6,1998-05-01,-0.00306278773485502,-0.00306278773485502,0
PPI_FINISHED_GOODS,pairwise,old_vs_new,PPIFGS,WPSFD49207,6,1998-06-01,0.000764816597231821,0.000764816597231821,0
PPI_FINISHED_GOODS,pairwise,old_vs_new,PPIFGS,WPSFD49207,6,1998-07-01,0.00306454840781889,0.00306454840781889,0
PPI_FINISHED_GOODS,pairwise,old_vs_new,PPIFGS,WPSFD49207,6,1998-08-01,-0.0045959422752464,-0.0045959422752464,0
PPI_FINISHED_GOODS,pairwise,old_vs_new,PPIFGS,WPSFD49207,6,1998-09-01,0.0022979711376232,0.0022979711376232,0
PPI_FINISHED_GOODS,pairwise,old_vs_new,PPIFGS,WPSFD49207,6,1998-10-01,0.00382702342330177,0.00382702342330177,0
PPI_FINISHED_GOODS,pairwise,old_vs_new,PPIFGS,WPSFD49207,6,1998-11-01,-0.00459125731605781,-0.00459125731605781,0
PPI_FINISHED_GOODS,pairwise,old_vs_new,PPIFGS,WPSFD49207,6,1998-12-01,0.00457957617840865,0.00457957617840865,0
PPI_FINISHED_GOODS,pairwise,old_vs_new,PPIFGS,WPSFD49207,6,1999-01-01,-0.000773514845167966,-0.000773514845167966,0
PPI_FINISHED_GOODS,pairwise,old_vs_new,PPIFGS,WPSFD49207,6,1999-02-01,-0.0068455596797321,-0.0068455596797321,0
PPI_FINISHED_GOODS,pairwise,old_vs_new,PPIFGS,WPSFD49207,6,1999-03-01,0.00608770734707864,0.00608770734707864,0
PPI_FINISHED_GOODS,pairwise,old_vs_new,PPIFGS,WPSFD49207,6,1999-04-01,0.00226838480262881,0.00226838480262881,0
PPI_FINISHED_GOODS,pairwise,old_vs_new,PPIFGS,WPSFD49207,6,1999-05-01,-0.00303950031782918,-0.00303950031782918,0
PPI_FINISHED_GOODS,pairwise,old_vs_new,PPIFGS,WPSFD49207,6,1999-06-01,-0.000757287210633173,-0.000757287210633173,0
PPI_FINISHED_GOODS,pairwise,old_vs_new,PPIFGS,WPSFD49207,6,1999-07-01,0.00150772545325673,0.00150772545325673,0
PPI_FINISHED_GOODS,pairwise,old_vs_new,PPIFGS,WPSFD49207,6,1999-08-01,0.00374723866688775,0.00374723866688775,0
PPI_FINISHED_GOODS,pairwise,old_vs_new,PPIFGS,WPSFD49207,6,1999-09-01,0.0014521846994473,0.0014521846994473,0
PPI_FINISHED_GOODS,pairwise,old_vs_new,PPIFGS,WPSFD49207,6,1999-10-01,-0.00820649215443403,-0.00820649215443403,0
PPI_FINISHED_GOODS,pairwise,old_vs_new,PPIFGS,WPSFD49207,6,1999-11-01,0.00445710607750538,0.00445710607750538,0
PPI_FINISHED_GOODS,pairwise,old_vs_new,PPIFGS,WPSFD49207,6,1999-12-01,-0.00149193472950682,-0.00149193472950682,0
PPI_FINISHED_GOODS,pairwise,old_vs_new,PPIFGS,WPSFD49207,6,2000-01-01,-0.00222140039515395,-0.00222140039515395,0
PPI_FINISHED_GOODS,pairwise,old_vs_new,PPIFGS,WPSFD49207,6,2000-02-01,0.0103017835278258,0.0103017835278258,0
PPI_FINISHED_GOODS,pairwise,old_vs_new,PPIFGS,WPSFD49207,6,2000-03-01,-0.00519041789059038,-0.00519041789059038,0
PPI_FINISHED_GOODS,pairwise,old_vs_new,PPIFGS,WPSFD49207,6,2000-04-01,-0.00802894611675686,-0.00802894611675686,0
PPI_FINISHED_GOODS,pairwise,old_vs_new,PPIFGS,WPSFD49207,6,2000-05-01,0.00364777401324279,0.00364777401324279,0
PPI_FINISHED_GOODS,pairwise,old_vs_new,PPIFGS,WPSFD49207,6,2000-06-01,0.00726694105340009,0.00726694105340009,0
PPI_FINISHED_GOODS,pairwise,old_vs_new,PPIFGS,WPSFD49207,6,2000-07-01,-0.00727328366879831,-0.00727328366879831,0
PPI_FINISHED_GOODS,pairwise,old_vs_new,PPIFGS,WPSFD49207,6,2000-08-01,-0.00289697745263684,-0.00289697745263684,0
PPI_FINISHED_GOODS,pairwise,old_vs_new,PPIFGS,WPSFD49207,6,2000-09-01,0.0101182748657491,0.0101182748657491,0
PPI_FINISHED_GOODS,pairwise,old_vs_new,PPIFGS,WPSFD49207,6,2000-10-01,-0.00435448020070694,-0.00435448020070694,0
PPI_FINISHED_GOODS,pairwise,old_vs_new,PPIFGS,WPSFD49207,6,2000-11-01,0.00141470520834108,0.00141470520834108,0
PPI_FINISHED_GOODS,pairwise,old_vs_new,PPIFGS,WPSFD49207,6,2000-12-01,-0.00286785916575827,-0.00286785916575827,0
PPI_FINISHED_GOODS,pairwise,old_vs_new,PPIFGS,WPSFD49207,6,2001-01-01,0.00636714374952252,0.00636714374952252,0
PPI_FINISHED_GOODS,pairwise,old_vs_new,PPIFGS,WPSFD49207,6,2001-02-01,-0.00709422045347186,-0.00709422045347186,0
PPI_FINISHED_GOODS,pairwise,old_vs_new,PPIFGS,WPSFD49207,6,2001-03-01,-0.00635569657621726,-0.00635569657621726,0
PPI_FINISHED_GOODS,pairwise,old_vs_new,PPIFGS,WPSFD49207,6,2001-04-01,0.0105949916489747,0.0105949916489747,0
PPI_FINISHED_GOODS,pairwise,old_vs_new,PPIFGS,WPSFD49207,6,2001-05-01,-0.00353928504757395,-0.00353928504757395,0
PPI_FINISHED_GOODS,pairwise,old_vs_new,PPIFGS,WPSFD49207,6,2001-06-01,-0.00563033849232486,-0.00563033849232486,0
PPI_FINISHED_GOODS,pairwise,old_vs_new,PPIFGS,WPSFD49207,6,2001-07-01,-0.00854126975728597,-0.00854126975728597,0
PPI_FINISHED_GOODS,pairwise,old_vs_new,PPIFGS,WPSFD49207,6,2001-08-01,0.0163346715324471,0.0163346715324471,0
PPI_FINISHED_GOODS,pairwise,old_vs_new,PPIFGS,WPSFD49207,6,2001-09-01,-1.8185207243171e-05,-1.8185207243171e-05,0
PPI_FINISHED_GOODS,pairwise,old_vs_new,PPIFGS,WPSFD49207,6,2001-10-01,-0.0206666821299288,-0.0206666821299288,0
PPI_FINISHED_GOODS,pairwise,old_vs_new,PPIFGS,WPSFD49207,6,2001-11-01,0.012807749056492,0.012807749056492,0
PPI_FINISHED_GOODS,pairwise,old_vs_new,PPIFGS,WPSFD49207,6,2001-12-01,-1.30329668897033e-05,-1.30329668897033e-05,0
PPI_FINISHED_GOODS,pairwise,old_vs_new,PPIFGS,WPSFD49207,6,2002-01-01,0.00144036104759238,0.00144036104759238,0
PPI_FINISHED_GOODS,pairwise,old_vs_new,PPIFGS,WPSFD49207,6,2002-02-01,0.00435255884519137,0.00435255884519137,0
PPI_FINISHED_GOODS,pairwise,old_vs_new,PPIFGS,WPSFD49207,6,2002-03-01,0.00360408349290342,0.00360408349290342,0
PPI_FINISHED_GOODS,pairwise,old_vs_new,PPIFGS,WPSFD49207,6,2002-04-01,-0.00650108366741708,-0.00650108366741708,0
PPI_FINISHED_GOODS,pairwise,old_vs_new,PPIFGS,WPSFD49207,6,2002-05-01,-0.00144456338529864,-0.00144456338529864,0
PPI_FINISHED_GOODS,pairwise,old_vs_new,PPIFGS,WPSFD49207,6,2002-06-01,0.00505128902635121,0.00505128902635121,0
PPI_FINISHED_GOODS,pairwise,old_vs_new,PPIFGS,WPSFD49207,6,2002-07-01,-0.00432796620603604,-0.00432796620603604,0
PPI_FINISHED_GOODS,pairwise,old_vs_new,PPIFGS,WPSFD49207,6,2002-08-01,0.0021632018818849,0.0021632018818849,0
PPI_FINISHED_GOODS,pairwise,old_vs_new,PPIFGS,WPSFD49207,6,2002-09-01,0.00287718001454973,0.00287718001454973,0
PPI_FINISHED_GOODS,pairwise,old_vs_new,PPIFGS,WPSFD49207,6,2002-10-01,0.00213225412945128,0.00213225412945128,0
PPI_FINISHED_GOODS,pairwise,old_vs_new,PPIFGS,WPSFD49207,6,2002-11-01,-0.00573067470898447,-0.00573067470898447,0
PPI_FINISHED_GOODS,pairwise,old_vs_new,PPIFGS,WPSFD49207,6,2002-12-01,-0.0021451563463879,-0.0021451563463879,0
PPI_FINISHED_GOODS,pairwise,old_vs_new,PPIFGS,WPSFD49207,6,2003-01-01,0.0121167489422405,0.0121167489422405,0
PPI_FINISHED_GOODS,pairwise,old_vs_new,PPIFGS,WPSFD49207,6,2003-02-01,0.00130407302816948,0.00130407302816948,0
PPI_FINISHED_GOODS,pairwise,old_vs_new,PPIFGS,WPSFD49207,6,2003-03-01,-0.00220689053081191,-0.00220689053081191,0
PPI_FINISHED_GOODS,pairwise,old_vs_new,PPIFGS,WPSFD49207,6,2003-04-01,-0.0216475573000707,-0.0216475573000707,0
PPI_FINISHED_GOODS,pairwise,old_vs_new,PPIFGS,WPSFD49207,6,2003-05-01,0.0104668490037172,0.0104668490037172,0
PPI_FINISHED_GOODS,pairwise,old_vs_new,PPIFGS,WPSFD49207,6,2003-06-01,0.00773387351993726,0.00773387351993726,0
PPI_FINISHED_GOODS,pairwise,old_vs_new,PPIFGS,WPSFD49207,6,2003-07-01,-0.00492141489409992,-0.00492141489409992,0
PPI_FINISHED_GOODS,pairwise,old_vs_new,PPIFGS,WPSFD49207,6,2003-08-01,0.00558221775680057,0.00558221775680057,0
PPI_FINISHED_GOODS,pairwise,old_vs_new,PPIFGS,WPSFD49207,6,2003-09-01,-0.00419723668847283,-0.00419723668847283,0
PPI_FINISHED_GOODS,pairwise,old_vs_new,PPIFGS,WPSFD49207,6,2003-10-01,0.00345467388459397,0.00345467388459397,0
PPI_FINISHED_GOODS,pairwise,old_vs_new,PPIFGS,WPSFD49207,6,2003-11-01,-0.00692235060256774,-0.00692235060256774,0
PPI_FINISHED_GOODS,pairwise,old_vs_new,PPIFGS,WPSFD49207,6,2003-12-01,0.00483402039242975,0.00483402039242975,0
PPI_FINISHED_GOODS,pairwise,old_vs_new,PPIFGS,WPSFD49207,6,2004-01-01,0.00204644547312061,0.00204644547312061,0
PPI_FINISHED_GOODS,pairwise,old_vs_new,PPIFGS,WPSFD49207,6,2004-02-01,-0.00618393159278074,-0.00618393159278074,0
PPI_FINISHED_GOODS,pairwise,old_vs_new,PPIFGS,WPSFD49207,6,2004-03-01,0.00342536369530322,0.00342536369530322,0
PPI_FINISHED_GOODS,pairwise,old_vs_new,PPIFGS,WPSFD49207,6,2004-04-01,0.00407693123797692,0.00407693123797692,0
PPI_FINISHED_GOODS,pairwise,old_vs_new,PPIFGS,WPSFD49207,6,2004-05-01,0.00130246545940604,0.00130246545940604,0
PPI_FINISHED_GOODS,pairwise,old_vs_new,PPIFGS,WPSFD49207,6,2004-06-01,-0.00811912443850371,-0.00811912443850371,0
PPI_FINISHED_GOODS,pairwise,old_vs_new,PPIFGS,WPSFD49207,6,2004-07-01,-0.00134861787129381,-0.00134861787129381,0
PPI_FINISHED_GOODS,pairwise,old_vs_new,PPIFGS,WPSFD49207,6,2004-08-01,0.00404403729296643,0.00404403729296643,0
PPI_FINISHED_GOODS,pairwise,old_vs_new,PPIFGS,WPSFD49207,6,2004-09-01,-0.00135042930633933,-0.00135042930633933,0
PPI_FINISHED_GOODS,pairwise,old_vs_new,PPIFGS,WPSFD49207,6,2004-10-01,0.0146553512311076,0.0146553512311076,0
PPI_FINISHED_GOODS,pairwise,old_vs_new,PPIFGS,WPSFD49207,6,2004-11-01,-0.0100656058266271,-0.0100656058266271,0
PPI_FINISHED_GOODS,pairwise,old_vs_new,PPIFGS,WPSFD49207,6,2004-12-01,-0.0105475937817117,-0.0105475937817117,0
PPI_FINISHED_GOODS,pairwise,old_vs_new,PPIFGS,WPSFD49207,6,2005-01-01,0.00790992686027625,0.00790992686027625,0
PPI_FINISHED_GOODS,pairwise,old_vs_new,PPIFGS,WPSFD49207,6,2005-02-01,0.0019557340244809,0.0019557340244809,0
PPI_FINISHED_GOODS,pairwise,old_vs_new,PPIFGS,WPSFD49207,6,2005-03-01,0.00127463569710429,0.00127463569710429,0
PPI_FINISHED_GOODS,pairwise,old_vs_new,PPIFGS,WPSFD49207,6,2005-04-01,-0.00327962773528512,-0.00327962773528512,0
PPI_FINISHED_GOODS,pairwise,old_vs_new,PPIFGS,WPSFD49207,6,2005-05-01,-0.0051952308690737,-0.0051952308690737,0
PPI_FINISHED_GOODS,pairwise,old_vs_new,PPIFGS,WPSFD49207,6,2005-06-01,0.00194742028439521,0.00194742028439521,0
PPI_FINISHED_GOODS,pairwise,old_vs_new,PPIFGS,WPSFD49207,6,2005-07-01,0.00712207607441329,0.00712207607441329,0
PPI_FINISHED_GOODS,pairwise,old_vs_new,PPIFGS,WPSFD49207,6,2005-08-01,0.00123004443377095,0.00123004443377095,0
PPI_FINISHED_GOODS,pairwise,old_vs_new,PPIFGS,WPSFD49207,6,2005-09-01,0.00751619087742039,0.00751619087742039,0
PPI_FINISHED_GOODS,pairwise,old_vs_new,PPIFGS,WPSFD49207,6,2005-10-01,-0.00521991762856988,-0.00521991762856988,0
PPI_FINISHED_GOODS,pairwise,old_vs_new,PPIFGS,WPSFD49207,6,2005-11-01,-0.0219267087947417,-0.0219267087947417,0
PPI_FINISHED_GOODS,pairwise,old_vs_new,PPIFGS,WPSFD49207,6,2005-12-01,0.0169333725210521,0.0169333725210521,0
PPI_FINISHED_GOODS,pairwise,old_vs_new,PPIFGS,WPSFD49207,6,2006-01-01,-3.17999289833892e-05,-3.17999289833892e-05,0
PPI_FINISHED_GOODS,pairwise,old_vs_new,PPIFGS,WPSFD49207,6,2006-02-01,-0.0169015725920687,-0.0169015725920687,0
PPI_FINISHED_GOODS,pairwise,old_vs_new,PPIFGS,WPSFD49207,6,2006-03-01,0.0150519044213464,0.0150519044213464,0
PPI_FINISHED_GOODS,pairwise,old_vs_new,PPIFGS,WPSFD49207,6,2006-04-01,0.00435399521301871,0.00435399521301871,0
PPI_FINISHED_GOODS,pairwise,old_vs_new,PPIFGS,WPSFD49207,6,2006-05-01,-0.00812758459665819,-0.00812758459665819,0
PPI_FINISHED_GOODS,pairwise,old_vs_new,PPIFGS,WPSFD49207,6,2006-06-01,0.00496895432318745,0.00496895432318745,0
PPI_FINISHED_GOODS,pairwise,old_vs_new,PPIFGS,WPSFD49207,6,2006-07-01,-0.00745034517457288,-0.00745034517457288,0
PPI_FINISHED_GOODS,pairwise,old_vs_new,PPIFGS,WPSFD49207,6,2006-08-01,0.0092904546085526,0.0092904546085526,0
PPI_FINISHED_GOODS,pairwise,old_vs_new,PPIFGS,WPSFD49207,6,2006-09-01,-0.0185994578645383,-0.0185994578645383,0
PPI_FINISHED_GOODS,pairwise,old_vs_new,PPIFGS,WPSFD49207,6,2006-10-01,0.00238298700547546,0.00238298700547546,0
PPI_FINISHED_GOODS,pairwise,old_vs_new,PPIFGS,WPSFD49207,6,2006-11-01,0.0175655948033588,0.0175655948033588,0
PPI_FINISHED_GOODS,pairwise,old_vs_new,PPIFGS,WPSFD49207,6,2006-12-01,-0.00130671275236072,-0.00130671275236072,0
PPI_FINISHED_GOODS,pairwise,old_vs_new,PPIFGS,WPSFD49207,6,2007-01-01,-0.00809371113369384,-0.00809371113369384,0
PPI_FINISHED_GOODS,pairwise,old_vs_new,PPIFGS,WPSFD49207,6,2007-02-01,0.0123671964112457,0.0123671964112457,0
PPI_FINISHED_GOODS,pairwise,old_vs_new,PPIFGS,WPSFD49207,6,2007-03-01,-0.00255697635560104,-0.00255697635560104,0
PPI_FINISHED_GOODS,pairwise,old_vs_new,PPIFGS,WPSFD49207,6,2007-04-01,-0.00128197714011957,-0.00128197714011957,0
PPI_FINISHED_GOODS,pairwise,old_vs_new,PPIFGS,WPSFD49207,6,2007-05-01,-0.00306022320136901,-0.00306022320136901,0
PPI_FINISHED_GOODS,pairwise,old_vs_new,PPIFGS,WPSFD49207,6,2007-06-01,-0.00362355526685931,-0.00362355526685931,0
PPI_FINISHED_GOODS,pairwise,old_vs_new,PPIFGS,WPSFD49207,6,2007-07-01,0.00599845576864677,0.00599845576864677,0
PPI_FINISHED_GOODS,pairwise,old_vs_new,PPIFGS,WPSFD49207,6,2007-08-01,-0.0138035963254097,-0.0138035963254097,0
PPI_FINISHED_GOODS,pairwise,old_vs_new,PPIFGS,WPSFD49207,6,2007-09-01,0.0167953119854962,0.0167953119854962,0
PPI_FINISHED_GOODS,pairwise,old_vs_new,PPIFGS,WPSFD49207,6,2007-10-01,0.000499701399668595,0.000499701399668595,0
PPI_FINISHED_GOODS,pairwise,old_vs_new,PPIFGS,WPSFD49207,6,2007-11-01,0.00805296799939637,0.00805296799939637,0
PPI_FINISHED_GOODS,pairwise,old_vs_new,PPIFGS,WPSFD49207,6,2007-12-01,-0.0222136594166669,-0.0222136594166669,0
PPI_FINISHED_GOODS,pairwise,old_vs_new,PPIFGS,WPSFD49207,6,2008-01-01,0.0133440191442942,0.0133440191442942,0
PPI_FINISHED_GOODS,pairwise,old_vs_new,PPIFGS,WPSFD49207,6,2008-02-01,-0.00581920417945447,-0.00581920417945447,0
PPI_FINISHED_GOODS,pairwise,old_vs_new,PPIFGS,WPSFD49207,6,2008-03-01,0.00513243393916873,0.00513243393916873,0
PPI_FINISHED_GOODS,pairwise,old_vs_new,PPIFGS,WPSFD49207,6,2008-04-01,-0.00574208677241561,-0.00574208677241561,0
PPI_FINISHED_GOODS,pairwise,old_vs_new,PPIFGS,WPSFD49207,6,2008-05-01,0.0112659965969675,0.0112659965969675,0
PPI_FINISHED_GOODS,pairwise,old_vs_new,PPIFGS,WPSFD49207,6,2008-06-01,0.00146060506057299,0.00146060506057299,0
PPI_FINISHED_GOODS,pairwise,old_vs_new,PPIFGS,WPSFD49207,6,2008-07-01,-0.0035050072494851,-0.0035050072494851,0
PPI_FINISHED_GOODS,pairwise,old_vs_new,PPIFGS,WPSFD49207,6,2008-08-01,-0.0197310389590539,-0.0197310389590539,0
PPI_FINISHED_GOODS,pairwise,old_vs_new,PPIFGS,WPSFD49207,6,2008-09-01,0.0115016490527351,0.0115016490527351,0
PPI_FINISHED_GOODS,pairwise,old_vs_new,PPIFGS,WPSFD49207,6,2008-10-01,-0.0282167148220323,-0.0282167148220323,0
PPI_FINISHED_GOODS,pairwise,old_vs_new,PPIFGS,WPSFD49207,6,2008-11-01,-0.00637619366498399,-0.00637619366498399,0
PPI_FINISHED_GOODS,pairwise,old_vs_new,PPIFGS,WPSFD49207,6,2008-12-01,0.0120729117307858,0.0120729117307858,0
PPI_FINISHED_GOODS,pairwise,old_vs_new,PPIFGS,WPSFD49207,6,2009-01-01,0.0251423295633533,0.0251423295633533,0
PPI_FINISHED_GOODS,pairwise,old_vs_new,PPIFGS,WPSFD49207,6,2009-02-01,-0.00763275541117991,-0.00763275541117991,0
PPI_FINISHED_GOODS,pairwise,old_vs_new,PPIFGS,WPSFD49207,6,2009-03-01,-0.00765973285615296,-0.00765973285615296,0
PPI_FINISHED_GOODS,pairwise,old_vs_new,PPIFGS,WPSFD49207,6,2009-04-01,0.0141395602987711,0.0141395602987711,0
PPI_FINISHED_GOODS,pairwise,old_vs_new,PPIFGS,WPSFD49207,6,2009-05-01,-0.00354503052734678,-0.00354503052734678,0
PPI_FINISHED_GOODS,pairwise,old_vs_new,PPIFGS,WPSFD49207,6,2009-06-01,0.016852861099891,0.016852861099891,0
PPI_FINISHED_GOODS,pairwise,old_vs_new,PPIFGS,WPSFD49207,6,2009-07-01,-0.0302103444991904,-0.0302103444991904,0
PPI_FINISHED_GOODS,pairwise,old_vs_new,PPIFGS,WPSFD49207,6,2009-08-01,0.0254914875351613,0.0254914875351613,0
PPI_FINISHED_GOODS,pairwise,old_vs_new,PPIFGS,WPSFD49207,6,2009-09-01,-0.0161999767275658,-0.0161999767275658,0
PPI_FINISHED_GOODS,pairwise,old_vs_new,PPIFGS,WPSFD49207,6,2009-10-01,0.00690317511238447,0.00690317511238447,0
PPI_FINISHED_GOODS,pairwise,old_vs_new,PPIFGS,WPSFD49207,6,2009-11-01,0.00850898250482324,0.00850898250482324,0
PPI_FINISHED_GOODS,pairwise,old_vs_new,PPIFGS,WPSFD49207,6,2009-12-01,-0.0102820790249556,-0.0102820790249556,0
PPI_FINISHED_GOODS,pairwise,old_vs_new,PPIFGS,WPSFD49207,6,2010-01-01,0.00728518910695719,0.00728518910695719,0
PPI_FINISHED_GOODS,pairwise,old_vs_new,PPIFGS,WPSFD49207,6,2010-02-01,-0.0168427010799537,-0.0168427010799537,0
PPI_FINISHED_GOODS,pairwise,old_vs_new,PPIFGS,WPSFD49207,6,2010-03-01,0.0134605107081356,0.0134605107081356,0
PPI_FINISHED_GOODS,pairwise,old_vs_new,PPIFGS,WPSFD49207,6,2010-04-01,-0.00673025535406779,-0.00673025535406779,0
PPI_FINISHED_GOODS,pairwise,old_vs_new,PPIFGS,WPSFD49207,6,2010-05-01,0,0,0
PPI_FINISHED_GOODS,pairwise,old_vs_new,PPIFGS,WPSFD49207,6,2010-06-01,-0.00335946564557865,-0.00335946564557865,0
PPI_FINISHED_GOODS,pairwise,old_vs_new,PPIFGS,WPSFD49207,6,2010-07-01,0.00448054199617687,0.00448054199617687,0
PPI_FINISHED_GOODS,pairwise,old_vs_new,PPIFGS,WPSFD49207,6,2010-08-01,0.00390827205440392,0.00446553035804165,0.000557258303637731
PPI_FINISHED_GOODS,pairwise,old_vs_new,PPIFGS,WPSFD49207,6,2010-09-01,-0.00113504584778745,-0.00224956245506291,-0.00111451660727546
PPI_FINISHED_GOODS,pairwise,old_vs_new,PPIFGS,WPSFD49207,6,2010-10-01,0.00439991142806839,0.00495716973170612,0.000557258303637731
PPI_FINISHED_GOODS,pairwise,old_vs_new,PPIFGS,WPSFD49207,6,2010-11-01,-0.00389860251224494,-0.00389860251224494,0
PPI_FINISHED_GOODS,pairwise,old_vs_new,PPIFGS,WPSFD49207,6,2010-12-01,0.00379444249700622,0.00433806849571639,0.000543625998710162
PPI_FINISHED_GOODS,pairwise,old_vs_new,PPIFGS,WPSFD49207,6,2011-01-01,-6.65324485655816e-05,-0.00115378444598591,-0.00108725199742032
PPI_FINISHED_GOODS,pairwise,old_vs_new,PPIFGS,WPSFD49207,6,2011-02-01,0.0020724347968093,0.00314982114979845,0.00107738635298915
PPI_FINISHED_GOODS,pairwise,old_vs_new,PPIFGS,WPSFD49207,6,2011-03-01,-0.00327919556897349,-0.0032868327654878,-7.63719651430961e-06
PPI_FINISHED_GOODS,pairwise,old_vs_new,PPIFGS,WPSFD49207,6,2011-04-01,0.00153101916261811,0.00152105694827576,-9.96221434235167e-06
PPI_FINISHED_GOODS,pairwise,old_vs_new,PPIFGS,WPSFD49207,6,2011-05-01,-0.00320392940592207,-0.00372832680141055,-0.000524397395488485
PPI_FINISHED_GOODS,pairwise,old_vs_new,PPIFGS,WPSFD49207,6,2011-06-01,-0.00838685990320975,-0.0088976636604583,-0.000510803757248546
PPI_FINISHED_GOODS,pairwise,old_vs_new,PPIFGS,WPSFD49207,6,2011-07-01,0.0068088946233047,0.00784615612908723,0.00103726150578254
PPI_FINISHED_GOODS,pairwise,old_vs_new,PPIFGS,WPSFD49207,6,2011-08-01,-0.0047119104260851,-0.00679712081310591,-0.00208521038702081
PPI_FINISHED_GOODS,pairwise,old_vs_new,PPIFGS,WPSFD49207,6,2011-09-01,0.00938374937407271,0.0114695452207503,0.00208579584667756
PPI_FINISHED_GOODS,pairwise,old_vs_new,PPIFGS,WPSFD49207,6,2011-10-01,-0.00989576136280768,-0.0109333748750569,-0.00103761351224918
PPI_FINISHED_GOODS,pairwise,old_vs_new,PPIFGS,WPSFD49207,6,2011-11-01,0.00363488113355359,0.00467222562491632,0.00103734449136272
PPI_FINISHED_GOODS,pairwise,old_vs_new,PPIFGS,WPSFD49207,6,2011-12-01,-0.00311472675725888,-0.00363272617143995,-0.00051799941418107
PPI_FINISHED_GOODS,pairwise,old_vs_new,PPIFGS,WPSFD49207,6,2012-01-01,0.00414830522681164,0.00466335209023594,0.000515046863424296
PPI_FINISHED_GOODS,pairwise,old_vs_new,PPIFGS,WPSFD49207,6,2012-02-01,-0.000525773779858518,-0.00104402836946083,-0.000518254589602307
PPI_FINISHED_GOODS,pairwise,old_vs_new,PPIFGS,WPSFD49207,6,2012-03-01,-0.00155265679887773,-0.00155105130305433,1.60549582339797e-06
PPI_FINISHED_GOODS,pairwise,old_vs_new,PPIFGS,WPSFD49207,6,2012-04-01,-0.00309704161442514,-0.00154625903799399,0.00155078257643115
PPI_FINISHED_GOODS,pairwise,old_vs_new,PPIFGS,WPSFD49207,6,2012-05-01,-0.00207788727074654,-0.00517090804000908,-0.00309302076926254
PPI_FINISHED_GOODS,pairwise,old_vs_new,PPIFGS,WPSFD49207,6,2012-06-01,0.00102443140370667,0.00153038901447289,0.000505957610766217
PPI_FINISHED_GOODS,pairwise,old_vs_new,PPIFGS,WPSFD49207,6,2012-07-01,0.0046789741029043,0.00571631859426702,0.00103734449136272
PPI_FINISHED_GOODS,pairwise,old_vs_new,PPIFGS,WPSFD49207,6,2012-08-01,0.0103229056894527,0.0103229056894527,0
PPI_FINISHED_GOODS,pairwise,old_vs_new,PPIFGS,WPSFD49207,6,2012-09-01,-0.00217207881163528,-0.00268085521538541,-0.000508776403750133
PPI_FINISHED_GOODS,pairwise,old_vs_new,PPIFGS,WPSFD49207,6,2012-10-01,-0.00818651740289855,-0.00818522484546502,1.29255743352985e-06
PPI_FINISHED_GOODS,pairwise,old_vs_new,PPIFGS,WPSFD49207,6,2012-11-01,-0.00866038415167303,-0.00611414507867991,0.00254623907299312
PPI_FINISHED_GOODS,pairwise,old_vs_new,PPIFGS,WPSFD49207,6,2012-12-01,0.00611206467687175,0.00305081447358546,-0.00306125020328629
PPI_FINISHED_GOODS,pairwise,old_vs_new,PPIFGS,WPSFD49207,6,2013-01-01,0.00460136289067137,0.00766259455712959,0.00306123166645822
PPI_FINISHED_GOODS,pairwise,old_vs_new,PPIFGS,WPSFD49207,6,2013-02-01,0.00201873358027349,0.000474831355670169,-0.00154390222460332
PPI_FINISHED_GOODS,pairwise,old_vs_new,PPIFGS,WPSFD49207,6,2013-03-01,-0.0106830358845311,-0.0116737433978544,-0.000990707513323308
PPI_FINISHED_GOODS,pairwise,old_vs_new,PPIFGS,WPSFD49207,6,2013-04-01,-0.00207833986777306,-0.00054323942223089,0.00153510044554217
PPI_FINISHED_GOODS,pairwise,old_vs_new,PPIFGS,WPSFD49207,6,2013-05-01,0.0143296416482936,0.0102134887463503,-0.00411615290194334
PPI_FINISHED_GOODS,pairwise,old_vs_new,PPIFGS,WPSFD49207,6,2013-06-01,-0.00563615810608198,-0.00357808139070492,0.00205807671537706
PPI_FINISHED_GOODS,pairwise,old_vs_new,PPIFGS,WPSFD49207,6,2013-07-01,-0.00152866271806484,-0.00152970182970869,-1.0391116438413e-06
PPI_FINISHED_GOODS,pairwise,old_vs_new,PPIFGS,WPSFD49207,6,2013-08-01,0.00305033281762324,0.00610895740821782,0.00305862459059458
PPI_FINISHED_GOODS,pairwise,old_vs_new,PPIFGS,WPSFD49207,6,2013-09-01,-0.00305033281762324,-0.00763036693614438,-0.00458003411852115
PPI_FINISHED_GOODS,pairwise,old_vs_new,PPIFGS,WPSFD49207,6,2013-10-01,0.00202839826139289,0.00457485176443662,0.00254645350304372
PPI_FINISHED_GOODS,pairwise,old_vs_new,PPIFGS,WPSFD49207,6,2013-11-01,-0.00354931110210011,0.001009044360333,0.00455835546243311
PPI_FINISHED_GOODS,pairwise,old_vs_new,PPIFGS,WPSFD49207,6,2013-12-01,0.0070863205779208,0.000999852488476449,-0.00608646808944435
PPI_FINISHED_GOODS,pairwise,old_vs_new,PPIFGS,WPSFD49207,6,2014-01-01,-3.08024143524932e-05,0.00349337950413009,0.00352418191848258
PPI_FINISHED_GOODS,pairwise,old_vs_new,PPIFGS,WPSFD49207,6,2014-02-01,-0.00453159621169164,-0.00553583002203695,-0.00100423381034531
PPI_FINISHED_GOODS,pairwise,old_vs_new,PPIFGS,WPSFD49207,6,2014-03-01,0.00150012110694853,0.000992520269787356,-0.000507600837161171
PPI_FINISHED_GOODS,pairwise,old_vs_new,PPIFGS,WPSFD49207,6,2014-04-01,0.00148889105141947,0.00147953620613883,-9.35484528064023e-06
PPI_FINISHED_GOODS,pairwise,old_vs_new,PPIFGS,WPSFD49207,6,2014-05-01,-0.00249911230850497,-0.00794859404368342,-0.00544948173517845
PPI_FINISHED_GOODS,pairwise,old_vs_new,PPIFGS,WPSFD49207,6,2014-06-01,0.0024773195791532,0.00596101022875306,0.00348369064959986
PPI_FINISHED_GOODS,pairwise,old_vs_new,PPIFGS,WPSFD49207,6,2014-07-01,-0.00446564593946874,-0.00248447332766233,0.00198117261180641
PPI_FINISHED_GOODS,pairwise,old_vs_new,PPIFGS,WPSFD49207,6,2014-08-01,-0.000992309133487801,-0.00049640110227589,0.000495908031211911
PPI_FINISHED_GOODS,pairwise,old_vs_new,PPIFGS,WPSFD49207,6,2014-09-01,0.000494677791778919,-0.00248719136461251,-0.00298186915639143
PPI_FINISHED_GOODS,pairwise,old_vs_new,PPIFGS,WPSFD49207,6,2014-10-01,-0.00149389608718042,-8.92846956546123e-06,0.00148496761761496
PPI_FINISHED_GOODS,pairwise,old_vs_new,PPIFGS,WPSFD49207,6,2014-11-01,-0.00551309783890375,-0.000510109614747734,0.00500298822415601
PPI_FINISHED_GOODS,pairwise,old_vs_new,PPIFGS,WPSFD49207,6,2014-12-01,-0.00462957708840861,-0.010123621160564,-0.00549404407215537
PPI_FINISHED_GOODS,pairwise,old_vs_new,PPIFGS,WPSFD49207,6,2015-01-01,-0.00687818572784504,-0.00431834669210218,0.00255983903574286
PPI_FINISHED_GOODS,pairwise,old_vs_new,PPIFGS,WPSFD49207,6,2015-02-01,0.0200260744765322,0.0189787246594193,-0.00104734981711285
PPI_FINISHED_GOODS,pairwise,old_vs_new,PPIFGS,WPSFD49207,6,2015-03-01,0.001034928316197,0.00257691713183661,0.00154198881563961
PPI_FINISHED_GOODS,pairwise,old_vs_new,PPIFGS,WPSFD49207,6,2015-04-01,-0.00726008698749236,-0.0103276793329297,-0.0030675923454373
PPI_FINISHED_GOODS,pairwise,old_vs_new,PPIFGS,WPSFD49207,6,2015-05-01,0.0222191327505836,0.0180569636629242,-0.00416216908765943
PPI_FINISHED_GOODS,pairwise,old_vs_new,PPIFGS,WPSFD49207,6,2015-06-01,-0.00937299806302061,-0.00571802821518563,0.00365496984783498
PPI_FINISHED_GOODS,pairwise,old_vs_new,PPIFGS,WPSFD49207,6,2015-07-01,-0.00917383370725755,-0.0066421874029432,0.00253164630431435
PPI_FINISHED_GOODS,pairwise,old_vs_new,PPIFGS,WPSFD49207,6,2015-08-01,-0.00307006761389506,-0.00255793344713773,0.000512134166757328
PPI_FINISHED_GOODS,pairwise,old_vs_new,PPIFGS,WPSFD49207,6,2015-09-01,-0.00673589386253148,-0.00878709662306587,-0.00205120276053439
PPI_FINISHED_GOODS,pairwise,old_vs_new,PPIFGS,WPSFD49207,6,2015-10-01,0.0087285144675846,0.00976953629087252,0.00104102182328791
PPI_FINISHED_GOODS,pairwise,old_vs_new,PPIFGS,WPSFD49207,6,2015-11-01,0.00415045739911069,0.00363434281249653,-0.000516114586614158
PPI_FINISHED_GOODS,pairwise,old_vs_new,PPIFGS,WPSFD49207,6,2015-12-01,-0.00885299649550131,-0.00781158405023774,0.00104141244526357
PPI_PROCESSED_INTERMEDIATE_GOODS,pairwise,old_vs_new,PPIITM,WPSID61,6,1947-06-01,0.0129964643417129,0.0129964643417129,0
PPI_PROCESSED_INTERMEDIATE_GOODS,pairwise,old_vs_new,PPIITM,WPSID61,6,1947-07-01,-0.00865806274311476,-0.00865806274311476,0
PPI_PROCESSED_INTERMEDIATE_GOODS,pairwise,old_vs_new,PPIITM,WPSID61,6,1947-08-01,0.00430108189939027,0.00430108189939027,0
PPI_PROCESSED_INTERMEDIATE_GOODS,pairwise,old_vs_new,PPIITM,WPSID61,6,1947-09-01,0.0127206056700406,0.0127206056700406,0
PPI_PROCESSED_INTERMEDIATE_GOODS,pairwise,old_vs_new,PPIITM,WPSID61,6,1947-10-01,-0.00444290536257075,-0.00444290536257075,0
PPI_PROCESSED_INTERMEDIATE_GOODS,pairwise,old_vs_new,PPIITM,WPSID61,6,1947-11-01,-0.000156262208303115,-0.000156262208303115,0
PPI_PROCESSED_INTERMEDIATE_GOODS,pairwise,old_vs_new,PPIITM,WPSID61,6,1947-12-01,-0.00422575279437831,-0.00422575279437831,0
PPI_PROCESSED_INTERMEDIATE_GOODS,pairwise,old_vs_new,PPIITM,WPSID61,6,1948-01-01,0.0120059401133403,0.0120059401133403,0
PPI_PROCESSED_INTERMEDIATE_GOODS,pairwise,old_vs_new,PPIITM,WPSID61,6,1948-02-01,-0.0322752885517881,-0.0322752885517881,0
PPI_PROCESSED_INTERMEDIATE_GOODS,pairwise,old_vs_new,PPIITM,WPSID61,6,1948-03-01,0.016112990771274,0.016112990771274,0
PPI_PROCESSED_INTERMEDIATE_GOODS,pairwise,old_vs_new,PPIITM,WPSID61,6,1948-04-01,0.00798378342979689,0.00798378342979689,0
PPI_PROCESSED_INTERMEDIATE_GOODS,pairwise,old_vs_new,PPIITM,WPSID61,6,1948-05-01,-0.0120241929668019,-0.0120241929668019,0
PPI_PROCESSED_INTERMEDIATE_GOODS,pairwise,old_vs_new,PPIITM,WPSID61,6,1948-06-01,0.0118813278867522,0.0118813278867522,0
PPI_PROCESSED_INTERMEDIATE_GOODS,pairwise,old_vs_new,PPIITM,WPSID61,6,1948-07-01,-0.0118813278867522,-0.0118813278867522,0
PPI_PROCESSED_INTERMEDIATE_GOODS,pairwise,old_vs_new,PPIITM,WPSID61,6,1948-08-01,0.00392927813988964,0.00392927813988964,0
PPI_PROCESSED_INTERMEDIATE_GOODS,pairwise,old_vs_new,PPIITM,WPSID61,6,1948-09-01,-0.00392927813988964,-0.00392927813988964,0
PPI_PROCESSED_INTERMEDIATE_GOODS,pairwise,old_vs_new,PPIITM,WPSID61,6,1948-10-01,0,0,0
PPI_PROCESSED_INTERMEDIATE_GOODS,pairwise,old_vs_new,PPIITM,WPSID61,6,1948-11-01,-0.00392927813988964,-0.00392927813988964,0
PPI_PROCESSED_INTERMEDIATE_GOODS,pairwise,old_vs_new,PPIITM,WPSID61,6,1948-12-01,-0.00397590136722359,-0.00397590136722359,0
PPI_PROCESSED_INTERMEDIATE_GOODS,pairwise,old_vs_new,PPIITM,WPSID61,6,1949-01-01,0.00790517950711322,0.00790517950711322,0
PPI_PROCESSED_INTERMEDIATE_GOODS,pairwise,old_vs_new,PPIITM,WPSID61,6,1949-02-01,-0.0160003413464409,-0.0160003413464409,0
PPI_PROCESSED_INTERMEDIATE_GOODS,pairwise,old_vs_new,PPIITM,WPSID61,6,1949-03-01,0.0119599318094359,0.0119599318094359,0
PPI_PROCESSED_INTERMEDIATE_GOODS,pairwise,old_vs_new,PPIITM,WPSID61,6,1949-04-01,-0.00408971654624501,-0.00408971654624501,0
PPI_PROCESSED_INTERMEDIATE_GOODS,pairwise,old_vs_new,PPIITM,WPSID61,6,1949-05-01,-6.66411209286899e-05,-6.66411209286899e-05,0
PPI_PROCESSED_INTERMEDIATE_GOODS,pairwise,old_vs_new,PPIITM,WPSID61,6,1949-06-01,-6.77426457147412e-05,-6.77426457147412e-05,0
PPI_PROCESSED_INTERMEDIATE_GOODS,pairwise,old_vs_new,PPIITM,WPSID61,6,1949-07-01,0.00826450984989346,0.00826450984989346,0
PPI_PROCESSED_INTERMEDIATE_GOODS,pairwise,old_vs_new,PPIITM,WPSID61,6,1949-08-01,-0.0083333815591442,-0.0083333815591442,0
PPI_PROCESSED_INTERMEDIATE_GOODS,pairwise,old_vs_new,PPIITM,WPSID61,6,1949-09-01,0.0083333815591442,0.0083333815591442,0
PPI_PROCESSED_INTERMEDIATE_GOODS,pairwise,old_vs_new,PPIITM,WPSID61,6,1949-10-01,-0.004192878260036,-0.004192878260036,0
PPI_PROCESSED_INTERMEDIATE_GOODS,pairwise,old_vs_new,PPIITM,WPSID61,6,1949-11-01,-1.76542763075105e-05,-1.76542763075105e-05,0
PPI_PROCESSED_INTERMEDIATE_GOODS,pairwise,old_vs_new,PPIITM,WPSID61,6,1949-12-01,0.00842106507268703,0.00842106507268703,0
PPI_PROCESSED_INTERMEDIATE_GOODS,pairwise,old_vs_new,PPIITM,WPSID61,6,1950-01-01,-0.00421053253634351,-0.00421053253634351,0
PPI_PROCESSED_INTERMEDIATE_GOODS,pairwise,old_vs_new,PPIITM,WPSID61,6,1950-02-01,0.004192878260036,0.004192878260036,0
PPI_PROCESSED_INTERMEDIATE_GOODS,pairwise,old_vs_new,PPIITM,WPSID61,6,1950-03-01,0.0041405032991082,0.0041405032991082,0
PPI_PROCESSED_INTERMEDIATE_GOODS,pairwise,old_vs_new,PPIITM,WPSID61,6,1950-04-01,-0.00419258889311269,-0.00419258889311269,0
PPI_PROCESSED_INTERMEDIATE_GOODS,pairwise,old_vs_new,PPIITM,WPSID61,6,1950-05-01,0.0122530171096447,0.0122530171096447,0
PPI_PROCESSED_INTERMEDIATE_GOODS,pairwise,old_vs_new,PPIITM,WPSID61,6,1950-06-01,-0.0123370090800616,-0.0123370090800616,0
PPI_PROCESSED_INTERMEDIATE_GOODS,pairwise,old_vs_new,PPIITM,WPSID61,6,1950-07-01,0.0199443514039284,0.0199443514039284,0
PPI_PROCESSED_INTERMEDIATE_GOODS,pairwise,old_vs_new,PPIITM,WPSID61,6,1950-08-01,-0.0122131963475005,-0.0122131963475005,0
PPI_PROCESSED_INTERMEDIATE_GOODS,pairwise,old_vs_new,PPIITM,WPSID61,6,1950-09-01,0.0113791035294919,0.0113791035294919,0
PPI_PROCESSED_INTERMEDIATE_GOODS,pairwise,old_vs_new,PPIITM,WPSID61,6,1950-10-01,-0.00426290464238166,-0.00426290464238166,0
PPI_PROCESSED_INTERMEDIATE_GOODS,pairwise,old_vs_new,PPIITM,WPSID61,6,1950-11-01,-0.0114414334375632,-0.0114414334375632,0
PPI_PROCESSED_INTERMEDIATE_GOODS,pairwise,old_vs_new,PPIITM,WPSID61,6,1950-12-01,0.0254470128872089,0.0254470128872089,0
PPI_PROCESSED_INTERMEDIATE_GOODS,pairwise,old_vs_new,PPIITM,WPSID61,6,1951-01-01,-0.00804166751078483,-0.00804166751078483,0
PPI_PROCESSED_INTERMEDIATE_GOODS,pairwise,old_vs_new,PPIITM,WPSID61,6,1951-02-01,-0.0178750310870428,-0.0178750310870428,0
PPI_PROCESSED_INTERMEDIATE_GOODS,pairwise,old_vs_new,PPIITM,WPSID61,6,1951-03-01,-0.00351477111464593,-0.00351477111464593,0
PPI_PROCESSED_INTERMEDIATE_GOODS,pairwise,old_vs_new,PPIITM,WPSID61,6,1951-04-01,-0.0034782643763247,-0.0034782643763247,0
PPI_PROCESSED_INTERMEDIATE_GOODS,pairwise,old_vs_new,PPIITM,WPSID61,6,1951-05-01,0,0,0
PPI_PROCESSED_INTERMEDIATE_GOODS,pairwise,old_vs_new,PPIITM,WPSID61,6,1951-06-01,-0.0034782643763247,-0.0034782643763247,0
PPI_PROCESSED_INTERMEDIATE_GOODS,pairwise,old_vs_new,PPIITM,WPSID61,6,1951-07-01,-0.00702971322209045,-0.00702971322209045,0
PPI_PROCESSED_INTERMEDIATE_GOODS,pairwise,old_vs_new,PPIITM,WPSID61,6,1951-08-01,-0.00367665739354139,-0.00367665739354139,0
PPI_PROCESSED_INTERMEDIATE_GOODS,pairwise,old_vs_new,PPIITM,WPSID61,6,1951-09-01,0.0141846349919565,0.0141846349919565,0
PPI_PROCESSED_INTERMEDIATE_GOODS,pairwise,old_vs_new,PPIITM,WPSID61,6,1951-10-01,-0.00357782134788387,-0.00357782134788387,0
PPI_PROCESSED_INTERMEDIATE_GOODS,pairwise,old_vs_new,PPIITM,WPSID61,6,1951-11-01,0.00357782134788387,0.00357782134788387,0
PPI_PROCESSED_INTERMEDIATE_GOODS,pairwise,old_vs_new,PPIITM,WPSID61,6,1951-12-01,-0.0035906681307285,-0.0035906681307285,0
PPI_PROCESSED_INTERMEDIATE_GOODS,pairwise,old_vs_new,PPIITM,WPSID61,6,1952-01-01,0.0035906681307285,0.0035906681307285,0
PPI_PROCESSED_INTERMEDIATE_GOODS,pairwise,old_vs_new,PPIITM,WPSID61,6,1952-02-01,-0.0036036075032988,-0.0036036075032988,0
PPI_PROCESSED_INTERMEDIATE_GOODS,pairwise,old_vs_new,PPIITM,WPSID61,6,1952-03-01,-1.30329668892593e-05,-1.30329668892593e-05,0
PPI_PROCESSED_INTERMEDIATE_GOODS,pairwise,old_vs_new,PPIITM,WPSID61,6,1952-04-01,-1.31275803907371e-05,-1.31275803907371e-05,0
PPI_PROCESSED_INTERMEDIATE_GOODS,pairwise,old_vs_new,PPIITM,WPSID61,6,1952-05-01,0.0036297680505788,0.0036297680505788,0
PPI_PROCESSED_INTERMEDIATE_GOODS,pairwise,old_vs_new,PPIITM,WPSID61,6,1952-06-01,0.0036297680505788,0.0036297680505788,0
PPI_PROCESSED_INTERMEDIATE_GOODS,pairwise,old_vs_new,PPIITM,WPSID61,6,1952-07-01,-0.00725953610115759,-0.00725953610115759,0
PPI_PROCESSED_INTERMEDIATE_GOODS,pairwise,old_vs_new,PPIITM,WPSID61,6,1952-08-01,0.00725953610115759,0.00725953610115759,0
PPI_PROCESSED_INTERMEDIATE_GOODS,pairwise,old_vs_new,PPIITM,WPSID61,6,1952-09-01,-0.0036297680505788,-0.0036297680505788,0
PPI_PROCESSED_INTERMEDIATE_GOODS,pairwise,old_vs_new,PPIITM,WPSID61,6,1952-10-01,-0.0036297680505788,-0.0036297680505788,0
PPI_PROCESSED_INTERMEDIATE_GOODS,pairwise,old_vs_new,PPIITM,WPSID61,6,1952-11-01,-1.32232279224098e-05,-1.32232279224098e-05,0
PPI_PROCESSED_INTERMEDIATE_GOODS,pairwise,old_vs_new,PPIITM,WPSID61,6,1952-12-01,-1.33199246090676e-05,-1.33199246090676e-05,0
PPI_PROCESSED_INTERMEDIATE_GOODS,pairwise,old_vs_new,PPIITM,WPSID61,6,1953-01-01,0.00731262240622055,0.00731262240622055,0
PPI_PROCESSED_INTERMEDIATE_GOODS,pairwise,old_vs_new,PPIITM,WPSID61,6,1953-02-01,-0.00365631120311027,-0.00365631120311027,0
PPI_PROCESSED_INTERMEDIATE_GOODS,pairwise,old_vs_new,PPIITM,WPSID61,6,1953-03-01,0.00364299127850121,0.00364299127850121,0
PPI_PROCESSED_INTERMEDIATE_GOODS,pairwise,old_vs_new,PPIITM,WPSID61,6,1953-04-01,-0.00364299127850121,-0.00364299127850121,0
PPI_PROCESSED_INTERMEDIATE_GOODS,pairwise,old_vs_new,PPIITM,WPSID61,6,1953-05-01,0.0036297680505788,0.0036297680505788,0
PPI_PROCESSED_INTERMEDIATE_GOODS,pairwise,old_vs_new,PPIITM,WPSID61,6,1953-06-01,-1.31275803907371e-05,-1.31275803907371e-05,0
PPI_PROCESSED_INTERMEDIATE_GOODS,pairwise,old_vs_new,PPIITM,WPSID61,6,1953-07-01,0.00715545651172311,0.00715545651172311,0
PPI_PROCESSED_INTERMEDIATE_GOODS,pairwise,old_vs_new,PPIITM,WPSID61,6,1953-08-01,-0.014349918329795,-0.014349918329795,0
PPI_PROCESSED_INTERMEDIATE_GOODS,pairwise,old_vs_new,PPIITM,WPSID61,6,1953-09-01,0.00357782134788387,0.00357782134788387,0
PPI_PROCESSED_INTERMEDIATE_GOODS,pairwise,old_vs_new,PPIITM,WPSID61,6,1953-10-01,0,0,0
PPI_PROCESSED_INTERMEDIATE_GOODS,pairwise,old_vs_new,PPIITM,WPSID61,6,1953-11-01,-0.0035906681307285,-0.0035906681307285,0
PPI_PROCESSED_INTERMEDIATE_GOODS,pairwise,old_vs_new,PPIITM,WPSID61,6,1953-12-01,0.0035906681307285,0.0035906681307285,0
PPI_PROCESSED_INTERMEDIATE_GOODS,pairwise,old_vs_new,PPIITM,WPSID61,6,1954-01-01,0.0035906681307285,0.0035906681307285,0
PPI_PROCESSED_INTERMEDIATE_GOODS,pairwise,old_vs_new,PPIITM,WPSID61,6,1954-02-01,-0.0035906681307285,-0.0035906681307285,0
PPI_PROCESSED_INTERMEDIATE_GOODS,pairwise,old_vs_new,PPIITM,WPSID61,6,1954-03-01,0,0,0
PPI_PROCESSED_INTERMEDIATE_GOODS,pairwise,old_vs_new,PPIITM,WPSID61,6,1954-04-01,0,0,0
PPI_PROCESSED_INTERMEDIATE_GOODS,pairwise,old_vs_new,PPIITM,WPSID61,6,1954-05-01,0,0,0
PPI_PROCESSED_INTERMEDIATE_GOODS,pairwise,old_vs_new,PPIITM,WPSID61,6,1954-06-01,-0.0035906681307285,-0.0035906681307285,0
PPI_PROCESSED_INTERMEDIATE_GOODS,pairwise,old_vs_new,PPIITM,WPSID61,6,1954-07-01,0.00718133626145701,0.00718133626145701,0
PPI_PROCESSED_INTERMEDIATE_GOODS,pairwise,old_vs_new,PPIITM,WPSID61,6,1954-08-01,-0.0035906681307285,-0.0035906681307285,0
PPI_PROCESSED_INTERMEDIATE_GOODS,pairwise,old_vs_new,PPIITM,WPSID61,6,1954-09-01,-0.0035906681307285,-0.0035906681307285,0
PPI_PROCESSED_INTERMEDIATE_GOODS,pairwise,old_vs_new,PPIITM,WPSID61,6,1954-10-01,0.0035906681307285,0.0035906681307285,0
PPI_PROCESSED_INTERMEDIATE_GOODS,pairwise,old_vs_new,PPIITM,WPSID61,6,1954-11-01,0.0035906681307285,0.0035906681307285,0
PPI_PROCESSED_INTERMEDIATE_GOODS,pairwise,old_vs_new,PPIITM,WPSID61,6,1954-12-01,-0.0035906681307285,-0.0035906681307285,0
PPI_PROCESSED_INTERMEDIATE_GOODS,pairwise,old_vs_new,PPIITM,WPSID61,6,1955-01-01,0,0,0
PPI_PROCESSED_INTERMEDIATE_GOODS,pairwise,old_vs_new,PPIITM,WPSID61,6,1955-02-01,0.00357782134788387,0.00357782134788387,0
PPI_PROCESSED_INTERMEDIATE_GOODS,pairwise,old_vs_new,PPIITM,WPSID61,6,1955-03-01,-0.00357782134788387,-0.00357782134788387,0
PPI_PROCESSED_INTERMEDIATE_GOODS,pairwise,old_vs_new,PPIITM,WPSID61,6,1955-04-01,0.00356506616449614,0.00356506616449614,0
PPI_PROCESSED_INTERMEDIATE_GOODS,pairwise,old_vs_new,PPIITM,WPSID61,6,1955-05-01,-0.00356506616449614,-0.00356506616449614,0
PPI_PROCESSED_INTERMEDIATE_GOODS,pairwise,old_vs_new,PPIITM,WPSID61,6,1955-06-01,0.00355240160436798,0.00355240160436798,0
PPI_PROCESSED_INTERMEDIATE_GOODS,pairwise,old_vs_new,PPIITM,WPSID61,6,1955-07-01,0.00351476561872444,0.00351476561872444,0
PPI_PROCESSED_INTERMEDIATE_GOODS,pairwise,old_vs_new,PPIITM,WPSID61,6,1955-08-01,-0.0035522251156479,-0.0035522251156479,0
PPI_PROCESSED_INTERMEDIATE_GOODS,pairwise,old_vs_new,PPIITM,WPSID61,6,1955-09-01,0.00695635775985082,0.00695635775985082,0
PPI_PROCESSED_INTERMEDIATE_GOODS,pairwise,old_vs_new,PPIITM,WPSID61,6,1955-10-01,-0.00700509189080911,-0.00700509189080911,0
PPI_PROCESSED_INTERMEDIATE_GOODS,pairwise,old_vs_new,PPIITM,WPSID61,6,1955-11-01,-0.00346620797648622,-0.00346620797648622,0
PPI_PROCESSED_INTERMEDIATE_GOODS,pairwise,old_vs_new,PPIITM,WPSID61,6,1955-12-01,0.00345423486808771,0.00345423486808771,0
PPI_PROCESSED_INTERMEDIATE_GOODS,pairwise,old_vs_new,PPIITM,WPSID61,6,1956-01-01,-1.18906771149341e-05,-1.18906771149341e-05,0
PPI_PROCESSED_INTERMEDIATE_GOODS,pairwise,old_vs_new,PPIITM,WPSID61,6,1956-02-01,-1.18090941838567e-05,-1.18090941838567e-05,0
PPI_PROCESSED_INTERMEDIATE_GOODS,pairwise,old_vs_new,PPIITM,WPSID61,6,1956-03-01,0.0033954299736112,0.0033954299736112,0
PPI_PROCESSED_INTERMEDIATE_GOODS,pairwise,old_vs_new,PPIITM,WPSID61,6,1956-04-01,-0.00343037606926178,-0.00343037606926178,0
PPI_PROCESSED_INTERMEDIATE_GOODS,pairwise,old_vs_new,PPIITM,WPSID61,6,1956-05-01,-1.14910168980131e-05,-1.14910168980131e-05,0
PPI_PROCESSED_INTERMEDIATE_GOODS,pairwise,old_vs_new,PPIITM,WPSID61,6,1956-06-01,-0.00338409798424033,-0.00338409798424033,0
PPI_PROCESSED_INTERMEDIATE_GOODS,pairwise,old_vs_new,PPIITM,WPSID61,6,1956-07-01,-0.00677968698537867,-0.00677968698537867,0
PPI_PROCESSED_INTERMEDIATE_GOODS,pairwise,old_vs_new,PPIITM,WPSID61,6,1956-08-01,0.0169320584493966,0.0169320584493966,0
PPI_PROCESSED_INTERMEDIATE_GOODS,pairwise,old_vs_new,PPIITM,WPSID61,6,1956-09-01,-0.00679102376131313,-0.00679102376131313,0
PPI_PROCESSED_INTERMEDIATE_GOODS,pairwise,old_vs_new,PPIITM,WPSID61,6,1956-10-01,0.00332764044809197,0.00332764044809197,0
PPI_PROCESSED_INTERMEDIATE_GOODS,pairwise,old_vs_new,PPIITM,WPSID61,6,1956-11-01,-0.00668898815079677,-0.00668898815079677,0
PPI_PROCESSED_INTERMEDIATE_GOODS,pairwise,old_vs_new,PPIITM,WPSID61,6,1956-12-01,0.00332779009267448,0.00332779009267448,0
PPI_PROCESSED_INTERMEDIATE_GOODS,pairwise,old_vs_new,PPIITM,WPSID61,6,1957-01-01,0.00329475066781892,0.00329475066781892,0
PPI_PROCESSED_INTERMEDIATE_GOODS,pairwise,old_vs_new,PPIITM,WPSID61,6,1957-02-01,-0.0066225407604934,-0.0066225407604934,0
PPI_PROCESSED_INTERMEDIATE_GOODS,pairwise,old_vs_new,PPIITM,WPSID61,6,1957-03-01,0,0,0
PPI_PROCESSED_INTERMEDIATE_GOODS,pairwise,old_vs_new,PPIITM,WPSID61,6,1957-04-01,-0.00330578813449955,-0.00330578813449955,0
PPI_PROCESSED_INTERMEDIATE_GOODS,pairwise,old_vs_new,PPIITM,WPSID61,6,1957-05-01,0.00330578813449955,0.00330578813449955,0
PPI_PROCESSED_INTERMEDIATE_GOODS,pairwise,old_vs_new,PPIITM,WPSID61,6,1957-06-01,0.00330578813449955,0.00330578813449955,0
PPI_PROCESSED_INTERMEDIATE_GOODS,pairwise,old_vs_new,PPIITM,WPSID61,6,1957-07-01,-0.00330578813449955,-0.00330578813449955,0
PPI_PROCESSED_INTERMEDIATE_GOODS,pairwise,old_vs_new,PPIITM,WPSID61,6,1957-08-01,0.00329489589685261,0.00329489589685261,0
PPI_PROCESSED_INTERMEDIATE_GOODS,pairwise,old_vs_new,PPIITM,WPSID61,6,1957-09-01,-0.00329489589685261,-0.00329489589685261,0
PPI_PROCESSED_INTERMEDIATE_GOODS,pairwise,old_vs_new,PPIITM,WPSID61,6,1957-10-01,-0.00329489589685261,-0.00329489589685261,0
PPI_PROCESSED_INTERMEDIATE_GOODS,pairwise,old_vs_new,PPIITM,WPSID61,6,1957-11-01,0.00658979179370522,0.00658979179370522,0
PPI_PROCESSED_INTERMEDIATE_GOODS,pairwise,old_vs_new,PPIITM,WPSID61,6,1957-12-01,-0.00329489589685261,-0.00329489589685261,0
PPI_PROCESSED_INTERMEDIATE_GOODS,pairwise,old_vs_new,PPIITM,WPSID61,6,1958-01-01,0,0,0
PPI_PROCESSED_INTERMEDIATE_GOODS,pairwise,old_vs_new,PPIITM,WPSID61,6,1958-02-01,-0.00329489589685261,-0.00329489589685261,0
PPI_PROCESSED_INTERMEDIATE_GOODS,pairwise,old_vs_new,PPIITM,WPSID61,6,1958-03-01,0.00329489589685261,0.00329489589685261,0
PPI_PROCESSED_INTERMEDIATE_GOODS,pairwise,old_vs_new,PPIITM,WPSID61,6,1958-04-01,-0.00330578813449955,-0.00330578813449955,0
PPI_PROCESSED_INTERMEDIATE_GOODS,pairwise,old_vs_new,PPIITM,WPSID61,6,1958-05-01,0.00661157626899911,0.00661157626899911,0
PPI_PROCESSED_INTERMEDIATE_GOODS,pairwise,old_vs_new,PPIITM,WPSID61,6,1958-06-01,-0.00330578813449955,-0.00330578813449955,0
PPI_PROCESSED_INTERMEDIATE_GOODS,pairwise,old_vs_new,PPIITM,WPSID61,6,1958-07-01,0,0,0
PPI_PROCESSED_INTERMEDIATE_GOODS,pairwise,old_vs_new,PPIITM,WPSID61,6,1958-08-01,0.00329489589685261,0.00329489589685261,0
PPI_PROCESSED_INTERMEDIATE_GOODS,pairwise,old_vs_new,PPIITM,WPSID61,6,1958-09-01,-0.00329489589685261,-0.00329489589685261,0
PPI_PROCESSED_INTERMEDIATE_GOODS,pairwise,old_vs_new,PPIITM,WPSID61,6,1958-10-01,0,0,0
PPI_PROCESSED_INTERMEDIATE_GOODS,pairwise,old_vs_new,PPIITM,WPSID61,6,1958-11-01,0.00328407520119001,0.00328407520119001,0
PPI_PROCESSED_INTERMEDIATE_GOODS,pairwise,old_vs_new,PPIITM,WPSID61,6,1958-12-01,-1.07498562207375e-05,-1.07498562207375e-05,0
PPI_PROCESSED_INTERMEDIATE_GOODS,pairwise,old_vs_new,PPIITM,WPSID61,6,1959-01-01,-0.00327332534496927,-0.00327332534496927,0
PPI_PROCESSED_INTERMEDIATE_GOODS,pairwise,old_vs_new,PPIITM,WPSID61,6,1959-02-01,0.00326264563481615,0.00326264563481615,0
PPI_PROCESSED_INTERMEDIATE_GOODS,pairwise,old_vs_new,PPIITM,WPSID61,6,1959-03-01,-0.00326264563481615,-0.00326264563481615,0
PPI_PROCESSED_INTERMEDIATE_GOODS,pairwise,old_vs_new,PPIITM,WPSID61,6,1959-04-01,0,0,0
PPI_PROCESSED_INTERMEDIATE_GOODS,pairwise,old_vs_new,PPIITM,WPSID61,6,1959-05-01,0.00649352931054814,0.00649352931054814,0
PPI_PROCESSED_INTERMEDIATE_GOODS,pairwise,old_vs_new,PPIITM,WPSID61,6,1959-06-01,-0.00649352931054814,-0.00649352931054814,0
PPI_PROCESSED_INTERMEDIATE_GOODS,pairwise,old_vs_new,PPIITM,WPSID61,6,1959-07-01,-0.0032414939241705,-0.0032414939241705,0
PPI_PROCESSED_INTERMEDIATE_GOODS,pairwise,old_vs_new,PPIITM,WPSID61,6,1959-08-01,0.0032414939241705,0.0032414939241705,0
PPI_PROCESSED_INTERMEDIATE_GOODS,pairwise,old_vs_new,PPIITM,WPSID61,6,1959-09-01,0,0,0
PPI_PROCESSED_INTERMEDIATE_GOODS,pairwise,old_vs_new,PPIITM,WPSID61,6,1959-10-01,0,0,0
PPI_PROCESSED_INTERMEDIATE_GOODS,pairwise,old_vs_new,PPIITM,WPSID61,6,1959-11-01,0.0032414939241705,0.0032414939241705,0
PPI_PROCESSED_INTERMEDIATE_GOODS,pairwise,old_vs_new,PPIITM,WPSID61,6,1959-12-01,-0.0032414939241705,-0.0032414939241705,0
PPI_PROCESSED_INTERMEDIATE_GOODS,pairwise,old_vs_new,PPIITM,WPSID61,6,1960-01-01,-0.0032414939241705,-0.0032414939241705,0
PPI_PROCESSED_INTERMEDIATE_GOODS,pairwise,old_vs_new,PPIITM,WPSID61,6,1960-02-01,0.006482987848341,0.006482987848341,0
PPI_PROCESSED_INTERMEDIATE_GOODS,pairwise,old_vs_new,PPIITM,WPSID61,6,1960-03-01,-0.0032414939241705,-0.0032414939241705,0
PPI_PROCESSED_INTERMEDIATE_GOODS,pairwise,old_vs_new,PPIITM,WPSID61,6,1960-04-01,-0.0032414939241705,-0.0032414939241705,0
PPI_PROCESSED_INTERMEDIATE_GOODS,pairwise,old_vs_new,PPIITM,WPSID61,6,1960-05-01,0.0032414939241705,0.0032414939241705,0
PPI_PROCESSED_INTERMEDIATE_GOODS,pairwise,old_vs_new,PPIITM,WPSID61,6,1960-06-01,0.0032414939241705,0.0032414939241705,0
PPI_PROCESSED_INTERMEDIATE_GOODS,pairwise,old_vs_new,PPIITM,WPSID61,6,1960-07-01,-0.006482987848341,-0.006482987848341,0
PPI_PROCESSED_INTERMEDIATE_GOODS,pairwise,old_vs_new,PPIITM,WPSID61,6,1960-08-01,0.0032414939241705,0.0032414939241705,0
PPI_PROCESSED_INTERMEDIATE_GOODS,pairwise,old_vs_new,PPIITM,WPSID61,6,1960-09-01,0,0,0
PPI_PROCESSED_INTERMEDIATE_GOODS,pairwise,old_vs_new,PPIITM,WPSID61,6,1960-10-01,0,0,0
PPI_PROCESSED_INTERMEDIATE_GOODS,pairwise,old_vs_new,PPIITM,WPSID61,6,1960-11-01,-0.00325203538637764,-0.00325203538637764,0
PPI_PROCESSED_INTERMEDIATE_GOODS,pairwise,old_vs_new,PPIITM,WPSID61,6,1960-12-01,0.00325203538637764,0.00325203538637764,0
PPI_PROCESSED_INTERMEDIATE_GOODS,pairwise,old_vs_new,PPIITM,WPSID61,6,1961-01-01,-0.00326264563481615,-0.00326264563481615,0
PPI_PROCESSED_INTERMEDIATE_GOODS,pairwise,old_vs_new,PPIITM,WPSID61,6,1961-02-01,0.00652529126963231,0.00652529126963231,0
PPI_PROCESSED_INTERMEDIATE_GOODS,pairwise,old_vs_new,PPIITM,WPSID61,6,1961-03-01,-1.0610248438514e-05,-1.0610248438514e-05,0
PPI_PROCESSED_INTERMEDIATE_GOODS,pairwise,old_vs_new,PPIITM,WPSID61,6,1961-04-01,-0.00650407077275528,-0.00650407077275528,0
PPI_PROCESSED_INTERMEDIATE_GOODS,pairwise,old_vs_new,PPIITM,WPSID61,6,1961-05-01,-1.0610248438514e-05,-1.0610248438514e-05,0
PPI_PROCESSED_INTERMEDIATE_GOODS,pairwise,old_vs_new,PPIITM,WPSID61,6,1961-06-01,-1.06797101531164e-05,-1.06797101531164e-05,0
PPI_PROCESSED_INTERMEDIATE_GOODS,pairwise,old_vs_new,PPIITM,WPSID61,6,1961-07-01,0.00327332534496927,0.00327332534496927,0
PPI_PROCESSED_INTERMEDIATE_GOODS,pairwise,old_vs_new,PPIITM,WPSID61,6,1961-08-01,0,0,0
PPI_PROCESSED_INTERMEDIATE_GOODS,pairwise,old_vs_new,PPIITM,WPSID61,6,1961-09-01,0,0,0
PPI_PROCESSED_INTERMEDIATE_GOODS,pairwise,old_vs_new,PPIITM,WPSID61,6,1961-10-01,-0.00328407520119001,-0.00328407520119001,0
PPI_PROCESSED_INTERMEDIATE_GOODS,pairwise,old_vs_new,PPIITM,WPSID61,6,1961-11-01,0.00656815040238001,0.00656815040238001,0
PPI_PROCESSED_INTERMEDIATE_GOODS,pairwise,old_vs_new,PPIITM,WPSID61,6,1961-12-01,-1.07498562207375e-05,-1.07498562207375e-05,0
PPI_PROCESSED_INTERMEDIATE_GOODS,pairwise,old_vs_new,PPIITM,WPSID61,6,1962-01-01,-0.00654665068993854,-0.00654665068993854,0
PPI_PROCESSED_INTERMEDIATE_GOODS,pairwise,old_vs_new,PPIITM,WPSID61,6,1962-02-01,0.00654665068993854,0.00654665068993854,0
PPI_PROCESSED_INTERMEDIATE_GOODS,pairwise,old_vs_new,PPIITM,WPSID61,6,1962-03-01,-0.00327332534496927,-0.00327332534496927,0
PPI_PROCESSED_INTERMEDIATE_GOODS,pairwise,old_vs_new,PPIITM,WPSID61,6,1962-04-01,0,0,0
PPI_PROCESSED_INTERMEDIATE_GOODS,pairwise,old_vs_new,PPIITM,WPSID61,6,1962-05-01,0,0,0
PPI_PROCESSED_INTERMEDIATE_GOODS,pairwise,old_vs_new,PPIITM,WPSID61,6,1962-06-01,0,0,0
PPI_PROCESSED_INTERMEDIATE_GOODS,pairwise,old_vs_new,PPIITM,WPSID61,6,1962-07-01,0,0,0
PPI_PROCESSED_INTERMEDIATE_GOODS,pairwise,old_vs_new,PPIITM,WPSID61,6,1962-08-01,0,0,0
PPI_PROCESSED_INTERMEDIATE_GOODS,pairwise,old_vs_new,PPIITM,WPSID61,6,1962-09-01,0,0,0
PPI_PROCESSED_INTERMEDIATE_GOODS,pairwise,old_vs_new,PPIITM,WPSID61,6,1962-10-01,-0.00327332534496927,-0.00327332534496927,0
PPI_PROCESSED_INTERMEDIATE_GOODS,pairwise,old_vs_new,PPIITM,WPSID61,6,1962-11-01,0.00327332534496927,0.00327332534496927,0
PPI_PROCESSED_INTERMEDIATE_GOODS,pairwise,old_vs_new,PPIITM,WPSID61,6,1962-12-01,0,0,0
PPI_PROCESSED_INTERMEDIATE_GOODS,pairwise,old_vs_new,PPIITM,WPSID61,6,1963-01-01,0,0,0
PPI_PROCESSED_INTERMEDIATE_GOODS,pairwise,old_vs_new,PPIITM,WPSID61,6,1963-02-01,0,0,0
PPI_PROCESSED_INTERMEDIATE_GOODS,pairwise,old_vs_new,PPIITM,WPSID61,6,1963-03-01,0,0,0
PPI_PROCESSED_INTERMEDIATE_GOODS,pairwise,old_vs_new,PPIITM,WPSID61,6,1963-04-01,0,0,0
PPI_PROCESSED_INTERMEDIATE_GOODS,pairwise,old_vs_new,PPIITM,WPSID61,6,1963-05-01,0.00653597097978542,0.00653597097978542,0
PPI_PROCESSED_INTERMEDIATE_GOODS,pairwise,old_vs_new,PPIITM,WPSID61,6,1963-06-01,-0.00653597097978542,-0.00653597097978542,0
PPI_PROCESSED_INTERMEDIATE_GOODS,pairwise,old_vs_new,PPIITM,WPSID61,6,1963-07-01,0,0,0
PPI_PROCESSED_INTERMEDIATE_GOODS,pairwise,old_vs_new,PPIITM,WPSID61,6,1963-08-01,0,0,0
PPI_PROCESSED_INTERMEDIATE_GOODS,pairwise,old_vs_new,PPIITM,WPSID61,6,1963-09-01,0,0,0
PPI_PROCESSED_INTERMEDIATE_GOODS,pairwise,old_vs_new,PPIITM,WPSID61,6,1963-10-01,0.00325203538637764,0.00325203538637764,0
PPI_PROCESSED_INTERMEDIATE_GOODS,pairwise,old_vs_new,PPIITM,WPSID61,6,1963-11-01,-0.00325203538637764,-0.00325203538637764,0
PPI_PROCESSED_INTERMEDIATE_GOODS,pairwise,old_vs_new,PPIITM,WPSID61,6,1963-12-01,0,0,0
PPI_PROCESSED_INTERMEDIATE_GOODS,pairwise,old_vs_new,PPIITM,WPSID61,6,1964-01-01,0,0,0
PPI_PROCESSED_INTERMEDIATE_GOODS,pairwise,old_vs_new,PPIITM,WPSID61,6,1964-02-01,0,0,0
PPI_PROCESSED_INTERMEDIATE_GOODS,pairwise,old_vs_new,PPIITM,WPSID61,6,1964-03-01,0,0,0
PPI_PROCESSED_INTERMEDIATE_GOODS,pairwise,old_vs_new,PPIITM,WPSID61,6,1964-04-01,0,0,0
PPI_PROCESSED_INTERMEDIATE_GOODS,pairwise,old_vs_new,PPIITM,WPSID61,6,1964-05-01,-0.00325203538637764,-0.00325203538637764,0
PPI_PROCESSED_INTERMEDIATE_GOODS,pairwise,old_vs_new,PPIITM,WPSID61,6,1964-06-01,-1.0610248438514e-05,-1.0610248438514e-05,0
PPI_PROCESSED_INTERMEDIATE_GOODS,pairwise,old_vs_new,PPIITM,WPSID61,6,1964-07-01,0.00652529126963231,0.00652529126963231,0
PPI_PROCESSED_INTERMEDIATE_GOODS,pairwise,old_vs_new,PPIITM,WPSID61,6,1964-08-01,-0.00652529126963231,-0.00652529126963231,0
PPI_PROCESSED_INTERMEDIATE_GOODS,pairwise,old_vs_new,PPIITM,WPSID61,6,1964-09-01,0.00652529126963231,0.00652529126963231,0
PPI_PROCESSED_INTERMEDIATE_GOODS,pairwise,old_vs_new,PPIITM,WPSID61,6,1964-10-01,-1.0610248438514e-05,-1.0610248438514e-05,0
PPI_PROCESSED_INTERMEDIATE_GOODS,pairwise,old_vs_new,PPIITM,WPSID61,6,1964-11-01,-0.00325203538637764,-0.00325203538637764,0
PPI_PROCESSED_INTERMEDIATE_GOODS,pairwise,old_vs_new,PPIITM,WPSID61,6,1964-12-01,0.0032414939241705,0.0032414939241705,0
PPI_PROCESSED_INTERMEDIATE_GOODS,pairwise,old_vs_new,PPIITM,WPSID61,6,1965-01-01,-0.0032414939241705,-0.0032414939241705,0
PPI_PROCESSED_INTERMEDIATE_GOODS,pairwise,old_vs_new,PPIITM,WPSID61,6,1965-02-01,0,0,0
PPI_PROCESSED_INTERMEDIATE_GOODS,pairwise,old_vs_new,PPIITM,WPSID61,6,1965-03-01,0.00323102058144675,0.00323102058144675,0
PPI_PROCESSED_INTERMEDIATE_GOODS,pairwise,old_vs_new,PPIITM,WPSID61,6,1965-04-01,-1.04058814045516e-05,-1.04058814045516e-05,0
PPI_PROCESSED_INTERMEDIATE_GOODS,pairwise,old_vs_new,PPIITM,WPSID61,6,1965-05-01,-0.0032206147000422,-0.0032206147000422,0
PPI_PROCESSED_INTERMEDIATE_GOODS,pairwise,old_vs_new,PPIITM,WPSID61,6,1965-06-01,0.00321027563024812,0.00321027563024812,0
PPI_PROCESSED_INTERMEDIATE_GOODS,pairwise,old_vs_new,PPIITM,WPSID61,6,1965-07-01,-0.00321027563024812,-0.00321027563024812,0
PPI_PROCESSED_INTERMEDIATE_GOODS,pairwise,old_vs_new,PPIITM,WPSID61,6,1965-08-01,0.00320000273067089,0.00320000273067089,0
PPI_PROCESSED_INTERMEDIATE_GOODS,pairwise,old_vs_new,PPIITM,WPSID61,6,1965-09-01,-0.00320000273067089,-0.00320000273067089,0
PPI_PROCESSED_INTERMEDIATE_GOODS,pairwise,old_vs_new,PPIITM,WPSID61,6,1965-10-01,0,0,0
PPI_PROCESSED_INTERMEDIATE_GOODS,pairwise,old_vs_new,PPIITM,WPSID61,6,1965-11-01,0.00318979536810016,0.00318979536810016,0
PPI_PROCESSED_INTERMEDIATE_GOODS,pairwise,old_vs_new,PPIITM,WPSID61,6,1965-12-01,-0.00318979536810016,-0.00318979536810016,0
PPI_PROCESSED_INTERMEDIATE_GOODS,pairwise,old_vs_new,PPIITM,WPSID61,6,1966-01-01,0,0,0
PPI_PROCESSED_INTERMEDIATE_GOODS,pairwise,old_vs_new,PPIITM,WPSID61,6,1966-02-01,0.00634922767865875,0.00634922767865875,0
PPI_PROCESSED_INTERMEDIATE_GOODS,pairwise,old_vs_new,PPIITM,WPSID61,6,1966-03-01,-0.0031896673882903,-0.0031896673882903,0
PPI_PROCESSED_INTERMEDIATE_GOODS,pairwise,old_vs_new,PPIITM,WPSID61,6,1966-04-01,-9.95138747228452e-06,-9.95138747228452e-06,0
PPI_PROCESSED_INTERMEDIATE_GOODS,pairwise,old_vs_new,PPIITM,WPSID61,6,1966-05-01,0.00312000411069935,0.00312000411069935,0
PPI_PROCESSED_INTERMEDIATE_GOODS,pairwise,old_vs_new,PPIITM,WPSID61,6,1966-06-01,-0.00626961301359552,-0.00626961301359552,0
PPI_PROCESSED_INTERMEDIATE_GOODS,pairwise,old_vs_new,PPIITM,WPSID61,6,1966-07-01,0.00623054975063608,0.00623054975063608,0
PPI_PROCESSED_INTERMEDIATE_GOODS,pairwise,old_vs_new,PPIITM,WPSID61,6,1966-08-01,-0.00312977207238774,-0.00312977207238774,0
PPI_PROCESSED_INTERMEDIATE_GOODS,pairwise,old_vs_new,PPIITM,WPSID61,6,1966-09-01,-0.00620155535649669,-0.00620155535649669,0
PPI_PROCESSED_INTERMEDIATE_GOODS,pairwise,old_vs_new,PPIITM,WPSID61,6,1966-10-01,-9.64473614395445e-06,-9.64473614395445e-06,0
PPI_PROCESSED_INTERMEDIATE_GOODS,pairwise,old_vs_new,PPIITM,WPSID61,6,1966-11-01,0.0062208448287846,0.0062208448287846,0
PPI_PROCESSED_INTERMEDIATE_GOODS,pairwise,old_vs_new,PPIITM,WPSID61,6,1966-12-01,-0.0031104224143923,-0.0031104224143923,0
PPI_PROCESSED_INTERMEDIATE_GOODS,pairwise,old_vs_new,PPIITM,WPSID61,6,1967-01-01,0,0,0
PPI_PROCESSED_INTERMEDIATE_GOODS,pairwise,old_vs_new,PPIITM,WPSID61,6,1967-02-01,-0.0031104224143923,-0.0031104224143923,0
PPI_PROCESSED_INTERMEDIATE_GOODS,pairwise,old_vs_new,PPIITM,WPSID61,6,1967-03-01,0.0031104224143923,0.0031104224143923,0
PPI_PROCESSED_INTERMEDIATE_GOODS,pairwise,old_vs_new,PPIITM,WPSID61,6,1967-04-01,0,0,0
PPI_PROCESSED_INTERMEDIATE_GOODS,pairwise,old_vs_new,PPIITM,WPSID61,6,1967-05-01,0,0,0
PPI_PROCESSED_INTERMEDIATE_GOODS,pairwise,old_vs_new,PPIITM,WPSID61,6,1967-06-01,0.0031104224143923,0.0031104224143923,0
PPI_PROCESSED_INTERMEDIATE_GOODS,pairwise,old_vs_new,PPIITM,WPSID61,6,1967-07-01,-0.0031104224143923,-0.0031104224143923,0
PPI_PROCESSED_INTERMEDIATE_GOODS,pairwise,old_vs_new,PPIITM,WPSID61,6,1967-08-01,0,0,0
PPI_PROCESSED_INTERMEDIATE_GOODS,pairwise,old_vs_new,PPIITM,WPSID61,6,1967-09-01,0.00310077767824835,0.00310077767824835,0
PPI_PROCESSED_INTERMEDIATE_GOODS,pairwise,old_vs_new,PPIITM,WPSID61,6,1967-10-01,-0.00310077767824835,-0.00310077767824835,0
PPI_PROCESSED_INTERMEDIATE_GOODS,pairwise,old_vs_new,PPIITM,WPSID61,6,1967-11-01,0.00309119256967261,0.00309119256967261,0
PPI_PROCESSED_INTERMEDIATE_GOODS,pairwise,old_vs_new,PPIITM,WPSID61,6,1967-12-01,0.00306267300470564,0.00306267300470564,0
PPI_PROCESSED_INTERMEDIATE_GOODS,pairwise,old_vs_new,PPIITM,WPSID61,6,1968-01-01,-0.00615386557437825,-0.00615386557437825,0
PPI_PROCESSED_INTERMEDIATE_GOODS,pairwise,old_vs_new,PPIITM,WPSID61,6,1968-02-01,0.00306278953054617,0.00306278953054617,0
PPI_PROCESSED_INTERMEDIATE_GOODS,pairwise,old_vs_new,PPIITM,WPSID61,6,1968-03-01,-9.35204365637432e-06,-9.35204365637432e-06,0
PPI_PROCESSED_INTERMEDIATE_GOODS,pairwise,old_vs_new,PPIITM,WPSID61,6,1968-04-01,-0.0030534374868898,-0.0030534374868898,0
PPI_PROCESSED_INTERMEDIATE_GOODS,pairwise,old_vs_new,PPIITM,WPSID61,6,1968-05-01,0,0,0
PPI_PROCESSED_INTERMEDIATE_GOODS,pairwise,old_vs_new,PPIITM,WPSID61,6,1968-06-01,0.00304414238122819,0.00304414238122819,0
PPI_PROCESSED_INTERMEDIATE_GOODS,pairwise,old_vs_new,PPIITM,WPSID61,6,1968-07-01,-9.2386860739424e-06,-9.2386860739424e-06,0
PPI_PROCESSED_INTERMEDIATE_GOODS,pairwise,old_vs_new,PPIITM,WPSID61,6,1968-08-01,-0.00303490369515425,-0.00303490369515425,0
PPI_PROCESSED_INTERMEDIATE_GOODS,pairwise,old_vs_new,PPIITM,WPSID61,6,1968-09-01,0.00302572091653719,0.00302572091653719,0
PPI_PROCESSED_INTERMEDIATE_GOODS,pairwise,old_vs_new,PPIITM,WPSID61,6,1968-10-01,-9.12737711145084e-06,-9.12737711145084e-06,0
PPI_PROCESSED_INTERMEDIATE_GOODS,pairwise,old_vs_new,PPIITM,WPSID61,6,1968-11-01,-0.00301659353942574,-0.00301659353942574,0
PPI_PROCESSED_INTERMEDIATE_GOODS,pairwise,old_vs_new,PPIITM,WPSID61,6,1968-12-01,0.00600602406021133,0.00600602406021133,0
PPI_PROCESSED_INTERMEDIATE_GOODS,pairwise,old_vs_new,PPIITM,WPSID61,6,1969-01-01,-3.5857073707124e-05,-3.5857073707124e-05,0
PPI_PROCESSED_INTERMEDIATE_GOODS,pairwise,old_vs_new,PPIITM,WPSID61,6,1969-02-01,-0.0029983965973468,-0.0029983965973468,0
PPI_PROCESSED_INTERMEDIATE_GOODS,pairwise,old_vs_new,PPIITM,WPSID61,6,1969-03-01,0.00294540663893095,0.00294540663893095,0
PPI_PROCESSED_INTERMEDIATE_GOODS,pairwise,old_vs_new,PPIITM,WPSID61,6,1969-04-01,-0.00887138892551986,-0.00887138892551986,0
PPI_PROCESSED_INTERMEDIATE_GOODS,pairwise,old_vs_new,PPIITM,WPSID61,6,1969-05-01,0.005908423794863,0.005908423794863,0
PPI_PROCESSED_INTERMEDIATE_GOODS,pairwise,old_vs_new,PPIITM,WPSID61,6,1969-06-01,-8.7016676744156e-06,-8.7016676744156e-06,0
PPI_PROCESSED_INTERMEDIATE_GOODS,pairwise,old_vs_new,PPIITM,WPSID61,6,1969-07-01,-0.00294551022975709,-0.00294551022975709,0
PPI_PROCESSED_INTERMEDIATE_GOODS,pairwise,old_vs_new,PPIITM,WPSID61,6,1969-08-01,0.0058651194523982,0.0058651194523982,0
PPI_PROCESSED_INTERMEDIATE_GOODS,pairwise,old_vs_new,PPIITM,WPSID61,6,1969-09-01,-0.0058651194523982,-0.0058651194523982,0
PPI_PROCESSED_INTERMEDIATE_GOODS,pairwise,old_vs_new,PPIITM,WPSID61,6,1969-10-01,0.00583092031079291,0.00583092031079291,0
PPI_PROCESSED_INTERMEDIATE_GOODS,pairwise,old_vs_new,PPIITM,WPSID61,6,1969-11-01,-3.38026264667945e-05,-3.38026264667945e-05,0
PPI_PROCESSED_INTERMEDIATE_GOODS,pairwise,old_vs_new,PPIITM,WPSID61,6,1969-12-01,-0.00291111279519152,-0.00291111279519152,0
PPI_PROCESSED_INTERMEDIATE_GOODS,pairwise,old_vs_new,PPIITM,WPSID61,6,1970-01-01,0.00572236964746553,0.00572236964746553,0
PPI_PROCESSED_INTERMEDIATE_GOODS,pairwise,old_vs_new,PPIITM,WPSID61,6,1970-02-01,-0.00860837453660013,-0.00860837453660013,0
PPI_PROCESSED_INTERMEDIATE_GOODS,pairwise,old_vs_new,PPIITM,WPSID61,6,1970-03-01,-0.00286123228103197,-0.00286123228103197,0
PPI_PROCESSED_INTERMEDIATE_GOODS,pairwise,old_vs_new,PPIITM,WPSID61,6,1970-04-01,0.00857553354447038,0.00857553354447038,0
PPI_PROCESSED_INTERMEDIATE_GOODS,pairwise,old_vs_new,PPIITM,WPSID61,6,1970-05-01,-0.00286934913120707,-0.00286934913120707,0
PPI_PROCESSED_INTERMEDIATE_GOODS,pairwise,old_vs_new,PPIITM,WPSID61,6,1970-06-01,-8.07079703157854e-06,-8.07079703157854e-06,0
PPI_PROCESSED_INTERMEDIATE_GOODS,pairwise,old_vs_new,PPIITM,WPSID61,6,1970-07-01,0.00281285120691921,0.00281285120691921,0
PPI_PROCESSED_INTERMEDIATE_GOODS,pairwise,old_vs_new,PPIITM,WPSID61,6,1970-08-01,-0.00564973254211898,-0.00564973254211898,0
PPI_PROCESSED_INTERMEDIATE_GOODS,pairwise,old_vs_new,PPIITM,WPSID61,6,1970-09-01,0.00281294137661492,0.00281294137661492,0
PPI_PROCESSED_INTERMEDIATE_GOODS,pairwise,old_vs_new,PPIITM,WPSID61,6,1970-10-01,0.00278931417205452,0.00278931417205452,0
PPI_PROCESSED_INTERMEDIATE_GOODS,pairwise,old_vs_new,PPIITM,WPSID61,6,1970-11-01,-0.00281285346109073,-0.00281285346109073,0
PPI_PROCESSED_INTERMEDIATE_GOODS,pairwise,old_vs_new,PPIITM,WPSID61,6,1970-12-01,-0.00278940208757872,-0.00278940208757872,0
PPI_PROCESSED_INTERMEDIATE_GOODS,pairwise,old_vs_new,PPIITM,WPSID61,6,1971-01-01,0.00278164296187677,0.00278164296187677,0
PPI_PROCESSED_INTERMEDIATE_GOODS,pairwise,old_vs_new,PPIITM,WPSID61,6,1971-02-01,-7.71607915162065e-06,-7.71607915162065e-06,0
PPI_PROCESSED_INTERMEDIATE_GOODS,pairwise,old_vs_new,PPIITM,WPSID61,6,1971-03-01,0.00275094904924478,0.00275094904924478,0
PPI_PROCESSED_INTERMEDIATE_GOODS,pairwise,old_vs_new,PPIITM,WPSID61,6,1971-04-01,-0.00552487593196993,-0.00552487593196993,0
PPI_PROCESSED_INTERMEDIATE_GOODS,pairwise,old_vs_new,PPIITM,WPSID61,6,1971-05-01,0.005494519317641,0.005494519317641,0
PPI_PROCESSED_INTERMEDIATE_GOODS,pairwise,old_vs_new,PPIITM,WPSID61,6,1971-06-01,-3.00248455622487e-05,-3.00248455622487e-05,0
PPI_PROCESSED_INTERMEDIATE_GOODS,pairwise,old_vs_new,PPIITM,WPSID61,6,1971-07-01,-2.96984861218874e-05,-2.96984861218874e-05,0
PPI_PROCESSED_INTERMEDIATE_GOODS,pairwise,old_vs_new,PPIITM,WPSID61,6,1971-08-01,0.00266241424666269,0.00266241424666269,0
PPI_PROCESSED_INTERMEDIATE_GOODS,pairwise,old_vs_new,PPIITM,WPSID61,6,1971-09-01,-0.00809721023261956,-0.00809721023261956,0
PPI_PROCESSED_INTERMEDIATE_GOODS,pairwise,old_vs_new,PPIITM,WPSID61,6,1971-10-01,-0.00269179166571165,-0.00269179166571165,0
PPI_PROCESSED_INTERMEDIATE_GOODS,pairwise,old_vs_new,PPIITM,WPSID61,6,1971-11-01,0.0053835833314233,0.0053835833314233,0
PPI_PROCESSED_INTERMEDIATE_GOODS,pairwise,old_vs_new,PPIITM,WPSID61,6,1971-12-01,0.00267015147567351,0.00267015147567351,0
PPI_PROCESSED_INTERMEDIATE_GOODS,pairwise,old_vs_new,PPIITM,WPSID61,6,1972-01-01,-0.00269171458550632,-0.00269171458550632,0
PPI_PROCESSED_INTERMEDIATE_GOODS,pairwise,old_vs_new,PPIITM,WPSID61,6,1972-02-01,0.00264893292172097,0.00264893292172097,0
PPI_PROCESSED_INTERMEDIATE_GOODS,pairwise,old_vs_new,PPIITM,WPSID61,6,1972-03-01,-0.00267015330602272,-0.00267015330602272,0
PPI_PROCESSED_INTERMEDIATE_GOODS,pairwise,old_vs_new,PPIITM,WPSID61,6,1972-04-01,-6.99870873832609e-06,-6.99870873832609e-06,0
PPI_PROCESSED_INTERMEDIATE_GOODS,pairwise,old_vs_new,PPIITM,WPSID61,6,1972-05-01,-6.96182483395091e-06,-6.96182483395091e-06,0
PPI_PROCESSED_INTERMEDIATE_GOODS,pairwise,old_vs_new,PPIITM,WPSID61,6,1972-06-01,-0.00263504763800482,-0.00263504763800482,0
PPI_PROCESSED_INTERMEDIATE_GOODS,pairwise,old_vs_new,PPIITM,WPSID61,6,1972-07-01,0.00262812240626964,0.00262812240626964,0
PPI_PROCESSED_INTERMEDIATE_GOODS,pairwise,old_vs_new,PPIITM,WPSID61,6,1972-08-01,-6.88892639555405e-06,-6.88892639555405e-06,0
PPI_PROCESSED_INTERMEDIATE_GOODS,pairwise,old_vs_new,PPIITM,WPSID61,6,1972-09-01,0.00520149220133526,0.00520149220133526,0
PPI_PROCESSED_INTERMEDIATE_GOODS,pairwise,old_vs_new,PPIITM,WPSID61,6,1972-10-01,-0.00264136693921202,-0.00264136693921202,0
PPI_PROCESSED_INTERMEDIATE_GOODS,pairwise,old_vs_new,PPIITM,WPSID61,6,1972-11-01,0.00254068735191293,0.00254068735191293,0
PPI_PROCESSED_INTERMEDIATE_GOODS,pairwise,old_vs_new,PPIITM,WPSID61,6,1972-12-01,0.00754542603687813,0.00754542603687813,0
PPI_PROCESSED_INTERMEDIATE_GOODS,pairwise,old_vs_new,PPIITM,WPSID61,6,1973-01-01,-0.0102296781008313,-0.0102296781008313,0
PPI_PROCESSED_INTERMEDIATE_GOODS,pairwise,old_vs_new,PPIITM,WPSID61,6,1973-02-01,0.00992507864675574,0.00992507864675574,0
PPI_PROCESSED_INTERMEDIATE_GOODS,pairwise,old_vs_new,PPIITM,WPSID61,6,1973-03-01,0.00221546385837179,0.00221546385837179,0
PPI_PROCESSED_INTERMEDIATE_GOODS,pairwise,old_vs_new,PPIITM,WPSID61,6,1973-04-01,-0.012323958070287,-0.012323958070287,0
PPI_PROCESSED_INTERMEDIATE_GOODS,pairwise,old_vs_new,PPIITM,WPSID61,6,1973-05-01,0.0167033426101817,0.0167033426101817,0
PPI_PROCESSED_INTERMEDIATE_GOODS,pairwise,old_vs_new,PPIITM,WPSID61,6,1973-06-01,-0.00277782642338309,-0.00277782642338309,0
PPI_PROCESSED_INTERMEDIATE_GOODS,pairwise,old_vs_new,PPIITM,WPSID61,6,1973-07-01,-0.0351929242929265,-0.0351929242929265,0
PPI_PROCESSED_INTERMEDIATE_GOODS,pairwise,old_vs_new,PPIITM,WPSID61,6,1973-08-01,0.0443868816837365,0.0443868816837365,0
PPI_PROCESSED_INTERMEDIATE_GOODS,pairwise,old_vs_new,PPIITM,WPSID61,6,1973-09-01,-0.0395346744434821,-0.0395346744434821,0
PPI_PROCESSED_INTERMEDIATE_GOODS,pairwise,old_vs_new,PPIITM,WPSID61,6,1973-10-01,0.0208201478138728,0.0208201478138728,0
PPI_PROCESSED_INTERMEDIATE_GOODS,pairwise,old_vs_new,PPIITM,WPSID61,6,1973-11-01,-8.49491367556077e-05,-8.49491367556077e-05,0
PPI_PROCESSED_INTERMEDIATE_GOODS,pairwise,old_vs_new,PPIITM,WPSID61,6,1973-12-01,0.0133999457624978,0.0133999457624978,0
PPI_PROCESSED_INTERMEDIATE_GOODS,pairwise,old_vs_new,PPIITM,WPSID61,6,1974-01-01,0.00168265560702086,0.00168265560702086,0
PPI_PROCESSED_INTERMEDIATE_GOODS,pairwise,old_vs_new,PPIITM,WPSID61,6,1974-02-01,-0.00483889178845809,-0.00483889178845809,0
PPI_PROCESSED_INTERMEDIATE_GOODS,pairwise,old_vs_new,PPIITM,WPSID61,6,1974-03-01,0.00798088833101263,0.00798088833101263,0
PPI_PROCESSED_INTERMEDIATE_GOODS,pairwise,old_vs_new,PPIITM,WPSID61,6,1974-04-01,-0.0088608531892036,-0.0088608531892036,0
PPI_PROCESSED_INTERMEDIATE_GOODS,pairwise,old_vs_new,PPIITM,WPSID61,6,1974-05-01,0.0135931571838825,0.0135931571838825,0
PPI_PROCESSED_INTERMEDIATE_GOODS,pairwise,old_vs_new,PPIITM,WPSID61,6,1974-06-01,-0.0145010468065228,-0.0145010468065228,0
PPI_PROCESSED_INTERMEDIATE_GOODS,pairwise,old_vs_new,PPIITM,WPSID61,6,1974-07-01,0.0185987069201881,0.0185987069201881,0
PPI_PROCESSED_INTERMEDIATE_GOODS,pairwise,old_vs_new,PPIITM,WPSID61,6,1974-08-01,0.00773418512465707,0.00773418512465707,0
PPI_PROCESSED_INTERMEDIATE_GOODS,pairwise,old_vs_new,PPIITM,WPSID61,6,1974-09-01,-0.0421726126473274,-0.0421726126473274,0
PPI_PROCESSED_INTERMEDIATE_GOODS,pairwise,old_vs_new,PPIITM,WPSID61,6,1974-10-01,0.0211990074509103,0.0211990074509103,0
PPI_PROCESSED_INTERMEDIATE_GOODS,pairwise,old_vs_new,PPIITM,WPSID61,6,1974-11-01,-0.0125546409321187,-0.0125546409321187,0
PPI_PROCESSED_INTERMEDIATE_GOODS,pairwise,old_vs_new,PPIITM,WPSID61,6,1974-12-01,-0.01043487729258,-0.01043487729258,0
PPI_PROCESSED_INTERMEDIATE_GOODS,pairwise,old_vs_new,PPIITM,WPSID61,6,1975-01-01,0.00345423486808727,0.00345423486808727,0
PPI_PROCESSED_INTERMEDIATE_GOODS,pairwise,old_vs_new,PPIITM,WPSID61,6,1975-02-01,-0.00690846973617454,-0.00690846973617454,0
PPI_PROCESSED_INTERMEDIATE_GOODS,pairwise,old_vs_new,PPIITM,WPSID61,6,1975-03-01,-0.00349023748472366,-0.00349023748472366,0
PPI_PROCESSED_INTERMEDIATE_GOODS,pairwise,old_vs_new,PPIITM,WPSID61,6,1975-04-01,0.00868511683059481,0.00868511683059481,0
PPI_PROCESSED_INTERMEDIATE_GOODS,pairwise,old_vs_new,PPIITM,WPSID61,6,1975-05-01,-0.00522496856039467,-0.00522496856039467,0
PPI_PROCESSED_INTERMEDIATE_GOODS,pairwise,old_vs_new,PPIITM,WPSID61,6,1975-06-01,0.00348432408261079,0.00348432408261079,0
PPI_PROCESSED_INTERMEDIATE_GOODS,pairwise,old_vs_new,PPIITM,WPSID61,6,1975-07-01,0.00348432408261079,0.00348432408261079,0
PPI_PROCESSED_INTERMEDIATE_GOODS,pairwise,old_vs_new,PPIITM,WPSID61,6,1975-08-01,0.00517373866050352,0.00517373866050352,0
PPI_PROCESSED_INTERMEDIATE_GOODS,pairwise,old_vs_new,PPIITM,WPSID61,6,1975-09-01,-0.00521571855214109,-0.00521571855214109,0
PPI_PROCESSED_INTERMEDIATE_GOODS,pairwise,old_vs_new,PPIITM,WPSID61,6,1975-10-01,0.00681415597621537,0.00681415597621537,0
PPI_PROCESSED_INTERMEDIATE_GOODS,pairwise,old_vs_new,PPIITM,WPSID61,6,1975-11-01,-0.00686091116604981,-0.00686091116604981,0
PPI_PROCESSED_INTERMEDIATE_GOODS,pairwise,old_vs_new,PPIITM,WPSID61,6,1975-12-01,-1.14910168980131e-05,-1.14910168980131e-05,0
PPI_PROCESSED_INTERMEDIATE_GOODS,pairwise,old_vs_new,PPIITM,WPSID61,6,1976-01-01,-1.14135056019649e-05,-1.14135056019649e-05,0
PPI_PROCESSED_INTERMEDIATE_GOODS,pairwise,old_vs_new,PPIITM,WPSID61,6,1976-02-01,-1.13367759340122e-05,-1.13367759340122e-05,0
PPI_PROCESSED_INTERMEDIATE_GOODS,pairwise,old_vs_new,PPIITM,WPSID61,6,1976-03-01,-1.12608174225315e-05,-1.12608174225315e-05,0
PPI_PROCESSED_INTERMEDIATE_GOODS,pairwise,old_vs_new,PPIITM,WPSID61,6,1976-04-01,-1.11856197682059e-05,-1.11856197682059e-05,0
PPI_PROCESSED_INTERMEDIATE_GOODS,pairwise,old_vs_new,PPIITM,WPSID61,6,1976-05-01,0.00164864024552536,0.00164864024552536,0
PPI_PROCESSED_INTERMEDIATE_GOODS,pairwise,old_vs_new,PPIITM,WPSID61,6,1976-06-01,0.0032701437279421,0.0032701437279421,0
PPI_PROCESSED_INTERMEDIATE_GOODS,pairwise,old_vs_new,PPIITM,WPSID61,6,1976-07-01,-0.00333560803355315,-0.00333560803355315,0
PPI_PROCESSED_INTERMEDIATE_GOODS,pairwise,old_vs_new,PPIITM,WPSID61,6,1976-08-01,-0.00165410044081238,-0.00165410044081238,0
PPI_PROCESSED_INTERMEDIATE_GOODS,pairwise,old_vs_new,PPIITM,WPSID61,6,1976-09-01,0.00647235998376861,0.00647235998376861,0
PPI_PROCESSED_INTERMEDIATE_GOODS,pairwise,old_vs_new,PPIITM,WPSID61,6,1976-10-01,-0.00812613139384322,-0.00812613139384322,0
PPI_PROCESSED_INTERMEDIATE_GOODS,pairwise,old_vs_new,PPIITM,WPSID61,6,1976-11-01,0.00481668497574894,0.00481668497574894,0
PPI_PROCESSED_INTERMEDIATE_GOODS,pairwise,old_vs_new,PPIITM,WPSID61,6,1976-12-01,-4.10922315197126e-05,-4.10922315197126e-05,0
PPI_PROCESSED_INTERMEDIATE_GOODS,pairwise,old_vs_new,PPIITM,WPSID61,6,1977-01-01,-0.00321014518139062,-0.00321014518139062,0
PPI_PROCESSED_INTERMEDIATE_GOODS,pairwise,old_vs_new,PPIITM,WPSID61,6,1977-02-01,0.00157094984121819,0.00157094984121819,0
PPI_PROCESSED_INTERMEDIATE_GOODS,pairwise,old_vs_new,PPIITM,WPSID61,6,1977-03-01,0.00468342947475975,0.00468342947475975,0
PPI_PROCESSED_INTERMEDIATE_GOODS,pairwise,old_vs_new,PPIITM,WPSID61,6,1977-04-01,-0.00163976050653858,-0.00163976050653858,0
PPI_PROCESSED_INTERMEDIATE_GOODS,pairwise,old_vs_new,PPIITM,WPSID61,6,1977-05-01,-6.02811270828951e-05,-6.02811270828951e-05,0
PPI_PROCESSED_INTERMEDIATE_GOODS,pairwise,old_vs_new,PPIITM,WPSID61,6,1977-06-01,-0.00773399059973645,-0.00773399059973645,0
PPI_PROCESSED_INTERMEDIATE_GOODS,pairwise,old_vs_new,PPIITM,WPSID61,6,1977-07-01,0.00307692550447936,0.00307692550447936,0
PPI_PROCESSED_INTERMEDIATE_GOODS,pairwise,old_vs_new,PPIITM,WPSID61,6,1977-08-01,0.00152078374414977,0.00152078374414977,0
PPI_PROCESSED_INTERMEDIATE_GOODS,pairwise,old_vs_new,PPIITM,WPSID61,6,1977-09-01,-2.10422212170158e-05,-2.10422212170158e-05,0
PPI_PROCESSED_INTERMEDIATE_GOODS,pairwise,old_vs_new,PPIITM,WPSID61,6,1977-10-01,-0.00305575418670578,-0.00305575418670578,0
PPI_PROCESSED_INTERMEDIATE_GOODS,pairwise,old_vs_new,PPIITM,WPSID61,6,1977-11-01,0.00604914601983886,0.00604914601983886,0
PPI_PROCESSED_INTERMEDIATE_GOODS,pairwise,old_vs_new,PPIITM,WPSID61,6,1977-12-01,-0.00305537850601834,-0.00305537850601834,0
PPI_PROCESSED_INTERMEDIATE_GOODS,pairwise,old_vs_new,PPIITM,WPSID61,6,1978-01-01,-2.02907666873031e-05,-2.02907666873031e-05,0
PPI_PROCESSED_INTERMEDIATE_GOODS,pairwise,old_vs_new,PPIITM,WPSID61,6,1978-02-01,0.00295166119623858,0.00295166119623858,0
PPI_PROCESSED_INTERMEDIATE_GOODS,pairwise,old_vs_new,PPIITM,WPSID61,6,1978-03-01,-0.00152887375598976,-0.00152887375598976,0
PPI_PROCESSED_INTERMEDIATE_GOODS,pairwise,old_vs_new,PPIITM,WPSID61,6,1978-04-01,-0.00150215881897076,-0.00150215881897076,0
PPI_PROCESSED_INTERMEDIATE_GOODS,pairwise,old_vs_new,PPIITM,WPSID61,6,1978-05-01,0.00435696786371942,0.00435696786371942,0
PPI_PROCESSED_INTERMEDIATE_GOODS,pairwise,old_vs_new,PPIITM,WPSID61,6,1978-06-01,-0.00152032267751689,-0.00152032267751689,0
PPI_PROCESSED_INTERMEDIATE_GOODS,pairwise,old_vs_new,PPIITM,WPSID61,6,1978-07-01,-0.00436565850618553,-0.00436565850618553,0
PPI_PROCESSED_INTERMEDIATE_GOODS,pairwise,old_vs_new,PPIITM,WPSID61,6,1978-08-01,0.00429277683787088,0.00429277683787088,0
PPI_PROCESSED_INTERMEDIATE_GOODS,pairwise,old_vs_new,PPIITM,WPSID61,6,1978-09-01,0.0013682788514533,0.0013682788514533,0
PPI_PROCESSED_INTERMEDIATE_GOODS,pairwise,old_vs_new,PPIITM,WPSID61,6,1978-10-01,0.00273655702356823,0.00273655702356823,0
PPI_PROCESSED_INTERMEDIATE_GOODS,pairwise,old_vs_new,PPIITM,WPSID61,6,1978-11-01,-0.00290368029527599,-0.00290368029527599,0
PPI_PROCESSED_INTERMEDIATE_GOODS,pairwise,old_vs_new,PPIITM,WPSID61,6,1978-12-01,-0.00144990264208111,-0.00144990264208111,0
PPI_PROCESSED_INTERMEDIATE_GOODS,pairwise,old_vs_new,PPIITM,WPSID61,6,1979-01-01,0.00269203269939222,0.00269203269939222,0
PPI_PROCESSED_INTERMEDIATE_GOODS,pairwise,old_vs_new,PPIITM,WPSID61,6,1979-02-01,-0.00144763492450384,-0.00144763492450384,0
PPI_PROCESSED_INTERMEDIATE_GOODS,pairwise,old_vs_new,PPIITM,WPSID61,6,1979-03-01,0.00396327557486575,0.00396327557486575,0
PPI_PROCESSED_INTERMEDIATE_GOODS,pairwise,old_vs_new,PPIITM,WPSID61,6,1979-04-01,0.002499945219264,0.002499945219264,0
PPI_PROCESSED_INTERMEDIATE_GOODS,pairwise,old_vs_new,PPIITM,WPSID61,6,1979-05-01,-0.00281873693054635,-0.00281873693054635,0
PPI_PROCESSED_INTERMEDIATE_GOODS,pairwise,old_vs_new,PPIITM,WPSID61,6,1979-06-01,-0.000138056690385469,-0.000138056690385469,0
PPI_PROCESSED_INTERMEDIATE_GOODS,pairwise,old_vs_new,PPIITM,WPSID61,6,1979-07-01,0.00368435945129963,0.00368435945129963,0
PPI_PROCESSED_INTERMEDIATE_GOODS,pairwise,old_vs_new,PPIITM,WPSID61,6,1979-08-01,-0.00148487003164988,-0.00148487003164988,0
PPI_PROCESSED_INTERMEDIATE_GOODS,pairwise,old_vs_new,PPIITM,WPSID61,6,1979-09-01,0.00227910763319805,0.00227910763319805,0
PPI_PROCESSED_INTERMEDIATE_GOODS,pairwise,old_vs_new,PPIITM,WPSID61,6,1979-10-01,-0.000256980871545132,-0.000256980871545132,0
PPI_PROCESSED_INTERMEDIATE_GOODS,pairwise,old_vs_new,PPIITM,WPSID61,6,1979-11-01,-0.00624056488232227,-0.00624056488232227,0
PPI_PROCESSED_INTERMEDIATE_GOODS,pairwise,old_vs_new,PPIITM,WPSID61,6,1979-12-01,-9.2459895586039e-05,-9.2459895586039e-05,0
PPI_PROCESSED_INTERMEDIATE_GOODS,pairwise,old_vs_new,PPIITM,WPSID61,6,1980-01-01,0.0139610463940434,0.0139610463940434,0
PPI_PROCESSED_INTERMEDIATE_GOODS,pairwise,old_vs_new,PPIITM,WPSID61,6,1980-02-01,-0.00509679572135546,-0.00509679572135546,0
PPI_PROCESSED_INTERMEDIATE_GOODS,pairwise,old_vs_new,PPIITM,WPSID61,6,1980-03-01,-0.0116077366184388,-0.0116077366184388,0
PPI_PROCESSED_INTERMEDIATE_GOODS,pairwise,old_vs_new,PPIITM,WPSID61,6,1980-04-01,-0.00343037606926178,-0.00343037606926178,0
PPI_PROCESSED_INTERMEDIATE_GOODS,pairwise,old_vs_new,PPIITM,WPSID61,6,1980-05-01,0.00223822871711832,0.00223822871711832,0
PPI_PROCESSED_INTERMEDIATE_GOODS,pairwise,old_vs_new,PPIITM,WPSID61,6,1980-06-01,0.00331478785775818,0.00331478785775818,0
PPI_PROCESSED_INTERMEDIATE_GOODS,pairwise,old_vs_new,PPIITM,WPSID61,6,1980-07-01,-0.00118373017828777,-0.00118373017828777,0
PPI_PROCESSED_INTERMEDIATE_GOODS,pairwise,old_vs_new,PPIITM,WPSID61,6,1980-08-01,0.00322424617786865,0.00322424617786865,0
PPI_PROCESSED_INTERMEDIATE_GOODS,pairwise,old_vs_new,PPIITM,WPSID61,6,1980-09-01,-0.00662706449542938,-0.00662706449542938,0
PPI_PROCESSED_INTERMEDIATE_GOODS,pairwise,old_vs_new,PPIITM,WPSID61,6,1980-10-01,0.00538355335034701,0.00538355335034701,0
PPI_PROCESSED_INTERMEDIATE_GOODS,pairwise,old_vs_new,PPIITM,WPSID61,6,1980-11-01,-0.00223081392802627,-0.00223081392802627,0
PPI_PROCESSED_INTERMEDIATE_GOODS,pairwise,old_vs_new,PPIITM,WPSID61,6,1980-12-01,0.0020648403543273,0.0020648403543273,0
PPI_PROCESSED_INTERMEDIATE_GOODS,pairwise,old_vs_new,PPIITM,WPSID61,6,1981-01-01,0.00305211004908656,0.00305211004908656,0
PPI_PROCESSED_INTERMEDIATE_GOODS,pairwise,old_vs_new,PPIITM,WPSID61,6,1981-02-01,-0.00741525098700979,-0.00741525098700979,0
PPI_PROCESSED_INTERMEDIATE_GOODS,pairwise,old_vs_new,PPIITM,WPSID61,6,1981-03-01,0.00513556340214194,0.00513556340214194,0
PPI_PROCESSED_INTERMEDIATE_GOODS,pairwise,old_vs_new,PPIITM,WPSID61,6,1981-04-01,0.00193059253480854,0.00193059253480854,0
PPI_PROCESSED_INTERMEDIATE_GOODS,pairwise,old_vs_new,PPIITM,WPSID61,6,1981-05-01,-0.00822173256952574,-0.00822173256952574,0
PPI_PROCESSED_INTERMEDIATE_GOODS,pairwise,old_vs_new,PPIITM,WPSID61,6,1981-06-01,-0.00102601559116167,-0.00102601559116167,0
PPI_PROCESSED_INTERMEDIATE_GOODS,pairwise,old_vs_new,PPIITM,WPSID61,6,1981-07-01,-0.00101673953891623,-0.00101673953891623,0
PPI_PROCESSED_INTERMEDIATE_GOODS,pairwise,old_vs_new,PPIITM,WPSID61,6,1981-08-01,0.0030094985207274,0.0030094985207274,0
PPI_PROCESSED_INTERMEDIATE_GOODS,pairwise,old_vs_new,PPIITM,WPSID61,6,1981-09-01,-0.00502766267696497,-0.00502766267696497,0
PPI_PROCESSED_INTERMEDIATE_GOODS,pairwise,old_vs_new,PPIITM,WPSID61,6,1981-10-01,0.00100250634962595,0.00100250634962595,0
PPI_PROCESSED_INTERMEDIATE_GOODS,pairwise,old_vs_new,PPIITM,WPSID61,6,1981-11-01,-1.00401253622096e-06,-1.00401253622096e-06,0
PPI_PROCESSED_INTERMEDIATE_GOODS,pairwise,old_vs_new,PPIITM,WPSID61,6,1981-12-01,-1.00200350594548e-06,-1.00200350594548e-06,0
PPI_PROCESSED_INTERMEDIATE_GOODS,pairwise,old_vs_new,PPIITM,WPSID61,6,1982-01-01,0.00299152093595367,0.00299152093595367,0
PPI_PROCESSED_INTERMEDIATE_GOODS,pairwise,old_vs_new,PPIITM,WPSID61,6,1982-02-01,-0.00498853355927675,-0.00498853355927675,0
PPI_PROCESSED_INTERMEDIATE_GOODS,pairwise,old_vs_new,PPIITM,WPSID61,6,1982-03-01,-0.00299949702364266,-0.00299949702364266,0
PPI_PROCESSED_INTERMEDIATE_GOODS,pairwise,old_vs_new,PPIITM,WPSID61,6,1982-04-01,0.00199200062666627,0.00199200062666627,0
PPI_PROCESSED_INTERMEDIATE_GOODS,pairwise,old_vs_new,PPIITM,WPSID61,6,1982-05-01,0.00200400868671569,0.00200400868671569,0
PPI_PROCESSED_INTERMEDIATE_GOODS,pairwise,old_vs_new,PPIITM,WPSID61,6,1982-06-01,0.00100250634962595,0.00100250634962595,0
PPI_PROCESSED_INTERMEDIATE_GOODS,pairwise,old_vs_new,PPIITM,WPSID61,6,1982-07-01,0.000999496321047566,0.000999496321047566,0
PPI_PROCESSED_INTERMEDIATE_GOODS,pairwise,old_vs_new,PPIITM,WPSID61,6,1982-08-01,-0.00300250300425731,-0.00300250300425731,0
PPI_PROCESSED_INTERMEDIATE_GOODS,pairwise,old_vs_new,PPIITM,WPSID61,6,1982-09-01,0.00200100066716757,0.00200100066716757,0
PPI_PROCESSED_INTERMEDIATE_GOODS,pairwise,old_vs_new,PPIITM,WPSID61,6,1982-10-01,-0.00200100066716757,-0.00200100066716757,0
PPI_PROCESSED_INTERMEDIATE_GOODS,pairwise,old_vs_new,PPIITM,WPSID61,6,1982-11-01,0.00300050100025029,0.00300050100025029,0
PPI_PROCESSED_INTERMEDIATE_GOODS,pairwise,old_vs_new,PPIITM,WPSID61,6,1982-12-01,-0.0020000006666665,-0.0020000006666665,0
PPI_PROCESSED_INTERMEDIATE_GOODS,pairwise,old_vs_new,PPIITM,WPSID61,6,1983-01-01,-0.00300150300375623,-0.00300150300375623,0
PPI_PROCESSED_INTERMEDIATE_GOODS,pairwise,old_vs_new,PPIITM,WPSID61,6,1983-02-01,0.00500350567442975,0.00500350567442975,0
PPI_PROCESSED_INTERMEDIATE_GOODS,pairwise,old_vs_new,PPIITM,WPSID61,6,1983-03-01,-0.00500651169097299,-0.00500651169097299,0
PPI_PROCESSED_INTERMEDIATE_GOODS,pairwise,old_vs_new,PPIITM,WPSID61,6,1983-04-01,0.00099647621705401,0.00099647621705401,0
PPI_PROCESSED_INTERMEDIATE_GOODS,pairwise,old_vs_new,PPIITM,WPSID61,6,1983-05-01,0.00501857195611688,0.00501857195611688,0
PPI_PROCESSED_INTERMEDIATE_GOODS,pairwise,old_vs_new,PPIITM,WPSID61,6,1983-06-01,0.000989466180474352,0.000989466180474352,0
PPI_PROCESSED_INTERMEDIATE_GOODS,pairwise,old_vs_new,PPIITM,WPSID61,6,1983-07-01,-0.00101046648497949,-0.00101046648497949,0
PPI_PROCESSED_INTERMEDIATE_GOODS,pairwise,old_vs_new,PPIITM,WPSID61,6,1983-08-01,0.000982661012066899,0.000982661012066899,0
PPI_PROCESSED_INTERMEDIATE_GOODS,pairwise,old_vs_new,PPIITM,WPSID61,6,1983-09-01,0.0029414079243848,0.0029414079243848,0
PPI_PROCESSED_INTERMEDIATE_GOODS,pairwise,old_vs_new,PPIITM,WPSID61,6,1983-10-01,-0.00592983987468543,-0.00592983987468543,0
PPI_PROCESSED_INTERMEDIATE_GOODS,pairwise,old_vs_new,PPIITM,WPSID61,6,1983-11-01,-9.66848224592809e-07,-9.66848224592809e-07,0
PPI_PROCESSED_INTERMEDIATE_GOODS,pairwise,old_vs_new,PPIITM,WPSID61,6,1983-12-01,-9.64949650850144e-07,-9.64949650850144e-07,0
PPI_PROCESSED_INTERMEDIATE_GOODS,pairwise,old_vs_new,PPIITM,WPSID61,6,1984-01-01,0.000978948829683191,0.000978948829683191,0
PPI_PROCESSED_INTERMEDIATE_GOODS,pairwise,old_vs_new,PPIITM,WPSID61,6,1984-02-01,0.00194928846590336,0.00194928846590336,0
PPI_PROCESSED_INTERMEDIATE_GOODS,pairwise,old_vs_new,PPIITM,WPSID61,6,1984-03-01,0.000956116243329141,0.000956116243329141,0
PPI_PROCESSED_INTERMEDIATE_GOODS,pairwise,old_vs_new,PPIITM,WPSID61,6,1984-04-01,-0.00292632483334643,-0.00292632483334643,0
PPI_PROCESSED_INTERMEDIATE_GOODS,pairwise,old_vs_new,PPIITM,WPSID61,6,1984-05-01,-3.75579096001388e-06,-3.75579096001388e-06,0
PPI_PROCESSED_INTERMEDIATE_GOODS,pairwise,old_vs_new,PPIITM,WPSID61,6,1984-06-01,-3.74127581270756e-06,-3.74127581270756e-06,0
PPI_PROCESSED_INTERMEDIATE_GOODS,pairwise,old_vs_new,PPIITM,WPSID61,6,1984-07-01,-0.00386473550210731,-0.00386473550210731,0
PPI_PROCESSED_INTERMEDIATE_GOODS,pairwise,old_vs_new,PPIITM,WPSID61,6,1984-08-01,-3.74127581270756e-06,-3.74127581270756e-06,0
PPI_PROCESSED_INTERMEDIATE_GOODS,pairwise,old_vs_new,PPIITM,WPSID61,6,1984-09-01,0.00096664700231841,0.00096664700231841,0
PPI_PROCESSED_INTERMEDIATE_GOODS,pairwise,old_vs_new,PPIITM,WPSID61,6,1984-10-01,0.0019389240490959,0.0019389240490959,0
PPI_PROCESSED_INTERMEDIATE_GOODS,pairwise,old_vs_new,PPIITM,WPSID61,6,1984-11-01,-9.38946417505804e-07,-9.38946417505804e-07,0
PPI_PROCESSED_INTERMEDIATE_GOODS,pairwise,old_vs_new,PPIITM,WPSID61,6,1984-12-01,-0.00193704615626089,-0.00193704615626089,0
PPI_PROCESSED_INTERMEDIATE_GOODS,pairwise,old_vs_new,PPIITM,WPSID61,6,1985-01-01,-9.38946417505804e-07,-9.38946417505804e-07,0
PPI_PROCESSED_INTERMEDIATE_GOODS,pairwise,old_vs_new,PPIITM,WPSID61,6,1985-02-01,-0.00194457597730135,-0.00194457597730135,0
PPI_PROCESSED_INTERMEDIATE_GOODS,pairwise,old_vs_new,PPIITM,WPSID61,6,1985-03-01,0.00194080191529711,0.00194080191529711,0
PPI_PROCESSED_INTERMEDIATE_GOODS,pairwise,old_vs_new,PPIITM,WPSID61,6,1985-04-01,0.002918761992043,0.002918761992043,0
PPI_PROCESSED_INTERMEDIATE_GOODS,pairwise,old_vs_new,PPIITM,WPSID61,6,1985-05-01,0.000965684301967862,0.000965684301967862,0
PPI_PROCESSED_INTERMEDIATE_GOODS,pairwise,old_vs_new,PPIITM,WPSID61,6,1985-06-01,-0.00874213051825201,-0.00874213051825201,0
PPI_PROCESSED_INTERMEDIATE_GOODS,pairwise,old_vs_new,PPIITM,WPSID61,6,1985-07-01,0.00290266053170551,0.00290266053170551,0
PPI_PROCESSED_INTERMEDIATE_GOODS,pairwise,old_vs_new,PPIITM,WPSID61,6,1985-08-01,0.00292825977908784,0.00292825977908784,0
PPI_PROCESSED_INTERMEDIATE_GOODS,pairwise,old_vs_new,PPIITM,WPSID61,6,1985-09-01,-0.000977995187977143,-0.000977995187977143,0
PPI_PROCESSED_INTERMEDIATE_GOODS,pairwise,old_vs_new,PPIITM,WPSID61,6,1985-10-01,0.00195599037595429,0.00195599037595429,0
PPI_PROCESSED_INTERMEDIATE_GOODS,pairwise,old_vs_new,PPIITM,WPSID61,6,1985-11-01,0.000975130432904869,0.000975130432904869,0
PPI_PROCESSED_INTERMEDIATE_GOODS,pairwise,old_vs_new,PPIITM,WPSID61,6,1985-12-01,0.00194171864065851,0.00194171864065851,0
PPI_PROCESSED_INTERMEDIATE_GOODS,pairwise,old_vs_new,PPIITM,WPSID61,6,1986-01-01,-0.00876577449613691,-0.00876577449613691,0
PPI_PROCESSED_INTERMEDIATE_GOODS,pairwise,old_vs_new,PPIITM,WPSID61,6,1986-02-01,-0.00691702551744555,-0.00691702551744555,0
PPI_PROCESSED_INTERMEDIATE_GOODS,pairwise,old_vs_new,PPIITM,WPSID61,6,1986-03-01,-0.00114111544681528,-0.00114111544681528,0
PPI_PROCESSED_INTERMEDIATE_GOODS,pairwise,old_vs_new,PPIITM,WPSID61,6,1986-04-01,0.00286862417301581,0.00286862417301581,0
PPI_PROCESSED_INTERMEDIATE_GOODS,pairwise,old_vs_new,PPIITM,WPSID61,6,1986-05-01,0.0080361548366108,0.0080361548366108,0
PPI_PROCESSED_INTERMEDIATE_GOODS,pairwise,old_vs_new,PPIITM,WPSID61,6,1986-06-01,0.00101060735838399,0.00101060735838399,0
PPI_PROCESSED_INTERMEDIATE_GOODS,pairwise,old_vs_new,PPIITM,WPSID61,6,1986-07-01,-0.00509009810717043,-0.00509009810717043,0
PPI_PROCESSED_INTERMEDIATE_GOODS,pairwise,old_vs_new,PPIITM,WPSID61,6,1986-08-01,0.00610378293801705,0.00610378293801705,0
PPI_PROCESSED_INTERMEDIATE_GOODS,pairwise,old_vs_new,PPIITM,WPSID61,6,1986-09-01,0.00508906950747079,0.00508906950747079,0
PPI_PROCESSED_INTERMEDIATE_GOODS,pairwise,old_vs_new,PPIITM,WPSID61,6,1986-10-01,-0.00712159053239336,-0.00712159053239336,0
PPI_PROCESSED_INTERMEDIATE_GOODS,pairwise,old_vs_new,PPIITM,WPSID61,6,1986-11-01,0.00203252102492257,0.00203252102492257,0
PPI_PROCESSED_INTERMEDIATE_GOODS,pairwise,old_vs_new,PPIITM,WPSID61,6,1986-12-01,0.00203252102492257,0.00203252102492257,0
PPI_PROCESSED_INTERMEDIATE_GOODS,pairwise,old_vs_new,PPIITM,WPSID61,6,1987-01-01,0.00303078093162412,0.00303078093162412,0
PPI_PROCESSED_INTERMEDIATE_GOODS,pairwise,old_vs_new,PPIITM,WPSID61,6,1987-02-01,0.0029850312262818,0.0029850312262818,0
PPI_PROCESSED_INTERMEDIATE_GOODS,pairwise,old_vs_new,PPIITM,WPSID61,6,1987-03-01,-0.00704683084573876,-0.00704683084573876,0
PPI_PROCESSED_INTERMEDIATE_GOODS,pairwise,old_vs_new,PPIITM,WPSID61,6,1987-04-01,0.00299450697629222,0.00299450697629222,0
PPI_PROCESSED_INTERMEDIATE_GOODS,pairwise,old_vs_new,PPIITM,WPSID61,6,1987-05-01,0.000976651355996339,0.000976651355996339,0
PPI_PROCESSED_INTERMEDIATE_GOODS,pairwise,old_vs_new,PPIITM,WPSID61,6,1987-06-01,0.000962074850436423,0.000962074850436423,0
PPI_PROCESSED_INTERMEDIATE_GOODS,pairwise,old_vs_new,PPIITM,WPSID61,6,1987-07-01,-0.00101588644821859,-0.00101588644821859,0
PPI_PROCESSED_INTERMEDIATE_GOODS,pairwise,old_vs_new,PPIITM,WPSID61,6,1987-08-01,-2.4076694868036e-05,-2.4076694868036e-05,0
PPI_PROCESSED_INTERMEDIATE_GOODS,pairwise,old_vs_new,PPIITM,WPSID61,6,1987-09-01,-0.00294355224546639,-0.00294355224546639,0
PPI_PROCESSED_INTERMEDIATE_GOODS,pairwise,old_vs_new,PPIITM,WPSID61,6,1987-10-01,0.0029102381549837,0.0029102381549837,0
PPI_PROCESSED_INTERMEDIATE_GOODS,pairwise,old_vs_new,PPIITM,WPSID61,6,1987-11-01,-0.000989236603736288,-0.000989236603736288,0
PPI_PROCESSED_INTERMEDIATE_GOODS,pairwise,old_vs_new,PPIITM,WPSID61,6,1987-12-01,-0.000977863656144606,-0.000977863656144606,0
PPI_PROCESSED_INTERMEDIATE_GOODS,pairwise,old_vs_new,PPIITM,WPSID61,6,1988-01-01,-8.35313722902242e-06,-8.35313722902242e-06,0
PPI_PROCESSED_INTERMEDIATE_GOODS,pairwise,old_vs_new,PPIITM,WPSID61,6,1988-02-01,-8.3050615202751e-06,-8.3050615202751e-06,0
PPI_PROCESSED_INTERMEDIATE_GOODS,pairwise,old_vs_new,PPIITM,WPSID61,6,1988-03-01,0.000946396610787659,0.000946396610787659,0
PPI_PROCESSED_INTERMEDIATE_GOODS,pairwise,old_vs_new,PPIITM,WPSID61,6,1988-04-01,0.00283308459077691,0.00283308459077691,0
PPI_PROCESSED_INTERMEDIATE_GOODS,pairwise,old_vs_new,PPIITM,WPSID61,6,1988-05-01,-4.4025137462711e-05,-4.4025137462711e-05,0
PPI_PROCESSED_INTERMEDIATE_GOODS,pairwise,old_vs_new,PPIITM,WPSID61,6,1988-06-01,0.00462291737520903,0.00462291737520903,0
PPI_PROCESSED_INTERMEDIATE_GOODS,pairwise,old_vs_new,PPIITM,WPSID61,6,1988-07-01,-0.0028911013347459,-0.0028911013347459,0
PPI_PROCESSED_INTERMEDIATE_GOODS,pairwise,old_vs_new,PPIITM,WPSID61,6,1988-08-01,-0.0064999529586105,-0.0064999529586105,0
PPI_PROCESSED_INTERMEDIATE_GOODS,pairwise,old_vs_new,PPIITM,WPSID61,6,1988-09-01,-3.39782692027057e-06,-3.39782692027057e-06,0
PPI_PROCESSED_INTERMEDIATE_GOODS,pairwise,old_vs_new,PPIITM,WPSID61,6,1988-10-01,-0.0027620077739785,-0.0027620077739785,0
PPI_PROCESSED_INTERMEDIATE_GOODS,pairwise,old_vs_new,PPIITM,WPSID61,6,1988-11-01,0.00276031354933703,0.00276031354933703,0
PPI_PROCESSED_INTERMEDIATE_GOODS,pairwise,old_vs_new,PPIITM,WPSID61,6,1988-12-01,0.00365962864403002,0.00365962864403002,0
PPI_PROCESSED_INTERMEDIATE_GOODS,pairwise,old_vs_new,PPIITM,WPSID61,6,1989-01-01,0.00721632875926481,0.00721632875926481,0
PPI_PROCESSED_INTERMEDIATE_GOODS,pairwise,old_vs_new,PPIITM,WPSID61,6,1989-02-01,-0.00821340035698714,-0.00821340035698714,0
PPI_PROCESSED_INTERMEDIATE_GOODS,pairwise,old_vs_new,PPIITM,WPSID61,6,1989-03-01,0.000873873068065301,0.000873873068065301,0
PPI_PROCESSED_INTERMEDIATE_GOODS,pairwise,old_vs_new,PPIITM,WPSID61,6,1989-04-01,-2.87507097862516e-05,-2.87507097862516e-05,0
PPI_PROCESSED_INTERMEDIATE_GOODS,pairwise,old_vs_new,PPIITM,WPSID61,6,1989-05-01,-0.00445911226547935,-0.00445911226547935,0
PPI_PROCESSED_INTERMEDIATE_GOODS,pairwise,old_vs_new,PPIITM,WPSID61,6,1989-06-01,-0.0017769881222307,-0.0017769881222307,0
PPI_PROCESSED_INTERMEDIATE_GOODS,pairwise,old_vs_new,PPIITM,WPSID61,6,1989-07-01,-0.00178173449476304,-0.00178173449476304,0
PPI_PROCESSED_INTERMEDIATE_GOODS,pairwise,old_vs_new,PPIITM,WPSID61,6,1989-08-01,-0.00090120381171932,-0.00090120381171932,0
PPI_PROCESSED_INTERMEDIATE_GOODS,pairwise,old_vs_new,PPIITM,WPSID61,6,1989-09-01,0.00625120172471316,0.00625120172471316,0
PPI_PROCESSED_INTERMEDIATE_GOODS,pairwise,old_vs_new,PPIITM,WPSID61,6,1989-10-01,-0.00178810634663318,-0.00178810634663318,0
PPI_PROCESSED_INTERMEDIATE_GOODS,pairwise,old_vs_new,PPIITM,WPSID61,6,1989-11-01,-0.00267578480398445,-0.00267578480398445,0
PPI_PROCESSED_INTERMEDIATE_GOODS,pairwise,old_vs_new,PPIITM,WPSID61,6,1989-12-01,0.00356824358700436,0.00356824358700436,0
PPI_PROCESSED_INTERMEDIATE_GOODS,pairwise,old_vs_new,PPIITM,WPSID61,6,1990-01-01,0.0114962858743919,0.0114962858743919,0
PPI_PROCESSED_INTERMEDIATE_GOODS,pairwise,old_vs_new,PPIITM,WPSID61,6,1990-02-01,-0.0212274693604257,-0.0212274693604257,0
PPI_PROCESSED_INTERMEDIATE_GOODS,pairwise,old_vs_new,PPIITM,WPSID61,6,1990-03-01,0.00883319378418967,0.00883319378418967,0
PPI_PROCESSED_INTERMEDIATE_GOODS,pairwise,old_vs_new,PPIITM,WPSID61,6,1990-04-01,0.000883779874800261,0.000883779874800261,0
PPI_PROCESSED_INTERMEDIATE_GOODS,pairwise,old_vs_new,PPIITM,WPSID61,6,1990-05-01,-0.00176991196645826,-0.00176991196645826,0
PPI_PROCESSED_INTERMEDIATE_GOODS,pairwise,old_vs_new,PPIITM,WPSID61,6,1990-06-01,-0.00176991196645826,-0.00176991196645826,0
PPI_PROCESSED_INTERMEDIATE_GOODS,pairwise,old_vs_new,PPIITM,WPSID61,6,1990-07-01,0.000883779874800261,0.000883779874800261,0
PPI_PROCESSED_INTERMEDIATE_GOODS,pairwise,old_vs_new,PPIITM,WPSID61,6,1990-08-01,0.0114682414221949,0.0114682414221949,0
PPI_PROCESSED_INTERMEDIATE_GOODS,pairwise,old_vs_new,PPIITM,WPSID61,6,1990-09-01,0.0050840074138625,0.0050840074138625,0
PPI_PROCESSED_INTERMEDIATE_GOODS,pairwise,old_vs_new,PPIITM,WPSID61,6,1990-10-01,-0.00194377448929828,-0.00194377448929828,0
PPI_PROCESSED_INTERMEDIATE_GOODS,pairwise,old_vs_new,PPIITM,WPSID61,6,1990-11-01,-0.011170235382866,-0.011170235382866,0
PPI_PROCESSED_INTERMEDIATE_GOODS,pairwise,old_vs_new,PPIITM,WPSID61,6,1990-12-01,-0.00937225266044361,-0.00937225266044361,0
PPI_PROCESSED_INTERMEDIATE_GOODS,pairwise,old_vs_new,PPIITM,WPSID61,6,1991-01-01,0.00682014578820844,0.00682014578820844,0
PPI_PROCESSED_INTERMEDIATE_GOODS,pairwise,old_vs_new,PPIITM,WPSID61,6,1991-02-01,-0.00859111813231728,-0.00859111813231728,0
PPI_PROCESSED_INTERMEDIATE_GOODS,pairwise,old_vs_new,PPIITM,WPSID61,6,1991-03-01,-0.00181660807806328,-0.00181660807806328,0
PPI_PROCESSED_INTERMEDIATE_GOODS,pairwise,old_vs_new,PPIITM,WPSID61,6,1991-04-01,0.00603899929696539,0.00603899929696539,0
PPI_PROCESSED_INTERMEDIATE_GOODS,pairwise,old_vs_new,PPIITM,WPSID61,6,1991-05-01,0.00349268655953505,0.00349268655953505,0
PPI_PROCESSED_INTERMEDIATE_GOODS,pairwise,old_vs_new,PPIITM,WPSID61,6,1991-06-01,-0.000878346061012891,-0.000878346061012891,0
PPI_PROCESSED_INTERMEDIATE_GOODS,pairwise,old_vs_new,PPIITM,WPSID61,6,1991-07-01,-0.000882977751192726,-0.000882977751192726,0
PPI_PROCESSED_INTERMEDIATE_GOODS,pairwise,old_vs_new,PPIITM,WPSID61,6,1991-08-01,0.00439637957126493,0.00439637957126493,0
PPI_PROCESSED_INTERMEDIATE_GOODS,pairwise,old_vs_new,PPIITM,WPSID61,6,1991-09-01,-3.08870291387819e-06,-3.08870291387819e-06,0
PPI_PROCESSED_INTERMEDIATE_GOODS,pairwise,old_vs_new,PPIITM,WPSID61,6,1991-10-01,-0.00175592670226532,-0.00175592670226532,0
PPI_PROCESSED_INTERMEDIATE_GOODS,pairwise,old_vs_new,PPIITM,WPSID61,6,1991-11-01,0.000876808473534219,0.000876808473534219,0
PPI_PROCESSED_INTERMEDIATE_GOODS,pairwise,old_vs_new,PPIITM,WPSID61,6,1991-12-01,-0.00175361694706844,-0.00175361694706844,0
PPI_PROCESSED_INTERMEDIATE_GOODS,pairwise,old_vs_new,PPIITM,WPSID61,6,1992-01-01,-0.00440024862730937,-0.00440024862730937,0
PPI_PROCESSED_INTERMEDIATE_GOODS,pairwise,old_vs_new,PPIITM,WPSID61,6,1992-02-01,0.00879818749942185,0.00879818749942185,0
PPI_PROCESSED_INTERMEDIATE_GOODS,pairwise,old_vs_new,PPIITM,WPSID61,6,1992-03-01,-0.00264278163767173,-0.00264278163767173,0
PPI_PROCESSED_INTERMEDIATE_GOODS,pairwise,old_vs_new,PPIITM,WPSID61,6,1992-04-01,0.000876037653986472,0.000876037653986472,0
PPI_PROCESSED_INTERMEDIATE_GOODS,pairwise,old_vs_new,PPIITM,WPSID61,6,1992-05-01,0.00174517971137167,0.00174517971137167,0
PPI_PROCESSED_INTERMEDIATE_GOODS,pairwise,old_vs_new,PPIITM,WPSID61,6,1992-06-01,0.00172692660727769,0.00172692660727769,0
PPI_PROCESSED_INTERMEDIATE_GOODS,pairwise,old_vs_new,PPIITM,WPSID61,6,1992-07-01,-0.00435806019958829,-0.00435806019958829,0
PPI_PROCESSED_INTERMEDIATE_GOODS,pairwise,old_vs_new,PPIITM,WPSID61,6,1992-08-01,-0.00173686506790816,-0.00173686506790816,0
PPI_PROCESSED_INTERMEDIATE_GOODS,pairwise,old_vs_new,PPIITM,WPSID61,6,1992-09-01,0.0026045440811302,0.0026045440811302,0
PPI_PROCESSED_INTERMEDIATE_GOODS,pairwise,old_vs_new,PPIITM,WPSID61,6,1992-10-01,-0.00173611154717612,-0.00173611154717612,0
PPI_PROCESSED_INTERMEDIATE_GOODS,pairwise,old_vs_new,PPIITM,WPSID61,6,1992-11-01,-0.00173611154717612,-0.00173611154717612,0
PPI_PROCESSED_INTERMEDIATE_GOODS,pairwise,old_vs_new,PPIITM,WPSID61,6,1992-12-01,0.00173611154717612,0.00173611154717612,0
PPI_PROCESSED_INTERMEDIATE_GOODS,pairwise,old_vs_new,PPIITM,WPSID61,6,1993-01-01,0.00260303834616238,0.00260303834616238,0
PPI_PROCESSED_INTERMEDIATE_GOODS,pairwise,old_vs_new,PPIITM,WPSID61,6,1993-02-01,0.00172035792554404,0.00172035792554404,0
PPI_PROCESSED_INTERMEDIATE_GOODS,pairwise,old_vs_new,PPIITM,WPSID61,6,1993-03-01,-0.000878087092793578,-0.000878087092793578,0
PPI_PROCESSED_INTERMEDIATE_GOODS,pairwise,old_vs_new,PPIITM,WPSID61,6,1993-04-01,-0.000869094787139701,-0.000869094787139701,0
PPI_PROCESSED_INTERMEDIATE_GOODS,pairwise,old_vs_new,PPIITM,WPSID61,6,1993-05-01,-0.00515242878354627,-0.00515242878354627,0
PPI_PROCESSED_INTERMEDIATE_GOODS,pairwise,old_vs_new,PPIITM,WPSID61,6,1993-06-01,0.00257621439177314,0.00257621439177314,0
PPI_PROCESSED_INTERMEDIATE_GOODS,pairwise,old_vs_new,PPIITM,WPSID61,6,1993-07-01,0,0,0
PPI_PROCESSED_INTERMEDIATE_GOODS,pairwise,old_vs_new,PPIITM,WPSID61,6,1993-08-01,-0.000860215106807338,-0.000860215106807338,0
PPI_PROCESSED_INTERMEDIATE_GOODS,pairwise,old_vs_new,PPIITM,WPSID61,6,1993-09-01,0.00172043021361468,0.00172043021361468,0
PPI_PROCESSED_INTERMEDIATE_GOODS,pairwise,old_vs_new,PPIITM,WPSID61,6,1993-10-01,-7.39334088173393e-07,-7.39334088173393e-07,0
PPI_PROCESSED_INTERMEDIATE_GOODS,pairwise,old_vs_new,PPIITM,WPSID61,6,1993-11-01,-7.38064301231134e-07,-7.38064301231134e-07,0
PPI_PROCESSED_INTERMEDIATE_GOODS,pairwise,old_vs_new,PPIITM,WPSID61,6,1993-12-01,-0.00343716629636237,-0.00343716629636237,0
PPI_PROCESSED_INTERMEDIATE_GOODS,pairwise,old_vs_new,PPIITM,WPSID61,6,1994-01-01,0.00515685717588887,0.00515685717588887,0
PPI_PROCESSED_INTERMEDIATE_GOODS,pairwise,old_vs_new,PPIITM,WPSID61,6,1994-02-01,0.000849166884322905,0.000849166884322905,0
PPI_PROCESSED_INTERMEDIATE_GOODS,pairwise,old_vs_new,PPIITM,WPSID61,6,1994-03-01,-0.00171819334661905,-0.00171819334661905,0
PPI_PROCESSED_INTERMEDIATE_GOODS,pairwise,old_vs_new,PPIITM,WPSID61,6,1994-04-01,-0.0017094021256483,-0.0017094021256483,0
PPI_PROCESSED_INTERMEDIATE_GOODS,pairwise,old_vs_new,PPIITM,WPSID61,6,1994-05-01,0.00085360653924127,0.00085360653924127,0
PPI_PROCESSED_INTERMEDIATE_GOODS,pairwise,old_vs_new,PPIITM,WPSID61,6,1994-06-01,0.0042527875353322,0.0042527875353322,0
PPI_PROCESSED_INTERMEDIATE_GOODS,pairwise,old_vs_new,PPIITM,WPSID61,6,1994-07-01,-0.000870894307718473,-0.000870894307718473,0
PPI_PROCESSED_INTERMEDIATE_GOODS,pairwise,old_vs_new,PPIITM,WPSID61,6,1994-08-01,0.00250420561005793,0.00250420561005793,0
PPI_PROCESSED_INTERMEDIATE_GOODS,pairwise,old_vs_new,PPIITM,WPSID61,6,1994-09-01,-0.00255034022163514,-0.00255034022163514,0
PPI_PROCESSED_INTERMEDIATE_GOODS,pairwise,old_vs_new,PPIITM,WPSID61,6,1994-10-01,-1.74775858718945e-05,-1.74775858718945e-05,0
PPI_PROCESSED_INTERMEDIATE_GOODS,pairwise,old_vs_new,PPIITM,WPSID61,6,1994-11-01,0.00329392894139779,0.00329392894139779,0
PPI_PROCESSED_INTERMEDIATE_GOODS,pairwise,old_vs_new,PPIITM,WPSID61,6,1994-12-01,-0.00334209932694218,-0.00334209932694218,0
PPI_PROCESSED_INTERMEDIATE_GOODS,pairwise,old_vs_new,PPIITM,WPSID61,6,1995-01-01,0.00651903574857737,0.00651903574857737,0
PPI_PROCESSED_INTERMEDIATE_GOODS,pairwise,old_vs_new,PPIITM,WPSID61,6,1995-02-01,-0.00334048924703811,-0.00334048924703811,0
PPI_PROCESSED_INTERMEDIATE_GOODS,pairwise,old_vs_new,PPIITM,WPSID61,6,1995-03-01,-0.00246354456717768,-0.00246354456717768,0
PPI_PROCESSED_INTERMEDIATE_GOODS,pairwise,old_vs_new,PPIITM,WPSID61,6,1995-04-01,0.000777019667412837,0.000777019667412837,0
PPI_PROCESSED_INTERMEDIATE_GOODS,pairwise,old_vs_new,PPIITM,WPSID61,6,1995-05-01,-0.00401701742193961,-0.00401701742193961,0
PPI_PROCESSED_INTERMEDIATE_GOODS,pairwise,old_vs_new,PPIITM,WPSID61,6,1995-06-01,0.000794578542144819,0.000794578542144819,0
PPI_PROCESSED_INTERMEDIATE_GOODS,pairwise,old_vs_new,PPIITM,WPSID61,6,1995-07-01,-0.00159680444358212,-0.00159680444358212,0
PPI_PROCESSED_INTERMEDIATE_GOODS,pairwise,old_vs_new,PPIITM,WPSID61,6,1995-08-01,-0.000796495462259017,-0.000796495462259017,0
PPI_PROCESSED_INTERMEDIATE_GOODS,pairwise,old_vs_new,PPIITM,WPSID61,6,1995-09-01,-0.000796495462259017,-0.000796495462259017,0
PPI_PROCESSED_INTERMEDIATE_GOODS,pairwise,old_vs_new,PPIITM,WPSID61,6,1995-10-01,-6.34910759522711e-07,-6.34910759522711e-07,0
PPI_PROCESSED_INTERMEDIATE_GOODS,pairwise,old_vs_new,PPIITM,WPSID61,6,1995-11-01,-0.00079903915980406,-0.00079903915980406,0
PPI_PROCESSED_INTERMEDIATE_GOODS,pairwise,old_vs_new,PPIITM,WPSID61,6,1995-12-01,0.0031923390656452,0.0031923390656452,0
PPI_PROCESSED_INTERMEDIATE_GOODS,pairwise,old_vs_new,PPIITM,WPSID61,6,1996-01-01,-0.00079903915980406,-0.00079903915980406,0
PPI_PROCESSED_INTERMEDIATE_GOODS,pairwise,old_vs_new,PPIITM,WPSID61,6,1996-02-01,-0.004789151642556,-0.004789151642556,0
PPI_PROCESSED_INTERMEDIATE_GOODS,pairwise,old_vs_new,PPIITM,WPSID61,6,1996-03-01,0.00638914586925843,0.00638914586925843,0
PPI_PROCESSED_INTERMEDIATE_GOODS,pairwise,old_vs_new,PPIITM,WPSID61,6,1996-04-01,0.000790129094458081,0.000790129094458081,0
PPI_PROCESSED_INTERMEDIATE_GOODS,pairwise,old_vs_new,PPIITM,WPSID61,6,1996-05-01,0.000782580816732548,0.000782580816732548,0
PPI_PROCESSED_INTERMEDIATE_GOODS,pairwise,old_vs_new,PPIITM,WPSID61,6,1996-06-01,-0.00714444035168427,-0.00714444035168427,0
PPI_PROCESSED_INTERMEDIATE_GOODS,pairwise,old_vs_new,PPIITM,WPSID61,6,1996-07-01,0.000787020146271189,0.000787020146271189,0
PPI_PROCESSED_INTERMEDIATE_GOODS,pairwise,old_vs_new,PPIITM,WPSID61,6,1996-08-01,0.0031840811567605,0.0031840811567605,0
PPI_PROCESSED_INTERMEDIATE_GOODS,pairwise,old_vs_new,PPIITM,WPSID61,6,1996-09-01,0.00317649347451709,0.00317649347451709,0
PPI_PROCESSED_INTERMEDIATE_GOODS,pairwise,old_vs_new,PPIITM,WPSID61,6,1996-10-01,-0.00476632495617224,-0.00476632495617224,0
PPI_PROCESSED_INTERMEDIATE_GOODS,pairwise,old_vs_new,PPIITM,WPSID61,6,1996-11-01,-0.000795226665741389,-0.000795226665741389,0
PPI_PROCESSED_INTERMEDIATE_GOODS,pairwise,old_vs_new,PPIITM,WPSID61,6,1996-12-01,0.00634670013155425,0.00634670013155425,0
PPI_PROCESSED_INTERMEDIATE_GOODS,pairwise,old_vs_new,PPIITM,WPSID61,6,1997-01-01,-0.00317710944909777,-0.00317710944909777,0
PPI_PROCESSED_INTERMEDIATE_GOODS,pairwise,old_vs_new,PPIITM,WPSID61,6,1997-02-01,-0.00237122953982016,-0.00237122953982016,0
PPI_PROCESSED_INTERMEDIATE_GOODS,pairwise,old_vs_new,PPIITM,WPSID61,6,1997-03-01,-0.00237686365419965,-0.00237686365419965,0
PPI_PROCESSED_INTERMEDIATE_GOODS,pairwise,old_vs_new,PPIITM,WPSID61,6,1997-04-01,-0.000805923740075265,-0.000805923740075265,0
PPI_PROCESSED_INTERMEDIATE_GOODS,pairwise,old_vs_new,PPIITM,WPSID61,6,1997-05-01,0.00237936310149856,0.00237936310149856,0
PPI_PROCESSED_INTERMEDIATE_GOODS,pairwise,old_vs_new,PPIITM,WPSID61,6,1997-06-01,0.00159362583527756,0.00159362583527756,0
PPI_PROCESSED_INTERMEDIATE_GOODS,pairwise,old_vs_new,PPIITM,WPSID61,6,1997-07-01,-0.00239521072595483,-0.00239521072595483,0
PPI_PROCESSED_INTERMEDIATE_GOODS,pairwise,old_vs_new,PPIITM,WPSID61,6,1997-08-01,0.00399265515511171,0.00399265515511171,0
PPI_PROCESSED_INTERMEDIATE_GOODS,pairwise,old_vs_new,PPIITM,WPSID61,6,1997-09-01,-2.54775934038776e-06,-2.54775934038776e-06,0
PPI_PROCESSED_INTERMEDIATE_GOODS,pairwise,old_vs_new,PPIITM,WPSID61,6,1997-10-01,-0.00239202704283503,-0.00239202704283503,0
PPI_PROCESSED_INTERMEDIATE_GOODS,pairwise,old_vs_new,PPIITM,WPSID61,6,1997-11-01,0.0023907562082961,0.0023907562082961,0
PPI_PROCESSED_INTERMEDIATE_GOODS,pairwise,old_vs_new,PPIITM,WPSID61,6,1997-12-01,-0.00318725167055511,-0.00318725167055511,0
PPI_PROCESSED_INTERMEDIATE_GOODS,pairwise,old_vs_new,PPIITM,WPSID61,6,1998-01-01,-0.00480639601019028,-0.00480639601019028,0
PPI_PROCESSED_INTERMEDIATE_GOODS,pairwise,old_vs_new,PPIITM,WPSID61,6,1998-02-01,0.00318458499149354,0.00318458499149354,0
PPI_PROCESSED_INTERMEDIATE_GOODS,pairwise,old_vs_new,PPIITM,WPSID61,6,1998-03-01,-0.000818453246961504,-0.000818453246961504,0
PPI_PROCESSED_INTERMEDIATE_GOODS,pairwise,old_vs_new,PPIITM,WPSID61,6,1998-04-01,0.00322515572608406,0.00322515572608406,0
PPI_PROCESSED_INTERMEDIATE_GOODS,pairwise,old_vs_new,PPIITM,WPSID61,6,1998-05-01,-6.54580706971331e-07,-6.54580706971331e-07,0
PPI_PROCESSED_INTERMEDIATE_GOODS,pairwise,old_vs_new,PPIITM,WPSID61,6,1998-06-01,-0.00243473392206539,-0.00243473392206539,0
PPI_PROCESSED_INTERMEDIATE_GOODS,pairwise,old_vs_new,PPIITM,WPSID61,6,1998-07-01,0.00243144505963322,0.00243144505963322,0
PPI_PROCESSED_INTERMEDIATE_GOODS,pairwise,old_vs_new,PPIITM,WPSID61,6,1998-08-01,-0.00162932583756081,-0.00162932583756081,0
PPI_PROCESSED_INTERMEDIATE_GOODS,pairwise,old_vs_new,PPIITM,WPSID61,6,1998-09-01,-0.000823305368187199,-0.000823305368187199,0
PPI_PROCESSED_INTERMEDIATE_GOODS,pairwise,old_vs_new,PPIITM,WPSID61,6,1998-10-01,0.00244731306810753,0.00244731306810753,0
PPI_PROCESSED_INTERMEDIATE_GOODS,pairwise,old_vs_new,PPIITM,WPSID61,6,1998-11-01,-0.000820006048606992,-0.000820006048606992,0
PPI_PROCESSED_INTERMEDIATE_GOODS,pairwise,old_vs_new,PPIITM,WPSID61,6,1998-12-01,-0.00411622677901402,-0.00411622677901402,0
PPI_PROCESSED_INTERMEDIATE_GOODS,pairwise,old_vs_new,PPIITM,WPSID61,6,1999-01-01,0.0049294864684617,0.0049294864684617,0
PPI_PROCESSED_INTERMEDIATE_GOODS,pairwise,old_vs_new,PPIITM,WPSID61,6,1999-02-01,-0.00248104581970843,-0.00248104581970843,0
PPI_PROCESSED_INTERMEDIATE_GOODS,pairwise,old_vs_new,PPIITM,WPSID61,6,1999-03-01,0.00578615319283138,0.00578615319283138,0
PPI_PROCESSED_INTERMEDIATE_GOODS,pairwise,old_vs_new,PPIITM,WPSID61,6,1999-04-01,0.00410402086984707,0.00410402086984707,0
PPI_PROCESSED_INTERMEDIATE_GOODS,pairwise,old_vs_new,PPIITM,WPSID61,6,1999-05-01,-0.00412637567791041,-0.00412637567791041,0
PPI_PROCESSED_INTERMEDIATE_GOODS,pairwise,old_vs_new,PPIITM,WPSID61,6,1999-06-01,0.00080996651434706,0.00080996651434706,0
PPI_PROCESSED_INTERMEDIATE_GOODS,pairwise,old_vs_new,PPIITM,WPSID61,6,1999-07-01,0.00323611120456047,0.00323611120456047,0
PPI_PROCESSED_INTERMEDIATE_GOODS,pairwise,old_vs_new,PPIITM,WPSID61,6,1999-08-01,-0.000847507229902789,-0.000847507229902789,0
PPI_PROCESSED_INTERMEDIATE_GOODS,pairwise,old_vs_new,PPIITM,WPSID61,6,1999-09-01,-0.00163566659648229,-0.00163566659648229,0
PPI_PROCESSED_INTERMEDIATE_GOODS,pairwise,old_vs_new,PPIITM,WPSID61,6,1999-10-01,-0.00161610336461226,-0.00161610336461226,0
PPI_PROCESSED_INTERMEDIATE_GOODS,pairwise,old_vs_new,PPIITM,WPSID61,6,1999-11-01,0.00159040028910962,0.00159040028910962,0
PPI_PROCESSED_INTERMEDIATE_GOODS,pairwise,old_vs_new,PPIITM,WPSID61,6,1999-12-01,-0.000810494999768707,-0.000810494999768707,0
PPI_PROCESSED_INTERMEDIATE_GOODS,pairwise,old_vs_new,PPIITM,WPSID61,6,2000-01-01,0.00157342137889671,0.00157342137889671,0
PPI_PROCESSED_INTERMEDIATE_GOODS,pairwise,old_vs_new,PPIITM,WPSID61,6,2000-02-01,0.00390674543930736,0.00390674543930736,0
PPI_PROCESSED_INTERMEDIATE_GOODS,pairwise,old_vs_new,PPIITM,WPSID61,6,2000-03-01,-0.00163085622834469,-0.00163085622834469,0
PPI_PROCESSED_INTERMEDIATE_GOODS,pairwise,old_vs_new,PPIITM,WPSID61,6,2000-04-01,-0.00781314629164953,-0.00781314629164953,0
PPI_PROCESSED_INTERMEDIATE_GOODS,pairwise,old_vs_new,PPIITM,WPSID61,6,2000-05-01,-6.07500751037549e-07,-6.07500751037549e-07,0
PPI_PROCESSED_INTERMEDIATE_GOODS,pairwise,old_vs_new,PPIITM,WPSID61,6,2000-06-01,0.0093234684262633,0.0093234684262633,0
PPI_PROCESSED_INTERMEDIATE_GOODS,pairwise,old_vs_new,PPIITM,WPSID61,6,2000-07-01,-0.00622624315087972,-0.00622624315087972,0
PPI_PROCESSED_INTERMEDIATE_GOODS,pairwise,old_vs_new,PPIITM,WPSID61,6,2000-08-01,-0.00463499628072483,-0.00463499628072483,0
PPI_PROCESSED_INTERMEDIATE_GOODS,pairwise,old_vs_new,PPIITM,WPSID61,6,2000-09-01,0.0100216964933502,0.0100216964933502,0
PPI_PROCESSED_INTERMEDIATE_GOODS,pairwise,old_vs_new,PPIITM,WPSID61,6,2000-10-01,-0.00463906185361118,-0.00463906185361118,0
PPI_PROCESSED_INTERMEDIATE_GOODS,pairwise,old_vs_new,PPIITM,WPSID61,6,2000-11-01,-0.00306513649937656,-0.00306513649937656,0
PPI_PROCESSED_INTERMEDIATE_GOODS,pairwise,old_vs_new,PPIITM,WPSID61,6,2000-12-01,0.00458016067857514,0.00458016067857514,0
PPI_PROCESSED_INTERMEDIATE_GOODS,pairwise,old_vs_new,PPIITM,WPSID61,6,2001-01-01,0.00149426954095322,0.00149426954095322,0
PPI_PROCESSED_INTERMEDIATE_GOODS,pairwise,old_vs_new,PPIITM,WPSID61,6,2001-02-01,-0.00834801967940102,-0.00834801967940102,0
PPI_PROCESSED_INTERMEDIATE_GOODS,pairwise,old_vs_new,PPIITM,WPSID61,6,2001-03-01,-0.00381470940738282,-0.00381470940738282,0
PPI_PROCESSED_INTERMEDIATE_GOODS,pairwise,old_vs_new,PPIITM,WPSID61,6,2001-04-01,0.00532464858195869,0.00532464858195869,0
PPI_PROCESSED_INTERMEDIATE_GOODS,pairwise,old_vs_new,PPIITM,WPSID61,6,2001-05-01,0.00229036813909644,0.00229036813909644,0
PPI_PROCESSED_INTERMEDIATE_GOODS,pairwise,old_vs_new,PPIITM,WPSID61,6,2001-06-01,-0.00305343570759931,-0.00305343570759931,0
PPI_PROCESSED_INTERMEDIATE_GOODS,pairwise,old_vs_new,PPIITM,WPSID61,6,2001-07-01,-0.00999857299525431,-0.00999857299525431,0
PPI_PROCESSED_INTERMEDIATE_GOODS,pairwise,old_vs_new,PPIITM,WPSID61,6,2001-08-01,0.00920420663485011,0.00920420663485011,0
PPI_PROCESSED_INTERMEDIATE_GOODS,pairwise,old_vs_new,PPIITM,WPSID61,6,2001-09-01,0.00386907213941878,0.00386907213941878,0
PPI_PROCESSED_INTERMEDIATE_GOODS,pairwise,old_vs_new,PPIITM,WPSID61,6,2001-10-01,-0.0147829027923372,-0.0147829027923372,0
PPI_PROCESSED_INTERMEDIATE_GOODS,pairwise,old_vs_new,PPIITM,WPSID61,6,2001-11-01,0.00852163041502418,0.00852163041502418,0
PPI_PROCESSED_INTERMEDIATE_GOODS,pairwise,old_vs_new,PPIITM,WPSID61,6,2001-12-01,-0.00239855903561903,-0.00239855903561903,0
PPI_PROCESSED_INTERMEDIATE_GOODS,pairwise,old_vs_new,PPIITM,WPSID61,6,2002-01-01,0.00393471611304452,0.00393471611304452,0
PPI_PROCESSED_INTERMEDIATE_GOODS,pairwise,old_vs_new,PPIITM,WPSID61,6,2002-02-01,0.00158477035031002,0.00158477035031002,0
PPI_PROCESSED_INTERMEDIATE_GOODS,pairwise,old_vs_new,PPIITM,WPSID61,6,2002-03-01,0.00873808016528077,0.00873808016528077,0
PPI_PROCESSED_INTERMEDIATE_GOODS,pairwise,old_vs_new,PPIITM,WPSID61,6,2002-04-01,-0.000836553947653584,-0.000836553947653584,0
PPI_PROCESSED_INTERMEDIATE_GOODS,pairwise,old_vs_new,PPIITM,WPSID61,6,2002-05-01,-0.00709564190387812,-0.00709564190387812,0
PPI_PROCESSED_INTERMEDIATE_GOODS,pairwise,old_vs_new,PPIITM,WPSID61,6,2002-06-01,0.00235880007856615,0.00235880007856615,0
PPI_PROCESSED_INTERMEDIATE_GOODS,pairwise,old_vs_new,PPIITM,WPSID61,6,2002-07-01,0.00156493010717984,0.00156493010717984,0
PPI_PROCESSED_INTERMEDIATE_GOODS,pairwise,old_vs_new,PPIITM,WPSID61,6,2002-08-01,-0.000790756594009068,-0.000790756594009068,0
PPI_PROCESSED_INTERMEDIATE_GOODS,pairwise,old_vs_new,PPIITM,WPSID61,6,2002-09-01,0.00466014514440172,0.00466014514440172,0
PPI_PROCESSED_INTERMEDIATE_GOODS,pairwise,old_vs_new,PPIITM,WPSID61,6,2002-10-01,-4.87517006773075e-05,-4.87517006773075e-05,0
PPI_PROCESSED_INTERMEDIATE_GOODS,pairwise,old_vs_new,PPIITM,WPSID61,6,2002-11-01,-0.00618777491828393,-0.00618777491828393,0
PPI_PROCESSED_INTERMEDIATE_GOODS,pairwise,old_vs_new,PPIITM,WPSID61,6,2002-12-01,-5.92627535489498e-07,-5.92627535489498e-07,0
PPI_PROCESSED_INTERMEDIATE_GOODS,pairwise,old_vs_new,PPIITM,WPSID61,6,2003-01-01,0.00994212881589984,0.00994212881589984,0
PPI_PROCESSED_INTERMEDIATE_GOODS,pairwise,old_vs_new,PPIITM,WPSID61,6,2003-02-01,0.00738838604868963,0.00738838604868963,0
PPI_PROCESSED_INTERMEDIATE_GOODS,pairwise,old_vs_new,PPIITM,WPSID61,6,2003-03-01,0.000412149364740877,0.000412149364740877,0
PPI_PROCESSED_INTERMEDIATE_GOODS,pairwise,old_vs_new,PPIITM,WPSID61,6,2003-04-01,-0.0422698043097798,-0.0422698043097798,0
PPI_PROCESSED_INTERMEDIATE_GOODS,pairwise,old_vs_new,PPIITM,WPSID61,6,2003-05-01,0.0184845314032627,0.0184845314032627,0
PPI_PROCESSED_INTERMEDIATE_GOODS,pairwise,old_vs_new,PPIITM,WPSID61,6,2003-06-01,0.0105461637963167,0.0105461637963167,0
PPI_PROCESSED_INTERMEDIATE_GOODS,pairwise,old_vs_new,PPIITM,WPSID61,6,2003-07-01,-0.00377158011456125,-0.00377158011456125,0
PPI_PROCESSED_INTERMEDIATE_GOODS,pairwise,old_vs_new,PPIITM,WPSID61,6,2003-08-01,0.00298952372886685,0.00298952372886685,0
PPI_PROCESSED_INTERMEDIATE_GOODS,pairwise,old_vs_new,PPIITM,WPSID61,6,2003-09-01,-0.00523813051546274,-0.00523813051546274,0
PPI_PROCESSED_INTERMEDIATE_GOODS,pairwise,old_vs_new,PPIITM,WPSID61,6,2003-10-01,0.00373218184645197,0.00373218184645197,0
PPI_PROCESSED_INTERMEDIATE_GOODS,pairwise,old_vs_new,PPIITM,WPSID61,6,2003-11-01,-0.00298507684345317,-0.00298507684345317,0
PPI_PROCESSED_INTERMEDIATE_GOODS,pairwise,old_vs_new,PPIITM,WPSID61,6,2003-12-01,0.00594355390084811,0.00594355390084811,0
PPI_PROCESSED_INTERMEDIATE_GOODS,pairwise,old_vs_new,PPIITM,WPSID61,6,2004-01-01,0.00583861479741188,0.00583861479741188,0
PPI_PROCESSED_INTERMEDIATE_GOODS,pairwise,old_vs_new,PPIITM,WPSID61,6,2004-02-01,-0.0030357572553914,-0.0030357572553914,0
PPI_PROCESSED_INTERMEDIATE_GOODS,pairwise,old_vs_new,PPIITM,WPSID61,6,2004-03-01,-0.0044017268388572,-0.0044017268388572,0
PPI_PROCESSED_INTERMEDIATE_GOODS,pairwise,old_vs_new,PPIITM,WPSID61,6,2004-04-01,0.00786372555538062,0.00786372555538062,0
PPI_PROCESSED_INTERMEDIATE_GOODS,pairwise,old_vs_new,PPIITM,WPSID61,6,2004-05-01,-0.000852716805718856,-0.000852716805718856,0
PPI_PROCESSED_INTERMEDIATE_GOODS,pairwise,old_vs_new,PPIITM,WPSID61,6,2004-06-01,-0.00783332268116776,-0.00783332268116776,0
PPI_PROCESSED_INTERMEDIATE_GOODS,pairwise,old_vs_new,PPIITM,WPSID61,6,2004-07-01,0.00138819689417602,0.00138819689417602,0
PPI_PROCESSED_INTERMEDIATE_GOODS,pairwise,old_vs_new,PPIITM,WPSID61,6,2004-08-01,0.00553157395622339,0.00553157395622339,0
PPI_PROCESSED_INTERMEDIATE_GOODS,pairwise,old_vs_new,PPIITM,WPSID61,6,2004-09-01,-0.00767588803001473,-0.00767588803001473,0
PPI_PROCESSED_INTERMEDIATE_GOODS,pairwise,old_vs_new,PPIITM,WPSID61,6,2004-10-01,0.00958805600804435,0.00958805600804435,0
PPI_PROCESSED_INTERMEDIATE_GOODS,pairwise,old_vs_new,PPIITM,WPSID61,6,2004-11-01,-0.00352572923673122,-0.00352572923673122,0
PPI_PROCESSED_INTERMEDIATE_GOODS,pairwise,old_vs_new,PPIITM,WPSID61,6,2004-12-01,-0.010181760443623,-0.010181760443623,0
PPI_PROCESSED_INTERMEDIATE_GOODS,pairwise,old_vs_new,PPIITM,WPSID61,6,2005-01-01,0.00675494888483996,0.00675494888483996,0
PPI_PROCESSED_INTERMEDIATE_GOODS,pairwise,old_vs_new,PPIITM,WPSID61,6,2005-02-01,0.00130966588256687,0.00130966588256687,0
PPI_PROCESSED_INTERMEDIATE_GOODS,pairwise,old_vs_new,PPIITM,WPSID61,6,2005-03-01,0.00128327821372132,0.00128327821372132,0
PPI_PROCESSED_INTERMEDIATE_GOODS,pairwise,old_vs_new,PPIITM,WPSID61,6,2005-04-01,-0.00402119763984832,-0.00402119763984832,0
PPI_PROCESSED_INTERMEDIATE_GOODS,pairwise,old_vs_new,PPIITM,WPSID61,6,2005-05-01,-0.00861082059037699,-0.00861082059037699,0
PPI_PROCESSED_INTERMEDIATE_GOODS,pairwise,old_vs_new,PPIITM,WPSID61,6,2005-06-01,0.00795185934141784,0.00795185934141784,0
PPI_PROCESSED_INTERMEDIATE_GOODS,pairwise,old_vs_new,PPIITM,WPSID61,6,2005-07-01,0.00459583670952135,0.00459583670952135,0
PPI_PROCESSED_INTERMEDIATE_GOODS,pairwise,old_vs_new,PPIITM,WPSID61,6,2005-08-01,-0.00201839321704789,-0.00201839321704789,0
PPI_PROCESSED_INTERMEDIATE_GOODS,pairwise,old_vs_new,PPIITM,WPSID61,6,2005-09-01,0.0198826252832411,0.0198826252832411,0
PPI_PROCESSED_INTERMEDIATE_GOODS,pairwise,old_vs_new,PPIITM,WPSID61,6,2005-10-01,0.00615297183682362,0.00615297183682362,0
PPI_PROCESSED_INTERMEDIATE_GOODS,pairwise,old_vs_new,PPIITM,WPSID61,6,2005-11-01,-0.0443270094304768,-0.0443270094304768,0
PPI_PROCESSED_INTERMEDIATE_GOODS,pairwise,old_vs_new,PPIITM,WPSID61,6,2005-12-01,0.0117753899237893,0.0117753899237893,0
PPI_PROCESSED_INTERMEDIATE_GOODS,pairwise,old_vs_new,PPIITM,WPSID61,6,2006-01-01,0.0142634180745667,0.0142634180745667,0
PPI_PROCESSED_INTERMEDIATE_GOODS,pairwise,old_vs_new,PPIITM,WPSID61,6,2006-02-01,-0.0185776747339004,-0.0185776747339004,0
PPI_PROCESSED_INTERMEDIATE_GOODS,pairwise,old_vs_new,PPIITM,WPSID61,6,2006-03-01,0.00431927821629774,0.00431927821629774,0
PPI_PROCESSED_INTERMEDIATE_GOODS,pairwise,old_vs_new,PPIITM,WPSID61,6,2006-04-01,0.00986406156833564,0.00986406156833564,0
PPI_PROCESSED_INTERMEDIATE_GOODS,pairwise,old_vs_new,PPIITM,WPSID61,6,2006-05-01,-0.000692776328733657,-0.000692776328733657,0
PPI_PROCESSED_INTERMEDIATE_GOODS,pairwise,old_vs_new,PPIITM,WPSID61,6,2006-06-01,-0.00369790335051956,-0.00369790335051956,0
PPI_PROCESSED_INTERMEDIATE_GOODS,pairwise,old_vs_new,PPIITM,WPSID61,6,2006-07-01,-0.00304004473455866,-0.00304004473455866,0
PPI_PROCESSED_INTERMEDIATE_GOODS,pairwise,old_vs_new,PPIITM,WPSID61,6,2006-08-01,0.00420978087314161,0.00420978087314161,0
PPI_PROCESSED_INTERMEDIATE_GOODS,pairwise,old_vs_new,PPIITM,WPSID61,6,2006-09-01,-0.016893786840285,-0.016893786840285,0
PPI_PROCESSED_INTERMEDIATE_GOODS,pairwise,old_vs_new,PPIITM,WPSID61,6,2006-10-01,0.00049423586007169,0.00049423586007169,0
PPI_PROCESSED_INTERMEDIATE_GOODS,pairwise,old_vs_new,PPIITM,WPSID61,6,2006-11-01,0.0152714069890392,0.0152714069890392,0
PPI_PROCESSED_INTERMEDIATE_GOODS,pairwise,old_vs_new,PPIITM,WPSID61,6,2006-12-01,0.000583495152418401,0.000583495152418401,0
PPI_PROCESSED_INTERMEDIATE_GOODS,pairwise,old_vs_new,PPIITM,WPSID61,6,2007-01-01,-0.00912910485217466,-0.00912910485217466,0
PPI_PROCESSED_INTERMEDIATE_GOODS,pairwise,old_vs_new,PPIITM,WPSID61,6,2007-02-01,0.0109356458184831,0.0109356458184831,0
PPI_PROCESSED_INTERMEDIATE_GOODS,pairwise,old_vs_new,PPIITM,WPSID61,6,2007-03-01,0.0011477781988356,0.0011477781988356,0
PPI_PROCESSED_INTERMEDIATE_GOODS,pairwise,old_vs_new,PPIITM,WPSID61,6,2007-04-01,0.00111852651024247,0.00111852651024247,0
PPI_PROCESSED_INTERMEDIATE_GOODS,pairwise,old_vs_new,PPIITM,WPSID61,6,2007-05-01,-0.00126824039659112,-0.00126824039659112,0
PPI_PROCESSED_INTERMEDIATE_GOODS,pairwise,old_vs_new,PPIITM,WPSID61,6,2007-06-01,-0.00416762888838562,-0.00416762888838562,0
PPI_PROCESSED_INTERMEDIATE_GOODS,pairwise,old_vs_new,PPIITM,WPSID61,6,2007-07-01,0.00406595299990453,0.00406595299990453,0
PPI_PROCESSED_INTERMEDIATE_GOODS,pairwise,old_vs_new,PPIITM,WPSID61,6,2007-08-01,-0.0181269053032791,-0.0181269053032791,0
PPI_PROCESSED_INTERMEDIATE_GOODS,pairwise,old_vs_new,PPIITM,WPSID61,6,2007-09-01,0.0175580169102032,0.0175580169102032,0
PPI_PROCESSED_INTERMEDIATE_GOODS,pairwise,old_vs_new,PPIITM,WPSID61,6,2007-10-01,-5.75277729106816e-05,-5.75277729106816e-05,0
PPI_PROCESSED_INTERMEDIATE_GOODS,pairwise,old_vs_new,PPIITM,WPSID61,6,2007-11-01,0.0153414151840652,0.0153414151840652,0
PPI_PROCESSED_INTERMEDIATE_GOODS,pairwise,old_vs_new,PPIITM,WPSID61,6,2007-12-01,-0.0217661723329288,-0.0217661723329288,0
PPI_PROCESSED_INTERMEDIATE_GOODS,pairwise,old_vs_new,PPIITM,WPSID61,6,2008-01-01,0.0117866775350004,0.0117866775350004,0
PPI_PROCESSED_INTERMEDIATE_GOODS,pairwise,old_vs_new,PPIITM,WPSID61,6,2008-02-01,-0.00402895195784314,-0.00402895195784314,0
PPI_PROCESSED_INTERMEDIATE_GOODS,pairwise,old_vs_new,PPIITM,WPSID61,6,2008-03-01,0.011910926693429,0.011910926693429,0
PPI_PROCESSED_INTERMEDIATE_GOODS,pairwise,old_vs_new,PPIITM,WPSID61,6,2008-04-01,-0.0110962939279373,-0.0110962939279373,0
PPI_PROCESSED_INTERMEDIATE_GOODS,pairwise,old_vs_new,PPIITM,WPSID61,6,2008-05-01,0.0151983688119985,0.0151983688119985,0
PPI_PROCESSED_INTERMEDIATE_GOODS,pairwise,old_vs_new,PPIITM,WPSID61,6,2008-06-01,-0.00316196235833122,-0.00316196235833122,0
PPI_PROCESSED_INTERMEDIATE_GOODS,pairwise,old_vs_new,PPIITM,WPSID61,6,2008-07-01,0.00503605100879678,0.00503605100879678,0
PPI_PROCESSED_INTERMEDIATE_GOODS,pairwise,old_vs_new,PPIITM,WPSID61,6,2008-08-01,-0.0393169594685325,-0.0393169594685325,0
PPI_PROCESSED_INTERMEDIATE_GOODS,pairwise,old_vs_new,PPIITM,WPSID61,6,2008-09-01,0.01203599881336,0.01203599881336,0
PPI_PROCESSED_INTERMEDIATE_GOODS,pairwise,old_vs_new,PPIITM,WPSID61,6,2008-10-01,-0.0439009269325874,-0.0439009269325874,0
PPI_PROCESSED_INTERMEDIATE_GOODS,pairwise,old_vs_new,PPIITM,WPSID61,6,2008-11-01,-0.00816653701990688,-0.00816653701990688,0
PPI_PROCESSED_INTERMEDIATE_GOODS,pairwise,old_vs_new,PPIITM,WPSID61,6,2008-12-01,0.0105207367068347,0.0105207367068347,0
PPI_PROCESSED_INTERMEDIATE_GOODS,pairwise,old_vs_new,PPIITM,WPSID61,6,2009-01-01,0.0426318649513391,0.0426318649513391,0
PPI_PROCESSED_INTERMEDIATE_GOODS,pairwise,old_vs_new,PPIITM,WPSID61,6,2009-02-01,-0.00931898280375698,-0.00931898280375698,0
PPI_PROCESSED_INTERMEDIATE_GOODS,pairwise,old_vs_new,PPIITM,WPSID61,6,2009-03-01,-0.00659172081673809,-0.00659172081673809,0
PPI_PROCESSED_INTERMEDIATE_GOODS,pairwise,old_vs_new,PPIITM,WPSID61,6,2009-04-01,0.0159244895362516,0.0159244895362516,0
PPI_PROCESSED_INTERMEDIATE_GOODS,pairwise,old_vs_new,PPIITM,WPSID61,6,2009-05-01,0.00532667979826229,0.00532667979826229,0
PPI_PROCESSED_INTERMEDIATE_GOODS,pairwise,old_vs_new,PPIITM,WPSID61,6,2009-06-01,0.00756530527574739,0.00756530527574739,0
PPI_PROCESSED_INTERMEDIATE_GOODS,pairwise,old_vs_new,PPIITM,WPSID61,6,2009-07-01,-0.0169865726907581,-0.0169865726907581,0
PPI_PROCESSED_INTERMEDIATE_GOODS,pairwise,old_vs_new,PPIITM,WPSID61,6,2009-08-01,0.0191576189384266,0.0191576189384266,0
PPI_PROCESSED_INTERMEDIATE_GOODS,pairwise,old_vs_new,PPIITM,WPSID61,6,2009-09-01,-0.0127842922384609,-0.0127842922384609,0
PPI_PROCESSED_INTERMEDIATE_GOODS,pairwise,old_vs_new,PPIITM,WPSID61,6,2009-10-01,0.00113528170285626,0.00113528170285626,0
PPI_PROCESSED_INTERMEDIATE_GOODS,pairwise,old_vs_new,PPIITM,WPSID61,6,2009-11-01,0.00679060584468605,0.00679060584468605,0
PPI_PROCESSED_INTERMEDIATE_GOODS,pairwise,old_vs_new,PPIITM,WPSID61,6,2009-12-01,-0.00572390532816147,-0.00572390532816147,0
PPI_PROCESSED_INTERMEDIATE_GOODS,pairwise,old_vs_new,PPIITM,WPSID61,6,2010-01-01,0.0116574029642083,0.0116574029642083,0
PPI_PROCESSED_INTERMEDIATE_GOODS,pairwise,old_vs_new,PPIITM,WPSID61,6,2010-02-01,-0.0189469652078254,-0.0189469652078254,0
PPI_PROCESSED_INTERMEDIATE_GOODS,pairwise,old_vs_new,PPIITM,WPSID61,6,2010-03-01,0.00719135046183528,0.00719135046183528,0
PPI_PROCESSED_INTERMEDIATE_GOODS,pairwise,old_vs_new,PPIITM,WPSID61,6,2010-04-01,0.00326303112696191,0.00271583549087318,-0.000547195636088738
PPI_PROCESSED_INTERMEDIATE_GOODS,pairwise,old_vs_new,PPIITM,WPSID61,6,2010-05-01,-0.00496264045693007,-0.00386824918475259,0.00109439127217748
PPI_PROCESSED_INTERMEDIATE_GOODS,pairwise,old_vs_new,PPIITM,WPSID61,6,2010-06-01,-0.00874438298444691,-0.00983997457614993,-0.00109559159170303
PPI_PROCESSED_INTERMEDIATE_GOODS,pairwise,old_vs_new,PPIITM,WPSID61,6,2010-07-01,0.00272249006597836,0.00381928197720693,0.00109679191122858
PPI_PROCESSED_INTERMEDIATE_GOODS,pairwise,old_vs_new,PPIITM,WPSID61,6,2010-08-01,0.00768056561212749,0.0071321696565132,-0.000548395955614289
PPI_PROCESSED_INTERMEDIATE_GOODS,pairwise,old_vs_new,PPIITM,WPSID61,6,2010-09-01,-0.00111356502139781,-0.00111356502139781,0
PPI_PROCESSED_INTERMEDIATE_GOODS,pairwise,old_vs_new,PPIITM,WPSID61,6,2010-10-01,0.00863415041053806,0.00809579238945979,-0.000538358021078267
PPI_PROCESSED_INTERMEDIATE_GOODS,pairwise,old_vs_new,PPIITM,WPSID61,6,2010-11-01,-0.00441537581480933,-0.0033386597726528,0.00107671604215653
PPI_PROCESSED_INTERMEDIATE_GOODS,pairwise,old_vs_new,PPIITM,WPSID61,6,2010-12-01,0.00258066569493032,0.00204230767385205,-0.000538358021078267
PPI_PROCESSED_INTERMEDIATE_GOODS,pairwise,old_vs_new,PPIITM,WPSID61,6,2011-01-01,0.00354086504727036,0.00354086504727036,0
PPI_PROCESSED_INTERMEDIATE_GOODS,pairwise,old_vs_new,PPIITM,WPSID61,6,2011-02-01,-0.000197773462132567,0.0003157053681484,0.000513478830280967
PPI_PROCESSED_INTERMEDIATE_GOODS,pairwise,old_vs_new,PPIITM,WPSID61,6,2011-03-01,0.000314131612650925,-0.000206625075319877,-0.000520756687970803
PPI_PROCESSED_INTERMEDIATE_GOODS,pairwise,old_vs_new,PPIITM,WPSID61,6,2011-04-01,-0.00120001471451214,-0.001199312537981,7.02176531142129e-07
PPI_PROCESSED_INTERMEDIATE_GOODS,pairwise,old_vs_new,PPIITM,WPSID61,6,2011-05-01,-0.00362820143699327,-0.00412125104726702,-0.000493049610273744
PPI_PROCESSED_INTERMEDIATE_GOODS,pairwise,old_vs_new,PPIITM,WPSID61,6,2011-06-01,-0.00796640903902279,-0.00796122133491917,5.18770410362634e-06
PPI_PROCESSED_INTERMEDIATE_GOODS,pairwise,old_vs_new,PPIITM,WPSID61,6,2011-07-01,0.00344692968810634,0.00345155281480203,4.62312669569087e-06
PPI_PROCESSED_INTERMEDIATE_GOODS,pairwise,old_vs_new,PPIITM,WPSID61,6,2011-08-01,-0.0123365891753933,-0.0118540943890935,0.000482494786299803
PPI_PROCESSED_INTERMEDIATE_GOODS,pairwise,old_vs_new,PPIITM,WPSID61,6,2011-09-01,0.0118555582532371,0.0123609880064945,0.000505429753257403
PPI_PROCESSED_INTERMEDIATE_GOODS,pairwise,old_vs_new,PPIITM,WPSID61,6,2011-10-01,-0.0138676111788252,-0.0143703916296598,-0.000502780450834628
PPI_PROCESSED_INTERMEDIATE_GOODS,pairwise,old_vs_new,PPIITM,WPSID61,6,2011-11-01,0.00991554964369534,0.0104183520308876,0.000502802387192247
PPI_PROCESSED_INTERMEDIATE_GOODS,pairwise,old_vs_new,PPIITM,WPSID61,6,2011-12-01,-0.00448791423451667,-0.00448642095836593,1.49327615073247e-06
PPI_PROCESSED_INTERMEDIATE_GOODS,pairwise,old_vs_new,PPIITM,WPSID61,6,2012-01-01,0.00448965552263392,0.00448890726935858,-7.48253275340005e-07
PPI_PROCESSED_INTERMEDIATE_GOODS,pairwise,old_vs_new,PPIITM,WPSID61,6,2012-02-01,0.00249289564502142,0.00248842523830728,-4.47040671414101e-06
PPI_PROCESSED_INTERMEDIATE_GOODS,pairwise,old_vs_new,PPIITM,WPSID61,6,2012-03-01,0.00839655983231147,0.00788525926795636,-0.000511300564355111
PPI_PROCESSED_INTERMEDIATE_GOODS,pairwise,old_vs_new,PPIITM,WPSID61,6,2012-04-01,-0.0173150240363125,-0.0167949262766127,0.000520097759699745
PPI_PROCESSED_INTERMEDIATE_GOODS,pairwise,old_vs_new,PPIITM,WPSID61,6,2012-05-01,-0.00053370652340945,-0.0035147579863164,-0.00298105146290695
PPI_PROCESSED_INTERMEDIATE_GOODS,pairwise,old_vs_new,PPIITM,WPSID61,6,2012-06-01,-0.00205103987695221,-0.00108764919230264,0.000963390684649568
PPI_PROCESSED_INTERMEDIATE_GOODS,pairwise,old_vs_new,PPIITM,WPSID61,6,2012-07-01,0.00448045751248749,0.00598677666870451,0.00150631915621702
PPI_PROCESSED_INTERMEDIATE_GOODS,pairwise,old_vs_new,PPIITM,WPSID61,6,2012-08-01,0.0130755199572707,0.0141038801958722,0.00102836023860142
PPI_PROCESSED_INTERMEDIATE_GOODS,pairwise,old_vs_new,PPIITM,WPSID61,6,2012-09-01,0.00140516809300095,-0.000100305706800974,-0.00150547379980193
PPI_PROCESSED_INTERMEDIATE_GOODS,pairwise,old_vs_new,PPIITM,WPSID61,6,2012-10-01,-0.00847221588274483,-0.00798402508898821,0.000488190793756615
PPI_PROCESSED_INTERMEDIATE_GOODS,pairwise,old_vs_new,PPIITM,WPSID61,6,2012-11-01,-0.0109113018975808,-0.00943092833114889,0.00148037356643194
PPI_PROCESSED_INTERMEDIATE_GOODS,pairwise,old_vs_new,PPIITM,WPSID61,6,2012-12-01,0.00943144215993197,0.00794812915619669,-0.00148331300373528
PPI_PROCESSED_INTERMEDIATE_GOODS,pairwise,old_vs_new,PPIITM,WPSID61,6,2013-01-01,0.0029833442077134,0.00397590012046489,0.000992555912751492
PPI_PROCESSED_INTERMEDIATE_GOODS,pairwise,old_vs_new,PPIITM,WPSID61,6,2013-02-01,0.00541601093769462,0.00539746808423214,-1.85428534624776e-05
PPI_PROCESSED_INTERMEDIATE_GOODS,pairwise,old_vs_new,PPIITM,WPSID61,6,2013-03-01,-0.0182921184784455,-0.0197434969583075,-0.00145137847986199
PPI_PROCESSED_INTERMEDIATE_GOODS,pairwise,old_vs_new,PPIITM,WPSID61,6,2013-04-01,0.00241529191918932,0.00440045902856401,0.00198516710937469
PPI_PROCESSED_INTERMEDIATE_GOODS,pairwise,old_vs_new,PPIITM,WPSID61,6,2013-05-01,0.00897809230480906,0.0039739095850857,-0.00500418271972336
PPI_PROCESSED_INTERMEDIATE_GOODS,pairwise,old_vs_new,PPIITM,WPSID61,6,2013-06-01,-0.001000997090566,0.000997754574071585,0.00199875166463759
PPI_PROCESSED_INTERMEDIATE_GOODS,pairwise,old_vs_new,PPIITM,WPSID61,6,2013-07-01,-0.000499375293640192,0.000999250582864875,0.00149862587650507
PPI_PROCESSED_INTERMEDIATE_GOODS,pairwise,old_vs_new,PPIITM,WPSID61,6,2013-08-01,-2.4850675472976e-07,0.000997754574071585,0.000998003080826315
PPI_PROCESSED_INTERMEDIATE_GOODS,pairwise,old_vs_new,PPIITM,WPSID61,6,2013-09-01,-0.0004983802744567,-0.00199625740141851,-0.00149787712696181
PPI_PROCESSED_INTERMEDIATE_GOODS,pairwise,old_vs_new,PPIITM,WPSID61,6,2013-10-01,-0.0004983802744567,-0.000499624793675046,-1.24451921834634e-06
PPI_PROCESSED_INTERMEDIATE_GOODS,pairwise,old_vs_new,PPIITM,WPSID61,6,2013-11-01,-0.00299725374702398,0.000498877038157097,0.00349613078518107
PPI_PROCESSED_INTERMEDIATE_GOODS,pairwise,old_vs_new,PPIITM,WPSID61,6,2013-12-01,0.00798778033269976,0.00498729176082069,-0.00300048857187907
PPI_PROCESSED_INTERMEDIATE_GOODS,pairwise,old_vs_new,PPIITM,WPSID61,6,2014-01-01,0.00295021004490703,0.00294731201813025,-2.89802677677642e-06
PPI_PROCESSED_INTERMEDIATE_GOODS,pairwise,old_vs_new,PPIITM,WPSID61,6,2014-02-01,-0.00497382881279762,-0.00398414932978586,0.000989679483011763
PPI_PROCESSED_INTERMEDIATE_GOODS,pairwise,old_vs_new,PPIITM,WPSID61,6,2014-03-01,-0.00197555242858805,-0.00197553997940947,1.2449178576901e-08
PPI_PROCESSED_INTERMEDIATE_GOODS,pairwise,old_vs_new,PPIITM,WPSID61,6,2014-04-01,-0.000492975114740446,0.000488383519436475,0.000981358634176921
PPI_PROCESSED_INTERMEDIATE_GOODS,pairwise,old_vs_new,PPIITM,WPSID61,6,2014-05-01,0.000985221754570276,-0.00589488169183028,-0.00688010344640055
PPI_PROCESSED_INTERMEDIATE_GOODS,pairwise,old_vs_new,PPIITM,WPSID61,6,2014-06-01,0.000490793273550061,0.0024530121247599,0.00196221885120984
PPI_PROCESSED_INTERMEDIATE_GOODS,pairwise,old_vs_new,PPIITM,WPSID61,6,2014-07-01,-0.00049321396621238,0.0024639041940695,0.00295711816028188
PPI_PROCESSED_INTERMEDIATE_GOODS,pairwise,old_vs_new,PPIITM,WPSID61,6,2014-08-01,-0.00196560212381591,-0.000493217780206834,0.00147238434360908
PPI_PROCESSED_INTERMEDIATE_GOODS,pairwise,old_vs_new,PPIITM,WPSID61,6,2014-09-01,-0.000985703510764324,-0.00295736631630827,-0.00197166280554395
PPI_PROCESSED_INTERMEDIATE_GOODS,pairwise,old_vs_new,PPIITM,WPSID61,6,2014-10-01,-0.00793256641003914,-0.00745583951499107,0.000476726895048074
PPI_PROCESSED_INTERMEDIATE_GOODS,pairwise,old_vs_new,PPIITM,WPSID61,6,2014-11-01,-0.000601651216437737,0.0019126654834043,0.00251431669984203
PPI_PROCESSED_INTERMEDIATE_GOODS,pairwise,old_vs_new,PPIITM,WPSID61,6,2014-12-01,-0.0072507240520947,-0.00973639449572872,-0.00248567044363401
PPI_PROCESSED_INTERMEDIATE_GOODS,pairwise,old_vs_new,PPIITM,WPSID61,6,2015-01-01,-0.0065937807510652,-0.00711442151997499,-0.000520640768909786
PPI_PROCESSED_INTERMEDIATE_GOODS,pairwise,old_vs_new,PPIITM,WPSID61,6,2015-02-01,0.019089591336904,0.0211814263731593,0.00209183503625532
PPI_PROCESSED_INTERMEDIATE_GOODS,pairwise,old_vs_new,PPIITM,WPSID61,6,2015-03-01,0.0031468169397133,0.00262425446122894,-0.000522562478484367
PPI_PROCESSED_INTERMEDIATE_GOODS,pairwise,old_vs_new,PPIITM,WPSID61,6,2015-04-01,-0.00584467271542266,-0.0063503380489065,-0.00050566533348384
PPI_PROCESSED_INTERMEDIATE_GOODS,pairwise,old_vs_new,PPIITM,WPSID61,6,2015-05-01,0.0180218016079206,0.0137527517122242,-0.00426904989569632
PPI_PROCESSED_INTERMEDIATE_GOODS,pairwise,old_vs_new,PPIITM,WPSID61,6,2015-06-01,-0.00428442809358831,-0.00266404319747693,0.00162038489611138
PPI_PROCESSED_INTERMEDIATE_GOODS,pairwise,old_vs_new,PPIITM,WPSID61,6,2015-07-01,-0.00788051873013895,-0.00578934096504646,0.00209117776509249
PPI_PROCESSED_INTERMEDIATE_GOODS,pairwise,old_vs_new,PPIITM,WPSID61,6,2015-08-01,-0.0063402319889434,-0.00476509113501855,0.00157514085392485
PPI_PROCESSED_INTERMEDIATE_GOODS,pairwise,old_vs_new,PPIITM,WPSID61,6,2015-09-01,-0.00435448281404582,-0.0070124488672727,-0.00265796605322688
PPI_PROCESSED_INTERMEDIATE_GOODS,pairwise,old_vs_new,PPIITM,WPSID61,6,2015-10-01,0.00903091756708019,0.00957134498503276,0.000540427417952571
PPI_PROCESSED_INTERMEDIATE_GOODS,pairwise,old_vs_new,PPIITM,WPSID61,6,2015-11-01,-0.00272057098524847,-1.86595884628105e-05,0.00270191139678566
PPI_PROCESSED_INTERMEDIATE_GOODS,pairwise,old_vs_new,PPIITM,WPSID61,6,2015-12-01,-0.00332099521854179,-0.00712461834829092,-0.00380362312974913
PPI_UNPROCESSED_INTERMEDIATE_GOODS,pairwise,old_vs_new,PPICRM,WPSID62,6,1947-06-01,0.0163774467271347,0.0163774467271347,0
PPI_UNPROCESSED_INTERMEDIATE_GOODS,pairwise,old_vs_new,PPICRM,WPSID62,6,1947-07-01,0.00642979498065177,0.00642979498065177,0
PPI_UNPROCESSED_INTERMEDIATE_GOODS,pairwise,old_vs_new,PPICRM,WPSID62,6,1947-08-01,0.00618272058090907,0.00618272058090907,0
PPI_UNPROCESSED_INTERMEDIATE_GOODS,pairwise,old_vs_new,PPICRM,WPSID62,6,1947-09-01,0.00583138609769707,0.00583138609769707,0
PPI_UNPROCESSED_INTERMEDIATE_GOODS,pairwise,old_vs_new,PPICRM,WPSID62,6,1947-10-01,0.0143381123546154,0.0143381123546154,0
PPI_UNPROCESSED_INTERMEDIATE_GOODS,pairwise,old_vs_new,PPICRM,WPSID62,6,1947-11-01,-0.0334222375319442,-0.0334222375319442,0
PPI_UNPROCESSED_INTERMEDIATE_GOODS,pairwise,old_vs_new,PPICRM,WPSID62,6,1947-12-01,0.0345507725247582,0.0345507725247582,0
PPI_UNPROCESSED_INTERMEDIATE_GOODS,pairwise,old_vs_new,PPICRM,WPSID62,6,1948-01-01,-0.0152917946603721,-0.0152917946603721,0
PPI_UNPROCESSED_INTERMEDIATE_GOODS,pairwise,old_vs_new,PPICRM,WPSID62,6,1948-02-01,-0.0761787093448474,-0.0761787093448474,0
PPI_UNPROCESSED_INTERMEDIATE_GOODS,pairwise,old_vs_new,PPICRM,WPSID62,6,1948-03-01,0.024491428904041,0.024491428904041,0
PPI_UNPROCESSED_INTERMEDIATE_GOODS,pairwise,old_vs_new,PPICRM,WPSID62,6,1948-04-01,0.0471913307858709,0.0471913307858709,0
PPI_UNPROCESSED_INTERMEDIATE_GOODS,pairwise,old_vs_new,PPICRM,WPSID62,6,1948-05-01,0.0109771146331523,0.0109771146331523,0
PPI_UNPROCESSED_INTERMEDIATE_GOODS,pairwise,old_vs_new,PPICRM,WPSID62,6,1948-06-01,-0.00648116497821682,-0.00648116497821682,0
PPI_UNPROCESSED_INTERMEDIATE_GOODS,pairwise,old_vs_new,PPICRM,WPSID62,6,1948-07-01,-0.027942408385365,-0.027942408385365,0
PPI_UNPROCESSED_INTERMEDIATE_GOODS,pairwise,old_vs_new,PPICRM,WPSID62,6,1948-08-01,-0.0139939153645745,-0.0139939153645745,0
PPI_UNPROCESSED_INTERMEDIATE_GOODS,pairwise,old_vs_new,PPICRM,WPSID62,6,1948-09-01,-0.000285698415523505,-0.000285698415523505,0
PPI_UNPROCESSED_INTERMEDIATE_GOODS,pairwise,old_vs_new,PPICRM,WPSID62,6,1948-10-01,-0.0149801594464201,-0.0149801594464201,0
PPI_UNPROCESSED_INTERMEDIATE_GOODS,pairwise,old_vs_new,PPICRM,WPSID62,6,1948-11-01,0.0231106630614564,0.0231106630614564,0
PPI_UNPROCESSED_INTERMEDIATE_GOODS,pairwise,old_vs_new,PPICRM,WPSID62,6,1948-12-01,-0.00612251370658834,-0.00612251370658834,0
PPI_UNPROCESSED_INTERMEDIATE_GOODS,pairwise,old_vs_new,PPICRM,WPSID62,6,1949-01-01,-0.0157337813022131,-0.0157337813022131,0
PPI_UNPROCESSED_INTERMEDIATE_GOODS,pairwise,old_vs_new,PPICRM,WPSID62,6,1949-02-01,-0.00420806022927334,-0.00420806022927334,0
PPI_UNPROCESSED_INTERMEDIATE_GOODS,pairwise,old_vs_new,PPICRM,WPSID62,6,1949-03-01,0.0317382249718565,0.0317382249718565,0
PPI_UNPROCESSED_INTERMEDIATE_GOODS,pairwise,old_vs_new,PPICRM,WPSID62,6,1949-04-01,-0.0164312716745347,-0.0164312716745347,0
PPI_UNPROCESSED_INTERMEDIATE_GOODS,pairwise,old_vs_new,PPICRM,WPSID62,6,1949-05-01,0.0163560129727114,0.0163560129727114,0
PPI_UNPROCESSED_INTERMEDIATE_GOODS,pairwise,old_vs_new,PPICRM,WPSID62,6,1949-06-01,-0.0100613733201822,-0.0100613733201822,0
PPI_UNPROCESSED_INTERMEDIATE_GOODS,pairwise,old_vs_new,PPICRM,WPSID62,6,1949-07-01,-0.003600210588242,-0.003600210588242,0
PPI_UNPROCESSED_INTERMEDIATE_GOODS,pairwise,old_vs_new,PPICRM,WPSID62,6,1949-08-01,0.016978336534418,0.016978336534418,0
PPI_UNPROCESSED_INTERMEDIATE_GOODS,pairwise,old_vs_new,PPICRM,WPSID62,6,1949-09-01,0.0102215540715385,0.0102215540715385,0
PPI_UNPROCESSED_INTERMEDIATE_GOODS,pairwise,old_vs_new,PPICRM,WPSID62,6,1949-10-01,-0.0102215540715385,-0.0102215540715385,0
PPI_UNPROCESSED_INTERMEDIATE_GOODS,pairwise,old_vs_new,PPICRM,WPSID62,6,1949-11-01,0.00338409798424033,0.00338409798424033,0
PPI_UNPROCESSED_INTERMEDIATE_GOODS,pairwise,old_vs_new,PPICRM,WPSID62,6,1949-12-01,-0.00338409798424033,-0.00338409798424033,0
PPI_UNPROCESSED_INTERMEDIATE_GOODS,pairwise,old_vs_new,PPICRM,WPSID62,6,1950-01-01,0,0,0
PPI_UNPROCESSED_INTERMEDIATE_GOODS,pairwise,old_vs_new,PPICRM,WPSID62,6,1950-02-01,0.0299523222833513,0.0299523222833513,0
PPI_UNPROCESSED_INTERMEDIATE_GOODS,pairwise,old_vs_new,PPICRM,WPSID62,6,1950-03-01,-0.0365312933813939,-0.0365312933813939,0
PPI_UNPROCESSED_INTERMEDIATE_GOODS,pairwise,old_vs_new,PPICRM,WPSID62,6,1950-04-01,0.0131579421960852,0.0131579421960852,0
PPI_UNPROCESSED_INTERMEDIATE_GOODS,pairwise,old_vs_new,PPICRM,WPSID62,6,1950-05-01,0.0288514658814578,0.0288514658814578,0
PPI_UNPROCESSED_INTERMEDIATE_GOODS,pairwise,old_vs_new,PPICRM,WPSID62,6,1950-06-01,-0.0197315274363965,-0.0197315274363965,0
PPI_UNPROCESSED_INTERMEDIATE_GOODS,pairwise,old_vs_new,PPICRM,WPSID62,6,1950-07-01,0.0210024573073238,0.0210024573073238,0
PPI_UNPROCESSED_INTERMEDIATE_GOODS,pairwise,old_vs_new,PPICRM,WPSID62,6,1950-08-01,-0.0158982392206641,-0.0158982392206641,0
PPI_UNPROCESSED_INTERMEDIATE_GOODS,pairwise,old_vs_new,PPICRM,WPSID62,6,1950-09-01,-0.00620432820861083,-0.00620432820861083,0
PPI_UNPROCESSED_INTERMEDIATE_GOODS,pairwise,old_vs_new,PPICRM,WPSID62,6,1950-10-01,-0.0145987994211527,-0.0145987994211527,0
PPI_UNPROCESSED_INTERMEDIATE_GOODS,pairwise,old_vs_new,PPICRM,WPSID62,6,1950-11-01,0.0257524961024145,0.0257524961024145,0
PPI_UNPROCESSED_INTERMEDIATE_GOODS,pairwise,old_vs_new,PPICRM,WPSID62,6,1950-12-01,0.0103124388183815,0.0103124388183815,0
PPI_UNPROCESSED_INTERMEDIATE_GOODS,pairwise,old_vs_new,PPICRM,WPSID62,6,1951-01-01,0.00399382563120865,0.00399382563120865,0
PPI_UNPROCESSED_INTERMEDIATE_GOODS,pairwise,old_vs_new,PPICRM,WPSID62,6,1951-02-01,-0.00406515790409934,-0.00406515790409934,0
PPI_UNPROCESSED_INTERMEDIATE_GOODS,pairwise,old_vs_new,PPICRM,WPSID62,6,1951-03-01,-0.04870025391702,-0.04870025391702,0
PPI_UNPROCESSED_INTERMEDIATE_GOODS,pairwise,old_vs_new,PPICRM,WPSID62,6,1951-04-01,0.0127066512691147,0.0127066512691147,0
PPI_UNPROCESSED_INTERMEDIATE_GOODS,pairwise,old_vs_new,PPICRM,WPSID62,6,1951-05-01,-0.0180650073976389,-0.0180650073976389,0
PPI_UNPROCESSED_INTERMEDIATE_GOODS,pairwise,old_vs_new,PPICRM,WPSID62,6,1951-06-01,0.0102218299366132,0.0102218299366132,0
PPI_UNPROCESSED_INTERMEDIATE_GOODS,pairwise,old_vs_new,PPICRM,WPSID62,6,1951-07-01,-0.0268732594967442,-0.0268732594967442,0
PPI_UNPROCESSED_INTERMEDIATE_GOODS,pairwise,old_vs_new,PPICRM,WPSID62,6,1951-08-01,0.0182777106146101,0.0182777106146101,0
PPI_UNPROCESSED_INTERMEDIATE_GOODS,pairwise,old_vs_new,PPICRM,WPSID62,6,1951-09-01,0.00811690300566736,0.00811690300566736,0
PPI_UNPROCESSED_INTERMEDIATE_GOODS,pairwise,old_vs_new,PPICRM,WPSID62,6,1951-10-01,0.030361282903784,0.030361282903784,0
PPI_UNPROCESSED_INTERMEDIATE_GOODS,pairwise,old_vs_new,PPICRM,WPSID62,6,1951-11-01,-0.0302474399841213,-0.0302474399841213,0
PPI_UNPROCESSED_INTERMEDIATE_GOODS,pairwise,old_vs_new,PPICRM,WPSID62,6,1951-12-01,0.013687446182455,0.013687446182455,0
PPI_UNPROCESSED_INTERMEDIATE_GOODS,pairwise,old_vs_new,PPICRM,WPSID62,6,1952-01-01,-0.0275798127652913,-0.0275798127652913,0
PPI_UNPROCESSED_INTERMEDIATE_GOODS,pairwise,old_vs_new,PPICRM,WPSID62,6,1952-02-01,0.0136851500753816,0.0136851500753816,0
PPI_UNPROCESSED_INTERMEDIATE_GOODS,pairwise,old_vs_new,PPICRM,WPSID62,6,1952-03-01,-0.00576943806667218,-0.00576943806667218,0
PPI_UNPROCESSED_INTERMEDIATE_GOODS,pairwise,old_vs_new,PPICRM,WPSID62,6,1952-04-01,0.0113234027109246,0.0113234027109246,0
PPI_UNPROCESSED_INTERMEDIATE_GOODS,pairwise,old_vs_new,PPICRM,WPSID62,6,1952-05-01,-8.21014692098387e-06,-8.21014692098387e-06,0
PPI_UNPROCESSED_INTERMEDIATE_GOODS,pairwise,old_vs_new,PPICRM,WPSID62,6,1952-06-01,-0.00289426228879686,-0.00289426228879686,0
PPI_UNPROCESSED_INTERMEDIATE_GOODS,pairwise,old_vs_new,PPICRM,WPSID62,6,1952-07-01,0.00576370471674981,0.00576370471674981,0
PPI_UNPROCESSED_INTERMEDIATE_GOODS,pairwise,old_vs_new,PPICRM,WPSID62,6,1952-08-01,0.0028860048891346,0.0028860048891346,0
PPI_UNPROCESSED_INTERMEDIATE_GOODS,pairwise,old_vs_new,PPICRM,WPSID62,6,1952-09-01,-0.029164889352975,-0.029164889352975,0
PPI_UNPROCESSED_INTERMEDIATE_GOODS,pairwise,old_vs_new,PPICRM,WPSID62,6,1952-10-01,0.0262788844638404,0.0262788844638404,0
PPI_UNPROCESSED_INTERMEDIATE_GOODS,pairwise,old_vs_new,PPICRM,WPSID62,6,1952-11-01,-0.00296296513065686,-0.00296296513065686,0
PPI_UNPROCESSED_INTERMEDIATE_GOODS,pairwise,old_vs_new,PPICRM,WPSID62,6,1952-12-01,-0.0210622144563333,-0.0210622144563333,0
PPI_UNPROCESSED_INTERMEDIATE_GOODS,pairwise,old_vs_new,PPICRM,WPSID62,6,1953-01-01,0.011792611151356,0.011792611151356,0
PPI_UNPROCESSED_INTERMEDIATE_GOODS,pairwise,old_vs_new,PPICRM,WPSID62,6,1953-02-01,0.00915090189822587,0.00915090189822587,0
PPI_UNPROCESSED_INTERMEDIATE_GOODS,pairwise,old_vs_new,PPICRM,WPSID62,6,1953-03-01,0.00308166653740827,0.00308166653740827,0
PPI_UNPROCESSED_INTERMEDIATE_GOODS,pairwise,old_vs_new,PPICRM,WPSID62,6,1953-04-01,-0.0250013022054172,-0.0250013022054172,0
PPI_UNPROCESSED_INTERMEDIATE_GOODS,pairwise,old_vs_new,PPICRM,WPSID62,6,1953-05-01,0.0313104713986818,0.0313104713986818,0
PPI_UNPROCESSED_INTERMEDIATE_GOODS,pairwise,old_vs_new,PPICRM,WPSID62,6,1953-06-01,-0.018967566065188,-0.018967566065188,0
PPI_UNPROCESSED_INTERMEDIATE_GOODS,pairwise,old_vs_new,PPICRM,WPSID62,6,1953-07-01,0.0409177341863267,0.0409177341863267,0
PPI_UNPROCESSED_INTERMEDIATE_GOODS,pairwise,old_vs_new,PPICRM,WPSID62,6,1953-08-01,-0.0438602777568833,-0.0438602777568833,0
PPI_UNPROCESSED_INTERMEDIATE_GOODS,pairwise,old_vs_new,PPICRM,WPSID62,6,1953-09-01,0.0218705534560755,0.0218705534560755,0
PPI_UNPROCESSED_INTERMEDIATE_GOODS,pairwise,old_vs_new,PPICRM,WPSID62,6,1953-10-01,-0.0251976228991144,-0.0251976228991144,0
PPI_UNPROCESSED_INTERMEDIATE_GOODS,pairwise,old_vs_new,PPICRM,WPSID62,6,1953-11-01,0.0125382117867479,0.0125382117867479,0
PPI_UNPROCESSED_INTERMEDIATE_GOODS,pairwise,old_vs_new,PPICRM,WPSID62,6,1953-12-01,0.0222883841665693,0.0222883841665693,0
PPI_UNPROCESSED_INTERMEDIATE_GOODS,pairwise,old_vs_new,PPICRM,WPSID62,6,1954-01-01,-0.00647936415130657,-0.00647936415130657,0
PPI_UNPROCESSED_INTERMEDIATE_GOODS,pairwise,old_vs_new,PPICRM,WPSID62,6,1954-02-01,-0.00941922191649169,-0.00941922191649169,0
PPI_UNPROCESSED_INTERMEDIATE_GOODS,pairwise,old_vs_new,PPICRM,WPSID62,6,1954-03-01,0.00312012733624378,0.00312012733624378,0
PPI_UNPROCESSED_INTERMEDIATE_GOODS,pairwise,old_vs_new,PPICRM,WPSID62,6,1954-04-01,-9.70492185148331e-06,-9.70492185148331e-06,0
PPI_UNPROCESSED_INTERMEDIATE_GOODS,pairwise,old_vs_new,PPICRM,WPSID62,6,1954-05-01,-0.0062208448287846,-0.0062208448287846,0
PPI_UNPROCESSED_INTERMEDIATE_GOODS,pairwise,old_vs_new,PPICRM,WPSID62,6,1954-06-01,-0.0157580618899908,-0.0157580618899908,0
PPI_UNPROCESSED_INTERMEDIATE_GOODS,pairwise,old_vs_new,PPICRM,WPSID62,6,1954-07-01,0.0156888313870036,0.0156888313870036,0
PPI_UNPROCESSED_INTERMEDIATE_GOODS,pairwise,old_vs_new,PPICRM,WPSID62,6,1954-08-01,-1.01424507206183e-05,-1.01424507206183e-05,0
PPI_UNPROCESSED_INTERMEDIATE_GOODS,pairwise,old_vs_new,PPICRM,WPSID62,6,1954-09-01,0.00955924365357985,0.00955924365357985,0
PPI_UNPROCESSED_INTERMEDIATE_GOODS,pairwise,old_vs_new,PPICRM,WPSID62,6,1954-10-01,-0.0159388993016303,-0.0159388993016303,0
PPI_UNPROCESSED_INTERMEDIATE_GOODS,pairwise,old_vs_new,PPICRM,WPSID62,6,1954-11-01,0.0159592491149216,0.0159592491149216,0
PPI_UNPROCESSED_INTERMEDIATE_GOODS,pairwise,old_vs_new,PPICRM,WPSID62,6,1954-12-01,-0.0256830010334497,-0.0256830010334497,0
PPI_UNPROCESSED_INTERMEDIATE_GOODS,pairwise,old_vs_new,PPICRM,WPSID62,6,1955-01-01,0.0289863321403381,0.0289863321403381,0
PPI_UNPROCESSED_INTERMEDIATE_GOODS,pairwise,old_vs_new,PPICRM,WPSID62,6,1955-02-01,-0.0129137439057017,-0.0129137439057017,0
PPI_UNPROCESSED_INTERMEDIATE_GOODS,pairwise,old_vs_new,PPICRM,WPSID62,6,1955-03-01,-0.00650393519195269,-0.00650393519195269,0
PPI_UNPROCESSED_INTERMEDIATE_GOODS,pairwise,old_vs_new,PPICRM,WPSID62,6,1955-04-01,0.0194490997839898,0.0194490997839898,0
PPI_UNPROCESSED_INTERMEDIATE_GOODS,pairwise,old_vs_new,PPICRM,WPSID62,6,1955-05-01,-0.0358698299963174,-0.0358698299963174,0
PPI_UNPROCESSED_INTERMEDIATE_GOODS,pairwise,old_vs_new,PPICRM,WPSID62,6,1955-06-01,0.0425660103166501,0.0425660103166501,0
PPI_UNPROCESSED_INTERMEDIATE_GOODS,pairwise,old_vs_new,PPICRM,WPSID62,6,1955-07-01,-0.026240776393303,-0.026240776393303,0
PPI_UNPROCESSED_INTERMEDIATE_GOODS,pairwise,old_vs_new,PPICRM,WPSID62,6,1955-08-01,-9.73904763705846e-05,-9.73904763705846e-05,0
PPI_UNPROCESSED_INTERMEDIATE_GOODS,pairwise,old_vs_new,PPICRM,WPSID62,6,1955-09-01,0.019834873314692,0.019834873314692,0
PPI_UNPROCESSED_INTERMEDIATE_GOODS,pairwise,old_vs_new,PPICRM,WPSID62,6,1955-10-01,-0.00991743665734601,-0.00991743665734601,0
PPI_UNPROCESSED_INTERMEDIATE_GOODS,pairwise,old_vs_new,PPICRM,WPSID62,6,1955-11-01,-0.03344793406754,-0.03344793406754,0
PPI_UNPROCESSED_INTERMEDIATE_GOODS,pairwise,old_vs_new,PPICRM,WPSID62,6,1955-12-01,0.0368435230686783,0.0368435230686783,0
PPI_UNPROCESSED_INTERMEDIATE_GOODS,pairwise,old_vs_new,PPICRM,WPSID62,6,1956-01-01,-0.00679117800227669,-0.00679117800227669,0
PPI_UNPROCESSED_INTERMEDIATE_GOODS,pairwise,old_vs_new,PPICRM,WPSID62,6,1956-02-01,0.0202593950531429,0.0202593950531429,0
PPI_UNPROCESSED_INTERMEDIATE_GOODS,pairwise,old_vs_new,PPICRM,WPSID62,6,1956-03-01,-0.0202138929372864,-0.0202138929372864,0
PPI_UNPROCESSED_INTERMEDIATE_GOODS,pairwise,old_vs_new,PPICRM,WPSID62,6,1956-04-01,0.0199894058892465,0.0199894058892465,0
PPI_UNPROCESSED_INTERMEDIATE_GOODS,pairwise,old_vs_new,PPICRM,WPSID62,6,1956-05-01,-0.00352437692613661,-0.00352437692613661,0
PPI_UNPROCESSED_INTERMEDIATE_GOODS,pairwise,old_vs_new,PPICRM,WPSID62,6,1956-06-01,-0.0196509130576135,-0.0196509130576135,0
PPI_UNPROCESSED_INTERMEDIATE_GOODS,pairwise,old_vs_new,PPICRM,WPSID62,6,1956-07-01,0.00653597097978542,0.00653597097978542,0
PPI_UNPROCESSED_INTERMEDIATE_GOODS,pairwise,old_vs_new,PPICRM,WPSID62,6,1956-08-01,0.0162605208717803,0.0162605208717803,0
PPI_UNPROCESSED_INTERMEDIATE_GOODS,pairwise,old_vs_new,PPICRM,WPSID62,6,1956-09-01,-0.0162605208717803,-0.0162605208717803,0
PPI_UNPROCESSED_INTERMEDIATE_GOODS,pairwise,old_vs_new,PPICRM,WPSID62,6,1956-10-01,0,0,0
PPI_UNPROCESSED_INTERMEDIATE_GOODS,pairwise,old_vs_new,PPICRM,WPSID62,6,1956-11-01,0.0032206147000422,0.0032206147000422,0
PPI_UNPROCESSED_INTERMEDIATE_GOODS,pairwise,old_vs_new,PPICRM,WPSID62,6,1956-12-01,0.0158882469980042,0.0158882469980042,0
PPI_UNPROCESSED_INTERMEDIATE_GOODS,pairwise,old_vs_new,PPICRM,WPSID62,6,1957-01-01,-0.0318074450351737,-0.0318074450351737,0
PPI_UNPROCESSED_INTERMEDIATE_GOODS,pairwise,old_vs_new,PPICRM,WPSID62,6,1957-02-01,0.00306769027616616,0.00306769027616616,0
PPI_UNPROCESSED_INTERMEDIATE_GOODS,pairwise,old_vs_new,PPICRM,WPSID62,6,1957-03-01,0.00639987247951446,0.00639987247951446,0
PPI_UNPROCESSED_INTERMEDIATE_GOODS,pairwise,old_vs_new,PPICRM,WPSID62,6,1957-04-01,-1.04733427237491e-05,-1.04733427237491e-05,0
PPI_UNPROCESSED_INTERMEDIATE_GOODS,pairwise,old_vs_new,PPICRM,WPSID62,6,1957-05-01,-1.05414622071365e-05,-1.05414622071365e-05,0
PPI_UNPROCESSED_INTERMEDIATE_GOODS,pairwise,old_vs_new,PPICRM,WPSID62,6,1957-06-01,0.0289769266248134,0.0289769266248134,0
PPI_UNPROCESSED_INTERMEDIATE_GOODS,pairwise,old_vs_new,PPICRM,WPSID62,6,1957-07-01,-0.00997653427029643,-0.00997653427029643,0
PPI_UNPROCESSED_INTERMEDIATE_GOODS,pairwise,old_vs_new,PPICRM,WPSID62,6,1957-08-01,-0.0157483569681394,-0.0157483569681394,0
PPI_UNPROCESSED_INTERMEDIATE_GOODS,pairwise,old_vs_new,PPICRM,WPSID62,6,1957-09-01,-0.02531780798429,-0.02531780798429,0
PPI_UNPROCESSED_INTERMEDIATE_GOODS,pairwise,old_vs_new,PPICRM,WPSID62,6,1957-10-01,0.0188869176539996,0.0188869176539996,0
PPI_UNPROCESSED_INTERMEDIATE_GOODS,pairwise,old_vs_new,PPICRM,WPSID62,6,1957-11-01,0.00965150503033252,0.00965150503033252,0
PPI_UNPROCESSED_INTERMEDIATE_GOODS,pairwise,old_vs_new,PPICRM,WPSID62,6,1957-12-01,0.0095591119463565,0.0095591119463565,0
PPI_UNPROCESSED_INTERMEDIATE_GOODS,pairwise,old_vs_new,PPICRM,WPSID62,6,1958-01-01,-0.0159593795637782,-0.0159593795637782,0
PPI_UNPROCESSED_INTERMEDIATE_GOODS,pairwise,old_vs_new,PPICRM,WPSID62,6,1958-02-01,0.0189777697939708,0.0189777697939708,0
PPI_UNPROCESSED_INTERMEDIATE_GOODS,pairwise,old_vs_new,PPICRM,WPSID62,6,1958-03-01,-0.00333689643877921,-0.00333689643877921,0
PPI_UNPROCESSED_INTERMEDIATE_GOODS,pairwise,old_vs_new,PPICRM,WPSID62,6,1958-04-01,-0.028062160880292,-0.028062160880292,0
PPI_UNPROCESSED_INTERMEDIATE_GOODS,pairwise,old_vs_new,PPICRM,WPSID62,6,1958-05-01,0.0342930734546325,0.0342930734546325,0
PPI_UNPROCESSED_INTERMEDIATE_GOODS,pairwise,old_vs_new,PPICRM,WPSID62,6,1958-06-01,-0.0311146530107096,-0.0311146530107096,0
PPI_UNPROCESSED_INTERMEDIATE_GOODS,pairwise,old_vs_new,PPICRM,WPSID62,6,1958-07-01,0.0155426473348008,0.0155426473348008,0
PPI_UNPROCESSED_INTERMEDIATE_GOODS,pairwise,old_vs_new,PPICRM,WPSID62,6,1958-08-01,-0.0093701476814152,-0.0093701476814152,0
PPI_UNPROCESSED_INTERMEDIATE_GOODS,pairwise,old_vs_new,PPICRM,WPSID62,6,1958-09-01,-0.00319886885276111,-0.00319886885276111,0
PPI_UNPROCESSED_INTERMEDIATE_GOODS,pairwise,old_vs_new,PPICRM,WPSID62,6,1958-10-01,0.018897778395865,0.018897778395865,0
PPI_UNPROCESSED_INTERMEDIATE_GOODS,pairwise,old_vs_new,PPICRM,WPSID62,6,1958-11-01,-0.00319886885276111,-0.00319886885276111,0
PPI_UNPROCESSED_INTERMEDIATE_GOODS,pairwise,old_vs_new,PPICRM,WPSID62,6,1958-12-01,-0.0219489298882753,-0.0219489298882753,0
PPI_UNPROCESSED_INTERMEDIATE_GOODS,pairwise,old_vs_new,PPICRM,WPSID62,6,1959-01-01,0.0156989095431039,0.0156989095431039,0
PPI_UNPROCESSED_INTERMEDIATE_GOODS,pairwise,old_vs_new,PPICRM,WPSID62,6,1959-02-01,-0.00634922767865875,-0.00634922767865875,0
PPI_UNPROCESSED_INTERMEDIATE_GOODS,pairwise,old_vs_new,PPICRM,WPSID62,6,1959-03-01,0.00952888059603829,0.00952888059603829,0
PPI_UNPROCESSED_INTERMEDIATE_GOODS,pairwise,old_vs_new,PPICRM,WPSID62,6,1959-04-01,0.00314948213426813,0.00314948213426813,0
PPI_UNPROCESSED_INTERMEDIATE_GOODS,pairwise,old_vs_new,PPICRM,WPSID62,6,1959-05-01,-0.0126582701032953,-0.0126582701032953,0
PPI_UNPROCESSED_INTERMEDIATE_GOODS,pairwise,old_vs_new,PPICRM,WPSID62,6,1959-06-01,-4.03132338320233e-05,-4.03132338320233e-05,0
PPI_UNPROCESSED_INTERMEDIATE_GOODS,pairwise,old_vs_new,PPICRM,WPSID62,6,1959-07-01,-0.00326144477548151,-0.00326144477548151,0
PPI_UNPROCESSED_INTERMEDIATE_GOODS,pairwise,old_vs_new,PPICRM,WPSID62,6,1959-08-01,-9.36568310336838e-05,-9.36568310336838e-05,0
PPI_UNPROCESSED_INTERMEDIATE_GOODS,pairwise,old_vs_new,PPICRM,WPSID62,6,1959-09-01,0.016218079202543,0.016218079202543,0
PPI_UNPROCESSED_INTERMEDIATE_GOODS,pairwise,old_vs_new,PPICRM,WPSID62,6,1959-10-01,-0.0129870586210963,-0.0129870586210963,0
PPI_UNPROCESSED_INTERMEDIATE_GOODS,pairwise,old_vs_new,PPICRM,WPSID62,6,1959-11-01,-4.24416692372809e-05,-4.24416692372809e-05,0
PPI_UNPROCESSED_INTERMEDIATE_GOODS,pairwise,old_vs_new,PPICRM,WPSID62,6,1959-12-01,-4.30001182571971e-05,-4.30001182571971e-05,0
PPI_UNPROCESSED_INTERMEDIATE_GOODS,pairwise,old_vs_new,PPICRM,WPSID62,6,1960-01-01,0.00987386699489523,0.00987386699489523,0
PPI_UNPROCESSED_INTERMEDIATE_GOODS,pairwise,old_vs_new,PPICRM,WPSID62,6,1960-02-01,-0.00329489589685261,-0.00329489589685261,0
PPI_UNPROCESSED_INTERMEDIATE_GOODS,pairwise,old_vs_new,PPICRM,WPSID62,6,1960-03-01,0.00982004618097543,0.00982004618097543,0
PPI_UNPROCESSED_INTERMEDIATE_GOODS,pairwise,old_vs_new,PPICRM,WPSID62,6,1960-04-01,-0.00656801079459779,-0.00656801079459779,0
PPI_UNPROCESSED_INTERMEDIATE_GOODS,pairwise,old_vs_new,PPICRM,WPSID62,6,1960-05-01,-0.00325203538637764,-0.00325203538637764,0
PPI_UNPROCESSED_INTERMEDIATE_GOODS,pairwise,old_vs_new,PPICRM,WPSID62,6,1960-06-01,-0.0130720815673531,-0.0130720815673531,0
PPI_UNPROCESSED_INTERMEDIATE_GOODS,pairwise,old_vs_new,PPICRM,WPSID62,6,1960-07-01,0.0130720815673531,0.0130720815673531,0
PPI_UNPROCESSED_INTERMEDIATE_GOODS,pairwise,old_vs_new,PPICRM,WPSID62,6,1960-08-01,-0.0199342149008173,-0.0199342149008173,0
PPI_UNPROCESSED_INTERMEDIATE_GOODS,pairwise,old_vs_new,PPICRM,WPSID62,6,1960-09-01,0.026623203051614,0.026623203051614,0
PPI_UNPROCESSED_INTERMEDIATE_GOODS,pairwise,old_vs_new,PPICRM,WPSID62,6,1960-10-01,-4.44454321284482e-05,-4.44454321284482e-05,0
PPI_UNPROCESSED_INTERMEDIATE_GOODS,pairwise,old_vs_new,PPICRM,WPSID62,6,1960-11-01,-0.00664454271866832,-0.00664454271866832,0
PPI_UNPROCESSED_INTERMEDIATE_GOODS,pairwise,old_vs_new,PPICRM,WPSID62,6,1960-12-01,0.00330578813449955,0.00330578813449955,0
PPI_UNPROCESSED_INTERMEDIATE_GOODS,pairwise,old_vs_new,PPICRM,WPSID62,6,1961-01-01,-1.08922376469422e-05,-1.08922376469422e-05,0
PPI_UNPROCESSED_INTERMEDIATE_GOODS,pairwise,old_vs_new,PPICRM,WPSID62,6,1961-02-01,-1.08206956626056e-05,-1.08206956626056e-05,0
PPI_UNPROCESSED_INTERMEDIATE_GOODS,pairwise,old_vs_new,PPICRM,WPSID62,6,1961-03-01,-0.00986304629923263,-0.00986304629923263,0
PPI_UNPROCESSED_INTERMEDIATE_GOODS,pairwise,old_vs_new,PPICRM,WPSID62,6,1961-04-01,0.00327318296354306,0.00327318296354306,0
PPI_UNPROCESSED_INTERMEDIATE_GOODS,pairwise,old_vs_new,PPICRM,WPSID62,6,1961-05-01,-0.00667765584968372,-0.00667765584968372,0
PPI_UNPROCESSED_INTERMEDIATE_GOODS,pairwise,old_vs_new,PPICRM,WPSID62,6,1961-06-01,-0.00348477306668293,-0.00348477306668293,0
PPI_UNPROCESSED_INTERMEDIATE_GOODS,pairwise,old_vs_new,PPICRM,WPSID62,6,1961-07-01,0.0202249995137458,0.0202249995137458,0
PPI_UNPROCESSED_INTERMEDIATE_GOODS,pairwise,old_vs_new,PPICRM,WPSID62,6,1961-08-01,0.0198228553418325,0.0198228553418325,0
PPI_UNPROCESSED_INTERMEDIATE_GOODS,pairwise,old_vs_new,PPICRM,WPSID62,6,1961-09-01,-0.0331586089027547,-0.0331586089027547,0
PPI_UNPROCESSED_INTERMEDIATE_GOODS,pairwise,old_vs_new,PPICRM,WPSID62,6,1961-10-01,0.00657897109804262,0.00657897109804262,0
PPI_UNPROCESSED_INTERMEDIATE_GOODS,pairwise,old_vs_new,PPICRM,WPSID62,6,1961-11-01,-0.00330578813449955,-0.00330578813449955,0
PPI_UNPROCESSED_INTERMEDIATE_GOODS,pairwise,old_vs_new,PPICRM,WPSID62,6,1961-12-01,0.016463872712011,0.016463872712011,0
PPI_UNPROCESSED_INTERMEDIATE_GOODS,pairwise,old_vs_new,PPICRM,WPSID62,6,1962-01-01,-0.0131580845775114,-0.0131580845775114,0
PPI_UNPROCESSED_INTERMEDIATE_GOODS,pairwise,old_vs_new,PPICRM,WPSID62,6,1962-02-01,-0.00327332534496927,-0.00327332534496927,0
PPI_UNPROCESSED_INTERMEDIATE_GOODS,pairwise,old_vs_new,PPICRM,WPSID62,6,1962-03-01,0.00327332534496927,0.00327332534496927,0
PPI_UNPROCESSED_INTERMEDIATE_GOODS,pairwise,old_vs_new,PPICRM,WPSID62,6,1962-04-01,-0.013201511858536,-0.013201511858536,0
PPI_UNPROCESSED_INTERMEDIATE_GOODS,pairwise,old_vs_new,PPICRM,WPSID62,6,1962-05-01,0.013201511858536,0.013201511858536,0
PPI_UNPROCESSED_INTERMEDIATE_GOODS,pairwise,old_vs_new,PPICRM,WPSID62,6,1962-06-01,-0.00666669135818942,-0.00666669135818942,0
PPI_UNPROCESSED_INTERMEDIATE_GOODS,pairwise,old_vs_new,PPICRM,WPSID62,6,1962-07-01,0.0166501353423727,0.0166501353423727,0
PPI_UNPROCESSED_INTERMEDIATE_GOODS,pairwise,old_vs_new,PPICRM,WPSID62,6,1962-08-01,-9.86847516410982e-05,-9.86847516410982e-05,0
PPI_UNPROCESSED_INTERMEDIATE_GOODS,pairwise,old_vs_new,PPICRM,WPSID62,6,1962-09-01,0.0128066519695285,0.0128066519695285,0
PPI_UNPROCESSED_INTERMEDIATE_GOODS,pairwise,old_vs_new,PPICRM,WPSID62,6,1962-10-01,-0.0355948160379782,-0.0355948160379782,0
PPI_UNPROCESSED_INTERMEDIATE_GOODS,pairwise,old_vs_new,PPICRM,WPSID62,6,1962-11-01,0.0193759193415248,0.0193759193415248,0
PPI_UNPROCESSED_INTERMEDIATE_GOODS,pairwise,old_vs_new,PPICRM,WPSID62,6,1962-12-01,-0.0194597100324283,-0.0194597100324283,0
PPI_UNPROCESSED_INTERMEDIATE_GOODS,pairwise,old_vs_new,PPICRM,WPSID62,6,1963-01-01,0.00313489908379916,0.00313489908379916,0
PPI_UNPROCESSED_INTERMEDIATE_GOODS,pairwise,old_vs_new,PPICRM,WPSID62,6,1963-02-01,-9.80344101559893e-05,-9.80344101559893e-05,0
PPI_UNPROCESSED_INTERMEDIATE_GOODS,pairwise,old_vs_new,PPICRM,WPSID62,6,1963-03-01,-0.00347268947897295,-0.00347268947897295,0
PPI_UNPROCESSED_INTERMEDIATE_GOODS,pairwise,old_vs_new,PPICRM,WPSID62,6,1963-04-01,0.0201570525134849,0.0201570525134849,0
PPI_UNPROCESSED_INTERMEDIATE_GOODS,pairwise,old_vs_new,PPICRM,WPSID62,6,1963-05-01,-0.0134680643626881,-0.0134680643626881,0
PPI_UNPROCESSED_INTERMEDIATE_GOODS,pairwise,old_vs_new,PPICRM,WPSID62,6,1963-06-01,0.0168181512479699,0.0168181512479699,0
PPI_UNPROCESSED_INTERMEDIATE_GOODS,pairwise,old_vs_new,PPICRM,WPSID62,6,1963-07-01,-0.00674521780111093,-0.00674521780111093,0
PPI_UNPROCESSED_INTERMEDIATE_GOODS,pairwise,old_vs_new,PPICRM,WPSID62,6,1963-08-01,-0.0066778025310299,-0.0066778025310299,0
PPI_UNPROCESSED_INTERMEDIATE_GOODS,pairwise,old_vs_new,PPICRM,WPSID62,6,1963-09-01,-1.11856197668736e-05,-1.11856197668736e-05,0
PPI_UNPROCESSED_INTERMEDIATE_GOODS,pairwise,old_vs_new,PPICRM,WPSID62,6,1963-10-01,0.00670017377056364,0.00670017377056364,0
PPI_UNPROCESSED_INTERMEDIATE_GOODS,pairwise,old_vs_new,PPICRM,WPSID62,6,1963-11-01,0.00663335709890145,0.00663335709890145,0
PPI_UNPROCESSED_INTERMEDIATE_GOODS,pairwise,old_vs_new,PPICRM,WPSID62,6,1963-12-01,-0.0368306940203711,-0.0368306940203711,0
PPI_UNPROCESSED_INTERMEDIATE_GOODS,pairwise,old_vs_new,PPICRM,WPSID62,6,1964-01-01,0.0403609692029105,0.0403609692029105,0
PPI_UNPROCESSED_INTERMEDIATE_GOODS,pairwise,old_vs_new,PPICRM,WPSID62,6,1964-02-01,-0.0270274383334455,-0.0270274383334455,0
PPI_UNPROCESSED_INTERMEDIATE_GOODS,pairwise,old_vs_new,PPICRM,WPSID62,6,1964-03-01,0.0169093081678611,0.0169093081678611,0
PPI_UNPROCESSED_INTERMEDIATE_GOODS,pairwise,old_vs_new,PPICRM,WPSID62,6,1964-04-01,-0.00339558900113834,-0.00339558900113834,0
PPI_UNPROCESSED_INTERMEDIATE_GOODS,pairwise,old_vs_new,PPICRM,WPSID62,6,1964-05-01,-0.00339558900113834,-0.00339558900113834,0
PPI_UNPROCESSED_INTERMEDIATE_GOODS,pairwise,old_vs_new,PPICRM,WPSID62,6,1964-06-01,-0.0103032553570235,-0.0103032553570235,0
PPI_UNPROCESSED_INTERMEDIATE_GOODS,pairwise,old_vs_new,PPICRM,WPSID62,6,1964-07-01,0.0205717236459235,0.0205717236459235,0
PPI_UNPROCESSED_INTERMEDIATE_GOODS,pairwise,old_vs_new,PPICRM,WPSID62,6,1964-08-01,-4.69142173615822e-05,-4.69142173615822e-05,0
PPI_UNPROCESSED_INTERMEDIATE_GOODS,pairwise,old_vs_new,PPICRM,WPSID62,6,1964-09-01,0.0167045323397939,0.0167045323397939,0
PPI_UNPROCESSED_INTERMEDIATE_GOODS,pairwise,old_vs_new,PPICRM,WPSID62,6,1964-10-01,-0.0335472756536652,-0.0335472756536652,0
PPI_UNPROCESSED_INTERMEDIATE_GOODS,pairwise,old_vs_new,PPICRM,WPSID62,6,1964-11-01,0.0133668651287531,0.0133668651287531,0
PPI_UNPROCESSED_INTERMEDIATE_GOODS,pairwise,old_vs_new,PPICRM,WPSID62,6,1964-12-01,-0.00670017377056364,-0.00670017377056364,0
PPI_UNPROCESSED_INTERMEDIATE_GOODS,pairwise,old_vs_new,PPICRM,WPSID62,6,1965-01-01,-0.00676804328030256,-0.00676804328030256,0
PPI_UNPROCESSED_INTERMEDIATE_GOODS,pairwise,old_vs_new,PPICRM,WPSID62,6,1965-02-01,0.0235863472164506,0.0235863472164506,0
PPI_UNPROCESSED_INTERMEDIATE_GOODS,pairwise,old_vs_new,PPICRM,WPSID62,6,1965-03-01,-0.0101293157853513,-0.0101293157853513,0
PPI_UNPROCESSED_INTERMEDIATE_GOODS,pairwise,old_vs_new,PPICRM,WPSID62,6,1965-04-01,0.00990632548450554,0.00990632548450554,0
PPI_UNPROCESSED_INTERMEDIATE_GOODS,pairwise,old_vs_new,PPICRM,WPSID62,6,1965-05-01,-0.000173145182667422,-0.000173145182667422,0
PPI_UNPROCESSED_INTERMEDIATE_GOODS,pairwise,old_vs_new,PPICRM,WPSID62,6,1965-06-01,0.0125703490459843,0.0125703490459843,0
PPI_UNPROCESSED_INTERMEDIATE_GOODS,pairwise,old_vs_new,PPICRM,WPSID62,6,1965-07-01,-0.0383814563907672,-0.0383814563907672,0
PPI_UNPROCESSED_INTERMEDIATE_GOODS,pairwise,old_vs_new,PPICRM,WPSID62,6,1965-08-01,0.0223084767935804,0.0223084767935804,0
PPI_UNPROCESSED_INTERMEDIATE_GOODS,pairwise,old_vs_new,PPICRM,WPSID62,6,1965-09-01,-0.0127491039335301,-0.0127491039335301,0
PPI_UNPROCESSED_INTERMEDIATE_GOODS,pairwise,old_vs_new,PPICRM,WPSID62,6,1965-10-01,0.0158380497893029,0.0158380497893029,0
PPI_UNPROCESSED_INTERMEDIATE_GOODS,pairwise,old_vs_new,PPICRM,WPSID62,6,1965-11-01,-0.00326865652208408,-0.00326865652208408,0
PPI_UNPROCESSED_INTERMEDIATE_GOODS,pairwise,old_vs_new,PPICRM,WPSID62,6,1965-12-01,0.00912930741739837,0.00912930741739837,0
PPI_UNPROCESSED_INTERMEDIATE_GOODS,pairwise,old_vs_new,PPICRM,WPSID62,6,1966-01-01,-0.00636084328742825,-0.00636084328742825,0
PPI_UNPROCESSED_INTERMEDIATE_GOODS,pairwise,old_vs_new,PPICRM,WPSID62,6,1966-02-01,0.00580635049548928,0.00580635049548928,0
PPI_UNPROCESSED_INTERMEDIATE_GOODS,pairwise,old_vs_new,PPICRM,WPSID62,6,1966-03-01,-0.023916953502594,-0.023916953502594,0
PPI_UNPROCESSED_INTERMEDIATE_GOODS,pairwise,old_vs_new,PPICRM,WPSID62,6,1966-04-01,-3.56433173274162e-05,-3.56433173274162e-05,0
PPI_UNPROCESSED_INTERMEDIATE_GOODS,pairwise,old_vs_new,PPICRM,WPSID62,6,1966-05-01,-0.00306179367529502,-0.00306179367529502,0
PPI_UNPROCESSED_INTERMEDIATE_GOODS,pairwise,old_vs_new,PPICRM,WPSID62,6,1966-06-01,0.00904983551991778,0.00904983551991778,0
PPI_UNPROCESSED_INTERMEDIATE_GOODS,pairwise,old_vs_new,PPICRM,WPSID62,6,1966-07-01,0.0120483385161743,0.0120483385161743,0
PPI_UNPROCESSED_INTERMEDIATE_GOODS,pairwise,old_vs_new,PPICRM,WPSID62,6,1966-08-01,-0.00905879966780798,-0.00905879966780798,0
PPI_UNPROCESSED_INTERMEDIATE_GOODS,pairwise,old_vs_new,PPICRM,WPSID62,6,1966-09-01,-0.00597907769673256,-0.00597907769673256,0
PPI_UNPROCESSED_INTERMEDIATE_GOODS,pairwise,old_vs_new,PPICRM,WPSID62,6,1966-10-01,-0.0120937033629622,-0.0120937033629622,0
PPI_UNPROCESSED_INTERMEDIATE_GOODS,pairwise,old_vs_new,PPICRM,WPSID62,6,1966-11-01,-0.00332218533138651,-0.00332218533138651,0
PPI_UNPROCESSED_INTERMEDIATE_GOODS,pairwise,old_vs_new,PPICRM,WPSID62,6,1966-12-01,0.0121942274500744,0.0121942274500744,0
PPI_UNPROCESSED_INTERMEDIATE_GOODS,pairwise,old_vs_new,PPICRM,WPSID62,6,1967-01-01,0.00932162250703295,0.00932162250703295,0
PPI_UNPROCESSED_INTERMEDIATE_GOODS,pairwise,old_vs_new,PPICRM,WPSID62,6,1967-02-01,-0.0250893291331677,-0.0250893291331677,0
PPI_UNPROCESSED_INTERMEDIATE_GOODS,pairwise,old_vs_new,PPICRM,WPSID62,6,1967-03-01,0.00919918007237674,0.00919918007237674,0
PPI_UNPROCESSED_INTERMEDIATE_GOODS,pairwise,old_vs_new,PPICRM,WPSID62,6,1967-04-01,-0.000165437945638391,-0.000165437945638391,0
PPI_UNPROCESSED_INTERMEDIATE_GOODS,pairwise,old_vs_new,PPICRM,WPSID62,6,1967-05-01,0.0258903291840742,0.0258903291840742,0
PPI_UNPROCESSED_INTERMEDIATE_GOODS,pairwise,old_vs_new,PPICRM,WPSID62,6,1967-06-01,-0.00334509086301793,-0.00334509086301793,0
PPI_UNPROCESSED_INTERMEDIATE_GOODS,pairwise,old_vs_new,PPICRM,WPSID62,6,1967-07-01,-0.0127898690971193,-0.0127898690971193,0
PPI_UNPROCESSED_INTERMEDIATE_GOODS,pairwise,old_vs_new,PPICRM,WPSID62,6,1967-08-01,0.00318979536810016,0.00318979536810016,0
PPI_UNPROCESSED_INTERMEDIATE_GOODS,pairwise,old_vs_new,PPICRM,WPSID62,6,1967-09-01,-0.00320000273067089,-0.00320000273067089,0
PPI_UNPROCESSED_INTERMEDIATE_GOODS,pairwise,old_vs_new,PPICRM,WPSID62,6,1967-10-01,0.00640000546134178,0.00640000546134178,0
PPI_UNPROCESSED_INTERMEDIATE_GOODS,pairwise,old_vs_new,PPICRM,WPSID62,6,1967-11-01,-0.0096102810915899,-0.0096102810915899,0
PPI_UNPROCESSED_INTERMEDIATE_GOODS,pairwise,old_vs_new,PPICRM,WPSID62,6,1967-12-01,0.0191900050073177,0.0191900050073177,0
PPI_UNPROCESSED_INTERMEDIATE_GOODS,pairwise,old_vs_new,PPICRM,WPSID62,6,1968-01-01,-0.0159593795637782,-0.0159593795637782,0
PPI_UNPROCESSED_INTERMEDIATE_GOODS,pairwise,old_vs_new,PPICRM,WPSID62,6,1968-02-01,0.00635930583475908,0.00635930583475908,0
PPI_UNPROCESSED_INTERMEDIATE_GOODS,pairwise,old_vs_new,PPICRM,WPSID62,6,1968-03-01,-1.00781561003238e-05,-1.00781561003238e-05,0
PPI_UNPROCESSED_INTERMEDIATE_GOODS,pairwise,old_vs_new,PPICRM,WPSID62,6,1968-04-01,-1.00144709107575e-05,-1.00144709107575e-05,0
PPI_UNPROCESSED_INTERMEDIATE_GOODS,pairwise,old_vs_new,PPICRM,WPSID62,6,1968-05-01,-0.00948869534201613,-0.00948869534201613,0
PPI_UNPROCESSED_INTERMEDIATE_GOODS,pairwise,old_vs_new,PPICRM,WPSID62,6,1968-06-01,-4.03132338320233e-05,-4.03132338320233e-05,0
PPI_UNPROCESSED_INTERMEDIATE_GOODS,pairwise,old_vs_new,PPICRM,WPSID62,6,1968-07-01,0.0159084713322386,0.0159084713322386,0
PPI_UNPROCESSED_INTERMEDIATE_GOODS,pairwise,old_vs_new,PPICRM,WPSID62,6,1968-08-01,-0.00637946275639045,-0.00637946275639045,0
PPI_UNPROCESSED_INTERMEDIATE_GOODS,pairwise,old_vs_new,PPICRM,WPSID62,6,1968-09-01,0.00312976861719561,0.00312976861719561,0
PPI_UNPROCESSED_INTERMEDIATE_GOODS,pairwise,old_vs_new,PPICRM,WPSID62,6,1968-10-01,-3.93085623926481e-05,-3.93085623926481e-05,0
PPI_UNPROCESSED_INTERMEDIATE_GOODS,pairwise,old_vs_new,PPICRM,WPSID62,6,1968-11-01,0.0153224649089561,0.0153224649089561,0
PPI_UNPROCESSED_INTERMEDIATE_GOODS,pairwise,old_vs_new,PPICRM,WPSID62,6,1968-12-01,-0.0338425778459417,-0.0338425778459417,0
PPI_UNPROCESSED_INTERMEDIATE_GOODS,pairwise,old_vs_new,PPICRM,WPSID62,6,1969-01-01,0.0184239581661925,0.0184239581661925,0
PPI_UNPROCESSED_INTERMEDIATE_GOODS,pairwise,old_vs_new,PPICRM,WPSID62,6,1969-02-01,-0.0153989237184291,-0.0153989237184291,0
PPI_UNPROCESSED_INTERMEDIATE_GOODS,pairwise,old_vs_new,PPICRM,WPSID62,6,1969-03-01,0.0215529058186479,0.0215529058186479,0
PPI_UNPROCESSED_INTERMEDIATE_GOODS,pairwise,old_vs_new,PPICRM,WPSID62,6,1969-04-01,-0.000149643194787608,-0.000149643194787608,0
PPI_UNPROCESSED_INTERMEDIATE_GOODS,pairwise,old_vs_new,PPICRM,WPSID62,6,1969-05-01,0.0146690377533347,0.0146690377533347,0
PPI_UNPROCESSED_INTERMEDIATE_GOODS,pairwise,old_vs_new,PPICRM,WPSID62,6,1969-06-01,-0.0122284428119914,-0.0122284428119914,0
PPI_UNPROCESSED_INTERMEDIATE_GOODS,pairwise,old_vs_new,PPICRM,WPSID62,6,1969-07-01,-0.026260739168996,-0.026260739168996,0
PPI_UNPROCESSED_INTERMEDIATE_GOODS,pairwise,old_vs_new,PPICRM,WPSID62,6,1969-08-01,0.0204211198377249,0.0204211198377249,0
PPI_UNPROCESSED_INTERMEDIATE_GOODS,pairwise,old_vs_new,PPICRM,WPSID62,6,1969-09-01,-0.00875918008988164,-0.00875918008988164,0
PPI_UNPROCESSED_INTERMEDIATE_GOODS,pairwise,old_vs_new,PPICRM,WPSID62,6,1969-10-01,0.0115608224010759,0.0115608224010759,0
PPI_UNPROCESSED_INTERMEDIATE_GOODS,pairwise,old_vs_new,PPICRM,WPSID62,6,1969-11-01,-0.000132126577453207,-0.000132126577453207,0
PPI_UNPROCESSED_INTERMEDIATE_GOODS,pairwise,old_vs_new,PPICRM,WPSID62,6,1969-12-01,-0.0142736479558541,-0.0142736479558541,0
PPI_UNPROCESSED_INTERMEDIATE_GOODS,pairwise,old_vs_new,PPICRM,WPSID62,6,1970-01-01,0.00284495213223135,0.00284495213223135,0
PPI_UNPROCESSED_INTERMEDIATE_GOODS,pairwise,old_vs_new,PPICRM,WPSID62,6,1970-02-01,0.00284495213223135,0.00284495213223135,0
PPI_UNPROCESSED_INTERMEDIATE_GOODS,pairwise,old_vs_new,PPICRM,WPSID62,6,1970-03-01,0.00845460312170232,0.00845460312170232,0
PPI_UNPROCESSED_INTERMEDIATE_GOODS,pairwise,old_vs_new,PPICRM,WPSID62,6,1970-04-01,-0.0141124966305486,-0.0141124966305486,0
PPI_UNPROCESSED_INTERMEDIATE_GOODS,pairwise,old_vs_new,PPICRM,WPSID62,6,1970-05-01,-0.0113716936153416,-0.0113716936153416,0
PPI_UNPROCESSED_INTERMEDIATE_GOODS,pairwise,old_vs_new,PPICRM,WPSID62,6,1970-06-01,0.0141846349919565,0.0141846349919565,0
PPI_UNPROCESSED_INTERMEDIATE_GOODS,pairwise,old_vs_new,PPICRM,WPSID62,6,1970-07-01,0.00285306898240645,0.00285306898240645,0
PPI_UNPROCESSED_INTERMEDIATE_GOODS,pairwise,old_vs_new,PPICRM,WPSID62,6,1970-08-01,-0.014314512501413,-0.014314512501413,0
PPI_UNPROCESSED_INTERMEDIATE_GOODS,pairwise,old_vs_new,PPICRM,WPSID62,6,1970-09-01,0.0342544530475632,0.0342544530475632,0
PPI_UNPROCESSED_INTERMEDIATE_GOODS,pairwise,old_vs_new,PPICRM,WPSID62,6,1970-10-01,-0.0227930095285567,-0.0227930095285567,0
PPI_UNPROCESSED_INTERMEDIATE_GOODS,pairwise,old_vs_new,PPICRM,WPSID62,6,1970-11-01,-0.0113315660095501,-0.0113315660095501,0
PPI_UNPROCESSED_INTERMEDIATE_GOODS,pairwise,old_vs_new,PPICRM,WPSID62,6,1970-12-01,-0.00591024042495558,-0.00591024042495558,0
PPI_UNPROCESSED_INTERMEDIATE_GOODS,pairwise,old_vs_new,PPICRM,WPSID62,6,1971-01-01,0.02589986917762,0.02589986917762,0
PPI_UNPROCESSED_INTERMEDIATE_GOODS,pairwise,old_vs_new,PPICRM,WPSID62,6,1971-02-01,0.0224618459706902,0.0224618459706902,0
PPI_UNPROCESSED_INTERMEDIATE_GOODS,pairwise,old_vs_new,PPICRM,WPSID62,6,1971-03-01,-0.0451453840683089,-0.0451453840683089,0
PPI_UNPROCESSED_INTERMEDIATE_GOODS,pairwise,old_vs_new,PPICRM,WPSID62,6,1971-04-01,0.0308325936708855,0.0308325936708855,0
PPI_UNPROCESSED_INTERMEDIATE_GOODS,pairwise,old_vs_new,PPICRM,WPSID62,6,1971-05-01,-0.0168071183163812,-0.0168071183163812,0
PPI_UNPROCESSED_INTERMEDIATE_GOODS,pairwise,old_vs_new,PPICRM,WPSID62,6,1971-06-01,0.00554018037561566,0.00554018037561566,0
PPI_UNPROCESSED_INTERMEDIATE_GOODS,pairwise,old_vs_new,PPICRM,WPSID62,6,1971-07-01,-0.0138620037131081,-0.0138620037131081,0
PPI_UNPROCESSED_INTERMEDIATE_GOODS,pairwise,old_vs_new,PPICRM,WPSID62,6,1971-08-01,0.00553242124991371,0.00553242124991371,0
PPI_UNPROCESSED_INTERMEDIATE_GOODS,pairwise,old_vs_new,PPICRM,WPSID62,6,1971-09-01,-7.8025334824261e-06,-7.8025334824261e-06,0
PPI_UNPROCESSED_INTERMEDIATE_GOODS,pairwise,old_vs_new,PPICRM,WPSID62,6,1971-10-01,0.022215290478163,0.022215290478163,0
PPI_UNPROCESSED_INTERMEDIATE_GOODS,pairwise,old_vs_new,PPICRM,WPSID62,6,1971-11-01,-0.00306894785557255,-0.00306894785557255,0
PPI_UNPROCESSED_INTERMEDIATE_GOODS,pairwise,old_vs_new,PPICRM,WPSID62,6,1971-12-01,-0.0109582893666524,-0.0109582893666524,0
PPI_UNPROCESSED_INTERMEDIATE_GOODS,pairwise,old_vs_new,PPICRM,WPSID62,6,1972-01-01,0.0106094927115641,0.0106094927115641,0
PPI_UNPROCESSED_INTERMEDIATE_GOODS,pairwise,old_vs_new,PPICRM,WPSID62,6,1972-02-01,-0.00809516183932768,-0.00809516183932768,0
PPI_UNPROCESSED_INTERMEDIATE_GOODS,pairwise,old_vs_new,PPICRM,WPSID62,6,1972-03-01,-0.00790517950711322,-0.00790517950711322,0
PPI_UNPROCESSED_INTERMEDIATE_GOODS,pairwise,old_vs_new,PPICRM,WPSID62,6,1972-04-01,0.0156253179030807,0.0156253179030807,0
PPI_UNPROCESSED_INTERMEDIATE_GOODS,pairwise,old_vs_new,PPICRM,WPSID62,6,1972-05-01,-0.000240399063601515,-0.000240399063601515,0
PPI_UNPROCESSED_INTERMEDIATE_GOODS,pairwise,old_vs_new,PPICRM,WPSID62,6,1972-06-01,-0.0128436214108065,-0.0128436214108065,0
PPI_UNPROCESSED_INTERMEDIATE_GOODS,pairwise,old_vs_new,PPICRM,WPSID62,6,1972-07-01,0.0125723403813756,0.0125723403813756,0
PPI_UNPROCESSED_INTERMEDIATE_GOODS,pairwise,old_vs_new,PPICRM,WPSID62,6,1972-08-01,-0.00764162297134741,-0.00764162297134741,0
PPI_UNPROCESSED_INTERMEDIATE_GOODS,pairwise,old_vs_new,PPICRM,WPSID62,6,1972-09-01,-0.00252150967884468,-0.00252150967884468,0
PPI_UNPROCESSED_INTERMEDIATE_GOODS,pairwise,old_vs_new,PPICRM,WPSID62,6,1972-10-01,0.00487758377640635,0.00487758377640635,0
PPI_UNPROCESSED_INTERMEDIATE_GOODS,pairwise,old_vs_new,PPICRM,WPSID62,6,1972-11-01,0.0167114662983501,0.0167114662983501,0
PPI_UNPROCESSED_INTERMEDIATE_GOODS,pairwise,old_vs_new,PPICRM,WPSID62,6,1972-12-01,0.0154246438644194,0.0154246438644194,0
PPI_UNPROCESSED_INTERMEDIATE_GOODS,pairwise,old_vs_new,PPICRM,WPSID62,6,1973-01-01,-0.0149355267111129,-0.0149355267111129,0
PPI_UNPROCESSED_INTERMEDIATE_GOODS,pairwise,old_vs_new,PPICRM,WPSID62,6,1973-02-01,0.0185818388641334,0.0185818388641334,0
PPI_UNPROCESSED_INTERMEDIATE_GOODS,pairwise,old_vs_new,PPICRM,WPSID62,6,1973-03-01,4.05687742195404e-05,4.05687742195404e-05,0
PPI_UNPROCESSED_INTERMEDIATE_GOODS,pairwise,old_vs_new,PPICRM,WPSID62,6,1973-04-01,-0.0295541529840975,-0.0295541529840975,0
PPI_UNPROCESSED_INTERMEDIATE_GOODS,pairwise,old_vs_new,PPICRM,WPSID62,6,1973-05-01,0.0306952344645843,0.0306952344645843,0
PPI_UNPROCESSED_INTERMEDIATE_GOODS,pairwise,old_vs_new,PPICRM,WPSID62,6,1973-06-01,-0.00027214587186597,-0.00027214587186597,0
PPI_UNPROCESSED_INTERMEDIATE_GOODS,pairwise,old_vs_new,PPICRM,WPSID62,6,1973-07-01,-0.0930400312697861,-0.0930400312697861,0
PPI_UNPROCESSED_INTERMEDIATE_GOODS,pairwise,old_vs_new,PPICRM,WPSID62,6,1973-08-01,0.246151209963939,0.246151209963939,0
PPI_UNPROCESSED_INTERMEDIATE_GOODS,pairwise,old_vs_new,PPICRM,WPSID62,6,1973-09-01,-0.250842383539819,-0.250842383539819,0
PPI_UNPROCESSED_INTERMEDIATE_GOODS,pairwise,old_vs_new,PPICRM,WPSID62,6,1973-10-01,0.0110047687327324,0.0110047687327324,0
PPI_UNPROCESSED_INTERMEDIATE_GOODS,pairwise,old_vs_new,PPICRM,WPSID62,6,1973-11-01,0.0487171101459491,0.0487171101459491,0
PPI_UNPROCESSED_INTERMEDIATE_GOODS,pairwise,old_vs_new,PPICRM,WPSID62,6,1973-12-01,-0.00681720916157591,-0.00681720916157591,0
PPI_UNPROCESSED_INTERMEDIATE_GOODS,pairwise,old_vs_new,PPICRM,WPSID62,6,1974-01-01,0.0669609242317453,0.0669609242317453,0
PPI_UNPROCESSED_INTERMEDIATE_GOODS,pairwise,old_vs_new,PPICRM,WPSID62,6,1974-02-01,-0.0529801026446348,-0.0529801026446348,0
PPI_UNPROCESSED_INTERMEDIATE_GOODS,pairwise,old_vs_new,PPICRM,WPSID62,6,1974-03-01,-0.0472725075436102,-0.0472725075436102,0
PPI_UNPROCESSED_INTERMEDIATE_GOODS,pairwise,old_vs_new,PPICRM,WPSID62,6,1974-04-01,0.00393167273202888,0.00393167273202888,0
PPI_UNPROCESSED_INTERMEDIATE_GOODS,pairwise,old_vs_new,PPICRM,WPSID62,6,1974-05-01,-0.0110262670006849,-0.0110262670006849,0
PPI_UNPROCESSED_INTERMEDIATE_GOODS,pairwise,old_vs_new,PPICRM,WPSID62,6,1974-06-01,-0.0123296998843854,-0.0123296998843854,0
PPI_UNPROCESSED_INTERMEDIATE_GOODS,pairwise,old_vs_new,PPICRM,WPSID62,6,1974-07-01,0.127448566806557,0.127448566806557,0
PPI_UNPROCESSED_INTERMEDIATE_GOODS,pairwise,old_vs_new,PPICRM,WPSID62,6,1974-08-01,-0.0258855644535396,-0.0258855644535396,0
PPI_UNPROCESSED_INTERMEDIATE_GOODS,pairwise,old_vs_new,PPICRM,WPSID62,6,1974-09-01,-0.0828534917403525,-0.0828534917403525,0
PPI_UNPROCESSED_INTERMEDIATE_GOODS,pairwise,old_vs_new,PPICRM,WPSID62,6,1974-10-01,0.0693841154275043,0.0693841154275043,0
PPI_UNPROCESSED_INTERMEDIATE_GOODS,pairwise,old_vs_new,PPICRM,WPSID62,6,1974-11-01,-0.021372216893857,-0.021372216893857,0
PPI_UNPROCESSED_INTERMEDIATE_GOODS,pairwise,old_vs_new,PPICRM,WPSID62,6,1974-12-01,-0.0586649454265462,-0.0586649454265462,0
PPI_UNPROCESSED_INTERMEDIATE_GOODS,pairwise,old_vs_new,PPICRM,WPSID62,6,1975-01-01,0.0115844351422743,0.0115844351422743,0
PPI_UNPROCESSED_INTERMEDIATE_GOODS,pairwise,old_vs_new,PPICRM,WPSID62,6,1975-02-01,0.00244341124881409,0.00244341124881409,0
PPI_UNPROCESSED_INTERMEDIATE_GOODS,pairwise,old_vs_new,PPICRM,WPSID62,6,1975-03-01,0.0150249215753693,0.0150249215753693,0
PPI_UNPROCESSED_INTERMEDIATE_GOODS,pairwise,old_vs_new,PPICRM,WPSID62,6,1975-04-01,0.0550854638066047,0.0550854638066047,0
PPI_UNPROCESSED_INTERMEDIATE_GOODS,pairwise,old_vs_new,PPICRM,WPSID62,6,1975-05-01,-0.0130013189229237,-0.0130013189229237,0
PPI_UNPROCESSED_INTERMEDIATE_GOODS,pairwise,old_vs_new,PPICRM,WPSID62,6,1975-06-01,-0.0232808916725036,-0.0232808916725036,0
PPI_UNPROCESSED_INTERMEDIATE_GOODS,pairwise,old_vs_new,PPICRM,WPSID62,6,1975-07-01,0.00963811526871705,0.00963811526871705,0
PPI_UNPROCESSED_INTERMEDIATE_GOODS,pairwise,old_vs_new,PPICRM,WPSID62,6,1975-08-01,-0.00495864954675884,-0.00495864954675884,0
PPI_UNPROCESSED_INTERMEDIATE_GOODS,pairwise,old_vs_new,PPICRM,WPSID62,6,1975-09-01,0.0139610463940434,0.0139610463940434,0
PPI_UNPROCESSED_INTERMEDIATE_GOODS,pairwise,old_vs_new,PPICRM,WPSID62,6,1975-10-01,-0.0142711719973967,-0.0142711719973967,0
PPI_UNPROCESSED_INTERMEDIATE_GOODS,pairwise,old_vs_new,PPICRM,WPSID62,6,1975-11-01,-0.0200702415170131,-0.0200702415170131,0
PPI_UNPROCESSED_INTERMEDIATE_GOODS,pairwise,old_vs_new,PPICRM,WPSID62,6,1975-12-01,0.00458036635357928,0.00458036635357928,0
PPI_UNPROCESSED_INTERMEDIATE_GOODS,pairwise,old_vs_new,PPICRM,WPSID62,6,1976-01-01,-0.00951780721750239,-0.00951780721750239,0
PPI_UNPROCESSED_INTERMEDIATE_GOODS,pairwise,old_vs_new,PPICRM,WPSID62,6,1976-02-01,0.00135961951603925,0.00135961951603925,0
PPI_UNPROCESSED_INTERMEDIATE_GOODS,pairwise,old_vs_new,PPICRM,WPSID62,6,1976-03-01,0.00467992332513933,0.00467992332513933,0
PPI_UNPROCESSED_INTERMEDIATE_GOODS,pairwise,old_vs_new,PPICRM,WPSID62,6,1976-04-01,0.0479910006979765,0.0479910006979765,0
PPI_UNPROCESSED_INTERMEDIATE_GOODS,pairwise,old_vs_new,PPICRM,WPSID62,6,1976-05-01,-0.0429880776084284,-0.0429880776084284,0
PPI_UNPROCESSED_INTERMEDIATE_GOODS,pairwise,old_vs_new,PPICRM,WPSID62,6,1976-06-01,0.0295518896239431,0.0295518896239431,0
PPI_UNPROCESSED_INTERMEDIATE_GOODS,pairwise,old_vs_new,PPICRM,WPSID62,6,1976-07-01,-0.0309998641609095,-0.0309998641609095,0
PPI_UNPROCESSED_INTERMEDIATE_GOODS,pairwise,old_vs_new,PPICRM,WPSID62,6,1976-08-01,-0.0125382674377734,-0.0125382674377734,0
PPI_UNPROCESSED_INTERMEDIATE_GOODS,pairwise,old_vs_new,PPICRM,WPSID62,6,1976-09-01,0.0155425241092555,0.0155425241092555,0
PPI_UNPROCESSED_INTERMEDIATE_GOODS,pairwise,old_vs_new,PPICRM,WPSID62,6,1976-10-01,-0.00317952614875061,-0.00317952614875061,0
PPI_UNPROCESSED_INTERMEDIATE_GOODS,pairwise,old_vs_new,PPICRM,WPSID62,6,1976-11-01,0.0126582701032945,0.0126582701032945,0
PPI_UNPROCESSED_INTERMEDIATE_GOODS,pairwise,old_vs_new,PPICRM,WPSID62,6,1976-12-01,0.0108722273068995,0.0108722273068995,0
PPI_UNPROCESSED_INTERMEDIATE_GOODS,pairwise,old_vs_new,PPICRM,WPSID62,6,1977-01-01,-0.0203069549166992,-0.0203069549166992,0
PPI_UNPROCESSED_INTERMEDIATE_GOODS,pairwise,old_vs_new,PPICRM,WPSID62,6,1977-02-01,0.0246448868051434,0.0246448868051434,0
PPI_UNPROCESSED_INTERMEDIATE_GOODS,pairwise,old_vs_new,PPICRM,WPSID62,6,1977-03-01,-0.00793364219121262,-0.00793364219121262,0
PPI_UNPROCESSED_INTERMEDIATE_GOODS,pairwise,old_vs_new,PPICRM,WPSID62,6,1977-04-01,0.0115995369746225,0.0115995369746225,0
PPI_UNPROCESSED_INTERMEDIATE_GOODS,pairwise,old_vs_new,PPICRM,WPSID62,6,1977-05-01,-0.0355069725582267,-0.0355069725582267,0
PPI_UNPROCESSED_INTERMEDIATE_GOODS,pairwise,old_vs_new,PPICRM,WPSID62,6,1977-06-01,-0.0212560568798859,-0.0212560568798859,0
PPI_UNPROCESSED_INTERMEDIATE_GOODS,pairwise,old_vs_new,PPICRM,WPSID62,6,1977-07-01,0.0192688992733601,0.0192688992733601,0
PPI_UNPROCESSED_INTERMEDIATE_GOODS,pairwise,old_vs_new,PPICRM,WPSID62,6,1977-08-01,-0.000152898989014716,-0.000152898989014716,0
PPI_UNPROCESSED_INTERMEDIATE_GOODS,pairwise,old_vs_new,PPICRM,WPSID62,6,1977-09-01,0.00930704131799498,0.00930704131799498,0
PPI_UNPROCESSED_INTERMEDIATE_GOODS,pairwise,old_vs_new,PPICRM,WPSID62,6,1977-10-01,0.00783331958692557,0.00783331958692557,0
PPI_UNPROCESSED_INTERMEDIATE_GOODS,pairwise,old_vs_new,PPICRM,WPSID62,6,1977-11-01,0.0169406543219273,0.0169406543219273,0
PPI_UNPROCESSED_INTERMEDIATE_GOODS,pairwise,old_vs_new,PPICRM,WPSID62,6,1977-12-01,-0.00646437708424585,-0.00646437708424585,0
PPI_UNPROCESSED_INTERMEDIATE_GOODS,pairwise,old_vs_new,PPICRM,WPSID62,6,1978-01-01,-0.0017116178509422,-0.0017116178509422,0
PPI_UNPROCESSED_INTERMEDIATE_GOODS,pairwise,old_vs_new,PPICRM,WPSID62,6,1978-02-01,0.00274940780952981,0.00274940780952981,0
PPI_UNPROCESSED_INTERMEDIATE_GOODS,pairwise,old_vs_new,PPICRM,WPSID62,6,1978-03-01,0.00404859716199812,0.00404859716199812,0
PPI_UNPROCESSED_INTERMEDIATE_GOODS,pairwise,old_vs_new,PPICRM,WPSID62,6,1978-04-01,0.0121588493827556,0.0121588493827556,0
PPI_UNPROCESSED_INTERMEDIATE_GOODS,pairwise,old_vs_new,PPICRM,WPSID62,6,1978-05-01,-0.0227581236108403,-0.0227581236108403,0
PPI_UNPROCESSED_INTERMEDIATE_GOODS,pairwise,old_vs_new,PPICRM,WPSID62,6,1978-06-01,0.0147626410953388,0.0147626410953388,0
PPI_UNPROCESSED_INTERMEDIATE_GOODS,pairwise,old_vs_new,PPICRM,WPSID62,6,1978-07-01,-0.0298009090434563,-0.0298009090434563,0
PPI_UNPROCESSED_INTERMEDIATE_GOODS,pairwise,old_vs_new,PPICRM,WPSID62,6,1978-08-01,-0.00138499394166214,-0.00138499394166214,0
PPI_UNPROCESSED_INTERMEDIATE_GOODS,pairwise,old_vs_new,PPICRM,WPSID62,6,1978-09-01,0.0255791105528411,0.0255791105528411,0
PPI_UNPROCESSED_INTERMEDIATE_GOODS,pairwise,old_vs_new,PPICRM,WPSID62,6,1978-10-01,0.00616710350879668,0.00616710350879668,0
PPI_UNPROCESSED_INTERMEDIATE_GOODS,pairwise,old_vs_new,PPICRM,WPSID62,6,1978-11-01,-0.0198035043415974,-0.0198035043415974,0
PPI_UNPROCESSED_INTERMEDIATE_GOODS,pairwise,old_vs_new,PPICRM,WPSID62,6,1978-12-01,0.00254068735191293,0.00254068735191293,0
PPI_UNPROCESSED_INTERMEDIATE_GOODS,pairwise,old_vs_new,PPICRM,WPSID62,6,1979-01-01,0.0188449812908118,0.0188449812908118,0
PPI_UNPROCESSED_INTERMEDIATE_GOODS,pairwise,old_vs_new,PPICRM,WPSID62,6,1979-02-01,-0.00190486500065301,-0.00190486500065301,0
PPI_UNPROCESSED_INTERMEDIATE_GOODS,pairwise,old_vs_new,PPICRM,WPSID62,6,1979-03-01,-0.00416717135441491,-0.00416717135441491,0
PPI_UNPROCESSED_INTERMEDIATE_GOODS,pairwise,old_vs_new,PPICRM,WPSID62,6,1979-04-01,-0.0133605969157795,-0.0133605969157795,0
PPI_UNPROCESSED_INTERMEDIATE_GOODS,pairwise,old_vs_new,PPICRM,WPSID62,6,1979-05-01,-0.00358619405777727,-0.00358619405777727,0
PPI_UNPROCESSED_INTERMEDIATE_GOODS,pairwise,old_vs_new,PPICRM,WPSID62,6,1979-06-01,0.00702148143358983,0.00702148143358983,0
PPI_UNPROCESSED_INTERMEDIATE_GOODS,pairwise,old_vs_new,PPICRM,WPSID62,6,1979-07-01,-0.00011055069954935,-0.00011055069954935,0
PPI_UNPROCESSED_INTERMEDIATE_GOODS,pairwise,old_vs_new,PPICRM,WPSID62,6,1979-08-01,-0.0220871687852568,-0.0220871687852568,0
PPI_UNPROCESSED_INTERMEDIATE_GOODS,pairwise,old_vs_new,PPICRM,WPSID62,6,1979-09-01,0.0393114667435359,0.0393114667435359,0
PPI_UNPROCESSED_INTERMEDIATE_GOODS,pairwise,old_vs_new,PPICRM,WPSID62,6,1979-10-01,-0.0174965834414245,-0.0174965834414245,0
PPI_UNPROCESSED_INTERMEDIATE_GOODS,pairwise,old_vs_new,PPICRM,WPSID62,6,1979-11-01,0.00323617502514839,0.00323617502514839,0
PPI_UNPROCESSED_INTERMEDIATE_GOODS,pairwise,old_vs_new,PPICRM,WPSID62,6,1979-12-01,-0.000177793582119889,-0.000177793582119889,0
PPI_UNPROCESSED_INTERMEDIATE_GOODS,pairwise,old_vs_new,PPICRM,WPSID62,6,1980-01-01,-0.016540122646874,-0.016540122646874,0
PPI_UNPROCESSED_INTERMEDIATE_GOODS,pairwise,old_vs_new,PPICRM,WPSID62,6,1980-02-01,0.0218240363655537,0.0218240363655537,0
PPI_UNPROCESSED_INTERMEDIATE_GOODS,pairwise,old_vs_new,PPICRM,WPSID62,6,1980-03-01,-0.0381589965135865,-0.0381589965135865,0
PPI_UNPROCESSED_INTERMEDIATE_GOODS,pairwise,old_vs_new,PPICRM,WPSID62,6,1980-04-01,-0.00828932195244736,-0.00828932195244736,0
PPI_UNPROCESSED_INTERMEDIATE_GOODS,pairwise,old_vs_new,PPICRM,WPSID62,6,1980-05-01,0.0414176956682279,0.0414176956682279,0
PPI_UNPROCESSED_INTERMEDIATE_GOODS,pairwise,old_vs_new,PPICRM,WPSID62,6,1980-06-01,-0.00681697833741257,-0.00681697833741257,0
PPI_UNPROCESSED_INTERMEDIATE_GOODS,pairwise,old_vs_new,PPICRM,WPSID62,6,1980-07-01,0.0420557721100581,0.0420557721100581,0
PPI_UNPROCESSED_INTERMEDIATE_GOODS,pairwise,old_vs_new,PPICRM,WPSID62,6,1980-08-01,-0.00327493736678264,-0.00327493736678264,0
PPI_UNPROCESSED_INTERMEDIATE_GOODS,pairwise,old_vs_new,PPICRM,WPSID62,6,1980-09-01,-0.0314200169537182,-0.0314200169537182,0
PPI_UNPROCESSED_INTERMEDIATE_GOODS,pairwise,old_vs_new,PPICRM,WPSID62,6,1980-10-01,0.00372711338893517,0.00372711338893517,0
PPI_UNPROCESSED_INTERMEDIATE_GOODS,pairwise,old_vs_new,PPICRM,WPSID62,6,1980-11-01,-0.00512953557615514,-0.00512953557615514,0
PPI_UNPROCESSED_INTERMEDIATE_GOODS,pairwise,old_vs_new,PPICRM,WPSID62,6,1980-12-01,-0.0203994307067301,-0.0203994307067301,0
PPI_UNPROCESSED_INTERMEDIATE_GOODS,pairwise,old_vs_new,PPICRM,WPSID62,6,1981-01-01,0.0145523409107264,0.0145523409107264,0
PPI_UNPROCESSED_INTERMEDIATE_GOODS,pairwise,old_vs_new,PPICRM,WPSID62,6,1981-02-01,0.00091432210512199,0.00091432210512199,0
PPI_UNPROCESSED_INTERMEDIATE_GOODS,pairwise,old_vs_new,PPICRM,WPSID62,6,1981-03-01,-0.0115533258324163,-0.0115533258324163,0
PPI_UNPROCESSED_INTERMEDIATE_GOODS,pairwise,old_vs_new,PPICRM,WPSID62,6,1981-04-01,0.007692317174957,0.007692317174957,0
PPI_UNPROCESSED_INTERMEDIATE_GOODS,pairwise,old_vs_new,PPICRM,WPSID62,6,1981-05-01,-0.007692317174957,-0.007692317174957,0
PPI_UNPROCESSED_INTERMEDIATE_GOODS,pairwise,old_vs_new,PPICRM,WPSID62,6,1981-06-01,0.0143877032579418,0.0143877032579418,0
PPI_UNPROCESSED_INTERMEDIATE_GOODS,pairwise,old_vs_new,PPICRM,WPSID62,6,1981-07-01,-0.00958870991519145,-0.00958870991519145,0
PPI_UNPROCESSED_INTERMEDIATE_GOODS,pairwise,old_vs_new,PPICRM,WPSID62,6,1981-08-01,-0.0105222857714224,-0.0105222857714224,0
PPI_UNPROCESSED_INTERMEDIATE_GOODS,pairwise,old_vs_new,PPICRM,WPSID62,6,1981-09-01,-0.00300933119070912,-0.00300933119070912,0
PPI_UNPROCESSED_INTERMEDIATE_GOODS,pairwise,old_vs_new,PPICRM,WPSID62,6,1981-10-01,-0.00213457787428784,-0.00213457787428784,0
PPI_UNPROCESSED_INTERMEDIATE_GOODS,pairwise,old_vs_new,PPICRM,WPSID62,6,1981-11-01,-0.000219719804425367,-0.000219719804425367,0
PPI_UNPROCESSED_INTERMEDIATE_GOODS,pairwise,old_vs_new,PPICRM,WPSID62,6,1981-12-01,0.00586500767160292,0.00586500767160292,0
PPI_UNPROCESSED_INTERMEDIATE_GOODS,pairwise,old_vs_new,PPICRM,WPSID62,6,1982-01-01,0.01813614442794,0.01813614442794,0
PPI_UNPROCESSED_INTERMEDIATE_GOODS,pairwise,old_vs_new,PPICRM,WPSID62,6,1982-02-01,-0.00606356319367052,-0.00606356319367052,0
PPI_UNPROCESSED_INTERMEDIATE_GOODS,pairwise,old_vs_new,PPICRM,WPSID62,6,1982-03-01,-0.00600901804059895,-0.00600901804059895,0
PPI_UNPROCESSED_INTERMEDIATE_GOODS,pairwise,old_vs_new,PPICRM,WPSID62,6,1982-04-01,0.00800702070327119,0.00800702070327119,0
PPI_UNPROCESSED_INTERMEDIATE_GOODS,pairwise,old_vs_new,PPICRM,WPSID62,6,1982-05-01,0.0118212398949433,0.0118212398949433,0
PPI_UNPROCESSED_INTERMEDIATE_GOODS,pairwise,old_vs_new,PPICRM,WPSID62,6,1982-06-01,-0.0178055876901722,-0.0178055876901722,0
PPI_UNPROCESSED_INTERMEDIATE_GOODS,pairwise,old_vs_new,PPICRM,WPSID62,6,1982-07-01,-0.00988246827964812,-0.00988246827964812,0
PPI_UNPROCESSED_INTERMEDIATE_GOODS,pairwise,old_vs_new,PPICRM,WPSID62,6,1982-08-01,0.00188668798480673,0.00188668798480673,0
PPI_UNPROCESSED_INTERMEDIATE_GOODS,pairwise,old_vs_new,PPICRM,WPSID62,6,1982-09-01,0.00294744738050756,0.00294744738050756,0
PPI_UNPROCESSED_INTERMEDIATE_GOODS,pairwise,old_vs_new,PPICRM,WPSID62,6,1982-10-01,0.000977101175199557,0.000977101175199557,0
PPI_UNPROCESSED_INTERMEDIATE_GOODS,pairwise,old_vs_new,PPICRM,WPSID62,6,1982-11-01,0.0101061357027827,0.0101061357027827,0
PPI_UNPROCESSED_INTERMEDIATE_GOODS,pairwise,old_vs_new,PPICRM,WPSID62,6,1982-12-01,-0.00909347738839639,-0.00909347738839639,0
PPI_UNPROCESSED_INTERMEDIATE_GOODS,pairwise,old_vs_new,PPICRM,WPSID62,6,1983-01-01,0.00404040953700502,0.00404040953700502,0
PPI_UNPROCESSED_INTERMEDIATE_GOODS,pairwise,old_vs_new,PPICRM,WPSID62,6,1983-02-01,0.0120725812342695,0.0120725812342695,0
PPI_UNPROCESSED_INTERMEDIATE_GOODS,pairwise,old_vs_new,PPICRM,WPSID62,6,1983-03-01,-0.00708503972323093,-0.00708503972323093,0
PPI_UNPROCESSED_INTERMEDIATE_GOODS,pairwise,old_vs_new,PPICRM,WPSID62,6,1983-04-01,0.00195348784319638,0.00195348784319638,0
PPI_UNPROCESSED_INTERMEDIATE_GOODS,pairwise,old_vs_new,PPICRM,WPSID62,6,1983-05-01,-0.00990985884803663,-0.00990985884803663,0
PPI_UNPROCESSED_INTERMEDIATE_GOODS,pairwise,old_vs_new,PPICRM,WPSID62,6,1983-06-01,-0.00100337036663145,-0.00100337036663145,0
PPI_UNPROCESSED_INTERMEDIATE_GOODS,pairwise,old_vs_new,PPICRM,WPSID62,6,1983-07-01,-0.00602788347415029,-0.00602788347415029,0
PPI_UNPROCESSED_INTERMEDIATE_GOODS,pairwise,old_vs_new,PPICRM,WPSID62,6,1983-08-01,0.0367741169396405,0.0367741169396405,0
PPI_UNPROCESSED_INTERMEDIATE_GOODS,pairwise,old_vs_new,PPICRM,WPSID62,6,1983-09-01,-0.0160683352490683,-0.0160683352490683,0
PPI_UNPROCESSED_INTERMEDIATE_GOODS,pairwise,old_vs_new,PPICRM,WPSID62,6,1983-10-01,-0.0116742214341192,-0.0116742214341192,0
PPI_UNPROCESSED_INTERMEDIATE_GOODS,pairwise,old_vs_new,PPICRM,WPSID62,6,1983-11-01,-0.00779065701175075,-0.00779065701175075,0
PPI_UNPROCESSED_INTERMEDIATE_GOODS,pairwise,old_vs_new,PPICRM,WPSID62,6,1983-12-01,0.0204211198377235,0.0204211198377235,0
PPI_UNPROCESSED_INTERMEDIATE_GOODS,pairwise,old_vs_new,PPICRM,WPSID62,6,1984-01-01,-0.00109000082244304,-0.00109000082244304,0
PPI_UNPROCESSED_INTERMEDIATE_GOODS,pairwise,old_vs_new,PPICRM,WPSID62,6,1984-02-01,-0.0182495198244341,-0.0182495198244341,0
PPI_UNPROCESSED_INTERMEDIATE_GOODS,pairwise,old_vs_new,PPICRM,WPSID62,6,1984-03-01,0.0258165030434387,0.0258165030434387,0
PPI_UNPROCESSED_INTERMEDIATE_GOODS,pairwise,old_vs_new,PPICRM,WPSID62,6,1984-04-01,-0.0228805147169862,-0.0228805147169862,0
PPI_UNPROCESSED_INTERMEDIATE_GOODS,pairwise,old_vs_new,PPICRM,WPSID62,6,1984-05-01,-0.00193463632616186,-0.00193463632616186,0
PPI_UNPROCESSED_INTERMEDIATE_GOODS,pairwise,old_vs_new,PPICRM,WPSID62,6,1984-06-01,-0.00487346638052877,-0.00487346638052877,0
PPI_UNPROCESSED_INTERMEDIATE_GOODS,pairwise,old_vs_new,PPICRM,WPSID62,6,1984-07-01,0.0183032182950527,0.0183032182950527,0
PPI_UNPROCESSED_INTERMEDIATE_GOODS,pairwise,old_vs_new,PPICRM,WPSID62,6,1984-08-01,-0.0135070460315596,-0.0135070460315596,0
PPI_UNPROCESSED_INTERMEDIATE_GOODS,pairwise,old_vs_new,PPICRM,WPSID62,6,1984-09-01,0.0019014999112521,0.0019014999112521,0
PPI_UNPROCESSED_INTERMEDIATE_GOODS,pairwise,old_vs_new,PPICRM,WPSID62,6,1984-10-01,-0.00787453143469552,-0.00787453143469552,0
PPI_UNPROCESSED_INTERMEDIATE_GOODS,pairwise,old_vs_new,PPICRM,WPSID62,6,1984-11-01,0.0166596962860606,0.0166596962860606,0
PPI_UNPROCESSED_INTERMEDIATE_GOODS,pairwise,old_vs_new,PPICRM,WPSID62,6,1984-12-01,-0.00885199081843346,-0.00885199081843346,0
PPI_UNPROCESSED_INTERMEDIATE_GOODS,pairwise,old_vs_new,PPICRM,WPSID62,6,1985-01-01,-0.00998455643097884,-0.00998455643097884,0
PPI_UNPROCESSED_INTERMEDIATE_GOODS,pairwise,old_vs_new,PPICRM,WPSID62,6,1985-02-01,0.00988583351059535,0.00988583351059535,0
PPI_UNPROCESSED_INTERMEDIATE_GOODS,pairwise,old_vs_new,PPICRM,WPSID62,6,1985-03-01,-0.0132570482515018,-0.0132570482515018,0
PPI_UNPROCESSED_INTERMEDIATE_GOODS,pairwise,old_vs_new,PPICRM,WPSID62,6,1985-04-01,0.00901052928368262,0.00901052928368262,0
PPI_UNPROCESSED_INTERMEDIATE_GOODS,pairwise,old_vs_new,PPICRM,WPSID62,6,1985-05-01,-8.66265226351359e-05,-8.66265226351359e-05,0
PPI_UNPROCESSED_INTERMEDIATE_GOODS,pairwise,old_vs_new,PPICRM,WPSID62,6,1985-06-01,0.00306797430293937,0.00306797430293937,0
PPI_UNPROCESSED_INTERMEDIATE_GOODS,pairwise,old_vs_new,PPICRM,WPSID62,6,1985-07-01,0.00312650699805683,0.00312650699805683,0
PPI_UNPROCESSED_INTERMEDIATE_GOODS,pairwise,old_vs_new,PPICRM,WPSID62,6,1985-08-01,-0.0181438236146514,-0.0181438236146514,0
PPI_UNPROCESSED_INTERMEDIATE_GOODS,pairwise,old_vs_new,PPICRM,WPSID62,6,1985-09-01,0.00938871160274068,0.00938871160274068,0
PPI_UNPROCESSED_INTERMEDIATE_GOODS,pairwise,old_vs_new,PPICRM,WPSID62,6,1985-10-01,0.0366570971582378,0.0366570971582378,0
PPI_UNPROCESSED_INTERMEDIATE_GOODS,pairwise,old_vs_new,PPICRM,WPSID62,6,1985-11-01,-0.00788549709731523,-0.00788549709731523,0
PPI_UNPROCESSED_INTERMEDIATE_GOODS,pairwise,old_vs_new,PPICRM,WPSID62,6,1985-12-01,-0.0189523028397982,-0.0189523028397982,0
PPI_UNPROCESSED_INTERMEDIATE_GOODS,pairwise,old_vs_new,PPICRM,WPSID62,6,1986-01-01,-0.0116140149321433,-0.0116140149321433,0
PPI_UNPROCESSED_INTERMEDIATE_GOODS,pairwise,old_vs_new,PPICRM,WPSID62,6,1986-02-01,-0.0263642649720692,-0.0263642649720692,0
PPI_UNPROCESSED_INTERMEDIATE_GOODS,pairwise,old_vs_new,PPICRM,WPSID62,6,1986-03-01,0.0143274431833014,0.0143274431833014,0
PPI_UNPROCESSED_INTERMEDIATE_GOODS,pairwise,old_vs_new,PPICRM,WPSID62,6,1986-04-01,-0.0041787921719143,-0.0041787921719143,0
PPI_UNPROCESSED_INTERMEDIATE_GOODS,pairwise,old_vs_new,PPICRM,WPSID62,6,1986-05-01,0.0403808106551873,0.0403808106551873,0
PPI_UNPROCESSED_INTERMEDIATE_GOODS,pairwise,old_vs_new,PPICRM,WPSID62,6,1986-06-01,-0.0139333670583239,-0.0139333670583239,0
PPI_UNPROCESSED_INTERMEDIATE_GOODS,pairwise,old_vs_new,PPICRM,WPSID62,6,1986-07-01,0.00579173440854852,0.00579173440854852,0
PPI_UNPROCESSED_INTERMEDIATE_GOODS,pairwise,old_vs_new,PPICRM,WPSID62,6,1986-08-01,0.00114870983612381,0.00114870983612381,0
PPI_UNPROCESSED_INTERMEDIATE_GOODS,pairwise,old_vs_new,PPICRM,WPSID62,6,1986-09-01,-0.00462027619459349,-0.00462027619459349,0
PPI_UNPROCESSED_INTERMEDIATE_GOODS,pairwise,old_vs_new,PPICRM,WPSID62,6,1986-10-01,0.0103495353112075,0.0103495353112075,0
PPI_UNPROCESSED_INTERMEDIATE_GOODS,pairwise,old_vs_new,PPICRM,WPSID62,6,1986-11-01,-0.00690975181224385,-0.00690975181224385,0
PPI_UNPROCESSED_INTERMEDIATE_GOODS,pairwise,old_vs_new,PPICRM,WPSID62,6,1986-12-01,-0.010308680951856,-0.010308680951856,0
PPI_UNPROCESSED_INTERMEDIATE_GOODS,pairwise,old_vs_new,PPICRM,WPSID62,6,1987-01-01,0.035266421282107,0.035266421282107,0
PPI_UNPROCESSED_INTERMEDIATE_GOODS,pairwise,old_vs_new,PPICRM,WPSID62,6,1987-02-01,-0.017215516424983,-0.017215516424983,0
PPI_UNPROCESSED_INTERMEDIATE_GOODS,pairwise,old_vs_new,PPICRM,WPSID62,6,1987-03-01,-0.00670751554882187,-0.00670751554882187,0
PPI_UNPROCESSED_INTERMEDIATE_GOODS,pairwise,old_vs_new,PPICRM,WPSID62,6,1987-04-01,0.0185383701751967,0.0185383701751967,0
PPI_UNPROCESSED_INTERMEDIATE_GOODS,pairwise,old_vs_new,PPICRM,WPSID62,6,1987-05-01,-0.00790258231870045,-0.00790258231870045,0
PPI_UNPROCESSED_INTERMEDIATE_GOODS,pairwise,old_vs_new,PPICRM,WPSID62,6,1987-06-01,-0.00652123300628027,-0.00652123300628027,0
PPI_UNPROCESSED_INTERMEDIATE_GOODS,pairwise,old_vs_new,PPICRM,WPSID62,6,1987-07-01,0.00413800707014023,0.00413800707014023,0
PPI_UNPROCESSED_INTERMEDIATE_GOODS,pairwise,old_vs_new,PPICRM,WPSID62,6,1987-08-01,-0.00220279727007444,-0.00220279727007444,0
PPI_UNPROCESSED_INTERMEDIATE_GOODS,pairwise,old_vs_new,PPICRM,WPSID62,6,1987-09-01,-0.0145650051646884,-0.0145650051646884,0
PPI_UNPROCESSED_INTERMEDIATE_GOODS,pairwise,old_vs_new,PPICRM,WPSID62,6,1987-10-01,0.00310931038608242,0.00310931038608242,0
PPI_UNPROCESSED_INTERMEDIATE_GOODS,pairwise,old_vs_new,PPICRM,WPSID62,6,1987-11-01,-0.00524820893444833,-0.00524820893444833,0
PPI_UNPROCESSED_INTERMEDIATE_GOODS,pairwise,old_vs_new,PPICRM,WPSID62,6,1987-12-01,0.00522845149000783,0.00522845149000783,0
PPI_UNPROCESSED_INTERMEDIATE_GOODS,pairwise,old_vs_new,PPICRM,WPSID62,6,1988-01-01,-0.00529826009810286,-0.00529826009810286,0
PPI_UNPROCESSED_INTERMEDIATE_GOODS,pairwise,old_vs_new,PPICRM,WPSID62,6,1988-02-01,0.0179632842485677,0.0179632842485677,0
PPI_UNPROCESSED_INTERMEDIATE_GOODS,pairwise,old_vs_new,PPICRM,WPSID62,6,1988-03-01,-0.0221816554209884,-0.0221816554209884,0
PPI_UNPROCESSED_INTERMEDIATE_GOODS,pairwise,old_vs_new,PPICRM,WPSID62,6,1988-04-01,0.0253424270688924,0.0253424270688924,0
PPI_UNPROCESSED_INTERMEDIATE_GOODS,pairwise,old_vs_new,PPICRM,WPSID62,6,1988-05-01,-0.00953642534033339,-0.00953642534033339,0
PPI_UNPROCESSED_INTERMEDIATE_GOODS,pairwise,old_vs_new,PPICRM,WPSID62,6,1988-06-01,0.008264187003995,0.008264187003995,0
PPI_UNPROCESSED_INTERMEDIATE_GOODS,pairwise,old_vs_new,PPICRM,WPSID62,6,1988-07-01,-0.0155458695707029,-0.0155458695707029,0
PPI_UNPROCESSED_INTERMEDIATE_GOODS,pairwise,old_vs_new,PPICRM,WPSID62,6,1988-08-01,0.00619515208826904,0.00619515208826904,0
PPI_UNPROCESSED_INTERMEDIATE_GOODS,pairwise,old_vs_new,PPICRM,WPSID62,6,1988-09-01,-0.00309757604413452,-0.00309757604413452,0
PPI_UNPROCESSED_INTERMEDIATE_GOODS,pairwise,old_vs_new,PPICRM,WPSID62,6,1988-10-01,-0.00413223728491019,-0.00413223728491019,0
PPI_UNPROCESSED_INTERMEDIATE_GOODS,pairwise,old_vs_new,PPICRM,WPSID62,6,1988-11-01,-0.0104665621362425,-0.0104665621362425,0
PPI_UNPROCESSED_INTERMEDIATE_GOODS,pairwise,old_vs_new,PPICRM,WPSID62,6,1988-12-01,0.0446062241951504,0.0446062241951504,0
PPI_UNPROCESSED_INTERMEDIATE_GOODS,pairwise,old_vs_new,PPICRM,WPSID62,6,1989-01-01,0.00897802193895547,0.00897802193895547,0
PPI_UNPROCESSED_INTERMEDIATE_GOODS,pairwise,old_vs_new,PPICRM,WPSID62,6,1989-02-01,-0.0419309569427098,-0.0419309569427098,0
PPI_UNPROCESSED_INTERMEDIATE_GOODS,pairwise,old_vs_new,PPICRM,WPSID62,6,1989-03-01,0.0146758500152462,0.0146758500152462,0
PPI_UNPROCESSED_INTERMEDIATE_GOODS,pairwise,old_vs_new,PPICRM,WPSID62,6,1989-04-01,-0.000136007004569727,-0.000136007004569727,0
PPI_UNPROCESSED_INTERMEDIATE_GOODS,pairwise,old_vs_new,PPICRM,WPSID62,6,1989-05-01,-0.00775923699697767,-0.00775923699697767,0
PPI_UNPROCESSED_INTERMEDIATE_GOODS,pairwise,old_vs_new,PPICRM,WPSID62,6,1989-06-01,-0.0163533141413454,-0.0163533141413454,0
PPI_UNPROCESSED_INTERMEDIATE_GOODS,pairwise,old_vs_new,PPICRM,WPSID62,6,1989-07-01,0.0154209780153645,0.0154209780153645,0
PPI_UNPROCESSED_INTERMEDIATE_GOODS,pairwise,old_vs_new,PPICRM,WPSID62,6,1989-08-01,-0.0253756155100193,-0.0253756155100193,0
PPI_UNPROCESSED_INTERMEDIATE_GOODS,pairwise,old_vs_new,PPICRM,WPSID62,6,1989-09-01,0.035236897577156,0.035236897577156,0
PPI_UNPROCESSED_INTERMEDIATE_GOODS,pairwise,old_vs_new,PPICRM,WPSID62,6,1989-10-01,-0.0108147233690481,-0.0108147233690481,0
PPI_UNPROCESSED_INTERMEDIATE_GOODS,pairwise,old_vs_new,PPICRM,WPSID62,6,1989-11-01,0.0058101774148609,0.0058101774148609,0
PPI_UNPROCESSED_INTERMEDIATE_GOODS,pairwise,old_vs_new,PPICRM,WPSID62,6,1989-12-01,0.0075811694065715,0.0075811694065715,0
PPI_UNPROCESSED_INTERMEDIATE_GOODS,pairwise,old_vs_new,PPICRM,WPSID62,6,1990-01-01,-0.000231784752680042,-0.000231784752680042,0
PPI_UNPROCESSED_INTERMEDIATE_GOODS,pairwise,old_vs_new,PPICRM,WPSID62,6,1990-02-01,-0.0141721122064151,-0.0141721122064151,0
PPI_UNPROCESSED_INTERMEDIATE_GOODS,pairwise,old_vs_new,PPICRM,WPSID62,6,1990-03-01,-0.016982416861576,-0.016982416861576,0
PPI_UNPROCESSED_INTERMEDIATE_GOODS,pairwise,old_vs_new,PPICRM,WPSID62,6,1990-04-01,-0.00705451230520371,-0.00705451230520371,0
PPI_UNPROCESSED_INTERMEDIATE_GOODS,pairwise,old_vs_new,PPICRM,WPSID62,6,1990-05-01,0.0269874350367942,0.0269874350367942,0
PPI_UNPROCESSED_INTERMEDIATE_GOODS,pairwise,old_vs_new,PPICRM,WPSID62,6,1990-06-01,-0.028434407445677,-0.028434407445677,0
PPI_UNPROCESSED_INTERMEDIATE_GOODS,pairwise,old_vs_new,PPICRM,WPSID62,6,1990-07-01,0.0285153925328965,0.0285153925328965,0
PPI_UNPROCESSED_INTERMEDIATE_GOODS,pairwise,old_vs_new,PPICRM,WPSID62,6,1990-08-01,0.0859267449409273,0.0859267449409273,0
PPI_UNPROCESSED_INTERMEDIATE_GOODS,pairwise,old_vs_new,PPICRM,WPSID62,6,1990-09-01,-0.0430459599354611,-0.0430459599354611,0
PPI_UNPROCESSED_INTERMEDIATE_GOODS,pairwise,old_vs_new,PPICRM,WPSID62,6,1990-10-01,0.0359797349463582,0.0359797349463582,0
PPI_UNPROCESSED_INTERMEDIATE_GOODS,pairwise,old_vs_new,PPICRM,WPSID62,6,1990-11-01,-0.1485338521763,-0.1485338521763,0
PPI_UNPROCESSED_INTERMEDIATE_GOODS,pairwise,old_vs_new,PPICRM,WPSID62,6,1990-12-01,0.00444357614455182,0.00444357614455182,0
PPI_UNPROCESSED_INTERMEDIATE_GOODS,pairwise,old_vs_new,PPICRM,WPSID62,6,1991-01-01,0.0835738906250798,0.0835738906250798,0
PPI_UNPROCESSED_INTERMEDIATE_GOODS,pairwise,old_vs_new,PPICRM,WPSID62,6,1991-02-01,-0.106999586133814,-0.106999586133814,0
PPI_UNPROCESSED_INTERMEDIATE_GOODS,pairwise,old_vs_new,PPICRM,WPSID62,6,1991-03-01,0.0494929442912442,0.0494929442912442,0
PPI_UNPROCESSED_INTERMEDIATE_GOODS,pairwise,old_vs_new,PPICRM,WPSID62,6,1991-04-01,0.0322047092734268,0.0322047092734268,0
PPI_UNPROCESSED_INTERMEDIATE_GOODS,pairwise,old_vs_new,PPICRM,WPSID62,6,1991-05-01,0.00995127755716574,0.00995127755716574,0
PPI_UNPROCESSED_INTERMEDIATE_GOODS,pairwise,old_vs_new,PPICRM,WPSID62,6,1991-06-01,-0.0239536517775356,-0.0239536517775356,0
PPI_UNPROCESSED_INTERMEDIATE_GOODS,pairwise,old_vs_new,PPICRM,WPSID62,6,1991-07-01,0.0190060124404372,0.0190060124404372,0
PPI_UNPROCESSED_INTERMEDIATE_GOODS,pairwise,old_vs_new,PPICRM,WPSID62,6,1991-08-01,-0.00503677169828709,-0.00503677169828709,0
PPI_UNPROCESSED_INTERMEDIATE_GOODS,pairwise,old_vs_new,PPICRM,WPSID62,6,1991-09-01,-0.00406596495114897,-0.00406596495114897,0
PPI_UNPROCESSED_INTERMEDIATE_GOODS,pairwise,old_vs_new,PPICRM,WPSID62,6,1991-10-01,0.0311861888567959,0.0311861888567959,0
PPI_UNPROCESSED_INTERMEDIATE_GOODS,pairwise,old_vs_new,PPICRM,WPSID62,6,1991-11-01,-0.0250901074918124,-0.0250901074918124,0
PPI_UNPROCESSED_INTERMEDIATE_GOODS,pairwise,old_vs_new,PPICRM,WPSID62,6,1991-12-01,-0.0241470284513454,-0.0241470284513454,0
PPI_UNPROCESSED_INTERMEDIATE_GOODS,pairwise,old_vs_new,PPICRM,WPSID62,6,1992-01-01,0.0149040804700702,0.0149040804700702,0
PPI_UNPROCESSED_INTERMEDIATE_GOODS,pairwise,old_vs_new,PPICRM,WPSID62,6,1992-02-01,0.0245360540362229,0.0245360540362229,0
PPI_UNPROCESSED_INTERMEDIATE_GOODS,pairwise,old_vs_new,PPICRM,WPSID62,6,1992-03-01,-0.0296304364535063,-0.0296304364535063,0
PPI_UNPROCESSED_INTERMEDIATE_GOODS,pairwise,old_vs_new,PPICRM,WPSID62,6,1992-04-01,0.0255758775853483,0.0255758775853483,0
PPI_UNPROCESSED_INTERMEDIATE_GOODS,pairwise,old_vs_new,PPICRM,WPSID62,6,1992-05-01,0.0119323371225342,0.0119323371225342,0
PPI_UNPROCESSED_INTERMEDIATE_GOODS,pairwise,old_vs_new,PPICRM,WPSID62,6,1992-06-01,-0.00930048822008089,-0.00930048822008089,0
PPI_UNPROCESSED_INTERMEDIATE_GOODS,pairwise,old_vs_new,PPICRM,WPSID62,6,1992-07-01,-0.0128778401764915,-0.0128778401764915,0
PPI_UNPROCESSED_INTERMEDIATE_GOODS,pairwise,old_vs_new,PPICRM,WPSID62,6,1992-08-01,-0.00889773541986472,-0.00889773541986472,0
PPI_UNPROCESSED_INTERMEDIATE_GOODS,pairwise,old_vs_new,PPICRM,WPSID62,6,1992-09-01,0.0295372887164129,0.0295372887164129,0
PPI_UNPROCESSED_INTERMEDIATE_GOODS,pairwise,old_vs_new,PPICRM,WPSID62,6,1992-10-01,-0.0206395532965482,-0.0206395532965482,0
PPI_UNPROCESSED_INTERMEDIATE_GOODS,pairwise,old_vs_new,PPICRM,WPSID62,6,1992-11-01,-0.00292255444260192,-0.00292255444260192,0
PPI_UNPROCESSED_INTERMEDIATE_GOODS,pairwise,old_vs_new,PPICRM,WPSID62,6,1992-12-01,-0.00885383288122377,-0.00885383288122377,0
PPI_UNPROCESSED_INTERMEDIATE_GOODS,pairwise,old_vs_new,PPICRM,WPSID62,6,1993-01-01,0.0157172791237024,0.0157172791237024,0
PPI_UNPROCESSED_INTERMEDIATE_GOODS,pairwise,old_vs_new,PPICRM,WPSID62,6,1993-02-01,-0.00886943800102546,-0.00886943800102546,0
PPI_UNPROCESSED_INTERMEDIATE_GOODS,pairwise,old_vs_new,PPICRM,WPSID62,6,1993-03-01,0.0098570924022976,0.0098570924022976,0
PPI_UNPROCESSED_INTERMEDIATE_GOODS,pairwise,old_vs_new,PPICRM,WPSID62,6,1993-04-01,0.0097130037917994,0.0097130037917994,0
PPI_UNPROCESSED_INTERMEDIATE_GOODS,pairwise,old_vs_new,PPICRM,WPSID62,6,1993-05-01,0.00834796823175044,0.00834796823175044,0
PPI_UNPROCESSED_INTERMEDIATE_GOODS,pairwise,old_vs_new,PPICRM,WPSID62,6,1993-06-01,-0.0401819187650716,-0.0401819187650716,0
PPI_UNPROCESSED_INTERMEDIATE_GOODS,pairwise,old_vs_new,PPICRM,WPSID62,6,1993-07-01,-0.00423003504703345,-0.00423003504703345,0
PPI_UNPROCESSED_INTERMEDIATE_GOODS,pairwise,old_vs_new,PPICRM,WPSID62,6,1993-08-01,0.0135172560802932,0.0135172560802932,0
PPI_UNPROCESSED_INTERMEDIATE_GOODS,pairwise,old_vs_new,PPICRM,WPSID62,6,1993-09-01,0.0118655807232102,0.0118655807232102,0
PPI_UNPROCESSED_INTERMEDIATE_GOODS,pairwise,old_vs_new,PPICRM,WPSID62,6,1993-10-01,0.0204429571660194,0.0204429571660194,0
PPI_UNPROCESSED_INTERMEDIATE_GOODS,pairwise,old_vs_new,PPICRM,WPSID62,6,1993-11-01,-0.0311764853879621,-0.0311764853879621,0
PPI_UNPROCESSED_INTERMEDIATE_GOODS,pairwise,old_vs_new,PPICRM,WPSID62,6,1993-12-01,-0.00592855816927607,-0.00592855816927607,0
PPI_UNPROCESSED_INTERMEDIATE_GOODS,pairwise,old_vs_new,PPICRM,WPSID62,6,1994-01-01,0.0331403528523957,0.0331403528523957,0
PPI_UNPROCESSED_INTERMEDIATE_GOODS,pairwise,old_vs_new,PPICRM,WPSID62,6,1994-02-01,-0.0369519132384424,-0.0369519132384424,0
PPI_UNPROCESSED_INTERMEDIATE_GOODS,pairwise,old_vs_new,PPICRM,WPSID62,6,1994-03-01,0.033026491122337,0.033026491122337,0
PPI_UNPROCESSED_INTERMEDIATE_GOODS,pairwise,old_vs_new,PPICRM,WPSID62,6,1994-04-01,-0.0165132455611685,-0.0165132455611685,0
PPI_UNPROCESSED_INTERMEDIATE_GOODS,pairwise,old_vs_new,PPICRM,WPSID62,6,1994-05-01,-0.015534292962184,-0.015534292962184,0
PPI_UNPROCESSED_INTERMEDIATE_GOODS,pairwise,old_vs_new,PPICRM,WPSID62,6,1994-06-01,0.0204147321270929,0.0204147321270929,0
PPI_UNPROCESSED_INTERMEDIATE_GOODS,pairwise,old_vs_new,PPICRM,WPSID62,6,1994-07-01,-0.0146652530449076,-0.0146652530449076,0
PPI_UNPROCESSED_INTERMEDIATE_GOODS,pairwise,old_vs_new,PPICRM,WPSID62,6,1994-08-01,0.00880104596986619,0.00880104596986619,0
PPI_UNPROCESSED_INTERMEDIATE_GOODS,pairwise,old_vs_new,PPICRM,WPSID62,6,1994-09-01,-0.0178940902664566,-0.0178940902664566,0
PPI_UNPROCESSED_INTERMEDIATE_GOODS,pairwise,old_vs_new,PPICRM,WPSID62,6,1994-10-01,0.00778344281738619,0.00778344281738619,0
PPI_UNPROCESSED_INTERMEDIATE_GOODS,pairwise,old_vs_new,PPICRM,WPSID62,6,1994-11-01,0.0231913370680319,0.0231913370680319,0
PPI_UNPROCESSED_INTERMEDIATE_GOODS,pairwise,old_vs_new,PPICRM,WPSID62,6,1994-12-01,0.00084502100017847,0.00084502100017847,0
PPI_UNPROCESSED_INTERMEDIATE_GOODS,pairwise,old_vs_new,PPICRM,WPSID62,6,1995-01-01,-0.00309934356481367,-0.00309934356481367,0
PPI_UNPROCESSED_INTERMEDIATE_GOODS,pairwise,old_vs_new,PPICRM,WPSID62,6,1995-02-01,-0.00203768147480954,-0.00203768147480954,0
PPI_UNPROCESSED_INTERMEDIATE_GOODS,pairwise,old_vs_new,PPICRM,WPSID62,6,1995-03-01,-0.0136528875518067,-0.0136528875518067,0
PPI_UNPROCESSED_INTERMEDIATE_GOODS,pairwise,old_vs_new,PPICRM,WPSID62,6,1995-04-01,0.0194404121603231,0.0194404121603231,0
PPI_UNPROCESSED_INTERMEDIATE_GOODS,pairwise,old_vs_new,PPICRM,WPSID62,6,1995-05-01,-0.026207844907975,-0.026207844907975,0
PPI_UNPROCESSED_INTERMEDIATE_GOODS,pairwise,old_vs_new,PPICRM,WPSID62,6,1995-06-01,0.0184576782543031,0.0184576782543031,0
PPI_UNPROCESSED_INTERMEDIATE_GOODS,pairwise,old_vs_new,PPICRM,WPSID62,6,1995-07-01,-0.019527728709483,-0.019527728709483,0
PPI_UNPROCESSED_INTERMEDIATE_GOODS,pairwise,old_vs_new,PPICRM,WPSID62,6,1995-08-01,-0.00519240509133478,-0.00519240509133478,0
PPI_UNPROCESSED_INTERMEDIATE_GOODS,pairwise,old_vs_new,PPICRM,WPSID62,6,1995-09-01,0.0416849944930675,0.0416849944930675,0
PPI_UNPROCESSED_INTERMEDIATE_GOODS,pairwise,old_vs_new,PPICRM,WPSID62,6,1995-10-01,-0.0237880093720699,-0.0237880093720699,0
PPI_UNPROCESSED_INTERMEDIATE_GOODS,pairwise,old_vs_new,PPICRM,WPSID62,6,1995-11-01,0.0223409084478359,0.0223409084478359,0
PPI_UNPROCESSED_INTERMEDIATE_GOODS,pairwise,old_vs_new,PPICRM,WPSID62,6,1995-12-01,0.00143297413631238,0.00143297413631238,0
PPI_UNPROCESSED_INTERMEDIATE_GOODS,pairwise,old_vs_new,PPICRM,WPSID62,6,1996-01-01,0.00772253439739323,0.00772253439739323,0
PPI_UNPROCESSED_INTERMEDIATE_GOODS,pairwise,old_vs_new,PPICRM,WPSID62,6,1996-02-01,-0.0142550230541696,-0.0142550230541696,0
PPI_UNPROCESSED_INTERMEDIATE_GOODS,pairwise,old_vs_new,PPICRM,WPSID62,6,1996-03-01,-0.0325210417435606,-0.0325210417435606,0
PPI_UNPROCESSED_INTERMEDIATE_GOODS,pairwise,old_vs_new,PPICRM,WPSID62,6,1996-04-01,0.0555512890182603,0.0555512890182603,0
PPI_UNPROCESSED_INTERMEDIATE_GOODS,pairwise,old_vs_new,PPICRM,WPSID62,6,1996-05-01,-0.0357942610877506,-0.0357942610877506,0
PPI_UNPROCESSED_INTERMEDIATE_GOODS,pairwise,old_vs_new,PPICRM,WPSID62,6,1996-06-01,-0.0246613182507724,-0.0246613182507724,0
PPI_UNPROCESSED_INTERMEDIATE_GOODS,pairwise,old_vs_new,PPICRM,WPSID62,6,1996-07-01,0.0423296223840861,0.0423296223840861,0
PPI_UNPROCESSED_INTERMEDIATE_GOODS,pairwise,old_vs_new,PPICRM,WPSID62,6,1996-08-01,-0.0150751881976694,-0.0150751881976694,0
PPI_UNPROCESSED_INTERMEDIATE_GOODS,pairwise,old_vs_new,PPICRM,WPSID62,6,1996-09-01,-0.028897629223656,-0.028897629223656,0
PPI_UNPROCESSED_INTERMEDIATE_GOODS,pairwise,old_vs_new,PPICRM,WPSID62,6,1996-10-01,0.0156842005014317,0.0156842005014317,0
PPI_UNPROCESSED_INTERMEDIATE_GOODS,pairwise,old_vs_new,PPICRM,WPSID62,6,1996-11-01,0.0405188246096015,0.0405188246096015,0
PPI_UNPROCESSED_INTERMEDIATE_GOODS,pairwise,old_vs_new,PPICRM,WPSID62,6,1996-12-01,0.0237153769034002,0.0237153769034002,0
PPI_UNPROCESSED_INTERMEDIATE_GOODS,pairwise,old_vs_new,PPICRM,WPSID62,6,1997-01-01,-0.0171050611714518,-0.0171050611714518,0
PPI_UNPROCESSED_INTERMEDIATE_GOODS,pairwise,old_vs_new,PPICRM,WPSID62,6,1997-02-01,-0.129372425295789,-0.129372425295789,0
PPI_UNPROCESSED_INTERMEDIATE_GOODS,pairwise,old_vs_new,PPICRM,WPSID62,6,1997-03-01,0.00810866433341495,0.00810866433341495,0
PPI_UNPROCESSED_INTERMEDIATE_GOODS,pairwise,old_vs_new,PPICRM,WPSID62,6,1997-04-01,0.0840452372558547,0.0840452372558547,0
PPI_UNPROCESSED_INTERMEDIATE_GOODS,pairwise,old_vs_new,PPICRM,WPSID62,6,1997-05-01,0.0092004234569476,0.0092004234569476,0
PPI_UNPROCESSED_INTERMEDIATE_GOODS,pairwise,old_vs_new,PPICRM,WPSID62,6,1997-06-01,-0.038928018395314,-0.038928018395314,0
PPI_UNPROCESSED_INTERMEDIATE_GOODS,pairwise,old_vs_new,PPICRM,WPSID62,6,1997-07-01,0.0269407840311864,0.0269407840311864,0
PPI_UNPROCESSED_INTERMEDIATE_GOODS,pairwise,old_vs_new,PPICRM,WPSID62,6,1997-08-01,0.00563381771825622,0.00563381771825622,0
PPI_UNPROCESSED_INTERMEDIATE_GOODS,pairwise,old_vs_new,PPICRM,WPSID62,6,1997-09-01,0.00923634476119517,0.00923634476119517,0
PPI_UNPROCESSED_INTERMEDIATE_GOODS,pairwise,old_vs_new,PPICRM,WPSID62,6,1997-10-01,0.0302231398086548,0.0302231398086548,0
PPI_UNPROCESSED_INTERMEDIATE_GOODS,pairwise,old_vs_new,PPICRM,WPSID62,6,1997-11-01,-0.0241501284428631,-0.0241501284428631,0
PPI_UNPROCESSED_INTERMEDIATE_GOODS,pairwise,old_vs_new,PPICRM,WPSID62,6,1997-12-01,-0.0832964045622955,-0.0832964045622955,0
PPI_UNPROCESSED_INTERMEDIATE_GOODS,pairwise,old_vs_new,PPICRM,WPSID62,6,1998-01-01,0.00562724931627478,0.00562724931627478,0
PPI_UNPROCESSED_INTERMEDIATE_GOODS,pairwise,old_vs_new,PPICRM,WPSID62,6,1998-02-01,0.037078984016981,0.037078984016981,0
PPI_UNPROCESSED_INTERMEDIATE_GOODS,pairwise,old_vs_new,PPICRM,WPSID62,6,1998-03-01,0.00666628591107532,0.00666628591107532,0
PPI_UNPROCESSED_INTERMEDIATE_GOODS,pairwise,old_vs_new,PPICRM,WPSID62,6,1998-04-01,0.0239753249738133,0.0239753249738133,0
PPI_UNPROCESSED_INTERMEDIATE_GOODS,pairwise,old_vs_new,PPICRM,WPSID62,6,1998-05-01,-0.0209847065761783,-0.0209847065761783,0
PPI_UNPROCESSED_INTERMEDIATE_GOODS,pairwise,old_vs_new,PPICRM,WPSID62,6,1998-06-01,-0.0154306962181865,-0.0154306962181865,0
PPI_UNPROCESSED_INTERMEDIATE_GOODS,pairwise,old_vs_new,PPICRM,WPSID62,6,1998-07-01,0.0285056246444828,0.0285056246444828,0
PPI_UNPROCESSED_INTERMEDIATE_GOODS,pairwise,old_vs_new,PPICRM,WPSID62,6,1998-08-01,-0.0428806625161524,-0.0428806625161524,0
PPI_UNPROCESSED_INTERMEDIATE_GOODS,pairwise,old_vs_new,PPICRM,WPSID62,6,1998-09-01,0.0160109221415006,0.0160109221415006,0
PPI_UNPROCESSED_INTERMEDIATE_GOODS,pairwise,old_vs_new,PPICRM,WPSID62,6,1998-10-01,0.0507698127775544,0.0507698127775544,0
PPI_UNPROCESSED_INTERMEDIATE_GOODS,pairwise,old_vs_new,PPICRM,WPSID62,6,1998-11-01,-0.0301849104847829,-0.0301849104847829,0
PPI_UNPROCESSED_INTERMEDIATE_GOODS,pairwise,old_vs_new,PPICRM,WPSID62,6,1998-12-01,-0.033800953684298,-0.033800953684298,0
PPI_UNPROCESSED_INTERMEDIATE_GOODS,pairwise,old_vs_new,PPICRM,WPSID62,6,1999-01-01,0.0458310358632401,0.0458310358632401,0
PPI_UNPROCESSED_INTERMEDIATE_GOODS,pairwise,old_vs_new,PPICRM,WPSID62,6,1999-02-01,-0.0310532162329817,-0.0310532162329817,0
PPI_UNPROCESSED_INTERMEDIATE_GOODS,pairwise,old_vs_new,PPICRM,WPSID62,6,1999-03-01,0.0289420870334549,0.0289420870334549,0
PPI_UNPROCESSED_INTERMEDIATE_GOODS,pairwise,old_vs_new,PPICRM,WPSID62,6,1999-04-01,0.0120765173712938,0.0120765173712938,0
PPI_UNPROCESSED_INTERMEDIATE_GOODS,pairwise,old_vs_new,PPICRM,WPSID62,6,1999-05-01,0.03970073906157,0.03970073906157,0
PPI_UNPROCESSED_INTERMEDIATE_GOODS,pairwise,old_vs_new,PPICRM,WPSID62,6,1999-06-01,-0.0564322224607574,-0.0564322224607574,0
PPI_UNPROCESSED_INTERMEDIATE_GOODS,pairwise,old_vs_new,PPICRM,WPSID62,6,1999-07-01,0.00102402646772504,0.00102402646772504,0
PPI_UNPROCESSED_INTERMEDIATE_GOODS,pairwise,old_vs_new,PPICRM,WPSID62,6,1999-08-01,0.0479997127248719,0.0479997127248719,0
PPI_UNPROCESSED_INTERMEDIATE_GOODS,pairwise,old_vs_new,PPICRM,WPSID62,6,1999-09-01,-0.0127688591113113,-0.0127688591113113,0
PPI_UNPROCESSED_INTERMEDIATE_GOODS,pairwise,old_vs_new,PPICRM,WPSID62,6,1999-10-01,-0.0630584704778929,-0.0630584704778929,0
PPI_UNPROCESSED_INTERMEDIATE_GOODS,pairwise,old_vs_new,PPICRM,WPSID62,6,1999-11-01,0.0800230027251532,0.0800230027251532,0
PPI_UNPROCESSED_INTERMEDIATE_GOODS,pairwise,old_vs_new,PPICRM,WPSID62,6,1999-12-01,-0.104803088382043,-0.104803088382043,0
PPI_UNPROCESSED_INTERMEDIATE_GOODS,pairwise,old_vs_new,PPICRM,WPSID62,6,2000-01-01,0.0722479429102023,0.0722479429102023,0
PPI_UNPROCESSED_INTERMEDIATE_GOODS,pairwise,old_vs_new,PPICRM,WPSID62,6,2000-02-01,0.0158440237086834,0.0158440237086834,0
PPI_UNPROCESSED_INTERMEDIATE_GOODS,pairwise,old_vs_new,PPICRM,WPSID62,6,2000-03-01,-0.0189463103294907,-0.0189463103294907,0
PPI_UNPROCESSED_INTERMEDIATE_GOODS,pairwise,old_vs_new,PPICRM,WPSID62,6,2000-04-01,-0.0365528719443322,-0.0365528719443322,0
PPI_UNPROCESSED_INTERMEDIATE_GOODS,pairwise,old_vs_new,PPICRM,WPSID62,6,2000-05-01,0.0504989649339214,0.0504989649339214,0
PPI_UNPROCESSED_INTERMEDIATE_GOODS,pairwise,old_vs_new,PPICRM,WPSID62,6,2000-06-01,0.0473390827611526,0.0473390827611526,0
PPI_UNPROCESSED_INTERMEDIATE_GOODS,pairwise,old_vs_new,PPICRM,WPSID62,6,2000-07-01,-0.102783215026159,-0.102783215026159,0
PPI_UNPROCESSED_INTERMEDIATE_GOODS,pairwise,old_vs_new,PPICRM,WPSID62,6,2000-08-01,-0.0156792708334637,-0.0156792708334637,0
PPI_UNPROCESSED_INTERMEDIATE_GOODS,pairwise,old_vs_new,PPICRM,WPSID62,6,2000-09-01,0.103364564221704,0.103364564221704,0
PPI_UNPROCESSED_INTERMEDIATE_GOODS,pairwise,old_vs_new,PPICRM,WPSID62,6,2000-10-01,-0.0298437428292013,-0.0298437428292013,0
PPI_UNPROCESSED_INTERMEDIATE_GOODS,pairwise,old_vs_new,PPICRM,WPSID62,6,2000-11-01,-0.0444539076622421,-0.0444539076622421,0
PPI_UNPROCESSED_INTERMEDIATE_GOODS,pairwise,old_vs_new,PPICRM,WPSID62,6,2000-12-01,0.0973659929280437,0.0973659929280437,0
PPI_UNPROCESSED_INTERMEDIATE_GOODS,pairwise,old_vs_new,PPICRM,WPSID62,6,2001-01-01,0.0712248220862186,0.0712248220862186,0
PPI_UNPROCESSED_INTERMEDIATE_GOODS,pairwise,old_vs_new,PPICRM,WPSID62,6,2001-02-01,-0.315969478346915,-0.315969478346915,0
PPI_UNPROCESSED_INTERMEDIATE_GOODS,pairwise,old_vs_new,PPICRM,WPSID62,6,2001-03-01,0.0879785920607974,0.0879785920607974,0
PPI_UNPROCESSED_INTERMEDIATE_GOODS,pairwise,old_vs_new,PPICRM,WPSID62,6,2001-04-01,0.0724059879125729,0.0724059879125729,0
PPI_UNPROCESSED_INTERMEDIATE_GOODS,pairwise,old_vs_new,PPICRM,WPSID62,6,2001-05-01,-0.0234973861778514,-0.0234973861778514,0
PPI_UNPROCESSED_INTERMEDIATE_GOODS,pairwise,old_vs_new,PPICRM,WPSID62,6,2001-06-01,-0.0657392632702747,-0.0657392632702747,0
PPI_UNPROCESSED_INTERMEDIATE_GOODS,pairwise,old_vs_new,PPICRM,WPSID62,6,2001-07-01,0.0280962707297725,0.0280962707297725,0
PPI_UNPROCESSED_INTERMEDIATE_GOODS,pairwise,old_vs_new,PPICRM,WPSID62,6,2001-08-01,0.0477535877099449,0.0477535877099449,0
PPI_UNPROCESSED_INTERMEDIATE_GOODS,pairwise,old_vs_new,PPICRM,WPSID62,6,2001-09-01,-0.0376123068181338,-0.0376123068181338,0
PPI_UNPROCESSED_INTERMEDIATE_GOODS,pairwise,old_vs_new,PPICRM,WPSID62,6,2001-10-01,-0.0493924248805158,-0.0493924248805158,0
PPI_UNPROCESSED_INTERMEDIATE_GOODS,pairwise,old_vs_new,PPICRM,WPSID62,6,2001-11-01,0.148855944274236,0.148855944274236,0
PPI_UNPROCESSED_INTERMEDIATE_GOODS,pairwise,old_vs_new,PPICRM,WPSID62,6,2001-12-01,-0.125671775733852,-0.125671775733852,0
PPI_UNPROCESSED_INTERMEDIATE_GOODS,pairwise,old_vs_new,PPICRM,WPSID62,6,2002-01-01,0.116727805278562,0.116727805278562,0
PPI_UNPROCESSED_INTERMEDIATE_GOODS,pairwise,old_vs_new,PPICRM,WPSID62,6,2002-02-01,-0.0581693150899447,-0.0581693150899447,0
PPI_UNPROCESSED_INTERMEDIATE_GOODS,pairwise,old_vs_new,PPICRM,WPSID62,6,2002-03-01,0.0675525459327915,0.0675525459327915,0
PPI_UNPROCESSED_INTERMEDIATE_GOODS,pairwise,old_vs_new,PPICRM,WPSID62,6,2002-04-01,-0.0128344127602062,-0.0128344127602062,0
PPI_UNPROCESSED_INTERMEDIATE_GOODS,pairwise,old_vs_new,PPICRM,WPSID62,6,2002-05-01,-0.0322995963293931,-0.0322995963293931,0
PPI_UNPROCESSED_INTERMEDIATE_GOODS,pairwise,old_vs_new,PPICRM,WPSID62,6,2002-06-01,-0.0447267619302192,-0.0447267619302192,0
PPI_UNPROCESSED_INTERMEDIATE_GOODS,pairwise,old_vs_new,PPICRM,WPSID62,6,2002-07-01,0.0496683116128125,0.0496683116128125,0
PPI_UNPROCESSED_INTERMEDIATE_GOODS,pairwise,old_vs_new,PPICRM,WPSID62,6,2002-08-01,0.00352746159089001,0.00352746159089001,0
PPI_UNPROCESSED_INTERMEDIATE_GOODS,pairwise,old_vs_new,PPICRM,WPSID62,6,2002-09-01,0.00606145144877424,0.00606145144877424,0
PPI_UNPROCESSED_INTERMEDIATE_GOODS,pairwise,old_vs_new,PPICRM,WPSID62,6,2002-10-01,-0.00670667891383214,-0.00670667891383214,0
PPI_UNPROCESSED_INTERMEDIATE_GOODS,pairwise,old_vs_new,PPICRM,WPSID62,6,2002-11-01,0.0187926168183949,0.0187926168183949,0
PPI_UNPROCESSED_INTERMEDIATE_GOODS,pairwise,old_vs_new,PPICRM,WPSID62,6,2002-12-01,-0.0153740284304567,-0.0153740284304567,0
PPI_UNPROCESSED_INTERMEDIATE_GOODS,pairwise,old_vs_new,PPICRM,WPSID62,6,2003-01-01,0.0542139304425353,0.0542139304425353,0
PPI_UNPROCESSED_INTERMEDIATE_GOODS,pairwise,old_vs_new,PPICRM,WPSID62,6,2003-02-01,-0.0257016206133054,-0.0257016206133054,0
PPI_UNPROCESSED_INTERMEDIATE_GOODS,pairwise,old_vs_new,PPICRM,WPSID62,6,2003-03-01,0.0770735022888189,0.0770735022888189,0
PPI_UNPROCESSED_INTERMEDIATE_GOODS,pairwise,old_vs_new,PPICRM,WPSID62,6,2003-04-01,-0.29672324283941,-0.29672324283941,0
PPI_UNPROCESSED_INTERMEDIATE_GOODS,pairwise,old_vs_new,PPICRM,WPSID62,6,2003-05-01,0.184777280131001,0.184777280131001,0
PPI_UNPROCESSED_INTERMEDIATE_GOODS,pairwise,old_vs_new,PPICRM,WPSID62,6,2003-06-01,0.0290333374532175,0.0290333374532175,0
PPI_UNPROCESSED_INTERMEDIATE_GOODS,pairwise,old_vs_new,PPICRM,WPSID62,6,2003-07-01,-0.0691342972396889,-0.0691342972396889,0
PPI_UNPROCESSED_INTERMEDIATE_GOODS,pairwise,old_vs_new,PPICRM,WPSID62,6,2003-08-01,0.0185529598963168,0.0185529598963168,0
PPI_UNPROCESSED_INTERMEDIATE_GOODS,pairwise,old_vs_new,PPICRM,WPSID62,6,2003-09-01,0.035525609766121,0.035525609766121,0
PPI_UNPROCESSED_INTERMEDIATE_GOODS,pairwise,old_vs_new,PPICRM,WPSID62,6,2003-10-01,0.000730494178569963,0.000730494178569963,0
PPI_UNPROCESSED_INTERMEDIATE_GOODS,pairwise,old_vs_new,PPICRM,WPSID62,6,2003-11-01,-0.0300546097788343,-0.0300546097788343,0
PPI_UNPROCESSED_INTERMEDIATE_GOODS,pairwise,old_vs_new,PPICRM,WPSID62,6,2003-12-01,0.034284340712933,0.034284340712933,0
PPI_UNPROCESSED_INTERMEDIATE_GOODS,pairwise,old_vs_new,PPICRM,WPSID62,6,2004-01-01,0.0111796403096145,0.0111796403096145,0
PPI_UNPROCESSED_INTERMEDIATE_GOODS,pairwise,old_vs_new,PPICRM,WPSID62,6,2004-02-01,-0.0292672523804871,-0.0292672523804871,0
PPI_UNPROCESSED_INTERMEDIATE_GOODS,pairwise,old_vs_new,PPICRM,WPSID62,6,2004-03-01,0.00176619962488811,0.00176619962488811,0
PPI_UNPROCESSED_INTERMEDIATE_GOODS,pairwise,old_vs_new,PPICRM,WPSID62,6,2004-04-01,0.00360317836646029,0.00360317836646029,0
PPI_UNPROCESSED_INTERMEDIATE_GOODS,pairwise,old_vs_new,PPICRM,WPSID62,6,2004-05-01,0.00838658400798042,0.00838658400798042,0
PPI_UNPROCESSED_INTERMEDIATE_GOODS,pairwise,old_vs_new,PPICRM,WPSID62,6,2004-06-01,-0.0221912229570256,-0.0221912229570256,0
PPI_UNPROCESSED_INTERMEDIATE_GOODS,pairwise,old_vs_new,PPICRM,WPSID62,6,2004-07-01,-0.00682749868159771,-0.00682749868159771,0
PPI_UNPROCESSED_INTERMEDIATE_GOODS,pairwise,old_vs_new,PPICRM,WPSID62,6,2004-08-01,0.00371593898344535,0.00371593898344535,0
PPI_UNPROCESSED_INTERMEDIATE_GOODS,pairwise,old_vs_new,PPICRM,WPSID62,6,2004-09-01,-0.0512669456213288,-0.0512669456213288,0
PPI_UNPROCESSED_INTERMEDIATE_GOODS,pairwise,old_vs_new,PPICRM,WPSID62,6,2004-10-01,0.0932419267402649,0.0932419267402649,0
PPI_UNPROCESSED_INTERMEDIATE_GOODS,pairwise,old_vs_new,PPICRM,WPSID62,6,2004-11-01,0.0256998575973357,0.0256998575973357,0
PPI_UNPROCESSED_INTERMEDIATE_GOODS,pairwise,old_vs_new,PPICRM,WPSID62,6,2004-12-01,-0.102516904670201,-0.102516904670201,0
PPI_UNPROCESSED_INTERMEDIATE_GOODS,pairwise,old_vs_new,PPICRM,WPSID62,6,2005-01-01,0.0142597808697582,0.0142597808697582,0
PPI_UNPROCESSED_INTERMEDIATE_GOODS,pairwise,old_vs_new,PPICRM,WPSID62,6,2005-02-01,0.0101568222219441,0.0101568222219441,0
PPI_UNPROCESSED_INTERMEDIATE_GOODS,pairwise,old_vs_new,PPICRM,WPSID62,6,2005-03-01,0.0535474625259011,0.0535474625259011,0
PPI_UNPROCESSED_INTERMEDIATE_GOODS,pairwise,old_vs_new,PPICRM,WPSID62,6,2005-04-01,-0.0195481039156293,-0.0195481039156293,0
PPI_UNPROCESSED_INTERMEDIATE_GOODS,pairwise,old_vs_new,PPICRM,WPSID62,6,2005-05-01,-0.0603463952189225,-0.0603463952189225,0
PPI_UNPROCESSED_INTERMEDIATE_GOODS,pairwise,old_vs_new,PPICRM,WPSID62,6,2005-06-01,0.0127766569315622,0.0127766569315622,0
PPI_UNPROCESSED_INTERMEDIATE_GOODS,pairwise,old_vs_new,PPICRM,WPSID62,6,2005-07-01,0.0738993777451791,0.0738993777451791,0
PPI_UNPROCESSED_INTERMEDIATE_GOODS,pairwise,old_vs_new,PPICRM,WPSID62,6,2005-08-01,-0.0124761744277357,-0.0124761744277357,0
PPI_UNPROCESSED_INTERMEDIATE_GOODS,pairwise,old_vs_new,PPICRM,WPSID62,6,2005-09-01,0.0586564467368413,0.0586564467368413,0
PPI_UNPROCESSED_INTERMEDIATE_GOODS,pairwise,old_vs_new,PPICRM,WPSID62,6,2005-10-01,-0.038494109432448,-0.038494109432448,0
PPI_UNPROCESSED_INTERMEDIATE_GOODS,pairwise,old_vs_new,PPICRM,WPSID62,6,2005-11-01,-0.0733179749140236,-0.0733179749140236,0
PPI_UNPROCESSED_INTERMEDIATE_GOODS,pairwise,old_vs_new,PPICRM,WPSID62,6,2005-12-01,-0.0251120340457778,-0.0251120340457778,0
PPI_UNPROCESSED_INTERMEDIATE_GOODS,pairwise,old_vs_new,PPICRM,WPSID62,6,2006-01-01,0.0442865477285039,0.0442865477285039,0
PPI_UNPROCESSED_INTERMEDIATE_GOODS,pairwise,old_vs_new,PPICRM,WPSID62,6,2006-02-01,-0.0911464455942053,-0.0911464455942053,0
PPI_UNPROCESSED_INTERMEDIATE_GOODS,pairwise,old_vs_new,PPICRM,WPSID62,6,2006-03-01,0.0469882947459395,0.0469882947459395,0
PPI_UNPROCESSED_INTERMEDIATE_GOODS,pairwise,old_vs_new,PPICRM,WPSID62,6,2006-04-01,0.0564425320738646,0.0564425320738646,0
PPI_UNPROCESSED_INTERMEDIATE_GOODS,pairwise,old_vs_new,PPICRM,WPSID62,6,2006-05-01,-0.0100396438030472,-0.0100396438030472,0
PPI_UNPROCESSED_INTERMEDIATE_GOODS,pairwise,old_vs_new,PPICRM,WPSID62,6,2006-06-01,-0.0406864656284736,-0.0406864656284736,0
PPI_UNPROCESSED_INTERMEDIATE_GOODS,pairwise,old_vs_new,PPICRM,WPSID62,6,2006-07-01,0.0436608864560428,0.0436608864560428,0
PPI_UNPROCESSED_INTERMEDIATE_GOODS,pairwise,old_vs_new,PPICRM,WPSID62,6,2006-08-01,0.0242356625284081,0.0242356625284081,0
PPI_UNPROCESSED_INTERMEDIATE_GOODS,pairwise,old_vs_new,PPICRM,WPSID62,6,2006-09-01,-0.0586409925522764,-0.0586409925522764,0
PPI_UNPROCESSED_INTERMEDIATE_GOODS,pairwise,old_vs_new,PPICRM,WPSID62,6,2006-10-01,-0.0570532643455808,-0.0570532643455808,0
PPI_UNPROCESSED_INTERMEDIATE_GOODS,pairwise,old_vs_new,PPICRM,WPSID62,6,2006-11-01,0.196648553000429,0.196648553000429,0
PPI_UNPROCESSED_INTERMEDIATE_GOODS,pairwise,old_vs_new,PPICRM,WPSID62,6,2006-12-01,-0.0851445763275178,-0.0851445763275178,0
PPI_UNPROCESSED_INTERMEDIATE_GOODS,pairwise,old_vs_new,PPICRM,WPSID62,6,2007-01-01,-0.0864211600723088,-0.0864211600723088,0
PPI_UNPROCESSED_INTERMEDIATE_GOODS,pairwise,old_vs_new,PPICRM,WPSID62,6,2007-02-01,0.141703999019739,0.141703999019739,0
PPI_UNPROCESSED_INTERMEDIATE_GOODS,pairwise,old_vs_new,PPICRM,WPSID62,6,2007-03-01,-0.0765986493249811,-0.0765986493249811,0
PPI_UNPROCESSED_INTERMEDIATE_GOODS,pairwise,old_vs_new,PPICRM,WPSID62,6,2007-04-01,-0.00790903931130504,-0.00790903931130504,0
PPI_UNPROCESSED_INTERMEDIATE_GOODS,pairwise,old_vs_new,PPICRM,WPSID62,6,2007-05-01,0.00195119015328782,0.00195119015328782,0
PPI_UNPROCESSED_INTERMEDIATE_GOODS,pairwise,old_vs_new,PPICRM,WPSID62,6,2007-06-01,0.00144282154725506,0.00144282154725506,0
PPI_UNPROCESSED_INTERMEDIATE_GOODS,pairwise,old_vs_new,PPICRM,WPSID62,6,2007-07-01,-0.0160990116693753,-0.0160990116693753,0
PPI_UNPROCESSED_INTERMEDIATE_GOODS,pairwise,old_vs_new,PPICRM,WPSID62,6,2007-08-01,-0.0146132808207042,-0.0146132808207042,0
PPI_UNPROCESSED_INTERMEDIATE_GOODS,pairwise,old_vs_new,PPICRM,WPSID62,6,2007-09-01,0.0482535357149425,0.0482535357149425,0
PPI_UNPROCESSED_INTERMEDIATE_GOODS,pairwise,old_vs_new,PPICRM,WPSID62,6,2007-10-01,0.0307547493990654,0.0307547493990654,0
PPI_UNPROCESSED_INTERMEDIATE_GOODS,pairwise,old_vs_new,PPICRM,WPSID62,6,2007-11-01,0.0144068868116332,0.0144068868116332,0
PPI_UNPROCESSED_INTERMEDIATE_GOODS,pairwise,old_vs_new,PPICRM,WPSID62,6,2007-12-01,-0.0418271780271215,-0.0418271780271215,0
PPI_UNPROCESSED_INTERMEDIATE_GOODS,pairwise,old_vs_new,PPICRM,WPSID62,6,2008-01-01,0.00592737573521429,0.00592737573521429,0
PPI_UNPROCESSED_INTERMEDIATE_GOODS,pairwise,old_vs_new,PPICRM,WPSID62,6,2008-02-01,0.00811950920610638,0.00811950920610638,0
PPI_UNPROCESSED_INTERMEDIATE_GOODS,pairwise,old_vs_new,PPICRM,WPSID62,6,2008-03-01,0.00185252786244305,0.00185252786244305,0
PPI_UNPROCESSED_INTERMEDIATE_GOODS,pairwise,old_vs_new,PPICRM,WPSID62,6,2008-04-01,-0.0100993011995127,-0.0100993011995127,0
PPI_UNPROCESSED_INTERMEDIATE_GOODS,pairwise,old_vs_new,PPICRM,WPSID62,6,2008-05-01,0.019755506134854,0.019755506134854,0
PPI_UNPROCESSED_INTERMEDIATE_GOODS,pairwise,old_vs_new,PPICRM,WPSID62,6,2008-06-01,-0.0280551978338428,-0.0280551978338428,0
PPI_UNPROCESSED_INTERMEDIATE_GOODS,pairwise,old_vs_new,PPICRM,WPSID62,6,2008-07-01,0.00705941656500109,0.00705941656500109,0
PPI_UNPROCESSED_INTERMEDIATE_GOODS,pairwise,old_vs_new,PPICRM,WPSID62,6,2008-08-01,-0.146311872379125,-0.146311872379125,0
PPI_UNPROCESSED_INTERMEDIATE_GOODS,pairwise,old_vs_new,PPICRM,WPSID62,6,2008-09-01,0.0580347118202633,0.0580347118202633,0
PPI_UNPROCESSED_INTERMEDIATE_GOODS,pairwise,old_vs_new,PPICRM,WPSID62,6,2008-10-01,-0.109747312138106,-0.109747312138106,0
PPI_UNPROCESSED_INTERMEDIATE_GOODS,pairwise,old_vs_new,PPICRM,WPSID62,6,2008-11-01,0.0251284858791543,0.0251284858791543,0
PPI_UNPROCESSED_INTERMEDIATE_GOODS,pairwise,old_vs_new,PPICRM,WPSID62,6,2008-12-01,0.083845497946327,0.083845497946327,0
PPI_UNPROCESSED_INTERMEDIATE_GOODS,pairwise,old_vs_new,PPICRM,WPSID62,6,2009-01-01,0.0376743129809052,0.0376743129809052,0
PPI_UNPROCESSED_INTERMEDIATE_GOODS,pairwise,old_vs_new,PPICRM,WPSID62,6,2009-02-01,-0.0370843626127746,-0.0370843626127746,0
PPI_UNPROCESSED_INTERMEDIATE_GOODS,pairwise,old_vs_new,PPICRM,WPSID62,6,2009-03-01,0.0372657173330273,0.0372657173330273,0
PPI_UNPROCESSED_INTERMEDIATE_GOODS,pairwise,old_vs_new,PPICRM,WPSID62,6,2009-04-01,0.0346663701481429,0.0346663701481429,0
PPI_UNPROCESSED_INTERMEDIATE_GOODS,pairwise,old_vs_new,PPICRM,WPSID62,6,2009-05-01,0.0166571158126345,0.0166571158126345,0
PPI_UNPROCESSED_INTERMEDIATE_GOODS,pairwise,old_vs_new,PPICRM,WPSID62,6,2009-06-01,0.0128816991208502,0.0128816991208502,0
PPI_UNPROCESSED_INTERMEDIATE_GOODS,pairwise,old_vs_new,PPICRM,WPSID62,6,2009-07-01,-0.0846246171786493,-0.0846246171786493,0
PPI_UNPROCESSED_INTERMEDIATE_GOODS,pairwise,old_vs_new,PPICRM,WPSID62,6,2009-08-01,0.0879100306191569,0.0879100306191569,0
PPI_UNPROCESSED_INTERMEDIATE_GOODS,pairwise,old_vs_new,PPICRM,WPSID62,6,2009-09-01,-0.0585102048269182,-0.0585102048269182,0
PPI_UNPROCESSED_INTERMEDIATE_GOODS,pairwise,old_vs_new,PPICRM,WPSID62,6,2009-10-01,0.0823660364153911,0.0823660364153911,0
PPI_UNPROCESSED_INTERMEDIATE_GOODS,pairwise,old_vs_new,PPICRM,WPSID62,6,2009-11-01,-0.0269807442662584,-0.0269807442662584,0
PPI_UNPROCESSED_INTERMEDIATE_GOODS,pairwise,old_vs_new,PPICRM,WPSID62,6,2009-12-01,-0.0161905734861749,-0.0161905734861749,0
PPI_UNPROCESSED_INTERMEDIATE_GOODS,pairwise,old_vs_new,PPICRM,WPSID62,6,2010-01-01,0.0358940772693366,0.0354266783358455,-0.000467398933491125
PPI_UNPROCESSED_INTERMEDIATE_GOODS,pairwise,old_vs_new,PPICRM,WPSID62,6,2010-02-01,-0.0882657862176446,-0.0878100302759917,0.000455755941652924
PPI_UNPROCESSED_INTERMEDIATE_GOODS,pairwise,old_vs_new,PPICRM,WPSID62,6,2010-03-01,0.0402801645755195,0.0407708494926871,0.000490684917167528
PPI_UNPROCESSED_INTERMEDIATE_GOODS,pairwise,old_vs_new,PPICRM,WPSID62,6,2010-04-01,-0.0227782674329138,-0.0232573093582431,-0.000479041925329327
PPI_UNPROCESSED_INTERMEDIATE_GOODS,pairwise,old_vs_new,PPICRM,WPSID62,6,2010-05-01,-0.0140167662462538,-0.0140167662462538,0
PPI_UNPROCESSED_INTERMEDIATE_GOODS,pairwise,old_vs_new,PPICRM,WPSID62,6,2010-06-01,-0.00194316207910639,-0.00194316207910639,0
PPI_UNPROCESSED_INTERMEDIATE_GOODS,pairwise,old_vs_new,PPICRM,WPSID62,6,2010-07-01,0.0504695772109223,0.0504695772109223,0
PPI_UNPROCESSED_INTERMEDIATE_GOODS,pairwise,old_vs_new,PPICRM,WPSID62,6,2010-08-01,-0.00686208198020211,-0.00686208198020211,0
PPI_UNPROCESSED_INTERMEDIATE_GOODS,pairwise,old_vs_new,PPICRM,WPSID62,6,2010-09-01,-0.0286244405628615,-0.0286244405628615,0
PPI_UNPROCESSED_INTERMEDIATE_GOODS,pairwise,old_vs_new,PPICRM,WPSID62,6,2010-10-01,0.0418326154532176,0.0422935511608484,0.000460935707630838
PPI_UNPROCESSED_INTERMEDIATE_GOODS,pairwise,old_vs_new,PPICRM,WPSID62,6,2010-11-01,-0.0218426652425574,-0.0223090595376698,-0.000466394295112416
PPI_UNPROCESSED_INTERMEDIATE_GOODS,pairwise,old_vs_new,PPICRM,WPSID62,6,2010-12-01,0.0335060624974295,0.0334912996843642,-1.47628130653388e-05
PPI_UNPROCESSED_INTERMEDIATE_GOODS,pairwise,old_vs_new,PPICRM,WPSID62,6,2011-01-01,-0.012870823433162,-0.0128645390183673,6.28441479477715e-06
PPI_UNPROCESSED_INTERMEDIATE_GOODS,pairwise,old_vs_new,PPICRM,WPSID62,6,2011-02-01,-0.0075809673989049,-0.00757741838305304,3.54901585186695e-06
PPI_UNPROCESSED_INTERMEDIATE_GOODS,pairwise,old_vs_new,PPICRM,WPSID62,6,2011-03-01,-0.00785475412849213,-0.00704390973624491,0.000810844392247212
PPI_UNPROCESSED_INTERMEDIATE_GOODS,pairwise,old_vs_new,PPICRM,WPSID62,6,2011-04-01,0.0333088977725069,0.0312970541638631,-0.00201184360864382
PPI_UNPROCESSED_INTERMEDIATE_GOODS,pairwise,old_vs_new,PPICRM,WPSID62,6,2011-05-01,-0.0784743744412157,-0.0772629872549189,0.00121138718629688
PPI_UNPROCESSED_INTERMEDIATE_GOODS,pairwise,old_vs_new,PPICRM,WPSID62,6,2011-06-01,0.0312059656089954,0.03081203217865,-0.000393933430345328
PPI_UNPROCESSED_INTERMEDIATE_GOODS,pairwise,old_vs_new,PPICRM,WPSID62,6,2011-07-01,0.00234301437725204,-7.60701891877602e-06,-0.00235062139617082
PPI_UNPROCESSED_INTERMEDIATE_GOODS,pairwise,old_vs_new,PPICRM,WPSID62,6,2011-08-01,-0.0236811546199975,-0.0177981115366199,0.00588304308337761
PPI_UNPROCESSED_INTERMEDIATE_GOODS,pairwise,old_vs_new,PPICRM,WPSID62,6,2011-09-01,0.020970610075091,0.0178321218182296,-0.00313848825686147
PPI_UNPROCESSED_INTERMEDIATE_GOODS,pairwise,old_vs_new,PPICRM,WPSID62,6,2011-10-01,-0.0310273598506061,-0.0310273598506061,0
PPI_UNPROCESSED_INTERMEDIATE_GOODS,pairwise,old_vs_new,PPICRM,WPSID62,6,2011-11-01,0.0540886503200317,0.0556822761553093,0.00159362583527756
PPI_UNPROCESSED_INTERMEDIATE_GOODS,pairwise,old_vs_new,PPICRM,WPSID62,6,2011-12-01,-0.0496554262619693,-0.0528426779325244,-0.00318725167055511
PPI_UNPROCESSED_INTERMEDIATE_GOODS,pairwise,old_vs_new,PPICRM,WPSID62,6,2012-01-01,0.0355778500375639,0.0331277987090326,-0.00245005132853127
PPI_UNPROCESSED_INTERMEDIATE_GOODS,pairwise,old_vs_new,PPICRM,WPSID62,6,2012-02-01,-0.0198757773000269,-0.0134170878275333,0.00645868947249362
PPI_UNPROCESSED_INTERMEDIATE_GOODS,pairwise,old_vs_new,PPICRM,WPSID62,6,2012-03-01,0.0158039114264863,0.0121875641055889,-0.00361634732089744
PPI_UNPROCESSED_INTERMEDIATE_GOODS,pairwise,old_vs_new,PPICRM,WPSID62,6,2012-04-01,-0.0367826723181146,-0.0364989995388054,0.000283672779309185
PPI_UNPROCESSED_INTERMEDIATE_GOODS,pairwise,old_vs_new,PPICRM,WPSID62,6,2012-05-01,-0.00430320027759734,-0.000927921274943344,0.003375279002654
PPI_UNPROCESSED_INTERMEDIATE_GOODS,pairwise,old_vs_new,PPICRM,WPSID62,6,2012-06-01,-0.00293416342737274,-0.00143150631075439,0.00150265711661834
PPI_UNPROCESSED_INTERMEDIATE_GOODS,pairwise,old_vs_new,PPICRM,WPSID62,6,2012-07-01,0.0666052922485578,0.0651494455963277,-0.00145584665223009
PPI_UNPROCESSED_INTERMEDIATE_GOODS,pairwise,old_vs_new,PPICRM,WPSID62,6,2012-08-01,0.0161756629962344,0.0117928334716746,-0.00438282952455982
PPI_UNPROCESSED_INTERMEDIATE_GOODS,pairwise,old_vs_new,PPICRM,WPSID62,6,2012-09-01,-0.0349713958734998,-0.0323175802197326,0.00265381565376721
PPI_UNPROCESSED_INTERMEDIATE_GOODS,pairwise,old_vs_new,PPICRM,WPSID62,6,2012-10-01,-0.0147589749819597,-0.0179700630233182,-0.0032110880413585
PPI_UNPROCESSED_INTERMEDIATE_GOODS,pairwise,old_vs_new,PPICRM,WPSID62,6,2012-11-01,0.0110165477570314,0.0130340099825039,0.0020174622254725
PPI_UNPROCESSED_INTERMEDIATE_GOODS,pairwise,old_vs_new,PPICRM,WPSID62,6,2012-12-01,0.00195372983959885,-5.33240027422721e-05,-0.00200705384234112
PPI_UNPROCESSED_INTERMEDIATE_GOODS,pairwise,old_vs_new,PPICRM,WPSID62,6,2013-01-01,-0.00608722921129523,-0.00687304148617418,-0.00078581227487895
PPI_UNPROCESSED_INTERMEDIATE_GOODS,pairwise,old_vs_new,PPICRM,WPSID62,6,2013-02-01,-0.0140892549554019,-0.0032246711092121,0.0108645838461898
PPI_UNPROCESSED_INTERMEDIATE_GOODS,pairwise,old_vs_new,PPICRM,WPSID62,6,2013-03-01,0.0124985824476935,0.00120585159606623,-0.0112927308516273
PPI_UNPROCESSED_INTERMEDIATE_GOODS,pairwise,old_vs_new,PPICRM,WPSID62,6,2013-04-01,-0.00242734903827113,0.00202044739896046,0.00444779643723159
PPI_UNPROCESSED_INTERMEDIATE_GOODS,pairwise,old_vs_new,PPICRM,WPSID62,6,2013-05-01,0.0116629487872197,0.0104500924941684,-0.00121285629305135
PPI_UNPROCESSED_INTERMEDIATE_GOODS,pairwise,old_vs_new,PPICRM,WPSID62,6,2013-06-01,-0.0188846284692694,-0.0160658549437347,0.00281877352553472
PPI_UNPROCESSED_INTERMEDIATE_GOODS,pairwise,old_vs_new,PPICRM,WPSID62,6,2013-07-01,0.0188440314743437,0.0152095607030711,-0.00363447077127255
PPI_UNPROCESSED_INTERMEDIATE_GOODS,pairwise,old_vs_new,PPICRM,WPSID62,6,2013-08-01,-0.0280927134618274,-0.026852415239504,0.00124029822232341
PPI_UNPROCESSED_INTERMEDIATE_GOODS,pairwise,old_vs_new,PPICRM,WPSID62,6,2013-09-01,0.0156583485520621,0.0144232120431624,-0.00123513650889961
PPI_UNPROCESSED_INTERMEDIATE_GOODS,pairwise,old_vs_new,PPICRM,WPSID62,6,2013-10-01,-0.0134958589261291,-0.0102246934174977,0.00327116550863149
PPI_UNPROCESSED_INTERMEDIATE_GOODS,pairwise,old_vs_new,PPICRM,WPSID62,6,2013-11-01,-0.00356836820511308,-0.00768105729571378,-0.0041126890906007
PPI_UNPROCESSED_INTERMEDIATE_GOODS,pairwise,old_vs_new,PPICRM,WPSID62,6,2013-12-01,0.0394387511870766,0.0386173959047618,-0.000821355282314862
PPI_UNPROCESSED_INTERMEDIATE_GOODS,pairwise,old_vs_new,PPICRM,WPSID62,6,2014-01-01,-0.00245088857258136,-0.00032818716048677,0.00212270141209459
PPI_UNPROCESSED_INTERMEDIATE_GOODS,pairwise,old_vs_new,PPICRM,WPSID62,6,2014-02-01,0.026969894531228,0.0317424286008299,0.00477253406960187
PPI_UNPROCESSED_INTERMEDIATE_GOODS,pairwise,old_vs_new,PPICRM,WPSID62,6,2014-03-01,-0.0418355056499937,-0.0458545166248356,-0.00401901097484192
PPI_UNPROCESSED_INTERMEDIATE_GOODS,pairwise,old_vs_new,PPICRM,WPSID62,6,2014-04-01,0.0068372467598552,0.00683465072131995,-2.59603853525192e-06
PPI_UNPROCESSED_INTERMEDIATE_GOODS,pairwise,old_vs_new,PPICRM,WPSID62,6,2014-05-01,-0.0217414542647498,-0.0236521825752796,-0.00191072831052974
PPI_UNPROCESSED_INTERMEDIATE_GOODS,pairwise,old_vs_new,PPICRM,WPSID62,6,2014-06-01,0.000264073636738082,0.00293858701652105,0.00267451337978297
PPI_UNPROCESSED_INTERMEDIATE_GOODS,pairwise,old_vs_new,PPICRM,WPSID62,6,2014-07-01,-0.00680423694810184,-0.00718286630848919,-0.00037862936038735
PPI_UNPROCESSED_INTERMEDIATE_GOODS,pairwise,old_vs_new,PPICRM,WPSID62,6,2014-08-01,-0.0136624266137924,-0.0128347992250051,0.000827627388787278
PPI_UNPROCESSED_INTERMEDIATE_GOODS,pairwise,old_vs_new,PPICRM,WPSID62,6,2014-09-01,0.0324858245632118,0.0361403372711306,0.00365451270791883
PPI_UNPROCESSED_INTERMEDIATE_GOODS,pairwise,old_vs_new,PPICRM,WPSID62,6,2014-10-01,-0.0351363278051586,-0.0406410975910427,-0.0055047697858841
PPI_UNPROCESSED_INTERMEDIATE_GOODS,pairwise,old_vs_new,PPICRM,WPSID62,6,2014-11-01,0.0212143033468282,0.0197982606900187,-0.0014160426568095
PPI_UNPROCESSED_INTERMEDIATE_GOODS,pairwise,old_vs_new,PPICRM,WPSID62,6,2014-12-01,-0.04112926897138,-0.0438499534483086,-0.00272068447692853
PPI_UNPROCESSED_INTERMEDIATE_GOODS,pairwise,old_vs_new,PPICRM,WPSID62,6,2015-01-01,-0.0438655769357101,-0.0417591811008089,0.00210639583490124
PPI_UNPROCESSED_INTERMEDIATE_GOODS,pairwise,old_vs_new,PPICRM,WPSID62,6,2015-02-01,0.059803228313319,0.0664320964120959,0.00662886809877694
PPI_UNPROCESSED_INTERMEDIATE_GOODS,pairwise,old_vs_new,PPICRM,WPSID62,6,2015-03-01,0.0306577154221621,0.0240989040038375,-0.00655881141832459
PPI_UNPROCESSED_INTERMEDIATE_GOODS,pairwise,old_vs_new,PPICRM,WPSID62,6,2015-04-01,0.0129243537529407,0.0160610801217738,0.00313672636883311
PPI_UNPROCESSED_INTERMEDIATE_GOODS,pairwise,old_vs_new,PPICRM,WPSID62,6,2015-05-01,0.0272836268899423,0.0243281880255424,-0.00295543886439997
PPI_UNPROCESSED_INTERMEDIATE_GOODS,pairwise,old_vs_new,PPICRM,WPSID62,6,2015-06-01,-0.0279951958883506,-0.0250508852896578,0.00294431059869282
PPI_UNPROCESSED_INTERMEDIATE_GOODS,pairwise,old_vs_new,PPICRM,WPSID62,6,2015-07-01,-0.0377839848447001,-0.0363977439391716,0.00138624090552852
PPI_UNPROCESSED_INTERMEDIATE_GOODS,pairwise,old_vs_new,PPICRM,WPSID62,6,2015-08-01,-0.00750266869907534,-0.000985101642946518,0.00651756705612883
PPI_UNPROCESSED_INTERMEDIATE_GOODS,pairwise,old_vs_new,PPICRM,WPSID62,6,2015-09-01,0.00993794459372399,0.0109523318226188,0.0010143872288948
PPI_UNPROCESSED_INTERMEDIATE_GOODS,pairwise,old_vs_new,PPICRM,WPSID62,6,2015-10-01,0.0303710978762988,0.00727889894219658,-0.0230921989341022
PPI_UNPROCESSED_INTERMEDIATE_GOODS,pairwise,old_vs_new,PPICRM,WPSID62,6,2015-11-01,-0.0525693226333095,-0.0342057955792185,0.0183635270540909
PPI_UNPROCESSED_INTERMEDIATE_GOODS,pairwise,old_vs_new,PPICRM,WPSID62,6,2015-12-01,0.022522879750027,0.0054468392525413,-0.0170760404974857
TRADE_WEIGHTED_USD_ADVANCED_ECONOMIES,fred_md_splice,old_vs_new,TWEXMMTH,TWEXAFEGSMTH,5,2006-02-01,0.0085103887967577,0.00787590348802336,-0.000634485308734334
TRADE_WEIGHTED_USD_ADVANCED_ECONOMIES,fred_md_splice,old_vs_new,TWEXMMTH,TWEXAFEGSMTH,5,2006-03-01,-0.000714854626786554,-0.000337389619737394,0.00037746500704916
TRADE_WEIGHTED_USD_ADVANCED_ECONOMIES,fred_md_splice,old_vs_new,TWEXMMTH,TWEXAFEGSMTH,5,2006-04-01,-0.0133362733859634,-0.0134378809659523,-0.000101607579988894
TRADE_WEIGHTED_USD_ADVANCED_ECONOMIES,fred_md_splice,old_vs_new,TWEXMMTH,TWEXAFEGSMTH,5,2006-05-01,-0.0395764917151844,-0.0395489373106281,2.75544045562626e-05
TRADE_WEIGHTED_USD_ADVANCED_ECONOMIES,fred_md_splice,old_vs_new,TWEXMMTH,TWEXAFEGSMTH,5,2006-06-01,0.0108272767627797,0.0104603006883046,-0.000366976074475112
TRADE_WEIGHTED_USD_ADVANCED_ECONOMIES,fred_md_splice,old_vs_new,TWEXMMTH,TWEXAFEGSMTH,5,2006-07-01,0.00475158949107968,0.00485451637859136,0.000102926887511678
TRADE_WEIGHTED_USD_ADVANCED_ECONOMIES,fred_md_splice,old_vs_new,TWEXMMTH,TWEXAFEGSMTH,5,2006-08-01,-0.00895750224690861,-0.00948610535375138,-0.000528603106842773
TRADE_WEIGHTED_USD_ADVANCED_ECONOMIES,fred_md_splice,old_vs_new,TWEXMMTH,TWEXAFEGSMTH,5,2006-09-01,0.00480828848507997,0.00447002118728257,-0.000338267297797401
TRADE_WEIGHTED_USD_ADVANCED_ECONOMIES,fred_md_splice,old_vs_new,TWEXMMTH,TWEXAFEGSMTH,5,2006-10-01,0.00971142171657391,0.00964610526450826,-6.53164520656446e-05
TRADE_WEIGHTED_USD_ADVANCED_ECONOMIES,fred_md_splice,old_vs_new,TWEXMMTH,TWEXAFEGSMTH,5,2006-11-01,-0.0109594278552683,-0.0104958013420582,0.00046362651321008
TRADE_WEIGHTED_USD_ADVANCED_ECONOMIES,fred_md_splice,old_vs_new,TWEXMMTH,TWEXAFEGSMTH,5,2006-12-01,-0.00729005066740918,-0.00708465817359372,0.000205392493815459
TRADE_WEIGHTED_USD_ADVANCED_ECONOMIES,fred_md_splice,old_vs_new,TWEXMMTH,TWEXAFEGSMTH,5,2007-01-01,0.018048242496385,0.0176153371771282,-0.000432905319256882
TRADE_WEIGHTED_USD_ADVANCED_ECONOMIES,fred_md_splice,old_vs_new,TWEXMMTH,TWEXAFEGSMTH,5,2007-02-01,-0.00416715866227602,-0.00421463139922817,-4.74727369521588e-05
TRADE_WEIGHTED_USD_ADVANCED_ECONOMIES,fred_md_splice,old_vs_new,TWEXMMTH,TWEXAFEGSMTH,5,2007-03-01,-0.0101193393623715,-0.00923433912800142,0.000885000234370104
TRADE_WEIGHTED_USD_ADVANCED_ECONOMIES,fred_md_splice,old_vs_new,TWEXMMTH,TWEXAFEGSMTH,5,2007-04-01,-0.0169209572385576,-0.0179099683033179,-0.000989011064760348
TRADE_WEIGHTED_USD_ADVANCED_ECONOMIES,fred_md_splice,old_vs_new,TWEXMMTH,TWEXAFEGSMTH,5,2007-05-01,-0.00814337975013313,-0.00900569816000196,-0.000862318409868834
TRADE_WEIGHTED_USD_ADVANCED_ECONOMIES,fred_md_splice,old_vs_new,TWEXMMTH,TWEXAFEGSMTH,5,2007-06-01,-0.00302983652309941,-0.00401858612663997,-0.000988749603540562
TRADE_WEIGHTED_USD_ADVANCED_ECONOMIES,fred_md_splice,old_vs_new,TWEXMMTH,TWEXAFEGSMTH,5,2007-07-01,-0.0180033961299655,-0.0181666176521578,-0.000163221522192281
TRADE_WEIGHTED_USD_ADVANCED_ECONOMIES,fred_md_splice,old_vs_new,TWEXMMTH,TWEXAFEGSMTH,5,2007-08-01,1.41662668990961e-05,0.00130409914792562,0.00128993288102652
TRADE_WEIGHTED_USD_ADVANCED_ECONOMIES,fred_md_splice,old_vs_new,TWEXMMTH,TWEXAFEGSMTH,5,2007-09-01,-0.0208232149374634,-0.0206737952221481,0.000149419715315346
TRADE_WEIGHTED_USD_ADVANCED_ECONOMIES,fred_md_splice,old_vs_new,TWEXMMTH,TWEXAFEGSMTH,5,2007-10-01,-0.0263076655342731,-0.0271872405210631,-0.000879574986790033
TRADE_WEIGHTED_USD_ADVANCED_ECONOMIES,fred_md_splice,old_vs_new,TWEXMMTH,TWEXAFEGSMTH,5,2007-11-01,-0.0243494045338322,-0.0234372616102103,0.00091214292362185
TRADE_WEIGHTED_USD_ADVANCED_ECONOMIES,fred_md_splice,old_vs_new,TWEXMMTH,TWEXAFEGSMTH,5,2007-12-01,0.0207289537779261,0.0213804324092335,0.000651478631307434
TRADE_WEIGHTED_USD_ADVANCED_ECONOMIES,fred_md_splice,old_vs_new,TWEXMMTH,TWEXAFEGSMTH,5,2008-01-01,-0.00859971037333018,-0.00690220400325181,0.00169750637007837
TRADE_WEIGHTED_USD_ADVANCED_ECONOMIES,fred_md_splice,old_vs_new,TWEXMMTH,TWEXAFEGSMTH,5,2008-02-01,-0.0068123274303673,-0.00665845653883679,0.000153870891530516
TRADE_WEIGHTED_USD_ADVANCED_ECONOMIES,fred_md_splice,old_vs_new,TWEXMMTH,TWEXAFEGSMTH,5,2008-03-01,-0.0327035561890074,-0.0312223119991133,0.00148124418989415
TRADE_WEIGHTED_USD_ADVANCED_ECONOMIES,fred_md_splice,old_vs_new,TWEXMMTH,TWEXAFEGSMTH,5,2008-04-01,0.00124318307778459,0.00129638300987889,5.31999320942944e-05
TRADE_WEIGHTED_USD_ADVANCED_ECONOMIES,fred_md_splice,old_vs_new,TWEXMMTH,TWEXAFEGSMTH,5,2008-05-01,0.00385892668556664,0.00350212397586525,-0.000356802709701398
TRADE_WEIGHTED_USD_ADVANCED_ECONOMIES,fred_md_splice,old_vs_new,TWEXMMTH,TWEXAFEGSMTH,5,2008-06-01,0.00945587264039283,0.00885814616912928,-0.000597726471263549
TRADE_WEIGHTED_USD_ADVANCED_ECONOMIES,fred_md_splice,old_vs_new,TWEXMMTH,TWEXAFEGSMTH,5,2008-07-01,-0.00723626957621271,-0.00746072354218619,-0.000224453965973481
TRADE_WEIGHTED_USD_ADVANCED_ECONOMIES,fred_md_splice,old_vs_new,TWEXMMTH,TWEXAFEGSMTH,5,2008-08-01,0.0442712234702816,0.0450114589810946,0.000740235510813037
TRADE_WEIGHTED_USD_ADVANCED_ECONOMIES,fred_md_splice,old_vs_new,TWEXMMTH,TWEXAFEGSMTH,5,2008-09-01,0.0199695586948305,0.0213634241323293,0.00139386543749875
TRADE_WEIGHTED_USD_ADVANCED_ECONOMIES,fred_md_splice,old_vs_new,TWEXMMTH,TWEXAFEGSMTH,5,2008-10-01,0.0647355350132948,0.0684524762625882,0.00371694124929345
TRADE_WEIGHTED_USD_ADVANCED_ECONOMIES,fred_md_splice,old_vs_new,TWEXMMTH,TWEXAFEGSMTH,5,2008-11-01,0.0291547448990315,0.0320885008748339,0.00293375597580248
TRADE_WEIGHTED_USD_ADVANCED_ECONOMIES,fred_md_splice,old_vs_new,TWEXMMTH,TWEXAFEGSMTH,5,2008-12-01,-0.0267176155886331,-0.0240318150243661,0.00268580056426693
TRADE_WEIGHTED_USD_ADVANCED_ECONOMIES,fred_md_splice,old_vs_new,TWEXMMTH,TWEXAFEGSMTH,5,2009-01-01,0.0054019195387065,0.00611646633947416,0.000714546800767657
TRADE_WEIGHTED_USD_ADVANCED_ECONOMIES,fred_md_splice,old_vs_new,TWEXMMTH,TWEXAFEGSMTH,5,2009-02-01,0.0271567036307365,0.026345718446235,-0.000810985184501511
TRADE_WEIGHTED_USD_ADVANCED_ECONOMIES,fred_md_splice,old_vs_new,TWEXMMTH,TWEXAFEGSMTH,5,2009-03-01,0.00629405648982662,0.00542854743750532,-0.0008655090523213
TRADE_WEIGHTED_USD_ADVANCED_ECONOMIES,fred_md_splice,old_vs_new,TWEXMMTH,TWEXAFEGSMTH,5,2009-04-01,-0.0185256113544359,-0.01979646166403,-0.00127085030959417
TRADE_WEIGHTED_USD_ADVANCED_ECONOMIES,fred_md_splice,old_vs_new,TWEXMMTH,TWEXAFEGSMTH,5,2009-05-01,-0.0419012845179925,-0.0426120088024478,-0.000710724284455289
TRADE_WEIGHTED_USD_ADVANCED_ECONOMIES,fred_md_splice,old_vs_new,TWEXMMTH,TWEXAFEGSMTH,5,2009-06-01,-0.0245958839467004,-0.0261917780816212,-0.00159589413492078
TRADE_WEIGHTED_USD_ADVANCED_ECONOMIES,fred_md_splice,old_vs_new,TWEXMMTH,TWEXAFEGSMTH,5,2009-07-01,-0.00796429210038507,-0.00728708338963013,0.00067720871075494
TRADE_WEIGHTED_USD_ADVANCED_ECONOMIES,fred_md_splice,old_vs_new,TWEXMMTH,TWEXAFEGSMTH,5,2009-08-01,-0.0157378441173757,-0.0160536926400949,-0.000315848522719264
TRADE_WEIGHTED_USD_ADVANCED_ECONOMIES,fred_md_splice,old_vs_new,TWEXMMTH,TWEXAFEGSMTH,5,2009-09-01,-0.0170674806966629,-0.0157663296861541,0.00130115101050876
TRADE_WEIGHTED_USD_ADVANCED_ECONOMIES,fred_md_splice,old_vs_new,TWEXMMTH,TWEXAFEGSMTH,5,2009-10-01,-0.0167761396676918,-0.0165851030020043,0.000191036665687427
TRADE_WEIGHTED_USD_ADVANCED_ECONOMIES,fred_md_splice,old_vs_new,TWEXMMTH,TWEXAFEGSMTH,5,2009-11-01,-0.00583742278516564,-0.00603801856781683,-0.000200595782651192
TRADE_WEIGHTED_USD_ADVANCED_ECONOMIES,fred_md_splice,old_vs_new,TWEXMMTH,TWEXAFEGSMTH,5,2009-12-01,0.0114676235580076,0.0116080488241446,0.000140425266137001
TRADE_WEIGHTED_USD_ADVANCED_ECONOMIES,fred_md_splice,old_vs_new,TWEXMMTH,TWEXAFEGSMTH,5,2010-01-01,0.00797674982005159,0.00752202867543339,-0.000454721144618198
TRADE_WEIGHTED_USD_ADVANCED_ECONOMIES,fred_md_splice,old_vs_new,TWEXMMTH,TWEXAFEGSMTH,5,2010-02-01,0.0224914531919351,0.0234493294458638,0.000957876253928625
TRADE_WEIGHTED_USD_ADVANCED_ECONOMIES,fred_md_splice,old_vs_new,TWEXMMTH,TWEXAFEGSMTH,5,2010-03-01,-0.00400670796336389,-0.00376516621518874,0.000241541748175145
TRADE_WEIGHTED_USD_ADVANCED_ECONOMIES,fred_md_splice,old_vs_new,TWEXMMTH,TWEXAFEGSMTH,5,2010-04-01,0.00242053870580339,0.000752390709627626,-0.00166814799617576
TRADE_WEIGHTED_USD_ADVANCED_ECONOMIES,fred_md_splice,old_vs_new,TWEXMMTH,TWEXAFEGSMTH,5,2010-05-01,0.0402428732115876,0.041548331180274,0.00130545796868642
TRADE_WEIGHTED_USD_ADVANCED_ECONOMIES,fred_md_splice,old_vs_new,TWEXMMTH,TWEXAFEGSMTH,5,2010-06-01,0.00719557689070793,0.00691288715809879,-0.000282689732609143
TRADE_WEIGHTED_USD_ADVANCED_ECONOMIES,fred_md_splice,old_vs_new,TWEXMMTH,TWEXAFEGSMTH,5,2010-07-01,-0.0294785583836426,-0.0289132034368302,0.000565354946812313
TRADE_WEIGHTED_USD_ADVANCED_ECONOMIES,fred_md_splice,old_vs_new,TWEXMMTH,TWEXAFEGSMTH,5,2010-08-01,-0.0107529818806098,-0.010585226977212,0.000167754903397821
TRADE_WEIGHTED_USD_ADVANCED_ECONOMIES,fred_md_splice,old_vs_new,TWEXMMTH,TWEXAFEGSMTH,5,2010-09-01,-0.0127177233025932,-0.0122967215451419,0.0004210017574513
TRADE_WEIGHTED_USD_ADVANCED_ECONOMIES,fred_md_splice,old_vs_new,TWEXMMTH,TWEXAFEGSMTH,5,2010-10-01,-0.0364833196791743,-0.0354782585205555,0.00100506115861876
TRADE_WEIGHTED_USD_ADVANCED_ECONOMIES,fred_md_splice,old_vs_new,TWEXMMTH,TWEXAFEGSMTH,5,2010-11-01,0.00725537084009353,0.00657287468101053,-0.000682496159083001
TRADE_WEIGHTED_USD_ADVANCED_ECONOMIES,fred_md_splice,old_vs_new,TWEXMMTH,TWEXAFEGSMTH,5,2010-12-01,0.0131561551247215,0.0128374599380603,-0.000318695186661166
TRADE_WEIGHTED_USD_ADVANCED_ECONOMIES,fred_md_splice,old_vs_new,TWEXMMTH,TWEXAFEGSMTH,5,2011-01-01,-0.0118100983116376,-0.0118019467935353,8.15151810229509e-06
TRADE_WEIGHTED_USD_ADVANCED_ECONOMIES,fred_md_splice,old_vs_new,TWEXMMTH,TWEXAFEGSMTH,5,2011-02-01,-0.0131231421838756,-0.01316852905651,-4.53868726344453e-05
TRADE_WEIGHTED_USD_ADVANCED_ECONOMIES,fred_md_splice,old_vs_new,TWEXMMTH,TWEXAFEGSMTH,5,2011-03-01,-0.0167515942629013,-0.0163877631106244,0.000363831152276894
TRADE_WEIGHTED_USD_ADVANCED_ECONOMIES,fred_md_splice,old_vs_new,TWEXMMTH,TWEXAFEGSMTH,5,2011-04-01,-0.0180808498641554,-0.0186277401987738,-0.000546890334618411
TRADE_WEIGHTED_USD_ADVANCED_ECONOMIES,fred_md_splice,old_vs_new,TWEXMMTH,TWEXAFEGSMTH,5,2011-05-01,0.00146625906024678,0.00193092586401011,0.000464666803763336
TRADE_WEIGHTED_USD_ADVANCED_ECONOMIES,fred_md_splice,old_vs_new,TWEXMMTH,TWEXAFEGSMTH,5,2011-06-01,-0.00123323896048966,-0.000919938959797584,0.000313300000692074
TRADE_WEIGHTED_USD_ADVANCED_ECONOMIES,fred_md_splice,old_vs_new,TWEXMMTH,TWEXAFEGSMTH,5,2011-07-01,-0.00630778558237655,-0.00662785778795705,-0.000320072205580502
TRADE_WEIGHTED_USD_ADVANCED_ECONOMIES,fred_md_splice,old_vs_new,TWEXMMTH,TWEXAFEGSMTH,5,2011-08-01,-0.000463252504056655,0.000187456046641721,0.000650708550698376
TRADE_WEIGHTED_USD_ADVANCED_ECONOMIES,fred_md_splice,old_vs_new,TWEXMMTH,TWEXAFEGSMTH,5,2011-09-01,0.0304746430396525,0.031477555986215,0.00100291294656252
TRADE_WEIGHTED_USD_ADVANCED_ECONOMIES,fred_md_splice,old_vs_new,TWEXMMTH,TWEXAFEGSMTH,5,2011-10-01,0.00607858640936598,0.00655116620090457,0.000472579791538585
TRADE_WEIGHTED_USD_ADVANCED_ECONOMIES,fred_md_splice,old_vs_new,TWEXMMTH,TWEXAFEGSMTH,5,2011-11-01,0.00884230917551942,0.0083596930832579,-0.000482616092261523
TRADE_WEIGHTED_USD_ADVANCED_ECONOMIES,fred_md_splice,old_vs_new,TWEXMMTH,TWEXAFEGSMTH,5,2011-12-01,0.0139949671633737,0.0137357237340678,-0.000259243429305833
TRADE_WEIGHTED_USD_ADVANCED_ECONOMIES,fred_md_splice,old_vs_new,TWEXMMTH,TWEXAFEGSMTH,5,2012-01-01,0.00188533333740537,0.00164863990447284,-0.000236693432932533
TRADE_WEIGHTED_USD_ADVANCED_ECONOMIES,fred_md_splice,old_vs_new,TWEXMMTH,TWEXAFEGSMTH,5,2012-02-01,-0.0147808347026892,-0.0154028352511357,-0.000622000548446522
TRADE_WEIGHTED_USD_ADVANCED_ECONOMIES,fred_md_splice,old_vs_new,TWEXMMTH,TWEXAFEGSMTH,5,2012-03-01,0.00925931267348012,0.00802602057454127,-0.00123329209893885
TRADE_WEIGHTED_USD_ADVANCED_ECONOMIES,fred_md_splice,old_vs_new,TWEXMMTH,TWEXAFEGSMTH,5,2012-04-01,-0.00176132760507031,-0.00178361051791587,-2.22829128455615e-05
TRADE_WEIGHTED_USD_ADVANCED_ECONOMIES,fred_md_splice,old_vs_new,TWEXMMTH,TWEXAFEGSMTH,5,2012-05-01,0.0151632029955922,0.0153675953032328,0.000204392307640688
TRADE_WEIGHTED_USD_ADVANCED_ECONOMIES,fred_md_splice,old_vs_new,TWEXMMTH,TWEXAFEGSMTH,5,2012-06-01,0.0148754727103588,0.0154443224274736,0.000568849717114794
TRADE_WEIGHTED_USD_ADVANCED_ECONOMIES,fred_md_splice,old_vs_new,TWEXMMTH,TWEXAFEGSMTH,5,2012-07-01,0.00267763762214468,0.00201935514848817,-0.000658282473656513
TRADE_WEIGHTED_USD_ADVANCED_ECONOMIES,fred_md_splice,old_vs_new,TWEXMMTH,TWEXAFEGSMTH,5,2012-08-01,-0.0129626718025282,-0.0131638564046765,-0.000201184602148352
TRADE_WEIGHTED_USD_ADVANCED_ECONOMIES,fred_md_splice,old_vs_new,TWEXMMTH,TWEXAFEGSMTH,5,2012-09-01,-0.0227103171470517,-0.0225846675970951,0.000125649549956641
TRADE_WEIGHTED_USD_ADVANCED_ECONOMIES,fred_md_splice,old_vs_new,TWEXMMTH,TWEXAFEGSMTH,5,2012-10-01,0.00164566092125717,0.00178881669682429,0.000143155775567116
TRADE_WEIGHTED_USD_ADVANCED_ECONOMIES,fred_md_splice,old_vs_new,TWEXMMTH,TWEXAFEGSMTH,5,2012-11-01,0.0123688259124091,0.0118825759683023,-0.000486249944106731
TRADE_WEIGHTED_USD_ADVANCED_ECONOMIES,fred_md_splice,old_vs_new,TWEXMMTH,TWEXAFEGSMTH,5,2012-12-01,-0.00661044228692464,-0.00722896635768588,-0.000618524070761239
TRADE_WEIGHTED_USD_ADVANCED_ECONOMIES,fred_md_splice,old_vs_new,TWEXMMTH,TWEXAFEGSMTH,5,2013-01-01,0.00602548860848273,0.00557726947176373,-0.000448219136718997
TRADE_WEIGHTED_USD_ADVANCED_ECONOMIES,fred_md_splice,old_vs_new,TWEXMMTH,TWEXAFEGSMTH,5,2013-02-01,0.0134297358950439,0.0139969477846265,0.000567211889582531
TRADE_WEIGHTED_USD_ADVANCED_ECONOMIES,fred_md_splice,old_vs_new,TWEXMMTH,TWEXAFEGSMTH,5,2013-03-01,0.0219224428006086,0.0216610963868558,-0.000261346413752861
TRADE_WEIGHTED_USD_ADVANCED_ECONOMIES,fred_md_splice,old_vs_new,TWEXMMTH,TWEXAFEGSMTH,5,2013-04-01,-0.000599051628767278,-0.00145029473205494,-0.000851243103287658
TRADE_WEIGHTED_USD_ADVANCED_ECONOMIES,fred_md_splice,old_vs_new,TWEXMMTH,TWEXAFEGSMTH,5,2013-05-01,0.00911074078623653,0.00866820647347577,-0.000442534312760756
TRADE_WEIGHTED_USD_ADVANCED_ECONOMIES,fred_md_splice,old_vs_new,TWEXMMTH,TWEXAFEGSMTH,5,2013-06-01,-0.00944122479093323,-0.00837819888071412,0.00106302591021912
TRADE_WEIGHTED_USD_ADVANCED_ECONOMIES,fred_md_splice,old_vs_new,TWEXMMTH,TWEXAFEGSMTH,5,2013-07-01,0.01270372652536,0.012824179370825,0.000120452845465024
TRADE_WEIGHTED_USD_ADVANCED_ECONOMIES,fred_md_splice,old_vs_new,TWEXMMTH,TWEXAFEGSMTH,5,2013-08-01,-0.0118121944471987,-0.0114916653984949,0.000320529048703833
TRADE_WEIGHTED_USD_ADVANCED_ECONOMIES,fred_md_splice,old_vs_new,TWEXMMTH,TWEXAFEGSMTH,5,2013-09-01,-0.00398132770933568,-0.00486666586282158,-0.000885338153485904
TRADE_WEIGHTED_USD_ADVANCED_ECONOMIES,fred_md_splice,old_vs_new,TWEXMMTH,TWEXAFEGSMTH,5,2013-10-01,-0.0126620591062627,-0.0122199758131094,0.000442083293153317
TRADE_WEIGHTED_USD_ADVANCED_ECONOMIES,fred_md_splice,old_vs_new,TWEXMMTH,TWEXAFEGSMTH,5,2013-11-01,0.013009348933636,0.0125142313844604,-0.000495117549175639
TRADE_WEIGHTED_USD_ADVANCED_ECONOMIES,fred_md_splice,old_vs_new,TWEXMMTH,TWEXAFEGSMTH,5,2013-12-01,0.00215602130226067,0.00199468590399832,-0.000161335398262352
TRADE_WEIGHTED_USD_ADVANCED_ECONOMIES,fred_md_splice,old_vs_new,TWEXMMTH,TWEXAFEGSMTH,5,2014-01-01,0.0115597513363781,0.0116157311940954,5.59798577173254e-05
TRADE_WEIGHTED_USD_ADVANCED_ECONOMIES,fred_md_splice,old_vs_new,TWEXMMTH,TWEXAFEGSMTH,5,2014-02-01,-0.00178674429055903,-0.00158722507782727,0.000199519212731758
TRADE_WEIGHTED_USD_ADVANCED_ECONOMIES,fred_md_splice,old_vs_new,TWEXMMTH,TWEXAFEGSMTH,5,2014-03-01,-0.00428115574151899,-0.00412943088509543,0.000151724856423563
TRADE_WEIGHTED_USD_ADVANCED_ECONOMIES,fred_md_splice,old_vs_new,TWEXMMTH,TWEXAFEGSMTH,5,2014-04-01,-0.00350025363824802,-0.00400165507564498,-0.000501401437396964
TRADE_WEIGHTED_USD_ADVANCED_ECONOMIES,fred_md_splice,old_vs_new,TWEXMMTH,TWEXAFEGSMTH,5,2014-05-01,-0.00166485581086029,-0.0019381107295624,-0.000273254918702115
TRADE_WEIGHTED_USD_ADVANCED_ECONOMIES,fred_md_splice,old_vs_new,TWEXMMTH,TWEXAFEGSMTH,5,2014-06-01,0.00295550454746607,0.00242205206249402,-0.000533452484972052
TRADE_WEIGHTED_USD_ADVANCED_ECONOMIES,fred_md_splice,old_vs_new,TWEXMMTH,TWEXAFEGSMTH,5,2014-07-01,-0.0015631283023243,-0.00205259839888594,-0.000489470096561639
TRADE_WEIGHTED_USD_ADVANCED_ECONOMIES,fred_md_splice,old_vs_new,TWEXMMTH,TWEXAFEGSMTH,5,2014-08-01,0.015888699766708,0.0160920029443448,0.000203303177636727
TRADE_WEIGHTED_USD_ADVANCED_ECONOMIES,fred_md_splice,old_vs_new,TWEXMMTH,TWEXAFEGSMTH,5,2014-09-01,0.0259235073194741,0.0252999579263991,-0.000623549393075074
TRADE_WEIGHTED_USD_ADVANCED_ECONOMIES,fred_md_splice,old_vs_new,TWEXMMTH,TWEXAFEGSMTH,5,2014-10-01,0.0154496325533264,0.015576428623711,0.000126796070384572
TRADE_WEIGHTED_USD_ADVANCED_ECONOMIES,fred_md_splice,old_vs_new,TWEXMMTH,TWEXAFEGSMTH,5,2014-11-01,0.0230932459194886,0.0222574974308021,-0.000835748488686505
TRADE_WEIGHTED_USD_ADVANCED_ECONOMIES,fred_md_splice,old_vs_new,TWEXMMTH,TWEXAFEGSMTH,5,2014-12-01,0.0165277361753295,0.0163412106101974,-0.000186525565132101
TRADE_WEIGHTED_USD_ADVANCED_ECONOMIES,fred_md_splice,old_vs_new,TWEXMMTH,TWEXAFEGSMTH,5,2015-01-01,0.0391999934538338,0.0389530938890701,-0.000246899564763758
TRADE_WEIGHTED_USD_ADVANCED_ECONOMIES,fred_md_splice,old_vs_new,TWEXMMTH,TWEXAFEGSMTH,5,2015-02-01,0.0185367978247131,0.0178685454182439,-0.000668252406469172
TRADE_WEIGHTED_USD_ADVANCED_ECONOMIES,fred_md_splice,old_vs_new,TWEXMMTH,TWEXAFEGSMTH,5,2015-03-01,0.029062291370427,0.02868444911996,-0.000377842250466998
TRADE_WEIGHTED_USD_ADVANCED_ECONOMIES,fred_md_splice,old_vs_new,TWEXMMTH,TWEXAFEGSMTH,5,2015-04-01,-0.00906232482595026,-0.00923455918988747,-0.000172234363937207
TRADE_WEIGHTED_USD_ADVANCED_ECONOMIES,fred_md_splice,old_vs_new,TWEXMMTH,TWEXAFEGSMTH,5,2015-05-01,-0.0197855954898083,-0.0203187210480822,-0.000533125558273895
TRADE_WEIGHTED_USD_ADVANCED_ECONOMIES,fred_md_splice,old_vs_new,TWEXMMTH,TWEXAFEGSMTH,5,2015-06-01,0.00552744502640756,0.00526654996383069,-0.000260895062576871
TRADE_WEIGHTED_USD_ADVANCED_ECONOMIES,fred_md_splice,old_vs_new,TWEXMMTH,TWEXAFEGSMTH,5,2015-07-01,0.0215383803383293,0.0215881269860443,4.97466477149544e-05
TRADE_WEIGHTED_USD_ADVANCED_ECONOMIES,fred_md_splice,old_vs_new,TWEXMMTH,TWEXAFEGSMTH,5,2015-08-01,0.00183442939429312,0.00236190526496483,0.000527475870671701
TRADE_WEIGHTED_USD_ADVANCED_ECONOMIES,fred_md_splice,old_vs_new,TWEXMMTH,TWEXAFEGSMTH,5,2015-09-01,-0.00219057420697411,-0.000892293289524559,0.00129828091744955
TRADE_WEIGHTED_USD_ADVANCED_ECONOMIES,fred_md_splice,old_vs_new,TWEXMMTH,TWEXAFEGSMTH,5,2015-10-01,-0.00498731205177005,-0.00516742767990586,-0.000180115628135802
TRADE_WEIGHTED_USD_ADVANCED_ECONOMIES,fred_md_splice,old_vs_new,TWEXMMTH,TWEXAFEGSMTH,5,2015-11-01,0.0293058173657501,0.0283831823734353,-0.000922634992314819
TRADE_WEIGHTED_USD_ADVANCED_ECONOMIES,fred_md_splice,old_vs_new,TWEXMMTH,TWEXAFEGSMTH,5,2015-12-01,0.0016036633016796,0.00262483454247509,0.00102117124079548
TRADE_WEIGHTED_USD_ADVANCED_ECONOMIES,fred_md_splice,old_vs_new,TWEXMMTH,TWEXAFEGSMTH,5,2016-01-01,0.0115584359947949,0.0134280918653715,0.00186965587057664
TRADE_WEIGHTED_USD_ADVANCED_ECONOMIES,fred_md_splice,old_vs_new,TWEXMMTH,TWEXAFEGSMTH,5,2016-02-01,-0.0219322250225895,-0.0210554758921244,0.000876749130465093
TRADE_WEIGHTED_USD_ADVANCED_ECONOMIES,fred_md_splice,old_vs_new,TWEXMMTH,TWEXAFEGSMTH,5,2016-03-01,-0.0171887191778231,-0.0171759435601944,1.27756176286908e-05
TRADE_WEIGHTED_USD_ADVANCED_ECONOMIES,fred_md_splice,old_vs_new,TWEXMMTH,TWEXAFEGSMTH,5,2016-04-01,-0.0231353461792034,-0.0225858342768648,0.000549511902338651
TRADE_WEIGHTED_USD_ADVANCED_ECONOMIES,fred_md_splice,old_vs_new,TWEXMMTH,TWEXAFEGSMTH,5,2016-05-01,0.00396391195238799,0.00383075842520331,-0.000133153527184682
TRADE_WEIGHTED_USD_ADVANCED_ECONOMIES,fred_md_splice,old_vs_new,TWEXMMTH,TWEXAFEGSMTH,5,2016-06-01,-0.00183021081756962,-0.000820176959166474,0.00101003385840315
TRADE_WEIGHTED_USD_ADVANCED_ECONOMIES,fred_md_splice,old_vs_new,TWEXMMTH,TWEXAFEGSMTH,5,2016-07-01,0.0151621162472466,0.0171152857232251,0.00195316947597846
TRADE_WEIGHTED_USD_ADVANCED_ECONOMIES,fred_md_splice,old_vs_new,TWEXMMTH,TWEXAFEGSMTH,5,2016-08-01,-0.0118324918151265,-0.0110505004250179,0.000781991390108594
TRADE_WEIGHTED_USD_ADVANCED_ECONOMIES,fred_md_splice,old_vs_new,TWEXMMTH,TWEXAFEGSMTH,5,2016-09-01,0.00282104579063081,0.00270430820057754,-0.000116737590053262
TRADE_WEIGHTED_USD_ADVANCED_ECONOMIES,fred_md_splice,old_vs_new,TWEXMMTH,TWEXAFEGSMTH,5,2016-10-01,0.0199294719285321,0.0209166049948077,0.000987133066275625
TRADE_WEIGHTED_USD_ADVANCED_ECONOMIES,fred_md_splice,old_vs_new,TWEXMMTH,TWEXAFEGSMTH,5,2016-11-01,0.0189771254619835,0.0176026950072536,-0.00137443045472985
TRADE_WEIGHTED_USD_ADVANCED_ECONOMIES,fred_md_splice,old_vs_new,TWEXMMTH,TWEXAFEGSMTH,5,2016-12-01,0.0190263218803999,0.017328889610801,-0.00169743226959884
TRADE_WEIGHTED_USD_ADVANCED_ECONOMIES,fred_md_splice,old_vs_new,TWEXMMTH,TWEXAFEGSMTH,5,2017-01-01,-0.00882574211636999,-0.00825454212648502,0.000571199989884974
TRADE_WEIGHTED_USD_ADVANCED_ECONOMIES,fred_md_splice,old_vs_new,TWEXMMTH,TWEXAFEGSMTH,5,2017-02-01,-0.0066979529486435,-0.00673281325842634,-3.48603097828359e-05
TRADE_WEIGHTED_USD_ADVANCED_ECONOMIES,fred_md_splice,old_vs_new,TWEXMMTH,TWEXAFEGSMTH,5,2017-03-01,0.00545873575087796,0.00593041575438402,0.000471680003506059
TRADE_WEIGHTED_USD_ADVANCED_ECONOMIES,fred_md_splice,old_vs_new,TWEXMMTH,TWEXAFEGSMTH,5,2017-04-01,-0.00525433278249121,-0.0052878320117129,-3.34992292216896e-05
TRADE_WEIGHTED_USD_ADVANCED_ECONOMIES,fred_md_splice,old_vs_new,TWEXMMTH,TWEXAFEGSMTH,5,2017-05-01,-0.00848904527220018,-0.00890469239512459,-0.000415647122924412
TRADE_WEIGHTED_USD_ADVANCED_ECONOMIES,fred_md_splice,old_vs_new,TWEXMMTH,TWEXAFEGSMTH,5,2017-06-01,-0.0155724441130465,-0.0150573272295969,0.000515116883449629
TRADE_WEIGHTED_USD_ADVANCED_ECONOMIES,fred_md_splice,old_vs_new,TWEXMMTH,TWEXAFEGSMTH,5,2017-07-01,-0.0242256701149204,-0.0246427887093512,-0.000417118594430832
TRADE_WEIGHTED_USD_ADVANCED_ECONOMIES,fred_md_splice,old_vs_new,TWEXMMTH,TWEXAFEGSMTH,5,2017-08-01,-0.0152667674656621,-0.01425450303479,0.0010122644308721
TRADE_WEIGHTED_USD_ADVANCED_ECONOMIES,fred_md_splice,old_vs_new,TWEXMMTH,TWEXAFEGSMTH,5,2017-09-01,-0.0122897686583592,-0.0132185218853742,-0.000928753227015022
TRADE_WEIGHTED_USD_ADVANCED_ECONOMIES,fred_md_splice,old_vs_new,TWEXMMTH,TWEXAFEGSMTH,5,2017-10-01,0.0182781254088678,0.0181821461014566,-9.59793074111204e-05
TRADE_WEIGHTED_USD_ADVANCED_ECONOMIES,fred_md_splice,old_vs_new,TWEXMMTH,TWEXAFEGSMTH,5,2017-11-01,0.00529117531514522,0.00533115959408015,3.99842789349236e-05
TRADE_WEIGHTED_USD_ADVANCED_ECONOMIES,fred_md_splice,old_vs_new,TWEXMMTH,TWEXAFEGSMTH,5,2017-12-01,-0.00459007505501852,-0.00490230007575665,-0.000312225020738133
TRADE_WEIGHTED_USD_ADVANCED_ECONOMIES,fred_md_splice,old_vs_new,TWEXMMTH,TWEXAFEGSMTH,5,2018-01-01,-0.027709198640653,-0.027938036840677,-0.000228838200023951
TRADE_WEIGHTED_USD_ADVANCED_ECONOMIES,fred_md_splice,old_vs_new,TWEXMMTH,TWEXAFEGSMTH,5,2018-02-01,-0.00708103566921459,-0.0067195948270875,0.000361440842127081
TRADE_WEIGHTED_USD_ADVANCED_ECONOMIES,fred_md_splice,old_vs_new,TWEXMMTH,TWEXAFEGSMTH,5,2018-03-01,0.00607037028261814,0.00642011513446672,0.000349744851848577
TRADE_WEIGHTED_USD_ADVANCED_ECONOMIES,fred_md_splice,old_vs_new,TWEXMMTH,TWEXAFEGSMTH,5,2018-04-01,0.00135697731285944,0.000736423437980527,-0.000620553874878915
TRADE_WEIGHTED_USD_ADVANCED_ECONOMIES,fred_md_splice,old_vs_new,TWEXMMTH,TWEXAFEGSMTH,5,2018-05-01,0.0267159081604635,0.0272437994554124,0.000527891294948901
TRADE_WEIGHTED_USD_ADVANCED_ECONOMIES,fred_md_splice,old_vs_new,TWEXMMTH,TWEXAFEGSMTH,5,2018-06-01,0.0117469859603343,0.0119323933722368,0.000185407411902538
TRADE_WEIGHTED_USD_ADVANCED_ECONOMIES,fred_md_splice,old_vs_new,TWEXMMTH,TWEXAFEGSMTH,5,2018-07-01,0.00342073116637209,0.00344492716529032,2.41959989182305e-05
TRADE_WEIGHTED_USD_ADVANCED_ECONOMIES,fred_md_splice,old_vs_new,TWEXMMTH,TWEXAFEGSMTH,5,2018-08-01,0.00431951275440046,0.00481967467554245,0.000500161921141995
TRADE_WEIGHTED_USD_ADVANCED_ECONOMIES,fred_md_splice,old_vs_new,TWEXMMTH,TWEXAFEGSMTH,5,2018-09-01,-0.00486715515649738,-0.00536282218686601,-0.000495667030368629
TRADE_WEIGHTED_USD_ADVANCED_ECONOMIES,fred_md_splice,old_vs_new,TWEXMMTH,TWEXAFEGSMTH,5,2018-10-01,0.00858769440622442,0.00851980357189941,-6.78908343250129e-05
TRADE_WEIGHTED_USD_ADVANCED_ECONOMIES,fred_md_splice,old_vs_new,TWEXMMTH,TWEXAFEGSMTH,5,2018-11-01,0.0099640957980176,0.00997334223784208,9.24643982447293e-06
TRADE_WEIGHTED_USD_ADVANCED_ECONOMIES,fred_md_splice,old_vs_new,TWEXMMTH,TWEXAFEGSMTH,5,2018-12-01,0.00398190492567352,0.00478676302866976,0.000804858102996242
TRADE_WEIGHTED_USD_ADVANCED_ECONOMIES,fred_md_splice,old_vs_new,TWEXMMTH,TWEXAFEGSMTH,5,2019-01-01,-0.0101854734254347,-0.00966159378362086,0.000523879641813885
TRADE_WEIGHTED_USD_ADVANCED_ECONOMIES,fred_md_splice,old_vs_new,TWEXMMTH,TWEXAFEGSMTH,5,2019-02-01,0.00287024118448631,0.0023471622250586,-0.000523078959427714
TRADE_WEIGHTED_USD_ADVANCED_ECONOMIES,fred_md_splice,old_vs_new,TWEXMMTH,TWEXAFEGSMTH,5,2019-03-01,0.00545252503625715,0.00490981666653489,-0.000542708369722256
TRADE_WEIGHTED_USD_ADVANCED_ECONOMIES,fred_md_splice,old_vs_new,TWEXMMTH,TWEXAFEGSMTH,5,2019-04-01,0.00424664599759872,0.00444766836220634,0.000201022364607617
TRADE_WEIGHTED_USD_ADVANCED_ECONOMIES,fred_md_splice,old_vs_new,TWEXMMTH,TWEXAFEGSMTH,5,2019-05-01,0.00337573880771469,0.00396720845145815,0.000591469643743459
TRADE_WEIGHTED_USD_ADVANCED_ECONOMIES,fred_md_splice,old_vs_new,TWEXMMTH,TWEXAFEGSMTH,5,2019-06-01,-0.0102739941890864,-0.00947412279151827,0.000799871397568097
TRADE_WEIGHTED_USD_ADVANCED_ECONOMIES,fred_md_splice,old_vs_new,TWEXMMTH,TWEXAFEGSMTH,5,2019-07-01,0.000760345562946796,0.00129296616311159,0.00053262060016479
TRADE_WEIGHTED_USD_ADVANCED_ECONOMIES,fred_md_splice,old_vs_new,TWEXMMTH,TWEXAFEGSMTH,5,2019-08-01,0.00620618662563288,0.00710189973091691,0.000895713105284024
TRADE_WEIGHTED_USD_ADVANCED_ECONOMIES,fred_md_splice,old_vs_new,TWEXMMTH,TWEXAFEGSMTH,5,2019-09-01,0.00458984974874799,0.00396388424094063,-0.000625965507807358
TRADE_WEIGHTED_USD_ADVANCED_ECONOMIES,fred_md_splice,old_vs_new,TWEXMMTH,TWEXAFEGSMTH,5,2019-10-01,-0.00352511820040302,-0.00423117120759642,-0.000706053007193397
TRADE_WEIGHTED_USD_ADVANCED_ECONOMIES,fred_md_splice,old_vs_new,TWEXMMTH,TWEXAFEGSMTH,5,2019-11-01,0.000415619956173785,-0.000175220086812367,-0.000590840042986152
TRADE_WEIGHTED_USD_ADVANCED_ECONOMIES,fred_md_splice,old_vs_new,TWEXMMTH,TWEXAFEGSMTH,5,2019-12-01,-0.005872554272357,-0.00642663620331341,-0.000554081930956407
