canonical_id,review_mode,pair_role,old_reference_series,new_reference_series,canonical_tcode,window_months,window_start_date,window_end_date,n_common_valid,pearson_corr,std_ratio_new_old,nrmse_old_std,diagnostic_status
MONETARY_BASE,triangulation,old_vs_aux,AMBSL,AMBNS,6,60,1918-03-01,1923-02-01,60,0.646948329738508,1.83809945586096,1.4143364965325,computed
MONETARY_BASE,triangulation,old_vs_aux,AMBSL,AMBNS,6,60,1918-04-01,1923-03-01,60,0.635355752491953,1.79481837059259,1.39308356232465,computed
MONETARY_BASE,triangulation,old_vs_aux,AMBSL,AMBNS,6,60,1918-05-01,1923-04-01,60,0.636418664423127,1.79711474756669,1.39362392886266,computed
MONETARY_BASE,triangulation,old_vs_aux,AMBSL,AMBNS,6,60,1918-06-01,1923-05-01,60,0.619927779349846,1.87162936822605,1.47731555088902,computed
MONETARY_BASE,triangulation,old_vs_aux,AMBSL,AMBNS,6,60,1918-07-01,1923-06-01,60,0.605846434618742,1.94392221191755,1.55673335861735,computed
MONETARY_BASE,triangulation,old_vs_aux,AMBSL,AMBNS,6,60,1918-08-01,1923-07-01,60,0.601184522816064,1.9629906174607,1.57896713471338,computed
MONETARY_BASE,triangulation,old_vs_aux,AMBSL,AMBNS,6,60,1918-09-01,1923-08-01,60,0.576600776286808,2.06290607079722,1.69607627479513,computed
MONETARY_BASE,triangulation,old_vs_aux,AMBSL,AMBNS,6,60,1918-10-01,1923-09-01,60,0.561843988544488,2.0594177460445,1.71087409020794,computed
MONETARY_BASE,triangulation,old_vs_aux,AMBSL,AMBNS,6,60,1918-11-01,1923-10-01,60,0.566035704837572,2.0506049965181,1.69812820206346,computed
MONETARY_BASE,triangulation,old_vs_aux,AMBSL,AMBNS,6,60,1918-12-01,1923-11-01,60,0.511598503654149,2.08062890622337,1.78888892046829,computed
MONETARY_BASE,triangulation,old_vs_aux,AMBSL,AMBNS,6,60,1919-01-01,1923-12-01,60,0.492542551520171,2.08403804553268,1.81396921068662,computed
MONETARY_BASE,triangulation,old_vs_aux,AMBSL,AMBNS,6,60,1919-02-01,1924-01-01,60,0.450663353230678,2.1819046906133,1.94793309476038,computed
MONETARY_BASE,triangulation,old_vs_aux,AMBSL,AMBNS,6,60,1919-03-01,1924-02-01,60,0.472855664389937,2.19371029029367,1.93334392758282,computed
MONETARY_BASE,triangulation,old_vs_aux,AMBSL,AMBNS,6,60,1919-04-01,1924-03-01,60,0.443422415876764,2.17802476214392,1.95249624696292,computed
MONETARY_BASE,triangulation,old_vs_aux,AMBSL,AMBNS,6,60,1919-05-01,1924-04-01,60,0.449600364010933,2.17573426825775,1.94355369429444,computed
MONETARY_BASE,triangulation,old_vs_aux,AMBSL,AMBNS,6,60,1919-06-01,1924-05-01,60,0.447992281003373,2.1817116642733,1.95066684993586,computed
MONETARY_BASE,triangulation,old_vs_aux,AMBSL,AMBNS,6,60,1919-07-01,1924-06-01,60,0.448059569687242,2.18265793544573,1.95143773038907,computed
MONETARY_BASE,triangulation,old_vs_aux,AMBSL,AMBNS,6,60,1919-08-01,1924-07-01,60,0.440655653893048,2.22328918500551,1.99592014625902,computed
MONETARY_BASE,triangulation,old_vs_aux,AMBSL,AMBNS,6,60,1919-09-01,1924-08-01,60,0.440288280427691,2.22232482639857,1.99544876780739,computed
MONETARY_BASE,triangulation,old_vs_aux,AMBSL,AMBNS,6,60,1919-10-01,1924-09-01,60,0.446092815887458,2.23554496664084,2.00079365504236,computed
MONETARY_BASE,triangulation,old_vs_aux,AMBSL,AMBNS,6,60,1919-11-01,1924-10-01,60,0.445951994643489,2.25020458666713,2.01410400400286,computed
MONETARY_BASE,triangulation,old_vs_aux,AMBSL,AMBNS,6,60,1919-12-01,1924-11-01,60,0.454817501834877,2.25014202745931,2.00407914104462,computed
MONETARY_BASE,triangulation,old_vs_aux,AMBSL,AMBNS,6,60,1920-01-01,1924-12-01,60,0.443504685460015,2.26937909314168,2.03408375237213,computed
MONETARY_BASE,triangulation,old_vs_aux,AMBSL,AMBNS,6,60,1920-02-01,1925-01-01,60,0.468470476082901,2.4429876028209,2.16328495821769,computed
MONETARY_BASE,triangulation,old_vs_aux,AMBSL,AMBNS,6,60,1920-03-01,1925-02-01,60,0.461336748975097,2.48184455473125,2.20673046816901,computed
MONETARY_BASE,triangulation,old_vs_aux,AMBSL,AMBNS,6,60,1920-04-01,1925-03-01,60,0.467353884359483,2.47857283561685,2.19695373859264,computed
MONETARY_BASE,triangulation,old_vs_aux,AMBSL,AMBNS,6,60,1920-05-01,1925-04-01,60,0.434846844366956,2.62980567986088,2.37250186002796,computed
MONETARY_BASE,triangulation,old_vs_aux,AMBSL,AMBNS,6,60,1920-06-01,1925-05-01,60,0.431090946165562,2.65680585488533,2.40165957806309,computed
MONETARY_BASE,triangulation,old_vs_aux,AMBSL,AMBNS,6,60,1920-07-01,1925-06-01,60,0.430967575878858,2.65834719983964,2.40323258323879,computed
MONETARY_BASE,triangulation,old_vs_aux,AMBSL,AMBNS,6,60,1920-08-01,1925-07-01,60,0.430968293883382,2.65830858496073,2.40322212271994,computed
MONETARY_BASE,triangulation,old_vs_aux,AMBSL,AMBNS,6,60,1920-09-01,1925-08-01,60,0.429628219830386,2.66536056072106,2.41120821781102,computed
MONETARY_BASE,triangulation,old_vs_aux,AMBSL,AMBNS,6,60,1920-10-01,1925-09-01,60,0.428900271003321,2.66133091117984,2.40828000859783,computed
MONETARY_BASE,triangulation,old_vs_aux,AMBSL,AMBNS,6,60,1920-11-01,1925-10-01,60,0.426878529009471,2.66705548057329,2.41585851057864,computed
MONETARY_BASE,triangulation,old_vs_aux,AMBSL,AMBNS,6,60,1920-12-01,1925-11-01,60,0.417332672732107,2.67060010020284,2.42962110969978,computed
MONETARY_BASE,triangulation,old_vs_aux,AMBSL,AMBNS,6,60,1921-01-01,1925-12-01,60,0.428654961858229,2.70937205273663,2.45323946812525,computed
MONETARY_BASE,triangulation,old_vs_aux,AMBSL,AMBNS,6,60,1921-02-01,1926-01-01,60,0.452022972462069,2.87343662176825,2.58060001581441,computed
MONETARY_BASE,triangulation,old_vs_aux,AMBSL,AMBNS,6,60,1921-03-01,1926-02-01,60,0.458898409878869,2.89630999235486,2.59429988912836,computed
MONETARY_BASE,triangulation,old_vs_aux,AMBSL,AMBNS,6,60,1921-04-01,1926-03-01,60,0.462011175454063,2.88866428678801,2.58364732776259,computed
MONETARY_BASE,triangulation,old_vs_aux,AMBSL,AMBNS,6,60,1921-05-01,1926-04-01,60,0.45748481859449,2.89992534013577,2.59927821784916,computed
MONETARY_BASE,triangulation,old_vs_aux,AMBSL,AMBNS,6,60,1921-06-01,1926-05-01,60,0.444246901032534,3.07316993245635,2.77738753293142,computed
MONETARY_BASE,triangulation,old_vs_aux,AMBSL,AMBNS,6,60,1921-07-01,1926-06-01,60,0.440463432523766,3.1319072251786,2.83723281626845,computed
MONETARY_BASE,triangulation,old_vs_aux,AMBSL,AMBNS,6,60,1921-08-01,1926-07-01,60,0.440884267998987,3.13058644724663,2.83554533248246,computed
MONETARY_BASE,triangulation,old_vs_aux,AMBSL,AMBNS,6,60,1921-09-01,1926-08-01,60,0.444296755497773,3.12099393827152,2.82264260579628,computed
MONETARY_BASE,triangulation,old_vs_aux,AMBSL,AMBNS,6,60,1921-10-01,1926-09-01,60,0.442328553066268,3.10928537169647,2.81371975603393,computed
MONETARY_BASE,triangulation,old_vs_aux,AMBSL,AMBNS,6,60,1921-11-01,1926-10-01,60,0.442046710560956,3.11361877042931,2.81816748755158,computed
MONETARY_BASE,triangulation,old_vs_aux,AMBSL,AMBNS,6,60,1921-12-01,1926-11-01,60,0.447932918187251,3.10756957354289,2.80589344505253,computed
MONETARY_BASE,triangulation,old_vs_aux,AMBSL,AMBNS,6,60,1922-01-01,1926-12-01,60,0.445164425296522,3.14431348039806,2.8439043326687,computed
MONETARY_BASE,triangulation,old_vs_aux,AMBSL,AMBNS,6,60,1922-02-01,1927-01-01,60,0.392483475169504,3.22292050238552,2.97626937675311,computed
MONETARY_BASE,triangulation,old_vs_aux,AMBSL,AMBNS,6,60,1922-03-01,1927-02-01,60,0.385225126464455,3.23398220486795,2.99450252320369,computed
MONETARY_BASE,triangulation,old_vs_aux,AMBSL,AMBNS,6,60,1922-04-01,1927-03-01,60,0.365556866445941,3.28240029563614,3.06175794368729,computed
MONETARY_BASE,triangulation,old_vs_aux,AMBSL,AMBNS,6,60,1922-05-01,1927-04-01,60,0.364683680792694,3.2809492642539,3.06131690334279,computed
MONETARY_BASE,triangulation,old_vs_aux,AMBSL,AMBNS,6,60,1922-06-01,1927-05-01,60,0.366561210221886,3.27460653294918,3.05325513322408,computed
MONETARY_BASE,triangulation,old_vs_aux,AMBSL,AMBNS,6,60,1922-07-01,1927-06-01,60,0.366384130450445,3.2749858314521,3.0538110414759,computed
MONETARY_BASE,triangulation,old_vs_aux,AMBSL,AMBNS,6,60,1922-08-01,1927-07-01,60,0.366035289895975,3.27026804046211,3.04972386392107,computed
MONETARY_BASE,triangulation,old_vs_aux,AMBSL,AMBNS,6,60,1922-09-01,1927-08-01,60,0.362973575105053,3.26560825709109,3.04853124219116,computed
MONETARY_BASE,triangulation,old_vs_aux,AMBSL,AMBNS,6,60,1922-10-01,1927-09-01,60,0.34720515658424,3.27441204259855,3.07375958971989,computed
MONETARY_BASE,triangulation,old_vs_aux,AMBSL,AMBNS,6,60,1922-11-01,1927-10-01,60,0.349227859280013,3.27607580652209,3.07320727377568,computed
MONETARY_BASE,triangulation,old_vs_aux,AMBSL,AMBNS,6,60,1922-12-01,1927-11-01,60,0.331809406678532,3.3393880903229,3.15205550383562,computed
MONETARY_BASE,triangulation,old_vs_aux,AMBSL,AMBNS,6,60,1923-01-01,1927-12-01,60,0.276460993731404,3.51903051724765,3.38207809366109,computed
MONETARY_BASE,triangulation,old_vs_aux,AMBSL,AMBNS,6,60,1923-02-01,1928-01-01,60,0.256945735496609,3.65773138963761,3.53555546425662,computed
MONETARY_BASE,triangulation,old_vs_aux,AMBSL,AMBNS,6,60,1923-03-01,1928-02-01,60,0.25784092299479,3.69705010866665,3.57237619293349,computed
MONETARY_BASE,triangulation,old_vs_aux,AMBSL,AMBNS,6,60,1923-04-01,1928-03-01,60,0.282298460895753,3.84526231196176,3.68985764782469,computed
MONETARY_BASE,triangulation,old_vs_aux,AMBSL,AMBNS,6,60,1923-05-01,1928-04-01,60,0.289181767549719,3.7820780766167,3.6217078687458,computed
MONETARY_BASE,triangulation,old_vs_aux,AMBSL,AMBNS,6,60,1923-06-01,1928-05-01,60,0.295845760989691,3.70804421205045,3.54338470403401,computed
MONETARY_BASE,triangulation,old_vs_aux,AMBSL,AMBNS,6,60,1923-07-01,1928-06-01,60,0.293309154962099,3.72811897066539,3.56538003957229,computed
MONETARY_BASE,triangulation,old_vs_aux,AMBSL,AMBNS,6,60,1923-08-01,1928-07-01,60,0.291145243101001,3.73777324869527,3.57697609944297,computed
MONETARY_BASE,triangulation,old_vs_aux,AMBSL,AMBNS,6,60,1923-09-01,1928-08-01,60,0.285178965969965,3.75035244291489,3.59528968206385,computed
MONETARY_BASE,triangulation,old_vs_aux,AMBSL,AMBNS,6,60,1923-10-01,1928-09-01,60,0.317828161569111,3.65951612721561,3.47359813602547,computed
MONETARY_BASE,triangulation,old_vs_aux,AMBSL,AMBNS,6,60,1923-11-01,1928-10-01,60,0.307935450751145,3.78005124247782,3.60011777177344,computed
MONETARY_BASE,triangulation,old_vs_aux,AMBSL,AMBNS,6,60,1923-12-01,1928-11-01,60,0.301731275673062,4.35482265524154,4.1637186779715,computed
MONETARY_BASE,triangulation,old_vs_aux,AMBSL,AMBNS,6,60,1924-01-01,1928-12-01,60,0.314541149217054,4.44927335673965,4.24237916952938,computed
MONETARY_BASE,triangulation,old_vs_aux,AMBSL,AMBNS,6,60,1924-02-01,1929-01-01,60,0.270148334161688,4.63294600218339,4.46786794062336,computed
MONETARY_BASE,triangulation,old_vs_aux,AMBSL,AMBNS,6,60,1924-03-01,1929-02-01,60,0.251172509438774,4.80192652780101,4.65262664784954,computed
MONETARY_BASE,triangulation,old_vs_aux,AMBSL,AMBNS,6,60,1924-04-01,1929-03-01,60,0.231626526128405,4.73768132667497,4.60987427188393,computed
MONETARY_BASE,triangulation,old_vs_aux,AMBSL,AMBNS,6,60,1924-05-01,1929-04-01,60,0.232998808616362,4.55636080705564,4.43139631593644,computed
MONETARY_BASE,triangulation,old_vs_aux,AMBSL,AMBNS,6,60,1924-06-01,1929-05-01,60,0.238872365101375,4.3926784261989,4.26579992153952,computed
MONETARY_BASE,triangulation,old_vs_aux,AMBSL,AMBNS,6,60,1924-07-01,1929-06-01,60,0.235273462982181,4.47022551814758,4.3450582471357,computed
MONETARY_BASE,triangulation,old_vs_aux,AMBSL,AMBNS,6,60,1924-08-01,1929-07-01,60,0.246177228886997,4.37701323861118,4.2430630213715,computed
MONETARY_BASE,triangulation,old_vs_aux,AMBSL,AMBNS,6,60,1924-09-01,1929-08-01,60,0.26040029851107,4.32584920960233,4.17852446774094,computed
MONETARY_BASE,triangulation,old_vs_aux,AMBSL,AMBNS,6,60,1924-10-01,1929-09-01,60,0.251443058287637,4.23772966819386,4.10210743529994,computed
MONETARY_BASE,triangulation,old_vs_aux,AMBSL,AMBNS,6,60,1924-11-01,1929-10-01,60,0.246626418266831,4.2070872513696,4.0773135267383,computed
MONETARY_BASE,triangulation,old_vs_aux,AMBSL,AMBNS,6,60,1924-12-01,1929-11-01,60,0.271247815720624,3.9241134493767,3.77755264860851,computed
MONETARY_BASE,triangulation,old_vs_aux,AMBSL,AMBNS,6,60,1925-01-01,1929-12-01,60,0.328100736789743,2.55579390252935,2.41972937722407,computed
MONETARY_BASE,triangulation,old_vs_aux,AMBSL,AMBNS,6,60,1925-02-01,1930-01-01,60,0.248562540080473,2.48428582257033,2.4365414161529,computed
MONETARY_BASE,triangulation,old_vs_aux,AMBSL,AMBNS,6,60,1925-03-01,1930-02-01,60,0.285382239092132,2.42481900016148,2.34435189263194,computed
MONETARY_BASE,triangulation,old_vs_aux,AMBSL,AMBNS,6,60,1925-04-01,1930-03-01,60,0.292897285602337,2.44399119252904,2.3540267349921,computed
MONETARY_BASE,triangulation,old_vs_aux,AMBSL,AMBNS,6,60,1925-05-01,1930-04-01,60,0.292739958023628,2.44344756156505,2.3536886468855,computed
MONETARY_BASE,triangulation,old_vs_aux,AMBSL,AMBNS,6,60,1925-06-01,1930-05-01,60,0.292838082715771,2.44394885337321,2.35404875277184,computed
MONETARY_BASE,triangulation,old_vs_aux,AMBSL,AMBNS,6,60,1925-07-01,1930-06-01,60,0.295613860967713,2.43490102919877,2.34289802789721,computed
MONETARY_BASE,triangulation,old_vs_aux,AMBSL,AMBNS,6,60,1925-08-01,1930-07-01,60,0.294654042421209,2.42058599568939,2.33085860300026,computed
MONETARY_BASE,triangulation,old_vs_aux,AMBSL,AMBNS,6,60,1925-09-01,1930-08-01,60,0.293395445258733,2.42491721894256,2.33608737538996,computed
MONETARY_BASE,triangulation,old_vs_aux,AMBSL,AMBNS,6,60,1925-10-01,1930-09-01,60,0.291876000051657,2.41442026185802,2.3280952460406,computed
MONETARY_BASE,triangulation,old_vs_aux,AMBSL,AMBNS,6,60,1925-11-01,1930-10-01,60,0.29203835635122,2.41181561926536,2.32554787501572,computed
MONETARY_BASE,triangulation,old_vs_aux,AMBSL,AMBNS,6,60,1925-12-01,1930-11-01,60,0.291691036664871,2.40794860034256,2.32238697137702,computed
MONETARY_BASE,triangulation,old_vs_aux,AMBSL,AMBNS,6,60,1926-01-01,1930-12-01,60,0.3282735108211,2.36513717917303,2.24524352100984,computed
MONETARY_BASE,triangulation,old_vs_aux,AMBSL,AMBNS,6,60,1926-02-01,1931-01-01,60,0.306881096483332,2.39027069255823,2.29049618396488,computed
MONETARY_BASE,triangulation,old_vs_aux,AMBSL,AMBNS,6,60,1926-03-01,1931-02-01,60,0.303493626931712,2.2622670226875,2.1782865369516,computed
MONETARY_BASE,triangulation,old_vs_aux,AMBSL,AMBNS,6,60,1926-04-01,1931-03-01,60,0.317191656414392,2.28977396576104,2.18871976296894,computed
MONETARY_BASE,triangulation,old_vs_aux,AMBSL,AMBNS,6,60,1926-05-01,1931-04-01,60,0.318739686083534,2.28744040094317,2.18499142540041,computed
MONETARY_BASE,triangulation,old_vs_aux,AMBSL,AMBNS,6,60,1926-06-01,1931-05-01,60,0.318629946890255,2.28492799416389,2.18285507737609,computed
MONETARY_BASE,triangulation,old_vs_aux,AMBSL,AMBNS,6,60,1926-07-01,1931-06-01,60,0.321196177023103,2.27122639873625,2.1678222382211,computed
MONETARY_BASE,triangulation,old_vs_aux,AMBSL,AMBNS,6,60,1926-08-01,1931-07-01,60,0.318967201851737,2.25764375741956,2.1579802489964,computed
MONETARY_BASE,triangulation,old_vs_aux,AMBSL,AMBNS,6,60,1926-09-01,1931-08-01,60,0.312902075252268,2.2549039732852,2.16181953196129,computed
MONETARY_BASE,triangulation,old_vs_aux,AMBSL,AMBNS,6,60,1926-10-01,1931-09-01,60,0.323851641217601,2.25465182208071,2.15014838196636,computed
MONETARY_BASE,triangulation,old_vs_aux,AMBSL,AMBNS,6,60,1926-11-01,1931-10-01,60,0.332363064939052,2.21131624722595,2.10237991928085,computed
MONETARY_BASE,triangulation,old_vs_aux,AMBSL,AMBNS,6,60,1926-12-01,1931-11-01,60,0.440424486269196,1.87210120678569,1.68989174163201,computed
MONETARY_BASE,triangulation,old_vs_aux,AMBSL,AMBNS,6,60,1927-01-01,1931-12-01,60,0.440502938504687,1.87277587211836,1.6903778552606,computed
MONETARY_BASE,triangulation,old_vs_aux,AMBSL,AMBNS,6,60,1927-02-01,1932-01-01,60,0.387205549724076,1.60690401881542,1.52896643777247,computed
MONETARY_BASE,triangulation,old_vs_aux,AMBSL,AMBNS,6,60,1927-03-01,1932-02-01,60,0.390751372065272,1.57674818073502,1.50132981565908,computed
MONETARY_BASE,triangulation,old_vs_aux,AMBSL,AMBNS,6,60,1927-04-01,1932-03-01,60,0.38267139102073,1.52374418051272,1.4682052676576,computed
MONETARY_BASE,triangulation,old_vs_aux,AMBSL,AMBNS,6,60,1927-05-01,1932-04-01,60,0.393069905326104,1.51545178523747,1.45094377654184,computed
MONETARY_BASE,triangulation,old_vs_aux,AMBSL,AMBNS,6,60,1927-06-01,1932-05-01,60,0.402073908791304,1.51011745823768,1.43740267085999,computed
MONETARY_BASE,triangulation,old_vs_aux,AMBSL,AMBNS,6,60,1927-07-01,1932-06-01,60,0.416537670593442,1.49732784987564,1.41230444439447,computed
MONETARY_BASE,triangulation,old_vs_aux,AMBSL,AMBNS,6,60,1927-08-01,1932-07-01,60,0.428491511514792,1.49779838064644,1.39995093363064,computed
MONETARY_BASE,triangulation,old_vs_aux,AMBSL,AMBNS,6,60,1927-09-01,1932-08-01,60,0.432696623516484,1.50433471547935,1.40042208344123,computed
MONETARY_BASE,triangulation,old_vs_aux,AMBSL,AMBNS,6,60,1927-10-01,1932-09-01,60,0.431726496477005,1.4971778772609,1.39599731469856,computed
MONETARY_BASE,triangulation,old_vs_aux,AMBSL,AMBNS,6,60,1927-11-01,1932-10-01,60,0.431227513873178,1.49529010399912,1.39508891010631,computed
MONETARY_BASE,triangulation,old_vs_aux,AMBSL,AMBNS,6,60,1927-12-01,1932-11-01,60,0.431248799360138,1.49544013017717,1.39518200863625,computed
MONETARY_BASE,triangulation,old_vs_aux,AMBSL,AMBNS,6,60,1928-01-01,1932-12-01,60,0.430505073228545,1.48643354504318,1.38911881486838,computed
MONETARY_BASE,triangulation,old_vs_aux,AMBSL,AMBNS,6,60,1928-02-01,1933-01-01,60,0.379567113164183,1.26668301975227,1.28178011584717,computed
MONETARY_BASE,triangulation,old_vs_aux,AMBSL,AMBNS,6,60,1928-03-01,1933-02-01,60,0.359813831205046,1.19958236214607,1.25541213554956,computed
MONETARY_BASE,triangulation,old_vs_aux,AMBSL,AMBNS,6,60,1928-04-01,1933-03-01,60,0.540167262003418,1.13241963035318,1.02906885734774,computed
MONETARY_BASE,triangulation,old_vs_aux,AMBSL,AMBNS,6,60,1928-05-01,1933-04-01,60,0.789927351235862,1.05799659617,0.669235443780989,computed
MONETARY_BASE,triangulation,old_vs_aux,AMBSL,AMBNS,6,60,1928-06-01,1933-05-01,60,0.801211595069519,1.05454523601156,0.649798532540177,computed
MONETARY_BASE,triangulation,old_vs_aux,AMBSL,AMBNS,6,60,1928-07-01,1933-06-01,60,0.802955671627249,1.05414747884295,0.64680790975849,computed
MONETARY_BASE,triangulation,old_vs_aux,AMBSL,AMBNS,6,60,1928-08-01,1933-07-01,60,0.803099625072169,1.05421704755649,0.646604511746223,computed
MONETARY_BASE,triangulation,old_vs_aux,AMBSL,AMBNS,6,60,1928-09-01,1933-08-01,60,0.803635098058926,1.05397963118202,0.645634962788938,computed
MONETARY_BASE,triangulation,old_vs_aux,AMBSL,AMBNS,6,60,1928-10-01,1933-09-01,60,0.804367464343337,1.05030236673026,0.643050430840699,computed
MONETARY_BASE,triangulation,old_vs_aux,AMBSL,AMBNS,6,60,1928-11-01,1933-10-01,60,0.8043670473429,1.04992066920265,0.642887876054529,computed
MONETARY_BASE,triangulation,old_vs_aux,AMBSL,AMBNS,6,60,1928-12-01,1933-11-01,60,0.804591752821438,1.04983871046613,0.642486829831943,computed
MONETARY_BASE,triangulation,old_vs_aux,AMBSL,AMBNS,6,60,1929-01-01,1933-12-01,60,0.806589379107105,1.04729795472304,0.638364214339725,computed
MONETARY_BASE,triangulation,old_vs_aux,AMBSL,AMBNS,6,60,1929-02-01,1934-01-01,60,0.829036496499618,1.01741830582951,0.590364753088014,computed
MONETARY_BASE,triangulation,old_vs_aux,AMBSL,AMBNS,6,60,1929-03-01,1934-02-01,60,0.830220845456496,1.01391605593952,0.587011036101216,computed
MONETARY_BASE,triangulation,old_vs_aux,AMBSL,AMBNS,6,60,1929-04-01,1934-03-01,60,0.84466023921023,1.01157576508879,0.560722634715581,computed
MONETARY_BASE,triangulation,old_vs_aux,AMBSL,AMBNS,6,60,1929-05-01,1934-04-01,60,0.848846419843639,1.01143714901827,0.55307847637724,computed
MONETARY_BASE,triangulation,old_vs_aux,AMBSL,AMBNS,6,60,1929-06-01,1934-05-01,60,0.849384512394778,1.01153001428978,0.552120561048295,computed
MONETARY_BASE,triangulation,old_vs_aux,AMBSL,AMBNS,6,60,1929-07-01,1934-06-01,60,0.849398349886923,1.01143398350007,0.552068039638231,computed
MONETARY_BASE,triangulation,old_vs_aux,AMBSL,AMBNS,6,60,1929-08-01,1934-07-01,60,0.849388858991953,1.01088876198543,0.551932333415299,computed
MONETARY_BASE,triangulation,old_vs_aux,AMBSL,AMBNS,6,60,1929-09-01,1934-08-01,60,0.849621980662398,1.00954875567431,0.55110864077918,computed
MONETARY_BASE,triangulation,old_vs_aux,AMBSL,AMBNS,6,60,1929-10-01,1934-09-01,60,0.85156624069157,1.00947374904274,0.547540979779879,computed
MONETARY_BASE,triangulation,old_vs_aux,AMBSL,AMBNS,6,60,1929-11-01,1934-10-01,60,0.851896587819821,1.00965259553014,0.546964619026238,computed
MONETARY_BASE,triangulation,old_vs_aux,AMBSL,AMBNS,6,60,1929-12-01,1934-11-01,60,0.851436673476481,1.00958022456583,0.547793111464238,computed
MONETARY_BASE,triangulation,old_vs_aux,AMBSL,AMBNS,6,60,1930-01-01,1934-12-01,60,0.850835688401441,1.01973078549545,0.552042031961696,computed
MONETARY_BASE,triangulation,old_vs_aux,AMBSL,AMBNS,6,60,1930-02-01,1935-01-01,60,0.874098160819273,1.00307398990689,0.502874837471832,computed
MONETARY_BASE,triangulation,old_vs_aux,AMBSL,AMBNS,6,60,1930-03-01,1935-02-01,60,0.874522905919914,0.998825425163431,0.500775481651942,computed
MONETARY_BASE,triangulation,old_vs_aux,AMBSL,AMBNS,6,60,1930-04-01,1935-03-01,60,0.880183472327357,0.995276750498809,0.488389087306178,computed
MONETARY_BASE,triangulation,old_vs_aux,AMBSL,AMBNS,6,60,1930-05-01,1935-04-01,60,0.880495160529049,0.995288777960148,0.487756006241021,computed
MONETARY_BASE,triangulation,old_vs_aux,AMBSL,AMBNS,6,60,1930-06-01,1935-05-01,60,0.882628711379866,0.99540986550481,0.483411219528948,computed
MONETARY_BASE,triangulation,old_vs_aux,AMBSL,AMBNS,6,60,1930-07-01,1935-06-01,60,0.882956504834626,0.995327893715297,0.48271743858086,computed
MONETARY_BASE,triangulation,old_vs_aux,AMBSL,AMBNS,6,60,1930-08-01,1935-07-01,60,0.883762528363149,0.995683815575188,0.481148437827265,computed
MONETARY_BASE,triangulation,old_vs_aux,AMBSL,AMBNS,6,60,1930-09-01,1935-08-01,60,0.885663357083523,0.995253286597483,0.477086470260207,computed
MONETARY_BASE,triangulation,old_vs_aux,AMBSL,AMBNS,6,60,1930-10-01,1935-09-01,60,0.887599270934362,0.994942084399273,0.472986106491433,computed
MONETARY_BASE,triangulation,old_vs_aux,AMBSL,AMBNS,6,60,1930-11-01,1935-10-01,60,0.888173786627058,0.995034867454267,0.471782688250676,computed
MONETARY_BASE,triangulation,old_vs_aux,AMBSL,AMBNS,6,60,1930-12-01,1935-11-01,60,0.888187626512236,0.995017573192267,0.471750591076048,computed
MONETARY_BASE,triangulation,old_vs_aux,AMBSL,AMBNS,6,60,1931-01-01,1935-12-01,60,0.890049107720749,0.988732440555554,0.466569225148919,computed
MONETARY_BASE,triangulation,old_vs_aux,AMBSL,AMBNS,6,60,1931-02-01,1936-01-01,60,0.91399036187656,0.963543992272387,0.409109702678642,computed
MONETARY_BASE,triangulation,old_vs_aux,AMBSL,AMBNS,6,60,1931-03-01,1936-02-01,60,0.914824087689091,0.965889739774138,0.407219028662552,computed
MONETARY_BASE,triangulation,old_vs_aux,AMBSL,AMBNS,6,60,1931-04-01,1936-03-01,60,0.919043146282391,0.961753539277836,0.39646508854295,computed
MONETARY_BASE,triangulation,old_vs_aux,AMBSL,AMBNS,6,60,1931-05-01,1936-04-01,60,0.919546809914594,0.961827718587745,0.395248457247627,computed
MONETARY_BASE,triangulation,old_vs_aux,AMBSL,AMBNS,6,60,1931-06-01,1936-05-01,60,0.921508573523202,0.962823051619245,0.390551773862274,computed
MONETARY_BASE,triangulation,old_vs_aux,AMBSL,AMBNS,6,60,1931-07-01,1936-06-01,60,0.922747363707472,0.963510566883128,0.387555767013088,computed
MONETARY_BASE,triangulation,old_vs_aux,AMBSL,AMBNS,6,60,1931-08-01,1936-07-01,60,0.925360932206223,0.965006504297527,0.381178343538332,computed
MONETARY_BASE,triangulation,old_vs_aux,AMBSL,AMBNS,6,60,1931-09-01,1936-08-01,60,0.932905185138576,0.968025040917816,0.361831599183102,computed
MONETARY_BASE,triangulation,old_vs_aux,AMBSL,AMBNS,6,60,1931-10-01,1936-09-01,60,0.933653665127588,0.966054744391221,0.359665460617335,computed
MONETARY_BASE,triangulation,old_vs_aux,AMBSL,AMBNS,6,60,1931-11-01,1936-10-01,60,0.937688970904983,0.96859464159071,0.348861360783657,computed
MONETARY_BASE,triangulation,old_vs_aux,AMBSL,AMBNS,6,60,1931-12-01,1936-11-01,60,0.935622344290242,0.967914770851503,0.354492510858474,computed
MONETARY_BASE,triangulation,old_vs_aux,AMBSL,AMBNS,6,60,1932-01-01,1936-12-01,60,0.937400363997108,0.965729379892394,0.349556789713945,computed
MONETARY_BASE,triangulation,old_vs_aux,AMBSL,AMBNS,6,60,1932-02-01,1937-01-01,60,0.957233152428121,0.975793848220355,0.290325198466148,computed
MONETARY_BASE,triangulation,old_vs_aux,AMBSL,AMBNS,6,60,1932-03-01,1937-02-01,60,0.958001179540183,0.977134498813184,0.287584267993026,computed
MONETARY_BASE,triangulation,old_vs_aux,AMBSL,AMBNS,6,60,1932-04-01,1937-03-01,60,0.962810236258904,0.981481143446929,0.270824306847318,computed
MONETARY_BASE,triangulation,old_vs_aux,AMBSL,AMBNS,6,60,1932-05-01,1937-04-01,60,0.965695552424284,0.982551153193764,0.260223391928886,computed
MONETARY_BASE,triangulation,old_vs_aux,AMBSL,AMBNS,6,60,1932-06-01,1937-05-01,60,0.967503820574225,0.982846640514029,0.253324776658081,computed
MONETARY_BASE,triangulation,old_vs_aux,AMBSL,AMBNS,6,60,1932-07-01,1937-06-01,60,0.968371638425993,0.983015602658527,0.2499424280531,computed
MONETARY_BASE,triangulation,old_vs_aux,AMBSL,AMBNS,6,60,1932-08-01,1937-07-01,60,0.968592356043186,0.98148911143742,0.249016388375814,computed
MONETARY_BASE,triangulation,old_vs_aux,AMBSL,AMBNS,6,60,1932-09-01,1937-08-01,60,0.969208938375836,0.980221180839484,0.246486846786115,computed
MONETARY_BASE,triangulation,old_vs_aux,AMBSL,AMBNS,6,60,1932-10-01,1937-09-01,60,0.970107949598211,0.980476037416916,0.242923739907278,computed
MONETARY_BASE,triangulation,old_vs_aux,AMBSL,AMBNS,6,60,1932-11-01,1937-10-01,60,0.970158705939458,0.980535645881652,0.242706965406634,computed
MONETARY_BASE,triangulation,old_vs_aux,AMBSL,AMBNS,6,60,1932-12-01,1937-11-01,60,0.970208672665026,0.980578005450158,0.242512259743061,computed
MONETARY_BASE,triangulation,old_vs_aux,AMBSL,AMBNS,6,60,1933-01-01,1937-12-01,60,0.971373606947612,0.980895757473376,0.237926608423934,computed
MONETARY_BASE,triangulation,old_vs_aux,AMBSL,AMBNS,6,60,1933-02-01,1938-01-01,60,0.991613162586863,0.992798755202008,0.130337533445822,computed
MONETARY_BASE,triangulation,old_vs_aux,AMBSL,AMBNS,6,60,1933-03-01,1938-02-01,60,1,1,0,computed
MONETARY_BASE,triangulation,old_vs_aux,AMBSL,AMBNS,6,60,1933-04-01,1938-03-01,60,1,1,0,computed
MONETARY_BASE,triangulation,old_vs_aux,AMBSL,AMBNS,6,60,1933-05-01,1938-04-01,60,1,1,0,computed
MONETARY_BASE,triangulation,old_vs_aux,AMBSL,AMBNS,6,60,1933-06-01,1938-05-01,60,1,1,0,computed
MONETARY_BASE,triangulation,old_vs_aux,AMBSL,AMBNS,6,60,1933-07-01,1938-06-01,60,1,1,0,computed
MONETARY_BASE,triangulation,old_vs_aux,AMBSL,AMBNS,6,60,1933-08-01,1938-07-01,60,1,1,0,computed
MONETARY_BASE,triangulation,old_vs_aux,AMBSL,AMBNS,6,60,1933-09-01,1938-08-01,60,1,1,0,computed
MONETARY_BASE,triangulation,old_vs_aux,AMBSL,AMBNS,6,60,1933-10-01,1938-09-01,60,1,1,0,computed
MONETARY_BASE,triangulation,old_vs_aux,AMBSL,AMBNS,6,60,1933-11-01,1938-10-01,60,1,1,0,computed
MONETARY_BASE,triangulation,old_vs_aux,AMBSL,AMBNS,6,60,1933-12-01,1938-11-01,60,1,1,0,computed
MONETARY_BASE,triangulation,old_vs_aux,AMBSL,AMBNS,6,60,1934-01-01,1938-12-01,60,1,1,0,computed
MONETARY_BASE,triangulation,old_vs_aux,AMBSL,AMBNS,6,60,1934-02-01,1939-01-01,60,1,1,0,computed
MONETARY_BASE,triangulation,old_vs_aux,AMBSL,AMBNS,6,60,1934-03-01,1939-02-01,60,1,1,0,computed
MONETARY_BASE,triangulation,old_vs_aux,AMBSL,AMBNS,6,60,1934-04-01,1939-03-01,60,1,1,0,computed
MONETARY_BASE,triangulation,old_vs_aux,AMBSL,AMBNS,6,60,1934-05-01,1939-04-01,60,1,1,0,computed
MONETARY_BASE,triangulation,old_vs_aux,AMBSL,AMBNS,6,60,1934-06-01,1939-05-01,60,1,1,0,computed
MONETARY_BASE,triangulation,old_vs_aux,AMBSL,AMBNS,6,60,1934-07-01,1939-06-01,60,1,1,0,computed
MONETARY_BASE,triangulation,old_vs_aux,AMBSL,AMBNS,6,60,1934-08-01,1939-07-01,60,1,1,0,computed
MONETARY_BASE,triangulation,old_vs_aux,AMBSL,AMBNS,6,60,1934-09-01,1939-08-01,60,1,1,0,computed
MONETARY_BASE,triangulation,old_vs_aux,AMBSL,AMBNS,6,60,1934-10-01,1939-09-01,60,1,1,0,computed
MONETARY_BASE,triangulation,old_vs_aux,AMBSL,AMBNS,6,60,1934-11-01,1939-10-01,60,1,1,0,computed
MONETARY_BASE,triangulation,old_vs_aux,AMBSL,AMBNS,6,60,1934-12-01,1939-11-01,60,1,1,0,computed
MONETARY_BASE,triangulation,old_vs_aux,AMBSL,AMBNS,6,60,1935-01-01,1939-12-01,60,1,1,0,computed
MONETARY_BASE,triangulation,old_vs_aux,AMBSL,AMBNS,6,60,1935-02-01,1940-01-01,60,1,1,0,computed
MONETARY_BASE,triangulation,old_vs_aux,AMBSL,AMBNS,6,60,1935-03-01,1940-02-01,60,1,1,0,computed
MONETARY_BASE,triangulation,old_vs_aux,AMBSL,AMBNS,6,60,1935-04-01,1940-03-01,60,1,1,0,computed
MONETARY_BASE,triangulation,old_vs_aux,AMBSL,AMBNS,6,60,1935-05-01,1940-04-01,60,1,1,0,computed
MONETARY_BASE,triangulation,old_vs_aux,AMBSL,AMBNS,6,60,1935-06-01,1940-05-01,60,1,1,0,computed
MONETARY_BASE,triangulation,old_vs_aux,AMBSL,AMBNS,6,60,1935-07-01,1940-06-01,60,1,1,0,computed
MONETARY_BASE,triangulation,old_vs_aux,AMBSL,AMBNS,6,60,1935-08-01,1940-07-01,60,1,1,0,computed
MONETARY_BASE,triangulation,old_vs_aux,AMBSL,AMBNS,6,60,1935-09-01,1940-08-01,60,1,1,0,computed
MONETARY_BASE,triangulation,old_vs_aux,AMBSL,AMBNS,6,60,1935-10-01,1940-09-01,60,1,1,0,computed
MONETARY_BASE,triangulation,old_vs_aux,AMBSL,AMBNS,6,60,1935-11-01,1940-10-01,60,1,1,0,computed
MONETARY_BASE,triangulation,old_vs_aux,AMBSL,AMBNS,6,60,1935-12-01,1940-11-01,60,1,1,0,computed
MONETARY_BASE,triangulation,old_vs_aux,AMBSL,AMBNS,6,60,1936-01-01,1940-12-01,60,1,1,0,computed
MONETARY_BASE,triangulation,old_vs_aux,AMBSL,AMBNS,6,60,1936-02-01,1941-01-01,60,1,1,0,computed
MONETARY_BASE,triangulation,old_vs_aux,AMBSL,AMBNS,6,60,1936-03-01,1941-02-01,60,1,1,0,computed
MONETARY_BASE,triangulation,old_vs_aux,AMBSL,AMBNS,6,60,1936-04-01,1941-03-01,60,1,1,0,computed
MONETARY_BASE,triangulation,old_vs_aux,AMBSL,AMBNS,6,60,1936-05-01,1941-04-01,60,1,1,0,computed
MONETARY_BASE,triangulation,old_vs_aux,AMBSL,AMBNS,6,60,1936-06-01,1941-05-01,60,1,1,0,computed
MONETARY_BASE,triangulation,old_vs_aux,AMBSL,AMBNS,6,60,1936-07-01,1941-06-01,60,1,1,0,computed
MONETARY_BASE,triangulation,old_vs_aux,AMBSL,AMBNS,6,60,1936-08-01,1941-07-01,60,1,1,0,computed
MONETARY_BASE,triangulation,old_vs_aux,AMBSL,AMBNS,6,60,1936-09-01,1941-08-01,60,1,1,0,computed
MONETARY_BASE,triangulation,old_vs_aux,AMBSL,AMBNS,6,60,1936-10-01,1941-09-01,60,1,1,0,computed
MONETARY_BASE,triangulation,old_vs_aux,AMBSL,AMBNS,6,60,1936-11-01,1941-10-01,60,1,1,0,computed
MONETARY_BASE,triangulation,old_vs_aux,AMBSL,AMBNS,6,60,1936-12-01,1941-11-01,60,1,1,0,computed
MONETARY_BASE,triangulation,old_vs_aux,AMBSL,AMBNS,6,60,1937-01-01,1941-12-01,60,1,1,0,computed
MONETARY_BASE,triangulation,old_vs_aux,AMBSL,AMBNS,6,60,1937-02-01,1942-01-01,60,1,1,0,computed
MONETARY_BASE,triangulation,old_vs_aux,AMBSL,AMBNS,6,60,1937-03-01,1942-02-01,60,1,1,0,computed
MONETARY_BASE,triangulation,old_vs_aux,AMBSL,AMBNS,6,60,1937-04-01,1942-03-01,60,1,1,0,computed
MONETARY_BASE,triangulation,old_vs_aux,AMBSL,AMBNS,6,60,1937-05-01,1942-04-01,60,1,1,0,computed
MONETARY_BASE,triangulation,old_vs_aux,AMBSL,AMBNS,6,60,1937-06-01,1942-05-01,60,1,1,0,computed
MONETARY_BASE,triangulation,old_vs_aux,AMBSL,AMBNS,6,60,1937-07-01,1942-06-01,60,1,1,0,computed
MONETARY_BASE,triangulation,old_vs_aux,AMBSL,AMBNS,6,60,1937-08-01,1942-07-01,60,1,1,0,computed
MONETARY_BASE,triangulation,old_vs_aux,AMBSL,AMBNS,6,60,1937-09-01,1942-08-01,60,1,1,0,computed
MONETARY_BASE,triangulation,old_vs_aux,AMBSL,AMBNS,6,60,1937-10-01,1942-09-01,60,1,1,0,computed
MONETARY_BASE,triangulation,old_vs_aux,AMBSL,AMBNS,6,60,1937-11-01,1942-10-01,60,1,1,0,computed
MONETARY_BASE,triangulation,old_vs_aux,AMBSL,AMBNS,6,60,1937-12-01,1942-11-01,60,1,1,0,computed
MONETARY_BASE,triangulation,old_vs_aux,AMBSL,AMBNS,6,60,1938-01-01,1942-12-01,60,1,1,0,computed
MONETARY_BASE,triangulation,old_vs_aux,AMBSL,AMBNS,6,60,1938-02-01,1943-01-01,60,1,1,0,computed
MONETARY_BASE,triangulation,old_vs_aux,AMBSL,AMBNS,6,60,1938-03-01,1943-02-01,60,1,1,0,computed
MONETARY_BASE,triangulation,old_vs_aux,AMBSL,AMBNS,6,60,1938-04-01,1943-03-01,60,1,1,0,computed
MONETARY_BASE,triangulation,old_vs_aux,AMBSL,AMBNS,6,60,1938-05-01,1943-04-01,60,1,1,0,computed
MONETARY_BASE,triangulation,old_vs_aux,AMBSL,AMBNS,6,60,1938-06-01,1943-05-01,60,1,1,0,computed
MONETARY_BASE,triangulation,old_vs_aux,AMBSL,AMBNS,6,60,1938-07-01,1943-06-01,60,1,1,0,computed
MONETARY_BASE,triangulation,old_vs_aux,AMBSL,AMBNS,6,60,1938-08-01,1943-07-01,60,1,1,0,computed
MONETARY_BASE,triangulation,old_vs_aux,AMBSL,AMBNS,6,60,1938-09-01,1943-08-01,60,1,1,0,computed
MONETARY_BASE,triangulation,old_vs_aux,AMBSL,AMBNS,6,60,1938-10-01,1943-09-01,60,1,1,0,computed
MONETARY_BASE,triangulation,old_vs_aux,AMBSL,AMBNS,6,60,1938-11-01,1943-10-01,60,1,1,0,computed
MONETARY_BASE,triangulation,old_vs_aux,AMBSL,AMBNS,6,60,1938-12-01,1943-11-01,60,1,1,0,computed
MONETARY_BASE,triangulation,old_vs_aux,AMBSL,AMBNS,6,60,1939-01-01,1943-12-01,60,1,1,0,computed
MONETARY_BASE,triangulation,old_vs_aux,AMBSL,AMBNS,6,60,1939-02-01,1944-01-01,60,1,1,0,computed
MONETARY_BASE,triangulation,old_vs_aux,AMBSL,AMBNS,6,60,1939-03-01,1944-02-01,60,1,1,0,computed
MONETARY_BASE,triangulation,old_vs_aux,AMBSL,AMBNS,6,60,1939-04-01,1944-03-01,60,1,1,0,computed
MONETARY_BASE,triangulation,old_vs_aux,AMBSL,AMBNS,6,60,1939-05-01,1944-04-01,60,1,1,0,computed
MONETARY_BASE,triangulation,old_vs_aux,AMBSL,AMBNS,6,60,1939-06-01,1944-05-01,60,1,1,0,computed
MONETARY_BASE,triangulation,old_vs_aux,AMBSL,AMBNS,6,60,1939-07-01,1944-06-01,60,1,1,0,computed
MONETARY_BASE,triangulation,old_vs_aux,AMBSL,AMBNS,6,60,1939-08-01,1944-07-01,60,1,1,0,computed
MONETARY_BASE,triangulation,old_vs_aux,AMBSL,AMBNS,6,60,1939-09-01,1944-08-01,60,1,1,0,computed
MONETARY_BASE,triangulation,old_vs_aux,AMBSL,AMBNS,6,60,1939-10-01,1944-09-01,60,1,1,0,computed
MONETARY_BASE,triangulation,old_vs_aux,AMBSL,AMBNS,6,60,1939-11-01,1944-10-01,60,1,1,0,computed
MONETARY_BASE,triangulation,old_vs_aux,AMBSL,AMBNS,6,60,1939-12-01,1944-11-01,60,1,1,0,computed
MONETARY_BASE,triangulation,old_vs_aux,AMBSL,AMBNS,6,60,1940-01-01,1944-12-01,60,1,1,0,computed
MONETARY_BASE,triangulation,old_vs_aux,AMBSL,AMBNS,6,60,1940-02-01,1945-01-01,60,1,1,0,computed
MONETARY_BASE,triangulation,old_vs_aux,AMBSL,AMBNS,6,60,1940-03-01,1945-02-01,60,1,1,0,computed
MONETARY_BASE,triangulation,old_vs_aux,AMBSL,AMBNS,6,60,1940-04-01,1945-03-01,60,1,1,0,computed
MONETARY_BASE,triangulation,old_vs_aux,AMBSL,AMBNS,6,60,1940-05-01,1945-04-01,60,1,1,0,computed
MONETARY_BASE,triangulation,old_vs_aux,AMBSL,AMBNS,6,60,1940-06-01,1945-05-01,60,1,1,0,computed
MONETARY_BASE,triangulation,old_vs_aux,AMBSL,AMBNS,6,60,1940-07-01,1945-06-01,60,1,1,0,computed
MONETARY_BASE,triangulation,old_vs_aux,AMBSL,AMBNS,6,60,1940-08-01,1945-07-01,60,1,1,0,computed
MONETARY_BASE,triangulation,old_vs_aux,AMBSL,AMBNS,6,60,1940-09-01,1945-08-01,60,1,1,0,computed
MONETARY_BASE,triangulation,old_vs_aux,AMBSL,AMBNS,6,60,1940-10-01,1945-09-01,60,1,1,0,computed
MONETARY_BASE,triangulation,old_vs_aux,AMBSL,AMBNS,6,60,1940-11-01,1945-10-01,60,1,1,0,computed
MONETARY_BASE,triangulation,old_vs_aux,AMBSL,AMBNS,6,60,1940-12-01,1945-11-01,60,1,1,0,computed
MONETARY_BASE,triangulation,old_vs_aux,AMBSL,AMBNS,6,60,1941-01-01,1945-12-01,60,1,1,0,computed
MONETARY_BASE,triangulation,old_vs_aux,AMBSL,AMBNS,6,60,1941-02-01,1946-01-01,60,1,1,0,computed
MONETARY_BASE,triangulation,old_vs_aux,AMBSL,AMBNS,6,60,1941-03-01,1946-02-01,60,1,1,0,computed
MONETARY_BASE,triangulation,old_vs_aux,AMBSL,AMBNS,6,60,1941-04-01,1946-03-01,60,1,1,0,computed
MONETARY_BASE,triangulation,old_vs_aux,AMBSL,AMBNS,6,60,1941-05-01,1946-04-01,60,1,1,0,computed
MONETARY_BASE,triangulation,old_vs_aux,AMBSL,AMBNS,6,60,1941-06-01,1946-05-01,60,1,1,0,computed
MONETARY_BASE,triangulation,old_vs_aux,AMBSL,AMBNS,6,60,1941-07-01,1946-06-01,60,1,1,0,computed
MONETARY_BASE,triangulation,old_vs_aux,AMBSL,AMBNS,6,60,1941-08-01,1946-07-01,60,1,1,0,computed
MONETARY_BASE,triangulation,old_vs_aux,AMBSL,AMBNS,6,60,1941-09-01,1946-08-01,60,1,1,0,computed
MONETARY_BASE,triangulation,old_vs_aux,AMBSL,AMBNS,6,60,1941-10-01,1946-09-01,60,1,1,0,computed
MONETARY_BASE,triangulation,old_vs_aux,AMBSL,AMBNS,6,60,1941-11-01,1946-10-01,60,1,1,0,computed
MONETARY_BASE,triangulation,old_vs_aux,AMBSL,AMBNS,6,60,1941-12-01,1946-11-01,60,1,1,0,computed
MONETARY_BASE,triangulation,old_vs_aux,AMBSL,AMBNS,6,60,1942-01-01,1946-12-01,60,1,1,0,computed
MONETARY_BASE,triangulation,old_vs_aux,AMBSL,AMBNS,6,60,1942-02-01,1947-01-01,60,1,1,0,computed
MONETARY_BASE,triangulation,old_vs_aux,AMBSL,AMBNS,6,60,1942-03-01,1947-02-01,60,1,1,0,computed
MONETARY_BASE,triangulation,old_vs_aux,AMBSL,AMBNS,6,60,1942-04-01,1947-03-01,60,1,1,0,computed
MONETARY_BASE,triangulation,old_vs_aux,AMBSL,AMBNS,6,60,1942-05-01,1947-04-01,60,1,1,0,computed
MONETARY_BASE,triangulation,old_vs_aux,AMBSL,AMBNS,6,60,1942-06-01,1947-05-01,60,1,1,0,computed
MONETARY_BASE,triangulation,old_vs_aux,AMBSL,AMBNS,6,60,1942-07-01,1947-06-01,60,1,1,0,computed
MONETARY_BASE,triangulation,old_vs_aux,AMBSL,AMBNS,6,60,1942-08-01,1947-07-01,60,1,1,0,computed
MONETARY_BASE,triangulation,old_vs_aux,AMBSL,AMBNS,6,60,1942-09-01,1947-08-01,60,1,1,0,computed
MONETARY_BASE,triangulation,old_vs_aux,AMBSL,AMBNS,6,60,1942-10-01,1947-09-01,60,1,1,0,computed
MONETARY_BASE,triangulation,old_vs_aux,AMBSL,AMBNS,6,60,1942-11-01,1947-10-01,60,1,1,0,computed
MONETARY_BASE,triangulation,old_vs_aux,AMBSL,AMBNS,6,60,1942-12-01,1947-11-01,60,1,1,0,computed
MONETARY_BASE,triangulation,old_vs_aux,AMBSL,AMBNS,6,60,1943-01-01,1947-12-01,60,1,1,0,computed
MONETARY_BASE,triangulation,old_vs_aux,AMBSL,AMBNS,6,60,1943-02-01,1948-01-01,60,1,1,0,computed
MONETARY_BASE,triangulation,old_vs_aux,AMBSL,AMBNS,6,60,1943-03-01,1948-02-01,60,1,1,0,computed
MONETARY_BASE,triangulation,old_vs_aux,AMBSL,AMBNS,6,60,1943-04-01,1948-03-01,60,1,1,0,computed
MONETARY_BASE,triangulation,old_vs_aux,AMBSL,AMBNS,6,60,1943-05-01,1948-04-01,60,1,1,0,computed
MONETARY_BASE,triangulation,old_vs_aux,AMBSL,AMBNS,6,60,1943-06-01,1948-05-01,60,1,1,0,computed
MONETARY_BASE,triangulation,old_vs_aux,AMBSL,AMBNS,6,60,1943-07-01,1948-06-01,60,1,1,0,computed
MONETARY_BASE,triangulation,old_vs_aux,AMBSL,AMBNS,6,60,1943-08-01,1948-07-01,60,1,1,0,computed
MONETARY_BASE,triangulation,old_vs_aux,AMBSL,AMBNS,6,60,1943-09-01,1948-08-01,60,1,1,0,computed
MONETARY_BASE,triangulation,old_vs_aux,AMBSL,AMBNS,6,60,1943-10-01,1948-09-01,60,1,1,0,computed
MONETARY_BASE,triangulation,old_vs_aux,AMBSL,AMBNS,6,60,1943-11-01,1948-10-01,60,1,1,0,computed
MONETARY_BASE,triangulation,old_vs_aux,AMBSL,AMBNS,6,60,1943-12-01,1948-11-01,60,1,1,0,computed
MONETARY_BASE,triangulation,old_vs_aux,AMBSL,AMBNS,6,60,1944-01-01,1948-12-01,60,1,1,0,computed
MONETARY_BASE,triangulation,old_vs_aux,AMBSL,AMBNS,6,60,1944-02-01,1949-01-01,60,1,1,0,computed
MONETARY_BASE,triangulation,old_vs_aux,AMBSL,AMBNS,6,60,1944-03-01,1949-02-01,60,1,1,0,computed
MONETARY_BASE,triangulation,old_vs_aux,AMBSL,AMBNS,6,60,1944-04-01,1949-03-01,60,1,1,0,computed
MONETARY_BASE,triangulation,old_vs_aux,AMBSL,AMBNS,6,60,1944-05-01,1949-04-01,60,1,1,0,computed
MONETARY_BASE,triangulation,old_vs_aux,AMBSL,AMBNS,6,60,1944-06-01,1949-05-01,60,1,1,0,computed
MONETARY_BASE,triangulation,old_vs_aux,AMBSL,AMBNS,6,60,1944-07-01,1949-06-01,60,1,1,0,computed
MONETARY_BASE,triangulation,old_vs_aux,AMBSL,AMBNS,6,60,1944-08-01,1949-07-01,60,1,1,0,computed
MONETARY_BASE,triangulation,old_vs_aux,AMBSL,AMBNS,6,60,1944-09-01,1949-08-01,60,1,1,0,computed
MONETARY_BASE,triangulation,old_vs_aux,AMBSL,AMBNS,6,60,1944-10-01,1949-09-01,60,1,1,0,computed
MONETARY_BASE,triangulation,old_vs_aux,AMBSL,AMBNS,6,60,1944-11-01,1949-10-01,60,1,1,0,computed
MONETARY_BASE,triangulation,old_vs_aux,AMBSL,AMBNS,6,60,1944-12-01,1949-11-01,60,1,1,0,computed
MONETARY_BASE,triangulation,old_vs_aux,AMBSL,AMBNS,6,60,1945-01-01,1949-12-01,60,1,1,0,computed
MONETARY_BASE,triangulation,old_vs_aux,AMBSL,AMBNS,6,60,1945-02-01,1950-01-01,60,0.996158681378716,0.974578855281641,0.0909473888232128,computed
MONETARY_BASE,triangulation,old_vs_aux,AMBSL,AMBNS,6,60,1945-03-01,1950-02-01,60,0.959515683676906,0.955318680316085,0.282634326712297,computed
MONETARY_BASE,triangulation,old_vs_aux,AMBSL,AMBNS,6,60,1945-04-01,1950-03-01,60,0.94199614734099,0.972055185489703,0.336967097551178,computed
MONETARY_BASE,triangulation,old_vs_aux,AMBSL,AMBNS,6,60,1945-05-01,1950-04-01,60,0.940279663366798,0.972742387445954,0.341990116251064,computed
MONETARY_BASE,triangulation,old_vs_aux,AMBSL,AMBNS,6,60,1945-06-01,1950-05-01,60,0.938441689600014,0.972473819870155,0.347126254950379,computed
MONETARY_BASE,triangulation,old_vs_aux,AMBSL,AMBNS,6,60,1945-07-01,1950-06-01,60,0.93016071292834,0.973249672218263,0.369903600706235,computed
MONETARY_BASE,triangulation,old_vs_aux,AMBSL,AMBNS,6,60,1945-08-01,1950-07-01,60,0.925143695034044,0.971316504859051,0.382461842509467,computed
MONETARY_BASE,triangulation,old_vs_aux,AMBSL,AMBNS,6,60,1945-09-01,1950-08-01,60,0.917342366343069,0.974236934484478,0.402177834025912,computed
MONETARY_BASE,triangulation,old_vs_aux,AMBSL,AMBNS,6,60,1945-10-01,1950-09-01,60,0.911892047628428,0.99073956637951,0.418055307279153,computed
MONETARY_BASE,triangulation,old_vs_aux,AMBSL,AMBNS,6,60,1945-11-01,1950-10-01,60,0.910314894913149,0.992662972269134,0.422056563903351,computed
MONETARY_BASE,triangulation,old_vs_aux,AMBSL,AMBNS,6,60,1945-12-01,1950-11-01,60,0.90989061536077,0.991489616367236,0.422883381156178,computed
MONETARY_BASE,triangulation,old_vs_aux,AMBSL,AMBNS,6,60,1946-01-01,1950-12-01,60,0.903646459452836,1.02399791815921,0.445761314153984,computed
MONETARY_BASE,triangulation,old_vs_aux,AMBSL,AMBNS,6,60,1946-02-01,1951-01-01,60,0.820910934710752,1.18241789269506,0.676708200909747,computed
MONETARY_BASE,triangulation,old_vs_aux,AMBSL,AMBNS,6,60,1946-03-01,1951-02-01,60,0.820153006107151,1.18526049674965,0.679212022973134,computed
MONETARY_BASE,triangulation,old_vs_aux,AMBSL,AMBNS,6,60,1946-04-01,1951-03-01,60,0.811252398156948,1.21118728539046,0.708391466992027,computed
MONETARY_BASE,triangulation,old_vs_aux,AMBSL,AMBNS,6,60,1946-05-01,1951-04-01,60,0.81049149202202,1.21248410117885,0.710441050040706,computed
MONETARY_BASE,triangulation,old_vs_aux,AMBSL,AMBNS,6,60,1946-06-01,1951-05-01,60,0.812330749883287,1.20715441213797,0.704281640543171,computed
MONETARY_BASE,triangulation,old_vs_aux,AMBSL,AMBNS,6,60,1946-07-01,1951-06-01,60,0.815907087360009,1.22687093040139,0.709495578830739,computed
MONETARY_BASE,triangulation,old_vs_aux,AMBSL,AMBNS,6,60,1946-08-01,1951-07-01,60,0.816048545721678,1.23131678631415,0.711726391212421,computed
MONETARY_BASE,triangulation,old_vs_aux,AMBSL,AMBNS,6,60,1946-09-01,1951-08-01,60,0.813572821765193,1.23343673398697,0.717221353711195,computed
MONETARY_BASE,triangulation,old_vs_aux,AMBSL,AMBNS,6,60,1946-10-01,1951-09-01,60,0.8108695119639,1.24024333055432,0.725903250938752,computed
MONETARY_BASE,triangulation,old_vs_aux,AMBSL,AMBNS,6,60,1946-11-01,1951-10-01,60,0.810388417170172,1.2374847934229,0.725053620972349,computed
MONETARY_BASE,triangulation,old_vs_aux,AMBSL,AMBNS,6,60,1946-12-01,1951-11-01,60,0.812649616598685,1.22519022532461,0.714059981781327,computed
MONETARY_BASE,triangulation,old_vs_aux,AMBSL,AMBNS,6,60,1947-01-01,1951-12-01,60,0.813312018340761,1.24441652780702,0.724665904278982,computed
MONETARY_BASE,triangulation,old_vs_aux,AMBSL,AMBNS,6,60,1947-02-01,1952-01-01,60,0.731900124610791,1.34554592346173,0.917671848409985,computed
MONETARY_BASE,triangulation,old_vs_aux,AMBSL,AMBNS,6,60,1947-03-01,1952-02-01,60,0.731547968036593,1.33320509696126,0.90969732820494,computed
MONETARY_BASE,triangulation,old_vs_aux,AMBSL,AMBNS,6,60,1947-04-01,1952-03-01,60,0.726251299043843,1.36974543141378,0.941618650311864,computed
MONETARY_BASE,triangulation,old_vs_aux,AMBSL,AMBNS,6,60,1947-05-01,1952-04-01,60,0.732562462326115,1.36259337521866,0.927526199721498,computed
MONETARY_BASE,triangulation,old_vs_aux,AMBSL,AMBNS,6,60,1947-06-01,1952-05-01,60,0.735670050543856,1.35924762132817,0.920675014253475,computed
MONETARY_BASE,triangulation,old_vs_aux,AMBSL,AMBNS,6,60,1947-07-01,1952-06-01,60,0.733126784041409,1.36919438522334,0.931295318262154,computed
MONETARY_BASE,triangulation,old_vs_aux,AMBSL,AMBNS,6,60,1947-08-01,1952-07-01,60,0.732675942767463,1.37083883568783,0.933000734257331,computed
MONETARY_BASE,triangulation,old_vs_aux,AMBSL,AMBNS,6,60,1947-09-01,1952-08-01,60,0.732709282434777,1.37649629050005,0.936813850847975,computed
MONETARY_BASE,triangulation,old_vs_aux,AMBSL,AMBNS,6,60,1947-10-01,1952-09-01,60,0.725264624837828,1.40093587164498,0.964671256498524,computed
MONETARY_BASE,triangulation,old_vs_aux,AMBSL,AMBNS,6,60,1947-11-01,1952-10-01,60,0.716846093965423,1.42069421438647,0.990732367344087,computed
MONETARY_BASE,triangulation,old_vs_aux,AMBSL,AMBNS,6,60,1947-12-01,1952-11-01,60,0.71656236591244,1.42306872099878,0.992881362898001,computed
MONETARY_BASE,triangulation,old_vs_aux,AMBSL,AMBNS,6,60,1948-01-01,1952-12-01,60,0.705580474603234,1.44861998718609,1.0272359024574,computed
MONETARY_BASE,triangulation,old_vs_aux,AMBSL,AMBNS,6,60,1948-02-01,1953-01-01,60,0.64957353427498,1.62387355396438,1.23646238137357,computed
MONETARY_BASE,triangulation,old_vs_aux,AMBSL,AMBNS,6,60,1948-03-01,1953-02-01,60,0.645814991479202,1.63821969072549,1.25248512001035,computed
MONETARY_BASE,triangulation,old_vs_aux,AMBSL,AMBNS,6,60,1948-04-01,1953-03-01,60,0.62633608101388,1.66916986859014,1.30200100805207,computed
MONETARY_BASE,triangulation,old_vs_aux,AMBSL,AMBNS,6,60,1948-05-01,1953-04-01,60,0.626788764202207,1.66992516712033,1.30203916513686,computed
MONETARY_BASE,triangulation,old_vs_aux,AMBSL,AMBNS,6,60,1948-06-01,1953-05-01,60,0.626972915569807,1.6725824665948,1.30392322743714,computed
MONETARY_BASE,triangulation,old_vs_aux,AMBSL,AMBNS,6,60,1948-07-01,1953-06-01,60,0.62177912608228,1.68801555421062,1.32308250892935,computed
MONETARY_BASE,triangulation,old_vs_aux,AMBSL,AMBNS,6,60,1948-08-01,1953-07-01,60,0.619966470294927,1.69093978100323,1.32766276936621,computed
MONETARY_BASE,triangulation,old_vs_aux,AMBSL,AMBNS,6,60,1948-09-01,1953-08-01,60,0.619947860486996,1.6956965670267,1.33151484690453,computed
MONETARY_BASE,triangulation,old_vs_aux,AMBSL,AMBNS,6,60,1948-10-01,1953-09-01,60,0.613276595582282,1.70675566276336,1.34896812376661,computed
MONETARY_BASE,triangulation,old_vs_aux,AMBSL,AMBNS,6,60,1948-11-01,1953-10-01,60,0.601917972846143,1.74568266184646,1.39496457594894,computed
MONETARY_BASE,triangulation,old_vs_aux,AMBSL,AMBNS,6,60,1948-12-01,1953-11-01,60,0.60084520288392,1.75315499419762,1.40248353241807,computed
MONETARY_BASE,triangulation,old_vs_aux,AMBSL,AMBNS,6,60,1949-01-01,1953-12-01,60,0.59281521406824,1.75615030084425,1.41535813638031,computed
MONETARY_BASE,triangulation,old_vs_aux,AMBSL,AMBNS,6,60,1949-02-01,1954-01-01,60,0.48651153754925,1.85547282085487,1.6246439345621,computed
MONETARY_BASE,triangulation,old_vs_aux,AMBSL,AMBNS,6,60,1949-03-01,1954-02-01,60,0.494013906488748,1.79558710723909,1.56562936687054,computed
MONETARY_BASE,triangulation,old_vs_aux,AMBSL,AMBNS,6,60,1949-04-01,1954-03-01,60,0.489985701473115,1.85110502185511,1.61634255212764,computed
MONETARY_BASE,triangulation,old_vs_aux,AMBSL,AMBNS,6,60,1949-05-01,1954-04-01,60,0.489905385899492,1.85139443318742,1.61668416266587,computed
MONETARY_BASE,triangulation,old_vs_aux,AMBSL,AMBNS,6,60,1949-06-01,1954-05-01,60,0.489979728702927,1.85313512354301,1.61806036095179,computed
MONETARY_BASE,triangulation,old_vs_aux,AMBSL,AMBNS,6,60,1949-07-01,1954-06-01,60,0.485294419268591,1.85406283350245,1.62430468070339,computed
MONETARY_BASE,triangulation,old_vs_aux,AMBSL,AMBNS,6,60,1949-08-01,1954-07-01,60,0.480616077666286,1.87237808734028,1.64502332106624,computed
MONETARY_BASE,triangulation,old_vs_aux,AMBSL,AMBNS,6,60,1949-09-01,1954-08-01,60,0.471560619038919,1.87990551740561,1.66165738094734,computed
MONETARY_BASE,triangulation,old_vs_aux,AMBSL,AMBNS,6,60,1949-10-01,1954-09-01,60,0.466883321220611,1.86383652583868,1.65336350633663,computed
MONETARY_BASE,triangulation,old_vs_aux,AMBSL,AMBNS,6,60,1949-11-01,1954-10-01,60,0.4712396987372,1.83816938167881,1.62679311328108,computed
MONETARY_BASE,triangulation,old_vs_aux,AMBSL,AMBNS,6,60,1949-12-01,1954-11-01,60,0.470262906851925,1.83692460121409,1.6269004555108,computed
MONETARY_BASE,triangulation,old_vs_aux,AMBSL,AMBNS,6,60,1950-01-01,1954-12-01,60,0.455607337493491,1.83105184017245,1.63879354480264,computed
MONETARY_BASE,triangulation,old_vs_aux,AMBSL,AMBNS,6,60,1950-02-01,1955-01-01,60,0.368894707531004,2.09961101631644,1.96576155082688,computed
MONETARY_BASE,triangulation,old_vs_aux,AMBSL,AMBNS,6,60,1950-03-01,1955-02-01,60,0.408840795474004,2.22509389503259,2.03264088400049,computed
MONETARY_BASE,triangulation,old_vs_aux,AMBSL,AMBNS,6,60,1950-04-01,1955-03-01,60,0.398593623083049,2.20183519701204,2.02306814215328,computed
MONETARY_BASE,triangulation,old_vs_aux,AMBSL,AMBNS,6,60,1950-05-01,1955-04-01,60,0.401566746419333,2.18333161320718,2.00336272745377,computed
MONETARY_BASE,triangulation,old_vs_aux,AMBSL,AMBNS,6,60,1950-06-01,1955-05-01,60,0.401514394245358,2.17914478900617,1.99969392799268,computed
MONETARY_BASE,triangulation,old_vs_aux,AMBSL,AMBNS,6,60,1950-07-01,1955-06-01,60,0.40371629105383,2.17903313969806,1.99718885896463,computed
MONETARY_BASE,triangulation,old_vs_aux,AMBSL,AMBNS,6,60,1950-08-01,1955-07-01,60,0.405820767778287,2.15978494875229,1.97780287765161,computed
MONETARY_BASE,triangulation,old_vs_aux,AMBSL,AMBNS,6,60,1950-09-01,1955-08-01,60,0.408259773860801,2.16150487480484,1.97666194216007,computed
MONETARY_BASE,triangulation,old_vs_aux,AMBSL,AMBNS,6,60,1950-10-01,1955-09-01,60,0.395403503757179,2.15489924902953,1.98481924160694,computed
MONETARY_BASE,triangulation,old_vs_aux,AMBSL,AMBNS,6,60,1950-11-01,1955-10-01,60,0.393918223967474,2.14668774468853,1.9791510409689,computed
MONETARY_BASE,triangulation,old_vs_aux,AMBSL,AMBNS,6,60,1950-12-01,1955-11-01,60,0.392001628302661,2.15321400297742,1.98701111471208,computed
MONETARY_BASE,triangulation,old_vs_aux,AMBSL,AMBNS,6,60,1951-01-01,1955-12-01,60,0.359562495036399,2.16790274806695,2.03489785649844,computed
MONETARY_BASE,triangulation,old_vs_aux,AMBSL,AMBNS,6,60,1951-02-01,1956-01-01,60,0.28289192867562,2.11950662693122,2.07199054548759,computed
MONETARY_BASE,triangulation,old_vs_aux,AMBSL,AMBNS,6,60,1951-03-01,1956-02-01,60,0.279416220736786,2.1107657053099,2.06779603332313,computed
MONETARY_BASE,triangulation,old_vs_aux,AMBSL,AMBNS,6,60,1951-04-01,1956-03-01,60,0.286180893366357,2.11677647483349,2.06619969862208,computed
MONETARY_BASE,triangulation,old_vs_aux,AMBSL,AMBNS,6,60,1951-05-01,1956-04-01,60,0.292720594256587,2.0977719063218,2.04268795459054,computed
MONETARY_BASE,triangulation,old_vs_aux,AMBSL,AMBNS,6,60,1951-06-01,1956-05-01,60,0.280521887523695,2.140815262807,2.09332859882556,computed
MONETARY_BASE,triangulation,old_vs_aux,AMBSL,AMBNS,6,60,1951-07-01,1956-06-01,60,0.244787951262898,2.16571639314077,2.15175457094198,computed
MONETARY_BASE,triangulation,old_vs_aux,AMBSL,AMBNS,6,60,1951-08-01,1956-07-01,60,0.239863111258861,2.16732424262462,2.15814406455991,computed
MONETARY_BASE,triangulation,old_vs_aux,AMBSL,AMBNS,6,60,1951-09-01,1956-08-01,60,0.239425605000871,2.17113651545722,2.16198683303934,computed
MONETARY_BASE,triangulation,old_vs_aux,AMBSL,AMBNS,6,60,1951-10-01,1956-09-01,60,0.24568656202383,2.16599274565443,2.15110320432651,computed
MONETARY_BASE,triangulation,old_vs_aux,AMBSL,AMBNS,6,60,1951-11-01,1956-10-01,60,0.250790453903985,2.17267314296659,2.15191821863018,computed
MONETARY_BASE,triangulation,old_vs_aux,AMBSL,AMBNS,6,60,1951-12-01,1956-11-01,60,0.245564550764309,2.25474191596083,2.23080561620272,computed
MONETARY_BASE,triangulation,old_vs_aux,AMBSL,AMBNS,6,60,1952-01-01,1956-12-01,60,0.20503651690755,2.25366644835327,2.2704320033498,computed
MONETARY_BASE,triangulation,old_vs_aux,AMBSL,AMBNS,6,60,1952-02-01,1957-01-01,60,0.261022203976392,2.35210449404232,2.30315345474287,computed
MONETARY_BASE,triangulation,old_vs_aux,AMBSL,AMBNS,6,60,1952-03-01,1957-02-01,60,0.255032479029471,2.42340561038248,2.37420225769501,computed
MONETARY_BASE,triangulation,old_vs_aux,AMBSL,AMBNS,6,60,1952-04-01,1957-03-01,60,0.227115734996645,2.44619518187582,2.42337348220845,computed
MONETARY_BASE,triangulation,old_vs_aux,AMBSL,AMBNS,6,60,1952-05-01,1957-04-01,60,0.193225468929182,2.55546667639291,2.55791566731609,computed
MONETARY_BASE,triangulation,old_vs_aux,AMBSL,AMBNS,6,60,1952-06-01,1957-05-01,60,0.183536051391752,2.58267749494083,2.59272645542592,computed
MONETARY_BASE,triangulation,old_vs_aux,AMBSL,AMBNS,6,60,1952-07-01,1957-06-01,60,0.195063916393728,2.55605709407697,2.55660962529221,computed
MONETARY_BASE,triangulation,old_vs_aux,AMBSL,AMBNS,6,60,1952-08-01,1957-07-01,60,0.194458600167556,2.55381124669418,2.55514397734801,computed
MONETARY_BASE,triangulation,old_vs_aux,AMBSL,AMBNS,6,60,1952-09-01,1957-08-01,60,0.199400771647493,2.56049410368966,2.55636873217089,computed
MONETARY_BASE,triangulation,old_vs_aux,AMBSL,AMBNS,6,60,1952-10-01,1957-09-01,60,0.195290810879393,2.56462163397617,2.56429762930908,computed
MONETARY_BASE,triangulation,old_vs_aux,AMBSL,AMBNS,6,60,1952-11-01,1957-10-01,60,0.193282143441613,2.56853090948503,2.56991698344182,computed
MONETARY_BASE,triangulation,old_vs_aux,AMBSL,AMBNS,6,60,1952-12-01,1957-11-01,60,0.189843005607925,2.5700317628464,2.57473481193705,computed
MONETARY_BASE,triangulation,old_vs_aux,AMBSL,AMBNS,6,60,1953-01-01,1957-12-01,60,0.207845537743553,2.57044125957267,2.55708850156644,computed
MONETARY_BASE,triangulation,old_vs_aux,AMBSL,AMBNS,6,60,1953-02-01,1958-01-01,60,0.225893961503999,2.6176773768262,2.58256458363476,computed
MONETARY_BASE,triangulation,old_vs_aux,AMBSL,AMBNS,6,60,1953-03-01,1958-02-01,60,0.231198691826285,2.60598850290883,2.56637076645649,computed
MONETARY_BASE,triangulation,old_vs_aux,AMBSL,AMBNS,6,60,1953-04-01,1958-03-01,60,0.250418081119728,2.64715094995825,2.58488299214262,computed
MONETARY_BASE,triangulation,old_vs_aux,AMBSL,AMBNS,6,60,1953-05-01,1958-04-01,60,0.248887142579507,2.6416677893102,2.58140650231587,computed
MONETARY_BASE,triangulation,old_vs_aux,AMBSL,AMBNS,6,60,1953-06-01,1958-05-01,60,0.243329710374916,2.65712818336837,2.60140031084454,computed
MONETARY_BASE,triangulation,old_vs_aux,AMBSL,AMBNS,6,60,1953-07-01,1958-06-01,60,0.24389276996971,2.64892639792609,2.59320918762823,computed
MONETARY_BASE,triangulation,old_vs_aux,AMBSL,AMBNS,6,60,1953-08-01,1958-07-01,60,0.250993061044743,2.61992849433677,2.55909007343497,computed
MONETARY_BASE,triangulation,old_vs_aux,AMBSL,AMBNS,6,60,1953-09-01,1958-08-01,60,0.239707450330237,2.60197497990635,2.55399162756486,computed
MONETARY_BASE,triangulation,old_vs_aux,AMBSL,AMBNS,6,60,1953-10-01,1958-09-01,60,0.240914771039293,2.56248963227781,2.51629764656935,computed
MONETARY_BASE,triangulation,old_vs_aux,AMBSL,AMBNS,6,60,1953-11-01,1958-10-01,60,0.241211690734435,2.54582932727856,2.50062524112927,computed
MONETARY_BASE,triangulation,old_vs_aux,AMBSL,AMBNS,6,60,1953-12-01,1958-11-01,60,0.240620891010137,2.55179187753814,2.50671530876,computed
MONETARY_BASE,triangulation,old_vs_aux,AMBSL,AMBNS,6,60,1954-01-01,1958-12-01,60,0.247193199178851,2.57711631147722,2.52338625447497,computed
MONETARY_BASE,triangulation,old_vs_aux,AMBSL,AMBNS,6,60,1954-02-01,1959-01-01,60,0.329158826978976,2.83430661660521,2.67720538404412,computed
MONETARY_BASE,triangulation,old_vs_aux,AMBSL,AMBNS,6,60,1954-03-01,1959-02-01,60,0.31938352776296,3.07590290388099,2.91488183358737,computed
MONETARY_BASE,triangulation,old_vs_aux,AMBSL,AMBNS,6,60,1954-04-01,1959-03-01,60,0.280808441268334,3.06940882234157,2.94914207014271,computed
MONETARY_BASE,triangulation,old_vs_aux,AMBSL,AMBNS,6,60,1954-05-01,1959-04-01,60,0.283844503385257,3.06243344705155,2.93942432954341,computed
MONETARY_BASE,triangulation,old_vs_aux,AMBSL,AMBNS,6,60,1954-06-01,1959-05-01,60,0.281177000919385,3.07816098852826,2.95704773049784,computed
MONETARY_BASE,triangulation,old_vs_aux,AMBSL,AMBNS,6,60,1954-07-01,1959-06-01,60,0.285168878619157,3.0734621881658,2.94844488148474,computed
MONETARY_BASE,triangulation,old_vs_aux,AMBSL,AMBNS,6,60,1954-08-01,1959-07-01,60,0.284859416677998,3.06564630008468,2.94138437259207,computed
MONETARY_BASE,triangulation,old_vs_aux,AMBSL,AMBNS,6,60,1954-09-01,1959-08-01,60,0.287696193655556,3.11590915443707,2.98597517606069,computed
MONETARY_BASE,triangulation,old_vs_aux,AMBSL,AMBNS,6,60,1954-10-01,1959-09-01,60,0.289760615272922,3.17203299108223,3.03704421831147,computed
MONETARY_BASE,triangulation,old_vs_aux,AMBSL,AMBNS,6,60,1954-11-01,1959-10-01,60,0.279493150102921,3.33976955956612,3.20736959740145,computed
MONETARY_BASE,triangulation,old_vs_aux,AMBSL,AMBNS,6,60,1954-12-01,1959-11-01,60,0.279886675961594,3.35074838672323,3.21743197542999,computed
MONETARY_BASE,triangulation,old_vs_aux,AMBSL,AMBNS,6,60,1955-01-01,1959-12-01,60,0.302874751554424,3.52878187763113,3.3637470639918,computed
MONETARY_BASE,triangulation,old_vs_aux,AMBSL,AMBNS,6,60,1955-02-01,1960-01-01,60,0.349584988169873,3.67644652126439,3.45627014661951,computed
MONETARY_BASE,triangulation,old_vs_aux,AMBSL,AMBNS,6,60,1955-03-01,1960-02-01,60,0.350093557150811,3.62217799006177,3.40355016320178,computed
MONETARY_BASE,triangulation,old_vs_aux,AMBSL,AMBNS,6,60,1955-04-01,1960-03-01,60,0.378571770397355,3.70209974485868,3.45000518387426,computed
MONETARY_BASE,triangulation,old_vs_aux,AMBSL,AMBNS,6,60,1955-05-01,1960-04-01,60,0.378024570571913,3.79094954195562,3.53630298080284,computed
MONETARY_BASE,triangulation,old_vs_aux,AMBSL,AMBNS,6,60,1955-06-01,1960-05-01,60,0.377620279238067,3.81302897233182,3.55801657551401,computed
MONETARY_BASE,triangulation,old_vs_aux,AMBSL,AMBNS,6,60,1955-07-01,1960-06-01,60,0.386150763436737,3.8557837689226,3.59017663691018,computed
MONETARY_BASE,triangulation,old_vs_aux,AMBSL,AMBNS,6,60,1955-08-01,1960-07-01,60,0.391888216251764,3.97043656883039,3.69494496437527,computed
MONETARY_BASE,triangulation,old_vs_aux,AMBSL,AMBNS,6,60,1955-09-01,1960-08-01,60,0.386739704659999,3.99118887001059,3.72055285807396,computed
MONETARY_BASE,triangulation,old_vs_aux,AMBSL,AMBNS,6,60,1955-10-01,1960-09-01,60,0.394579373901761,4.0046921179017,3.72523123375693,computed
MONETARY_BASE,triangulation,old_vs_aux,AMBSL,AMBNS,6,60,1955-11-01,1960-10-01,60,0.397048349953571,4.04569994512133,3.76231715501552,computed
MONETARY_BASE,triangulation,old_vs_aux,AMBSL,AMBNS,6,60,1955-12-01,1960-11-01,60,0.400784243773401,4.06939644937697,3.7812840223516,computed
MONETARY_BASE,triangulation,old_vs_aux,AMBSL,AMBNS,6,60,1956-01-01,1960-12-01,60,0.389889464722305,4.01775131572898,3.74291059851738,computed
MONETARY_BASE,triangulation,old_vs_aux,AMBSL,AMBNS,6,60,1956-02-01,1961-01-01,60,0.382996312780812,3.97194161557125,3.70593664993267,computed
MONETARY_BASE,triangulation,old_vs_aux,AMBSL,AMBNS,6,60,1956-03-01,1961-02-01,60,0.387644134175481,4.00645713599129,3.73440574688641,computed
MONETARY_BASE,triangulation,old_vs_aux,AMBSL,AMBNS,6,60,1956-04-01,1961-03-01,60,0.338715395551701,4.02075261869211,3.80035621344036,computed
MONETARY_BASE,triangulation,old_vs_aux,AMBSL,AMBNS,6,60,1956-05-01,1961-04-01,60,0.334663171812345,4.16209882776453,3.94176262060789,computed
MONETARY_BASE,triangulation,old_vs_aux,AMBSL,AMBNS,6,60,1956-06-01,1961-05-01,60,0.333939545051053,4.16687942738669,3.94714081242664,computed
MONETARY_BASE,triangulation,old_vs_aux,AMBSL,AMBNS,6,60,1956-07-01,1961-06-01,60,0.334773938219543,4.13952910823993,3.91972025879658,computed
MONETARY_BASE,triangulation,old_vs_aux,AMBSL,AMBNS,6,60,1956-08-01,1961-07-01,60,0.330373239406774,4.12548191149462,3.91073412191419,computed
MONETARY_BASE,triangulation,old_vs_aux,AMBSL,AMBNS,6,60,1956-09-01,1961-08-01,60,0.313610426084587,4.0304003614084,3.83616908757034,computed
MONETARY_BASE,triangulation,old_vs_aux,AMBSL,AMBNS,6,60,1956-10-01,1961-09-01,60,0.2983423435456,4.04671984988266,3.86799492062684,computed
MONETARY_BASE,triangulation,old_vs_aux,AMBSL,AMBNS,6,60,1956-11-01,1961-10-01,60,0.289893568173243,4.12488886279875,3.95261429617059,computed
MONETARY_BASE,triangulation,old_vs_aux,AMBSL,AMBNS,6,60,1956-12-01,1961-11-01,60,0.264209268014643,4.27669847851981,4.12678144217261,computed
MONETARY_BASE,triangulation,old_vs_aux,AMBSL,AMBNS,6,60,1957-01-01,1961-12-01,60,0.274007892363347,4.3241459469245,4.16275690569717,computed
MONETARY_BASE,triangulation,old_vs_aux,AMBSL,AMBNS,6,60,1957-02-01,1962-01-01,60,0.215300312512143,4.23467428127338,4.13634685519401,computed
MONETARY_BASE,triangulation,old_vs_aux,AMBSL,AMBNS,6,60,1957-03-01,1962-02-01,60,0.220236942698593,4.19379611908596,4.09155952484386,computed
MONETARY_BASE,triangulation,old_vs_aux,AMBSL,AMBNS,6,60,1957-04-01,1962-03-01,60,0.242711786828193,4.16906469515709,4.04442997576123,computed
MONETARY_BASE,triangulation,old_vs_aux,AMBSL,AMBNS,6,60,1957-05-01,1962-04-01,60,0.241925569736728,4.19234913149079,4.06785508480308,computed
MONETARY_BASE,triangulation,old_vs_aux,AMBSL,AMBNS,6,60,1957-06-01,1962-05-01,60,0.234907220250706,4.3627657036964,4.24075969420674,computed
MONETARY_BASE,triangulation,old_vs_aux,AMBSL,AMBNS,6,60,1957-07-01,1962-06-01,60,0.210346357904226,4.48072616359626,4.38086115995457,computed
MONETARY_BASE,triangulation,old_vs_aux,AMBSL,AMBNS,6,60,1957-08-01,1962-07-01,60,0.210665727686222,4.47966503819805,4.37950250961858,computed
MONETARY_BASE,triangulation,old_vs_aux,AMBSL,AMBNS,6,60,1957-09-01,1962-08-01,60,0.190527115529619,4.54513714504959,4.46389400125533,computed
MONETARY_BASE,triangulation,old_vs_aux,AMBSL,AMBNS,6,60,1957-10-01,1962-09-01,60,0.170471323768076,4.54273320345067,4.48192373684974,computed
MONETARY_BASE,triangulation,old_vs_aux,AMBSL,AMBNS,6,60,1957-11-01,1962-10-01,60,0.171900395399512,4.43323597274484,4.37372055173473,computed
MONETARY_BASE,triangulation,old_vs_aux,AMBSL,AMBNS,6,60,1957-12-01,1962-11-01,60,0.170274907542329,4.43090133080985,4.37309859198615,computed
MONETARY_BASE,triangulation,old_vs_aux,AMBSL,AMBNS,6,60,1958-01-01,1962-12-01,60,0.139888235477744,4.49541081113288,4.4666576290432,computed
MONETARY_BASE,triangulation,old_vs_aux,AMBSL,AMBNS,6,60,1958-02-01,1963-01-01,60,0.0742623506922911,4.44829949195756,4.4863389878062,computed
MONETARY_BASE,triangulation,old_vs_aux,AMBSL,AMBNS,6,60,1958-03-01,1963-02-01,60,0.0591728025555617,4.49965530438822,4.55132423709574,computed
MONETARY_BASE,triangulation,old_vs_aux,AMBSL,AMBNS,6,60,1958-04-01,1963-03-01,60,0.0367334213445596,4.51550129029437,4.58890646242443,computed
MONETARY_BASE,triangulation,old_vs_aux,AMBSL,AMBNS,6,60,1958-05-01,1963-04-01,60,0.0344858018760874,4.55161817259674,4.62637867354799,computed
MONETARY_BASE,triangulation,old_vs_aux,AMBSL,AMBNS,6,60,1958-06-01,1963-05-01,60,0.030566332169424,4.57689762305561,4.65491806212302,computed
MONETARY_BASE,triangulation,old_vs_aux,AMBSL,AMBNS,6,60,1958-07-01,1963-06-01,60,0.0255233973536714,4.53639570274619,4.62031611113413,computed
MONETARY_BASE,triangulation,old_vs_aux,AMBSL,AMBNS,6,60,1958-08-01,1963-07-01,60,0.0192922718888907,4.62746104227825,4.71538517622431,computed
MONETARY_BASE,triangulation,old_vs_aux,AMBSL,AMBNS,6,60,1958-09-01,1963-08-01,60,0.07908551023981,4.62937355312766,4.65820929317773,computed
MONETARY_BASE,triangulation,old_vs_aux,AMBSL,AMBNS,6,60,1958-10-01,1963-09-01,60,0.0969390468638154,4.8745874704081,4.88021884189072,computed
MONETARY_BASE,triangulation,old_vs_aux,AMBSL,AMBNS,6,60,1958-11-01,1963-10-01,60,0.0973474943931767,4.96565809730588,4.96900107067026,computed
MONETARY_BASE,triangulation,old_vs_aux,AMBSL,AMBNS,6,60,1958-12-01,1963-11-01,60,0.103077202544252,4.94892201974536,4.94687960879412,computed
MONETARY_BASE,triangulation,old_vs_aux,AMBSL,AMBNS,6,60,1959-01-01,1963-12-01,60,0.140588023480352,4.80272644581553,4.76610763512162,computed
MONETARY_BASE,triangulation,old_vs_aux,AMBSL,AMBNS,6,60,1959-02-01,1964-01-01,60,0.297911098924871,4.38771516622754,4.19978678450127,computed
MONETARY_BASE,triangulation,old_vs_aux,AMBSL,AMBNS,6,60,1959-03-01,1964-02-01,60,0.293549762701353,4.40092211883705,4.2171516989063,computed
MONETARY_BASE,triangulation,old_vs_aux,AMBSL,AMBNS,6,60,1959-04-01,1964-03-01,60,0.352567245202783,4.42475382702053,4.17832776881408,computed
MONETARY_BASE,triangulation,old_vs_aux,AMBSL,AMBNS,6,60,1959-05-01,1964-04-01,60,0.343818509610011,4.40754849930087,4.17081869644036,computed
MONETARY_BASE,triangulation,old_vs_aux,AMBSL,AMBNS,6,60,1959-06-01,1964-05-01,60,0.341736284124739,4.40788687714069,4.17335945166364,computed
MONETARY_BASE,triangulation,old_vs_aux,AMBSL,AMBNS,6,60,1959-07-01,1964-06-01,60,0.353223563779385,4.43471144958467,4.18733597600408,computed
MONETARY_BASE,triangulation,old_vs_aux,AMBSL,AMBNS,6,60,1959-08-01,1964-07-01,60,0.352337012448744,4.37403697904098,4.12915599769161,computed
MONETARY_BASE,triangulation,old_vs_aux,AMBSL,AMBNS,6,60,1959-09-01,1964-08-01,60,0.336682276783846,4.31325828594721,4.08655017479313,computed
MONETARY_BASE,triangulation,old_vs_aux,AMBSL,AMBNS,6,60,1959-10-01,1964-09-01,60,0.34537221222352,4.40220009178853,4.16396098970389,computed
MONETARY_BASE,triangulation,old_vs_aux,AMBSL,AMBNS,6,60,1959-11-01,1964-10-01,60,0.348320690759406,4.36118241649523,4.12088978910624,computed
MONETARY_BASE,triangulation,old_vs_aux,AMBSL,AMBNS,6,60,1959-12-01,1964-11-01,60,0.353342539123302,4.36145879791076,4.11584075114457,computed
MONETARY_BASE,triangulation,old_vs_aux,AMBSL,AMBNS,6,60,1960-01-01,1964-12-01,60,0.334104059635639,4.34792288725936,4.12299857510768,computed
MONETARY_BASE,triangulation,old_vs_aux,AMBSL,AMBNS,6,60,1960-02-01,1965-01-01,60,0.347065868105402,4.31070109280894,4.07312835768121,computed
MONETARY_BASE,triangulation,old_vs_aux,AMBSL,AMBNS,6,60,1960-03-01,1965-02-01,60,0.343149673062831,4.38482432052002,4.1493838347839,computed
MONETARY_BASE,triangulation,old_vs_aux,AMBSL,AMBNS,6,60,1960-04-01,1965-03-01,60,0.310186971756413,4.33748252475969,4.13798203616887,computed
MONETARY_BASE,triangulation,old_vs_aux,AMBSL,AMBNS,6,60,1960-05-01,1965-04-01,60,0.30786917741597,4.34209888241396,4.14490557551534,computed
MONETARY_BASE,triangulation,old_vs_aux,AMBSL,AMBNS,6,60,1960-06-01,1965-05-01,60,0.310262746964555,4.34678347977851,4.14697553732953,computed
MONETARY_BASE,triangulation,old_vs_aux,AMBSL,AMBNS,6,60,1960-07-01,1965-06-01,60,0.320526790205942,4.34750154410088,4.13688520609084,computed
MONETARY_BASE,triangulation,old_vs_aux,AMBSL,AMBNS,6,60,1960-08-01,1965-07-01,60,0.318499922821117,4.36011888014871,4.15129551518333,computed
MONETARY_BASE,triangulation,old_vs_aux,AMBSL,AMBNS,6,60,1960-09-01,1965-08-01,60,0.314391130060646,4.36297067191631,4.1583975906154,computed
MONETARY_BASE,triangulation,old_vs_aux,AMBSL,AMBNS,6,60,1960-10-01,1965-09-01,60,0.308184093898404,4.36999380410245,4.17172890727438,computed
MONETARY_BASE,triangulation,old_vs_aux,AMBSL,AMBNS,6,60,1960-11-01,1965-10-01,60,0.308224856261254,4.30249596527162,4.10599600396018,computed
MONETARY_BASE,triangulation,old_vs_aux,AMBSL,AMBNS,6,60,1960-12-01,1965-11-01,60,0.29904169777646,4.21457211551615,4.03013146344725,computed
MONETARY_BASE,triangulation,old_vs_aux,AMBSL,AMBNS,6,60,1961-01-01,1965-12-01,60,0.32561505818946,4.27021988720403,4.0563394864723,computed
MONETARY_BASE,triangulation,old_vs_aux,AMBSL,AMBNS,6,60,1961-02-01,1966-01-01,60,0.422000740039777,4.3166672592854,3.99884810137914,computed
MONETARY_BASE,triangulation,old_vs_aux,AMBSL,AMBNS,6,60,1961-03-01,1966-02-01,60,0.419195420665547,4.30825396111128,3.99362804710703,computed
MONETARY_BASE,triangulation,old_vs_aux,AMBSL,AMBNS,6,60,1961-04-01,1966-03-01,60,0.434320673831018,4.35256457101161,4.02044885495738,computed
MONETARY_BASE,triangulation,old_vs_aux,AMBSL,AMBNS,6,60,1961-05-01,1966-04-01,60,0.437793199260621,4.34135137236148,4.00575979952499,computed
MONETARY_BASE,triangulation,old_vs_aux,AMBSL,AMBNS,6,60,1961-06-01,1966-05-01,60,0.441850158452308,4.32738677032425,3.98776576922098,computed
MONETARY_BASE,triangulation,old_vs_aux,AMBSL,AMBNS,6,60,1961-07-01,1966-06-01,60,0.429932013543422,4.35149439321563,4.02415640611226,computed
MONETARY_BASE,triangulation,old_vs_aux,AMBSL,AMBNS,6,60,1961-08-01,1966-07-01,60,0.432909140229997,4.30628112550909,3.97688674567409,computed
MONETARY_BASE,triangulation,old_vs_aux,AMBSL,AMBNS,6,60,1961-09-01,1966-08-01,60,0.488531953207923,4.25384466510187,3.86509777741501,computed
MONETARY_BASE,triangulation,old_vs_aux,AMBSL,AMBNS,6,60,1961-10-01,1966-09-01,60,0.504752608630729,4.16756450200571,3.76316955297491,computed
MONETARY_BASE,triangulation,old_vs_aux,AMBSL,AMBNS,6,60,1961-11-01,1966-10-01,60,0.504742406007533,4.12246380682269,3.71929338860505,computed
MONETARY_BASE,triangulation,old_vs_aux,AMBSL,AMBNS,6,60,1961-12-01,1966-11-01,60,0.514635946786242,4.11537279211893,3.70141758898817,computed
MONETARY_BASE,triangulation,old_vs_aux,AMBSL,AMBNS,6,60,1962-01-01,1966-12-01,60,0.51888320016753,4.13388105450643,3.7146983259068,computed
MONETARY_BASE,triangulation,old_vs_aux,AMBSL,AMBNS,6,60,1962-02-01,1967-01-01,60,0.521310119196931,4.08395046563914,3.66348628158985,computed
MONETARY_BASE,triangulation,old_vs_aux,AMBSL,AMBNS,6,60,1962-03-01,1967-02-01,60,0.518456025684453,4.12115846786378,3.70279369798728,computed
MONETARY_BASE,triangulation,old_vs_aux,AMBSL,AMBNS,6,60,1962-04-01,1967-03-01,60,0.516136689061493,4.11339758447244,3.69782528791418,computed
MONETARY_BASE,triangulation,old_vs_aux,AMBSL,AMBNS,6,60,1962-05-01,1967-04-01,60,0.493735623639083,3.83977834653694,3.45720123267887,computed
MONETARY_BASE,triangulation,old_vs_aux,AMBSL,AMBNS,6,60,1962-06-01,1967-05-01,60,0.485646883235597,3.78643152024684,3.41457807683511,computed
MONETARY_BASE,triangulation,old_vs_aux,AMBSL,AMBNS,6,60,1962-07-01,1967-06-01,60,0.489635265180403,3.79120151355097,3.4147617625399,computed
MONETARY_BASE,triangulation,old_vs_aux,AMBSL,AMBNS,6,60,1962-08-01,1967-07-01,60,0.489178791124125,3.78828746106212,3.4124537852335,computed
MONETARY_BASE,triangulation,old_vs_aux,AMBSL,AMBNS,6,60,1962-09-01,1967-08-01,60,0.492060906000675,3.78840179344521,3.40936175729723,computed
MONETARY_BASE,triangulation,old_vs_aux,AMBSL,AMBNS,6,60,1962-10-01,1967-09-01,60,0.503781997871891,3.79312216430485,3.40089070317175,computed
MONETARY_BASE,triangulation,old_vs_aux,AMBSL,AMBNS,6,60,1962-11-01,1967-10-01,60,0.505815121696776,3.86183430942619,3.46511432448165,computed
MONETARY_BASE,triangulation,old_vs_aux,AMBSL,AMBNS,6,60,1962-12-01,1967-11-01,60,0.505515538564848,3.85093443092467,3.4548984840031,computed
MONETARY_BASE,triangulation,old_vs_aux,AMBSL,AMBNS,6,60,1963-01-01,1967-12-01,60,0.506557870356286,3.85782909855082,3.46040731445461,computed
MONETARY_BASE,triangulation,old_vs_aux,AMBSL,AMBNS,6,60,1963-02-01,1968-01-01,60,0.494427095373157,3.78631632309635,3.40480468327456,computed
MONETARY_BASE,triangulation,old_vs_aux,AMBSL,AMBNS,6,60,1963-03-01,1968-02-01,60,0.496766667391748,3.80841617211913,3.42348616197053,computed
MONETARY_BASE,triangulation,old_vs_aux,AMBSL,AMBNS,6,60,1963-04-01,1968-03-01,60,0.509749532430041,3.79486897157365,3.39591226020875,computed
MONETARY_BASE,triangulation,old_vs_aux,AMBSL,AMBNS,6,60,1963-05-01,1968-04-01,60,0.502997784259557,3.76638684277562,3.37590207840017,computed
MONETARY_BASE,triangulation,old_vs_aux,AMBSL,AMBNS,6,60,1963-06-01,1968-05-01,60,0.504389370865928,3.7730175247484,3.38075892112389,computed
MONETARY_BASE,triangulation,old_vs_aux,AMBSL,AMBNS,6,60,1963-07-01,1968-06-01,60,0.51519477394749,3.75954940806945,3.35566386031446,computed
MONETARY_BASE,triangulation,old_vs_aux,AMBSL,AMBNS,6,60,1963-08-01,1968-07-01,60,0.51202723378312,3.78158444052886,3.38050855736068,computed
MONETARY_BASE,triangulation,old_vs_aux,AMBSL,AMBNS,6,60,1963-09-01,1968-08-01,60,0.483568175629912,3.8044179698666,3.43426933089003,computed
MONETARY_BASE,triangulation,old_vs_aux,AMBSL,AMBNS,6,60,1963-10-01,1968-09-01,60,0.474240072689711,3.80093906540351,3.44124908821114,computed
MONETARY_BASE,triangulation,old_vs_aux,AMBSL,AMBNS,6,60,1963-11-01,1968-10-01,60,0.473940772015286,3.80796305250096,3.4483456356914,computed
MONETARY_BASE,triangulation,old_vs_aux,AMBSL,AMBNS,6,60,1963-12-01,1968-11-01,60,0.469097053080572,3.8120182842636,3.4576171173417,computed
MONETARY_BASE,triangulation,old_vs_aux,AMBSL,AMBNS,6,60,1964-01-01,1968-12-01,60,0.446151892106775,3.86511561662238,3.53415795218101,computed
MONETARY_BASE,triangulation,old_vs_aux,AMBSL,AMBNS,6,60,1964-02-01,1969-01-01,60,0.32264954987073,3.94606350113912,3.74514491037287,computed
MONETARY_BASE,triangulation,old_vs_aux,AMBSL,AMBNS,6,60,1964-03-01,1969-02-01,60,0.33070503540258,3.96285297724821,3.75275008252652,computed
MONETARY_BASE,triangulation,old_vs_aux,AMBSL,AMBNS,6,60,1964-04-01,1969-03-01,60,0.279650990379661,3.95792972012741,3.80152627227178,computed
MONETARY_BASE,triangulation,old_vs_aux,AMBSL,AMBNS,6,60,1964-05-01,1969-04-01,60,0.28125080405096,3.99916034967161,3.83976171430341,computed
MONETARY_BASE,triangulation,old_vs_aux,AMBSL,AMBNS,6,60,1964-06-01,1969-05-01,60,0.284366149290461,3.82215010879124,3.66540160256674,computed
MONETARY_BASE,triangulation,old_vs_aux,AMBSL,AMBNS,6,60,1964-07-01,1969-06-01,60,0.277099189039633,3.7522711712721,3.60559257737911,computed
MONETARY_BASE,triangulation,old_vs_aux,AMBSL,AMBNS,6,60,1964-08-01,1969-07-01,60,0.272190324965519,3.73018668513537,3.58938064304739,computed
MONETARY_BASE,triangulation,old_vs_aux,AMBSL,AMBNS,6,60,1964-09-01,1969-08-01,60,0.26493583076184,3.43909349449917,3.31739483833338,computed
MONETARY_BASE,triangulation,old_vs_aux,AMBSL,AMBNS,6,60,1964-10-01,1969-09-01,60,0.265170318643577,3.33863278661291,3.22119296661105,computed
MONETARY_BASE,triangulation,old_vs_aux,AMBSL,AMBNS,6,60,1964-11-01,1969-10-01,60,0.263738363470216,3.35352218516999,3.23685154959057,computed
MONETARY_BASE,triangulation,old_vs_aux,AMBSL,AMBNS,6,60,1964-12-01,1969-11-01,60,0.271356513490887,3.32243976639455,3.19929807260277,computed
MONETARY_BASE,triangulation,old_vs_aux,AMBSL,AMBNS,6,60,1965-01-01,1969-12-01,60,0.264499604575043,3.25675574616925,3.14383534446075,computed
MONETARY_BASE,triangulation,old_vs_aux,AMBSL,AMBNS,6,60,1965-02-01,1970-01-01,60,0.278545548055212,3.16984307639225,3.0467978716272,computed
MONETARY_BASE,triangulation,old_vs_aux,AMBSL,AMBNS,6,60,1965-03-01,1970-02-01,60,0.278654048197055,3.20725562163527,3.08205488604816,computed
MONETARY_BASE,triangulation,old_vs_aux,AMBSL,AMBNS,6,60,1965-04-01,1970-03-01,60,0.288303540028037,3.22418071626489,3.08808793516118,computed
MONETARY_BASE,triangulation,old_vs_aux,AMBSL,AMBNS,6,60,1965-05-01,1970-04-01,60,0.311470050966205,3.17409547804631,3.01622888218152,computed
MONETARY_BASE,triangulation,old_vs_aux,AMBSL,AMBNS,6,60,1965-06-01,1970-05-01,60,0.312398260355275,3.16601310034631,3.00760751074917,computed
MONETARY_BASE,triangulation,old_vs_aux,AMBSL,AMBNS,6,60,1965-07-01,1970-06-01,60,0.306150675682487,3.15184900179691,3.00077780319054,computed
MONETARY_BASE,triangulation,old_vs_aux,AMBSL,AMBNS,6,60,1965-08-01,1970-07-01,60,0.308269847325773,3.15709521667404,3.00346116304977,computed
MONETARY_BASE,triangulation,old_vs_aux,AMBSL,AMBNS,6,60,1965-09-01,1970-08-01,60,0.303715814144554,3.14289627273846,2.99478348749359,computed
MONETARY_BASE,triangulation,old_vs_aux,AMBSL,AMBNS,6,60,1965-10-01,1970-09-01,60,0.309211669778956,3.12972941166052,2.97657211712765,computed
MONETARY_BASE,triangulation,old_vs_aux,AMBSL,AMBNS,6,60,1965-11-01,1970-10-01,60,0.305709100626193,3.11766807857663,2.96878100838352,computed
MONETARY_BASE,triangulation,old_vs_aux,AMBSL,AMBNS,6,60,1965-12-01,1970-11-01,60,0.311334460370752,3.15699897831801,3.00015255218144,computed
MONETARY_BASE,triangulation,old_vs_aux,AMBSL,AMBNS,6,60,1966-01-01,1970-12-01,60,0.310181612314496,3.15193537361028,2.99657705511206,computed
MONETARY_BASE,triangulation,old_vs_aux,AMBSL,AMBNS,6,60,1966-02-01,1971-01-01,60,0.279284729080195,3.03265252020134,2.91617231552133,computed
MONETARY_BASE,triangulation,old_vs_aux,AMBSL,AMBNS,6,60,1966-03-01,1971-02-01,60,0.268830583611352,3.04490598197166,2.9384265773341,computed
MONETARY_BASE,triangulation,old_vs_aux,AMBSL,AMBNS,6,60,1966-04-01,1971-03-01,60,0.257546005935292,3.02169764482434,2.92817456423487,computed
MONETARY_BASE,triangulation,old_vs_aux,AMBSL,AMBNS,6,60,1966-05-01,1971-04-01,60,0.247028141179145,3.02123971390212,2.9385903168788,computed
MONETARY_BASE,triangulation,old_vs_aux,AMBSL,AMBNS,6,60,1966-06-01,1971-05-01,60,0.241338909685247,2.97484820096831,2.90069153276877,computed
MONETARY_BASE,triangulation,old_vs_aux,AMBSL,AMBNS,6,60,1966-07-01,1971-06-01,60,0.251441827384065,2.95900662427146,2.87545997524313,computed
MONETARY_BASE,triangulation,old_vs_aux,AMBSL,AMBNS,6,60,1966-08-01,1971-07-01,60,0.251576668162403,3.00409556520885,2.91772127875184,computed
MONETARY_BASE,triangulation,old_vs_aux,AMBSL,AMBNS,6,60,1966-09-01,1971-08-01,60,0.214876359503749,3.07958949158031,3.02661794625384,computed
MONETARY_BASE,triangulation,old_vs_aux,AMBSL,AMBNS,6,60,1966-10-01,1971-09-01,60,0.192291060046817,3.11876004590503,3.08667275035105,computed
MONETARY_BASE,triangulation,old_vs_aux,AMBSL,AMBNS,6,60,1966-11-01,1971-10-01,60,0.185684530036063,3.08997963170667,3.06601665959433,computed
MONETARY_BASE,triangulation,old_vs_aux,AMBSL,AMBNS,6,60,1966-12-01,1971-11-01,60,0.188046411281285,3.06900852977094,3.04378449981869,computed
MONETARY_BASE,triangulation,old_vs_aux,AMBSL,AMBNS,6,60,1967-01-01,1971-12-01,60,0.176609407993922,3.01982656868872,3.00879961732557,computed
MONETARY_BASE,triangulation,old_vs_aux,AMBSL,AMBNS,6,60,1967-02-01,1972-01-01,60,0.165390251224263,2.83856941645807,2.84948447820345,computed
MONETARY_BASE,triangulation,old_vs_aux,AMBSL,AMBNS,6,60,1967-03-01,1972-02-01,60,0.147377502291505,2.83889236964083,2.86750624473534,computed
MONETARY_BASE,triangulation,old_vs_aux,AMBSL,AMBNS,6,60,1967-04-01,1972-03-01,60,0.0773341904640737,2.69870842176287,2.80457474328801,computed
MONETARY_BASE,triangulation,old_vs_aux,AMBSL,AMBNS,6,60,1967-05-01,1972-04-01,60,0.079068327403993,2.86609983546828,2.95997342778577,computed
MONETARY_BASE,triangulation,old_vs_aux,AMBSL,AMBNS,6,60,1967-06-01,1972-05-01,60,0.0803333688127141,2.91271042848431,3.00267541478129,computed
MONETARY_BASE,triangulation,old_vs_aux,AMBSL,AMBNS,6,60,1967-07-01,1972-06-01,60,0.0758450833958633,2.89417683282361,2.98965010545528,computed
MONETARY_BASE,triangulation,old_vs_aux,AMBSL,AMBNS,6,60,1967-08-01,1972-07-01,60,0.0687692224999212,2.89403906521543,2.99624580441197,computed
MONETARY_BASE,triangulation,old_vs_aux,AMBSL,AMBNS,6,60,1967-09-01,1972-08-01,60,0.0524792629144918,2.88224184693767,3.00080122359143,computed
MONETARY_BASE,triangulation,old_vs_aux,AMBSL,AMBNS,6,60,1967-10-01,1972-09-01,60,0.0406708829049529,2.86746620355598,2.99822448689302,computed
MONETARY_BASE,triangulation,old_vs_aux,AMBSL,AMBNS,6,60,1967-11-01,1972-10-01,60,0.0701230549211282,2.8266843544957,2.93150481663777,computed
MONETARY_BASE,triangulation,old_vs_aux,AMBSL,AMBNS,6,60,1967-12-01,1972-11-01,60,0.0726487796844281,2.80935464862485,2.91278194667615,computed
MONETARY_BASE,triangulation,old_vs_aux,AMBSL,AMBNS,6,60,1968-01-01,1972-12-01,60,0.0742061005653602,2.80042367334787,2.90291927889951,computed
MONETARY_BASE,triangulation,old_vs_aux,AMBSL,AMBNS,6,60,1968-02-01,1973-01-01,60,0.0549846874234116,2.65548005802596,2.78574063262952,computed
MONETARY_BASE,triangulation,old_vs_aux,AMBSL,AMBNS,6,60,1968-03-01,1973-02-01,60,0.121071805764533,2.67810642793543,2.74296969857442,computed
MONETARY_BASE,triangulation,old_vs_aux,AMBSL,AMBNS,6,60,1968-04-01,1973-03-01,60,0.167322133741284,2.70708182076207,2.72442365031655,computed
MONETARY_BASE,triangulation,old_vs_aux,AMBSL,AMBNS,6,60,1968-05-01,1973-04-01,60,0.165624003906174,2.70358956269995,2.72287336252554,computed
MONETARY_BASE,triangulation,old_vs_aux,AMBSL,AMBNS,6,60,1968-06-01,1973-05-01,60,0.173857920275416,2.70305708050965,2.71415836658199,computed
MONETARY_BASE,triangulation,old_vs_aux,AMBSL,AMBNS,6,60,1968-07-01,1973-06-01,60,0.162043539754659,2.71214414869111,2.73445751367619,computed
MONETARY_BASE,triangulation,old_vs_aux,AMBSL,AMBNS,6,60,1968-08-01,1973-07-01,60,0.205130781058363,2.68871049354903,2.66948009306468,computed
MONETARY_BASE,triangulation,old_vs_aux,AMBSL,AMBNS,6,60,1968-09-01,1973-08-01,60,0.298312793805267,2.61902855361845,2.50933249312253,computed
MONETARY_BASE,triangulation,old_vs_aux,AMBSL,AMBNS,6,60,1968-10-01,1973-09-01,60,0.305975291509008,2.61131864592738,2.49421860561964,computed
MONETARY_BASE,triangulation,old_vs_aux,AMBSL,AMBNS,6,60,1968-11-01,1973-10-01,60,0.309455787318989,2.6168091762531,2.4956226080333,computed
MONETARY_BASE,triangulation,old_vs_aux,AMBSL,AMBNS,6,60,1968-12-01,1973-11-01,60,0.307651863718873,2.59258484899765,2.47513014651896,computed
MONETARY_BASE,triangulation,old_vs_aux,AMBSL,AMBNS,6,60,1969-01-01,1973-12-01,60,0.319336652626765,2.58787793721775,2.45854292035577,computed
MONETARY_BASE,triangulation,old_vs_aux,AMBSL,AMBNS,6,60,1969-02-01,1974-01-01,60,0.309648385326013,2.4922734727986,2.38083457850519,computed
MONETARY_BASE,triangulation,old_vs_aux,AMBSL,AMBNS,6,60,1969-03-01,1974-02-01,60,0.303762733582471,2.53623374061429,2.42731420143541,computed
MONETARY_BASE,triangulation,old_vs_aux,AMBSL,AMBNS,6,60,1969-04-01,1974-03-01,60,0.281750729726586,2.55067629112367,2.46350066778377,computed
MONETARY_BASE,triangulation,old_vs_aux,AMBSL,AMBNS,6,60,1969-05-01,1974-04-01,60,0.31124130756491,2.51465827087541,2.39965720914991,computed
MONETARY_BASE,triangulation,old_vs_aux,AMBSL,AMBNS,6,60,1969-06-01,1974-05-01,60,0.322260019790738,2.55767172364502,2.42759427607645,computed
MONETARY_BASE,triangulation,old_vs_aux,AMBSL,AMBNS,6,60,1969-07-01,1974-06-01,60,0.321447233527763,2.58282681204041,2.45169135756758,computed
MONETARY_BASE,triangulation,old_vs_aux,AMBSL,AMBNS,6,60,1969-08-01,1974-07-01,60,0.323690678902888,2.6305629527512,2.49337356538093,computed
MONETARY_BASE,triangulation,old_vs_aux,AMBSL,AMBNS,6,60,1969-09-01,1974-08-01,60,0.35834115524493,2.80853645543436,2.62203823018447,computed
MONETARY_BASE,triangulation,old_vs_aux,AMBSL,AMBNS,6,60,1969-10-01,1974-09-01,60,0.363460865096471,2.84517450698609,2.65083381094557,computed
MONETARY_BASE,triangulation,old_vs_aux,AMBSL,AMBNS,6,60,1969-11-01,1974-10-01,60,0.358720909722542,2.8488725550277,2.65936256478186,computed
MONETARY_BASE,triangulation,old_vs_aux,AMBSL,AMBNS,6,60,1969-12-01,1974-11-01,60,0.350488143484815,2.86502012982317,2.68329323160139,computed
MONETARY_BASE,triangulation,old_vs_aux,AMBSL,AMBNS,6,60,1970-01-01,1974-12-01,60,0.370058496602163,2.91098083182762,2.70545040825573,computed
MONETARY_BASE,triangulation,old_vs_aux,AMBSL,AMBNS,6,60,1970-02-01,1975-01-01,60,0.469581239437494,2.73643200286014,2.43275027539103,computed
MONETARY_BASE,triangulation,old_vs_aux,AMBSL,AMBNS,6,60,1970-03-01,1975-02-01,60,0.418109222971187,2.49167978884268,2.26387047523256,computed
MONETARY_BASE,triangulation,old_vs_aux,AMBSL,AMBNS,6,60,1970-04-01,1975-03-01,60,0.386505334619578,2.48699658701842,2.29409266178891,computed
MONETARY_BASE,triangulation,old_vs_aux,AMBSL,AMBNS,6,60,1970-05-01,1975-04-01,60,0.366400859760444,2.4905332663677,2.31901723931776,computed
MONETARY_BASE,triangulation,old_vs_aux,AMBSL,AMBNS,6,60,1970-06-01,1975-05-01,60,0.368499501890538,2.49921921726067,2.32469076094152,computed
MONETARY_BASE,triangulation,old_vs_aux,AMBSL,AMBNS,6,60,1970-07-01,1975-06-01,60,0.407130532260216,2.25116558993727,2.05786237242115,computed
MONETARY_BASE,triangulation,old_vs_aux,AMBSL,AMBNS,6,60,1970-08-01,1975-07-01,60,0.419291487106938,2.00794081708122,1.82975651029076,computed
MONETARY_BASE,triangulation,old_vs_aux,AMBSL,AMBNS,6,60,1970-09-01,1975-08-01,60,0.40904340307641,1.9836331909748,1.81989973004177,computed
MONETARY_BASE,triangulation,old_vs_aux,AMBSL,AMBNS,6,60,1970-10-01,1975-09-01,60,0.407931961680138,1.98429877782953,1.82168836258594,computed
MONETARY_BASE,triangulation,old_vs_aux,AMBSL,AMBNS,6,60,1970-11-01,1975-10-01,60,0.40417683805772,1.98766818591202,1.82869023184869,computed
MONETARY_BASE,triangulation,old_vs_aux,AMBSL,AMBNS,6,60,1970-12-01,1975-11-01,60,0.41690117802209,1.97870778326019,1.80706410270108,computed
MONETARY_BASE,triangulation,old_vs_aux,AMBSL,AMBNS,6,60,1971-01-01,1975-12-01,60,0.411181438765013,1.96154100951825,1.79849477982444,computed
MONETARY_BASE,triangulation,old_vs_aux,AMBSL,AMBNS,6,60,1971-02-01,1976-01-01,60,0.455171076925086,1.95061290323832,1.74045400478594,computed
MONETARY_BASE,triangulation,old_vs_aux,AMBSL,AMBNS,6,60,1971-03-01,1976-02-01,60,0.432964743654216,1.84950431125563,1.67906508222853,computed
MONETARY_BASE,triangulation,old_vs_aux,AMBSL,AMBNS,6,60,1971-04-01,1976-03-01,60,0.422868900519302,1.88302031769063,1.71851941818044,computed
MONETARY_BASE,triangulation,old_vs_aux,AMBSL,AMBNS,6,60,1971-05-01,1976-04-01,60,0.423131040756581,1.87933735272542,1.71508946249688,computed
MONETARY_BASE,triangulation,old_vs_aux,AMBSL,AMBNS,6,60,1971-06-01,1976-05-01,60,0.42339432766199,1.89461320789945,1.72778298975015,computed
MONETARY_BASE,triangulation,old_vs_aux,AMBSL,AMBNS,6,60,1971-07-01,1976-06-01,60,0.421464590361802,1.89625678224832,1.73129815448511,computed
MONETARY_BASE,triangulation,old_vs_aux,AMBSL,AMBNS,6,60,1971-08-01,1976-07-01,60,0.412852534580558,1.88182963608574,1.72842476744444,computed
MONETARY_BASE,triangulation,old_vs_aux,AMBSL,AMBNS,6,60,1971-09-01,1976-08-01,60,0.393807192170013,1.848477219314,1.72075294867762,computed
MONETARY_BASE,triangulation,old_vs_aux,AMBSL,AMBNS,6,60,1971-10-01,1976-09-01,60,0.392874265587451,1.84239396182671,1.71661310259475,computed
MONETARY_BASE,triangulation,old_vs_aux,AMBSL,AMBNS,6,60,1971-11-01,1976-10-01,60,0.393301918614409,1.85817943045642,1.72950772259805,computed
MONETARY_BASE,triangulation,old_vs_aux,AMBSL,AMBNS,6,60,1971-12-01,1976-11-01,60,0.393466904128043,1.86114305865975,1.73185500939153,computed
MONETARY_BASE,triangulation,old_vs_aux,AMBSL,AMBNS,6,60,1972-01-01,1976-12-01,60,0.398845108461958,1.85128984090796,1.71771484656971,computed
MONETARY_BASE,triangulation,old_vs_aux,AMBSL,AMBNS,6,60,1972-02-01,1977-01-01,60,0.400449065538542,1.8453408967857,1.71095184684767,computed
MONETARY_BASE,triangulation,old_vs_aux,AMBSL,AMBNS,6,60,1972-03-01,1977-02-01,60,0.418404063150487,1.87808573854848,1.71921439405207,computed
MONETARY_BASE,triangulation,old_vs_aux,AMBSL,AMBNS,6,60,1972-04-01,1977-03-01,60,0.447000091668384,1.96568139248645,1.76256287815112,computed
MONETARY_BASE,triangulation,old_vs_aux,AMBSL,AMBNS,6,60,1972-05-01,1977-04-01,60,0.4423617012899,1.95966362097235,1.76253506379584,computed
MONETARY_BASE,triangulation,old_vs_aux,AMBSL,AMBNS,6,60,1972-06-01,1977-05-01,60,0.445130391758074,1.96423303710306,1.7633917496919,computed
MONETARY_BASE,triangulation,old_vs_aux,AMBSL,AMBNS,6,60,1972-07-01,1977-06-01,60,0.445727485667284,1.96534541550716,1.76367981514221,computed
MONETARY_BASE,triangulation,old_vs_aux,AMBSL,AMBNS,6,60,1972-08-01,1977-07-01,60,0.457132757550209,1.97173631044499,1.75643269827386,computed
MONETARY_BASE,triangulation,old_vs_aux,AMBSL,AMBNS,6,60,1972-09-01,1977-08-01,60,0.471370867479393,1.98751625464219,1.75399744723119,computed
MONETARY_BASE,triangulation,old_vs_aux,AMBSL,AMBNS,6,60,1972-10-01,1977-09-01,60,0.471042930177137,1.9897400760972,1.7562914762708,computed
MONETARY_BASE,triangulation,old_vs_aux,AMBSL,AMBNS,6,60,1972-11-01,1977-10-01,60,0.468305712739802,1.9970897058732,1.76575541855015,computed
MONETARY_BASE,triangulation,old_vs_aux,AMBSL,AMBNS,6,60,1972-12-01,1977-11-01,60,0.46776898987391,1.99829288414923,1.76741120250402,computed
MONETARY_BASE,triangulation,old_vs_aux,AMBSL,AMBNS,6,60,1973-01-01,1977-12-01,60,0.471692700810633,1.98925039354205,1.75513964058138,computed
MONETARY_BASE,triangulation,old_vs_aux,AMBSL,AMBNS,6,60,1973-02-01,1978-01-01,60,0.486890725280352,2.01174822508694,1.75731368067355,computed
MONETARY_BASE,triangulation,old_vs_aux,AMBSL,AMBNS,6,60,1973-03-01,1978-02-01,60,0.460206138073404,1.99708935034868,1.77489972817531,computed
MONETARY_BASE,triangulation,old_vs_aux,AMBSL,AMBNS,6,60,1973-04-01,1978-03-01,60,0.414428181457949,1.96155059508258,1.7949511422468,computed
MONETARY_BASE,triangulation,old_vs_aux,AMBSL,AMBNS,6,60,1973-05-01,1978-04-01,60,0.421971913701199,1.9702084362613,1.79415070273379,computed
MONETARY_BASE,triangulation,old_vs_aux,AMBSL,AMBNS,6,60,1973-06-01,1978-05-01,60,0.41583888763128,1.96666161804732,1.79781910944227,computed
MONETARY_BASE,triangulation,old_vs_aux,AMBSL,AMBNS,6,60,1973-07-01,1978-06-01,60,0.416270575894919,1.96647835288246,1.79718613346403,computed
MONETARY_BASE,triangulation,old_vs_aux,AMBSL,AMBNS,6,60,1973-08-01,1978-07-01,60,0.397896928708253,1.96691141750253,1.81755041984285,computed
MONETARY_BASE,triangulation,old_vs_aux,AMBSL,AMBNS,6,60,1973-09-01,1978-08-01,60,0.367930867967916,1.98305588086215,1.86366756138554,computed
MONETARY_BASE,triangulation,old_vs_aux,AMBSL,AMBNS,6,60,1973-10-01,1978-09-01,60,0.369863309025313,1.98163385453286,1.86037974235163,computed
MONETARY_BASE,triangulation,old_vs_aux,AMBSL,AMBNS,6,60,1973-11-01,1978-10-01,60,0.367506605520268,1.9819875979986,1.86319784781497,computed
MONETARY_BASE,triangulation,old_vs_aux,AMBSL,AMBNS,6,60,1973-12-01,1978-11-01,60,0.367644513251067,1.98414028133245,1.86491486210658,computed
MONETARY_BASE,triangulation,old_vs_aux,AMBSL,AMBNS,6,60,1974-01-01,1978-12-01,60,0.36339678276456,1.97670308216375,1.86298654392794,computed
MONETARY_BASE,triangulation,old_vs_aux,AMBSL,AMBNS,6,60,1974-02-01,1979-01-01,60,0.364347213152635,1.98769163763146,1.87151462463855,computed
MONETARY_BASE,triangulation,old_vs_aux,AMBSL,AMBNS,6,60,1974-03-01,1979-02-01,60,0.37489880190975,1.98339410199231,1.85653167768301,computed
MONETARY_BASE,triangulation,old_vs_aux,AMBSL,AMBNS,6,60,1974-04-01,1979-03-01,60,0.402121093962456,2.01966264488829,1.85869361663049,computed
MONETARY_BASE,triangulation,old_vs_aux,AMBSL,AMBNS,6,60,1974-05-01,1979-04-01,60,0.387237483011696,2.03158296634949,1.88518433372979,computed
MONETARY_BASE,triangulation,old_vs_aux,AMBSL,AMBNS,6,60,1974-06-01,1979-05-01,60,0.380907477450232,2.03871553097026,1.89822469823577,computed
MONETARY_BASE,triangulation,old_vs_aux,AMBSL,AMBNS,6,60,1974-07-01,1979-06-01,60,0.382556745672957,2.03613075594798,1.89420211819299,computed
MONETARY_BASE,triangulation,old_vs_aux,AMBSL,AMBNS,6,60,1974-08-01,1979-07-01,60,0.382140654697272,2.03139947845635,1.89050881528522,computed
MONETARY_BASE,triangulation,old_vs_aux,AMBSL,AMBNS,6,60,1974-09-01,1979-08-01,60,0.372728516640711,2.02521698022549,1.8952033700153,computed
MONETARY_BASE,triangulation,old_vs_aux,AMBSL,AMBNS,6,60,1974-10-01,1979-09-01,60,0.369484881291399,2.02964898346269,1.90253963546944,computed
MONETARY_BASE,triangulation,old_vs_aux,AMBSL,AMBNS,6,60,1974-11-01,1979-10-01,60,0.373844868832746,2.03133021659968,1.89934341282449,computed
MONETARY_BASE,triangulation,old_vs_aux,AMBSL,AMBNS,6,60,1974-12-01,1979-11-01,60,0.374845872820689,2.00927453884579,1.87905504675089,computed
MONETARY_BASE,triangulation,old_vs_aux,AMBSL,AMBNS,6,60,1975-01-01,1979-12-01,60,0.377607168320255,2.00546125155206,1.87278757846676,computed
MONETARY_BASE,triangulation,old_vs_aux,AMBSL,AMBNS,6,60,1975-02-01,1980-01-01,60,0.315592253408428,2.03132082350347,1.96067187620974,computed
MONETARY_BASE,triangulation,old_vs_aux,AMBSL,AMBNS,6,60,1975-03-01,1980-02-01,60,0.337499899545935,2.15403255970602,2.04594603073681,computed
MONETARY_BASE,triangulation,old_vs_aux,AMBSL,AMBNS,6,60,1975-04-01,1980-03-01,60,0.362485967904209,2.1833767899605,2.04554752532758,computed
MONETARY_BASE,triangulation,old_vs_aux,AMBSL,AMBNS,6,60,1975-05-01,1980-04-01,60,0.35884733479199,2.16375673724591,2.03197694693933,computed
MONETARY_BASE,triangulation,old_vs_aux,AMBSL,AMBNS,6,60,1975-06-01,1980-05-01,60,0.350957499338596,2.15875707441199,2.03592205772314,computed
MONETARY_BASE,triangulation,old_vs_aux,AMBSL,AMBNS,6,60,1975-07-01,1980-06-01,60,0.310703776593615,2.35599926968988,2.25538999788855,computed
MONETARY_BASE,triangulation,old_vs_aux,AMBSL,AMBNS,6,60,1975-08-01,1980-07-01,60,0.286049742883107,2.78202974644846,2.67359324401926,computed
MONETARY_BASE,triangulation,old_vs_aux,AMBSL,AMBNS,6,60,1975-09-01,1980-08-01,60,0.300754200905835,2.8426618993808,2.71493321210355,computed
MONETARY_BASE,triangulation,old_vs_aux,AMBSL,AMBNS,6,60,1975-10-01,1980-09-01,60,0.298887192310992,2.83962303809336,2.71405371225072,computed
MONETARY_BASE,triangulation,old_vs_aux,AMBSL,AMBNS,6,60,1975-11-01,1980-10-01,60,0.304235886514701,2.86494246984755,2.73215299166915,computed
MONETARY_BASE,triangulation,old_vs_aux,AMBSL,AMBNS,6,60,1975-12-01,1980-11-01,60,0.285001689200242,2.91933846901002,2.80330482015634,computed
MONETARY_BASE,triangulation,old_vs_aux,AMBSL,AMBNS,6,60,1976-01-01,1980-12-01,60,0.290660960590465,2.78158121935807,2.66837085708648,computed
MONETARY_BASE,triangulation,old_vs_aux,AMBSL,AMBNS,6,60,1976-02-01,1981-01-01,60,0.228103615311345,2.88053702916326,2.82554424022298,computed
MONETARY_BASE,triangulation,old_vs_aux,AMBSL,AMBNS,6,60,1976-03-01,1981-02-01,60,0.261383279022598,2.92609915460422,2.83416224045524,computed
MONETARY_BASE,triangulation,old_vs_aux,AMBSL,AMBNS,6,60,1976-04-01,1981-03-01,60,0.256580697430362,2.87225011679192,2.78853263076236,computed
MONETARY_BASE,triangulation,old_vs_aux,AMBSL,AMBNS,6,60,1976-05-01,1981-04-01,60,0.270759522576678,2.88983208438658,2.79038678192198,computed
MONETARY_BASE,triangulation,old_vs_aux,AMBSL,AMBNS,6,60,1976-06-01,1981-05-01,60,0.288915263769605,2.87172758376275,2.75453254758707,computed
MONETARY_BASE,triangulation,old_vs_aux,AMBSL,AMBNS,6,60,1976-07-01,1981-06-01,60,0.288576149942167,2.86284386201212,2.74658812286297,computed
MONETARY_BASE,triangulation,old_vs_aux,AMBSL,AMBNS,6,60,1976-08-01,1981-07-01,60,0.313458568634683,2.85262775218502,2.71094587670194,computed
MONETARY_BASE,triangulation,old_vs_aux,AMBSL,AMBNS,6,60,1976-09-01,1981-08-01,60,0.351930479427255,2.92816158294756,2.74101041977272,computed
MONETARY_BASE,triangulation,old_vs_aux,AMBSL,AMBNS,6,60,1976-10-01,1981-09-01,60,0.351675762706382,2.95185962483892,2.76357603088647,computed
MONETARY_BASE,triangulation,old_vs_aux,AMBSL,AMBNS,6,60,1976-11-01,1981-10-01,60,0.350203973640319,2.93698503763274,2.75115331484009,computed
MONETARY_BASE,triangulation,old_vs_aux,AMBSL,AMBNS,6,60,1976-12-01,1981-11-01,60,0.359461898219085,2.91221077299219,2.71796275719039,computed
MONETARY_BASE,triangulation,old_vs_aux,AMBSL,AMBNS,6,60,1977-01-01,1981-12-01,60,0.364125372180396,2.96355495885377,2.7612401030756,computed
MONETARY_BASE,triangulation,old_vs_aux,AMBSL,AMBNS,6,60,1977-02-01,1982-01-01,60,0.408071121713002,3.08429872425921,2.82772450005382,computed
MONETARY_BASE,triangulation,old_vs_aux,AMBSL,AMBNS,6,60,1977-03-01,1982-02-01,60,0.383944324407882,3.04640634054978,2.81804490766666,computed
MONETARY_BASE,triangulation,old_vs_aux,AMBSL,AMBNS,6,60,1977-04-01,1982-03-01,60,0.316399297273875,2.93743414927272,2.78742111603542,computed
MONETARY_BASE,triangulation,old_vs_aux,AMBSL,AMBNS,6,60,1977-05-01,1982-04-01,60,0.342760709765192,2.89772357014634,2.7222049270142,computed
MONETARY_BASE,triangulation,old_vs_aux,AMBSL,AMBNS,6,60,1977-06-01,1982-05-01,60,0.33864014405933,2.90630686455617,2.73463666669763,computed
MONETARY_BASE,triangulation,old_vs_aux,AMBSL,AMBNS,6,60,1977-07-01,1982-06-01,60,0.337418493632834,2.90670770854759,2.7363483868757,computed
MONETARY_BASE,triangulation,old_vs_aux,AMBSL,AMBNS,6,60,1977-08-01,1982-07-01,60,0.320165856679741,2.91412992636935,2.7615915838168,computed
MONETARY_BASE,triangulation,old_vs_aux,AMBSL,AMBNS,6,60,1977-09-01,1982-08-01,60,0.291406072181715,2.87533577815047,2.75531917255791,computed
MONETARY_BASE,triangulation,old_vs_aux,AMBSL,AMBNS,6,60,1977-10-01,1982-09-01,60,0.293716309529599,2.88456026165932,2.7615644569232,computed
MONETARY_BASE,triangulation,old_vs_aux,AMBSL,AMBNS,6,60,1977-11-01,1982-10-01,60,0.284331928879639,2.88654483871791,2.77324633325873,computed
MONETARY_BASE,triangulation,old_vs_aux,AMBSL,AMBNS,6,60,1977-12-01,1982-11-01,60,0.281298631264279,2.90146380051779,2.79036517016828,computed
MONETARY_BASE,triangulation,old_vs_aux,AMBSL,AMBNS,6,60,1978-01-01,1982-12-01,60,0.271280054493587,2.91933815406984,2.81756012500845,computed
MONETARY_BASE,triangulation,old_vs_aux,AMBSL,AMBNS,6,60,1978-02-01,1983-01-01,60,0.285594606537616,2.97316429046378,2.85340231216537,computed
MONETARY_BASE,triangulation,old_vs_aux,AMBSL,AMBNS,6,60,1978-03-01,1983-02-01,60,0.291258492009678,2.79821680277056,2.68329686358718,computed
MONETARY_BASE,triangulation,old_vs_aux,AMBSL,AMBNS,6,60,1978-04-01,1983-03-01,60,0.312442505602084,2.86318388716126,2.7218946675001,computed
MONETARY_BASE,triangulation,old_vs_aux,AMBSL,AMBNS,6,60,1978-05-01,1983-04-01,60,0.302533878995512,2.86282711853098,2.73195915179054,computed
MONETARY_BASE,triangulation,old_vs_aux,AMBSL,AMBNS,6,60,1978-06-01,1983-05-01,60,0.310995839772237,2.87879268054113,2.73804666732012,computed
MONETARY_BASE,triangulation,old_vs_aux,AMBSL,AMBNS,6,60,1978-07-01,1983-06-01,60,0.309380138752412,2.87594052922447,2.73711746971907,computed
MONETARY_BASE,triangulation,old_vs_aux,AMBSL,AMBNS,6,60,1978-08-01,1983-07-01,60,0.313543310262508,2.86891452876911,2.7261734525844,computed
MONETARY_BASE,triangulation,old_vs_aux,AMBSL,AMBNS,6,60,1978-09-01,1983-08-01,60,0.294742779462369,2.85134097801476,2.72934469382219,computed
MONETARY_BASE,triangulation,old_vs_aux,AMBSL,AMBNS,6,60,1978-10-01,1983-09-01,60,0.284051056956878,2.87079919249826,2.75873018881214,computed
MONETARY_BASE,triangulation,old_vs_aux,AMBSL,AMBNS,6,60,1978-11-01,1983-10-01,60,0.288058170047556,2.83504033582286,2.72113823395882,computed
MONETARY_BASE,triangulation,old_vs_aux,AMBSL,AMBNS,6,60,1978-12-01,1983-11-01,60,0.276958534147236,2.83195970410286,2.72972110095919,computed
MONETARY_BASE,triangulation,old_vs_aux,AMBSL,AMBNS,6,60,1979-01-01,1983-12-01,60,0.275623795662163,2.81711085757391,2.71721459012266,computed
MONETARY_BASE,triangulation,old_vs_aux,AMBSL,AMBNS,6,60,1979-02-01,1984-01-01,60,0.232221748070706,2.75542690140683,2.70425918524909,computed
MONETARY_BASE,triangulation,old_vs_aux,AMBSL,AMBNS,6,60,1979-03-01,1984-02-01,60,0.240181914413159,2.69754409180198,2.64215229415352,computed
MONETARY_BASE,triangulation,old_vs_aux,AMBSL,AMBNS,6,60,1979-04-01,1984-03-01,60,0.257065567730054,2.71923593524447,2.645074230824,computed
MONETARY_BASE,triangulation,old_vs_aux,AMBSL,AMBNS,6,60,1979-05-01,1984-04-01,60,0.254591496705012,2.70169821814042,2.63125731769205,computed
MONETARY_BASE,triangulation,old_vs_aux,AMBSL,AMBNS,6,60,1979-06-01,1984-05-01,60,0.252248436297781,2.69609437158518,2.6284611123917,computed
MONETARY_BASE,triangulation,old_vs_aux,AMBSL,AMBNS,6,60,1979-07-01,1984-06-01,60,0.248329521363062,2.70689804986517,2.64258656700705,computed
MONETARY_BASE,triangulation,old_vs_aux,AMBSL,AMBNS,6,60,1979-08-01,1984-07-01,60,0.247581545547055,2.69998210875429,2.63692432931249,computed
MONETARY_BASE,triangulation,old_vs_aux,AMBSL,AMBNS,6,60,1979-09-01,1984-08-01,60,0.258309734522773,2.68002911293842,2.60729981842685,computed
MONETARY_BASE,triangulation,old_vs_aux,AMBSL,AMBNS,6,60,1979-10-01,1984-09-01,60,0.266479242136548,2.66690231516056,2.58670111801092,computed
MONETARY_BASE,triangulation,old_vs_aux,AMBSL,AMBNS,6,60,1979-11-01,1984-10-01,60,0.267861065685707,2.63482195408077,2.55563483771855,computed
MONETARY_BASE,triangulation,old_vs_aux,AMBSL,AMBNS,6,60,1979-12-01,1984-11-01,60,0.299527557808948,2.6887048895637,2.57265929909931,computed
MONETARY_BASE,triangulation,old_vs_aux,AMBSL,AMBNS,6,60,1980-01-01,1984-12-01,60,0.287791847181027,2.67674378083608,2.57378863453852,computed
MONETARY_BASE,triangulation,old_vs_aux,AMBSL,AMBNS,6,60,1980-02-01,1985-01-01,60,0.25782477548472,2.70308981091323,2.62928281731208,computed
MONETARY_BASE,triangulation,old_vs_aux,AMBSL,AMBNS,6,60,1980-03-01,1985-02-01,60,0.263582389680024,2.69328145910945,2.61418558477815,computed
MONETARY_BASE,triangulation,old_vs_aux,AMBSL,AMBNS,6,60,1980-04-01,1985-03-01,60,0.26630787251038,2.7342102428377,2.64953170394879,computed
MONETARY_BASE,triangulation,old_vs_aux,AMBSL,AMBNS,6,60,1980-05-01,1985-04-01,60,0.276571033393374,2.77186772362633,2.67396140306369,computed
MONETARY_BASE,triangulation,old_vs_aux,AMBSL,AMBNS,6,60,1980-06-01,1985-05-01,60,0.278969498326914,2.73158582912054,2.63391933796758,computed
MONETARY_BASE,triangulation,old_vs_aux,AMBSL,AMBNS,6,60,1980-07-01,1985-06-01,60,0.274572279081491,2.7528863204561,2.65840130839783,computed
MONETARY_BASE,triangulation,old_vs_aux,AMBSL,AMBNS,6,60,1980-08-01,1985-07-01,60,0.278808734026889,2.74665194185418,2.64816400096046,computed
MONETARY_BASE,triangulation,old_vs_aux,AMBSL,AMBNS,6,60,1980-09-01,1985-08-01,60,0.281977812444371,2.74212970221415,2.64061996807234,computed
MONETARY_BASE,triangulation,old_vs_aux,AMBSL,AMBNS,6,60,1980-10-01,1985-09-01,60,0.28389442521457,2.74659481275812,2.64278679108271,computed
MONETARY_BASE,triangulation,old_vs_aux,AMBSL,AMBNS,6,60,1980-11-01,1985-10-01,60,0.287898407260076,2.72777157108374,2.62118284279293,computed
MONETARY_BASE,triangulation,old_vs_aux,AMBSL,AMBNS,6,60,1980-12-01,1985-11-01,60,0.277027346653448,2.74247591144826,2.64610696702473,computed
MONETARY_BASE,triangulation,old_vs_aux,AMBSL,AMBNS,6,60,1981-01-01,1985-12-01,60,0.303811450252833,2.7905538407546,2.6630276402865,computed
MONETARY_BASE,triangulation,old_vs_aux,AMBSL,AMBNS,6,60,1981-02-01,1986-01-01,60,0.43142384466739,2.69990249891541,2.44130607968748,computed
MONETARY_BASE,triangulation,old_vs_aux,AMBSL,AMBNS,6,60,1981-03-01,1986-02-01,60,0.444586548424997,2.89017046544009,2.60446228018946,computed
MONETARY_BASE,triangulation,old_vs_aux,AMBSL,AMBNS,6,60,1981-04-01,1986-03-01,60,0.518028475182378,2.9510661860486,2.57909033972298,computed
MONETARY_BASE,triangulation,old_vs_aux,AMBSL,AMBNS,6,60,1981-05-01,1986-04-01,60,0.514207801222071,2.91988726933248,2.55401666316263,computed
MONETARY_BASE,triangulation,old_vs_aux,AMBSL,AMBNS,6,60,1981-06-01,1986-05-01,60,0.500641501507729,2.92361356210828,2.57296558126185,computed
MONETARY_BASE,triangulation,old_vs_aux,AMBSL,AMBNS,6,60,1981-07-01,1986-06-01,60,0.500234555335962,2.94198877744501,2.59081793655339,computed
MONETARY_BASE,triangulation,old_vs_aux,AMBSL,AMBNS,6,60,1981-08-01,1986-07-01,60,0.494568275653167,2.98435206645007,2.63714163949167,computed
MONETARY_BASE,triangulation,old_vs_aux,AMBSL,AMBNS,6,60,1981-09-01,1986-08-01,60,0.482143626348083,2.98349323444161,2.65034885663739,computed
MONETARY_BASE,triangulation,old_vs_aux,AMBSL,AMBNS,6,60,1981-10-01,1986-09-01,60,0.480981420006742,2.97452950195843,2.64319658325692,computed
MONETARY_BASE,triangulation,old_vs_aux,AMBSL,AMBNS,6,60,1981-11-01,1986-10-01,60,0.482346273275663,2.9804041935055,2.6472564126713,computed
MONETARY_BASE,triangulation,old_vs_aux,AMBSL,AMBNS,6,60,1981-12-01,1986-11-01,60,0.482790996803507,3.03229082203547,2.69573695105674,computed
MONETARY_BASE,triangulation,old_vs_aux,AMBSL,AMBNS,6,60,1982-01-01,1986-12-01,60,0.482528827574356,3.03292624793734,2.69663661268553,computed
MONETARY_BASE,triangulation,old_vs_aux,AMBSL,AMBNS,6,60,1982-02-01,1987-01-01,60,0.503376260461371,3.05916209748361,2.69790346033708,computed
MONETARY_BASE,triangulation,old_vs_aux,AMBSL,AMBNS,6,60,1982-03-01,1987-02-01,60,0.501293685190287,3.04118339372413,2.68323401683797,computed
MONETARY_BASE,triangulation,old_vs_aux,AMBSL,AMBNS,6,60,1982-04-01,1987-03-01,60,0.453885703262975,2.86361731553353,2.56925217314772,computed
MONETARY_BASE,triangulation,old_vs_aux,AMBSL,AMBNS,6,60,1982-05-01,1987-04-01,60,0.454376806259418,2.71614009356257,2.43088675156699,computed
MONETARY_BASE,triangulation,old_vs_aux,AMBSL,AMBNS,6,60,1982-06-01,1987-05-01,60,0.448476988082858,2.70202061385866,2.42433058658014,computed
MONETARY_BASE,triangulation,old_vs_aux,AMBSL,AMBNS,6,60,1982-07-01,1987-06-01,60,0.43747328357657,2.49051262755882,2.24138508199172,computed
MONETARY_BASE,triangulation,old_vs_aux,AMBSL,AMBNS,6,60,1982-08-01,1987-07-01,60,0.434442989723637,2.46649425428969,2.22272494086007,computed
MONETARY_BASE,triangulation,old_vs_aux,AMBSL,AMBNS,6,60,1982-09-01,1987-08-01,60,0.430839551919794,2.45195293844304,2.21344043738202,computed
MONETARY_BASE,triangulation,old_vs_aux,AMBSL,AMBNS,6,60,1982-10-01,1987-09-01,60,0.428486062797702,2.4334155650548,2.19912865079073,computed
MONETARY_BASE,triangulation,old_vs_aux,AMBSL,AMBNS,6,60,1982-11-01,1987-10-01,60,0.43631122122033,2.37655364686529,2.13875747958421,computed
MONETARY_BASE,triangulation,old_vs_aux,AMBSL,AMBNS,6,60,1982-12-01,1987-11-01,60,0.420184609772927,2.30203453130551,2.08922021002188,computed
MONETARY_BASE,triangulation,old_vs_aux,AMBSL,AMBNS,6,60,1983-01-01,1987-12-01,60,0.423572769377444,2.30365980644777,2.08695646552468,computed
MONETARY_BASE,triangulation,old_vs_aux,AMBSL,AMBNS,6,60,1983-02-01,1988-01-01,60,0.386727365722302,2.27776269507496,2.10391458866822,computed
MONETARY_BASE,triangulation,old_vs_aux,AMBSL,AMBNS,6,60,1983-03-01,1988-02-01,60,0.405968100937641,2.33738080110309,2.13671466214257,computed
MONETARY_BASE,triangulation,old_vs_aux,AMBSL,AMBNS,6,60,1983-04-01,1988-03-01,60,0.409406512930875,2.36259551347014,2.15579241715356,computed
MONETARY_BASE,triangulation,old_vs_aux,AMBSL,AMBNS,6,60,1983-05-01,1988-04-01,60,0.432115885907721,2.25400748676323,2.03287961921301,computed
MONETARY_BASE,triangulation,old_vs_aux,AMBSL,AMBNS,6,60,1983-06-01,1988-05-01,60,0.468991637241832,2.19617407583455,1.93993087415237,computed
MONETARY_BASE,triangulation,old_vs_aux,AMBSL,AMBNS,6,60,1983-07-01,1988-06-01,60,0.478982512259437,2.2085307482914,1.9395826576751,computed
MONETARY_BASE,triangulation,old_vs_aux,AMBSL,AMBNS,6,60,1983-08-01,1988-07-01,60,0.477588673984819,2.2078577785639,1.94055161820126,computed
MONETARY_BASE,triangulation,old_vs_aux,AMBSL,AMBNS,6,60,1983-09-01,1988-08-01,60,0.491828508226553,2.20467744759878,1.92145073019846,computed
MONETARY_BASE,triangulation,old_vs_aux,AMBSL,AMBNS,6,60,1983-10-01,1988-09-01,60,0.494489314181117,2.20713194625466,1.9205810690996,computed
MONETARY_BASE,triangulation,old_vs_aux,AMBSL,AMBNS,6,60,1983-11-01,1988-10-01,60,0.492999752670745,2.21459730870568,1.92895717613568,computed
MONETARY_BASE,triangulation,old_vs_aux,AMBSL,AMBNS,6,60,1983-12-01,1988-11-01,60,0.498889885595364,2.23608623902844,1.94138164445105,computed
MONETARY_BASE,triangulation,old_vs_aux,AMBSL,AMBNS,6,60,1984-01-01,1988-12-01,60,0.497300446647883,2.23357507814737,1.94097417105634,computed
MONETARY_BASE,triangulation,old_vs_aux,AMBSL,AMBNS,6,60,1984-02-01,1989-01-01,60,0.508909603620626,2.27656914474266,1.96612340773267,computed
MONETARY_BASE,triangulation,old_vs_aux,AMBSL,AMBNS,6,60,1984-03-01,1989-02-01,60,0.513940639873509,2.26383525345086,1.94884912606919,computed
MONETARY_BASE,triangulation,old_vs_aux,AMBSL,AMBNS,6,60,1984-04-01,1989-03-01,60,0.548343174595148,2.25152528908758,1.89741648723876,computed
MONETARY_BASE,triangulation,old_vs_aux,AMBSL,AMBNS,6,60,1984-05-01,1989-04-01,60,0.550091963321703,2.24608056835934,1.89044409700952,computed
MONETARY_BASE,triangulation,old_vs_aux,AMBSL,AMBNS,6,60,1984-06-01,1989-05-01,60,0.549973377956707,2.25541441885798,1.89902286115723,computed
MONETARY_BASE,triangulation,old_vs_aux,AMBSL,AMBNS,6,60,1984-07-01,1989-06-01,60,0.549799524670358,2.26704847970138,1.90962574695216,computed
MONETARY_BASE,triangulation,old_vs_aux,AMBSL,AMBNS,6,60,1984-08-01,1989-07-01,60,0.548926785663208,2.26564458400328,1.9093979218365,computed
MONETARY_BASE,triangulation,old_vs_aux,AMBSL,AMBNS,6,60,1984-09-01,1989-08-01,60,0.551236728587172,2.26738570114256,1.90822248968609,computed
MONETARY_BASE,triangulation,old_vs_aux,AMBSL,AMBNS,6,60,1984-10-01,1989-09-01,60,0.550490767299826,2.27212300510836,1.91336904095923,computed
MONETARY_BASE,triangulation,old_vs_aux,AMBSL,AMBNS,6,60,1984-11-01,1989-10-01,60,0.548512813342837,2.27776640016509,1.92079695984949,computed
MONETARY_BASE,triangulation,old_vs_aux,AMBSL,AMBNS,6,60,1984-12-01,1989-11-01,60,0.530826065807064,2.27354478749203,1.93785792503221,computed
MONETARY_BASE,triangulation,old_vs_aux,AMBSL,AMBNS,6,60,1985-01-01,1989-12-01,60,0.536010581785223,2.2823420512589,1.93968379369638,computed
MONETARY_BASE,triangulation,old_vs_aux,AMBSL,AMBNS,6,60,1985-02-01,1990-01-01,60,0.546602791995381,2.29384527584559,1.93754970528648,computed
MONETARY_BASE,triangulation,old_vs_aux,AMBSL,AMBNS,6,60,1985-03-01,1990-02-01,60,0.550283561749323,2.29245111151225,1.9319447017936,computed
MONETARY_BASE,triangulation,old_vs_aux,AMBSL,AMBNS,6,60,1985-04-01,1990-03-01,60,0.566963653551488,2.28933594047766,1.90922131670707,computed
MONETARY_BASE,triangulation,old_vs_aux,AMBSL,AMBNS,6,60,1985-05-01,1990-04-01,60,0.567757923332255,2.29196680501167,1.91064107958246,computed
MONETARY_BASE,triangulation,old_vs_aux,AMBSL,AMBNS,6,60,1985-06-01,1990-05-01,60,0.581587867104553,2.31250352727516,1.91261287849065,computed
MONETARY_BASE,triangulation,old_vs_aux,AMBSL,AMBNS,6,60,1985-07-01,1990-06-01,60,0.589386655500904,2.31627376202053,1.90650748017597,computed
MONETARY_BASE,triangulation,old_vs_aux,AMBSL,AMBNS,6,60,1985-08-01,1990-07-01,60,0.59102356094183,2.3076123425129,1.89667294835482,computed
MONETARY_BASE,triangulation,old_vs_aux,AMBSL,AMBNS,6,60,1985-09-01,1990-08-01,60,0.586208222019363,2.28521228387165,1.88227916293196,computed
MONETARY_BASE,triangulation,old_vs_aux,AMBSL,AMBNS,6,60,1985-10-01,1990-09-01,60,0.584908797628145,2.28633834986161,1.88488324228776,computed
MONETARY_BASE,triangulation,old_vs_aux,AMBSL,AMBNS,6,60,1985-11-01,1990-10-01,60,0.587150118054578,2.28543640865249,1.88133793716198,computed
MONETARY_BASE,triangulation,old_vs_aux,AMBSL,AMBNS,6,60,1985-12-01,1990-11-01,60,0.592723470759969,2.29042792841818,1.87906791253968,computed
MONETARY_BASE,triangulation,old_vs_aux,AMBSL,AMBNS,6,60,1986-01-01,1990-12-01,60,0.587541837488356,2.31540820073062,1.90796161565515,computed
MONETARY_BASE,triangulation,old_vs_aux,AMBSL,AMBNS,6,60,1986-02-01,1991-01-01,60,0.536952094849946,2.34044901403407,1.99105400412417,computed
MONETARY_BASE,triangulation,old_vs_aux,AMBSL,AMBNS,6,60,1986-03-01,1991-02-01,60,0.541248063623984,2.34854106215043,1.99337939678542,computed
MONETARY_BASE,triangulation,old_vs_aux,AMBSL,AMBNS,6,60,1986-04-01,1991-03-01,60,0.50584974415129,2.30514248205303,1.99538750999923,computed
MONETARY_BASE,triangulation,old_vs_aux,AMBSL,AMBNS,6,60,1986-05-01,1991-04-01,60,0.504853486365365,2.29909594927652,1.99109131283439,computed
MONETARY_BASE,triangulation,old_vs_aux,AMBSL,AMBNS,6,60,1986-06-01,1991-05-01,60,0.498118578589024,2.30379875274662,2.00314753316433,computed
MONETARY_BASE,triangulation,old_vs_aux,AMBSL,AMBNS,6,60,1986-07-01,1991-06-01,60,0.494049306111661,2.30331909076033,2.00734396445395,computed
MONETARY_BASE,triangulation,old_vs_aux,AMBSL,AMBNS,6,60,1986-08-01,1991-07-01,60,0.492854012982222,2.29682114976105,2.00284709823342,computed
MONETARY_BASE,triangulation,old_vs_aux,AMBSL,AMBNS,6,60,1986-09-01,1991-08-01,60,0.498924177137719,2.29703161548018,1.99606529598625,computed
MONETARY_BASE,triangulation,old_vs_aux,AMBSL,AMBNS,6,60,1986-10-01,1991-09-01,60,0.500793050948422,2.30448318837625,2.00065387045485,computed
MONETARY_BASE,triangulation,old_vs_aux,AMBSL,AMBNS,6,60,1986-11-01,1991-10-01,60,0.500508705240212,2.30662587543566,2.00288555845698,computed
MONETARY_BASE,triangulation,old_vs_aux,AMBSL,AMBNS,6,60,1986-12-01,1991-11-01,60,0.497156143497959,2.30139101443534,2.00203235604038,computed
MONETARY_BASE,triangulation,old_vs_aux,AMBSL,AMBNS,6,60,1987-01-01,1991-12-01,60,0.498967852944282,2.30028509637113,1.99895135620375,computed
MONETARY_BASE,triangulation,old_vs_aux,AMBSL,AMBNS,6,60,1987-02-01,1992-01-01,60,0.508471480007504,2.28154618682028,1.9711046827518,computed
MONETARY_BASE,triangulation,old_vs_aux,AMBSL,AMBNS,6,60,1987-03-01,1992-02-01,60,0.513629900781733,2.27397316162834,1.95841872715878,computed
MONETARY_BASE,triangulation,old_vs_aux,AMBSL,AMBNS,6,60,1987-04-01,1992-03-01,60,0.568344948068769,2.37207469254729,1.9825360982949,computed
MONETARY_BASE,triangulation,old_vs_aux,AMBSL,AMBNS,6,60,1987-05-01,1992-04-01,60,0.560054934958947,2.45598684467314,2.06903630113813,computed
MONETARY_BASE,triangulation,old_vs_aux,AMBSL,AMBNS,6,60,1987-06-01,1992-05-01,60,0.558301387204142,2.47175906411518,2.08560754226846,computed
MONETARY_BASE,triangulation,old_vs_aux,AMBSL,AMBNS,6,60,1987-07-01,1992-06-01,60,0.566655011770449,2.6259985522918,2.21809395658239,computed
MONETARY_BASE,triangulation,old_vs_aux,AMBSL,AMBNS,6,60,1987-08-01,1992-07-01,60,0.569411337934983,2.63135040800177,2.21977115257658,computed
MONETARY_BASE,triangulation,old_vs_aux,AMBSL,AMBNS,6,60,1987-09-01,1992-08-01,60,0.576209812241465,2.64282976413408,2.22237826026545,computed
MONETARY_BASE,triangulation,old_vs_aux,AMBSL,AMBNS,6,60,1987-10-01,1992-09-01,60,0.578544493564463,2.66542074095392,2.24064757017564,computed
MONETARY_BASE,triangulation,old_vs_aux,AMBSL,AMBNS,6,60,1987-11-01,1992-10-01,60,0.577904336952702,2.73698335432044,2.30817072958114,computed
MONETARY_BASE,triangulation,old_vs_aux,AMBSL,AMBNS,6,60,1987-12-01,1992-11-01,60,0.603925638108573,2.8551283172367,2.38815004026769,computed
MONETARY_BASE,triangulation,old_vs_aux,AMBSL,AMBNS,6,60,1988-01-01,1992-12-01,60,0.597677000308681,2.82896828168854,2.37098883329494,computed
MONETARY_BASE,triangulation,old_vs_aux,AMBSL,AMBNS,6,60,1988-02-01,1993-01-01,60,0.613459903127654,2.8292118404514,2.35228088845112,computed
MONETARY_BASE,triangulation,old_vs_aux,AMBSL,AMBNS,6,60,1988-03-01,1993-02-01,60,0.60564680396324,2.83770351646713,2.36982675205792,computed
MONETARY_BASE,triangulation,old_vs_aux,AMBSL,AMBNS,6,60,1988-04-01,1993-03-01,60,0.61415641880234,2.77428928573521,2.29979903549625,computed
MONETARY_BASE,triangulation,old_vs_aux,AMBSL,AMBNS,6,60,1988-05-01,1993-04-01,60,0.615647598367945,2.97996345487572,2.49218413657408,computed
MONETARY_BASE,triangulation,old_vs_aux,AMBSL,AMBNS,6,60,1988-06-01,1993-05-01,60,0.580787624498065,3.20705944489269,2.749559563793,computed
MONETARY_BASE,triangulation,old_vs_aux,AMBSL,AMBNS,6,60,1988-07-01,1993-06-01,60,0.566649006842136,3.2253979989859,2.78354570012655,computed
MONETARY_BASE,triangulation,old_vs_aux,AMBSL,AMBNS,6,60,1988-08-01,1993-07-01,60,0.570826327098918,3.22313665067994,2.77650049836717,computed
MONETARY_BASE,triangulation,old_vs_aux,AMBSL,AMBNS,6,60,1988-09-01,1993-08-01,60,0.55170498381257,3.26395110563568,2.83762251145393,computed
MONETARY_BASE,triangulation,old_vs_aux,AMBSL,AMBNS,6,60,1988-10-01,1993-09-01,60,0.553562955921813,3.25076929543971,2.8228872478685,computed
MONETARY_BASE,triangulation,old_vs_aux,AMBSL,AMBNS,6,60,1988-11-01,1993-10-01,60,0.555039671565179,3.24789198995312,2.8184047727671,computed
MONETARY_BASE,triangulation,old_vs_aux,AMBSL,AMBNS,6,60,1988-12-01,1993-11-01,60,0.539071293409406,3.15424010617009,2.74747367300488,computed
MONETARY_BASE,triangulation,old_vs_aux,AMBSL,AMBNS,6,60,1989-01-01,1993-12-01,60,0.548292336832442,3.17828215248035,2.75981494110039,computed
MONETARY_BASE,triangulation,old_vs_aux,AMBSL,AMBNS,6,60,1989-02-01,1994-01-01,60,0.561032977247903,3.15095066879857,2.71899248702051,computed
MONETARY_BASE,triangulation,old_vs_aux,AMBSL,AMBNS,6,60,1989-03-01,1994-02-01,60,0.542888620650751,3.24343721792731,2.8283457174612,computed
MONETARY_BASE,triangulation,old_vs_aux,AMBSL,AMBNS,6,60,1989-04-01,1994-03-01,60,0.438791434101393,3.28583845991059,2.98553986844805,computed
MONETARY_BASE,triangulation,old_vs_aux,AMBSL,AMBNS,6,60,1989-05-01,1994-04-01,60,0.439907994606246,3.32768491255636,3.02419199167743,computed
MONETARY_BASE,triangulation,old_vs_aux,AMBSL,AMBNS,6,60,1989-06-01,1994-05-01,60,0.446650242284132,3.32210372524202,3.01143476711545,computed
MONETARY_BASE,triangulation,old_vs_aux,AMBSL,AMBNS,6,60,1989-07-01,1994-06-01,60,0.450308253106404,3.30492252473528,2.99103659237968,computed
MONETARY_BASE,triangulation,old_vs_aux,AMBSL,AMBNS,6,60,1989-08-01,1994-07-01,60,0.451075331152222,3.29847090614656,2.98399903405037,computed
MONETARY_BASE,triangulation,old_vs_aux,AMBSL,AMBNS,6,60,1989-09-01,1994-08-01,60,0.448775643389588,3.24228466940645,2.93301468332045,computed
MONETARY_BASE,triangulation,old_vs_aux,AMBSL,AMBNS,6,60,1989-10-01,1994-09-01,60,0.446383731400072,3.24251753846575,2.93584200151944,computed
MONETARY_BASE,triangulation,old_vs_aux,AMBSL,AMBNS,6,60,1989-11-01,1994-10-01,60,0.446914712980762,3.25333757245844,2.94556595996281,computed
MONETARY_BASE,triangulation,old_vs_aux,AMBSL,AMBNS,6,60,1989-12-01,1994-11-01,60,0.455035499752135,3.24671228036049,2.93028118342481,computed
MONETARY_BASE,triangulation,old_vs_aux,AMBSL,AMBNS,6,60,1990-01-01,1994-12-01,60,0.44216696526175,3.23383971081006,2.93228852812869,computed
MONETARY_BASE,triangulation,old_vs_aux,AMBSL,AMBNS,6,60,1990-02-01,1995-01-01,60,0.406316055430999,3.08473505247341,2.82999240048215,computed
MONETARY_BASE,triangulation,old_vs_aux,AMBSL,AMBNS,6,60,1990-03-01,1995-02-01,60,0.401568902679129,3.06602286302489,2.81763493504866,computed
MONETARY_BASE,triangulation,old_vs_aux,AMBSL,AMBNS,6,60,1990-04-01,1995-03-01,60,0.393354662571254,2.95690416332549,2.72348426111547,computed
MONETARY_BASE,triangulation,old_vs_aux,AMBSL,AMBNS,6,60,1990-05-01,1995-04-01,60,0.3886435591946,2.96401790571589,2.73523692809866,computed
MONETARY_BASE,triangulation,old_vs_aux,AMBSL,AMBNS,6,60,1990-06-01,1995-05-01,60,0.34857786600184,3.01540953798043,2.82674803189211,computed
MONETARY_BASE,triangulation,old_vs_aux,AMBSL,AMBNS,6,60,1990-07-01,1995-06-01,60,0.302540354598404,2.96153112164044,2.82468506047812,computed
MONETARY_BASE,triangulation,old_vs_aux,AMBSL,AMBNS,6,60,1990-08-01,1995-07-01,60,0.288617740414301,3.00500104128119,2.88018550961816,computed
MONETARY_BASE,triangulation,old_vs_aux,AMBSL,AMBNS,6,60,1990-09-01,1995-08-01,60,0.302066328835439,3.08399053453094,2.94077330433016,computed
MONETARY_BASE,triangulation,old_vs_aux,AMBSL,AMBNS,6,60,1990-10-01,1995-09-01,60,0.302750627498262,3.072076998706,2.92873874604386,computed
MONETARY_BASE,triangulation,old_vs_aux,AMBSL,AMBNS,6,60,1990-11-01,1995-10-01,60,0.288224137975865,3.115661812477,2.98520732567411,computed
MONETARY_BASE,triangulation,old_vs_aux,AMBSL,AMBNS,6,60,1990-12-01,1995-11-01,60,0.275596956340407,3.06856202409903,2.95378237167882,computed
MONETARY_BASE,triangulation,old_vs_aux,AMBSL,AMBNS,6,60,1991-01-01,1995-12-01,60,0.271383981502641,3.07221746226549,2.96163633404647,computed
MONETARY_BASE,triangulation,old_vs_aux,AMBSL,AMBNS,6,60,1991-02-01,1996-01-01,60,0.233303006193496,2.99680974921145,2.92960919283944,computed
MONETARY_BASE,triangulation,old_vs_aux,AMBSL,AMBNS,6,60,1991-03-01,1996-02-01,60,0.25132894911123,2.94310168393461,2.86060995081591,computed
MONETARY_BASE,triangulation,old_vs_aux,AMBSL,AMBNS,6,60,1991-04-01,1996-03-01,60,0.365674308539055,2.72664906404116,2.53785788114528,computed
MONETARY_BASE,triangulation,old_vs_aux,AMBSL,AMBNS,6,60,1991-05-01,1996-04-01,60,0.365625831287628,2.68382981142467,2.49809590743461,computed
MONETARY_BASE,triangulation,old_vs_aux,AMBSL,AMBNS,6,60,1991-06-01,1996-05-01,60,0.375504205891515,2.67584121432874,2.48005367250802,computed
MONETARY_BASE,triangulation,old_vs_aux,AMBSL,AMBNS,6,60,1991-07-01,1996-06-01,60,0.387696186293121,2.67496053172426,2.46604197783739,computed
MONETARY_BASE,triangulation,old_vs_aux,AMBSL,AMBNS,6,60,1991-08-01,1996-07-01,60,0.389147129700088,2.68591967577573,2.47461739171036,computed
MONETARY_BASE,triangulation,old_vs_aux,AMBSL,AMBNS,6,60,1991-09-01,1996-08-01,60,0.380688166752067,2.67990011457472,2.4782242310396,computed
MONETARY_BASE,triangulation,old_vs_aux,AMBSL,AMBNS,6,60,1991-10-01,1996-09-01,60,0.377232271012102,2.66993932640877,2.47269644263042,computed
MONETARY_BASE,triangulation,old_vs_aux,AMBSL,AMBNS,6,60,1991-11-01,1996-10-01,60,0.378391470396057,2.66436895391335,2.46629059848676,computed
MONETARY_BASE,triangulation,old_vs_aux,AMBSL,AMBNS,6,60,1991-12-01,1996-11-01,60,0.36775827595014,2.64604198735396,2.46076776196596,computed
MONETARY_BASE,triangulation,old_vs_aux,AMBSL,AMBNS,6,60,1992-01-01,1996-12-01,60,0.369217100769679,2.64204628222613,2.45550227460961,computed
MONETARY_BASE,triangulation,old_vs_aux,AMBSL,AMBNS,6,60,1992-02-01,1997-01-01,60,0.307018212245858,2.62058917941662,2.50168862355578,computed
MONETARY_BASE,triangulation,old_vs_aux,AMBSL,AMBNS,6,60,1992-03-01,1997-02-01,60,0.303728813398146,2.65589285343979,2.53783035383982,computed
MONETARY_BASE,triangulation,old_vs_aux,AMBSL,AMBNS,6,60,1992-04-01,1997-03-01,60,0.281227818978058,2.59859703650488,2.50823841735292,computed
MONETARY_BASE,triangulation,old_vs_aux,AMBSL,AMBNS,6,60,1992-05-01,1997-04-01,60,0.28701297232831,2.60317871449939,2.50649666811259,computed
MONETARY_BASE,triangulation,old_vs_aux,AMBSL,AMBNS,6,60,1992-06-01,1997-05-01,60,0.304465791805908,2.57683817018261,2.463998154638,computed
MONETARY_BASE,triangulation,old_vs_aux,AMBSL,AMBNS,6,60,1992-07-01,1997-06-01,60,0.321378784959556,2.61860323291791,2.48476857609373,computed
MONETARY_BASE,triangulation,old_vs_aux,AMBSL,AMBNS,6,60,1992-08-01,1997-07-01,60,0.325962282061821,2.63661349598705,2.49657019766506,computed
MONETARY_BASE,triangulation,old_vs_aux,AMBSL,AMBNS,6,60,1992-09-01,1997-08-01,60,0.335612084582716,2.65730470117679,2.50553136429369,computed
MONETARY_BASE,triangulation,old_vs_aux,AMBSL,AMBNS,6,60,1992-10-01,1997-09-01,60,0.334159726816022,2.64012909680531,2.49115709058883,computed
MONETARY_BASE,triangulation,old_vs_aux,AMBSL,AMBNS,6,60,1992-11-01,1997-10-01,60,0.330575246800584,2.62254292290524,2.47868062635008,computed
MONETARY_BASE,triangulation,old_vs_aux,AMBSL,AMBNS,6,60,1992-12-01,1997-11-01,60,0.33935807455319,2.61943284002001,2.46649211462688,computed
MONETARY_BASE,triangulation,old_vs_aux,AMBSL,AMBNS,6,60,1993-01-01,1997-12-01,60,0.341873125663233,2.6687573403786,2.50948630402195,computed
MONETARY_BASE,triangulation,old_vs_aux,AMBSL,AMBNS,6,60,1993-02-01,1998-01-01,60,0.38292238249652,2.67917121627244,2.47512435229353,computed
MONETARY_BASE,triangulation,old_vs_aux,AMBSL,AMBNS,6,60,1993-03-01,1998-02-01,60,0.383103202553664,2.68263827864764,2.4781325148525,computed
MONETARY_BASE,triangulation,old_vs_aux,AMBSL,AMBNS,6,60,1993-04-01,1998-03-01,60,0.416063403609632,2.69627076702314,2.45486490764497,computed
MONETARY_BASE,triangulation,old_vs_aux,AMBSL,AMBNS,6,60,1993-05-01,1998-04-01,60,0.407621884671477,2.6983073075796,2.46608862558185,computed
MONETARY_BASE,triangulation,old_vs_aux,AMBSL,AMBNS,6,60,1993-06-01,1998-05-01,60,0.427901635758238,2.65940249037235,2.40772846709741,computed
MONETARY_BASE,triangulation,old_vs_aux,AMBSL,AMBNS,6,60,1993-07-01,1998-06-01,60,0.438041748630092,2.60624101019323,2.34720703846755,computed
MONETARY_BASE,triangulation,old_vs_aux,AMBSL,AMBNS,6,60,1993-08-01,1998-07-01,60,0.435317513177658,2.58070423077824,2.32662742072951,computed
MONETARY_BASE,triangulation,old_vs_aux,AMBSL,AMBNS,6,60,1993-09-01,1998-08-01,60,0.432459909540449,2.53271427095369,2.28562272329428,computed
MONETARY_BASE,triangulation,old_vs_aux,AMBSL,AMBNS,6,60,1993-10-01,1998-09-01,60,0.425528659747607,2.54031135750971,2.30026940896642,computed
MONETARY_BASE,triangulation,old_vs_aux,AMBSL,AMBNS,6,60,1993-11-01,1998-10-01,60,0.422331771309851,2.54220016972413,2.30553270763249,computed
MONETARY_BASE,triangulation,old_vs_aux,AMBSL,AMBNS,6,60,1993-12-01,1998-11-01,60,0.427545726056466,2.60932031773837,2.3616413751002,computed
MONETARY_BASE,triangulation,old_vs_aux,AMBSL,AMBNS,6,60,1994-01-01,1998-12-01,60,0.422420559669678,2.61062090905149,2.36849794922334,computed
MONETARY_BASE,triangulation,old_vs_aux,AMBSL,AMBNS,6,60,1994-02-01,1999-01-01,60,0.409969672946821,2.54598901894372,2.32262274293618,computed
MONETARY_BASE,triangulation,old_vs_aux,AMBSL,AMBNS,6,60,1994-03-01,1999-02-01,60,0.410839485352339,2.5427931519255,2.31871843871926,computed
MONETARY_BASE,triangulation,old_vs_aux,AMBSL,AMBNS,6,60,1994-04-01,1999-03-01,60,0.430486136740067,2.57294969746494,2.3248475951496,computed
MONETARY_BASE,triangulation,old_vs_aux,AMBSL,AMBNS,6,60,1994-05-01,1999-04-01,60,0.426999547849216,2.56026375446139,2.31712982398591,computed
MONETARY_BASE,triangulation,old_vs_aux,AMBSL,AMBNS,6,60,1994-06-01,1999-05-01,60,0.416719430420023,2.47664600859888,2.25176935513899,computed
MONETARY_BASE,triangulation,old_vs_aux,AMBSL,AMBNS,6,60,1994-07-01,1999-06-01,60,0.420640722710017,2.40454183472254,2.1815466649634,computed
MONETARY_BASE,triangulation,old_vs_aux,AMBSL,AMBNS,6,60,1994-08-01,1999-07-01,60,0.420412045624978,2.4083864341008,2.18524838165091,computed
MONETARY_BASE,triangulation,old_vs_aux,AMBSL,AMBNS,6,60,1994-09-01,1999-08-01,60,0.391969453460627,2.42379421467922,2.23040032225264,computed
MONETARY_BASE,triangulation,old_vs_aux,AMBSL,AMBNS,6,60,1994-10-01,1999-09-01,60,0.409266970227884,2.37288486485261,2.16524777186447,computed
MONETARY_BASE,triangulation,old_vs_aux,AMBSL,AMBNS,6,60,1994-11-01,1999-10-01,60,0.406583832593844,2.36786710316608,2.16364855152698,computed
MONETARY_BASE,triangulation,old_vs_aux,AMBSL,AMBNS,6,60,1994-12-01,1999-11-01,60,0.454796088867151,2.37689399558636,2.11840511490183,computed
MONETARY_BASE,triangulation,old_vs_aux,AMBSL,AMBNS,6,60,1995-01-01,1999-12-01,60,0.507241496414209,2.23815283970434,1.93358745732669,computed
MONETARY_BASE,triangulation,old_vs_aux,AMBSL,AMBNS,6,60,1995-02-01,2000-01-01,60,0.817358429025359,1.64262332694516,1.00647723695129,computed
MONETARY_BASE,triangulation,old_vs_aux,AMBSL,AMBNS,6,60,1995-03-01,2000-02-01,60,0.8189933987605,1.62903734266155,0.992686547575659,computed
MONETARY_BASE,triangulation,old_vs_aux,AMBSL,AMBNS,6,60,1995-04-01,2000-03-01,60,0.83615734520144,1.58734170706801,0.930124452074992,computed
MONETARY_BASE,triangulation,old_vs_aux,AMBSL,AMBNS,6,60,1995-05-01,2000-04-01,60,0.838224417144754,1.58370678988964,0.92369813822604,computed
MONETARY_BASE,triangulation,old_vs_aux,AMBSL,AMBNS,6,60,1995-06-01,2000-05-01,60,0.842316808294434,1.57437188028946,0.909159365809925,computed
MONETARY_BASE,triangulation,old_vs_aux,AMBSL,AMBNS,6,60,1995-07-01,2000-06-01,60,0.847767595083949,1.58169332608954,0.905531889620824,computed
MONETARY_BASE,triangulation,old_vs_aux,AMBSL,AMBNS,6,60,1995-08-01,2000-07-01,60,0.847604446670841,1.58213740371349,0.906149372677665,computed
MONETARY_BASE,triangulation,old_vs_aux,AMBSL,AMBNS,6,60,1995-09-01,2000-08-01,60,0.849486320402173,1.58564199702829,0.905705009918374,computed
MONETARY_BASE,triangulation,old_vs_aux,AMBSL,AMBNS,6,60,1995-10-01,2000-09-01,60,0.850268586020873,1.5869670549637,0.905412835158492,computed
MONETARY_BASE,triangulation,old_vs_aux,AMBSL,AMBNS,6,60,1995-11-01,2000-10-01,60,0.847914310775248,1.58229897405507,0.905754281935541,computed
MONETARY_BASE,triangulation,old_vs_aux,AMBSL,AMBNS,6,60,1995-12-01,2000-11-01,60,0.842705469885824,1.58038914474011,0.913252106019413,computed
MONETARY_BASE,triangulation,old_vs_aux,AMBSL,AMBNS,6,60,1996-01-01,2000-12-01,60,0.841942034815129,1.57910093088318,0.913530037115356,computed
MONETARY_BASE,triangulation,old_vs_aux,AMBSL,AMBNS,6,60,1996-02-01,2001-01-01,60,0.837486862035455,1.56481794891187,0.909740702153663,computed
MONETARY_BASE,triangulation,old_vs_aux,AMBSL,AMBNS,6,60,1996-03-01,2001-02-01,60,0.836693678822269,1.56909674159832,0.914530175470953,computed
MONETARY_BASE,triangulation,old_vs_aux,AMBSL,AMBNS,6,60,1996-04-01,2001-03-01,60,0.827010295654377,1.55944145628188,0.923319449679006,computed
MONETARY_BASE,triangulation,old_vs_aux,AMBSL,AMBNS,6,60,1996-05-01,2001-04-01,60,0.828527004934187,1.56997398271031,0.929167645395826,computed
MONETARY_BASE,triangulation,old_vs_aux,AMBSL,AMBNS,6,60,1996-06-01,2001-05-01,60,0.833232426865661,1.56863832427005,0.92015357975185,computed
MONETARY_BASE,triangulation,old_vs_aux,AMBSL,AMBNS,6,60,1996-07-01,2001-06-01,60,0.835055637835962,1.56540215588357,0.914400927676451,computed
MONETARY_BASE,triangulation,old_vs_aux,AMBSL,AMBNS,6,60,1996-08-01,2001-07-01,60,0.836200757069849,1.56526704990511,0.912308417365804,computed
MONETARY_BASE,triangulation,old_vs_aux,AMBSL,AMBNS,6,60,1996-09-01,2001-08-01,60,0.835650271335748,1.56241427365057,0.910976828353506,computed
MONETARY_BASE,triangulation,old_vs_aux,AMBSL,AMBNS,6,60,1996-10-01,2001-09-01,60,0.848046772602262,1.50559791255507,0.844508991510129,computed
MONETARY_BASE,triangulation,old_vs_aux,AMBSL,AMBNS,6,60,1996-11-01,2001-10-01,60,0.880777154189188,1.38740343636282,0.693485164957936,computed
MONETARY_BASE,triangulation,old_vs_aux,AMBSL,AMBNS,6,60,1996-12-01,2001-11-01,60,0.88215761858321,1.3962934564439,0.69723303173538,computed
MONETARY_BASE,triangulation,old_vs_aux,AMBSL,AMBNS,6,60,1997-01-01,2001-12-01,60,0.883947051669811,1.39541223811148,0.692989628336568,computed
MONETARY_BASE,triangulation,old_vs_aux,AMBSL,AMBNS,6,60,1997-02-01,2002-01-01,60,0.877314985058271,1.37703179045515,0.69284590493179,computed
MONETARY_BASE,triangulation,old_vs_aux,AMBSL,AMBNS,6,60,1997-03-01,2002-02-01,60,0.877351042176791,1.37712233868484,0.692843297153014,computed
MONETARY_BASE,triangulation,old_vs_aux,AMBSL,AMBNS,6,60,1997-04-01,2002-03-01,60,0.877826118111957,1.36772384284044,0.685145510873715,computed
MONETARY_BASE,triangulation,old_vs_aux,AMBSL,AMBNS,6,60,1997-05-01,2002-04-01,60,0.877772555335348,1.36724125444049,0.684917983768907,computed
MONETARY_BASE,triangulation,old_vs_aux,AMBSL,AMBNS,6,60,1997-06-01,2002-05-01,60,0.878177435977999,1.36461639534498,0.682256100291897,computed
MONETARY_BASE,triangulation,old_vs_aux,AMBSL,AMBNS,6,60,1997-07-01,2002-06-01,60,0.878433224861827,1.36457377834409,0.681688967819567,computed
MONETARY_BASE,triangulation,old_vs_aux,AMBSL,AMBNS,6,60,1997-08-01,2002-07-01,60,0.877944644570747,1.36556481799043,0.68336426608119,computed
MONETARY_BASE,triangulation,old_vs_aux,AMBSL,AMBNS,6,60,1997-09-01,2002-08-01,60,0.878500875638894,1.36529908015204,0.682064807537068,computed
MONETARY_BASE,triangulation,old_vs_aux,AMBSL,AMBNS,6,60,1997-10-01,2002-09-01,60,0.878700216719806,1.36591864324778,0.68210654207376,computed
MONETARY_BASE,triangulation,old_vs_aux,AMBSL,AMBNS,6,60,1997-11-01,2002-10-01,60,0.876906517798337,1.36241970403079,0.683210930704162,computed
MONETARY_BASE,triangulation,old_vs_aux,AMBSL,AMBNS,6,60,1997-12-01,2002-11-01,60,0.872430048040281,1.35502833900329,0.686853084790646,computed
MONETARY_BASE,triangulation,old_vs_aux,AMBSL,AMBNS,6,60,1998-01-01,2002-12-01,60,0.871985402279158,1.35575266497939,0.688240182093434,computed
MONETARY_BASE,triangulation,old_vs_aux,AMBSL,AMBNS,6,60,1998-02-01,2003-01-01,60,0.864773034601103,1.34151693698065,0.692425142869141,computed
MONETARY_BASE,triangulation,old_vs_aux,AMBSL,AMBNS,6,60,1998-03-01,2003-02-01,60,0.865065890157532,1.3408666311638,0.691412189976873,computed
MONETARY_BASE,triangulation,old_vs_aux,AMBSL,AMBNS,6,60,1998-04-01,2003-03-01,60,0.863304832938269,1.32758529218402,0.685756157615693,computed
MONETARY_BASE,triangulation,old_vs_aux,AMBSL,AMBNS,6,60,1998-05-01,2003-04-01,60,0.863482750210126,1.32786248437892,0.685603778728667,computed
MONETARY_BASE,triangulation,old_vs_aux,AMBSL,AMBNS,6,60,1998-06-01,2003-05-01,60,0.863155116414294,1.32636334667715,0.685230500321751,computed
MONETARY_BASE,triangulation,old_vs_aux,AMBSL,AMBNS,6,60,1998-07-01,2003-06-01,60,0.862704924419053,1.3273077837956,0.686731053105915,computed
MONETARY_BASE,triangulation,old_vs_aux,AMBSL,AMBNS,6,60,1998-08-01,2003-07-01,60,0.862593408283004,1.32925260765229,0.688261248916949,computed
MONETARY_BASE,triangulation,old_vs_aux,AMBSL,AMBNS,6,60,1998-09-01,2003-08-01,60,0.863190722822688,1.33095749889157,0.688266643797006,computed
MONETARY_BASE,triangulation,old_vs_aux,AMBSL,AMBNS,6,60,1998-10-01,2003-09-01,60,0.862957552328925,1.32842396194928,0.686995984133005,computed
MONETARY_BASE,triangulation,old_vs_aux,AMBSL,AMBNS,6,60,1998-11-01,2003-10-01,60,0.861239497846911,1.31977938382116,0.684497987559549,computed
MONETARY_BASE,triangulation,old_vs_aux,AMBSL,AMBNS,6,60,1998-12-01,2003-11-01,60,0.858594848599157,1.31157899775608,0.684113841400736,computed
MONETARY_BASE,triangulation,old_vs_aux,AMBSL,AMBNS,6,60,1999-01-01,2003-12-01,60,0.857112858157457,1.30988583952199,0.685831730128509,computed
MONETARY_BASE,triangulation,old_vs_aux,AMBSL,AMBNS,6,60,1999-02-01,2004-01-01,60,0.852610953684678,1.3056897990625,0.691617997781787,computed
MONETARY_BASE,triangulation,old_vs_aux,AMBSL,AMBNS,6,60,1999-03-01,2004-02-01,60,0.852732734849924,1.30557875952532,0.691316083799988,computed
MONETARY_BASE,triangulation,old_vs_aux,AMBSL,AMBNS,6,60,1999-04-01,2004-03-01,60,0.851859985774063,1.29782365154091,0.687908537516336,computed
MONETARY_BASE,triangulation,old_vs_aux,AMBSL,AMBNS,6,60,1999-05-01,2004-04-01,60,0.852110140959063,1.2979230097871,0.687502015441825,computed
MONETARY_BASE,triangulation,old_vs_aux,AMBSL,AMBNS,6,60,1999-06-01,2004-05-01,60,0.851798720874617,1.29893999254337,0.68875136473372,computed
MONETARY_BASE,triangulation,old_vs_aux,AMBSL,AMBNS,6,60,1999-07-01,2004-06-01,60,0.850743348166824,1.29851074890053,0.690457908920091,computed
MONETARY_BASE,triangulation,old_vs_aux,AMBSL,AMBNS,6,60,1999-08-01,2004-07-01,60,0.850751161614875,1.29923138390858,0.69091026743828,computed
MONETARY_BASE,triangulation,old_vs_aux,AMBSL,AMBNS,6,60,1999-09-01,2004-08-01,60,0.852640053376765,1.30183926406557,0.689048268184307,computed
MONETARY_BASE,triangulation,old_vs_aux,AMBSL,AMBNS,6,60,1999-10-01,2004-09-01,60,0.852008057872146,1.30135700769486,0.689925175876949,computed
MONETARY_BASE,triangulation,old_vs_aux,AMBSL,AMBNS,6,60,1999-11-01,2004-10-01,60,0.851430353374362,1.30256153536547,0.691803895626597,computed
MONETARY_BASE,triangulation,old_vs_aux,AMBSL,AMBNS,6,60,1999-12-01,2004-11-01,60,0.84556734459492,1.29043869899766,0.694930784822886,computed
MONETARY_BASE,triangulation,old_vs_aux,AMBSL,AMBNS,6,60,2000-01-01,2004-12-01,60,0.83893811509737,1.28518401413587,0.703792468058402,computed
MONETARY_BASE,triangulation,old_vs_aux,AMBSL,AMBNS,6,60,2000-02-01,2005-01-01,60,0.70514128021814,1.20869279699379,0.869678771304837,computed
MONETARY_BASE,triangulation,old_vs_aux,AMBSL,AMBNS,6,60,2000-03-01,2005-02-01,60,0.698649851698086,1.21329495857662,0.88133340448062,computed
MONETARY_BASE,triangulation,old_vs_aux,AMBSL,AMBNS,6,60,2000-04-01,2005-03-01,60,0.655232767103453,1.18167028998871,0.920764222011274,computed
MONETARY_BASE,triangulation,old_vs_aux,AMBSL,AMBNS,6,60,2000-05-01,2005-04-01,60,0.652196472727344,1.18194485843578,0.924810032686067,computed
MONETARY_BASE,triangulation,old_vs_aux,AMBSL,AMBNS,6,60,2000-06-01,2005-05-01,60,0.65242626553924,1.1802997617686,0.923575155398446,computed
MONETARY_BASE,triangulation,old_vs_aux,AMBSL,AMBNS,6,60,2000-07-01,2005-06-01,60,0.653700673620422,1.17364370401885,0.918159132661264,computed
MONETARY_BASE,triangulation,old_vs_aux,AMBSL,AMBNS,6,60,2000-08-01,2005-07-01,60,0.6536699717022,1.17171387019529,0.917106951835009,computed
MONETARY_BASE,triangulation,old_vs_aux,AMBSL,AMBNS,6,60,2000-09-01,2005-08-01,60,0.652408766218954,1.16939701163594,0.917410156888024,computed
MONETARY_BASE,triangulation,old_vs_aux,AMBSL,AMBNS,6,60,2000-10-01,2005-09-01,60,0.652957910411592,1.16869051274686,0.916311264224107,computed
MONETARY_BASE,triangulation,old_vs_aux,AMBSL,AMBNS,6,60,2000-11-01,2005-10-01,60,0.653072507424601,1.17520063216501,0.919846533266067,computed
MONETARY_BASE,triangulation,old_vs_aux,AMBSL,AMBNS,6,60,2000-12-01,2005-11-01,60,0.653262240209199,1.17697804839792,0.920613884350676,computed
MONETARY_BASE,triangulation,old_vs_aux,AMBSL,AMBNS,6,60,2001-01-01,2005-12-01,60,0.650558465140294,1.17421823609956,0.922496422577854,computed
MONETARY_BASE,triangulation,old_vs_aux,AMBSL,AMBNS,6,60,2001-02-01,2006-01-01,60,0.639654816563293,1.13351394675553,0.913640645202037,computed
MONETARY_BASE,triangulation,old_vs_aux,AMBSL,AMBNS,6,60,2001-03-01,2006-02-01,60,0.639815451091862,1.13307000665066,0.913201125441085,computed
MONETARY_BASE,triangulation,old_vs_aux,AMBSL,AMBNS,6,60,2001-04-01,2006-03-01,60,0.637690075221322,1.12104759174297,0.90938776938849,computed
MONETARY_BASE,triangulation,old_vs_aux,AMBSL,AMBNS,6,60,2001-05-01,2006-04-01,60,0.637635608276807,1.12089091353187,0.909371519968475,computed
MONETARY_BASE,triangulation,old_vs_aux,AMBSL,AMBNS,6,60,2001-06-01,2006-05-01,60,0.636910581748069,1.12051752744456,0.910066255193404,computed
MONETARY_BASE,triangulation,old_vs_aux,AMBSL,AMBNS,6,60,2001-07-01,2006-06-01,60,0.635590247723745,1.11965316671201,0.911231011984259,computed
MONETARY_BASE,triangulation,old_vs_aux,AMBSL,AMBNS,6,60,2001-08-01,2006-07-01,60,0.632172153209006,1.11648435892365,0.913737812208555,computed
MONETARY_BASE,triangulation,old_vs_aux,AMBSL,AMBNS,6,60,2001-09-01,2006-08-01,60,0.632327414880873,1.11700045842433,0.913821965366899,computed
MONETARY_BASE,triangulation,old_vs_aux,AMBSL,AMBNS,6,60,2001-10-01,2006-09-01,60,0.567643467311324,1.12145226095532,0.992212379897618,computed
MONETARY_BASE,triangulation,old_vs_aux,AMBSL,AMBNS,6,60,2001-11-01,2006-10-01,60,-0.0424010006342195,1.12549183289109,1.53693799864242,computed
MONETARY_BASE,triangulation,old_vs_aux,AMBSL,AMBNS,6,60,2001-12-01,2006-11-01,60,-0.13314625608177,1.07186463833259,1.56023259792136,computed
MONETARY_BASE,triangulation,old_vs_aux,AMBSL,AMBNS,6,60,2002-01-01,2006-12-01,60,-0.243887902827337,1.02545283997626,1.5974205145596,computed
MONETARY_BASE,triangulation,old_vs_aux,AMBSL,AMBNS,6,60,2002-02-01,2007-01-01,60,-0.267022280927795,0.978123304530436,1.57451183334727,computed
MONETARY_BASE,triangulation,old_vs_aux,AMBSL,AMBNS,6,60,2002-03-01,2007-02-01,60,-0.264245651211123,0.977272189490772,1.57211347761835,computed
MONETARY_BASE,triangulation,old_vs_aux,AMBSL,AMBNS,6,60,2002-04-01,2007-03-01,60,-0.26828054057497,0.998454611681282,1.59142825538607,computed
MONETARY_BASE,triangulation,old_vs_aux,AMBSL,AMBNS,6,60,2002-05-01,2007-04-01,60,-0.269375210267544,0.998026951089632,1.59177424288756,computed
MONETARY_BASE,triangulation,old_vs_aux,AMBSL,AMBNS,6,60,2002-06-01,2007-05-01,60,-0.269362865719068,0.997951631843055,1.59170659154756,computed
MONETARY_BASE,triangulation,old_vs_aux,AMBSL,AMBNS,6,60,2002-07-01,2007-06-01,60,-0.269622552738598,0.997022270786093,1.59112942472362,computed
MONETARY_BASE,triangulation,old_vs_aux,AMBSL,AMBNS,6,60,2002-08-01,2007-07-01,60,-0.270378638504935,0.996049175658717,1.59082838882935,computed
MONETARY_BASE,triangulation,old_vs_aux,AMBSL,AMBNS,6,60,2002-09-01,2007-08-01,60,-0.289695751059999,0.986014114550757,1.59483923074356,computed
MONETARY_BASE,triangulation,old_vs_aux,AMBSL,AMBNS,6,60,2002-10-01,2007-09-01,60,-0.282589593598734,0.981763624995526,1.58705146790943,computed
MONETARY_BASE,triangulation,old_vs_aux,AMBSL,AMBNS,6,60,2002-11-01,2007-10-01,60,-0.274899174458812,0.978180825581461,1.57944295815044,computed
MONETARY_BASE,triangulation,old_vs_aux,AMBSL,AMBNS,6,60,2002-12-01,2007-11-01,60,-0.273089653439628,0.990471192478286,1.58808330361945,computed
MONETARY_BASE,triangulation,old_vs_aux,AMBSL,AMBNS,6,60,2003-01-01,2007-12-01,60,-0.213114436637317,0.94783889579648,1.51736469305504,computed
MONETARY_BASE,triangulation,old_vs_aux,AMBSL,AMBNS,6,60,2003-02-01,2008-01-01,60,-0.21793926388247,0.827152792320777,1.42993702371914,computed
MONETARY_BASE,triangulation,old_vs_aux,AMBSL,AMBNS,6,60,2003-03-01,2008-02-01,60,-0.235375060827151,0.823870336426186,1.43756717837679,computed
MONETARY_BASE,triangulation,old_vs_aux,AMBSL,AMBNS,6,60,2003-04-01,2008-03-01,60,-0.238672699057086,0.848176257241261,1.4574896214156,computed
MONETARY_BASE,triangulation,old_vs_aux,AMBSL,AMBNS,6,60,2003-05-01,2008-04-01,60,-0.175711762197034,0.853266561168826,1.42405118116676,computed
MONETARY_BASE,triangulation,old_vs_aux,AMBSL,AMBNS,6,60,2003-06-01,2008-05-01,60,-0.0834870772307583,0.874142641811416,1.38205809817758,computed
MONETARY_BASE,triangulation,old_vs_aux,AMBSL,AMBNS,6,60,2003-07-01,2008-06-01,60,-0.0813767727109198,0.875105378003817,1.38138912892528,computed
MONETARY_BASE,triangulation,old_vs_aux,AMBSL,AMBNS,6,60,2003-08-01,2008-07-01,60,-0.060636752607099,0.882989529703085,1.37359154951577,computed
MONETARY_BASE,triangulation,old_vs_aux,AMBSL,AMBNS,6,60,2003-09-01,2008-08-01,60,-0.00906444286032445,0.908039339144706,1.35683351331186,computed
MONETARY_BASE,triangulation,old_vs_aux,AMBSL,AMBNS,6,60,2003-10-01,2008-09-01,60,0.696405651216429,0.991528900501383,0.775961919956746,computed
MONETARY_BASE,triangulation,old_vs_aux,AMBSL,AMBNS,6,60,2003-11-01,2008-10-01,60,0.902722242352181,0.966455626577325,0.434918955010969,computed
MONETARY_BASE,triangulation,old_vs_aux,AMBSL,AMBNS,6,60,2003-12-01,2008-11-01,60,0.917086689496653,1.0035395715859,0.407953557127868,computed
MONETARY_BASE,triangulation,old_vs_aux,AMBSL,AMBNS,6,60,2004-01-01,2008-12-01,60,0.952729963499245,0.982382008058442,0.305261953733758,computed
MONETARY_BASE,triangulation,old_vs_aux,AMBSL,AMBNS,6,60,2004-02-01,2009-01-01,60,0.960889717847544,1.02346879882839,0.283913880450628,computed
MONETARY_BASE,triangulation,old_vs_aux,AMBSL,AMBNS,6,60,2004-03-01,2009-02-01,60,0.968879960913519,1.01721556258586,0.252206169094823,computed
MONETARY_BASE,triangulation,old_vs_aux,AMBSL,AMBNS,6,60,2004-04-01,2009-03-01,60,0.975843487770473,1.02854004134251,0.22473632135106,computed
MONETARY_BASE,triangulation,old_vs_aux,AMBSL,AMBNS,6,60,2004-05-01,2009-04-01,60,0.975953873140024,1.02848990071784,0.224218803174158,computed
MONETARY_BASE,triangulation,old_vs_aux,AMBSL,AMBNS,6,60,2004-06-01,2009-05-01,60,0.976925017392375,1.02620205847546,0.219193378484172,computed
MONETARY_BASE,triangulation,old_vs_aux,AMBSL,AMBNS,6,60,2004-07-01,2009-06-01,60,0.977875748264483,1.02714444986805,0.214910274100772,computed
MONETARY_BASE,triangulation,old_vs_aux,AMBSL,AMBNS,6,60,2004-08-01,2009-07-01,60,0.978474008092029,1.02790973822413,0.212208640026787,computed
MONETARY_BASE,triangulation,old_vs_aux,AMBSL,AMBNS,6,60,2004-09-01,2009-08-01,60,0.97854902336135,1.02640519518177,0.211499461133744,computed
MONETARY_BASE,triangulation,old_vs_aux,AMBSL,AMBNS,6,60,2004-10-01,2009-09-01,60,0.978772843932276,1.02667038974593,0.210470650865453,computed
MONETARY_BASE,triangulation,old_vs_aux,AMBSL,AMBNS,6,60,2004-11-01,2009-10-01,60,0.978875225672993,1.0247609786967,0.209544255216412,computed
MONETARY_BASE,triangulation,old_vs_aux,AMBSL,AMBNS,6,60,2004-12-01,2009-11-01,60,0.979137462174804,1.01928307408987,0.207126773551674,computed
MONETARY_BASE,triangulation,old_vs_aux,AMBSL,AMBNS,6,60,2005-01-01,2009-12-01,60,0.979485507328542,1.01643593183924,0.204874290248605,computed
MONETARY_BASE,triangulation,old_vs_aux,AMBSL,AMBNS,6,60,2005-02-01,2010-01-01,60,0.979501331315833,1.01753948701282,0.204997666424803,computed
MONETARY_BASE,triangulation,old_vs_aux,AMBSL,AMBNS,6,60,2005-03-01,2010-02-01,60,0.980452780852347,1.01721241388492,0.200158974667137,computed
MONETARY_BASE,triangulation,old_vs_aux,AMBSL,AMBNS,6,60,2005-04-01,2010-03-01,60,0.981550621033038,1.00963164655576,0.193253518322608,computed
MONETARY_BASE,triangulation,old_vs_aux,AMBSL,AMBNS,6,60,2005-05-01,2010-04-01,60,0.981561179423258,1.009590416956,0.193192363218356,computed
MONETARY_BASE,triangulation,old_vs_aux,AMBSL,AMBNS,6,60,2005-06-01,2010-05-01,60,0.981671477139816,1.00993412772266,0.192665223608466,computed
MONETARY_BASE,triangulation,old_vs_aux,AMBSL,AMBNS,6,60,2005-07-01,2010-06-01,60,0.98166698148379,1.01014370201557,0.192719643723769,computed
MONETARY_BASE,triangulation,old_vs_aux,AMBSL,AMBNS,6,60,2005-08-01,2010-07-01,60,0.981668289725383,1.01025430496573,0.192729160263498,computed
MONETARY_BASE,triangulation,old_vs_aux,AMBSL,AMBNS,6,60,2005-09-01,2010-08-01,60,0.98166664581744,1.01010246457629,0.192715314072436,computed
MONETARY_BASE,triangulation,old_vs_aux,AMBSL,AMBNS,6,60,2005-10-01,2010-09-01,60,0.981696489314144,1.00975280753266,0.192507557930848,computed
MONETARY_BASE,triangulation,old_vs_aux,AMBSL,AMBNS,6,60,2005-11-01,2010-10-01,60,0.981763361820545,1.00841803163051,0.191966592952178,computed
MONETARY_BASE,triangulation,old_vs_aux,AMBSL,AMBNS,6,60,2005-12-01,2010-11-01,60,0.981763057736905,1.00759228339713,0.191855277126602,computed
MONETARY_BASE,triangulation,old_vs_aux,AMBSL,AMBNS,6,60,2006-01-01,2010-12-01,60,0.981809737861332,1.00849029851645,0.191732863530336,computed
MONETARY_BASE,triangulation,old_vs_aux,AMBSL,AMBNS,6,60,2006-02-01,2011-01-01,60,0.981809629699373,1.00847087520693,0.191730730561441,computed
MONETARY_BASE,triangulation,old_vs_aux,AMBSL,AMBNS,6,60,2006-03-01,2011-02-01,60,0.982397225696505,1.0086100975475,0.188634052054469,computed
MONETARY_BASE,triangulation,old_vs_aux,AMBSL,AMBNS,6,60,2006-04-01,2011-03-01,60,0.982397684058162,1.00854078366708,0.188621981789862,computed
MONETARY_BASE,triangulation,old_vs_aux,AMBSL,AMBNS,6,60,2006-05-01,2011-04-01,60,0.98260266321441,1.00832062737385,0.187492452980299,computed
MONETARY_BASE,triangulation,old_vs_aux,AMBSL,AMBNS,6,60,2006-06-01,2011-05-01,60,0.982648724142294,1.00804944171228,0.187207589041136,computed
MONETARY_BASE,triangulation,old_vs_aux,AMBSL,AMBNS,6,60,2006-07-01,2011-06-01,60,0.982649865662469,1.00781515913895,0.187169798603548,computed
MONETARY_BASE,triangulation,old_vs_aux,AMBSL,AMBNS,6,60,2006-08-01,2011-07-01,60,0.982690833224662,1.00739674418585,0.186893307351169,computed
MONETARY_BASE,triangulation,old_vs_aux,AMBSL,AMBNS,6,60,2006-09-01,2011-08-01,60,0.982766939622906,1.00810002554089,0.186576814278675,computed
MONETARY_BASE,triangulation,old_vs_aux,AMBSL,AMBNS,6,60,2006-10-01,2011-09-01,60,0.982766850051203,1.00809612945804,0.186576769282148,computed
MONETARY_BASE,triangulation,old_vs_aux,AMBSL,AMBNS,6,60,2006-11-01,2011-10-01,60,0.982789677088707,1.00750106895403,0.186373559004115,computed
MONETARY_BASE,triangulation,old_vs_aux,AMBSL,AMBNS,6,60,2006-12-01,2011-11-01,60,0.982842752446094,1.00482457669708,0.185750705413438,computed
MONETARY_BASE,triangulation,old_vs_aux,AMBSL,AMBNS,6,60,2007-01-01,2011-12-01,60,0.982886436892677,1.00584324307583,0.185637461528679,computed
MONETARY_BASE,triangulation,old_vs_aux,AMBSL,AMBNS,6,60,2007-02-01,2012-01-01,60,0.982896668658704,1.00327196802467,0.185281654688293,computed
MONETARY_BASE,triangulation,old_vs_aux,AMBSL,AMBNS,6,60,2007-03-01,2012-02-01,60,0.982927151077585,1.00337097657801,0.185127430910721,computed
MONETARY_BASE,triangulation,old_vs_aux,AMBSL,AMBNS,6,60,2007-04-01,2012-03-01,60,0.983193912847891,0.999947308408835,0.183331410297949,computed
MONETARY_BASE,triangulation,old_vs_aux,AMBSL,AMBNS,6,60,2007-05-01,2012-04-01,60,0.983221477026455,0.999991646462907,0.183185058607144,computed
MONETARY_BASE,triangulation,old_vs_aux,AMBSL,AMBNS,6,60,2007-06-01,2012-05-01,60,0.983233722431627,0.999861891124689,0.183106370908647,computed
MONETARY_BASE,triangulation,old_vs_aux,AMBSL,AMBNS,6,60,2007-07-01,2012-06-01,60,0.983271415113066,0.999477591676405,0.182865973818007,computed
MONETARY_BASE,triangulation,old_vs_aux,AMBSL,AMBNS,6,60,2007-08-01,2012-07-01,60,0.983277439925385,0.99962607583911,0.182846257905672,computed
MONETARY_BASE,triangulation,old_vs_aux,AMBSL,AMBNS,6,60,2007-09-01,2012-08-01,60,0.9832933796845,0.999944077035183,0.18278778731334,computed
MONETARY_BASE,triangulation,old_vs_aux,AMBSL,AMBNS,6,60,2007-10-01,2012-09-01,60,0.983339435999981,0.999704502186696,0.182514024114795,computed
MONETARY_BASE,triangulation,old_vs_aux,AMBSL,AMBNS,6,60,2007-11-01,2012-10-01,60,0.983448812459122,0.998601190523052,0.181818667451256,computed
MONETARY_BASE,triangulation,old_vs_aux,AMBSL,AMBNS,6,60,2007-12-01,2012-11-01,60,0.983448859078169,0.99845448096866,0.181806243749131,computed
MONETARY_BASE,triangulation,old_vs_aux,AMBSL,AMBNS,6,60,2008-01-01,2012-12-01,60,0.983441085646255,0.998644157388796,0.181864687208266,computed
MONETARY_BASE,triangulation,old_vs_aux,AMBSL,AMBNS,6,60,2008-02-01,2013-01-01,60,0.983531573297911,0.99508983502688,0.181105598313279,computed
MONETARY_BASE,triangulation,old_vs_aux,AMBSL,AMBNS,6,60,2008-03-01,2013-02-01,60,0.983544512380249,0.99514289384413,0.181037881724896,computed
MONETARY_BASE,triangulation,old_vs_aux,AMBSL,AMBNS,6,60,2008-04-01,2013-03-01,60,0.983552660528318,0.994566208801635,0.180957072846841,computed
MONETARY_BASE,triangulation,old_vs_aux,AMBSL,AMBNS,6,60,2008-05-01,2013-04-01,60,0.983552348763536,0.994566538333698,0.180958806399747,computed
MONETARY_BASE,triangulation,old_vs_aux,AMBSL,AMBNS,6,60,2008-06-01,2013-05-01,60,0.983539881865283,0.994496102488566,0.181023035967267,computed
MONETARY_BASE,triangulation,old_vs_aux,AMBSL,AMBNS,6,60,2008-07-01,2013-06-01,60,0.983541973934657,0.994538566208911,0.181014116992328,computed
MONETARY_BASE,triangulation,old_vs_aux,AMBSL,AMBNS,6,60,2008-08-01,2013-07-01,60,0.983537906874603,0.994438428412747,0.181030403829107,computed
MONETARY_BASE,triangulation,old_vs_aux,AMBSL,AMBNS,6,60,2008-09-01,2013-08-01,60,0.983527384514222,0.994009638520024,0.18106286631909,computed
MONETARY_BASE,triangulation,old_vs_aux,AMBSL,AMBNS,6,60,2008-10-01,2013-09-01,60,0.982874152327583,0.992601530619646,0.184534610777432,computed
MONETARY_BASE,triangulation,old_vs_aux,AMBSL,AMBNS,6,60,2008-11-01,2013-10-01,60,0.980366364110542,0.99792180178385,0.197964606716967,computed
MONETARY_BASE,triangulation,old_vs_aux,AMBSL,AMBNS,6,60,2008-12-01,2013-11-01,60,0.979499039450357,0.989238543957703,0.201684133396503,computed
MONETARY_BASE,triangulation,old_vs_aux,AMBSL,AMBNS,6,60,2009-01-01,2013-12-01,60,0.975339876406607,0.995811373383823,0.221655606018984,computed
MONETARY_BASE,triangulation,old_vs_aux,AMBSL,AMBNS,6,60,2009-02-01,2014-01-01,60,0.973132728521465,0.966652337216567,0.230336033116489,computed
MONETARY_BASE,triangulation,old_vs_aux,AMBSL,AMBNS,6,60,2009-03-01,2014-02-01,60,0.967368936069499,0.961147732418887,0.253448308147151,computed
MONETARY_BASE,triangulation,old_vs_aux,AMBSL,AMBNS,6,60,2009-04-01,2014-03-01,60,0.956980776718004,0.917312068293922,0.29285047280204,computed
MONETARY_BASE,triangulation,old_vs_aux,AMBSL,AMBNS,6,60,2009-05-01,2014-04-01,60,0.956595869873361,0.916298229534809,0.294190825074747,computed
MONETARY_BASE,triangulation,old_vs_aux,AMBSL,AMBNS,6,60,2009-06-01,2014-05-01,60,0.953213912929419,0.911274428375171,0.305191999506206,computed
MONETARY_BASE,triangulation,old_vs_aux,AMBSL,AMBNS,6,60,2009-07-01,2014-06-01,60,0.949782684531344,0.897929792763865,0.317177512678853,computed
MONETARY_BASE,triangulation,old_vs_aux,AMBSL,AMBNS,6,60,2009-08-01,2014-07-01,60,0.94725680113825,0.88793161678525,0.325920281964693,computed
MONETARY_BASE,triangulation,old_vs_aux,AMBSL,AMBNS,6,60,2009-09-01,2014-08-01,60,0.946465084948704,0.887949089999872,0.32806701241958,computed
MONETARY_BASE,triangulation,old_vs_aux,AMBSL,AMBNS,6,60,2009-10-01,2014-09-01,60,0.946325579156722,0.883889990305286,0.329190068181439,computed
MONETARY_BASE,triangulation,old_vs_aux,AMBSL,AMBNS,6,60,2009-11-01,2014-10-01,60,0.9445916356058,0.886187906550795,0.333403115629076,computed
MONETARY_BASE,triangulation,old_vs_aux,AMBSL,AMBNS,6,60,2009-12-01,2014-11-01,60,0.943694796147964,0.886683192419908,0.335693989643768,computed
MONETARY_BASE,triangulation,old_vs_aux,AMBSL,AMBNS,6,60,2010-01-01,2014-12-01,60,0.945021881645788,0.911916871045671,0.328678543469889,computed
MONETARY_BASE,triangulation,old_vs_aux,AMBSL,AMBNS,6,60,2010-02-01,2015-01-01,60,0.945495403827723,0.907577216796407,0.327835675679858,computed
MONETARY_BASE,triangulation,old_vs_aux,AMBSL,AMBNS,6,60,2010-03-01,2015-02-01,60,0.945043279105262,0.903598783798199,0.329561597898249,computed
MONETARY_BASE,triangulation,old_vs_aux,AMBSL,AMBNS,6,60,2010-04-01,2015-03-01,60,0.945402399607664,0.950545806685981,0.32594594253106,computed
MONETARY_BASE,triangulation,old_vs_aux,AMBSL,AMBNS,6,60,2010-05-01,2015-04-01,60,0.948916309387893,0.953308484770216,0.31555843988441,computed
MONETARY_BASE,triangulation,old_vs_aux,AMBSL,AMBNS,6,60,2010-06-01,2015-05-01,60,0.949553618440991,0.951644611743837,0.313611699333219,computed
MONETARY_BASE,triangulation,old_vs_aux,AMBSL,AMBNS,6,60,2010-07-01,2015-06-01,60,0.950628770960203,0.95060724445326,0.310330372806282,computed
MONETARY_BASE,triangulation,old_vs_aux,AMBSL,AMBNS,6,60,2010-08-01,2015-07-01,60,0.950777985329776,0.951503458470757,0.309873762883609,computed
MONETARY_BASE,triangulation,old_vs_aux,AMBSL,AMBNS,6,60,2010-09-01,2015-08-01,60,0.950807171001654,0.952510561246019,0.309788032548391,computed
MONETARY_BASE,triangulation,old_vs_aux,AMBSL,AMBNS,6,60,2010-10-01,2015-09-01,60,0.950561283347197,0.953376431264454,0.310549789340183,computed
MONETARY_BASE,triangulation,old_vs_aux,AMBSL,AMBNS,6,60,2010-11-01,2015-10-01,60,0.949847640822901,0.956178748592932,0.312777144543492,computed
MONETARY_BASE,triangulation,old_vs_aux,AMBSL,AMBNS,6,60,2010-12-01,2015-11-01,60,0.950685379304088,0.9519794349977,0.310159610777389,computed
MONETARY_BASE,triangulation,old_vs_aux,AMBSL,AMBNS,6,60,2011-01-01,2015-12-01,60,0.951851394091934,0.94572863216199,0.306620957827263,computed
MONETARY_BASE,triangulation,old_vs_aux,AMBSL,AMBNS,6,60,2011-02-01,2016-01-01,60,0.953900367570073,0.932868978280862,0.300859449054154,computed
MONETARY_BASE,triangulation,old_vs_aux,AMBSL,AMBNS,6,60,2011-03-01,2016-02-01,60,0.95167507846087,0.929197522177116,0.307928214967414,computed
MONETARY_BASE,triangulation,old_vs_aux,AMBSL,AMBNS,6,60,2011-04-01,2016-03-01,60,0.95258172372221,0.925748517450552,0.305463714030403,computed
MONETARY_BASE,triangulation,old_vs_aux,AMBSL,AMBNS,6,60,2011-05-01,2016-04-01,60,0.9512157640428,0.923847971427178,0.30973789937482,computed
MONETARY_BASE,triangulation,old_vs_aux,AMBSL,AMBNS,6,60,2011-06-01,2016-05-01,60,0.950940372699528,0.923756462664076,0.310566212803163,computed
MONETARY_BASE,triangulation,old_vs_aux,AMBSL,AMBNS,6,60,2011-07-01,2016-06-01,60,0.951006161219717,0.923662141765947,0.310378763323194,computed
MONETARY_BASE,triangulation,old_vs_aux,AMBSL,AMBNS,6,60,2011-08-01,2016-07-01,60,0.950757755757815,0.923791997729019,0.311105837252377,computed
MONETARY_BASE,triangulation,old_vs_aux,AMBSL,AMBNS,6,60,2011-09-01,2016-08-01,60,0.951398354994942,0.919686085367513,0.30959140517437,computed
MONETARY_BASE,triangulation,old_vs_aux,AMBSL,AMBNS,6,60,2011-10-01,2016-09-01,60,0.953042965413292,0.920664496676332,0.304561112609739,computed
MONETARY_BASE,triangulation,old_vs_aux,AMBSL,AMBNS,6,60,2011-11-01,2016-10-01,60,0.952772575982084,0.924759643957411,0.304974003510309,computed
MONETARY_BASE,triangulation,old_vs_aux,AMBSL,AMBNS,6,60,2011-12-01,2016-11-01,60,0.954063484924404,0.948456225053493,0.299656984062275,computed
MONETARY_BASE,triangulation,old_vs_aux,AMBSL,AMBNS,6,60,2012-01-01,2016-12-01,60,0.956331447847152,0.942059572636981,0.292632616570005,computed
MONETARY_BASE,triangulation,old_vs_aux,AMBSL,AMBNS,6,60,2012-02-01,2017-01-01,60,0.959517223894412,0.92848507403496,0.283354356548247,computed
MONETARY_BASE,triangulation,old_vs_aux,AMBSL,AMBNS,6,60,2012-03-01,2017-02-01,60,0.959884251933832,0.929343472680583,0.282054891974701,computed
MONETARY_BASE,triangulation,old_vs_aux,AMBSL,AMBNS,6,60,2012-04-01,2017-03-01,60,0.958191146134529,0.931685170860119,0.287353952808471,computed
MONETARY_BASE,triangulation,old_vs_aux,AMBSL,AMBNS,6,60,2012-05-01,2017-04-01,60,0.95913529487457,0.932840647955463,0.284167018815494,computed
MONETARY_BASE,triangulation,old_vs_aux,AMBSL,AMBNS,6,60,2012-06-01,2017-05-01,60,0.959067521222415,0.932894086063157,0.284384490513061,computed
MONETARY_BASE,triangulation,old_vs_aux,AMBSL,AMBNS,6,60,2012-07-01,2017-06-01,60,0.958966802367118,0.932948161464643,0.284709749801968,computed
MONETARY_BASE,triangulation,old_vs_aux,AMBSL,AMBNS,6,60,2012-08-01,2017-07-01,60,0.958951074236489,0.932680415588559,0.284785857665921,computed
MONETARY_BASE,triangulation,old_vs_aux,AMBSL,AMBNS,6,60,2012-09-01,2017-08-01,60,0.95970272850206,0.930554288514893,0.282524874054351,computed
MONETARY_BASE,triangulation,old_vs_aux,AMBSL,AMBNS,6,60,2012-10-01,2017-09-01,60,0.960825629804994,0.931631591270953,0.278686922900569,computed
MONETARY_BASE,triangulation,old_vs_aux,AMBSL,AMBNS,6,60,2012-11-01,2017-10-01,60,0.960011120615864,0.93325757816745,0.281237266960535,computed
MONETARY_BASE,triangulation,old_vs_aux,AMBSL,AMBNS,6,60,2012-12-01,2017-11-01,60,0.960071716548773,0.939154001775822,0.28053493521203,computed
MONETARY_BASE,triangulation,old_vs_aux,AMBSL,AMBNS,6,60,2013-01-01,2017-12-01,60,0.961256047929574,0.936968495474488,0.276724945610452,computed
MONETARY_BASE,triangulation,old_vs_aux,AMBSL,AMBNS,6,60,2013-02-01,2018-01-01,60,0.960671034663602,0.940716315445203,0.278405017874053,computed
MONETARY_BASE,triangulation,old_vs_aux,AMBSL,AMBNS,6,60,2013-03-01,2018-02-01,60,0.960795009249903,0.940998424720597,0.277965564341183,computed
MONETARY_BASE,triangulation,old_vs_aux,AMBSL,AMBNS,6,60,2013-04-01,2018-03-01,60,0.961503227048591,0.938229472780487,0.27577746828355,computed
MONETARY_BASE,triangulation,old_vs_aux,AMBSL,AMBNS,6,60,2013-05-01,2018-04-01,60,0.961460248451994,0.938194027830308,0.275926634576379,computed
MONETARY_BASE,triangulation,old_vs_aux,AMBSL,AMBNS,6,60,2013-06-01,2018-05-01,60,0.961444793867418,0.938103751585311,0.275986797872769,computed
MONETARY_BASE,triangulation,old_vs_aux,AMBSL,AMBNS,6,60,2013-07-01,2018-06-01,60,0.961553356006049,0.937427137481681,0.275675929260836,computed
MONETARY_BASE,triangulation,old_vs_aux,AMBSL,AMBNS,6,60,2013-08-01,2018-07-01,60,0.961595092367148,0.9370267923986,0.275569373658911,computed
MONETARY_BASE,triangulation,old_vs_aux,AMBSL,AMBNS,6,60,2013-09-01,2018-08-01,60,0.961588176834718,0.937070219738972,0.275589020811481,computed
MONETARY_BASE,triangulation,old_vs_aux,AMBSL,AMBNS,6,60,2013-10-01,2018-09-01,60,0.961558127887835,0.937228004242328,0.275677205458595,computed
MONETARY_BASE,triangulation,old_vs_aux,AMBSL,AMBNS,6,60,2013-11-01,2018-10-01,60,0.961520301222007,0.93750157409443,0.275781815192341,computed
MONETARY_BASE,triangulation,old_vs_aux,AMBSL,AMBNS,6,60,2013-12-01,2018-11-01,60,0.961548931444217,0.937288118257532,0.275703172805401,computed
MONETARY_BASE,triangulation,old_vs_aux,AMBSL,AMBNS,6,60,2014-01-01,2018-12-01,60,0.961304013932032,0.937953774136393,0.276477533439307,computed
MONETARY_BASE,triangulation,old_vs_aux,AMBSL,AMBNS,6,60,2014-02-01,2019-01-01,60,0.961656902509276,0.934792272669611,0.27556797744422,computed
MONETARY_BASE,triangulation,old_vs_aux,AMBSL,AMBNS,6,60,2014-03-01,2019-02-01,60,0.9616061699534,0.934678344645123,0.275751122723721,computed
MONETARY_BASE,triangulation,old_vs_aux,AMBSL,AMBNS,6,60,2014-04-01,2019-03-01,60,0.961229468451052,0.937162942132459,0.27679795279292,computed
MONETARY_BASE,triangulation,old_vs_aux,AMBSL,AMBNS,6,60,2014-05-01,2019-04-01,60,0.962106988206103,0.938370845053042,0.273703393725341,computed
MONETARY_BASE,triangulation,old_vs_aux,AMBSL,AMBNS,6,60,2014-06-01,2019-05-01,60,0.962005790241818,0.939184402408706,0.273981158629296,computed
MONETARY_BASE,triangulation,old_vs_aux,AMBSL,AMBNS,6,60,2014-07-01,2019-06-01,60,0.962168084977222,0.939141454553128,0.273427873414458,computed
MONETARY_BASE,triangulation,old_vs_aux,AMBSL,AMBNS,6,60,2014-08-01,2019-07-01,60,0.962349603330887,0.938563434384025,0.272853482297831,computed
MONETARY_BASE,triangulation,old_vs_aux,AMBSL,AMBNS,6,60,2014-09-01,2019-08-01,60,0.962356601475775,0.938545718885041,0.272830954486021,computed
MONETARY_BASE,triangulation,old_vs_aux,AMBSL,AMBNS,6,60,2014-10-01,2019-09-01,60,0.962445929709837,0.938609819992775,0.272517875581475,computed
MONETARY_BASE,triangulation,old_vs_aux,AMBSL,AMBNS,6,60,2014-11-01,2019-10-01,60,0.963986648862704,0.935852035394157,0.267434659850766,computed
MONETARY_BASE,triangulation,old_vs_aux,AMBSL,AMBNS,6,60,2014-12-01,2019-11-01,60,0.962751317309649,0.941047941254018,0.271258064489793,computed
MONETARY_BASE,triangulation,aux_vs_new,AMBNS,BOGMBASE,6,60,1959-03-01,1964-02-01,60,0.864387131536357,0.894503280769461,0.503750505872798,computed
MONETARY_BASE,triangulation,aux_vs_new,AMBNS,BOGMBASE,6,60,1959-04-01,1964-03-01,60,0.867983270923195,0.892349884677235,0.497196223125773,computed
MONETARY_BASE,triangulation,aux_vs_new,AMBNS,BOGMBASE,6,60,1959-05-01,1964-04-01,60,0.868563705613791,0.888079578911968,0.495989636068832,computed
MONETARY_BASE,triangulation,aux_vs_new,AMBNS,BOGMBASE,6,60,1959-06-01,1964-05-01,60,0.870722832027989,0.884467845568784,0.491984014082886,computed
MONETARY_BASE,triangulation,aux_vs_new,AMBNS,BOGMBASE,6,60,1959-07-01,1964-06-01,60,0.871806169054862,0.882691588950548,0.489974222232896,computed
MONETARY_BASE,triangulation,aux_vs_new,AMBNS,BOGMBASE,6,60,1959-08-01,1964-07-01,60,0.871892647382245,0.880866080811311,0.489782605405196,computed
MONETARY_BASE,triangulation,aux_vs_new,AMBNS,BOGMBASE,6,60,1959-09-01,1964-08-01,60,0.871618371654917,0.878906366989077,0.490239320062926,computed
MONETARY_BASE,triangulation,aux_vs_new,AMBNS,BOGMBASE,6,60,1959-10-01,1964-09-01,60,0.872324343555879,0.88062079998814,0.488998487467901,computed
MONETARY_BASE,triangulation,aux_vs_new,AMBNS,BOGMBASE,6,60,1959-11-01,1964-10-01,60,0.872573206671136,0.880476910342232,0.488548679129018,computed
MONETARY_BASE,triangulation,aux_vs_new,AMBNS,BOGMBASE,6,60,1959-12-01,1964-11-01,60,0.872744342330826,0.879872370572824,0.488229579130544,computed
MONETARY_BASE,triangulation,aux_vs_new,AMBNS,BOGMBASE,6,60,1960-01-01,1964-12-01,60,0.872379445768982,0.882132149247052,0.488931756300667,computed
MONETARY_BASE,triangulation,aux_vs_new,AMBNS,BOGMBASE,6,60,1960-02-01,1965-01-01,60,0.871095167258738,0.887143351382877,0.491376387092585,computed
MONETARY_BASE,triangulation,aux_vs_new,AMBNS,BOGMBASE,6,60,1960-03-01,1965-02-01,60,0.87103785542584,0.88567037893037,0.491443968900668,computed
MONETARY_BASE,triangulation,aux_vs_new,AMBNS,BOGMBASE,6,60,1960-04-01,1965-03-01,60,0.868843186289836,0.881555965417458,0.495254074619753,computed
MONETARY_BASE,triangulation,aux_vs_new,AMBNS,BOGMBASE,6,60,1960-05-01,1965-04-01,60,0.868764284078774,0.880320219146547,0.495361703940014,computed
MONETARY_BASE,triangulation,aux_vs_new,AMBNS,BOGMBASE,6,60,1960-06-01,1965-05-01,60,0.869944668495928,0.87962960151802,0.493260747296638,computed
MONETARY_BASE,triangulation,aux_vs_new,AMBNS,BOGMBASE,6,60,1960-07-01,1965-06-01,60,0.871698865823674,0.877699042264781,0.490082954815075,computed
MONETARY_BASE,triangulation,aux_vs_new,AMBNS,BOGMBASE,6,60,1960-08-01,1965-07-01,60,0.871484261451726,0.877520946657624,0.490463754198333,computed
MONETARY_BASE,triangulation,aux_vs_new,AMBNS,BOGMBASE,6,60,1960-09-01,1965-08-01,60,0.871798996584116,0.876752836253735,0.489889634414586,computed
MONETARY_BASE,triangulation,aux_vs_new,AMBNS,BOGMBASE,6,60,1960-10-01,1965-09-01,60,0.878163438302184,0.88196808419989,0.478725146013589,computed
MONETARY_BASE,triangulation,aux_vs_new,AMBNS,BOGMBASE,6,60,1960-11-01,1965-10-01,60,0.889353835447248,0.873882694640736,0.457487558532578,computed
MONETARY_BASE,triangulation,aux_vs_new,AMBNS,BOGMBASE,6,60,1960-12-01,1965-11-01,60,0.891250344597509,0.875704999101517,0.453797010568199,computed
MONETARY_BASE,triangulation,aux_vs_new,AMBNS,BOGMBASE,6,60,1961-01-01,1965-12-01,60,0.917011594159094,0.869219614151266,0.402907451965129,computed
MONETARY_BASE,triangulation,aux_vs_new,AMBNS,BOGMBASE,6,60,1961-02-01,1966-01-01,60,0.955228412435385,0.911680455320333,0.29905922316301,computed
MONETARY_BASE,triangulation,aux_vs_new,AMBNS,BOGMBASE,6,60,1961-03-01,1966-02-01,60,0.955235560135242,0.912061178368469,0.298981548560535,computed
MONETARY_BASE,triangulation,aux_vs_new,AMBNS,BOGMBASE,6,60,1961-04-01,1966-03-01,60,0.955377924743245,0.909343794295432,0.29897209181022,computed
MONETARY_BASE,triangulation,aux_vs_new,AMBNS,BOGMBASE,6,60,1961-05-01,1966-04-01,60,0.955803186351666,0.911183720759088,0.297374923573453,computed
MONETARY_BASE,triangulation,aux_vs_new,AMBNS,BOGMBASE,6,60,1961-06-01,1966-05-01,60,0.955849761263208,0.912638431862338,0.297016041197006,computed
MONETARY_BASE,triangulation,aux_vs_new,AMBNS,BOGMBASE,6,60,1961-07-01,1966-06-01,60,0.955588165676669,0.912899725036457,0.297782828902117,computed
MONETARY_BASE,triangulation,aux_vs_new,AMBNS,BOGMBASE,6,60,1961-08-01,1966-07-01,60,0.955223778297485,0.914880739217993,0.298677311422601,computed
MONETARY_BASE,triangulation,aux_vs_new,AMBNS,BOGMBASE,6,60,1961-09-01,1966-08-01,60,0.956211223576017,0.924577066235065,0.294382134458406,computed
MONETARY_BASE,triangulation,aux_vs_new,AMBNS,BOGMBASE,6,60,1961-10-01,1966-09-01,60,0.955235118598513,0.93317483887509,0.296730493294762,computed
MONETARY_BASE,triangulation,aux_vs_new,AMBNS,BOGMBASE,6,60,1961-11-01,1966-10-01,60,0.954615648594431,0.93541331185254,0.298459447631171,computed
MONETARY_BASE,triangulation,aux_vs_new,AMBNS,BOGMBASE,6,60,1961-12-01,1966-11-01,60,0.953896308769596,0.933625330478412,0.300830596715146,computed
MONETARY_BASE,triangulation,aux_vs_new,AMBNS,BOGMBASE,6,60,1962-01-01,1966-12-01,60,0.954300079597612,0.936620532884107,0.299375591259936,computed
MONETARY_BASE,triangulation,aux_vs_new,AMBNS,BOGMBASE,6,60,1962-02-01,1967-01-01,60,0.953144448851925,0.935720162234882,0.303021579430745,computed
MONETARY_BASE,triangulation,aux_vs_new,AMBNS,BOGMBASE,6,60,1962-03-01,1967-02-01,60,0.952948949198469,0.935601300001652,0.303636310028596,computed
MONETARY_BASE,triangulation,aux_vs_new,AMBNS,BOGMBASE,6,60,1962-04-01,1967-03-01,60,0.944214532269896,0.921308440903501,0.330348912043453,computed
MONETARY_BASE,triangulation,aux_vs_new,AMBNS,BOGMBASE,6,60,1962-05-01,1967-04-01,60,0.941786099337134,0.921514036126828,0.336831351331767,computed
MONETARY_BASE,triangulation,aux_vs_new,AMBNS,BOGMBASE,6,60,1962-06-01,1967-05-01,60,0.941780429753204,0.920612381293792,0.336896144344099,computed
MONETARY_BASE,triangulation,aux_vs_new,AMBNS,BOGMBASE,6,60,1962-07-01,1967-06-01,60,0.94208761775198,0.920420705180293,0.336075164909744,computed
MONETARY_BASE,triangulation,aux_vs_new,AMBNS,BOGMBASE,6,60,1962-08-01,1967-07-01,60,0.941708478809048,0.921020374904461,0.337093366435402,computed
MONETARY_BASE,triangulation,aux_vs_new,AMBNS,BOGMBASE,6,60,1962-09-01,1967-08-01,60,0.941687831962779,0.925503017480657,0.336876887729208,computed
MONETARY_BASE,triangulation,aux_vs_new,AMBNS,BOGMBASE,6,60,1962-10-01,1967-09-01,60,0.941994339432164,0.926394299826738,0.335991135581396,computed
MONETARY_BASE,triangulation,aux_vs_new,AMBNS,BOGMBASE,6,60,1962-11-01,1967-10-01,60,0.941472634882916,0.926824331483435,0.3374334979157,computed
MONETARY_BASE,triangulation,aux_vs_new,AMBNS,BOGMBASE,6,60,1962-12-01,1967-11-01,60,0.955258177283372,0.920919074012633,0.298407145983039,computed
MONETARY_BASE,triangulation,aux_vs_new,AMBNS,BOGMBASE,6,60,1963-01-01,1967-12-01,60,0.969153151477048,0.892708572369312,0.25804567479651,computed
MONETARY_BASE,triangulation,aux_vs_new,AMBNS,BOGMBASE,6,60,1963-02-01,1968-01-01,60,0.96663596945846,0.876838599141967,0.271483771762212,computed
MONETARY_BASE,triangulation,aux_vs_new,AMBNS,BOGMBASE,6,60,1963-03-01,1968-02-01,60,0.967045710949233,0.876110226634674,0.270392124510408,computed
MONETARY_BASE,triangulation,aux_vs_new,AMBNS,BOGMBASE,6,60,1963-04-01,1968-03-01,60,0.965984433823402,0.870500813641576,0.27566513458958,computed
MONETARY_BASE,triangulation,aux_vs_new,AMBNS,BOGMBASE,6,60,1963-05-01,1968-04-01,60,0.966087357203421,0.870869885752873,0.275215780868126,computed
MONETARY_BASE,triangulation,aux_vs_new,AMBNS,BOGMBASE,6,60,1963-06-01,1968-05-01,60,0.965632839638118,0.872231169994907,0.276187974147363,computed
MONETARY_BASE,triangulation,aux_vs_new,AMBNS,BOGMBASE,6,60,1963-07-01,1968-06-01,60,0.965625831654392,0.873989441780363,0.275619606243462,computed
MONETARY_BASE,triangulation,aux_vs_new,AMBNS,BOGMBASE,6,60,1963-08-01,1968-07-01,60,0.966064299880972,0.874962464562848,0.273923212786179,computed
MONETARY_BASE,triangulation,aux_vs_new,AMBNS,BOGMBASE,6,60,1963-09-01,1968-08-01,60,0.965310353677306,0.875738417905319,0.276045329562276,computed
MONETARY_BASE,triangulation,aux_vs_new,AMBNS,BOGMBASE,6,60,1963-10-01,1968-09-01,60,0.964285901689159,0.875148100115504,0.279468657046487,computed
MONETARY_BASE,triangulation,aux_vs_new,AMBNS,BOGMBASE,6,60,1963-11-01,1968-10-01,60,0.961395434274921,0.880547871391957,0.286832694511976,computed
MONETARY_BASE,triangulation,aux_vs_new,AMBNS,BOGMBASE,6,60,1963-12-01,1968-11-01,60,0.96054279963227,0.87835500293084,0.290022386824652,computed
MONETARY_BASE,triangulation,aux_vs_new,AMBNS,BOGMBASE,6,60,1964-01-01,1968-12-01,60,0.962697161029661,0.884338790598965,0.28176484482533,computed
MONETARY_BASE,triangulation,aux_vs_new,AMBNS,BOGMBASE,6,60,1964-02-01,1969-01-01,60,0.960649141249493,0.903574679953925,0.283571126100439,computed
MONETARY_BASE,triangulation,aux_vs_new,AMBNS,BOGMBASE,6,60,1964-03-01,1969-02-01,60,0.961221818216543,0.903651325277832,0.281725087861672,computed
MONETARY_BASE,triangulation,aux_vs_new,AMBNS,BOGMBASE,6,60,1964-04-01,1969-03-01,60,0.959584112014931,0.903607555191856,0.286939985989611,computed
MONETARY_BASE,triangulation,aux_vs_new,AMBNS,BOGMBASE,6,60,1964-05-01,1969-04-01,60,0.957955578091555,0.909627089516816,0.291046924357963,computed
MONETARY_BASE,triangulation,aux_vs_new,AMBNS,BOGMBASE,6,60,1964-06-01,1969-05-01,60,0.958001028456356,0.910515717030293,0.290749554921526,computed
MONETARY_BASE,triangulation,aux_vs_new,AMBNS,BOGMBASE,6,60,1964-07-01,1969-06-01,60,0.951752837981807,0.921255769647942,0.308392385237757,computed
MONETARY_BASE,triangulation,aux_vs_new,AMBNS,BOGMBASE,6,60,1964-08-01,1969-07-01,60,0.951290599689413,0.921831645763226,0.30970343173521,computed
MONETARY_BASE,triangulation,aux_vs_new,AMBNS,BOGMBASE,6,60,1964-09-01,1969-08-01,60,0.95081579769064,0.920795074418432,0.311217171346436,computed
MONETARY_BASE,triangulation,aux_vs_new,AMBNS,BOGMBASE,6,60,1964-10-01,1969-09-01,60,0.950453266602565,0.918465393184925,0.312512448937549,computed
MONETARY_BASE,triangulation,aux_vs_new,AMBNS,BOGMBASE,6,60,1964-11-01,1969-10-01,60,0.949352749785653,0.922059241499212,0.315407808352298,computed
MONETARY_BASE,triangulation,aux_vs_new,AMBNS,BOGMBASE,6,60,1964-12-01,1969-11-01,60,0.949787774307369,0.923062059360346,0.314068757080425,computed
MONETARY_BASE,triangulation,aux_vs_new,AMBNS,BOGMBASE,6,60,1965-01-01,1969-12-01,60,0.948650982900788,0.924350968720991,0.317268610724741,computed
MONETARY_BASE,triangulation,aux_vs_new,AMBNS,BOGMBASE,6,60,1965-02-01,1970-01-01,60,0.947053271318186,0.933752479822042,0.321354813560844,computed
MONETARY_BASE,triangulation,aux_vs_new,AMBNS,BOGMBASE,6,60,1965-03-01,1970-02-01,60,0.947807160920135,0.934784750742173,0.319116994754053,computed
MONETARY_BASE,triangulation,aux_vs_new,AMBNS,BOGMBASE,6,60,1965-04-01,1970-03-01,60,0.947620520388365,0.939665174695113,0.319499256787464,computed
MONETARY_BASE,triangulation,aux_vs_new,AMBNS,BOGMBASE,6,60,1965-05-01,1970-04-01,60,0.94858984442711,0.938777849633665,0.316660268327643,computed
MONETARY_BASE,triangulation,aux_vs_new,AMBNS,BOGMBASE,6,60,1965-06-01,1970-05-01,60,0.947179987803002,0.943028849776258,0.32079499918605,computed
MONETARY_BASE,triangulation,aux_vs_new,AMBNS,BOGMBASE,6,60,1965-07-01,1970-06-01,60,0.946366402445409,0.943749750037991,0.323109619866698,computed
MONETARY_BASE,triangulation,aux_vs_new,AMBNS,BOGMBASE,6,60,1965-08-01,1970-07-01,60,0.945682452508874,0.948198978539973,0.325123685222771,computed
MONETARY_BASE,triangulation,aux_vs_new,AMBNS,BOGMBASE,6,60,1965-09-01,1970-08-01,60,0.945373669056759,0.947376258488464,0.326017360567502,computed
MONETARY_BASE,triangulation,aux_vs_new,AMBNS,BOGMBASE,6,60,1965-10-01,1970-09-01,60,0.946076951065903,0.942682664672694,0.323972403884143,computed
MONETARY_BASE,triangulation,aux_vs_new,AMBNS,BOGMBASE,6,60,1965-11-01,1970-10-01,60,0.944859131891758,0.945600709567759,0.327549295457372,computed
MONETARY_BASE,triangulation,aux_vs_new,AMBNS,BOGMBASE,6,60,1965-12-01,1970-11-01,60,0.94252689821293,0.951572897906862,0.334283891014986,computed
MONETARY_BASE,triangulation,aux_vs_new,AMBNS,BOGMBASE,6,60,1966-01-01,1970-12-01,60,0.941064153772757,0.944041952146614,0.338251325803675,computed
MONETARY_BASE,triangulation,aux_vs_new,AMBNS,BOGMBASE,6,60,1966-02-01,1971-01-01,60,0.933211908020277,0.938745635318101,0.359370732211752,computed
MONETARY_BASE,triangulation,aux_vs_new,AMBNS,BOGMBASE,6,60,1966-03-01,1971-02-01,60,0.934111814602817,0.939184169955243,0.357024078327906,computed
MONETARY_BASE,triangulation,aux_vs_new,AMBNS,BOGMBASE,6,60,1966-04-01,1971-03-01,60,0.93292356285787,0.935674472414794,0.360086426735826,computed
MONETARY_BASE,triangulation,aux_vs_new,AMBNS,BOGMBASE,6,60,1966-05-01,1971-04-01,60,0.932593168671905,0.936072646387308,0.360946125660513,computed
MONETARY_BASE,triangulation,aux_vs_new,AMBNS,BOGMBASE,6,60,1966-06-01,1971-05-01,60,0.93208319901822,0.933871265644912,0.362248872180706,computed
MONETARY_BASE,triangulation,aux_vs_new,AMBNS,BOGMBASE,6,60,1966-07-01,1971-06-01,60,0.93209569373877,0.932046871908603,0.362212970815323,computed
MONETARY_BASE,triangulation,aux_vs_new,AMBNS,BOGMBASE,6,60,1966-08-01,1971-07-01,60,0.933240731120507,0.930387744724194,0.359291446323463,computed
MONETARY_BASE,triangulation,aux_vs_new,AMBNS,BOGMBASE,6,60,1966-09-01,1971-08-01,60,0.932203739531014,0.923199677754062,0.362053489452169,computed
MONETARY_BASE,triangulation,aux_vs_new,AMBNS,BOGMBASE,6,60,1966-10-01,1971-09-01,60,0.933203903224928,0.909875326667902,0.360225229288376,computed
MONETARY_BASE,triangulation,aux_vs_new,AMBNS,BOGMBASE,6,60,1966-11-01,1971-10-01,60,0.933990346797184,0.906048427184953,0.358393262294216,computed
MONETARY_BASE,triangulation,aux_vs_new,AMBNS,BOGMBASE,6,60,1966-12-01,1971-11-01,60,0.935666721739538,0.908601798876058,0.353937870044734,computed
MONETARY_BASE,triangulation,aux_vs_new,AMBNS,BOGMBASE,6,60,1967-01-01,1971-12-01,60,0.934894856963989,0.905185033896513,0.356169425666976,computed
MONETARY_BASE,triangulation,aux_vs_new,AMBNS,BOGMBASE,6,60,1967-02-01,1972-01-01,60,0.928002181766934,0.902423672272145,0.373462282553981,computed
MONETARY_BASE,triangulation,aux_vs_new,AMBNS,BOGMBASE,6,60,1967-03-01,1972-02-01,60,0.926724548247275,0.921051738540061,0.376019314009264,computed
MONETARY_BASE,triangulation,aux_vs_new,AMBNS,BOGMBASE,6,60,1967-04-01,1972-03-01,60,0.932438704453355,0.970083759334697,0.364024868728478,computed
MONETARY_BASE,triangulation,aux_vs_new,AMBNS,BOGMBASE,6,60,1967-05-01,1972-04-01,60,0.93563423747287,0.965229155065199,0.354254293078847,computed
MONETARY_BASE,triangulation,aux_vs_new,AMBNS,BOGMBASE,6,60,1967-06-01,1972-05-01,60,0.935549041571225,0.96754881652644,0.354654340601125,computed
MONETARY_BASE,triangulation,aux_vs_new,AMBNS,BOGMBASE,6,60,1967-07-01,1972-06-01,60,0.934608808441012,0.967251732551652,0.357174142296939,computed
MONETARY_BASE,triangulation,aux_vs_new,AMBNS,BOGMBASE,6,60,1967-08-01,1972-07-01,60,0.935340024652169,0.970224890704297,0.355471488547047,computed
MONETARY_BASE,triangulation,aux_vs_new,AMBNS,BOGMBASE,6,60,1967-09-01,1972-08-01,60,0.935084447104249,0.970403980127811,0.356188397721385,computed
MONETARY_BASE,triangulation,aux_vs_new,AMBNS,BOGMBASE,6,60,1967-10-01,1972-09-01,60,0.93392881423977,0.969053254081365,0.3591805908896,computed
MONETARY_BASE,triangulation,aux_vs_new,AMBNS,BOGMBASE,6,60,1967-11-01,1972-10-01,60,0.935927424034,0.970730478634696,0.353923104685504,computed
MONETARY_BASE,triangulation,aux_vs_new,AMBNS,BOGMBASE,6,60,1967-12-01,1972-11-01,60,0.899177670039482,1.01282568054574,0.453303816284296,computed
MONETARY_BASE,triangulation,aux_vs_new,AMBNS,BOGMBASE,6,60,1968-01-01,1972-12-01,60,0.894026055593691,1.0378964321796,0.470788403506662,computed
MONETARY_BASE,triangulation,aux_vs_new,AMBNS,BOGMBASE,6,60,1968-02-01,1973-01-01,60,0.88446775469485,1.05445375313971,0.496772064588861,computed
MONETARY_BASE,triangulation,aux_vs_new,AMBNS,BOGMBASE,6,60,1968-03-01,1973-02-01,60,0.889579736086592,1.0378301049283,0.480307059322302,computed
MONETARY_BASE,triangulation,aux_vs_new,AMBNS,BOGMBASE,6,60,1968-04-01,1973-03-01,60,0.898401630311274,1.03930695915384,0.46123268074527,computed
MONETARY_BASE,triangulation,aux_vs_new,AMBNS,BOGMBASE,6,60,1968-05-01,1973-04-01,60,0.897916969184977,1.04236800474362,0.463276614593862,computed
MONETARY_BASE,triangulation,aux_vs_new,AMBNS,BOGMBASE,6,60,1968-06-01,1973-05-01,60,0.89896678041609,1.04402125184037,0.461423457704715,computed
MONETARY_BASE,triangulation,aux_vs_new,AMBNS,BOGMBASE,6,60,1968-07-01,1973-06-01,60,0.897595215247549,1.04160444497284,0.463762716475273,computed
MONETARY_BASE,triangulation,aux_vs_new,AMBNS,BOGMBASE,6,60,1968-08-01,1973-07-01,60,0.90000428716202,1.03325129477635,0.455798587286454,computed
MONETARY_BASE,triangulation,aux_vs_new,AMBNS,BOGMBASE,6,60,1968-09-01,1973-08-01,60,0.901161621501494,1.00905732342904,0.446798474418545,computed
MONETARY_BASE,triangulation,aux_vs_new,AMBNS,BOGMBASE,6,60,1968-10-01,1973-09-01,60,0.901133443080685,1.00697919763874,0.446350756475312,computed
MONETARY_BASE,triangulation,aux_vs_new,AMBNS,BOGMBASE,6,60,1968-11-01,1973-10-01,60,0.904257015775123,1.00243662694266,0.438130695923534,computed
MONETARY_BASE,triangulation,aux_vs_new,AMBNS,BOGMBASE,6,60,1968-12-01,1973-11-01,60,0.903435504856129,1.00577412094372,0.440775070830443,computed
MONETARY_BASE,triangulation,aux_vs_new,AMBNS,BOGMBASE,6,60,1969-01-01,1973-12-01,60,0.904416731426306,1.00850562867983,0.439166800032072,computed
MONETARY_BASE,triangulation,aux_vs_new,AMBNS,BOGMBASE,6,60,1969-02-01,1974-01-01,60,0.901137221030192,1.02474341513061,0.450846379004235,computed
MONETARY_BASE,triangulation,aux_vs_new,AMBNS,BOGMBASE,6,60,1969-03-01,1974-02-01,60,0.903271139704789,1.0194641560685,0.444536908391642,computed
MONETARY_BASE,triangulation,aux_vs_new,AMBNS,BOGMBASE,6,60,1969-04-01,1974-03-01,60,0.906673644109377,1.02299361785514,0.437578221609449,computed
MONETARY_BASE,triangulation,aux_vs_new,AMBNS,BOGMBASE,6,60,1969-05-01,1974-04-01,60,0.910010925357353,1.01883861131971,0.428657837632643,computed
MONETARY_BASE,triangulation,aux_vs_new,AMBNS,BOGMBASE,6,60,1969-06-01,1974-05-01,60,0.910947524723549,1.01576240217857,0.425646109061075,computed
MONETARY_BASE,triangulation,aux_vs_new,AMBNS,BOGMBASE,6,60,1969-07-01,1974-06-01,60,0.915779103738872,1.00657091124366,0.411944050033248,computed
MONETARY_BASE,triangulation,aux_vs_new,AMBNS,BOGMBASE,6,60,1969-08-01,1974-07-01,60,0.916156772171498,1.00243902816266,0.410001703244355,computed
MONETARY_BASE,triangulation,aux_vs_new,AMBNS,BOGMBASE,6,60,1969-09-01,1974-08-01,60,0.918644179188571,0.996739416102746,0.402766130246073,computed
MONETARY_BASE,triangulation,aux_vs_new,AMBNS,BOGMBASE,6,60,1969-10-01,1974-09-01,60,0.918728608946474,0.995901702112506,0.402359980889508,computed
MONETARY_BASE,triangulation,aux_vs_new,AMBNS,BOGMBASE,6,60,1969-11-01,1974-10-01,60,0.918442252217862,0.991381127000967,0.402403427570746,computed
MONETARY_BASE,triangulation,aux_vs_new,AMBNS,BOGMBASE,6,60,1969-12-01,1974-11-01,60,0.917843979731757,0.994307362941448,0.404301885002636,computed
MONETARY_BASE,triangulation,aux_vs_new,AMBNS,BOGMBASE,6,60,1970-01-01,1974-12-01,60,0.918705903724267,0.992517072194613,0.401822535824406,computed
MONETARY_BASE,triangulation,aux_vs_new,AMBNS,BOGMBASE,6,60,1970-02-01,1975-01-01,60,0.918744010347486,0.975087890018341,0.398855123159651,computed
MONETARY_BASE,triangulation,aux_vs_new,AMBNS,BOGMBASE,6,60,1970-03-01,1975-02-01,60,0.913595902894604,0.982986910928867,0.412654446138266,computed
MONETARY_BASE,triangulation,aux_vs_new,AMBNS,BOGMBASE,6,60,1970-04-01,1975-03-01,60,0.914852590095382,0.987596099199197,0.410394682842591,computed
MONETARY_BASE,triangulation,aux_vs_new,AMBNS,BOGMBASE,6,60,1970-05-01,1975-04-01,60,0.912293429167954,0.99324007194277,0.417460313806703,computed
MONETARY_BASE,triangulation,aux_vs_new,AMBNS,BOGMBASE,6,60,1970-06-01,1975-05-01,60,0.913800539766432,0.988463671239019,0.413039799512931,computed
MONETARY_BASE,triangulation,aux_vs_new,AMBNS,BOGMBASE,6,60,1970-07-01,1975-06-01,60,0.913754742044364,0.978146586180935,0.411361166900755,computed
MONETARY_BASE,triangulation,aux_vs_new,AMBNS,BOGMBASE,6,60,1970-08-01,1975-07-01,60,0.909434001178713,0.965881969655737,0.419679720259054,computed
MONETARY_BASE,triangulation,aux_vs_new,AMBNS,BOGMBASE,6,60,1970-09-01,1975-08-01,60,0.907195228580965,0.971167290397913,0.42555246066226,computed
MONETARY_BASE,triangulation,aux_vs_new,AMBNS,BOGMBASE,6,60,1970-10-01,1975-09-01,60,0.907070269132762,0.972236179640006,0.425993914189916,computed
MONETARY_BASE,triangulation,aux_vs_new,AMBNS,BOGMBASE,6,60,1970-11-01,1975-10-01,60,0.908190699805448,0.970470583671364,0.423251220165513,computed
MONETARY_BASE,triangulation,aux_vs_new,AMBNS,BOGMBASE,6,60,1970-12-01,1975-11-01,60,0.91018957813594,0.960811404886103,0.417318709479398,computed
MONETARY_BASE,triangulation,aux_vs_new,AMBNS,BOGMBASE,6,60,1971-01-01,1975-12-01,60,0.909476838432037,0.966627592641911,0.419680300144027,computed
MONETARY_BASE,triangulation,aux_vs_new,AMBNS,BOGMBASE,6,60,1971-02-01,1976-01-01,60,0.915552361550547,0.980416786221392,0.407420811192197,computed
MONETARY_BASE,triangulation,aux_vs_new,AMBNS,BOGMBASE,6,60,1971-03-01,1976-02-01,60,0.914574422100382,0.979981818048845,0.409680415595115,computed
MONETARY_BASE,triangulation,aux_vs_new,AMBNS,BOGMBASE,6,60,1971-04-01,1976-03-01,60,0.91679238098793,0.97528132283147,0.403640890500793,computed
MONETARY_BASE,triangulation,aux_vs_new,AMBNS,BOGMBASE,6,60,1971-05-01,1976-04-01,60,0.914903402702921,0.978509147870461,0.408660982587762,computed
MONETARY_BASE,triangulation,aux_vs_new,AMBNS,BOGMBASE,6,60,1971-06-01,1976-05-01,60,0.915226386964282,0.982503309778096,0.408517923478594,computed
MONETARY_BASE,triangulation,aux_vs_new,AMBNS,BOGMBASE,6,60,1971-07-01,1976-06-01,60,0.914740332538264,0.983290849800393,0.409823699609814,computed
MONETARY_BASE,triangulation,aux_vs_new,AMBNS,BOGMBASE,6,60,1971-08-01,1976-07-01,60,0.914075624530541,0.982583182655747,0.411291505222639,computed
MONETARY_BASE,triangulation,aux_vs_new,AMBNS,BOGMBASE,6,60,1971-09-01,1976-08-01,60,0.911781086603243,0.983921454161164,0.416970012533916,computed
MONETARY_BASE,triangulation,aux_vs_new,AMBNS,BOGMBASE,6,60,1971-10-01,1976-09-01,60,0.91103233859524,0.983579198233501,0.418670751849723,computed
MONETARY_BASE,triangulation,aux_vs_new,AMBNS,BOGMBASE,6,60,1971-11-01,1976-10-01,60,0.911637170940133,0.984152093106227,0.417344190665015,computed
MONETARY_BASE,triangulation,aux_vs_new,AMBNS,BOGMBASE,6,60,1971-12-01,1976-11-01,60,0.911426104163778,0.983113328399138,0.417663976916764,computed
MONETARY_BASE,triangulation,aux_vs_new,AMBNS,BOGMBASE,6,60,1972-01-01,1976-12-01,60,0.910390557298985,0.983347552065751,0.420151834710521,computed
MONETARY_BASE,triangulation,aux_vs_new,AMBNS,BOGMBASE,6,60,1972-02-01,1977-01-01,60,0.908548706876635,1.00520468242513,0.429020820728009,computed
MONETARY_BASE,triangulation,aux_vs_new,AMBNS,BOGMBASE,6,60,1972-03-01,1977-02-01,60,0.905359151297205,0.977122287877338,0.430774275000584,computed
MONETARY_BASE,triangulation,aux_vs_new,AMBNS,BOGMBASE,6,60,1972-04-01,1977-03-01,60,0.913259513871552,0.949571134445254,0.409111035866141,computed
MONETARY_BASE,triangulation,aux_vs_new,AMBNS,BOGMBASE,6,60,1972-05-01,1977-04-01,60,0.912875996817114,0.954766501587832,0.410381109164488,computed
MONETARY_BASE,triangulation,aux_vs_new,AMBNS,BOGMBASE,6,60,1972-06-01,1977-05-01,60,0.913582105325387,0.956582981723212,0.408922563490403,computed
MONETARY_BASE,triangulation,aux_vs_new,AMBNS,BOGMBASE,6,60,1972-07-01,1977-06-01,60,0.913619242924173,0.956794761040699,0.408880119505534,computed
MONETARY_BASE,triangulation,aux_vs_new,AMBNS,BOGMBASE,6,60,1972-08-01,1977-07-01,60,0.91499193903557,0.952865666080411,0.405249462225839,computed
MONETARY_BASE,triangulation,aux_vs_new,AMBNS,BOGMBASE,6,60,1972-09-01,1977-08-01,60,0.916867079040649,0.94935792613341,0.400519185437918,computed
MONETARY_BASE,triangulation,aux_vs_new,AMBNS,BOGMBASE,6,60,1972-10-01,1977-09-01,60,0.917083708832149,0.949363210831926,0.399999318810211,computed
MONETARY_BASE,triangulation,aux_vs_new,AMBNS,BOGMBASE,6,60,1972-11-01,1977-10-01,60,0.91678291006221,0.946475928393047,0.400504477950481,computed
MONETARY_BASE,triangulation,aux_vs_new,AMBNS,BOGMBASE,6,60,1972-12-01,1977-11-01,60,0.942901532202009,0.920627070290588,0.335081373801654,computed
MONETARY_BASE,triangulation,aux_vs_new,AMBNS,BOGMBASE,6,60,1973-01-01,1977-12-01,60,0.946353187521953,0.902937419468001,0.326194385412135,computed
MONETARY_BASE,triangulation,aux_vs_new,AMBNS,BOGMBASE,6,60,1973-02-01,1978-01-01,60,0.949581710054286,0.904318423662303,0.316830409861755,computed
MONETARY_BASE,triangulation,aux_vs_new,AMBNS,BOGMBASE,6,60,1973-03-01,1978-02-01,60,0.948552826288161,0.910650488255479,0.318880405714167,computed
MONETARY_BASE,triangulation,aux_vs_new,AMBNS,BOGMBASE,6,60,1973-04-01,1978-03-01,60,0.946284189906981,0.907767196771706,0.325622569883138,computed
MONETARY_BASE,triangulation,aux_vs_new,AMBNS,BOGMBASE,6,60,1973-05-01,1978-04-01,60,0.946817300032194,0.910206772676908,0.323849613594445,computed
MONETARY_BASE,triangulation,aux_vs_new,AMBNS,BOGMBASE,6,60,1973-06-01,1978-05-01,60,0.946615024286022,0.908954583960568,0.324560766725681,computed
MONETARY_BASE,triangulation,aux_vs_new,AMBNS,BOGMBASE,6,60,1973-07-01,1978-06-01,60,0.94674671267283,0.909083602626908,0.324181038013255,computed
MONETARY_BASE,triangulation,aux_vs_new,AMBNS,BOGMBASE,6,60,1973-08-01,1978-07-01,60,0.945797774469808,0.911550814170437,0.326558400820127,computed
MONETARY_BASE,triangulation,aux_vs_new,AMBNS,BOGMBASE,6,60,1973-09-01,1978-08-01,60,0.946741277832597,0.928999455218089,0.322644375370057,computed
MONETARY_BASE,triangulation,aux_vs_new,AMBNS,BOGMBASE,6,60,1973-10-01,1978-09-01,60,0.947049260992784,0.934319340951121,0.321341442950573,computed
MONETARY_BASE,triangulation,aux_vs_new,AMBNS,BOGMBASE,6,60,1973-11-01,1978-10-01,60,0.946194660056767,0.930939436295998,0.324044998171002,computed
MONETARY_BASE,triangulation,aux_vs_new,AMBNS,BOGMBASE,6,60,1973-12-01,1978-11-01,60,0.940122822415889,0.937185769016568,0.341159566295595,computed
MONETARY_BASE,triangulation,aux_vs_new,AMBNS,BOGMBASE,6,60,1974-01-01,1978-12-01,60,0.939252649637734,0.938176259064148,0.343711323817121,computed
MONETARY_BASE,triangulation,aux_vs_new,AMBNS,BOGMBASE,6,60,1974-02-01,1979-01-01,60,0.930754097587052,0.972687902865056,0.368044257170558,computed
MONETARY_BASE,triangulation,aux_vs_new,AMBNS,BOGMBASE,6,60,1974-03-01,1979-02-01,60,0.9307452690496,0.972038700229066,0.367995830558686,computed
MONETARY_BASE,triangulation,aux_vs_new,AMBNS,BOGMBASE,6,60,1974-04-01,1979-03-01,60,0.932648544702185,0.968326803313116,0.362546517327675,computed
MONETARY_BASE,triangulation,aux_vs_new,AMBNS,BOGMBASE,6,60,1974-05-01,1979-04-01,60,0.93157275841126,0.967491040859226,0.365325053364873,computed
MONETARY_BASE,triangulation,aux_vs_new,AMBNS,BOGMBASE,6,60,1974-06-01,1979-05-01,60,0.931019572677212,0.973825336319822,0.367541975994023,computed
MONETARY_BASE,triangulation,aux_vs_new,AMBNS,BOGMBASE,6,60,1974-07-01,1979-06-01,60,0.930323812128806,0.976934270699379,0.369694601081889,computed
MONETARY_BASE,triangulation,aux_vs_new,AMBNS,BOGMBASE,6,60,1974-08-01,1979-07-01,60,0.930526269577318,0.978611984901428,0.369368523832208,computed
MONETARY_BASE,triangulation,aux_vs_new,AMBNS,BOGMBASE,6,60,1974-09-01,1979-08-01,60,0.929730158574142,0.979659984475178,0.371611252958781,computed
MONETARY_BASE,triangulation,aux_vs_new,AMBNS,BOGMBASE,6,60,1974-10-01,1979-09-01,60,0.929865124317222,0.980738832246382,0.371410473330355,computed
MONETARY_BASE,triangulation,aux_vs_new,AMBNS,BOGMBASE,6,60,1974-11-01,1979-10-01,60,0.930859783905557,0.980712427005608,0.368803909332206,computed
MONETARY_BASE,triangulation,aux_vs_new,AMBNS,BOGMBASE,6,60,1974-12-01,1979-11-01,60,0.929136830514869,0.978911241104777,0.373214738429681,computed
MONETARY_BASE,triangulation,aux_vs_new,AMBNS,BOGMBASE,6,60,1975-01-01,1979-12-01,60,0.928324342618922,0.977856036925436,0.375145911071662,computed
MONETARY_BASE,triangulation,aux_vs_new,AMBNS,BOGMBASE,6,60,1975-02-01,1980-01-01,60,0.928978138333735,1.00262525351735,0.37740498646129,computed
MONETARY_BASE,triangulation,aux_vs_new,AMBNS,BOGMBASE,6,60,1975-03-01,1980-02-01,60,0.933233524378171,0.991956222954304,0.364247670619095,computed
MONETARY_BASE,triangulation,aux_vs_new,AMBNS,BOGMBASE,6,60,1975-04-01,1980-03-01,60,0.933984345407096,0.981093133481672,0.360452195818936,computed
MONETARY_BASE,triangulation,aux_vs_new,AMBNS,BOGMBASE,6,60,1975-05-01,1980-04-01,60,0.930861913841608,0.984588534236361,0.369479437016969,computed
MONETARY_BASE,triangulation,aux_vs_new,AMBNS,BOGMBASE,6,60,1975-06-01,1980-05-01,60,0.92414626965325,1.00152560110941,0.389838038741353,computed
MONETARY_BASE,triangulation,aux_vs_new,AMBNS,BOGMBASE,6,60,1975-07-01,1980-06-01,60,0.925138805437787,1.01204484256768,0.389462224612003,computed
MONETARY_BASE,triangulation,aux_vs_new,AMBNS,BOGMBASE,6,60,1975-08-01,1980-07-01,60,0.928264523830169,1.01886679499308,0.383244765786594,computed
MONETARY_BASE,triangulation,aux_vs_new,AMBNS,BOGMBASE,6,60,1975-09-01,1980-08-01,60,0.929387805316516,1.01880505795406,0.380157490717341,computed
MONETARY_BASE,triangulation,aux_vs_new,AMBNS,BOGMBASE,6,60,1975-10-01,1980-09-01,60,0.920148681557205,1.03125432354356,0.407026863460931,computed
MONETARY_BASE,triangulation,aux_vs_new,AMBNS,BOGMBASE,6,60,1975-11-01,1980-10-01,60,0.920174275614652,1.0305748339426,0.40678527789645,computed
MONETARY_BASE,triangulation,aux_vs_new,AMBNS,BOGMBASE,6,60,1975-12-01,1980-11-01,60,0.917386521238688,1.0348993382598,0.415042061619847,computed
MONETARY_BASE,triangulation,aux_vs_new,AMBNS,BOGMBASE,6,60,1976-01-01,1980-12-01,60,0.914956181487249,1.03226684110668,0.420259828130425,computed
MONETARY_BASE,triangulation,aux_vs_new,AMBNS,BOGMBASE,6,60,1976-02-01,1981-01-01,60,0.912281841637134,1.02912787142372,0.425905831420902,computed
MONETARY_BASE,triangulation,aux_vs_new,AMBNS,BOGMBASE,6,60,1976-03-01,1981-02-01,60,0.912154149891237,1.0288622761081,0.426161097941439,computed
MONETARY_BASE,triangulation,aux_vs_new,AMBNS,BOGMBASE,6,60,1976-04-01,1981-03-01,60,0.912739704025727,1.04189404892243,0.428483903848045,computed
MONETARY_BASE,triangulation,aux_vs_new,AMBNS,BOGMBASE,6,60,1976-05-01,1981-04-01,60,0.915365772094679,1.03545011394973,0.420200767855926,computed
MONETARY_BASE,triangulation,aux_vs_new,AMBNS,BOGMBASE,6,60,1976-06-01,1981-05-01,60,0.915823795811714,1.02635175184527,0.416523326451992,computed
MONETARY_BASE,triangulation,aux_vs_new,AMBNS,BOGMBASE,6,60,1976-07-01,1981-06-01,60,0.916206048358943,1.02597814194323,0.41547241283081,computed
MONETARY_BASE,triangulation,aux_vs_new,AMBNS,BOGMBASE,6,60,1976-08-01,1981-07-01,60,0.916698298028329,1.02420262922158,0.413797354608169,computed
MONETARY_BASE,triangulation,aux_vs_new,AMBNS,BOGMBASE,6,60,1976-09-01,1981-08-01,60,0.917817202172287,1.01619401205236,0.409055659300656,computed
MONETARY_BASE,triangulation,aux_vs_new,AMBNS,BOGMBASE,6,60,1976-10-01,1981-09-01,60,0.911875335768449,1.02020033467088,0.424750556045808,computed
MONETARY_BASE,triangulation,aux_vs_new,AMBNS,BOGMBASE,6,60,1976-11-01,1981-10-01,60,0.906833187324763,1.02566225378672,0.437922732380699,computed
MONETARY_BASE,triangulation,aux_vs_new,AMBNS,BOGMBASE,6,60,1976-12-01,1981-11-01,60,0.908157888717613,1.02628805793495,0.43497687258431,computed
MONETARY_BASE,triangulation,aux_vs_new,AMBNS,BOGMBASE,6,60,1977-01-01,1981-12-01,60,0.909295567202172,1.02678786957087,0.432427329522877,computed
MONETARY_BASE,triangulation,aux_vs_new,AMBNS,BOGMBASE,6,60,1977-02-01,1982-01-01,60,0.916490174336373,1.00844361198276,0.410602675028675,computed
MONETARY_BASE,triangulation,aux_vs_new,AMBNS,BOGMBASE,6,60,1977-03-01,1982-02-01,60,0.921051824009055,1.02718372300733,0.403661111137951,computed
MONETARY_BASE,triangulation,aux_vs_new,AMBNS,BOGMBASE,6,60,1977-04-01,1982-03-01,60,0.910999700244633,1.03134450204913,0.429766331456244,computed
MONETARY_BASE,triangulation,aux_vs_new,AMBNS,BOGMBASE,6,60,1977-05-01,1982-04-01,60,0.911915401539562,1.04408085217008,0.431172320634643,computed
MONETARY_BASE,triangulation,aux_vs_new,AMBNS,BOGMBASE,6,60,1977-06-01,1982-05-01,60,0.911116428302852,1.0386471698935,0.431431120895678,computed
MONETARY_BASE,triangulation,aux_vs_new,AMBNS,BOGMBASE,6,60,1977-07-01,1982-06-01,60,0.911290967361709,1.0382914434154,0.430903936571685,computed
MONETARY_BASE,triangulation,aux_vs_new,AMBNS,BOGMBASE,6,60,1977-08-01,1982-07-01,60,0.909926233884782,1.04194826277704,0.435280766062715,computed
MONETARY_BASE,triangulation,aux_vs_new,AMBNS,BOGMBASE,6,60,1977-09-01,1982-08-01,60,0.907075123207247,1.04560679862684,0.44317865391868,computed
MONETARY_BASE,triangulation,aux_vs_new,AMBNS,BOGMBASE,6,60,1977-10-01,1982-09-01,60,0.900028480102791,1.0469475042901,0.460182802133111,computed
MONETARY_BASE,triangulation,aux_vs_new,AMBNS,BOGMBASE,6,60,1977-11-01,1982-10-01,60,0.895029984929834,1.05820265534405,0.474918802013884,computed
MONETARY_BASE,triangulation,aux_vs_new,AMBNS,BOGMBASE,6,60,1977-12-01,1982-11-01,60,0.895709436075265,1.05598882103699,0.47267736374287,computed
MONETARY_BASE,triangulation,aux_vs_new,AMBNS,BOGMBASE,6,60,1978-01-01,1982-12-01,60,0.897266123782864,1.05945280059798,0.470339820583976,computed
MONETARY_BASE,triangulation,aux_vs_new,AMBNS,BOGMBASE,6,60,1978-02-01,1983-01-01,60,0.904273838415229,1.06412602402347,0.455921867801089,computed
MONETARY_BASE,triangulation,aux_vs_new,AMBNS,BOGMBASE,6,60,1978-03-01,1983-02-01,60,0.902158949657939,1.06572371038486,0.461429882853058,computed
MONETARY_BASE,triangulation,aux_vs_new,AMBNS,BOGMBASE,6,60,1978-04-01,1983-03-01,60,0.898237633990578,1.05449519313853,0.466702798929941,computed
MONETARY_BASE,triangulation,aux_vs_new,AMBNS,BOGMBASE,6,60,1978-05-01,1983-04-01,60,0.894485056945786,1.05950125019196,0.476637254721832,computed
MONETARY_BASE,triangulation,aux_vs_new,AMBNS,BOGMBASE,6,60,1978-06-01,1983-05-01,60,0.894838865958477,1.05588111113031,0.474553070396366,computed
MONETARY_BASE,triangulation,aux_vs_new,AMBNS,BOGMBASE,6,60,1978-07-01,1983-06-01,60,0.894998212549123,1.05598301913796,0.474237644669049,computed
MONETARY_BASE,triangulation,aux_vs_new,AMBNS,BOGMBASE,6,60,1978-08-01,1983-07-01,60,0.894609726194295,1.05681664953241,0.475379587273652,computed
MONETARY_BASE,triangulation,aux_vs_new,AMBNS,BOGMBASE,6,60,1978-09-01,1983-08-01,60,0.891548102713553,1.05753602917263,0.482384696348152,computed
MONETARY_BASE,triangulation,aux_vs_new,AMBNS,BOGMBASE,6,60,1978-10-01,1983-09-01,60,0.889426587837306,1.05471263909736,0.486220609901272,computed
MONETARY_BASE,triangulation,aux_vs_new,AMBNS,BOGMBASE,6,60,1978-11-01,1983-10-01,60,0.889298027949816,1.06242767969398,0.489002759495139,computed
MONETARY_BASE,triangulation,aux_vs_new,AMBNS,BOGMBASE,6,60,1978-12-01,1983-11-01,60,0.896478378551817,1.05374069925294,0.470438622146542,computed
MONETARY_BASE,triangulation,aux_vs_new,AMBNS,BOGMBASE,6,60,1979-01-01,1983-12-01,60,0.896573954164352,1.05252330716161,0.469926024156221,computed
MONETARY_BASE,triangulation,aux_vs_new,AMBNS,BOGMBASE,6,60,1979-02-01,1984-01-01,60,0.902920665717328,1.01973327808646,0.445406374722463,computed
MONETARY_BASE,triangulation,aux_vs_new,AMBNS,BOGMBASE,6,60,1979-03-01,1984-02-01,60,0.902902984044634,1.03347474958317,0.44940010408475,computed
MONETARY_BASE,triangulation,aux_vs_new,AMBNS,BOGMBASE,6,60,1979-04-01,1984-03-01,60,0.907642903004273,1.05999074325494,0.446536536903583,computed
MONETARY_BASE,triangulation,aux_vs_new,AMBNS,BOGMBASE,6,60,1979-05-01,1984-04-01,60,0.906547553909778,1.06009306817405,0.449165337775077,computed
MONETARY_BASE,triangulation,aux_vs_new,AMBNS,BOGMBASE,6,60,1979-06-01,1984-05-01,60,0.905167238717452,1.06200561156149,0.453070527221574,computed
MONETARY_BASE,triangulation,aux_vs_new,AMBNS,BOGMBASE,6,60,1979-07-01,1984-06-01,60,0.903719876562502,1.0654177374561,0.457650627127017,computed
MONETARY_BASE,triangulation,aux_vs_new,AMBNS,BOGMBASE,6,60,1979-08-01,1984-07-01,60,0.903800274383938,1.06862752489173,0.458612379287436,computed
MONETARY_BASE,triangulation,aux_vs_new,AMBNS,BOGMBASE,6,60,1979-09-01,1984-08-01,60,0.904429305223883,1.07335702921798,0.458851756491607,computed
MONETARY_BASE,triangulation,aux_vs_new,AMBNS,BOGMBASE,6,60,1979-10-01,1984-09-01,60,0.905073436526589,1.07508155182454,0.457984164707393,computed
MONETARY_BASE,triangulation,aux_vs_new,AMBNS,BOGMBASE,6,60,1979-11-01,1984-10-01,60,0.90511352502682,1.07643004111716,0.458428695754295,computed
MONETARY_BASE,triangulation,aux_vs_new,AMBNS,BOGMBASE,6,60,1979-12-01,1984-11-01,60,0.905020402572931,1.05910962218653,0.452628859440248,computed
MONETARY_BASE,triangulation,aux_vs_new,AMBNS,BOGMBASE,6,60,1980-01-01,1984-12-01,60,0.904116414131747,1.06727169406488,0.457395148240939,computed
MONETARY_BASE,triangulation,aux_vs_new,AMBNS,BOGMBASE,6,60,1980-02-01,1985-01-01,60,0.906427656468569,1.07086239754504,0.453245726874165,computed
MONETARY_BASE,triangulation,aux_vs_new,AMBNS,BOGMBASE,6,60,1980-03-01,1985-02-01,60,0.906414367491704,1.07395247797818,0.454403541136532,computed
MONETARY_BASE,triangulation,aux_vs_new,AMBNS,BOGMBASE,6,60,1980-04-01,1985-03-01,60,0.90945324381911,1.07387267474895,0.447134283044467,computed
MONETARY_BASE,triangulation,aux_vs_new,AMBNS,BOGMBASE,6,60,1980-05-01,1985-04-01,60,0.912381390071874,1.06720166071342,0.437702585673872,computed
MONETARY_BASE,triangulation,aux_vs_new,AMBNS,BOGMBASE,6,60,1980-06-01,1985-05-01,60,0.914092668724051,1.05509840742312,0.429328373159724,computed
MONETARY_BASE,triangulation,aux_vs_new,AMBNS,BOGMBASE,6,60,1980-07-01,1985-06-01,60,0.913941934239486,1.05860795737199,0.430866929707841,computed
MONETARY_BASE,triangulation,aux_vs_new,AMBNS,BOGMBASE,6,60,1980-08-01,1985-07-01,60,0.916276580675746,1.06006375115875,0.425732219902465,computed
MONETARY_BASE,triangulation,aux_vs_new,AMBNS,BOGMBASE,6,60,1980-09-01,1985-08-01,60,0.916416643890838,1.0523733401135,0.423150190348967,computed
MONETARY_BASE,triangulation,aux_vs_new,AMBNS,BOGMBASE,6,60,1980-10-01,1985-09-01,60,0.92509746402044,1.04061089093115,0.396926943996095,computed
MONETARY_BASE,triangulation,aux_vs_new,AMBNS,BOGMBASE,6,60,1980-11-01,1985-10-01,60,0.924984124823002,1.04025035439029,0.397168463152157,computed
MONETARY_BASE,triangulation,aux_vs_new,AMBNS,BOGMBASE,6,60,1980-12-01,1985-11-01,60,0.92879137667717,1.03828478850657,0.386725257852202,computed
MONETARY_BASE,triangulation,aux_vs_new,AMBNS,BOGMBASE,6,60,1981-01-01,1985-12-01,60,0.928874698616105,1.02987097015387,0.383955150831604,computed
MONETARY_BASE,triangulation,aux_vs_new,AMBNS,BOGMBASE,6,60,1981-02-01,1986-01-01,60,0.933063493871329,0.998619475825974,0.365648912251679,computed
MONETARY_BASE,triangulation,aux_vs_new,AMBNS,BOGMBASE,6,60,1981-03-01,1986-02-01,60,0.933172351028785,0.999690909288586,0.36554915312712,computed
MONETARY_BASE,triangulation,aux_vs_new,AMBNS,BOGMBASE,6,60,1981-04-01,1986-03-01,60,0.938332736153737,0.991448438882214,0.349790071466146,computed
MONETARY_BASE,triangulation,aux_vs_new,AMBNS,BOGMBASE,6,60,1981-05-01,1986-04-01,60,0.936629222449716,0.991360475321087,0.354639738568943,computed
MONETARY_BASE,triangulation,aux_vs_new,AMBNS,BOGMBASE,6,60,1981-06-01,1986-05-01,60,0.934254341815866,0.999539536678786,0.362578379760219,computed
MONETARY_BASE,triangulation,aux_vs_new,AMBNS,BOGMBASE,6,60,1981-07-01,1986-06-01,60,0.934512241047532,1.00138412300948,0.362169897775778,computed
MONETARY_BASE,triangulation,aux_vs_new,AMBNS,BOGMBASE,6,60,1981-08-01,1986-07-01,60,0.934004289750539,1.0015898001921,0.363606175853138,computed
MONETARY_BASE,triangulation,aux_vs_new,AMBNS,BOGMBASE,6,60,1981-09-01,1986-08-01,60,0.933625353167047,1.00697637506191,0.365702786010574,computed
MONETARY_BASE,triangulation,aux_vs_new,AMBNS,BOGMBASE,6,60,1981-10-01,1986-09-01,60,0.937633689445405,1.00569397703678,0.354677861182122,computed
MONETARY_BASE,triangulation,aux_vs_new,AMBNS,BOGMBASE,6,60,1981-11-01,1986-10-01,60,0.94133432488536,1.00120798652095,0.342790643791102,computed
MONETARY_BASE,triangulation,aux_vs_new,AMBNS,BOGMBASE,6,60,1981-12-01,1986-11-01,60,0.940401641957638,0.994221114908471,0.344298327723109,computed
MONETARY_BASE,triangulation,aux_vs_new,AMBNS,BOGMBASE,6,60,1982-01-01,1986-12-01,60,0.940397574527308,0.993373283628787,0.344184199678975,computed
MONETARY_BASE,triangulation,aux_vs_new,AMBNS,BOGMBASE,6,60,1982-02-01,1987-01-01,60,0.94272287133229,0.990354564079783,0.336961271964859,computed
MONETARY_BASE,triangulation,aux_vs_new,AMBNS,BOGMBASE,6,60,1982-03-01,1987-02-01,60,0.941039603523289,0.99558265053078,0.342789654725288,computed
MONETARY_BASE,triangulation,aux_vs_new,AMBNS,BOGMBASE,6,60,1982-04-01,1987-03-01,60,0.940750689997083,1.03059790467507,0.351415895467824,computed
MONETARY_BASE,triangulation,aux_vs_new,AMBNS,BOGMBASE,6,60,1982-05-01,1987-04-01,60,0.940787141572601,1.01425058665132,0.346924085219479,computed
MONETARY_BASE,triangulation,aux_vs_new,AMBNS,BOGMBASE,6,60,1982-06-01,1987-05-01,60,0.936940936496476,1.02522482326962,0.360589900330203,computed
MONETARY_BASE,triangulation,aux_vs_new,AMBNS,BOGMBASE,6,60,1982-07-01,1987-06-01,60,0.93100202875773,1.02410719601513,0.376724299378662,computed
MONETARY_BASE,triangulation,aux_vs_new,AMBNS,BOGMBASE,6,60,1982-08-01,1987-07-01,60,0.930735177609169,1.024176545354,0.377444367953599,computed
MONETARY_BASE,triangulation,aux_vs_new,AMBNS,BOGMBASE,6,60,1982-09-01,1987-08-01,60,0.930469242777917,1.02605283430377,0.378644879562071,computed
MONETARY_BASE,triangulation,aux_vs_new,AMBNS,BOGMBASE,6,60,1982-10-01,1987-09-01,60,0.933097217042943,1.02723773596145,0.372345327048112,computed
MONETARY_BASE,triangulation,aux_vs_new,AMBNS,BOGMBASE,6,60,1982-11-01,1987-10-01,60,0.932488807557213,1.01650848017695,0.370848735953828,computed
MONETARY_BASE,triangulation,aux_vs_new,AMBNS,BOGMBASE,6,60,1982-12-01,1987-11-01,60,0.930811683835955,1.02066634964995,0.376457054694557,computed
MONETARY_BASE,triangulation,aux_vs_new,AMBNS,BOGMBASE,6,60,1983-01-01,1987-12-01,60,0.928146396236414,1.01776325729153,0.382853777344709,computed
MONETARY_BASE,triangulation,aux_vs_new,AMBNS,BOGMBASE,6,60,1983-02-01,1988-01-01,60,0.925065611477039,1.01187219216293,0.389614492086621,computed
MONETARY_BASE,triangulation,aux_vs_new,AMBNS,BOGMBASE,6,60,1983-03-01,1988-02-01,60,0.926481794682701,1.01712701485463,0.38710281445173,computed
MONETARY_BASE,triangulation,aux_vs_new,AMBNS,BOGMBASE,6,60,1983-04-01,1988-03-01,60,0.932476156373241,1.04168284940866,0.377795042843306,computed
MONETARY_BASE,triangulation,aux_vs_new,AMBNS,BOGMBASE,6,60,1983-05-01,1988-04-01,60,0.932874622291593,1.02725571615408,0.372363962236081,computed
MONETARY_BASE,triangulation,aux_vs_new,AMBNS,BOGMBASE,6,60,1983-06-01,1988-05-01,60,0.932234423909735,1.01358878070557,0.370939484990564,computed
MONETARY_BASE,triangulation,aux_vs_new,AMBNS,BOGMBASE,6,60,1983-07-01,1988-06-01,60,0.933130535665812,1.00936604274876,0.367534914400257,computed
MONETARY_BASE,triangulation,aux_vs_new,AMBNS,BOGMBASE,6,60,1983-08-01,1988-07-01,60,0.93280845382939,1.01047929148749,0.36865680732924,computed
MONETARY_BASE,triangulation,aux_vs_new,AMBNS,BOGMBASE,6,60,1983-09-01,1988-08-01,60,0.932556953854295,1.00331861359216,0.367917194550697,computed
MONETARY_BASE,triangulation,aux_vs_new,AMBNS,BOGMBASE,6,60,1983-10-01,1988-09-01,60,0.933598268406308,1.00205614060682,0.36488470447006,computed
MONETARY_BASE,triangulation,aux_vs_new,AMBNS,BOGMBASE,6,60,1983-11-01,1988-10-01,60,0.934464901615621,0.998688955689025,0.361803773734998,computed
MONETARY_BASE,triangulation,aux_vs_new,AMBNS,BOGMBASE,6,60,1983-12-01,1988-11-01,60,0.935092757226095,0.996987158842699,0.359767444484613,computed
MONETARY_BASE,triangulation,aux_vs_new,AMBNS,BOGMBASE,6,60,1984-01-01,1988-12-01,60,0.935115081207438,0.996976352080571,0.359704055221131,computed
MONETARY_BASE,triangulation,aux_vs_new,AMBNS,BOGMBASE,6,60,1984-02-01,1989-01-01,60,0.935735376171039,0.989158179263193,0.356757942117739,computed
MONETARY_BASE,triangulation,aux_vs_new,AMBNS,BOGMBASE,6,60,1984-03-01,1989-02-01,60,0.936407319015999,0.986278429299094,0.354519448263773,computed
MONETARY_BASE,triangulation,aux_vs_new,AMBNS,BOGMBASE,6,60,1984-04-01,1989-03-01,60,0.939467686770548,0.96662248582052,0.343715497500647,computed
MONETARY_BASE,triangulation,aux_vs_new,AMBNS,BOGMBASE,6,60,1984-05-01,1989-04-01,60,0.939654377868138,0.96569475656256,0.343123928791367,computed
MONETARY_BASE,triangulation,aux_vs_new,AMBNS,BOGMBASE,6,60,1984-06-01,1989-05-01,60,0.941291132854656,0.961728152369012,0.338235901045693,computed
MONETARY_BASE,triangulation,aux_vs_new,AMBNS,BOGMBASE,6,60,1984-07-01,1989-06-01,60,0.943661895797766,0.958993769847996,0.33127725940957,computed
MONETARY_BASE,triangulation,aux_vs_new,AMBNS,BOGMBASE,6,60,1984-08-01,1989-07-01,60,0.943670358063357,0.958670103384171,0.33123468194425,computed
MONETARY_BASE,triangulation,aux_vs_new,AMBNS,BOGMBASE,6,60,1984-09-01,1989-08-01,60,0.943767973570927,0.956042913773068,0.330837288518128,computed
MONETARY_BASE,triangulation,aux_vs_new,AMBNS,BOGMBASE,6,60,1984-10-01,1989-09-01,60,0.943827035471164,0.953761988848301,0.330606070150683,computed
MONETARY_BASE,triangulation,aux_vs_new,AMBNS,BOGMBASE,6,60,1984-11-01,1989-10-01,60,0.943715036099905,0.953980135506389,0.330956484311594,computed
MONETARY_BASE,triangulation,aux_vs_new,AMBNS,BOGMBASE,6,60,1984-12-01,1989-11-01,60,0.945180171583879,0.963551064406361,0.327110437157689,computed
MONETARY_BASE,triangulation,aux_vs_new,AMBNS,BOGMBASE,6,60,1985-01-01,1989-12-01,60,0.947356946867225,0.960929968519349,0.320482523717595,computed
MONETARY_BASE,triangulation,aux_vs_new,AMBNS,BOGMBASE,6,60,1985-02-01,1990-01-01,60,0.947851554985212,0.95247375526599,0.31875031620564,computed
MONETARY_BASE,triangulation,aux_vs_new,AMBNS,BOGMBASE,6,60,1985-03-01,1990-02-01,60,0.947162261602,0.957127863071962,0.320938665955815,computed
MONETARY_BASE,triangulation,aux_vs_new,AMBNS,BOGMBASE,6,60,1985-04-01,1990-03-01,60,0.947103580655266,0.968680847544527,0.321654222079571,computed
MONETARY_BASE,triangulation,aux_vs_new,AMBNS,BOGMBASE,6,60,1985-05-01,1990-04-01,60,0.947180597997932,0.96831223082998,0.321449799788893,computed
MONETARY_BASE,triangulation,aux_vs_new,AMBNS,BOGMBASE,6,60,1985-06-01,1990-05-01,60,0.950370063783922,0.962406015142792,0.311424301007518,computed
MONETARY_BASE,triangulation,aux_vs_new,AMBNS,BOGMBASE,6,60,1985-07-01,1990-06-01,60,0.951258819252503,0.956745223657731,0.308444382805062,computed
MONETARY_BASE,triangulation,aux_vs_new,AMBNS,BOGMBASE,6,60,1985-08-01,1990-07-01,60,0.951256876876288,0.956102373254883,0.308437805652204,computed
MONETARY_BASE,triangulation,aux_vs_new,AMBNS,BOGMBASE,6,60,1985-09-01,1990-08-01,60,0.95107910144035,0.956388693945898,0.308994593704799,computed
MONETARY_BASE,triangulation,aux_vs_new,AMBNS,BOGMBASE,6,60,1985-10-01,1990-09-01,60,0.951263907756071,0.9555498671807,0.308427132547984,computed
MONETARY_BASE,triangulation,aux_vs_new,AMBNS,BOGMBASE,6,60,1985-11-01,1990-10-01,60,0.951359661003658,0.954802823433996,0.308113259945077,computed
MONETARY_BASE,triangulation,aux_vs_new,AMBNS,BOGMBASE,6,60,1985-12-01,1990-11-01,60,0.951633589368787,0.955429711710217,0.307263694737156,computed
MONETARY_BASE,triangulation,aux_vs_new,AMBNS,BOGMBASE,6,60,1986-01-01,1990-12-01,60,0.938695515569857,0.960739099033651,0.345797550422563,computed
MONETARY_BASE,triangulation,aux_vs_new,AMBNS,BOGMBASE,6,60,1986-02-01,1991-01-01,60,0.934966125708356,0.96860361399138,0.356754679939465,computed
MONETARY_BASE,triangulation,aux_vs_new,AMBNS,BOGMBASE,6,60,1986-03-01,1991-02-01,60,0.931739875057826,0.97127983360913,0.365309295684951,computed
MONETARY_BASE,triangulation,aux_vs_new,AMBNS,BOGMBASE,6,60,1986-04-01,1991-03-01,60,0.9271993902731,0.980368972293032,0.378323919555861,computed
MONETARY_BASE,triangulation,aux_vs_new,AMBNS,BOGMBASE,6,60,1986-05-01,1991-04-01,60,0.928169664624461,0.981192478161525,0.375944456732585,computed
MONETARY_BASE,triangulation,aux_vs_new,AMBNS,BOGMBASE,6,60,1986-06-01,1991-05-01,60,0.9302242431554,0.976646387942944,0.369944967496794,computed
MONETARY_BASE,triangulation,aux_vs_new,AMBNS,BOGMBASE,6,60,1986-07-01,1991-06-01,60,0.930322789311251,0.976799591939559,0.369703430162241,computed
MONETARY_BASE,triangulation,aux_vs_new,AMBNS,BOGMBASE,6,60,1986-08-01,1991-07-01,60,0.929090912070979,0.979004027215449,0.373238685589105,computed
MONETARY_BASE,triangulation,aux_vs_new,AMBNS,BOGMBASE,6,60,1986-09-01,1991-08-01,60,0.928104886153733,0.973652319444215,0.375114628628135,computed
MONETARY_BASE,triangulation,aux_vs_new,AMBNS,BOGMBASE,6,60,1986-10-01,1991-09-01,60,0.929467597357084,0.970379204086046,0.371222064605281,computed
MONETARY_BASE,triangulation,aux_vs_new,AMBNS,BOGMBASE,6,60,1986-11-01,1991-10-01,60,0.929066946209192,0.969615702591154,0.372132906169917,computed
MONETARY_BASE,triangulation,aux_vs_new,AMBNS,BOGMBASE,6,60,1986-12-01,1991-11-01,60,0.929611763200871,0.973449659405702,0.371140934427418,computed
MONETARY_BASE,triangulation,aux_vs_new,AMBNS,BOGMBASE,6,60,1987-01-01,1991-12-01,60,0.929208830406987,0.971882624150827,0.372017171070468,computed
MONETARY_BASE,triangulation,aux_vs_new,AMBNS,BOGMBASE,6,60,1987-02-01,1992-01-01,60,0.92717746665141,0.961235828499423,0.37617915823968,computed
MONETARY_BASE,triangulation,aux_vs_new,AMBNS,BOGMBASE,6,60,1987-03-01,1992-02-01,60,0.92829446902228,0.956420805146667,0.372980137756794,computed
MONETARY_BASE,triangulation,aux_vs_new,AMBNS,BOGMBASE,6,60,1987-04-01,1992-03-01,60,0.936223664653816,0.933671218799584,0.351532833381915,computed
MONETARY_BASE,triangulation,aux_vs_new,AMBNS,BOGMBASE,6,60,1987-05-01,1992-04-01,60,0.919049568661418,0.95263250415742,0.396547748329393,computed
MONETARY_BASE,triangulation,aux_vs_new,AMBNS,BOGMBASE,6,60,1987-06-01,1992-05-01,60,0.901381885690157,0.944782057594583,0.435313966729523,computed
MONETARY_BASE,triangulation,aux_vs_new,AMBNS,BOGMBASE,6,60,1987-07-01,1992-06-01,60,0.906668651107809,0.945059603729744,0.423610366403541,computed
MONETARY_BASE,triangulation,aux_vs_new,AMBNS,BOGMBASE,6,60,1987-08-01,1992-07-01,60,0.906921709336193,0.944863145287652,0.423012325146206,computed
MONETARY_BASE,triangulation,aux_vs_new,AMBNS,BOGMBASE,6,60,1987-09-01,1992-08-01,60,0.907045201949423,0.943179098840241,0.422582067408925,computed
MONETARY_BASE,triangulation,aux_vs_new,AMBNS,BOGMBASE,6,60,1987-10-01,1992-09-01,60,0.91008387128988,0.941175660180699,0.41568696627991,computed
MONETARY_BASE,triangulation,aux_vs_new,AMBNS,BOGMBASE,6,60,1987-11-01,1992-10-01,60,0.913213390688711,0.943896795398858,0.408656169989227,computed
MONETARY_BASE,triangulation,aux_vs_new,AMBNS,BOGMBASE,6,60,1987-12-01,1992-11-01,60,0.91542944093668,0.939855457310491,0.403253875087693,computed
MONETARY_BASE,triangulation,aux_vs_new,AMBNS,BOGMBASE,6,60,1988-01-01,1992-12-01,60,0.917541155528886,0.942325178198276,0.398428135773226,computed
MONETARY_BASE,triangulation,aux_vs_new,AMBNS,BOGMBASE,6,60,1988-02-01,1993-01-01,60,0.917879783632837,0.947339475167759,0.397950469802399,computed
MONETARY_BASE,triangulation,aux_vs_new,AMBNS,BOGMBASE,6,60,1988-03-01,1993-02-01,60,0.916799098071846,0.941207210867027,0.40010506484763,computed
MONETARY_BASE,triangulation,aux_vs_new,AMBNS,BOGMBASE,6,60,1988-04-01,1993-03-01,60,0.914203346772272,0.925949797380591,0.405437784949878,computed
MONETARY_BASE,triangulation,aux_vs_new,AMBNS,BOGMBASE,6,60,1988-05-01,1993-04-01,60,0.915395862675577,0.932784994766718,0.402971713970148,computed
MONETARY_BASE,triangulation,aux_vs_new,AMBNS,BOGMBASE,6,60,1988-06-01,1993-05-01,60,0.91501656954008,0.94444227880738,0.404498205233501,computed
MONETARY_BASE,triangulation,aux_vs_new,AMBNS,BOGMBASE,6,60,1988-07-01,1993-06-01,60,0.913873571252561,0.946541455723621,0.407312399845317,computed
MONETARY_BASE,triangulation,aux_vs_new,AMBNS,BOGMBASE,6,60,1988-08-01,1993-07-01,60,0.914481250219464,0.945113015069916,0.405802576023077,computed
MONETARY_BASE,triangulation,aux_vs_new,AMBNS,BOGMBASE,6,60,1988-09-01,1993-08-01,60,0.913491382905968,0.951267308529822,0.408616936452037,computed
MONETARY_BASE,triangulation,aux_vs_new,AMBNS,BOGMBASE,6,60,1988-10-01,1993-09-01,60,0.913224935898659,0.950194713582494,0.409156050674172,computed
MONETARY_BASE,triangulation,aux_vs_new,AMBNS,BOGMBASE,6,60,1988-11-01,1993-10-01,60,0.912460369886616,0.948974546158472,0.410791778867967,computed
MONETARY_BASE,triangulation,aux_vs_new,AMBNS,BOGMBASE,6,60,1988-12-01,1993-11-01,60,0.910851169058891,0.949894735962907,0.414577653025848,computed
MONETARY_BASE,triangulation,aux_vs_new,AMBNS,BOGMBASE,6,60,1989-01-01,1993-12-01,60,0.911161494640072,0.950188887677821,0.413893710177589,computed
MONETARY_BASE,triangulation,aux_vs_new,AMBNS,BOGMBASE,6,60,1989-02-01,1994-01-01,60,0.909859990190366,0.953429468236469,0.417200428022205,computed
MONETARY_BASE,triangulation,aux_vs_new,AMBNS,BOGMBASE,6,60,1989-03-01,1994-02-01,60,0.907055250549293,0.950048637797701,0.423201929992895,computed
MONETARY_BASE,triangulation,aux_vs_new,AMBNS,BOGMBASE,6,60,1989-04-01,1994-03-01,60,0.892580352361649,0.951524802562466,0.454728498408734,computed
MONETARY_BASE,triangulation,aux_vs_new,AMBNS,BOGMBASE,6,60,1989-05-01,1994-04-01,60,0.893012220339235,0.953392219707972,0.454066716223921,computed
MONETARY_BASE,triangulation,aux_vs_new,AMBNS,BOGMBASE,6,60,1989-06-01,1994-05-01,60,0.893557867305791,0.951723041936511,0.452709198907469,computed
MONETARY_BASE,triangulation,aux_vs_new,AMBNS,BOGMBASE,6,60,1989-07-01,1994-06-01,60,0.892806917103191,0.948846091712834,0.453912229588385,computed
MONETARY_BASE,triangulation,aux_vs_new,AMBNS,BOGMBASE,6,60,1989-08-01,1994-07-01,60,0.892351669888836,0.948709770285311,0.454848974763679,computed
MONETARY_BASE,triangulation,aux_vs_new,AMBNS,BOGMBASE,6,60,1989-09-01,1994-08-01,60,0.890326854019198,0.947359236650179,0.458880655678836,computed
MONETARY_BASE,triangulation,aux_vs_new,AMBNS,BOGMBASE,6,60,1989-10-01,1994-09-01,60,0.889723050467697,0.947485526315095,0.460140627977646,computed
MONETARY_BASE,triangulation,aux_vs_new,AMBNS,BOGMBASE,6,60,1989-11-01,1994-10-01,60,0.889739466339919,0.947537429920133,0.460115036531732,computed
MONETARY_BASE,triangulation,aux_vs_new,AMBNS,BOGMBASE,6,60,1989-12-01,1994-11-01,60,0.888871337789403,0.945380211603344,0.461629033280421,computed
MONETARY_BASE,triangulation,aux_vs_new,AMBNS,BOGMBASE,6,60,1990-01-01,1994-12-01,60,0.887524919350529,0.945889462707764,0.464445542052715,computed
MONETARY_BASE,triangulation,aux_vs_new,AMBNS,BOGMBASE,6,60,1990-02-01,1995-01-01,60,0.880979258429487,0.953043776752771,0.478624144424002,computed
MONETARY_BASE,triangulation,aux_vs_new,AMBNS,BOGMBASE,6,60,1990-03-01,1995-02-01,60,0.880716632353957,0.94491666703052,0.478000606438082,computed
MONETARY_BASE,triangulation,aux_vs_new,AMBNS,BOGMBASE,6,60,1990-04-01,1995-03-01,60,0.872575023019037,0.921348289165689,0.490911441577713,computed
MONETARY_BASE,triangulation,aux_vs_new,AMBNS,BOGMBASE,6,60,1990-05-01,1995-04-01,60,0.873144637847309,0.922222901080834,0.489933456896314,computed
MONETARY_BASE,triangulation,aux_vs_new,AMBNS,BOGMBASE,6,60,1990-06-01,1995-05-01,60,0.869560610047398,0.929829819441776,0.497501928988674,computed
MONETARY_BASE,triangulation,aux_vs_new,AMBNS,BOGMBASE,6,60,1990-07-01,1995-06-01,60,0.864650979933611,0.935171014829954,0.507298685759161,computed
MONETARY_BASE,triangulation,aux_vs_new,AMBNS,BOGMBASE,6,60,1990-08-01,1995-07-01,60,0.863341479063314,0.936508509862989,0.50989696869119,computed
MONETARY_BASE,triangulation,aux_vs_new,AMBNS,BOGMBASE,6,60,1990-09-01,1995-08-01,60,0.863194704230106,0.936784204427413,0.510207977233752,computed
MONETARY_BASE,triangulation,aux_vs_new,AMBNS,BOGMBASE,6,60,1990-10-01,1995-09-01,60,0.862376146096958,0.937281392620044,0.511782569318501,computed
MONETARY_BASE,triangulation,aux_vs_new,AMBNS,BOGMBASE,6,60,1990-11-01,1995-10-01,60,0.861349472399561,0.93959455154315,0.514012433711764,computed
MONETARY_BASE,triangulation,aux_vs_new,AMBNS,BOGMBASE,6,60,1990-12-01,1995-11-01,60,0.857996259530086,0.940144421574284,0.520186372969495,computed
MONETARY_BASE,triangulation,aux_vs_new,AMBNS,BOGMBASE,6,60,1991-01-01,1995-12-01,60,0.891526098603875,0.940554369603276,0.456709498058869,computed
MONETARY_BASE,triangulation,aux_vs_new,AMBNS,BOGMBASE,6,60,1991-02-01,1996-01-01,60,0.889152956542604,0.976426031237107,0.466161074911532,computed
MONETARY_BASE,triangulation,aux_vs_new,AMBNS,BOGMBASE,6,60,1991-03-01,1996-02-01,60,0.89557388392761,0.96677754038442,0.450625077773164,computed
MONETARY_BASE,triangulation,aux_vs_new,AMBNS,BOGMBASE,6,60,1991-04-01,1996-03-01,60,0.899608852659621,0.956617145191788,0.44040315787511,computed
MONETARY_BASE,triangulation,aux_vs_new,AMBNS,BOGMBASE,6,60,1991-05-01,1996-04-01,60,0.899682996085044,0.956340165053414,0.440208612111802,computed
MONETARY_BASE,triangulation,aux_vs_new,AMBNS,BOGMBASE,6,60,1991-06-01,1996-05-01,60,0.898796543832875,0.959341954759171,0.442535441566734,computed
MONETARY_BASE,triangulation,aux_vs_new,AMBNS,BOGMBASE,6,60,1991-07-01,1996-06-01,60,0.898509140279365,0.957053483481328,0.442863358475284,computed
MONETARY_BASE,triangulation,aux_vs_new,AMBNS,BOGMBASE,6,60,1991-08-01,1996-07-01,60,0.901250139283879,0.954283340863387,0.436562063568825,computed
MONETARY_BASE,triangulation,aux_vs_new,AMBNS,BOGMBASE,6,60,1991-09-01,1996-08-01,60,0.902621524193603,0.960903949079894,0.434377799325775,computed
MONETARY_BASE,triangulation,aux_vs_new,AMBNS,BOGMBASE,6,60,1991-10-01,1996-09-01,60,0.902410965032268,0.963438317203085,0.435178356260654,computed
MONETARY_BASE,triangulation,aux_vs_new,AMBNS,BOGMBASE,6,60,1991-11-01,1996-10-01,60,0.903120292789093,0.964631277301793,0.433796985931939,computed
MONETARY_BASE,triangulation,aux_vs_new,AMBNS,BOGMBASE,6,60,1991-12-01,1996-11-01,60,0.901887632621528,0.969994295700618,0.43730686125983,computed
MONETARY_BASE,triangulation,aux_vs_new,AMBNS,BOGMBASE,6,60,1992-01-01,1996-12-01,60,0.903044986828275,0.972150046758065,0.435082631725005,computed
MONETARY_BASE,triangulation,aux_vs_new,AMBNS,BOGMBASE,6,60,1992-02-01,1997-01-01,60,0.898939814510035,0.993849976122496,0.448247588604728,computed
MONETARY_BASE,triangulation,aux_vs_new,AMBNS,BOGMBASE,6,60,1992-03-01,1997-02-01,60,0.899303938131169,0.994829294682399,0.447635482719786,computed
MONETARY_BASE,triangulation,aux_vs_new,AMBNS,BOGMBASE,6,60,1992-04-01,1997-03-01,60,0.894676758845631,0.999389079734027,0.458829401312356,computed
MONETARY_BASE,triangulation,aux_vs_new,AMBNS,BOGMBASE,6,60,1992-05-01,1997-04-01,60,0.933439002023408,0.95933664971091,0.361283626389614,computed
MONETARY_BASE,triangulation,aux_vs_new,AMBNS,BOGMBASE,6,60,1992-06-01,1997-05-01,60,0.98384940462825,0.955550450830738,0.181223702466717,computed
MONETARY_BASE,triangulation,aux_vs_new,AMBNS,BOGMBASE,6,60,1992-07-01,1997-06-01,60,0.9839414608264,0.956360634740123,0.180632002111963,computed
MONETARY_BASE,triangulation,aux_vs_new,AMBNS,BOGMBASE,6,60,1992-08-01,1997-07-01,60,0.982694514448443,0.95470751345261,0.187351113362696,computed
MONETARY_BASE,triangulation,aux_vs_new,AMBNS,BOGMBASE,6,60,1992-09-01,1997-08-01,60,0.982453356508635,0.953081703527271,0.1888077770608,computed
MONETARY_BASE,triangulation,aux_vs_new,AMBNS,BOGMBASE,6,60,1992-10-01,1997-09-01,60,0.98233282327567,0.953281824806735,0.189384879178598,computed
MONETARY_BASE,triangulation,aux_vs_new,AMBNS,BOGMBASE,6,60,1992-11-01,1997-10-01,60,0.982332410541719,0.95557408813377,0.189047817391172,computed
MONETARY_BASE,triangulation,aux_vs_new,AMBNS,BOGMBASE,6,60,1992-12-01,1997-11-01,60,0.982430446470465,0.956064312931323,0.188482633596833,computed
MONETARY_BASE,triangulation,aux_vs_new,AMBNS,BOGMBASE,6,60,1993-01-01,1997-12-01,60,0.9824320777304,0.955673745338729,0.188531705380311,computed
MONETARY_BASE,triangulation,aux_vs_new,AMBNS,BOGMBASE,6,60,1993-02-01,1998-01-01,60,0.982560219221194,0.955201137167261,0.187948148281307,computed
MONETARY_BASE,triangulation,aux_vs_new,AMBNS,BOGMBASE,6,60,1993-03-01,1998-02-01,60,0.982665527799678,0.955326161377316,0.187399952470026,computed
MONETARY_BASE,triangulation,aux_vs_new,AMBNS,BOGMBASE,6,60,1993-04-01,1998-03-01,60,0.982358497011323,0.949752529129664,0.189848899480105,computed
MONETARY_BASE,triangulation,aux_vs_new,AMBNS,BOGMBASE,6,60,1993-05-01,1998-04-01,60,0.982074889049726,0.949095925117512,0.191358315343227,computed
MONETARY_BASE,triangulation,aux_vs_new,AMBNS,BOGMBASE,6,60,1993-06-01,1998-05-01,60,0.981314667565476,0.947385414408471,0.195385055819047,computed
MONETARY_BASE,triangulation,aux_vs_new,AMBNS,BOGMBASE,6,60,1993-07-01,1998-06-01,60,0.980791729148482,0.947168180997319,0.197934676205061,computed
MONETARY_BASE,triangulation,aux_vs_new,AMBNS,BOGMBASE,6,60,1993-08-01,1998-07-01,60,0.977189814053187,0.947247573560943,0.21469140157621,computed
MONETARY_BASE,triangulation,aux_vs_new,AMBNS,BOGMBASE,6,60,1993-09-01,1998-08-01,60,0.975458016299777,0.948289144650342,0.22187243956759,computed
MONETARY_BASE,triangulation,aux_vs_new,AMBNS,BOGMBASE,6,60,1993-10-01,1998-09-01,60,0.975682100403304,0.950829093126174,0.220634891970801,computed
MONETARY_BASE,triangulation,aux_vs_new,AMBNS,BOGMBASE,6,60,1993-11-01,1998-10-01,60,0.976160316756287,0.952428317965031,0.218363602049267,computed
MONETARY_BASE,triangulation,aux_vs_new,AMBNS,BOGMBASE,6,60,1993-12-01,1998-11-01,60,0.975356488627807,0.949551125026852,0.222139008418222,computed
MONETARY_BASE,triangulation,aux_vs_new,AMBNS,BOGMBASE,6,60,1994-01-01,1998-12-01,60,0.975206223680576,0.949311399624753,0.222807919451664,computed
MONETARY_BASE,triangulation,aux_vs_new,AMBNS,BOGMBASE,6,60,1994-02-01,1999-01-01,60,0.973823189313576,0.943476004231762,0.229350913476958,computed
MONETARY_BASE,triangulation,aux_vs_new,AMBNS,BOGMBASE,6,60,1994-03-01,1999-02-01,60,0.972861666031272,0.945815619926485,0.232992639343805,computed
MONETARY_BASE,triangulation,aux_vs_new,AMBNS,BOGMBASE,6,60,1994-04-01,1999-03-01,60,0.972779263897185,0.953030260960941,0.232593843538469,computed
MONETARY_BASE,triangulation,aux_vs_new,AMBNS,BOGMBASE,6,60,1994-05-01,1999-04-01,60,0.972800321472514,0.950635350871832,0.232704177313243,computed
MONETARY_BASE,triangulation,aux_vs_new,AMBNS,BOGMBASE,6,60,1994-06-01,1999-05-01,60,0.971012751710209,0.95099999870785,0.239949663655319,computed
MONETARY_BASE,triangulation,aux_vs_new,AMBNS,BOGMBASE,6,60,1994-07-01,1999-06-01,60,0.969321634727325,0.947969316967727,0.246727888930389,computed
MONETARY_BASE,triangulation,aux_vs_new,AMBNS,BOGMBASE,6,60,1994-08-01,1999-07-01,60,0.9699338763473,0.947846090175982,0.244619762502629,computed
MONETARY_BASE,triangulation,aux_vs_new,AMBNS,BOGMBASE,6,60,1994-09-01,1999-08-01,60,0.970268975274162,0.956869361137672,0.242402211991088,computed
MONETARY_BASE,triangulation,aux_vs_new,AMBNS,BOGMBASE,6,60,1994-10-01,1999-09-01,60,0.968330390256252,0.950863394510191,0.25037187936423,computed
MONETARY_BASE,triangulation,aux_vs_new,AMBNS,BOGMBASE,6,60,1994-11-01,1999-10-01,60,0.965219943166375,0.952636784005435,0.261756407993174,computed
MONETARY_BASE,triangulation,aux_vs_new,AMBNS,BOGMBASE,6,60,1994-12-01,1999-11-01,60,0.967218242198528,0.950027634463299,0.254527784639313,computed
MONETARY_BASE,triangulation,aux_vs_new,AMBNS,BOGMBASE,6,60,1995-01-01,1999-12-01,60,0.969288189783172,0.951707817637542,0.246567949152017,computed
MONETARY_BASE,triangulation,aux_vs_new,AMBNS,BOGMBASE,6,60,1995-02-01,2000-01-01,60,0.984065002692663,0.922488151245605,0.188417509059372,computed
MONETARY_BASE,triangulation,aux_vs_new,AMBNS,BOGMBASE,6,60,1995-03-01,2000-02-01,60,0.977038816936808,0.942547634262209,0.215912052790982,computed
MONETARY_BASE,triangulation,aux_vs_new,AMBNS,BOGMBASE,6,60,1995-04-01,2000-03-01,60,0.975994677534756,0.967396482813799,0.217976026238344,computed
MONETARY_BASE,triangulation,aux_vs_new,AMBNS,BOGMBASE,6,60,1995-05-01,2000-04-01,60,0.975553139216311,0.965627697046117,0.219995053842303,computed
MONETARY_BASE,triangulation,aux_vs_new,AMBNS,BOGMBASE,6,60,1995-06-01,2000-05-01,60,0.975237130397182,0.964582320380468,0.221431676005734,computed
MONETARY_BASE,triangulation,aux_vs_new,AMBNS,BOGMBASE,6,60,1995-07-01,2000-06-01,60,0.974833099381982,0.963931536682369,0.223220931902537,computed
MONETARY_BASE,triangulation,aux_vs_new,AMBNS,BOGMBASE,6,60,1995-08-01,2000-07-01,60,0.974887736767395,0.963795367857501,0.222973009507756,computed
MONETARY_BASE,triangulation,aux_vs_new,AMBNS,BOGMBASE,6,60,1995-09-01,2000-08-01,60,0.974849655301568,0.962290416457082,0.223263858392589,computed
MONETARY_BASE,triangulation,aux_vs_new,AMBNS,BOGMBASE,6,60,1995-10-01,2000-09-01,60,0.974535817067311,0.960925556098069,0.224650487376159,computed
MONETARY_BASE,triangulation,aux_vs_new,AMBNS,BOGMBASE,6,60,1995-11-01,2000-10-01,60,0.974415306283791,0.961032308706688,0.225156682747784,computed
MONETARY_BASE,triangulation,aux_vs_new,AMBNS,BOGMBASE,6,60,1995-12-01,2000-11-01,60,0.974427938165825,0.960694405097318,0.225120056601799,computed
MONETARY_BASE,triangulation,aux_vs_new,AMBNS,BOGMBASE,6,60,1996-01-01,2000-12-01,60,0.97433483179994,0.959906511436767,0.225566265646069,computed
MONETARY_BASE,triangulation,aux_vs_new,AMBNS,BOGMBASE,6,60,1996-02-01,2001-01-01,60,0.973952302897583,0.947252298813826,0.228461021618583,computed
MONETARY_BASE,triangulation,aux_vs_new,AMBNS,BOGMBASE,6,60,1996-03-01,2001-02-01,60,0.973680906626081,0.950103504024871,0.229131859953496,computed
MONETARY_BASE,triangulation,aux_vs_new,AMBNS,BOGMBASE,6,60,1996-04-01,2001-03-01,60,0.972314412455699,0.94912086564487,0.234827843158047,computed
MONETARY_BASE,triangulation,aux_vs_new,AMBNS,BOGMBASE,6,60,1996-05-01,2001-04-01,60,0.971971650629739,0.949197960776662,0.236212134380474,computed
MONETARY_BASE,triangulation,aux_vs_new,AMBNS,BOGMBASE,6,60,1996-06-01,2001-05-01,60,0.971957256782648,0.947630082876888,0.236426181882445,computed
MONETARY_BASE,triangulation,aux_vs_new,AMBNS,BOGMBASE,6,60,1996-07-01,2001-06-01,60,0.970627212620156,0.944356651847399,0.242035853664397,computed
MONETARY_BASE,triangulation,aux_vs_new,AMBNS,BOGMBASE,6,60,1996-08-01,2001-07-01,60,0.970600596692268,0.943115567939352,0.242260074379059,computed
MONETARY_BASE,triangulation,aux_vs_new,AMBNS,BOGMBASE,6,60,1996-09-01,2001-08-01,60,0.970500947934513,0.942917350795189,0.242672513213936,computed
MONETARY_BASE,triangulation,aux_vs_new,AMBNS,BOGMBASE,6,60,1996-10-01,2001-09-01,60,0.972839972868113,0.944031310863514,0.233268706111473,computed
MONETARY_BASE,triangulation,aux_vs_new,AMBNS,BOGMBASE,6,60,1996-11-01,2001-10-01,60,0.978434172338552,0.962878779910066,0.20715254834594,computed
MONETARY_BASE,triangulation,aux_vs_new,AMBNS,BOGMBASE,6,60,1996-12-01,2001-11-01,60,0.977630510942068,0.972712485996939,0.210431405093075,computed
MONETARY_BASE,triangulation,aux_vs_new,AMBNS,BOGMBASE,6,60,1997-01-01,2001-12-01,60,0.977145015155805,0.969374891981959,0.212716559645974,computed
MONETARY_BASE,triangulation,aux_vs_new,AMBNS,BOGMBASE,6,60,1997-02-01,2002-01-01,60,0.976431299123023,0.969185034027372,0.215954884498142,computed
MONETARY_BASE,triangulation,aux_vs_new,AMBNS,BOGMBASE,6,60,1997-03-01,2002-02-01,60,0.975973376610537,0.969605291377555,0.21799058914947,computed
MONETARY_BASE,triangulation,aux_vs_new,AMBNS,BOGMBASE,6,60,1997-04-01,2002-03-01,60,0.975336274957195,0.970105002897979,0.220793055852189,computed
MONETARY_BASE,triangulation,aux_vs_new,AMBNS,BOGMBASE,6,60,1997-05-01,2002-04-01,60,0.975529798112027,0.970651034084798,0.219945962901843,computed
MONETARY_BASE,triangulation,aux_vs_new,AMBNS,BOGMBASE,6,60,1997-06-01,2002-05-01,60,0.976171292037417,0.972465161428569,0.217043143552969,computed
MONETARY_BASE,triangulation,aux_vs_new,AMBNS,BOGMBASE,6,60,1997-07-01,2002-06-01,60,0.975924955330281,0.972288995512232,0.218138900898353,computed
MONETARY_BASE,triangulation,aux_vs_new,AMBNS,BOGMBASE,6,60,1997-08-01,2002-07-01,60,0.976171243550114,0.972850006336612,0.217038333809187,computed
MONETARY_BASE,triangulation,aux_vs_new,AMBNS,BOGMBASE,6,60,1997-09-01,2002-08-01,60,0.976331655942076,0.973611495741671,0.216295884642422,computed
MONETARY_BASE,triangulation,aux_vs_new,AMBNS,BOGMBASE,6,60,1997-10-01,2002-09-01,60,0.976259135962923,0.97351558119425,0.216626106963722,computed
MONETARY_BASE,triangulation,aux_vs_new,AMBNS,BOGMBASE,6,60,1997-11-01,2002-10-01,60,0.97636533316265,0.973336901202288,0.216164564002179,computed
MONETARY_BASE,triangulation,aux_vs_new,AMBNS,BOGMBASE,6,60,1997-12-01,2002-11-01,60,0.976185202176971,0.975059398004484,0.216943100041941,computed
MONETARY_BASE,triangulation,aux_vs_new,AMBNS,BOGMBASE,6,60,1998-01-01,2002-12-01,60,0.976228902697579,0.975411245722506,0.216752605542091,computed
MONETARY_BASE,triangulation,aux_vs_new,AMBNS,BOGMBASE,6,60,1998-02-01,2003-01-01,60,0.975855072988166,0.976277245859877,0.21842448268837,computed
MONETARY_BASE,triangulation,aux_vs_new,AMBNS,BOGMBASE,6,60,1998-03-01,2003-02-01,60,0.975467727131247,0.975392596621164,0.220158410670513,computed
MONETARY_BASE,triangulation,aux_vs_new,AMBNS,BOGMBASE,6,60,1998-04-01,2003-03-01,60,0.975193999737894,0.977779827004114,0.221383904600708,computed
MONETARY_BASE,triangulation,aux_vs_new,AMBNS,BOGMBASE,6,60,1998-05-01,2003-04-01,60,0.975170211325789,0.977688702707521,0.221471083404816,computed
MONETARY_BASE,triangulation,aux_vs_new,AMBNS,BOGMBASE,6,60,1998-06-01,2003-05-01,60,0.975272360315914,0.97846138868922,0.221033905611447,computed
MONETARY_BASE,triangulation,aux_vs_new,AMBNS,BOGMBASE,6,60,1998-07-01,2003-06-01,60,0.975441842868016,0.979113922987646,0.220294325245101,computed
MONETARY_BASE,triangulation,aux_vs_new,AMBNS,BOGMBASE,6,60,1998-08-01,2003-07-01,60,0.976678639476799,0.978837347224813,0.214833408209513,computed
MONETARY_BASE,triangulation,aux_vs_new,AMBNS,BOGMBASE,6,60,1998-09-01,2003-08-01,60,0.977123643855504,0.978391521949166,0.212676987447757,computed
MONETARY_BASE,triangulation,aux_vs_new,AMBNS,BOGMBASE,6,60,1998-10-01,2003-09-01,60,0.977383450467215,0.979472336356753,0.211490140969153,computed
MONETARY_BASE,triangulation,aux_vs_new,AMBNS,BOGMBASE,6,60,1998-11-01,2003-10-01,60,0.977936248306568,0.979923774876765,0.20892799709167,computed
MONETARY_BASE,triangulation,aux_vs_new,AMBNS,BOGMBASE,6,60,1998-12-01,2003-11-01,60,0.978426215306463,0.981397984858076,0.2066281267993,computed
MONETARY_BASE,triangulation,aux_vs_new,AMBNS,BOGMBASE,6,60,1999-01-01,2003-12-01,60,0.978348323738673,0.981581927702976,0.207013255769726,computed
MONETARY_BASE,triangulation,aux_vs_new,AMBNS,BOGMBASE,6,60,1999-02-01,2004-01-01,60,0.978622205377183,0.98599919097647,0.205804460724386,computed
MONETARY_BASE,triangulation,aux_vs_new,AMBNS,BOGMBASE,6,60,1999-03-01,2004-02-01,60,0.978903197165364,0.98472958786374,0.204407728468792,computed
MONETARY_BASE,triangulation,aux_vs_new,AMBNS,BOGMBASE,6,60,1999-04-01,2004-03-01,60,0.978840741429456,0.983442828442683,0.204676082325863,computed
MONETARY_BASE,triangulation,aux_vs_new,AMBNS,BOGMBASE,6,60,1999-05-01,2004-04-01,60,0.978859170218221,0.983530746101403,0.204589030160282,computed
MONETARY_BASE,triangulation,aux_vs_new,AMBNS,BOGMBASE,6,60,1999-06-01,2004-05-01,60,0.979051252332067,0.984150948547783,0.203687303778481,computed
MONETARY_BASE,triangulation,aux_vs_new,AMBNS,BOGMBASE,6,60,1999-07-01,2004-06-01,60,0.979378524941051,0.985699906571596,0.202133319260664,computed
MONETARY_BASE,triangulation,aux_vs_new,AMBNS,BOGMBASE,6,60,1999-08-01,2004-07-01,60,0.979382705121896,0.985157318707745,0.202158535270921,computed
MONETARY_BASE,triangulation,aux_vs_new,AMBNS,BOGMBASE,6,60,1999-09-01,2004-08-01,60,0.979645887149841,0.983942554811184,0.200783098191891,computed
MONETARY_BASE,triangulation,aux_vs_new,AMBNS,BOGMBASE,6,60,1999-10-01,2004-09-01,60,0.980633276237353,0.98700911243908,0.196017743315497,computed
MONETARY_BASE,triangulation,aux_vs_new,AMBNS,BOGMBASE,6,60,1999-11-01,2004-10-01,60,0.981663677555186,0.98640930007249,0.190683872524176,computed
MONETARY_BASE,triangulation,aux_vs_new,AMBNS,BOGMBASE,6,60,1999-12-01,2004-11-01,60,0.981322525114343,0.988046433480363,0.192487333933561,computed
MONETARY_BASE,triangulation,aux_vs_new,AMBNS,BOGMBASE,6,60,2000-01-01,2004-12-01,60,0.980702670287255,0.988022845010953,0.195660363633445,computed
MONETARY_BASE,triangulation,aux_vs_new,AMBNS,BOGMBASE,6,60,2000-02-01,2005-01-01,60,0.973193158198396,1.04461276222239,0.240979191873974,computed
MONETARY_BASE,triangulation,aux_vs_new,AMBNS,BOGMBASE,6,60,2000-03-01,2005-02-01,60,0.9785549712407,1.02068538857296,0.210272229623668,computed
MONETARY_BASE,triangulation,aux_vs_new,AMBNS,BOGMBASE,6,60,2000-04-01,2005-03-01,60,0.977202411997815,0.990627912516993,0.212765065024409,computed
MONETARY_BASE,triangulation,aux_vs_new,AMBNS,BOGMBASE,6,60,2000-05-01,2005-04-01,60,0.978024965799488,0.993823993354518,0.209099667477287,computed
MONETARY_BASE,triangulation,aux_vs_new,AMBNS,BOGMBASE,6,60,2000-06-01,2005-05-01,60,0.978030058797168,0.993738798434911,0.209135219957087,computed
MONETARY_BASE,triangulation,aux_vs_new,AMBNS,BOGMBASE,6,60,2000-07-01,2005-06-01,60,0.97884279835386,0.994538203444599,0.205215823685516,computed
MONETARY_BASE,triangulation,aux_vs_new,AMBNS,BOGMBASE,6,60,2000-08-01,2005-07-01,60,0.978583330230246,0.995296244944093,0.206543288145579,computed
MONETARY_BASE,triangulation,aux_vs_new,AMBNS,BOGMBASE,6,60,2000-09-01,2005-08-01,60,0.97881019960704,0.996882907173091,0.205610822602396,computed
MONETARY_BASE,triangulation,aux_vs_new,AMBNS,BOGMBASE,6,60,2000-10-01,2005-09-01,60,0.979606442898247,1.00004961951239,0.201989674531127,computed
MONETARY_BASE,triangulation,aux_vs_new,AMBNS,BOGMBASE,6,60,2000-11-01,2005-10-01,60,0.979804520288068,1.00129955398937,0.201118244539034,computed
MONETARY_BASE,triangulation,aux_vs_new,AMBNS,BOGMBASE,6,60,2000-12-01,2005-11-01,60,0.979839233179631,1.0036911508792,0.201212305870213,computed
MONETARY_BASE,triangulation,aux_vs_new,AMBNS,BOGMBASE,6,60,2001-01-01,2005-12-01,60,0.979765599264055,1.00438920708682,0.201684872251984,computed
MONETARY_BASE,triangulation,aux_vs_new,AMBNS,BOGMBASE,6,60,2001-02-01,2006-01-01,60,0.980311705928409,1.016988192401,0.200949058424033,computed
MONETARY_BASE,triangulation,aux_vs_new,AMBNS,BOGMBASE,6,60,2001-03-01,2006-02-01,60,0.980837237579373,1.01464334994396,0.197747257193062,computed
MONETARY_BASE,triangulation,aux_vs_new,AMBNS,BOGMBASE,6,60,2001-04-01,2006-03-01,60,0.979976547260533,1.01559392139016,0.20234454200855,computed
MONETARY_BASE,triangulation,aux_vs_new,AMBNS,BOGMBASE,6,60,2001-05-01,2006-04-01,60,0.976275933104877,1.02001526891571,0.220920832148814,computed
MONETARY_BASE,triangulation,aux_vs_new,AMBNS,BOGMBASE,6,60,2001-06-01,2006-05-01,60,0.975709997424594,1.02274078995631,0.22411379147663,computed
MONETARY_BASE,triangulation,aux_vs_new,AMBNS,BOGMBASE,6,60,2001-07-01,2006-06-01,60,0.978037474395627,1.02613516921178,0.213928230499172,computed
MONETARY_BASE,triangulation,aux_vs_new,AMBNS,BOGMBASE,6,60,2001-08-01,2006-07-01,60,0.978118356973614,1.02892835969051,0.21417315526893,computed
MONETARY_BASE,triangulation,aux_vs_new,AMBNS,BOGMBASE,6,60,2001-09-01,2006-08-01,60,0.978076097736877,1.02881539647561,0.214345578908714,computed
MONETARY_BASE,triangulation,aux_vs_new,AMBNS,BOGMBASE,6,60,2001-10-01,2006-09-01,60,0.974985087373449,1.04099946536725,0.231882150739086,computed
MONETARY_BASE,triangulation,aux_vs_new,AMBNS,BOGMBASE,6,60,2001-11-01,2006-10-01,60,0.941456648037647,1.05670659090977,0.356358085938412,computed
MONETARY_BASE,triangulation,aux_vs_new,AMBNS,BOGMBASE,6,60,2001-12-01,2006-11-01,60,0.935872734382791,0.995090128129537,0.35750572764998,computed
MONETARY_BASE,triangulation,aux_vs_new,AMBNS,BOGMBASE,6,60,2002-01-01,2006-12-01,60,0.934640782004733,1.03435696391644,0.369453630629761,computed
MONETARY_BASE,triangulation,aux_vs_new,AMBNS,BOGMBASE,6,60,2002-02-01,2007-01-01,60,0.936256090281843,1.09192924296089,0.38442373034399,computed
MONETARY_BASE,triangulation,aux_vs_new,AMBNS,BOGMBASE,6,60,2002-03-01,2007-02-01,60,0.937841207011543,1.08848437794038,0.378445131549812,computed
MONETARY_BASE,triangulation,aux_vs_new,AMBNS,BOGMBASE,6,60,2002-04-01,2007-03-01,60,0.940676018942015,1.07591234422071,0.365323686899886,computed
MONETARY_BASE,triangulation,aux_vs_new,AMBNS,BOGMBASE,6,60,2002-05-01,2007-04-01,60,0.940966044573901,1.07728593070261,0.36492449204075,computed
MONETARY_BASE,triangulation,aux_vs_new,AMBNS,BOGMBASE,6,60,2002-06-01,2007-05-01,60,0.940832187090229,1.07712931778024,0.365256709826126,computed
MONETARY_BASE,triangulation,aux_vs_new,AMBNS,BOGMBASE,6,60,2002-07-01,2007-06-01,60,0.942808391333718,1.07839117400679,0.359909930455186,computed
MONETARY_BASE,triangulation,aux_vs_new,AMBNS,BOGMBASE,6,60,2002-08-01,2007-07-01,60,0.944023470105961,1.07923070558652,0.356526018917241,computed
MONETARY_BASE,triangulation,aux_vs_new,AMBNS,BOGMBASE,6,60,2002-09-01,2007-08-01,60,0.941558962271848,1.07941220895769,0.363972405609727,computed
MONETARY_BASE,triangulation,aux_vs_new,AMBNS,BOGMBASE,6,60,2002-10-01,2007-09-01,60,0.94216710736359,1.08230227156078,0.363274718054884,computed
MONETARY_BASE,triangulation,aux_vs_new,AMBNS,BOGMBASE,6,60,2002-11-01,2007-10-01,60,0.941282121886511,1.08654748367111,0.367681416039703,computed
MONETARY_BASE,triangulation,aux_vs_new,AMBNS,BOGMBASE,6,60,2002-12-01,2007-11-01,60,0.938329154682086,1.06935798766906,0.369771092063759,computed
MONETARY_BASE,triangulation,aux_vs_new,AMBNS,BOGMBASE,6,60,2003-01-01,2007-12-01,60,0.934100339703901,1.05922706059444,0.378335415368291,computed
MONETARY_BASE,triangulation,aux_vs_new,AMBNS,BOGMBASE,6,60,2003-02-01,2008-01-01,60,0.922711776755347,1.11041716130387,0.429093669258672,computed
MONETARY_BASE,triangulation,aux_vs_new,AMBNS,BOGMBASE,6,60,2003-03-01,2008-02-01,60,0.924367216036212,1.13300204867048,0.434902763566668,computed
MONETARY_BASE,triangulation,aux_vs_new,AMBNS,BOGMBASE,6,60,2003-04-01,2008-03-01,60,0.926046244351784,1.12105220075202,0.424831648351531,computed
MONETARY_BASE,triangulation,aux_vs_new,AMBNS,BOGMBASE,6,60,2003-05-01,2008-04-01,60,0.927351310338297,1.10526309435072,0.414391566461242,computed
MONETARY_BASE,triangulation,aux_vs_new,AMBNS,BOGMBASE,6,60,2003-06-01,2008-05-01,60,0.924813410389366,1.06849676363006,0.406774826144151,computed
MONETARY_BASE,triangulation,aux_vs_new,AMBNS,BOGMBASE,6,60,2003-07-01,2008-06-01,60,0.914019775195104,1.0628606992764,0.432179490973631,computed
MONETARY_BASE,triangulation,aux_vs_new,AMBNS,BOGMBASE,6,60,2003-08-01,2008-07-01,60,0.903656838738409,1.04715811393469,0.451711816686129,computed
MONETARY_BASE,triangulation,aux_vs_new,AMBNS,BOGMBASE,6,60,2003-09-01,2008-08-01,60,0.902623207454141,1.0194379434763,0.446007922154941,computed
MONETARY_BASE,triangulation,aux_vs_new,AMBNS,BOGMBASE,6,60,2003-10-01,2008-09-01,60,0.972118863809287,0.982773461828915,0.234731175923754,computed
MONETARY_BASE,triangulation,aux_vs_new,AMBNS,BOGMBASE,6,60,2003-11-01,2008-10-01,60,0.986429777202472,1.16882445409362,0.246800002128969,computed
MONETARY_BASE,triangulation,aux_vs_new,AMBNS,BOGMBASE,6,60,2003-12-01,2008-11-01,60,0.919247945133563,1.05850422039926,0.418173558380392,computed
MONETARY_BASE,triangulation,aux_vs_new,AMBNS,BOGMBASE,6,60,2004-01-01,2008-12-01,60,0.929257407456062,0.930031564537383,0.369483549008029,computed
MONETARY_BASE,triangulation,aux_vs_new,AMBNS,BOGMBASE,6,60,2004-02-01,2009-01-01,60,0.943252983279407,0.96722061761768,0.332938872037513,computed
MONETARY_BASE,triangulation,aux_vs_new,AMBNS,BOGMBASE,6,60,2004-03-01,2009-02-01,60,0.954886491247104,0.973030214774803,0.297527133644492,computed
MONETARY_BASE,triangulation,aux_vs_new,AMBNS,BOGMBASE,6,60,2004-04-01,2009-03-01,60,0.965150172543517,0.984638876556571,0.262429291464739,computed
MONETARY_BASE,triangulation,aux_vs_new,AMBNS,BOGMBASE,6,60,2004-05-01,2009-04-01,60,0.964415948681758,0.982731074086625,0.265044691123885,computed
MONETARY_BASE,triangulation,aux_vs_new,AMBNS,BOGMBASE,6,60,2004-06-01,2009-05-01,60,0.96508923758756,0.976688817599634,0.262182418580321,computed
MONETARY_BASE,triangulation,aux_vs_new,AMBNS,BOGMBASE,6,60,2004-07-01,2009-06-01,60,0.966531129637578,0.978702365463295,0.256838058498839,computed
MONETARY_BASE,triangulation,aux_vs_new,AMBNS,BOGMBASE,6,60,2004-08-01,2009-07-01,60,0.967329685401835,0.977116140052204,0.253711410576738,computed
MONETARY_BASE,triangulation,aux_vs_new,AMBNS,BOGMBASE,6,60,2004-09-01,2009-08-01,60,0.967302628922692,0.978804924549753,0.253888798250166,computed
MONETARY_BASE,triangulation,aux_vs_new,AMBNS,BOGMBASE,6,60,2004-10-01,2009-09-01,60,0.967548657609152,0.977783951534902,0.252892335821741,computed
MONETARY_BASE,triangulation,aux_vs_new,AMBNS,BOGMBASE,6,60,2004-11-01,2009-10-01,60,0.967644142285446,0.97711444753077,0.252502880577881,computed
MONETARY_BASE,triangulation,aux_vs_new,AMBNS,BOGMBASE,6,60,2004-12-01,2009-11-01,60,0.967728819400228,0.974909146137491,0.252100284387343,computed
MONETARY_BASE,triangulation,aux_vs_new,AMBNS,BOGMBASE,6,60,2005-01-01,2009-12-01,60,0.96825172929592,0.976395149154829,0.250109950875719,computed
MONETARY_BASE,triangulation,aux_vs_new,AMBNS,BOGMBASE,6,60,2005-02-01,2010-01-01,60,0.968232685557869,0.976815601881084,0.250201247933425,computed
MONETARY_BASE,triangulation,aux_vs_new,AMBNS,BOGMBASE,6,60,2005-03-01,2010-02-01,60,0.969756780199656,0.979199823216587,0.244257201844478,computed
MONETARY_BASE,triangulation,aux_vs_new,AMBNS,BOGMBASE,6,60,2005-04-01,2010-03-01,60,0.971341801913832,0.977754893147138,0.237777581856781,computed
MONETARY_BASE,triangulation,aux_vs_new,AMBNS,BOGMBASE,6,60,2005-05-01,2010-04-01,60,0.971198720691047,0.97836863081797,0.238380921231726,computed
MONETARY_BASE,triangulation,aux_vs_new,AMBNS,BOGMBASE,6,60,2005-06-01,2010-05-01,60,0.971320162357156,0.979537001548021,0.237917354615241,computed
MONETARY_BASE,triangulation,aux_vs_new,AMBNS,BOGMBASE,6,60,2005-07-01,2010-06-01,60,0.97131679278914,0.979585128949554,0.237932908978423,computed
MONETARY_BASE,triangulation,aux_vs_new,AMBNS,BOGMBASE,6,60,2005-08-01,2010-07-01,60,0.97130289866476,0.979499854912241,0.237987180900388,computed
MONETARY_BASE,triangulation,aux_vs_new,AMBNS,BOGMBASE,6,60,2005-09-01,2010-08-01,60,0.971246431702856,0.979597539270589,0.238224031823553,computed
MONETARY_BASE,triangulation,aux_vs_new,AMBNS,BOGMBASE,6,60,2005-10-01,2010-09-01,60,0.971287473011705,0.979758439251123,0.238059907048514,computed
MONETARY_BASE,triangulation,aux_vs_new,AMBNS,BOGMBASE,6,60,2005-11-01,2010-10-01,60,0.971344220462673,0.979292184726523,0.237811498413656,computed
MONETARY_BASE,triangulation,aux_vs_new,AMBNS,BOGMBASE,6,60,2005-12-01,2010-11-01,60,0.971184320984199,0.97932546340885,0.238470385085114,computed
MONETARY_BASE,triangulation,aux_vs_new,AMBNS,BOGMBASE,6,60,2006-01-01,2010-12-01,60,0.971227993264231,0.978876161665602,0.2382751191818,computed
MONETARY_BASE,triangulation,aux_vs_new,AMBNS,BOGMBASE,6,60,2006-02-01,2011-01-01,60,0.971240762636271,0.978588656491668,0.238214245032139,computed
MONETARY_BASE,triangulation,aux_vs_new,AMBNS,BOGMBASE,6,60,2006-03-01,2011-02-01,60,0.972167869150748,0.978152342967052,0.234362924030982,computed
MONETARY_BASE,triangulation,aux_vs_new,AMBNS,BOGMBASE,6,60,2006-04-01,2011-03-01,60,0.972199759946878,0.978091625209503,0.23423119987753,computed
MONETARY_BASE,triangulation,aux_vs_new,AMBNS,BOGMBASE,6,60,2006-05-01,2011-04-01,60,0.972747713006606,0.978501410124826,0.231939038364757,computed
MONETARY_BASE,triangulation,aux_vs_new,AMBNS,BOGMBASE,6,60,2006-06-01,2011-05-01,60,0.972801746678247,0.977996440696473,0.231699708581065,computed
MONETARY_BASE,triangulation,aux_vs_new,AMBNS,BOGMBASE,6,60,2006-07-01,2011-06-01,60,0.972787898387994,0.977960886870519,0.231755254670738,computed
MONETARY_BASE,triangulation,aux_vs_new,AMBNS,BOGMBASE,6,60,2006-08-01,2011-07-01,60,0.972848034604863,0.978228937045446,0.231507435686186,computed
MONETARY_BASE,triangulation,aux_vs_new,AMBNS,BOGMBASE,6,60,2006-09-01,2011-08-01,60,0.972980899144279,0.978187738295686,0.230944341138257,computed
MONETARY_BASE,triangulation,aux_vs_new,AMBNS,BOGMBASE,6,60,2006-10-01,2011-09-01,60,0.972982831860688,0.97817948156545,0.230935952316893,computed
MONETARY_BASE,triangulation,aux_vs_new,AMBNS,BOGMBASE,6,60,2006-11-01,2011-10-01,60,0.97295769976529,0.977920936548171,0.231039304968969,computed
MONETARY_BASE,triangulation,aux_vs_new,AMBNS,BOGMBASE,6,60,2006-12-01,2011-11-01,60,0.972908912590464,0.977490021622217,0.231236397974172,computed
MONETARY_BASE,triangulation,aux_vs_new,AMBNS,BOGMBASE,6,60,2007-01-01,2011-12-01,60,0.973007160474775,0.977160492408139,0.230813776696439,computed
MONETARY_BASE,triangulation,aux_vs_new,AMBNS,BOGMBASE,6,60,2007-02-01,2012-01-01,60,0.973027249185874,0.976689611213369,0.230721317494894,computed
MONETARY_BASE,triangulation,aux_vs_new,AMBNS,BOGMBASE,6,60,2007-03-01,2012-02-01,60,0.973045357564074,0.976334963496243,0.230641000461987,computed
MONETARY_BASE,triangulation,aux_vs_new,AMBNS,BOGMBASE,6,60,2007-04-01,2012-03-01,60,0.973255471394613,0.974935031435377,0.229734820489859,computed
MONETARY_BASE,triangulation,aux_vs_new,AMBNS,BOGMBASE,6,60,2007-05-01,2012-04-01,60,0.973177372653519,0.974428732098469,0.230063004347286,computed
MONETARY_BASE,triangulation,aux_vs_new,AMBNS,BOGMBASE,6,60,2007-06-01,2012-05-01,60,0.973049196322888,0.974166229517127,0.230603252626912,computed
MONETARY_BASE,triangulation,aux_vs_new,AMBNS,BOGMBASE,6,60,2007-07-01,2012-06-01,60,0.972969768939614,0.9736403988122,0.230935742089083,computed
MONETARY_BASE,triangulation,aux_vs_new,AMBNS,BOGMBASE,6,60,2007-08-01,2012-07-01,60,0.972983505216634,0.973793105519151,0.230876143350221,computed
MONETARY_BASE,triangulation,aux_vs_new,AMBNS,BOGMBASE,6,60,2007-09-01,2012-08-01,60,0.972990572035417,0.973562239696732,0.230846601401785,computed
MONETARY_BASE,triangulation,aux_vs_new,AMBNS,BOGMBASE,6,60,2007-10-01,2012-09-01,60,0.973001802294256,0.974250850646208,0.230801068906222,computed
MONETARY_BASE,triangulation,aux_vs_new,AMBNS,BOGMBASE,6,60,2007-11-01,2012-10-01,60,0.973167501561603,0.974593209744272,0.230103349521858,computed
MONETARY_BASE,triangulation,aux_vs_new,AMBNS,BOGMBASE,6,60,2007-12-01,2012-11-01,60,0.973193183974276,0.974774504382594,0.229995727252761,computed
MONETARY_BASE,triangulation,aux_vs_new,AMBNS,BOGMBASE,6,60,2008-01-01,2012-12-01,60,0.973232868044017,0.974892001875653,0.229827608511894,computed
MONETARY_BASE,triangulation,aux_vs_new,AMBNS,BOGMBASE,6,60,2008-02-01,2013-01-01,60,0.973368404393341,0.974425141471989,0.229251223671114,computed
MONETARY_BASE,triangulation,aux_vs_new,AMBNS,BOGMBASE,6,60,2008-03-01,2013-02-01,60,0.973440175478717,0.974454029226112,0.228943847989052,computed
MONETARY_BASE,triangulation,aux_vs_new,AMBNS,BOGMBASE,6,60,2008-04-01,2013-03-01,60,0.973357246379839,0.974653104350934,0.229299828125185,computed
MONETARY_BASE,triangulation,aux_vs_new,AMBNS,BOGMBASE,6,60,2008-05-01,2013-04-01,60,0.973301921254275,0.974535812735782,0.229532022618294,computed
MONETARY_BASE,triangulation,aux_vs_new,AMBNS,BOGMBASE,6,60,2008-06-01,2013-05-01,60,0.973358576434669,0.974935356961921,0.229299531404506,computed
MONETARY_BASE,triangulation,aux_vs_new,AMBNS,BOGMBASE,6,60,2008-07-01,2013-06-01,60,0.973511012545813,0.975091971432866,0.228646956267083,computed
MONETARY_BASE,triangulation,aux_vs_new,AMBNS,BOGMBASE,6,60,2008-08-01,2013-07-01,60,0.973640546713463,0.975272608064751,0.228094341139501,computed
MONETARY_BASE,triangulation,aux_vs_new,AMBNS,BOGMBASE,6,60,2008-09-01,2013-08-01,60,0.973660795124922,0.9757040851181,0.22801060025072,computed
MONETARY_BASE,triangulation,aux_vs_new,AMBNS,BOGMBASE,6,60,2008-10-01,2013-09-01,60,0.972555358284277,0.9760429691565,0.232697741539994,computed
MONETARY_BASE,triangulation,aux_vs_new,AMBNS,BOGMBASE,6,60,2008-11-01,2013-10-01,60,0.973900473804552,0.932404845582072,0.231014873287872,computed
MONETARY_BASE,triangulation,aux_vs_new,AMBNS,BOGMBASE,6,60,2008-12-01,2013-11-01,60,0.988048944624835,0.956397866432639,0.157753464957174,computed
MONETARY_BASE,triangulation,aux_vs_new,AMBNS,BOGMBASE,6,60,2009-01-01,2013-12-01,60,0.993996868105515,0.998753499042385,0.109620895699034,computed
MONETARY_BASE,triangulation,aux_vs_new,AMBNS,BOGMBASE,6,60,2009-02-01,2014-01-01,60,0.993916139250314,0.982916783919457,0.110688798246152,computed
MONETARY_BASE,triangulation,aux_vs_new,AMBNS,BOGMBASE,6,60,2009-03-01,2014-02-01,60,0.992530297829154,0.980684335645984,0.122572475210407,computed
MONETARY_BASE,triangulation,aux_vs_new,AMBNS,BOGMBASE,6,60,2009-04-01,2014-03-01,60,0.989472502135696,0.959855183215567,0.147770250856147,computed
MONETARY_BASE,triangulation,aux_vs_new,AMBNS,BOGMBASE,6,60,2009-05-01,2014-04-01,60,0.991081634734244,0.964175077677396,0.136044005872629,computed
MONETARY_BASE,triangulation,aux_vs_new,AMBNS,BOGMBASE,6,60,2009-06-01,2014-05-01,60,0.991606679037369,0.977135942237983,0.130109815938635,computed
MONETARY_BASE,triangulation,aux_vs_new,AMBNS,BOGMBASE,6,60,2009-07-01,2014-06-01,60,0.990762626526527,0.971195269597264,0.137017548117119,computed
MONETARY_BASE,triangulation,aux_vs_new,AMBNS,BOGMBASE,6,60,2009-08-01,2014-07-01,60,0.990161102737071,0.975654169984028,0.140682733857851,computed
MONETARY_BASE,triangulation,aux_vs_new,AMBNS,BOGMBASE,6,60,2009-09-01,2014-08-01,60,0.990527943881806,0.971444770995363,0.138641447133861,computed
MONETARY_BASE,triangulation,aux_vs_new,AMBNS,BOGMBASE,6,60,2009-10-01,2014-09-01,60,0.99049445473922,0.97659164293791,0.138253478662133,computed
MONETARY_BASE,triangulation,aux_vs_new,AMBNS,BOGMBASE,6,60,2009-11-01,2014-10-01,60,0.990440173065326,0.97874689363273,0.138496530351546,computed
MONETARY_BASE,triangulation,aux_vs_new,AMBNS,BOGMBASE,6,60,2009-12-01,2014-11-01,60,0.9911835771566,0.988847100033585,0.132564225028631,computed
MONETARY_BASE,triangulation,aux_vs_new,AMBNS,BOGMBASE,6,60,2010-01-01,2014-12-01,60,0.992047586638464,0.990795639109964,0.125870006772682,computed
MONETARY_BASE,triangulation,aux_vs_new,AMBNS,BOGMBASE,6,60,2010-02-01,2015-01-01,60,0.992190920528215,0.989316319909882,0.124770017854893,computed
MONETARY_BASE,triangulation,aux_vs_new,AMBNS,BOGMBASE,6,60,2010-03-01,2015-02-01,60,0.99204552760383,0.978412284180863,0.126635502715051,computed
MONETARY_BASE,triangulation,aux_vs_new,AMBNS,BOGMBASE,6,60,2010-04-01,2015-03-01,60,0.992387792360193,0.964823663292716,0.126366401593711,computed
MONETARY_BASE,triangulation,aux_vs_new,AMBNS,BOGMBASE,6,60,2010-05-01,2015-04-01,60,0.992408675831267,0.95186966654123,0.129575553685166,computed
MONETARY_BASE,triangulation,aux_vs_new,AMBNS,BOGMBASE,6,60,2010-06-01,2015-05-01,60,0.992673147041767,0.951107993742343,0.127781783071336,computed
MONETARY_BASE,triangulation,aux_vs_new,AMBNS,BOGMBASE,6,60,2010-07-01,2015-06-01,60,0.992274155379873,0.947308940299147,0.132014367538717,computed
MONETARY_BASE,triangulation,aux_vs_new,AMBNS,BOGMBASE,6,60,2010-08-01,2015-07-01,60,0.992167076841916,0.949233602424679,0.132090546197558,computed
MONETARY_BASE,triangulation,aux_vs_new,AMBNS,BOGMBASE,6,60,2010-09-01,2015-08-01,60,0.992037420799889,0.948123950053888,0.133387920985276,computed
MONETARY_BASE,triangulation,aux_vs_new,AMBNS,BOGMBASE,6,60,2010-10-01,2015-09-01,60,0.991845901617046,0.946434693281378,0.135292598295709,computed
MONETARY_BASE,triangulation,aux_vs_new,AMBNS,BOGMBASE,6,60,2010-11-01,2015-10-01,60,0.991787393834021,0.947075669041946,0.135515218037054,computed
MONETARY_BASE,triangulation,aux_vs_new,AMBNS,BOGMBASE,6,60,2010-12-01,2015-11-01,60,0.992123774801805,0.948696409236858,0.13261243824301,computed
MONETARY_BASE,triangulation,aux_vs_new,AMBNS,BOGMBASE,6,60,2011-01-01,2015-12-01,60,0.992192278289342,0.951608465108313,0.131168079268716,computed
MONETARY_BASE,triangulation,aux_vs_new,AMBNS,BOGMBASE,6,60,2011-02-01,2016-01-01,60,0.990499334075475,0.959951778607979,0.140931342293374,computed
MONETARY_BASE,triangulation,aux_vs_new,AMBNS,BOGMBASE,6,60,2011-03-01,2016-02-01,60,0.988520867869855,0.949388664916855,0.156081406578349,computed
MONETARY_BASE,triangulation,aux_vs_new,AMBNS,BOGMBASE,6,60,2011-04-01,2016-03-01,60,0.98832466529457,0.947367968232311,0.157773943009051,computed
MONETARY_BASE,triangulation,aux_vs_new,AMBNS,BOGMBASE,6,60,2011-05-01,2016-04-01,60,0.987608509107836,0.945590308287206,0.162473989093788,computed
MONETARY_BASE,triangulation,aux_vs_new,AMBNS,BOGMBASE,6,60,2011-06-01,2016-05-01,60,0.987255426637242,0.946004729312022,0.164403443661197,computed
MONETARY_BASE,triangulation,aux_vs_new,AMBNS,BOGMBASE,6,60,2011-07-01,2016-06-01,60,0.987290677150773,0.946031717877333,0.164193243915028,computed
MONETARY_BASE,triangulation,aux_vs_new,AMBNS,BOGMBASE,6,60,2011-08-01,2016-07-01,60,0.987216649912301,0.945630341766427,0.1647205557877,computed
MONETARY_BASE,triangulation,aux_vs_new,AMBNS,BOGMBASE,6,60,2011-09-01,2016-08-01,60,0.987195744232111,0.946555778413394,0.16461045159673,computed
MONETARY_BASE,triangulation,aux_vs_new,AMBNS,BOGMBASE,6,60,2011-10-01,2016-09-01,60,0.987588851182454,0.944921881546487,0.162757389074824,computed
MONETARY_BASE,triangulation,aux_vs_new,AMBNS,BOGMBASE,6,60,2011-11-01,2016-10-01,60,0.987556023801427,0.948160575229217,0.162131678188855,computed
MONETARY_BASE,triangulation,aux_vs_new,AMBNS,BOGMBASE,6,60,2011-12-01,2016-11-01,60,0.988769791991219,0.952712303339897,0.153752746629741,computed
MONETARY_BASE,triangulation,aux_vs_new,AMBNS,BOGMBASE,6,60,2012-01-01,2016-12-01,60,0.989149362148287,0.955205070980303,0.150786326799435,computed
MONETARY_BASE,triangulation,aux_vs_new,AMBNS,BOGMBASE,6,60,2012-02-01,2017-01-01,60,0.989039127350118,0.96190352073251,0.150136203753618,computed
MONETARY_BASE,triangulation,aux_vs_new,AMBNS,BOGMBASE,6,60,2012-03-01,2017-02-01,60,0.989122576895431,0.960911567050987,0.149779526459184,computed
MONETARY_BASE,triangulation,aux_vs_new,AMBNS,BOGMBASE,6,60,2012-04-01,2017-03-01,60,0.989009524289878,0.964208633894507,0.149923297714061,computed
MONETARY_BASE,triangulation,aux_vs_new,AMBNS,BOGMBASE,6,60,2012-05-01,2017-04-01,60,0.989534311004096,0.967912611727838,0.145912874135853,computed
MONETARY_BASE,triangulation,aux_vs_new,AMBNS,BOGMBASE,6,60,2012-06-01,2017-05-01,60,0.989907356902541,0.968625454952707,0.143321021458349,computed
MONETARY_BASE,triangulation,aux_vs_new,AMBNS,BOGMBASE,6,60,2012-07-01,2017-06-01,60,0.990160617284741,0.969597606984111,0.141438367519077,computed
MONETARY_BASE,triangulation,aux_vs_new,AMBNS,BOGMBASE,6,60,2012-08-01,2017-07-01,60,0.989597310034313,0.970518087948155,0.145158409588905,computed
MONETARY_BASE,triangulation,aux_vs_new,AMBNS,BOGMBASE,6,60,2012-09-01,2017-08-01,60,0.989512574642546,0.968701700613454,0.145955179679024,computed
MONETARY_BASE,triangulation,aux_vs_new,AMBNS,BOGMBASE,6,60,2012-10-01,2017-09-01,60,0.990005780828962,0.965465927656249,0.143157096425878,computed
MONETARY_BASE,triangulation,aux_vs_new,AMBNS,BOGMBASE,6,60,2012-11-01,2017-10-01,60,0.989735794786334,0.96426303411044,0.145166544613008,computed
MONETARY_BASE,triangulation,aux_vs_new,AMBNS,BOGMBASE,6,60,2012-12-01,2017-11-01,60,0.989840470442729,0.966164772665372,0.144141156212885,computed
MONETARY_BASE,triangulation,aux_vs_new,AMBNS,BOGMBASE,6,60,2013-01-01,2017-12-01,60,0.990030043127637,0.967771527460752,0.142610672882506,computed
MONETARY_BASE,triangulation,aux_vs_new,AMBNS,BOGMBASE,6,60,2013-02-01,2018-01-01,60,0.989834881242448,0.96848168334147,0.143823107121612,computed
MONETARY_BASE,triangulation,aux_vs_new,AMBNS,BOGMBASE,6,60,2013-03-01,2018-02-01,60,0.989841283700232,0.96723520721333,0.143966216631444,computed
MONETARY_BASE,triangulation,aux_vs_new,AMBNS,BOGMBASE,6,60,2013-04-01,2018-03-01,60,0.990166414485751,0.966945886812149,0.141823530798708,computed
MONETARY_BASE,triangulation,aux_vs_new,AMBNS,BOGMBASE,6,60,2013-05-01,2018-04-01,60,0.990321875074044,0.967510025342846,0.140653040122458,computed
MONETARY_BASE,triangulation,aux_vs_new,AMBNS,BOGMBASE,6,60,2013-06-01,2018-05-01,60,0.990325852884709,0.967309864729268,0.14066199967707,computed
MONETARY_BASE,triangulation,aux_vs_new,AMBNS,BOGMBASE,6,60,2013-07-01,2018-06-01,60,0.990336514842419,0.96712128340024,0.14062042455926,computed
MONETARY_BASE,triangulation,aux_vs_new,AMBNS,BOGMBASE,6,60,2013-08-01,2018-07-01,60,0.990376987483704,0.967169504937241,0.140338912929663,computed
MONETARY_BASE,triangulation,aux_vs_new,AMBNS,BOGMBASE,6,60,2013-09-01,2018-08-01,60,0.990474757592286,0.966891662030418,0.139702391475847,computed
MONETARY_BASE,triangulation,aux_vs_new,AMBNS,BOGMBASE,6,60,2013-10-01,2018-09-01,60,0.990485849101369,0.966750079947094,0.139651832155911,computed
MONETARY_BASE,triangulation,aux_vs_new,AMBNS,BOGMBASE,6,60,2013-11-01,2018-10-01,60,0.990365732954432,0.96679061940313,0.140476384001293,computed
MONETARY_BASE,triangulation,aux_vs_new,AMBNS,BOGMBASE,6,60,2013-12-01,2018-11-01,60,0.990328063017939,0.966698488686193,0.140743444711163,computed
MONETARY_BASE,triangulation,aux_vs_new,AMBNS,BOGMBASE,6,60,2014-01-01,2018-12-01,60,0.990287259760084,0.966612495771948,0.141038025157928,computed
MONETARY_BASE,triangulation,aux_vs_new,AMBNS,BOGMBASE,6,60,2014-02-01,2019-01-01,60,0.990209853344636,0.966809179767812,0.141545611298054,computed
MONETARY_BASE,triangulation,aux_vs_new,AMBNS,BOGMBASE,6,60,2014-03-01,2019-02-01,60,0.990106366070397,0.96445235159155,0.142650066897666,computed
MONETARY_BASE,triangulation,aux_vs_new,AMBNS,BOGMBASE,6,60,2014-04-01,2019-03-01,60,0.990119584115143,0.963984399632649,0.142642441907352,computed
MONETARY_BASE,triangulation,aux_vs_new,AMBNS,BOGMBASE,6,60,2014-05-01,2019-04-01,60,0.990371679571481,0.965545710015596,0.140644386016721,computed
MONETARY_BASE,triangulation,aux_vs_new,AMBNS,BOGMBASE,6,60,2014-06-01,2019-05-01,60,0.9903663138406,0.965672575843729,0.140659604820538,computed
MONETARY_BASE,triangulation,aux_vs_new,AMBNS,BOGMBASE,6,60,2014-07-01,2019-06-01,60,0.990363369649616,0.966700398444132,0.140500912522133,computed
MONETARY_BASE,triangulation,aux_vs_new,AMBNS,BOGMBASE,6,60,2014-08-01,2019-07-01,60,0.990417613677097,0.967133193329123,0.140057968051066,computed
MONETARY_BASE,triangulation,aux_vs_new,AMBNS,BOGMBASE,6,60,2014-09-01,2019-08-01,60,0.990521917481667,0.966422233604203,0.139456802070789,computed
MONETARY_BASE,triangulation,aux_vs_new,AMBNS,BOGMBASE,6,60,2014-10-01,2019-09-01,60,0.990512906066218,0.963658658687846,0.140033581840324,computed
MONETARY_BASE,triangulation,aux_vs_new,AMBNS,BOGMBASE,6,60,2014-11-01,2019-10-01,60,0.99071258763314,0.961457742243568,0.139094472385741,computed
MONETARY_BASE,triangulation,aux_vs_new,AMBNS,BOGMBASE,6,60,2014-12-01,2019-11-01,60,0.990659493862987,0.95929616486298,0.139919386968791,computed
MONETARY_BASE,triangulation,old_vs_new,AMBSL,BOGMBASE,6,60,1959-03-01,1964-02-01,60,0.326398467548095,3.93663927371063,3.73196148623167,computed
MONETARY_BASE,triangulation,old_vs_new,AMBSL,BOGMBASE,6,60,1959-04-01,1964-03-01,60,0.382669738553348,3.94842856726693,3.6835077052807,computed
MONETARY_BASE,triangulation,old_vs_new,AMBSL,BOGMBASE,6,60,1959-05-01,1964-04-01,60,0.370528489350336,3.9142538152932,3.66346664729769,computed
MONETARY_BASE,triangulation,old_vs_new,AMBSL,BOGMBASE,6,60,1959-06-01,1964-05-01,60,0.367514830019777,3.89863420973554,3.65154567730876,computed
MONETARY_BASE,triangulation,old_vs_new,AMBSL,BOGMBASE,6,60,1959-07-01,1964-06-01,60,0.381351575293026,3.91448249597108,3.65206824650076,computed
MONETARY_BASE,triangulation,old_vs_new,AMBSL,BOGMBASE,6,60,1959-08-01,1964-07-01,60,0.374012089987341,3.85294081105158,3.60043354889431,computed
MONETARY_BASE,triangulation,old_vs_new,AMBSL,BOGMBASE,6,60,1959-09-01,1964-08-01,60,0.35694333192819,3.7909501699874,3.55880689528915,computed
MONETARY_BASE,triangulation,old_vs_new,AMBSL,BOGMBASE,6,60,1959-10-01,1964-09-01,60,0.366885984002617,3.87666896653868,3.63097450861364,computed
MONETARY_BASE,triangulation,old_vs_new,AMBSL,BOGMBASE,6,60,1959-11-01,1964-10-01,60,0.368904142154186,3.83992041951459,3.59331064640464,computed
MONETARY_BASE,triangulation,old_vs_new,AMBSL,BOGMBASE,6,60,1959-12-01,1964-11-01,60,0.372745166686996,3.83752709167344,3.58688930515377,computed
MONETARY_BASE,triangulation,old_vs_new,AMBSL,BOGMBASE,6,60,1960-01-01,1964-12-01,60,0.359915663036316,3.83544256129855,3.59859219904783,computed
MONETARY_BASE,triangulation,old_vs_new,AMBSL,BOGMBASE,6,60,1960-02-01,1965-01-01,60,0.369622583896406,3.82420981428436,3.57742605817701,computed
MONETARY_BASE,triangulation,old_vs_new,AMBSL,BOGMBASE,6,60,1960-03-01,1965-02-01,60,0.360844245365328,3.88350901749807,3.64404991449413,computed
MONETARY_BASE,triangulation,old_vs_new,AMBSL,BOGMBASE,6,60,1960-04-01,1965-03-01,60,0.324254687376374,3.82373359459588,3.62508713984552,computed
MONETARY_BASE,triangulation,old_vs_new,AMBSL,BOGMBASE,6,60,1960-05-01,1965-04-01,60,0.321529627195956,3.82243743972264,3.62670296441215,computed
MONETARY_BASE,triangulation,old_vs_new,AMBSL,BOGMBASE,6,60,1960-06-01,1965-05-01,60,0.326120296707787,3.82355942020269,3.62294707569994,computed
MONETARY_BASE,triangulation,old_vs_new,AMBSL,BOGMBASE,6,60,1960-07-01,1965-06-01,60,0.339174652770775,3.81579794150201,3.6016498068334,computed
MONETARY_BASE,triangulation,old_vs_new,AMBSL,BOGMBASE,6,60,1960-08-01,1965-07-01,60,0.336835421829273,3.82609564724788,3.6140842335044,computed
MONETARY_BASE,triangulation,old_vs_new,AMBSL,BOGMBASE,6,60,1960-09-01,1965-08-01,60,0.331634163766477,3.82524691109449,3.61877940301581,computed
MONETARY_BASE,triangulation,old_vs_new,AMBSL,BOGMBASE,6,60,1960-10-01,1965-09-01,60,0.330303893443625,3.85419506336963,3.64895953343888,computed
MONETARY_BASE,triangulation,old_vs_new,AMBSL,BOGMBASE,6,60,1960-11-01,1965-10-01,60,0.339824165587388,3.75987676781246,3.54703136206733,computed
MONETARY_BASE,triangulation,old_vs_new,AMBSL,BOGMBASE,6,60,1960-12-01,1965-11-01,60,0.333912862454432,3.69072187063135,3.48667306892418,computed
MONETARY_BASE,triangulation,old_vs_new,AMBSL,BOGMBASE,6,60,1961-01-01,1965-12-01,60,0.329760967327637,3.71175888269655,3.51389211113822,computed
MONETARY_BASE,triangulation,old_vs_new,AMBSL,BOGMBASE,6,60,1961-02-01,1966-01-01,60,0.371941660618393,3.93542117241169,3.68248856318587,computed
MONETARY_BASE,triangulation,old_vs_new,AMBSL,BOGMBASE,6,60,1961-03-01,1966-02-01,60,0.368358924848881,3.92939118448178,3.6803889280342,computed
MONETARY_BASE,triangulation,old_vs_new,AMBSL,BOGMBASE,6,60,1961-04-01,1966-03-01,60,0.386957151225771,3.95797758191956,3.68819418866455,computed
MONETARY_BASE,triangulation,old_vs_new,AMBSL,BOGMBASE,6,60,1961-05-01,1966-04-01,60,0.391755306362789,3.95576869659091,3.68086408069395,computed
MONETARY_BASE,triangulation,old_vs_new,AMBSL,BOGMBASE,6,60,1961-06-01,1966-05-01,60,0.397991844168896,3.94933947613055,3.66794381661542,computed
MONETARY_BASE,triangulation,old_vs_new,AMBSL,BOGMBASE,6,60,1961-07-01,1966-06-01,60,0.382354979464148,3.97247803506423,3.70713871583895,computed
MONETARY_BASE,triangulation,old_vs_new,AMBSL,BOGMBASE,6,60,1961-08-01,1966-07-01,60,0.39085852277264,3.93973365938625,3.66635012117584,computed
MONETARY_BASE,triangulation,old_vs_new,AMBSL,BOGMBASE,6,60,1961-09-01,1966-08-01,60,0.456206884167785,3.93300722067957,3.58888143242668,computed
MONETARY_BASE,triangulation,old_vs_new,AMBSL,BOGMBASE,6,60,1961-10-01,1966-09-01,60,0.48535646074872,3.88906633266072,3.5142652285425,computed
MONETARY_BASE,triangulation,old_vs_new,AMBSL,BOGMBASE,6,60,1961-11-01,1966-10-01,60,0.490867415223858,3.85620752253224,3.47628688876985,computed
MONETARY_BASE,triangulation,old_vs_new,AMBSL,BOGMBASE,6,60,1961-12-01,1966-11-01,60,0.494232138682981,3.8422162830839,3.45904618532716,computed
MONETARY_BASE,triangulation,old_vs_new,AMBSL,BOGMBASE,6,60,1962-01-01,1966-12-01,60,0.496243677194153,3.87187787615132,3.48550357225555,computed
MONETARY_BASE,triangulation,old_vs_new,AMBSL,BOGMBASE,6,60,1962-02-01,1967-01-01,60,0.499394428846553,3.82143479226708,3.43327790070905,computed
MONETARY_BASE,triangulation,old_vs_new,AMBSL,BOGMBASE,6,60,1962-03-01,1967-02-01,60,0.500614028723884,3.85576122004617,3.4650512763803,computed
MONETARY_BASE,triangulation,old_vs_new,AMBSL,BOGMBASE,6,60,1962-04-01,1967-03-01,60,0.48746100319431,3.78970791536653,3.41616761875433,computed
MONETARY_BASE,triangulation,old_vs_new,AMBSL,BOGMBASE,6,60,1962-05-01,1967-04-01,60,0.442179514567926,3.53840964194965,3.22353014517027,computed
MONETARY_BASE,triangulation,old_vs_new,AMBSL,BOGMBASE,6,60,1962-06-01,1967-05-01,60,0.433154209973104,3.48583573846032,3.18297243591269,computed
MONETARY_BASE,triangulation,old_vs_new,AMBSL,BOGMBASE,6,60,1962-07-01,1967-06-01,60,0.438531533609433,3.48950037058318,3.18059866664272,computed
MONETARY_BASE,triangulation,old_vs_new,AMBSL,BOGMBASE,6,60,1962-08-01,1967-07-01,60,0.436840736468768,3.4890899376333,3.18206564364745,computed
MONETARY_BASE,triangulation,old_vs_new,AMBSL,BOGMBASE,6,60,1962-09-01,1967-08-01,60,0.438604168869338,3.50617729126267,3.19650525605804,computed
MONETARY_BASE,triangulation,old_vs_new,AMBSL,BOGMBASE,6,60,1962-10-01,1967-09-01,60,0.452551875697139,3.51392675155848,3.18862016322085,computed
MONETARY_BASE,triangulation,old_vs_new,AMBSL,BOGMBASE,6,60,1962-11-01,1967-10-01,60,0.452211444984744,3.57924200213373,3.25178815761282,computed
MONETARY_BASE,triangulation,old_vs_new,AMBSL,BOGMBASE,6,60,1962-12-01,1967-11-01,60,0.450532265628832,3.54639897021052,3.2227620878932,computed
MONETARY_BASE,triangulation,old_vs_new,AMBSL,BOGMBASE,6,60,1963-01-01,1967-12-01,60,0.465569296967261,3.44391710701209,3.10705923154515,computed
MONETARY_BASE,triangulation,old_vs_new,AMBSL,BOGMBASE,6,60,1963-02-01,1968-01-01,60,0.46011872442967,3.31998830065217,2.9948392376171,computed
MONETARY_BASE,triangulation,old_vs_new,AMBSL,BOGMBASE,6,60,1963-03-01,1968-02-01,60,0.460697638261448,3.33659235567445,3.00980897371668,computed
MONETARY_BASE,triangulation,old_vs_new,AMBSL,BOGMBASE,6,60,1963-04-01,1968-03-01,60,0.473305957946619,3.30343652741803,2.96406671128663,computed
MONETARY_BASE,triangulation,old_vs_new,AMBSL,BOGMBASE,6,60,1963-05-01,1968-04-01,60,0.466169829227195,3.28003287946913,2.9496771416117,computed
MONETARY_BASE,triangulation,old_vs_new,AMBSL,BOGMBASE,6,60,1963-06-01,1968-05-01,60,0.466844953959539,3.29094349002259,2.95932392299849,computed
MONETARY_BASE,triangulation,old_vs_new,AMBSL,BOGMBASE,6,60,1963-07-01,1968-06-01,60,0.485023739460022,3.28580648850431,2.93416556634158,computed
MONETARY_BASE,triangulation,old_vs_new,AMBSL,BOGMBASE,6,60,1963-08-01,1968-07-01,60,0.485557423731035,3.30874444203765,2.95546354267234,computed
MONETARY_BASE,triangulation,old_vs_new,AMBSL,BOGMBASE,6,60,1963-09-01,1968-08-01,60,0.454982141579913,3.33167497398154,3.01137689187367,computed
MONETARY_BASE,triangulation,old_vs_new,AMBSL,BOGMBASE,6,60,1963-10-01,1968-09-01,60,0.4479202569337,3.32638460174268,3.01419532877978,computed
MONETARY_BASE,triangulation,old_vs_new,AMBSL,BOGMBASE,6,60,1963-11-01,1968-10-01,60,0.450665926282453,3.35309376021894,3.03666003426168,computed
MONETARY_BASE,triangulation,old_vs_new,AMBSL,BOGMBASE,6,60,1963-12-01,1968-11-01,60,0.445581550975119,3.34830533124677,3.03765665080267,computed
MONETARY_BASE,triangulation,old_vs_new,AMBSL,BOGMBASE,6,60,1964-01-01,1968-12-01,60,0.435151262831238,3.41807166992901,3.11590567368359,computed
MONETARY_BASE,triangulation,old_vs_new,AMBSL,BOGMBASE,6,60,1964-02-01,1969-01-01,60,0.328738759261747,3.56556306511965,3.37190172364528,computed
MONETARY_BASE,triangulation,old_vs_new,AMBSL,BOGMBASE,6,60,1964-03-01,1969-02-01,60,0.336047205664694,3.58103734477155,3.37891391382929,computed
MONETARY_BASE,triangulation,old_vs_new,AMBSL,BOGMBASE,6,60,1964-04-01,1969-03-01,60,0.29088017187209,3.57641519802552,3.42204026755683,computed
MONETARY_BASE,triangulation,old_vs_new,AMBSL,BOGMBASE,6,60,1964-05-01,1969-04-01,60,0.286436149586331,3.63774458938284,3.48573217639832,computed
MONETARY_BASE,triangulation,old_vs_new,AMBSL,BOGMBASE,6,60,1964-06-01,1969-05-01,60,0.292685793506879,3.48012774690347,3.3279846757965,computed
MONETARY_BASE,triangulation,old_vs_new,AMBSL,BOGMBASE,6,60,1964-07-01,1969-06-01,60,0.305879186183439,3.45680146581806,3.29173361145997,computed
MONETARY_BASE,triangulation,old_vs_new,AMBSL,BOGMBASE,6,60,1964-08-01,1969-07-01,60,0.296980373357484,3.43860413096241,3.28354249248353,computed
MONETARY_BASE,triangulation,old_vs_new,AMBSL,BOGMBASE,6,60,1964-09-01,1969-08-01,60,0.285172044912223,3.16670035019931,3.03675707592324,computed
MONETARY_BASE,triangulation,old_vs_new,AMBSL,BOGMBASE,6,60,1964-10-01,1969-09-01,60,0.281027720771417,3.06641867505651,2.94615494255904,computed
MONETARY_BASE,triangulation,old_vs_new,AMBSL,BOGMBASE,6,60,1964-11-01,1969-10-01,60,0.282883047724151,3.09214612240862,2.96850987532912,computed
MONETARY_BASE,triangulation,old_vs_new,AMBSL,BOGMBASE,6,60,1964-12-01,1969-11-01,60,0.290200534477265,3.06681809286886,2.93691723560666,computed
MONETARY_BASE,triangulation,old_vs_new,AMBSL,BOGMBASE,6,60,1965-01-01,1969-12-01,60,0.290888659437153,3.0103853288592,2.88288863044577,computed
MONETARY_BASE,triangulation,old_vs_new,AMBSL,BOGMBASE,6,60,1965-02-01,1970-01-01,60,0.301626326298763,2.95984883322799,2.8241599734879,computed
MONETARY_BASE,triangulation,old_vs_new,AMBSL,BOGMBASE,6,60,1965-03-01,1970-02-01,60,0.300853623969298,2.99809364683676,2.86088528553158,computed
MONETARY_BASE,triangulation,old_vs_new,AMBSL,BOGMBASE,6,60,1965-04-01,1970-03-01,60,0.308601515911579,3.02965033599766,2.88251216875866,computed
MONETARY_BASE,triangulation,old_vs_new,AMBSL,BOGMBASE,6,60,1965-05-01,1970-04-01,60,0.329114028923496,2.97977052741225,2.81384140146197,computed
MONETARY_BASE,triangulation,old_vs_new,AMBSL,BOGMBASE,6,60,1965-06-01,1970-05-01,60,0.332787865620652,2.98564169239614,2.81548177757287,computed
MONETARY_BASE,triangulation,old_vs_new,AMBSL,BOGMBASE,6,60,1965-07-01,1970-06-01,60,0.325592397422717,2.97455670760332,2.81275912197946,computed
MONETARY_BASE,triangulation,old_vs_new,AMBSL,BOGMBASE,6,60,1965-08-01,1970-07-01,60,0.328348632330923,2.99355445960376,2.82766673662949,computed
MONETARY_BASE,triangulation,old_vs_new,AMBSL,BOGMBASE,6,60,1965-09-01,1970-08-01,60,0.322832611347033,2.9775053116843,2.81839658034396,computed
MONETARY_BASE,triangulation,old_vs_new,AMBSL,BOGMBASE,6,60,1965-10-01,1970-09-01,60,0.330433023930203,2.95034166148864,2.7848491448375,computed
MONETARY_BASE,triangulation,old_vs_new,AMBSL,BOGMBASE,6,60,1965-11-01,1970-10-01,60,0.338187208719757,2.94806914729881,2.77443215011259,computed
MONETARY_BASE,triangulation,old_vs_new,AMBSL,BOGMBASE,6,60,1965-12-01,1970-11-01,60,0.338283073099417,3.00411466648707,2.82706398541636,computed
MONETARY_BASE,triangulation,old_vs_new,AMBSL,BOGMBASE,6,60,1966-01-01,1970-12-01,60,0.333720014182534,2.97555922314301,2.80505217149259,computed
MONETARY_BASE,triangulation,old_vs_new,AMBSL,BOGMBASE,6,60,1966-02-01,1971-01-01,60,0.307485618064719,2.84688931677545,2.71206030450527,computed
MONETARY_BASE,triangulation,old_vs_new,AMBSL,BOGMBASE,6,60,1966-03-01,1971-02-01,60,0.296677152614089,2.8597274972698,2.73518070673948,computed
MONETARY_BASE,triangulation,old_vs_new,AMBSL,BOGMBASE,6,60,1966-04-01,1971-03-01,60,0.29017619150502,2.82732534961804,2.7116311824595,computed
MONETARY_BASE,triangulation,old_vs_new,AMBSL,BOGMBASE,6,60,1966-05-01,1971-04-01,60,0.277050202634089,2.82809985436279,2.72602111246171,computed
MONETARY_BASE,triangulation,old_vs_new,AMBSL,BOGMBASE,6,60,1966-06-01,1971-05-01,60,0.266005045436086,2.77812525453976,2.69075145291424,computed
MONETARY_BASE,triangulation,old_vs_new,AMBSL,BOGMBASE,6,60,1966-07-01,1971-06-01,60,0.276890066839426,2.75793286810905,2.6607534729056,computed
MONETARY_BASE,triangulation,old_vs_new,AMBSL,BOGMBASE,6,60,1966-08-01,1971-07-01,60,0.271772994127238,2.79497369785061,2.70050922960796,computed
MONETARY_BASE,triangulation,old_vs_new,AMBSL,BOGMBASE,6,60,1966-09-01,1971-08-01,60,0.225857917194129,2.84307602624174,2.79264034316121,computed
MONETARY_BASE,triangulation,old_vs_new,AMBSL,BOGMBASE,6,60,1966-10-01,1971-09-01,60,0.189234601099452,2.83768281556664,2.8250027145548,computed
MONETARY_BASE,triangulation,old_vs_new,AMBSL,BOGMBASE,6,60,1966-11-01,1971-10-01,60,0.171278413925745,2.79967118534136,2.80697692814998,computed
MONETARY_BASE,triangulation,old_vs_new,AMBSL,BOGMBASE,6,60,1966-12-01,1971-11-01,60,0.177140509455127,2.78850667091584,2.79067557807532,computed
MONETARY_BASE,triangulation,old_vs_new,AMBSL,BOGMBASE,6,60,1967-01-01,1971-12-01,60,0.16555331795501,2.73350181494009,2.75082346199416,computed
MONETARY_BASE,triangulation,old_vs_new,AMBSL,BOGMBASE,6,60,1967-02-01,1972-01-01,60,0.161180126544247,2.5615922367995,2.59568916431313,computed
MONETARY_BASE,triangulation,old_vs_new,AMBSL,BOGMBASE,6,60,1967-03-01,1972-02-01,60,0.12831479240675,2.6147667525858,2.67732089029869,computed
MONETARY_BASE,triangulation,old_vs_new,AMBSL,BOGMBASE,6,60,1967-04-01,1972-03-01,60,0.0407544895457087,2.61797321113194,2.76493347714,computed
MONETARY_BASE,triangulation,old_vs_new,AMBSL,BOGMBASE,6,60,1967-05-01,1972-04-01,60,0.0655853973364112,2.76644312252155,2.87943327016683,computed
MONETARY_BASE,triangulation,old_vs_new,AMBSL,BOGMBASE,6,60,1967-06-01,1972-05-01,60,0.0681561535512833,2.81818952796422,2.92548416250298,computed
MONETARY_BASE,triangulation,old_vs_new,AMBSL,BOGMBASE,6,60,1967-07-01,1972-06-01,60,0.0611188068690536,2.79939755585949,2.91468783023807,computed
MONETARY_BASE,triangulation,old_vs_new,AMBSL,BOGMBASE,6,60,1967-08-01,1972-07-01,60,0.0522581782725399,2.80786873574261,2.93098359750566,computed
MONETARY_BASE,triangulation,old_vs_new,AMBSL,BOGMBASE,6,60,1967-09-01,1972-08-01,60,0.0326751103885719,2.79693895995925,2.93941701074847,computed
MONETARY_BASE,triangulation,old_vs_new,AMBSL,BOGMBASE,6,60,1967-10-01,1972-09-01,60,0.0157918947198981,2.77872745552426,2.93833178689956,computed
MONETARY_BASE,triangulation,old_vs_new,AMBSL,BOGMBASE,6,60,1967-11-01,1972-10-01,60,0.0511000744247954,2.74394865638882,2.87208341806002,computed
MONETARY_BASE,triangulation,old_vs_new,AMBSL,BOGMBASE,6,60,1967-12-01,1972-11-01,60,0.0835811284733633,2.84538653388781,2.93768123879964,computed
MONETARY_BASE,triangulation,old_vs_new,AMBSL,BOGMBASE,6,60,1968-01-01,1972-12-01,60,0.0873459882208622,2.90654973915903,2.99054805364907,computed
MONETARY_BASE,triangulation,old_vs_new,AMBSL,BOGMBASE,6,60,1968-02-01,1973-01-01,60,0.081319490977449,2.80008091357312,2.89570233838277,computed
MONETARY_BASE,triangulation,old_vs_new,AMBSL,BOGMBASE,6,60,1968-03-01,1973-02-01,60,0.131071706302306,2.77941947511339,2.82801190584141,computed
MONETARY_BASE,triangulation,old_vs_new,AMBSL,BOGMBASE,6,60,1968-04-01,1973-03-01,60,0.173926014661952,2.81348897531685,2.81727734164145,computed
MONETARY_BASE,triangulation,old_vs_new,AMBSL,BOGMBASE,6,60,1968-05-01,1973-04-01,60,0.165869375480245,2.81813525811723,2.82976902162115,computed
MONETARY_BASE,triangulation,old_vs_new,AMBSL,BOGMBASE,6,60,1968-06-01,1973-05-01,60,0.176453092737372,2.82204903698966,2.82281305929789,computed
MONETARY_BASE,triangulation,old_vs_new,AMBSL,BOGMBASE,6,60,1968-07-01,1973-06-01,60,0.163464222750231,2.82498140068375,2.8385032356229,computed
MONETARY_BASE,triangulation,old_vs_new,AMBSL,BOGMBASE,6,60,1968-08-01,1973-07-01,60,0.197304172071067,2.77811359873829,2.76073332043056,computed
MONETARY_BASE,triangulation,old_vs_new,AMBSL,BOGMBASE,6,60,1968-09-01,1973-08-01,60,0.262750176043635,2.64274994229845,2.56821442127532,computed
MONETARY_BASE,triangulation,old_vs_new,AMBSL,BOGMBASE,6,60,1968-10-01,1973-09-01,60,0.263134689486452,2.62954355485505,2.55553186517873,computed
MONETARY_BASE,triangulation,old_vs_new,AMBSL,BOGMBASE,6,60,1968-11-01,1973-10-01,60,0.265364443359623,2.62318536399577,2.54733464241084,computed
MONETARY_BASE,triangulation,old_vs_new,AMBSL,BOGMBASE,6,60,1968-12-01,1973-11-01,60,0.270237965445893,2.60755474747262,2.52785509751119,computed
MONETARY_BASE,triangulation,old_vs_new,AMBSL,BOGMBASE,6,60,1969-01-01,1973-12-01,60,0.279957255199023,2.60988946602045,2.51997222615135,computed
MONETARY_BASE,triangulation,old_vs_new,AMBSL,BOGMBASE,6,60,1969-02-01,1974-01-01,60,0.264918719406769,2.55394082995507,2.48384286554007,computed
MONETARY_BASE,triangulation,old_vs_new,AMBSL,BOGMBASE,6,60,1969-03-01,1974-02-01,60,0.260951754669432,2.58559938996781,2.51722033693485,computed
MONETARY_BASE,triangulation,old_vs_new,AMBSL,BOGMBASE,6,60,1969-04-01,1974-03-01,60,0.237146811784993,2.60932556703392,2.56345177909576,computed
MONETARY_BASE,triangulation,old_vs_new,AMBSL,BOGMBASE,6,60,1969-05-01,1974-04-01,60,0.272440467794632,2.56203094064234,2.48354623766446,computed
MONETARY_BASE,triangulation,old_vs_new,AMBSL,BOGMBASE,6,60,1969-06-01,1974-05-01,60,0.279195678671902,2.59798677399387,2.50976718104353,computed
MONETARY_BASE,triangulation,old_vs_new,AMBSL,BOGMBASE,6,60,1969-07-01,1974-06-01,60,0.265494758673769,2.59979833778008,2.52558557185467,computed
MONETARY_BASE,triangulation,old_vs_new,AMBSL,BOGMBASE,6,60,1969-08-01,1974-07-01,60,0.272518283938798,2.63697896987662,2.55273112097588,computed
MONETARY_BASE,triangulation,old_vs_new,AMBSL,BOGMBASE,6,60,1969-09-01,1974-08-01,60,0.307700532803794,2.79937898669292,2.66718287853638,computed
MONETARY_BASE,triangulation,old_vs_new,AMBSL,BOGMBASE,6,60,1969-10-01,1974-09-01,60,0.313342295144255,2.83351413431455,2.6931815628788,computed
MONETARY_BASE,triangulation,old_vs_new,AMBSL,BOGMBASE,6,60,1969-11-01,1974-10-01,60,0.309370122382503,2.82431848428549,2.68887709222954,computed
MONETARY_BASE,triangulation,old_vs_new,AMBSL,BOGMBASE,6,60,1969-12-01,1974-11-01,60,0.301546916213748,2.84871061005864,2.71980284428033,computed
MONETARY_BASE,triangulation,old_vs_new,AMBSL,BOGMBASE,6,60,1970-01-01,1974-12-01,60,0.308362061381003,2.88919817242019,2.75070940397976,computed
MONETARY_BASE,triangulation,old_vs_new,AMBSL,BOGMBASE,6,60,1970-02-01,1975-01-01,60,0.388709521333736,2.66826170784755,2.45876453448835,computed
MONETARY_BASE,triangulation,old_vs_new,AMBSL,BOGMBASE,6,60,1970-03-01,1975-02-01,60,0.301223328422874,2.44928861865836,2.35059779755664,computed
MONETARY_BASE,triangulation,old_vs_new,AMBSL,BOGMBASE,6,60,1970-04-01,1975-03-01,60,0.265242721631355,2.45614812806111,2.39370146513724,computed
MONETARY_BASE,triangulation,old_vs_new,AMBSL,BOGMBASE,6,60,1970-05-01,1975-04-01,60,0.239209713924721,2.47369744066292,2.43636041036418,computed
MONETARY_BASE,triangulation,old_vs_new,AMBSL,BOGMBASE,6,60,1970-06-01,1975-05-01,60,0.239639451839519,2.47038740272459,2.43291042789661,computed
MONETARY_BASE,triangulation,old_vs_new,AMBSL,BOGMBASE,6,60,1970-07-01,1975-06-01,60,0.266384568999171,2.20196993672514,2.16238331811839,computed
MONETARY_BASE,triangulation,old_vs_new,AMBSL,BOGMBASE,6,60,1970-08-01,1975-07-01,60,0.2492295318707,1.93943383135456,1.94802089178597,computed
MONETARY_BASE,triangulation,old_vs_new,AMBSL,BOGMBASE,6,60,1970-09-01,1975-08-01,60,0.229436627607066,1.92643967122237,1.95633830438448,computed
MONETARY_BASE,triangulation,old_vs_new,AMBSL,BOGMBASE,6,60,1970-10-01,1975-09-01,60,0.22858089450935,1.92920706302131,1.95956401103877,computed
MONETARY_BASE,triangulation,old_vs_new,AMBSL,BOGMBASE,6,60,1970-11-01,1975-10-01,60,0.218697736162535,1.92897350452704,1.96918388481363,computed
MONETARY_BASE,triangulation,old_vs_new,AMBSL,BOGMBASE,6,60,1970-12-01,1975-11-01,60,0.231056465938868,1.90116500509329,1.93284832916504,computed
MONETARY_BASE,triangulation,old_vs_new,AMBSL,BOGMBASE,6,60,1971-01-01,1975-12-01,60,0.222878735631634,1.89607966389901,1.93647291398628,computed
MONETARY_BASE,triangulation,old_vs_new,AMBSL,BOGMBASE,6,60,1971-02-01,1976-01-01,60,0.272578059489796,1.9124136337549,1.90125929803225,computed
MONETARY_BASE,triangulation,old_vs_new,AMBSL,BOGMBASE,6,60,1971-03-01,1976-02-01,60,0.263276623161523,1.81248059743347,1.82509747953996,computed
MONETARY_BASE,triangulation,old_vs_new,AMBSL,BOGMBASE,6,60,1971-04-01,1976-03-01,60,0.257160375345158,1.83647454635586,1.85151487470153,computed
MONETARY_BASE,triangulation,old_vs_new,AMBSL,BOGMBASE,6,60,1971-05-01,1976-04-01,60,0.253631084558223,1.83894879157647,1.85715286795003,computed
MONETARY_BASE,triangulation,old_vs_new,AMBSL,BOGMBASE,6,60,1971-06-01,1976-05-01,60,0.255048441628206,1.86146374751051,1.87497454535434,computed
MONETARY_BASE,triangulation,old_vs_new,AMBSL,BOGMBASE,6,60,1971-07-01,1976-06-01,60,0.253712823014194,1.86457194285671,1.87896192762909,computed
MONETARY_BASE,triangulation,old_vs_new,AMBSL,BOGMBASE,6,60,1971-08-01,1976-07-01,60,0.245604725163559,1.84905415304103,1.8736999506991,computed
MONETARY_BASE,triangulation,old_vs_new,AMBSL,BOGMBASE,6,60,1971-09-01,1976-08-01,60,0.219305759701104,1.81875639361122,1.8735520754762,computed
MONETARY_BASE,triangulation,old_vs_new,AMBSL,BOGMBASE,6,60,1971-10-01,1976-09-01,60,0.215612863853818,1.81214037580376,1.87147317683828,computed
MONETARY_BASE,triangulation,old_vs_new,AMBSL,BOGMBASE,6,60,1971-11-01,1976-10-01,60,0.216905393848555,1.82873117585062,1.8843982081515,computed
MONETARY_BASE,triangulation,old_vs_new,AMBSL,BOGMBASE,6,60,1971-12-01,1976-11-01,60,0.216609081965516,1.82971454702593,1.88552948113954,computed
MONETARY_BASE,triangulation,old_vs_new,AMBSL,BOGMBASE,6,60,1972-01-01,1976-12-01,60,0.217827950607607,1.82046133322104,1.8764300817026,computed
MONETARY_BASE,triangulation,old_vs_new,AMBSL,BOGMBASE,6,60,1972-02-01,1977-01-01,60,0.199864347290556,1.85494531011959,1.92354956846515,computed
MONETARY_BASE,triangulation,old_vs_new,AMBSL,BOGMBASE,6,60,1972-03-01,1977-02-01,60,0.222804255030155,1.83511943368029,1.88414203176317,computed
MONETARY_BASE,triangulation,old_vs_new,AMBSL,BOGMBASE,6,60,1972-04-01,1977-03-01,60,0.274743702841994,1.86655430982128,1.85971416816556,computed
MONETARY_BASE,triangulation,old_vs_new,AMBSL,BOGMBASE,6,60,1972-05-01,1977-04-01,60,0.268605802873499,1.87102117968471,1.86964935291603,computed
MONETARY_BASE,triangulation,old_vs_new,AMBSL,BOGMBASE,6,60,1972-06-01,1977-05-01,60,0.273227243127083,1.87895189543128,1.87182695716484,computed
MONETARY_BASE,triangulation,old_vs_new,AMBSL,BOGMBASE,6,60,1972-07-01,1977-06-01,60,0.275233964061125,1.8804321971926,1.87109519505724,computed
MONETARY_BASE,triangulation,old_vs_new,AMBSL,BOGMBASE,6,60,1972-08-01,1977-07-01,60,0.289882033795271,1.87879983278709,1.85489399668162,computed
MONETARY_BASE,triangulation,old_vs_new,AMBSL,BOGMBASE,6,60,1972-09-01,1977-08-01,60,0.308408512196166,1.88686430966356,1.84293801906562,computed
MONETARY_BASE,triangulation,old_vs_new,AMBSL,BOGMBASE,6,60,1972-10-01,1977-09-01,60,0.309144949523379,1.8889860273646,1.84399762830916,computed
MONETARY_BASE,triangulation,old_vs_new,AMBSL,BOGMBASE,6,60,1972-11-01,1977-10-01,60,0.303697393431878,1.89019733345053,1.85060973124306,computed
MONETARY_BASE,triangulation,old_vs_new,AMBSL,BOGMBASE,6,60,1972-12-01,1977-11-01,60,0.293080182384394,1.83968252351683,1.81942464612043,computed
MONETARY_BASE,triangulation,old_vs_new,AMBSL,BOGMBASE,6,60,1973-01-01,1977-12-01,60,0.296653072609679,1.79616861702056,1.77785374960699,computed
MONETARY_BASE,triangulation,old_vs_new,AMBSL,BOGMBASE,6,60,1973-02-01,1978-01-01,60,0.305945427569751,1.81926098371606,1.78789785789401,computed
MONETARY_BASE,triangulation,old_vs_new,AMBSL,BOGMBASE,6,60,1973-03-01,1978-02-01,60,0.27555133431258,1.81865039198485,1.81803625516532,computed
MONETARY_BASE,triangulation,old_vs_new,AMBSL,BOGMBASE,6,60,1973-04-01,1978-03-01,60,0.229683472521439,1.78063128502399,1.83103550430956,computed
MONETARY_BASE,triangulation,old_vs_new,AMBSL,BOGMBASE,6,60,1973-05-01,1978-04-01,60,0.243260048689175,1.79329706227021,1.82850789457924,computed
MONETARY_BASE,triangulation,old_vs_new,AMBSL,BOGMBASE,6,60,1973-06-01,1978-05-01,60,0.233251397741258,1.78760609282342,1.83348436905528,computed
MONETARY_BASE,triangulation,old_vs_new,AMBSL,BOGMBASE,6,60,1973-07-01,1978-06-01,60,0.232629973940601,1.78769322552621,1.83414967521097,computed
MONETARY_BASE,triangulation,old_vs_new,AMBSL,BOGMBASE,6,60,1973-08-01,1978-07-01,60,0.212211246942273,1.79293970402556,1.85840960757444,computed
MONETARY_BASE,triangulation,old_vs_new,AMBSL,BOGMBASE,6,60,1973-09-01,1978-08-01,60,0.187748749918392,1.84225783298796,1.92419261344003,computed
MONETARY_BASE,triangulation,old_vs_new,AMBSL,BOGMBASE,6,60,1973-10-01,1978-09-01,60,0.196192966879928,1.85147883697357,1.9239233606231,computed
MONETARY_BASE,triangulation,old_vs_new,AMBSL,BOGMBASE,6,60,1973-11-01,1978-10-01,60,0.192828200192804,1.84511041722647,1.92170939254793,computed
MONETARY_BASE,triangulation,old_vs_new,AMBSL,BOGMBASE,6,60,1973-12-01,1978-11-01,60,0.177953297044177,1.8595080353973,1.94858931818972,computed
MONETARY_BASE,triangulation,old_vs_new,AMBSL,BOGMBASE,6,60,1974-01-01,1978-12-01,60,0.171601422754323,1.85449590290496,1.95030497381838,computed
MONETARY_BASE,triangulation,old_vs_new,AMBSL,BOGMBASE,6,60,1974-02-01,1979-01-01,60,0.161023492862026,1.93340361055016,2.02865443208969,computed
MONETARY_BASE,triangulation,old_vs_new,AMBSL,BOGMBASE,6,60,1974-03-01,1979-02-01,60,0.170885716511995,1.9279358249426,2.01445436678572,computed
MONETARY_BASE,triangulation,old_vs_new,AMBSL,BOGMBASE,6,60,1974-04-01,1979-03-01,60,0.200909692201672,1.95569347269559,2.00970380359578,computed
MONETARY_BASE,triangulation,old_vs_new,AMBSL,BOGMBASE,6,60,1974-05-01,1979-04-01,60,0.179836788194842,1.96553831870534,2.0387223419411,computed
MONETARY_BASE,triangulation,old_vs_new,AMBSL,BOGMBASE,6,60,1974-06-01,1979-05-01,60,0.17383797443289,1.98535283760755,2.06197359747165,computed
MONETARY_BASE,triangulation,old_vs_new,AMBSL,BOGMBASE,6,60,1974-07-01,1979-06-01,60,0.178293872453751,1.98916591511061,2.06094047521455,computed
MONETARY_BASE,triangulation,old_vs_new,AMBSL,BOGMBASE,6,60,1974-08-01,1979-07-01,60,0.177606864503239,1.98795187573989,2.06053513732465,computed
MONETARY_BASE,triangulation,old_vs_new,AMBSL,BOGMBASE,6,60,1974-09-01,1979-08-01,60,0.167699138497308,1.98402403540657,2.06661924643531,computed
MONETARY_BASE,triangulation,old_vs_new,AMBSL,BOGMBASE,6,60,1974-10-01,1979-09-01,60,0.165114622200287,1.99055557391126,2.07487107393511,computed
MONETARY_BASE,triangulation,old_vs_new,AMBSL,BOGMBASE,6,60,1974-11-01,1979-10-01,60,0.167933849089235,1.9921507867713,2.07358721807447,computed
MONETARY_BASE,triangulation,old_vs_new,AMBSL,BOGMBASE,6,60,1974-12-01,1979-11-01,60,0.16249763539054,1.96690143254176,2.05666714216997,computed
MONETARY_BASE,triangulation,old_vs_new,AMBSL,BOGMBASE,6,60,1975-01-01,1979-12-01,60,0.163093464722605,1.96105239165022,2.05090874090757,computed
MONETARY_BASE,triangulation,old_vs_new,AMBSL,BOGMBASE,6,60,1975-02-01,1980-01-01,60,0.10544674224906,2.03665355564024,2.17226482893981,computed
MONETARY_BASE,triangulation,old_vs_new,AMBSL,BOGMBASE,6,60,1975-03-01,1980-02-01,60,0.151112739652395,2.13670600204657,2.21825091147838,computed
MONETARY_BASE,triangulation,old_vs_new,AMBSL,BOGMBASE,6,60,1975-04-01,1980-03-01,60,0.182143089559109,2.1420959764335,2.1927859732062,computed
MONETARY_BASE,triangulation,old_vs_new,AMBSL,BOGMBASE,6,60,1975-05-01,1980-04-01,60,0.168694194679793,2.130410074369,2.19558462571486,computed
MONETARY_BASE,triangulation,old_vs_new,AMBSL,BOGMBASE,6,60,1975-06-01,1980-05-01,60,0.151834893044549,2.16205047659965,2.24012372370806,computed
MONETARY_BASE,triangulation,old_vs_new,AMBSL,BOGMBASE,6,60,1975-07-01,1980-06-01,60,0.119661428560501,2.38437690998287,2.47283216795269,computed
MONETARY_BASE,triangulation,old_vs_new,AMBSL,BOGMBASE,6,60,1975-08-01,1980-07-01,60,0.123708455693355,2.83451773133935,2.88724027944216,computed
MONETARY_BASE,triangulation,old_vs_new,AMBSL,BOGMBASE,6,60,1975-09-01,1980-08-01,60,0.145844491669518,2.89611832114245,2.92311986167819,computed
MONETARY_BASE,triangulation,old_vs_new,AMBSL,BOGMBASE,6,60,1975-10-01,1980-09-01,60,0.135125040839127,2.92837353526767,2.96379170538837,computed
MONETARY_BASE,triangulation,old_vs_new,AMBSL,BOGMBASE,6,60,1975-11-01,1980-10-01,60,0.140693183650348,2.95253761011824,2.98106474653514,computed
MONETARY_BASE,triangulation,old_vs_new,AMBSL,BOGMBASE,6,60,1975-12-01,1980-11-01,60,0.125031069089905,3.02122144973484,3.06151346796262,computed
MONETARY_BASE,triangulation,old_vs_new,AMBSL,BOGMBASE,6,60,1976-01-01,1980-12-01,60,0.11725031155416,2.87133405858844,2.92767049069388,computed
MONETARY_BASE,triangulation,old_vs_new,AMBSL,BOGMBASE,6,60,1976-02-01,1981-01-01,60,0.046089632045226,2.96444094137998,3.08462074172974,computed
MONETARY_BASE,triangulation,old_vs_new,AMBSL,BOGMBASE,6,60,1976-03-01,1981-02-01,60,0.0571221134877739,3.0105530363241,3.11761133496117,computed
MONETARY_BASE,triangulation,old_vs_new,AMBSL,BOGMBASE,6,60,1976-04-01,1981-03-01,60,0.045723317052477,2.99258030370227,3.11157534612591,computed
MONETARY_BASE,triangulation,old_vs_new,AMBSL,BOGMBASE,6,60,1976-05-01,1981-04-01,60,0.0659481881332655,2.99227696107368,3.09180157836289,computed
MONETARY_BASE,triangulation,old_vs_new,AMBSL,BOGMBASE,6,60,1976-06-01,1981-05-01,60,0.0817789547740836,2.94740263641728,3.03400050122104,computed
MONETARY_BASE,triangulation,old_vs_new,AMBSL,BOGMBASE,6,60,1976-07-01,1981-06-01,60,0.0811018454961728,2.93721522622077,3.02504713987018,computed
MONETARY_BASE,triangulation,old_vs_new,AMBSL,BOGMBASE,6,60,1976-08-01,1981-07-01,60,0.103796385004315,2.92166884397835,2.98830098163508,computed
MONETARY_BASE,triangulation,old_vs_new,AMBSL,BOGMBASE,6,60,1976-09-01,1981-08-01,60,0.14644824115,2.97558026691306,2.99717658116737,computed
MONETARY_BASE,triangulation,old_vs_new,AMBSL,BOGMBASE,6,60,1976-10-01,1981-09-01,60,0.152185683484672,3.01148817716214,3.02547906106814,computed
MONETARY_BASE,triangulation,old_vs_new,AMBSL,BOGMBASE,6,60,1976-11-01,1981-10-01,60,0.142928027079682,3.01235469303627,3.03534477272569,computed
MONETARY_BASE,triangulation,old_vs_new,AMBSL,BOGMBASE,6,60,1976-12-01,1981-11-01,60,0.156505355705509,2.98876713851139,2.99953544402812,computed
MONETARY_BASE,triangulation,old_vs_new,AMBSL,BOGMBASE,6,60,1977-01-01,1981-12-01,60,0.165731466899338,3.04294228255764,3.04153544943662,computed
MONETARY_BASE,triangulation,old_vs_new,AMBSL,BOGMBASE,6,60,1977-02-01,1982-01-01,60,0.23137208128491,3.11034134592579,3.0389228136111,computed
MONETARY_BASE,triangulation,old_vs_new,AMBSL,BOGMBASE,6,60,1977-03-01,1982-02-01,60,0.214378160228404,3.12921900667907,3.07414134457651,computed
MONETARY_BASE,triangulation,old_vs_new,AMBSL,BOGMBASE,6,60,1977-04-01,1982-03-01,60,0.173097957452828,3.02950655998379,3.02162367147713,computed
MONETARY_BASE,triangulation,old_vs_new,AMBSL,BOGMBASE,6,60,1977-05-01,1982-04-01,60,0.22001955290298,3.02545769447172,2.97021214947316,computed
MONETARY_BASE,triangulation,old_vs_new,AMBSL,BOGMBASE,6,60,1977-06-01,1982-05-01,60,0.213476051406817,3.01862739971333,2.97040952646896,computed
MONETARY_BASE,triangulation,old_vs_new,AMBSL,BOGMBASE,6,60,1977-07-01,1982-06-01,60,0.211150115320088,3.01800974229453,2.97221120120355,computed
MONETARY_BASE,triangulation,old_vs_new,AMBSL,BOGMBASE,6,60,1977-08-01,1982-07-01,60,0.194355215239385,3.03637261428714,3.00655433388222,computed
MONETARY_BASE,triangulation,old_vs_new,AMBSL,BOGMBASE,6,60,1977-09-01,1982-08-01,60,0.165590860792484,3.00647063796911,3.00719473080857,computed
MONETARY_BASE,triangulation,old_vs_new,AMBSL,BOGMBASE,6,60,1977-10-01,1982-09-01,60,0.163688553297178,3.01998316691863,3.02209960740343,computed
MONETARY_BASE,triangulation,old_vs_new,AMBSL,BOGMBASE,6,60,1977-11-01,1982-10-01,60,0.15800701017266,3.05454941310096,3.06025054029057,computed
MONETARY_BASE,triangulation,old_vs_new,AMBSL,BOGMBASE,6,60,1977-12-01,1982-11-01,60,0.159791279279581,3.0639133379903,3.06734563160642,computed
MONETARY_BASE,triangulation,old_vs_new,AMBSL,BOGMBASE,6,60,1978-01-01,1982-12-01,60,0.156402575788123,3.09290098322182,3.09816676321438,computed
MONETARY_BASE,triangulation,old_vs_new,AMBSL,BOGMBASE,6,60,1978-02-01,1983-01-01,60,0.174421113450178,3.1638214951798,3.14759191602393,computed
MONETARY_BASE,triangulation,old_vs_new,AMBSL,BOGMBASE,6,60,1978-03-01,1983-02-01,60,0.177505113265964,2.9821259935099,2.97229504578727,computed
MONETARY_BASE,triangulation,old_vs_new,AMBSL,BOGMBASE,6,60,1978-04-01,1983-03-01,60,0.199657773650481,3.01921364608325,2.98518493803651,computed
MONETARY_BASE,triangulation,old_vs_new,AMBSL,BOGMBASE,6,60,1978-05-01,1983-04-01,60,0.181432268828454,3.03316891116703,3.01657951419592,computed
MONETARY_BASE,triangulation,old_vs_new,AMBSL,BOGMBASE,6,60,1978-06-01,1983-05-01,60,0.191672463349907,3.03966281424357,3.01236001239439,computed
MONETARY_BASE,triangulation,old_vs_new,AMBSL,BOGMBASE,6,60,1978-07-01,1983-06-01,60,0.190291900187895,3.03694436291166,3.01119758018443,computed
MONETARY_BASE,triangulation,old_vs_new,AMBSL,BOGMBASE,6,60,1978-08-01,1983-07-01,60,0.193580865423175,3.03191664008863,3.00320231945239,computed
MONETARY_BASE,triangulation,old_vs_new,AMBSL,BOGMBASE,6,60,1978-09-01,1983-08-01,60,0.172155461975624,3.01539581570693,3.00905214292348,computed
MONETARY_BASE,triangulation,old_vs_new,AMBSL,BOGMBASE,6,60,1978-10-01,1983-09-01,60,0.158980538162573,3.02786819263841,3.03420612127765,computed
MONETARY_BASE,triangulation,old_vs_new,AMBSL,BOGMBASE,6,60,1978-11-01,1983-10-01,60,0.172535905744519,3.01202532582713,3.00554194924372,computed
MONETARY_BASE,triangulation,old_vs_new,AMBSL,BOGMBASE,6,60,1978-12-01,1983-11-01,60,0.177452098683844,2.9841511988575,2.97447652697948,computed
MONETARY_BASE,triangulation,old_vs_new,AMBSL,BOGMBASE,6,60,1979-01-01,1983-12-01,60,0.177196396316971,2.96507483645458,2.95683668657058,computed
MONETARY_BASE,triangulation,old_vs_new,AMBSL,BOGMBASE,6,60,1979-02-01,1984-01-01,60,0.147538408301518,2.8098005066992,2.84017611976916,computed
MONETARY_BASE,triangulation,old_vs_new,AMBSL,BOGMBASE,6,60,1979-03-01,1984-02-01,60,0.165457763812652,2.78784370476462,2.80183453256753,computed
MONETARY_BASE,triangulation,old_vs_new,AMBSL,BOGMBASE,6,60,1979-04-01,1984-03-01,60,0.189350244800943,2.88236492008533,2.86646681268965,computed
MONETARY_BASE,triangulation,old_vs_new,AMBSL,BOGMBASE,6,60,1979-05-01,1984-04-01,60,0.184704081644792,2.86405155334884,2.85390873867213,computed
MONETARY_BASE,triangulation,old_vs_new,AMBSL,BOGMBASE,6,60,1979-06-01,1984-05-01,60,0.181830947060373,2.86326735192282,2.85605480635075,computed
MONETARY_BASE,triangulation,old_vs_new,AMBSL,BOGMBASE,6,60,1979-07-01,1984-06-01,60,0.172967189261735,2.88397719581168,2.88450533473257,computed
MONETARY_BASE,triangulation,old_vs_new,AMBSL,BOGMBASE,6,60,1979-08-01,1984-07-01,60,0.172495546854504,2.88527519813005,2.88609236879348,computed
MONETARY_BASE,triangulation,old_vs_new,AMBSL,BOGMBASE,6,60,1979-09-01,1984-08-01,60,0.182896309990523,2.87662808688127,2.86753763068797,computed
MONETARY_BASE,triangulation,old_vs_new,AMBSL,BOGMBASE,6,60,1979-10-01,1984-09-01,60,0.19362413755527,2.86713747954728,2.84784122670215,computed
MONETARY_BASE,triangulation,old_vs_new,AMBSL,BOGMBASE,6,60,1979-11-01,1984-10-01,60,0.195309141644243,2.83620150436757,2.81712769162093,computed
MONETARY_BASE,triangulation,old_vs_new,AMBSL,BOGMBASE,6,60,1979-12-01,1984-11-01,60,0.223826248956647,2.84763321975689,2.79909681339932,computed
MONETARY_BASE,triangulation,old_vs_new,AMBSL,BOGMBASE,6,60,1980-01-01,1984-12-01,60,0.209046788305337,2.85681286955057,2.8226675554907,computed
MONETARY_BASE,triangulation,old_vs_new,AMBSL,BOGMBASE,6,60,1980-02-01,1985-01-01,60,0.178996404530341,2.89463723569412,2.88838954027408,computed
MONETARY_BASE,triangulation,old_vs_new,AMBSL,BOGMBASE,6,60,1980-03-01,1985-02-01,60,0.182404414069366,2.89245629690329,2.88289955461038,computed
MONETARY_BASE,triangulation,old_vs_new,AMBSL,BOGMBASE,6,60,1980-04-01,1985-03-01,60,0.185982206561328,2.93619366680209,2.92053969690534,computed
MONETARY_BASE,triangulation,old_vs_new,AMBSL,BOGMBASE,6,60,1980-05-01,1985-04-01,60,0.210513747013176,2.95814183793194,2.9164907955271,computed
MONETARY_BASE,triangulation,old_vs_new,AMBSL,BOGMBASE,6,60,1980-06-01,1985-05-01,60,0.209601171847851,2.88209185804463,2.8457468621917,computed
MONETARY_BASE,triangulation,old_vs_new,AMBSL,BOGMBASE,6,60,1980-07-01,1985-06-01,60,0.205405344618589,2.91422736457532,2.88034020928433,computed
MONETARY_BASE,triangulation,old_vs_new,AMBSL,BOGMBASE,6,60,1980-08-01,1985-07-01,60,0.209986595587562,2.9116261606094,2.87315470737576,computed
MONETARY_BASE,triangulation,old_vs_new,AMBSL,BOGMBASE,6,60,1980-09-01,1985-08-01,60,0.217437195951801,2.88574419374353,2.84163599953733,computed
MONETARY_BASE,triangulation,old_vs_new,AMBSL,BOGMBASE,6,60,1980-10-01,1985-09-01,60,0.22842001033318,2.85813647513111,2.80414996412052,computed
MONETARY_BASE,triangulation,old_vs_new,AMBSL,BOGMBASE,6,60,1980-11-01,1985-10-01,60,0.230503599383206,2.83756534351563,2.78274084777083,computed
MONETARY_BASE,triangulation,old_vs_new,AMBSL,BOGMBASE,6,60,1980-12-01,1985-11-01,60,0.224075869102724,2.84747102170242,2.79910112228626,computed
MONETARY_BASE,triangulation,old_vs_new,AMBSL,BOGMBASE,6,60,1981-01-01,1985-12-01,60,0.251481466159198,2.87391039124456,2.7953362419335,computed
MONETARY_BASE,triangulation,old_vs_new,AMBSL,BOGMBASE,6,60,1981-02-01,1986-01-01,60,0.360488890120265,2.69617521824814,2.51505134459623,computed
MONETARY_BASE,triangulation,old_vs_new,AMBSL,BOGMBASE,6,60,1981-03-01,1986-02-01,60,0.374352197646481,2.88927714059482,2.68045140993229,computed
MONETARY_BASE,triangulation,old_vs_new,AMBSL,BOGMBASE,6,60,1981-04-01,1986-03-01,60,0.451645212798186,2.92582996319598,2.63020008489135,computed
MONETARY_BASE,triangulation,old_vs_new,AMBSL,BOGMBASE,6,60,1981-05-01,1986-04-01,60,0.442278298341479,2.89466083120944,2.61125622366169,computed
MONETARY_BASE,triangulation,old_vs_new,AMBSL,BOGMBASE,6,60,1981-06-01,1986-05-01,60,0.424297284756911,2.92226734529753,2.65708772940888,computed
MONETARY_BASE,triangulation,old_vs_new,AMBSL,BOGMBASE,6,60,1981-07-01,1986-06-01,60,0.42301674949522,2.9460608518055,2.68084798577809,computed
MONETARY_BASE,triangulation,old_vs_new,AMBSL,BOGMBASE,6,60,1981-08-01,1986-07-01,60,0.417850014657348,2.9890965899386,2.72703430947681,computed
MONETARY_BASE,triangulation,old_vs_new,AMBSL,BOGMBASE,6,60,1981-09-01,1986-08-01,60,0.404323765436615,3.00430720223973,2.75623015711032,computed
MONETARY_BASE,triangulation,old_vs_new,AMBSL,BOGMBASE,6,60,1981-10-01,1986-09-01,60,0.395761877971326,2.99146640463782,2.75376046848339,computed
MONETARY_BASE,triangulation,old_vs_new,AMBSL,BOGMBASE,6,60,1981-11-01,1986-10-01,60,0.404464705932626,2.98400448159824,2.73686616813471,computed
MONETARY_BASE,triangulation,old_vs_new,AMBSL,BOGMBASE,6,60,1981-12-01,1986-11-01,60,0.402902801206187,3.01476756181083,2.76760309365585,computed
MONETARY_BASE,triangulation,old_vs_new,AMBSL,BOGMBASE,6,60,1982-01-01,1986-12-01,60,0.40249925906289,3.01282790591745,2.76619810165255,computed
MONETARY_BASE,triangulation,old_vs_new,AMBSL,BOGMBASE,6,60,1982-02-01,1987-01-01,60,0.42544996207799,3.02965514550277,2.7569794529075,computed
MONETARY_BASE,triangulation,old_vs_new,AMBSL,BOGMBASE,6,60,1982-03-01,1987-02-01,60,0.415349513020351,3.02774942387406,2.76638238782017,computed
MONETARY_BASE,triangulation,old_vs_new,AMBSL,BOGMBASE,6,60,1982-04-01,1987-03-01,60,0.300598994274068,2.95123800518012,2.81802520796867,computed
MONETARY_BASE,triangulation,old_vs_new,AMBSL,BOGMBASE,6,60,1982-05-01,1987-04-01,60,0.285147146144167,2.754846683323,2.64918126867562,computed
MONETARY_BASE,triangulation,old_vs_new,AMBSL,BOGMBASE,6,60,1982-06-01,1987-05-01,60,0.270141143985056,2.77017860631411,2.67923153600698,computed
MONETARY_BASE,triangulation,old_vs_new,AMBSL,BOGMBASE,6,60,1982-07-01,1987-06-01,60,0.230630782561926,2.55055190364954,2.5158455045735,computed
MONETARY_BASE,triangulation,old_vs_new,AMBSL,BOGMBASE,6,60,1982-08-01,1987-07-01,60,0.226288489552563,2.52612556449391,2.49760808303898,computed
MONETARY_BASE,triangulation,old_vs_new,AMBSL,BOGMBASE,6,60,1982-09-01,1987-08-01,60,0.219772296817684,2.51583326206893,2.49475138129965,computed
MONETARY_BASE,triangulation,old_vs_new,AMBSL,BOGMBASE,6,60,1982-10-01,1987-09-01,60,0.212050047614112,2.49969629570025,2.48807758303916,computed
MONETARY_BASE,triangulation,old_vs_new,AMBSL,BOGMBASE,6,60,1982-11-01,1987-10-01,60,0.204794814838076,2.41578693563402,2.41801428244568,computed
MONETARY_BASE,triangulation,old_vs_new,AMBSL,BOGMBASE,6,60,1982-12-01,1987-11-01,60,0.178885957198782,2.34960918183574,2.38339797372865,computed
MONETARY_BASE,triangulation,old_vs_new,AMBSL,BOGMBASE,6,60,1983-01-01,1987-12-01,60,0.179309677543211,2.34458030830185,2.37829300135418,computed
MONETARY_BASE,triangulation,old_vs_new,AMBSL,BOGMBASE,6,60,1983-02-01,1988-01-01,60,0.146046469675753,2.30480473149244,2.37465043655331,computed
MONETARY_BASE,triangulation,old_vs_new,AMBSL,BOGMBASE,6,60,1983-03-01,1988-02-01,60,0.171071315938379,2.37741315680452,2.4163389665458,computed
MONETARY_BASE,triangulation,old_vs_new,AMBSL,BOGMBASE,6,60,1983-04-01,1988-03-01,60,0.167100584425222,2.4610752264717,2.49742469701891,computed
MONETARY_BASE,triangulation,old_vs_new,AMBSL,BOGMBASE,6,60,1983-05-01,1988-04-01,60,0.185679213454552,2.31544207503161,2.34552727012627,computed
MONETARY_BASE,triangulation,old_vs_new,AMBSL,BOGMBASE,6,60,1983-06-01,1988-05-01,60,0.219486700804548,2.22601740374232,2.23114252019761,computed
MONETARY_BASE,triangulation,old_vs_new,AMBSL,BOGMBASE,6,60,1983-07-01,1988-06-01,60,0.231726544517326,2.22921594169185,2.22180266551388,computed
MONETARY_BASE,triangulation,old_vs_new,AMBSL,BOGMBASE,6,60,1983-08-01,1988-07-01,60,0.228951428196355,2.2309945637884,2.22616210153588,computed
MONETARY_BASE,triangulation,old_vs_new,AMBSL,BOGMBASE,6,60,1983-09-01,1988-08-01,60,0.243017031823723,2.21199392014271,2.19495816214859,computed
MONETARY_BASE,triangulation,old_vs_new,AMBSL,BOGMBASE,6,60,1983-10-01,1988-09-01,60,0.243981706058083,2.21167011987396,2.19373708455085,computed
MONETARY_BASE,triangulation,old_vs_new,AMBSL,BOGMBASE,6,60,1983-11-01,1988-10-01,60,0.237394127850359,2.211693873503,2.20034267395015,computed
MONETARY_BASE,triangulation,old_vs_new,AMBSL,BOGMBASE,6,60,1983-12-01,1988-11-01,60,0.244110762138081,2.22934926637622,2.20943032915894,computed
MONETARY_BASE,triangulation,old_vs_new,AMBSL,BOGMBASE,6,60,1984-01-01,1988-12-01,60,0.242961857951271,2.22682153350945,2.20832332430373,computed
MONETARY_BASE,triangulation,old_vs_new,AMBSL,BOGMBASE,6,60,1984-02-01,1989-01-01,60,0.260751783038057,2.25188699018042,2.21287722859217,computed
MONETARY_BASE,triangulation,old_vs_new,AMBSL,BOGMBASE,6,60,1984-03-01,1989-02-01,60,0.267402914641552,2.23277187796543,2.18897476445262,computed
MONETARY_BASE,triangulation,old_vs_new,AMBSL,BOGMBASE,6,60,1984-04-01,1989-03-01,60,0.311305510280329,2.1763749718256,2.09322257503979,computed
MONETARY_BASE,triangulation,old_vs_new,AMBSL,BOGMBASE,6,60,1984-05-01,1989-04-01,60,0.313953135398205,2.16902822768167,2.08393615928282,computed
MONETARY_BASE,triangulation,old_vs_new,AMBSL,BOGMBASE,6,60,1984-06-01,1989-05-01,60,0.315371774712723,2.16909554187471,2.08251629301801,computed
MONETARY_BASE,triangulation,old_vs_new,AMBSL,BOGMBASE,6,60,1984-07-01,1989-06-01,60,0.317991188397544,2.17408536797699,2.0842218583428,computed
MONETARY_BASE,triangulation,old_vs_new,AMBSL,BOGMBASE,6,60,1984-08-01,1989-07-01,60,0.316705874698782,2.17200572757821,2.08371110955518,computed
MONETARY_BASE,triangulation,old_vs_new,AMBSL,BOGMBASE,6,60,1984-09-01,1989-08-01,60,0.319102707558996,2.16771803236772,2.07739092307187,computed
MONETARY_BASE,triangulation,old_vs_new,AMBSL,BOGMBASE,6,60,1984-10-01,1989-09-01,60,0.316404057881984,2.16706455626012,2.07963099355872,computed
MONETARY_BASE,triangulation,old_vs_new,AMBSL,BOGMBASE,6,60,1984-11-01,1989-10-01,60,0.313522512696094,2.1729438990814,2.08790787159596,computed
MONETARY_BASE,triangulation,old_vs_new,AMBSL,BOGMBASE,6,60,1984-12-01,1989-11-01,60,0.296701002890017,2.19067649996348,2.12114082201847,computed
MONETARY_BASE,triangulation,old_vs_new,AMBSL,BOGMBASE,6,60,1985-01-01,1989-12-01,60,0.308027741596098,2.19317087546661,2.11161183238822,computed
MONETARY_BASE,triangulation,old_vs_new,AMBSL,BOGMBASE,6,60,1985-02-01,1990-01-01,60,0.323380409432997,2.1848274238838,2.08817519934652,computed
MONETARY_BASE,triangulation,old_vs_new,AMBSL,BOGMBASE,6,60,1985-03-01,1990-02-01,60,0.328669611950327,2.19416883355867,2.09094840745409,computed
MONETARY_BASE,triangulation,old_vs_new,AMBSL,BOGMBASE,6,60,1985-04-01,1990-03-01,60,0.348984581433881,2.21763587913605,2.09047682697243,computed
MONETARY_BASE,triangulation,old_vs_new,AMBSL,BOGMBASE,6,60,1985-05-01,1990-04-01,60,0.350303729334287,2.21933948994911,2.09062816551108,computed
MONETARY_BASE,triangulation,old_vs_new,AMBSL,BOGMBASE,6,60,1985-06-01,1990-05-01,60,0.374201730557261,2.22556730468853,2.07063480994789,computed
MONETARY_BASE,triangulation,old_vs_new,AMBSL,BOGMBASE,6,60,1985-07-01,1990-06-01,60,0.384092164793346,2.21608385849687,2.05151064381104,computed
MONETARY_BASE,triangulation,old_vs_new,AMBSL,BOGMBASE,6,60,1985-08-01,1990-07-01,60,0.38598537537411,2.20631363722885,2.04073782658741,computed
MONETARY_BASE,triangulation,old_vs_new,AMBSL,BOGMBASE,6,60,1985-09-01,1990-08-01,60,0.381599439072572,2.18555119156113,2.0269756525811,computed
MONETARY_BASE,triangulation,old_vs_new,AMBSL,BOGMBASE,6,60,1985-10-01,1990-09-01,60,0.38044939888388,2.1847103065404,2.0274659106337,computed
MONETARY_BASE,triangulation,old_vs_new,AMBSL,BOGMBASE,6,60,1985-11-01,1990-10-01,60,0.383082079951285,2.18214113576025,2.02235370431645,computed
MONETARY_BASE,triangulation,old_vs_new,AMBSL,BOGMBASE,6,60,1985-12-01,1990-11-01,60,0.388154464619448,2.18834289534161,2.02239471025266,computed
MONETARY_BASE,triangulation,old_vs_new,AMBSL,BOGMBASE,6,60,1986-01-01,1990-12-01,60,0.374508289897908,2.22450318866506,2.06967899168285,computed
MONETARY_BASE,triangulation,old_vs_new,AMBSL,BOGMBASE,6,60,1986-02-01,1991-01-01,60,0.31758846391038,2.26696737335597,2.16808801922715,computed
MONETARY_BASE,triangulation,old_vs_new,AMBSL,BOGMBASE,6,60,1986-03-01,1991-02-01,60,0.327865692022227,2.28109057206968,2.16969951808675,computed
MONETARY_BASE,triangulation,old_vs_new,AMBSL,BOGMBASE,6,60,1986-04-01,1991-03-01,60,0.279778114608818,2.25989016611933,2.2005837548718,computed
MONETARY_BASE,triangulation,old_vs_new,AMBSL,BOGMBASE,6,60,1986-05-01,1991-04-01,60,0.283208820611317,2.25585565200175,2.19343886472072,computed
MONETARY_BASE,triangulation,old_vs_new,AMBSL,BOGMBASE,6,60,1986-06-01,1991-05-01,60,0.282326753379748,2.24999673041744,2.18907297671383,computed
MONETARY_BASE,triangulation,old_vs_new,AMBSL,BOGMBASE,6,60,1986-07-01,1991-06-01,60,0.277649337162618,2.24988114796128,2.19376801201546,computed
MONETARY_BASE,triangulation,old_vs_new,AMBSL,BOGMBASE,6,60,1986-08-01,1991-07-01,60,0.273230128642174,2.24859715540969,2.19718170768978,computed
MONETARY_BASE,triangulation,old_vs_new,AMBSL,BOGMBASE,6,60,1986-09-01,1991-08-01,60,0.279262713259472,2.23651016024897,2.18013350395961,computed
MONETARY_BASE,triangulation,old_vs_new,AMBSL,BOGMBASE,6,60,1986-10-01,1991-09-01,60,0.284606327924972,2.23622256216622,2.1743560968984,computed
MONETARY_BASE,triangulation,old_vs_new,AMBSL,BOGMBASE,6,60,1986-11-01,1991-10-01,60,0.284652440114106,2.23654066882548,2.17459599259728,computed
MONETARY_BASE,triangulation,old_vs_new,AMBSL,BOGMBASE,6,60,1986-12-01,1991-11-01,60,0.281688808741123,2.24028829916142,2.18100223815737,computed
MONETARY_BASE,triangulation,old_vs_new,AMBSL,BOGMBASE,6,60,1987-01-01,1991-12-01,60,0.282766898605028,2.23560711575622,2.17571625316712,computed
MONETARY_BASE,triangulation,old_vs_new,AMBSL,BOGMBASE,6,60,1987-02-01,1992-01-01,60,0.289243874792225,2.19310393914789,2.13098419843878,computed
MONETARY_BASE,triangulation,old_vs_new,AMBSL,BOGMBASE,6,60,1987-03-01,1992-02-01,60,0.29824394710317,2.17487524212649,2.10574461887572,computed
MONETARY_BASE,triangulation,old_vs_new,AMBSL,BOGMBASE,6,60,1987-04-01,1992-03-01,60,0.390905971708472,2.21473786927428,2.04310156209923,computed
MONETARY_BASE,triangulation,old_vs_new,AMBSL,BOGMBASE,6,60,1987-05-01,1992-04-01,60,0.385015912340576,2.33965289801865,2.16252774726822,computed
MONETARY_BASE,triangulation,old_vs_new,AMBSL,BOGMBASE,6,60,1987-06-01,1992-05-01,60,0.398310802973565,2.3352736144728,2.14321100589747,computed
MONETARY_BASE,triangulation,old_vs_new,AMBSL,BOGMBASE,6,60,1987-07-01,1992-06-01,60,0.437423164771337,2.48172515122377,2.23347084953926,computed
MONETARY_BASE,triangulation,old_vs_new,AMBSL,BOGMBASE,6,60,1987-08-01,1992-07-01,60,0.442313395624872,2.4862660228585,2.23209131987682,computed
MONETARY_BASE,triangulation,old_vs_new,AMBSL,BOGMBASE,6,60,1987-09-01,1992-08-01,60,0.452763971488739,2.49266179532414,2.22627507511281,computed
MONETARY_BASE,triangulation,old_vs_new,AMBSL,BOGMBASE,6,60,1987-10-01,1992-09-01,60,0.464801757638042,2.50862912552663,2.22740157303529,computed
MONETARY_BASE,triangulation,old_vs_new,AMBSL,BOGMBASE,6,60,1987-11-01,1992-10-01,60,0.478926863975242,2.58342981720308,2.28029262148552,computed
MONETARY_BASE,triangulation,old_vs_new,AMBSL,BOGMBASE,6,60,1987-12-01,1992-11-01,60,0.521452527765803,2.68340793027663,2.32437091549998,computed
MONETARY_BASE,triangulation,old_vs_new,AMBSL,BOGMBASE,6,60,1988-01-01,1992-12-01,60,0.518433624213111,2.66580804015943,2.31137353630356,computed
MONETARY_BASE,triangulation,old_vs_new,AMBSL,BOGMBASE,6,60,1988-02-01,1993-01-01,60,0.527902033275768,2.68022406007164,2.3138304238143,computed
MONETARY_BASE,triangulation,old_vs_new,AMBSL,BOGMBASE,6,60,1988-03-01,1993-02-01,60,0.514706197127982,2.67086701200158,2.32066152800488,computed
MONETARY_BASE,triangulation,old_vs_new,AMBSL,BOGMBASE,6,60,1988-04-01,1993-03-01,60,0.531333764154968,2.56885260200166,2.20669288942405,computed
MONETARY_BASE,triangulation,old_vs_new,AMBSL,BOGMBASE,6,60,1988-05-01,1993-04-01,60,0.54817369308045,2.77966519566126,2.38317035785474,computed
MONETARY_BASE,triangulation,old_vs_new,AMBSL,BOGMBASE,6,60,1988-06-01,1993-05-01,60,0.527118737484866,3.02888253040518,2.64221768882939,computed
MONETARY_BASE,triangulation,old_vs_new,AMBSL,BOGMBASE,6,60,1988-07-01,1993-06-01,60,0.514093855725669,3.05297291724817,2.67992708336663,computed
MONETARY_BASE,triangulation,old_vs_new,AMBSL,BOGMBASE,6,60,1988-08-01,1993-07-01,60,0.521210649764875,3.04622839790647,2.66534762704863,computed
MONETARY_BASE,triangulation,old_vs_new,AMBSL,BOGMBASE,6,60,1988-09-01,1993-08-01,60,0.506675971542961,3.10488998343099,2.73752155568863,computed
MONETARY_BASE,triangulation,old_vs_new,AMBSL,BOGMBASE,6,60,1988-10-01,1993-09-01,60,0.506597713845732,3.0888637996031,2.72239926062131,computed
MONETARY_BASE,triangulation,old_vs_new,AMBSL,BOGMBASE,6,60,1988-11-01,1993-10-01,60,0.506121882612176,3.0821668271375,2.7165964375736,computed
MONETARY_BASE,triangulation,old_vs_new,AMBSL,BOGMBASE,6,60,1988-12-01,1993-11-01,60,0.49447042813956,2.99619607281405,2.64843619702372,computed
MONETARY_BASE,triangulation,old_vs_new,AMBSL,BOGMBASE,6,60,1989-01-01,1993-12-01,60,0.504151230701084,3.01996838319158,2.65997768276213,computed
MONETARY_BASE,triangulation,old_vs_new,AMBSL,BOGMBASE,6,60,1989-02-01,1994-01-01,60,0.513339568923158,3.00420922059197,2.63456369273318,computed
MONETARY_BASE,triangulation,old_vs_new,AMBSL,BOGMBASE,6,60,1989-03-01,1994-02-01,60,0.488198136892264,3.08142311067421,2.73641772758459,computed
MONETARY_BASE,triangulation,old_vs_new,AMBSL,BOGMBASE,6,60,1989-04-01,1994-03-01,60,0.379700810411099,3.12655679181858,2.89847914160941,computed
MONETARY_BASE,triangulation,old_vs_new,AMBSL,BOGMBASE,6,60,1989-05-01,1994-04-01,60,0.383256800079438,3.17258890527084,2.9382842342689,computed
MONETARY_BASE,triangulation,old_vs_new,AMBSL,BOGMBASE,6,60,1989-06-01,1994-05-01,60,0.390076298808004,3.16172266301595,2.92060325172011,computed
MONETARY_BASE,triangulation,old_vs_new,AMBSL,BOGMBASE,6,60,1989-07-01,1994-06-01,60,0.393811973236827,3.13586282100878,2.89205382721619,computed
MONETARY_BASE,triangulation,old_vs_new,AMBSL,BOGMBASE,6,60,1989-08-01,1994-07-01,60,0.393134566923055,3.12929157566308,2.88655049377973,computed
MONETARY_BASE,triangulation,old_vs_new,AMBSL,BOGMBASE,6,60,1989-09-01,1994-08-01,60,0.385606415047899,3.07160832941147,2.84012186848326,computed
MONETARY_BASE,triangulation,old_vs_new,AMBSL,BOGMBASE,6,60,1989-10-01,1994-09-01,60,0.382786953835091,3.07223843651914,2.84371006313976,computed
MONETARY_BASE,triangulation,old_vs_new,AMBSL,BOGMBASE,6,60,1989-11-01,1994-10-01,60,0.384058863917687,3.08265912206988,2.85221224920618,computed
MONETARY_BASE,triangulation,old_vs_new,AMBSL,BOGMBASE,6,60,1989-12-01,1994-11-01,60,0.394555226566595,3.06937754262238,2.82828531526372,computed
MONETARY_BASE,triangulation,old_vs_new,AMBSL,BOGMBASE,6,60,1990-01-01,1994-12-01,60,0.379883107485878,3.05885490654116,2.83421273268948,computed
MONETARY_BASE,triangulation,old_vs_new,AMBSL,BOGMBASE,6,60,1990-02-01,1995-01-01,60,0.334925245402808,2.93988754469092,2.77014289001702,computed
MONETARY_BASE,triangulation,old_vs_new,AMBSL,BOGMBASE,6,60,1990-03-01,1995-02-01,60,0.325243249331877,2.89713610476885,2.74063131717892,computed
MONETARY_BASE,triangulation,old_vs_new,AMBSL,BOGMBASE,6,60,1990-04-01,1995-03-01,60,0.310777133656116,2.72433859210684,2.59406746102246,computed
MONETARY_BASE,triangulation,old_vs_new,AMBSL,BOGMBASE,6,60,1990-05-01,1995-04-01,60,0.30896384388294,2.73348519186485,2.60439395279416,computed
MONETARY_BASE,triangulation,old_vs_new,AMBSL,BOGMBASE,6,60,1990-06-01,1995-05-01,60,0.269714384135989,2.80381770624335,2.71089780107943,computed
MONETARY_BASE,triangulation,old_vs_new,AMBSL,BOGMBASE,6,60,1990-07-01,1995-06-01,60,0.22959961031483,2.76953806447498,2.72005254763321,computed
MONETARY_BASE,triangulation,old_vs_new,AMBSL,BOGMBASE,6,60,1990-08-01,1995-07-01,60,0.217063669040775,2.81420904730697,2.7745417695947,computed
MONETARY_BASE,triangulation,old_vs_new,AMBSL,BOGMBASE,6,60,1990-09-01,1995-08-01,60,0.228680219679026,2.88903361935224,2.83290477740848,computed
MONETARY_BASE,triangulation,old_vs_new,AMBSL,BOGMBASE,6,60,1990-10-01,1995-09-01,60,0.227880527649019,2.87940060758317,2.82465175989616,computed
MONETARY_BASE,triangulation,old_vs_new,AMBSL,BOGMBASE,6,60,1990-11-01,1995-10-01,60,0.215639123306589,2.92745886345444,2.88226817585708,computed
MONETARY_BASE,triangulation,old_vs_new,AMBSL,BOGMBASE,6,60,1990-12-01,1995-11-01,60,0.202277865319294,2.8848914692114,2.85583309317738,computed
MONETARY_BASE,triangulation,old_vs_new,AMBSL,BOGMBASE,6,60,1991-01-01,1995-12-01,60,0.241667621398446,2.88958755850529,2.82127226648442,computed
MONETARY_BASE,triangulation,old_vs_new,AMBSL,BOGMBASE,6,60,1991-02-01,1996-01-01,60,0.202652941409636,2.92616304979521,2.89480483232777,computed
MONETARY_BASE,triangulation,old_vs_new,AMBSL,BOGMBASE,6,60,1991-03-01,1996-02-01,60,0.196298230634693,2.84532460709554,2.82503154485814,computed
MONETARY_BASE,triangulation,old_vs_new,AMBSL,BOGMBASE,6,60,1991-04-01,1996-03-01,60,0.325465289016634,2.60835924358291,2.47099899999511,computed
MONETARY_BASE,triangulation,old_vs_new,AMBSL,BOGMBASE,6,60,1991-05-01,1996-04-01,60,0.324862594194998,2.56665424483314,2.43312963755715,computed
MONETARY_BASE,triangulation,old_vs_new,AMBSL,BOGMBASE,6,60,1991-06-01,1996-05-01,60,0.330160517656148,2.56704674117929,2.42789381834896,computed
MONETARY_BASE,triangulation,old_vs_new,AMBSL,BOGMBASE,6,60,1991-07-01,1996-06-01,60,0.345901156181954,2.56008029506177,2.40486971961619,computed
MONETARY_BASE,triangulation,old_vs_new,AMBSL,BOGMBASE,6,60,1991-08-01,1996-07-01,60,0.355613154232169,2.56312840148997,2.39724991574217,computed
MONETARY_BASE,triangulation,old_vs_new,AMBSL,BOGMBASE,6,60,1991-09-01,1996-08-01,60,0.350967873781829,2.57512660323451,2.41323624769066,computed
MONETARY_BASE,triangulation,old_vs_new,AMBSL,BOGMBASE,6,60,1991-10-01,1996-09-01,60,0.348747736869754,2.57232185166961,2.41303247111405,computed
MONETARY_BASE,triangulation,old_vs_new,AMBSL,BOGMBASE,6,60,1991-11-01,1996-10-01,60,0.349034173905118,2.57013362721668,2.41069971259229,computed
MONETARY_BASE,triangulation,old_vs_new,AMBSL,BOGMBASE,6,60,1991-12-01,1996-11-01,60,0.338978132994766,2.56664563391767,2.41819236291692,computed
MONETARY_BASE,triangulation,old_vs_new,AMBSL,BOGMBASE,6,60,1992-01-01,1996-12-01,60,0.34252880368378,2.56846541680311,2.41608555210371,computed
MONETARY_BASE,triangulation,old_vs_new,AMBSL,BOGMBASE,6,60,1992-02-01,1997-01-01,60,0.290255596543154,2.60447249339008,2.5042669444778,computed
MONETARY_BASE,triangulation,old_vs_new,AMBSL,BOGMBASE,6,60,1992-03-01,1997-02-01,60,0.291753238866103,2.64216001413953,2.53760633118736,computed
MONETARY_BASE,triangulation,old_vs_new,AMBSL,BOGMBASE,6,60,1992-04-01,1997-03-01,60,0.268969885693563,2.59700950091218,2.51941584916675,computed
MONETARY_BASE,triangulation,old_vs_new,AMBSL,BOGMBASE,6,60,1992-05-01,1997-04-01,60,0.257969858210836,2.4973247465666,2.43995133473917,computed
MONETARY_BASE,triangulation,old_vs_new,AMBSL,BOGMBASE,6,60,1992-06-01,1997-05-01,60,0.258080980183879,2.46229887523585,2.40673433937287,computed
MONETARY_BASE,triangulation,old_vs_new,AMBSL,BOGMBASE,6,60,1992-07-01,1997-06-01,60,0.270941985152907,2.50432904996591,2.43199926915173,computed
MONETARY_BASE,triangulation,old_vs_new,AMBSL,BOGMBASE,6,60,1992-08-01,1997-07-01,60,0.269396492669539,2.51719471468939,2.44541172663958,computed
MONETARY_BASE,triangulation,old_vs_new,AMBSL,BOGMBASE,6,60,1992-09-01,1997-08-01,60,0.277856953940843,2.5326284913886,2.45089399478694,computed
MONETARY_BASE,triangulation,old_vs_new,AMBSL,BOGMBASE,6,60,1992-10-01,1997-09-01,60,0.27682729153667,2.51678708312793,2.43737592616656,computed
MONETARY_BASE,triangulation,old_vs_new,AMBSL,BOGMBASE,6,60,1992-11-01,1997-10-01,60,0.276740793218475,2.50603406214685,2.42758738825256,computed
MONETARY_BASE,triangulation,old_vs_new,AMBSL,BOGMBASE,6,60,1992-12-01,1997-11-01,60,0.284553235344048,2.50434625846348,2.41795640930123,computed
MONETARY_BASE,triangulation,old_vs_new,AMBSL,BOGMBASE,6,60,1993-01-01,1997-12-01,60,0.286466049616984,2.55046132287985,2.45838217336981,computed
MONETARY_BASE,triangulation,old_vs_new,AMBSL,BOGMBASE,6,60,1993-02-01,1998-01-01,60,0.326494449545632,2.55914739244923,2.42450268913521,computed
MONETARY_BASE,triangulation,old_vs_new,AMBSL,BOGMBASE,6,60,1993-03-01,1998-02-01,60,0.327362696071771,2.5627945291043,2.42695673908778,computed
MONETARY_BASE,triangulation,old_vs_new,AMBSL,BOGMBASE,6,60,1993-04-01,1998-03-01,60,0.360750596408322,2.5607899801986,2.3896401025586,computed
MONETARY_BASE,triangulation,old_vs_new,AMBSL,BOGMBASE,6,60,1993-05-01,1998-04-01,60,0.350017810178455,2.5609524703386,2.40133036687104,computed
MONETARY_BASE,triangulation,old_vs_new,AMBSL,BOGMBASE,6,60,1993-06-01,1998-05-01,60,0.367320881862834,2.51947913042033,2.34473015064119,computed
MONETARY_BASE,triangulation,old_vs_new,AMBSL,BOGMBASE,6,60,1993-07-01,1998-06-01,60,0.373018946622772,2.46854855686534,2.29178274973882,computed
MONETARY_BASE,triangulation,old_vs_new,AMBSL,BOGMBASE,6,60,1993-08-01,1998-07-01,60,0.357344939114131,2.44456582068315,2.2868369537465,computed
MONETARY_BASE,triangulation,old_vs_new,AMBSL,BOGMBASE,6,60,1993-09-01,1998-08-01,60,0.344339481615101,2.40174544964639,2.26152416207043,computed
MONETARY_BASE,triangulation,old_vs_new,AMBSL,BOGMBASE,6,60,1993-10-01,1998-09-01,60,0.339354693673624,2.41540194431908,2.27922612021252,computed
MONETARY_BASE,triangulation,old_vs_new,AMBSL,BOGMBASE,6,60,1993-11-01,1998-10-01,60,0.339324840367918,2.42126343158077,2.28459149113304,computed
MONETARY_BASE,triangulation,old_vs_new,AMBSL,BOGMBASE,6,60,1993-12-01,1998-11-01,60,0.343354063594677,2.47768304326389,2.33183835700652,computed
MONETARY_BASE,triangulation,old_vs_new,AMBSL,BOGMBASE,6,60,1994-01-01,1998-12-01,60,0.337034837320964,2.47829218906131,2.33910065514043,computed
MONETARY_BASE,triangulation,old_vs_new,AMBSL,BOGMBASE,6,60,1994-02-01,1999-01-01,60,0.332050985830363,2.40207954641096,2.27487756342179,computed
MONETARY_BASE,triangulation,old_vs_new,AMBSL,BOGMBASE,6,60,1994-03-01,1999-02-01,60,0.335023392824241,2.40501348133324,2.27434516449801,computed
MONETARY_BASE,triangulation,old_vs_new,AMBSL,BOGMBASE,6,60,1994-04-01,1999-03-01,60,0.347605927755319,2.45209892161438,2.30392331050828,computed
MONETARY_BASE,triangulation,old_vs_new,AMBSL,BOGMBASE,6,60,1994-05-01,1999-04-01,60,0.343206887560019,2.43387723254684,2.29208124165884,computed
MONETARY_BASE,triangulation,old_vs_new,AMBSL,BOGMBASE,6,60,1994-06-01,1999-05-01,60,0.326540853886058,2.35529035097733,2.23815987747431,computed
MONETARY_BASE,triangulation,old_vs_new,AMBSL,BOGMBASE,6,60,1994-07-01,1999-06-01,60,0.322309090884014,2.27943188068225,2.17406497613958,computed
MONETARY_BASE,triangulation,old_vs_new,AMBSL,BOGMBASE,6,60,1994-08-01,1999-07-01,60,0.323953406405513,2.28277966519532,2.17554237452651,computed
MONETARY_BASE,triangulation,old_vs_new,AMBSL,BOGMBASE,6,60,1994-09-01,1999-08-01,60,0.298042336920405,2.31925442172929,2.2352785634274,computed
MONETARY_BASE,triangulation,old_vs_new,AMBSL,BOGMBASE,6,60,1994-10-01,1999-09-01,60,0.304437590582423,2.25628935737561,2.17192327567378,computed
MONETARY_BASE,triangulation,old_vs_new,AMBSL,BOGMBASE,6,60,1994-11-01,1999-10-01,60,0.309041016709474,2.2557173021124,2.16657397864215,computed
MONETARY_BASE,triangulation,old_vs_new,AMBSL,BOGMBASE,6,60,1994-12-01,1999-11-01,60,0.3618660381066,2.25811497999693,2.11301468020621,computed
MONETARY_BASE,triangulation,old_vs_new,AMBSL,BOGMBASE,6,60,1995-01-01,1999-12-01,60,0.429595193081854,2.13006755461428,1.92537781173595,computed
MONETARY_BASE,triangulation,old_vs_new,AMBSL,BOGMBASE,6,60,1995-02-01,2000-01-01,60,0.783738543052124,1.51530055606654,0.959840382712521,computed
MONETARY_BASE,triangulation,old_vs_new,AMBSL,BOGMBASE,6,60,1995-03-01,2000-02-01,60,0.791012355258137,1.53544529345044,0.963602223019293,computed
MONETARY_BASE,triangulation,old_vs_new,AMBSL,BOGMBASE,6,60,1995-04-01,2000-03-01,60,0.816432374565885,1.53558878444125,0.922292862848742,computed
MONETARY_BASE,triangulation,old_vs_new,AMBSL,BOGMBASE,6,60,1995-05-01,2000-04-01,60,0.816874393467725,1.52927114031743,0.916724226284006,computed
MONETARY_BASE,triangulation,old_vs_new,AMBSL,BOGMBASE,6,60,1995-06-01,2000-05-01,60,0.82150414510928,1.51861128143137,0.900649574546247,computed
MONETARY_BASE,triangulation,old_vs_new,AMBSL,BOGMBASE,6,60,1995-07-01,2000-06-01,60,0.825617279071105,1.52464407837774,0.898332460092523,computed
MONETARY_BASE,triangulation,old_vs_new,AMBSL,BOGMBASE,6,60,1995-08-01,2000-07-01,60,0.825449753180993,1.52485670101316,0.898779556224233,computed
MONETARY_BASE,triangulation,old_vs_new,AMBSL,BOGMBASE,6,60,1995-09-01,2000-08-01,60,0.828380941509293,1.52584809767219,0.894610525230684,computed
MONETARY_BASE,triangulation,old_vs_new,AMBSL,BOGMBASE,6,60,1995-10-01,2000-09-01,60,0.829600009045455,1.52495719980031,0.891787912309508,computed
MONETARY_BASE,triangulation,old_vs_new,AMBSL,BOGMBASE,6,60,1995-11-01,2000-10-01,60,0.8285992997828,1.52064043610037,0.890143418445852,computed
MONETARY_BASE,triangulation,old_vs_new,AMBSL,BOGMBASE,6,60,1995-12-01,2000-11-01,60,0.824187565744108,1.51827100922836,0.895809871726137,computed
MONETARY_BASE,triangulation,old_vs_new,AMBSL,BOGMBASE,6,60,1996-01-01,2000-12-01,60,0.823537411761869,1.51578926577062,0.894985419643287,computed
MONETARY_BASE,triangulation,old_vs_new,AMBSL,BOGMBASE,6,60,1996-02-01,2001-01-01,60,0.831842967868655,1.4822773993319,0.855158974245153,computed
MONETARY_BASE,triangulation,old_vs_new,AMBSL,BOGMBASE,6,60,1996-03-01,2001-02-01,60,0.832730866290842,1.49080431234657,0.860015243029643,computed
MONETARY_BASE,triangulation,old_vs_new,AMBSL,BOGMBASE,6,60,1996-04-01,2001-03-01,60,0.822016765830491,1.48009842490876,0.870265055261387,computed
MONETARY_BASE,triangulation,old_vs_new,AMBSL,BOGMBASE,6,60,1996-05-01,2001-04-01,60,0.823560800474965,1.49021610286104,0.875398882367221,computed
MONETARY_BASE,triangulation,old_vs_new,AMBSL,BOGMBASE,6,60,1996-06-01,2001-05-01,60,0.829861296711335,1.48648886523189,0.861713235619862,computed
MONETARY_BASE,triangulation,old_vs_new,AMBSL,BOGMBASE,6,60,1996-07-01,2001-06-01,60,0.830993268859872,1.47829793872491,0.853496918202706,computed
MONETARY_BASE,triangulation,old_vs_new,AMBSL,BOGMBASE,6,60,1996-08-01,2001-07-01,60,0.831743429115485,1.47622772274801,0.850625736351262,computed
MONETARY_BASE,triangulation,old_vs_new,AMBSL,BOGMBASE,6,60,1996-09-01,2001-08-01,60,0.831627252470835,1.47322752775518,0.848564176524342,computed
MONETARY_BASE,triangulation,old_vs_new,AMBSL,BOGMBASE,6,60,1996-10-01,2001-09-01,60,0.844751470968727,1.42133157102273,0.78667589066449,computed
MONETARY_BASE,triangulation,old_vs_new,AMBSL,BOGMBASE,6,60,1996-11-01,2001-10-01,60,0.884750500396412,1.33590132804807,0.648694149382116,computed
MONETARY_BASE,triangulation,old_vs_new,AMBSL,BOGMBASE,6,60,1996-12-01,2001-11-01,60,0.881962802831612,1.3581920791988,0.670059076755369,computed
MONETARY_BASE,triangulation,old_vs_new,AMBSL,BOGMBASE,6,60,1997-01-01,2001-12-01,60,0.882740929913968,1.35267758758962,0.664538152292386,computed
MONETARY_BASE,triangulation,old_vs_new,AMBSL,BOGMBASE,6,60,1997-02-01,2002-01-01,60,0.878025777463923,1.33459860268905,0.661464357124502,computed
MONETARY_BASE,triangulation,old_vs_new,AMBSL,BOGMBASE,6,60,1997-03-01,2002-02-01,60,0.877836914157126,1.33526510646306,0.662301254549846,computed
MONETARY_BASE,triangulation,old_vs_new,AMBSL,BOGMBASE,6,60,1997-04-01,2002-03-01,60,0.875376983495759,1.32683574252236,0.661460870434363,computed
MONETARY_BASE,triangulation,old_vs_new,AMBSL,BOGMBASE,6,60,1997-05-01,2002-04-01,60,0.875354150133897,1.32711413746606,0.6616965176412,computed
MONETARY_BASE,triangulation,old_vs_new,AMBSL,BOGMBASE,6,60,1997-06-01,2002-05-01,60,0.875186524400435,1.32704190318722,0.661994954427687,computed
MONETARY_BASE,triangulation,old_vs_new,AMBSL,BOGMBASE,6,60,1997-07-01,2002-06-01,60,0.875744148513977,1.3267600682485,0.660675723020686,computed
MONETARY_BASE,triangulation,old_vs_new,AMBSL,BOGMBASE,6,60,1997-08-01,2002-07-01,60,0.876515950720452,1.32848974183505,0.660311363240076,computed
MONETARY_BASE,triangulation,old_vs_new,AMBSL,BOGMBASE,6,60,1997-09-01,2002-08-01,60,0.876656623862623,1.32927087956156,0.660558207453388,computed
MONETARY_BASE,triangulation,old_vs_new,AMBSL,BOGMBASE,6,60,1997-10-01,2002-09-01,60,0.876917650248019,1.32974308184542,0.660353216712293,computed
MONETARY_BASE,triangulation,old_vs_new,AMBSL,BOGMBASE,6,60,1997-11-01,2002-10-01,60,0.875021526953016,1.32609337285827,0.661715737036724,computed
MONETARY_BASE,triangulation,old_vs_new,AMBSL,BOGMBASE,6,60,1997-12-01,2002-11-01,60,0.868032390652772,1.32123311650756,0.672243238872625,computed
MONETARY_BASE,triangulation,old_vs_new,AMBSL,BOGMBASE,6,60,1998-01-01,2002-12-01,60,0.867196932268458,1.32241639583916,0.674693918088241,computed
MONETARY_BASE,triangulation,old_vs_new,AMBSL,BOGMBASE,6,60,1998-02-01,2003-01-01,60,0.859900191149896,1.30969246050985,0.68035801092113,computed
MONETARY_BASE,triangulation,old_vs_new,AMBSL,BOGMBASE,6,60,1998-03-01,2003-02-01,60,0.859422811747294,1.30787138509353,0.680074556168494,computed
MONETARY_BASE,triangulation,old_vs_new,AMBSL,BOGMBASE,6,60,1998-04-01,2003-03-01,60,0.854249745962795,1.2980861173249,0.68356207063443,computed
MONETARY_BASE,triangulation,old_vs_new,AMBSL,BOGMBASE,6,60,1998-05-01,2003-04-01,60,0.854571257544727,1.29823614972641,0.683045899522783,computed
MONETARY_BASE,triangulation,old_vs_new,AMBSL,BOGMBASE,6,60,1998-06-01,2003-05-01,60,0.854062024884856,1.2977953220962,0.683726317214605,computed
MONETARY_BASE,triangulation,old_vs_new,AMBSL,BOGMBASE,6,60,1998-07-01,2003-06-01,60,0.854005443628366,1.29958553120415,0.684993769935353,computed
MONETARY_BASE,triangulation,old_vs_new,AMBSL,BOGMBASE,6,60,1998-08-01,2003-07-01,60,0.85672870729645,1.30112209626603,0.680869312837304,computed
MONETARY_BASE,triangulation,old_vs_new,AMBSL,BOGMBASE,6,60,1998-09-01,2003-08-01,60,0.860381932389114,1.30219753299018,0.674495941411647,computed
MONETARY_BASE,triangulation,old_vs_new,AMBSL,BOGMBASE,6,60,1998-10-01,2003-09-01,60,0.860426483550391,1.30115452168275,0.673730927571512,computed
MONETARY_BASE,triangulation,old_vs_new,AMBSL,BOGMBASE,6,60,1998-11-01,2003-10-01,60,0.858678354455045,1.29328319579856,0.672011100818446,computed
MONETARY_BASE,triangulation,old_vs_new,AMBSL,BOGMBASE,6,60,1998-12-01,2003-11-01,60,0.853259766270085,1.28718098537999,0.678407573999515,computed
MONETARY_BASE,triangulation,old_vs_new,AMBSL,BOGMBASE,6,60,1999-01-01,2003-12-01,60,0.851075490177633,1.28576026742882,0.681658616339053,computed
MONETARY_BASE,triangulation,old_vs_new,AMBSL,BOGMBASE,6,60,1999-02-01,2004-01-01,60,0.840370537061524,1.28740908554186,0.702586839175153,computed
MONETARY_BASE,triangulation,old_vs_new,AMBSL,BOGMBASE,6,60,1999-03-01,2004-02-01,60,0.840563317955199,1.28564203379102,0.701106715807459,computed
MONETARY_BASE,triangulation,old_vs_new,AMBSL,BOGMBASE,6,60,1999-04-01,2004-03-01,60,0.840089589178401,1.27633536269121,0.696103707476196,computed
MONETARY_BASE,triangulation,old_vs_new,AMBSL,BOGMBASE,6,60,1999-05-01,2004-04-01,60,0.840379499546952,1.27654718619808,0.695706478526827,computed
MONETARY_BASE,triangulation,old_vs_new,AMBSL,BOGMBASE,6,60,1999-06-01,2004-05-01,60,0.840837215374447,1.2783530257682,0.696012945904162,computed
MONETARY_BASE,triangulation,old_vs_new,AMBSL,BOGMBASE,6,60,1999-07-01,2004-06-01,60,0.841045996247615,1.27994192387346,0.696615656833673,computed
MONETARY_BASE,triangulation,old_vs_new,AMBSL,BOGMBASE,6,60,1999-08-01,2004-07-01,60,0.841811355080398,1.27994730655233,0.695238950584195,computed
MONETARY_BASE,triangulation,old_vs_new,AMBSL,BOGMBASE,6,60,1999-09-01,2004-08-01,60,0.844875732543531,1.28093505143818,0.690168623809666,computed
MONETARY_BASE,triangulation,old_vs_new,AMBSL,BOGMBASE,6,60,1999-10-01,2004-09-01,60,0.845389765292898,1.28445122513128,0.691470475109254,computed
MONETARY_BASE,triangulation,old_vs_new,AMBSL,BOGMBASE,6,60,1999-11-01,2004-10-01,60,0.843673843697871,1.2848588124012,0.694892811955916,computed
MONETARY_BASE,triangulation,old_vs_new,AMBSL,BOGMBASE,6,60,1999-12-01,2004-11-01,60,0.837318237880899,1.27501335416968,0.700340419541541,computed
MONETARY_BASE,triangulation,old_vs_new,AMBSL,BOGMBASE,6,60,2000-01-01,2004-12-01,60,0.829137803588179,1.26979116600912,0.711856356304901,computed
MONETARY_BASE,triangulation,old_vs_new,AMBSL,BOGMBASE,6,60,2000-02-01,2005-01-01,60,0.699625005791923,1.26261592134599,0.90973522100315,computed
MONETARY_BASE,triangulation,old_vs_new,AMBSL,BOGMBASE,6,60,2000-03-01,2005-02-01,60,0.68960652763258,1.23839243624838,0.908641169440801,computed
MONETARY_BASE,triangulation,old_vs_new,AMBSL,BOGMBASE,6,60,2000-04-01,2005-03-01,60,0.638262130131718,1.17059557265487,0.935956578834395,computed
MONETARY_BASE,triangulation,old_vs_new,AMBSL,BOGMBASE,6,60,2000-05-01,2005-04-01,60,0.637273814954816,1.17464515913549,0.939497086133219,computed
MONETARY_BASE,triangulation,old_vs_new,AMBSL,BOGMBASE,6,60,2000-06-01,2005-05-01,60,0.637042807646556,1.17290966705294,0.938822880943687,computed
MONETARY_BASE,triangulation,old_vs_new,AMBSL,BOGMBASE,6,60,2000-07-01,2005-06-01,60,0.638007541756824,1.16723350087897,0.934359251080145,computed
MONETARY_BASE,triangulation,old_vs_new,AMBSL,BOGMBASE,6,60,2000-08-01,2005-07-01,60,0.638736281380769,1.16620241515428,0.932868203306245,computed
MONETARY_BASE,triangulation,old_vs_new,AMBSL,BOGMBASE,6,60,2000-09-01,2005-08-01,60,0.637593812455312,1.16575189259916,0.934044393489558,computed
MONETARY_BASE,triangulation,old_vs_new,AMBSL,BOGMBASE,6,60,2000-10-01,2005-09-01,60,0.638485735833852,1.16874850260025,0.934625916462734,computed
MONETARY_BASE,triangulation,old_vs_new,AMBSL,BOGMBASE,6,60,2000-11-01,2005-10-01,60,0.636226008960891,1.17672786883485,0.942005943370633,computed
MONETARY_BASE,triangulation,old_vs_new,AMBSL,BOGMBASE,6,60,2000-12-01,2005-11-01,60,0.633150831981099,1.18132245195605,0.948478860912692,computed
MONETARY_BASE,triangulation,old_vs_new,AMBSL,BOGMBASE,6,60,2001-01-01,2005-12-01,60,0.629610768771966,1.17937212310293,0.951771685163431,computed
MONETARY_BASE,triangulation,old_vs_new,AMBSL,BOGMBASE,6,60,2001-02-01,2006-01-01,60,0.60261708627724,1.15277029977223,0.969326652271855,computed
MONETARY_BASE,triangulation,old_vs_new,AMBSL,BOGMBASE,6,60,2001-03-01,2006-02-01,60,0.601860698978498,1.14966194726906,0.968428840403651,computed
MONETARY_BASE,triangulation,old_vs_new,AMBSL,BOGMBASE,6,60,2001-04-01,2006-03-01,60,0.595627035515155,1.13852911976323,0.969542989050261,computed
MONETARY_BASE,triangulation,old_vs_new,AMBSL,BOGMBASE,6,60,2001-05-01,2006-04-01,60,0.593772961370822,1.14332584659138,0.974398711146343,computed
MONETARY_BASE,triangulation,old_vs_new,AMBSL,BOGMBASE,6,60,2001-06-01,2006-05-01,60,0.592440405897321,1.14599898117853,0.977483020894185,computed
MONETARY_BASE,triangulation,old_vs_new,AMBSL,BOGMBASE,6,60,2001-07-01,2006-06-01,60,0.592821909587404,1.14891549168254,0.978679262693728,computed
MONETARY_BASE,triangulation,old_vs_new,AMBSL,BOGMBASE,6,60,2001-08-01,2006-07-01,60,0.590406850750764,1.14878242004743,0.98143092328952,computed
MONETARY_BASE,triangulation,old_vs_new,AMBSL,BOGMBASE,6,60,2001-09-01,2006-08-01,60,0.590611227515613,1.14918726949727,0.981420657902547,computed
MONETARY_BASE,triangulation,old_vs_new,AMBSL,BOGMBASE,6,60,2001-10-01,2006-09-01,60,0.524490593976766,1.16743120408939,1.06690595540653,computed
MONETARY_BASE,triangulation,old_vs_new,AMBSL,BOGMBASE,6,60,2001-11-01,2006-10-01,60,-0.129785124977639,1.18931463783114,1.65021801000169,computed
MONETARY_BASE,triangulation,old_vs_new,AMBSL,BOGMBASE,6,60,2001-12-01,2006-11-01,60,-0.25938792109248,1.0666019202959,1.64048691035436,computed
MONETARY_BASE,triangulation,old_vs_new,AMBSL,BOGMBASE,6,60,2002-01-01,2006-12-01,60,-0.348119795988151,1.06068428619734,1.69225273799142,computed
MONETARY_BASE,triangulation,old_vs_new,AMBSL,BOGMBASE,6,60,2002-02-01,2007-01-01,60,-0.381986641769792,1.06804143943832,1.71953671836993,computed
MONETARY_BASE,triangulation,old_vs_new,AMBSL,BOGMBASE,6,60,2002-03-01,2007-02-01,60,-0.383615605982789,1.06374551125629,1.716904982751,computed
MONETARY_BASE,triangulation,old_vs_new,AMBSL,BOGMBASE,6,60,2002-04-01,2007-03-01,60,-0.375775690124454,1.07424964185199,1.72087243777881,computed
MONETARY_BASE,triangulation,old_vs_new,AMBSL,BOGMBASE,6,60,2002-05-01,2007-04-01,60,-0.375739958993367,1.07516039287088,1.72160822516331,computed
MONETARY_BASE,triangulation,old_vs_new,AMBSL,BOGMBASE,6,60,2002-06-01,2007-05-01,60,-0.375785239339921,1.07492296038479,1.72143542489252,computed
MONETARY_BASE,triangulation,old_vs_new,AMBSL,BOGMBASE,6,60,2002-07-01,2007-06-01,60,-0.376525071047521,1.07518001710393,1.72212468646457,computed
MONETARY_BASE,triangulation,old_vs_new,AMBSL,BOGMBASE,6,60,2002-08-01,2007-07-01,60,-0.376623006576333,1.07496685464503,1.72199764316696,computed
MONETARY_BASE,triangulation,old_vs_new,AMBSL,BOGMBASE,6,60,2002-09-01,2007-08-01,60,-0.395110116455268,1.06431567345069,1.72447645325454,computed
MONETARY_BASE,triangulation,old_vs_new,AMBSL,BOGMBASE,6,60,2002-10-01,2007-09-01,60,-0.38420529162262,1.0625650014684,1.71625678826375,computed
MONETARY_BASE,triangulation,old_vs_new,AMBSL,BOGMBASE,6,60,2002-11-01,2007-10-01,60,-0.36512068358028,1.06283991461087,1.70465446287277,computed
MONETARY_BASE,triangulation,old_vs_new,AMBSL,BOGMBASE,6,60,2002-12-01,2007-11-01,60,-0.355593226478699,1.05916828123276,1.69562211773376,computed
MONETARY_BASE,triangulation,old_vs_new,AMBSL,BOGMBASE,6,60,2003-01-01,2007-12-01,60,-0.321171751361581,1.00397660751159,1.62877180673398,computed
MONETARY_BASE,triangulation,old_vs_new,AMBSL,BOGMBASE,6,60,2003-02-01,2008-01-01,60,-0.361094411102537,0.918484655613404,1.58339226547661,computed
MONETARY_BASE,triangulation,old_vs_new,AMBSL,BOGMBASE,6,60,2003-03-01,2008-02-01,60,-0.358275219129975,0.933446779009703,1.5938098585902,computed
MONETARY_BASE,triangulation,old_vs_new,AMBSL,BOGMBASE,6,60,2003-04-01,2008-03-01,60,-0.353458466515153,0.950849859805927,1.60508535726662,computed
MONETARY_BASE,triangulation,old_vs_new,AMBSL,BOGMBASE,6,60,2003-05-01,2008-04-01,60,-0.303426851095065,0.943084039703457,1.56899861543285,computed
MONETARY_BASE,triangulation,old_vs_new,AMBSL,BOGMBASE,6,60,2003-06-01,2008-05-01,60,-0.239511561140045,0.934018583726527,1.52311661199266,computed
MONETARY_BASE,triangulation,old_vs_new,AMBSL,BOGMBASE,6,60,2003-07-01,2008-06-01,60,-0.244476189352911,0.930115114005677,1.523135028307,computed
MONETARY_BASE,triangulation,old_vs_new,AMBSL,BOGMBASE,6,60,2003-08-01,2008-07-01,60,-0.240349467944008,0.924629650547961,1.5163920413449,computed
MONETARY_BASE,triangulation,old_vs_new,AMBSL,BOGMBASE,6,60,2003-09-01,2008-08-01,60,-0.207899339248177,0.925689756493259,1.49726653909955,computed
MONETARY_BASE,triangulation,old_vs_new,AMBSL,BOGMBASE,6,60,2003-10-01,2008-09-01,60,0.624176535427527,0.974448290049162,0.85620922707616,computed
MONETARY_BASE,triangulation,old_vs_new,AMBSL,BOGMBASE,6,60,2003-11-01,2008-10-01,60,0.89501262585905,1.12961697013995,0.504611234994689,computed
MONETARY_BASE,triangulation,old_vs_new,AMBSL,BOGMBASE,6,60,2003-12-01,2008-11-01,60,0.862263518795811,1.06225087186134,0.544971330266063,computed
MONETARY_BASE,triangulation,old_vs_new,AMBSL,BOGMBASE,6,60,2004-01-01,2008-12-01,60,0.889035687590912,0.913646275927969,0.458537632844334,computed
MONETARY_BASE,triangulation,old_vs_new,AMBSL,BOGMBASE,6,60,2004-02-01,2009-01-01,60,0.903002162291628,0.989920123715216,0.43833989610469,computed
MONETARY_BASE,triangulation,old_vs_new,AMBSL,BOGMBASE,6,60,2004-03-01,2009-02-01,60,0.923451230527539,0.989781477335194,0.389408507914761,computed
MONETARY_BASE,triangulation,old_vs_new,AMBSL,BOGMBASE,6,60,2004-04-01,2009-03-01,60,0.940325231378244,1.01274051080094,0.347903512536918,computed
MONETARY_BASE,triangulation,old_vs_new,AMBSL,BOGMBASE,6,60,2004-05-01,2009-04-01,60,0.939635919506918,1.01072898481968,0.349500485445529,computed
MONETARY_BASE,triangulation,old_vs_new,AMBSL,BOGMBASE,6,60,2004-06-01,2009-05-01,60,0.940880328459969,1.0022800751107,0.34426235334666,computed
MONETARY_BASE,triangulation,old_vs_new,AMBSL,BOGMBASE,6,60,2004-07-01,2009-06-01,60,0.943252892637095,1.00526870275835,0.337816546262186,computed
MONETARY_BASE,triangulation,old_vs_new,AMBSL,BOGMBASE,6,60,2004-08-01,2009-07-01,60,0.944610207061119,1.00438719573563,0.333594506387452,computed
MONETARY_BASE,triangulation,old_vs_new,AMBSL,BOGMBASE,6,60,2004-09-01,2009-08-01,60,0.945020506787614,1.00465045962737,0.332405856804408,computed
MONETARY_BASE,triangulation,old_vs_new,AMBSL,BOGMBASE,6,60,2004-10-01,2009-09-01,60,0.945508559270988,1.00386183060966,0.330785210470841,computed
MONETARY_BASE,triangulation,old_vs_new,AMBSL,BOGMBASE,6,60,2004-11-01,2009-10-01,60,0.945572187578023,1.00130875755032,0.330156278088705,computed
MONETARY_BASE,triangulation,old_vs_new,AMBSL,BOGMBASE,6,60,2004-12-01,2009-11-01,60,0.945159474438576,0.993708391433354,0.330201014627903,computed
MONETARY_BASE,triangulation,old_vs_new,AMBSL,BOGMBASE,6,60,2005-01-01,2009-12-01,60,0.946553371215625,0.992443113274507,0.325795442206632,computed
MONETARY_BASE,triangulation,old_vs_new,AMBSL,BOGMBASE,6,60,2005-02-01,2010-01-01,60,0.945973247246029,0.993948446444194,0.327777088127817,computed
MONETARY_BASE,triangulation,old_vs_new,AMBSL,BOGMBASE,6,60,2005-03-01,2010-02-01,60,0.948585661340119,0.996054215849836,0.320061165986918,computed
MONETARY_BASE,triangulation,old_vs_new,AMBSL,BOGMBASE,6,60,2005-04-01,2010-03-01,60,0.951538172579779,0.987172282696101,0.309591473594209,computed
MONETARY_BASE,triangulation,old_vs_new,AMBSL,BOGMBASE,6,60,2005-05-01,2010-04-01,60,0.95144742665616,0.98775159392418,0.30994647532036,computed
MONETARY_BASE,triangulation,old_vs_new,AMBSL,BOGMBASE,6,60,2005-06-01,2010-05-01,60,0.951662327430215,0.989267847230467,0.309439814561705,computed
MONETARY_BASE,triangulation,old_vs_new,AMBSL,BOGMBASE,6,60,2005-07-01,2010-06-01,60,0.951647272732698,0.989521748596501,0.309518917288131,computed
MONETARY_BASE,triangulation,old_vs_new,AMBSL,BOGMBASE,6,60,2005-08-01,2010-07-01,60,0.951646817346617,0.9895439451384,0.3095231117981,computed
MONETARY_BASE,triangulation,old_vs_new,AMBSL,BOGMBASE,6,60,2005-09-01,2010-08-01,60,0.951686589838161,0.989493888710089,0.309390719955508,computed
MONETARY_BASE,triangulation,old_vs_new,AMBSL,BOGMBASE,6,60,2005-10-01,2010-09-01,60,0.951830358539377,0.98931383473764,0.308907914255779,computed
MONETARY_BASE,triangulation,old_vs_new,AMBSL,BOGMBASE,6,60,2005-11-01,2010-10-01,60,0.951939601466223,0.987535897313063,0.308348563155919,computed
MONETARY_BASE,triangulation,old_vs_new,AMBSL,BOGMBASE,6,60,2005-12-01,2010-11-01,60,0.951330629248761,0.986760779865074,0.310203438802599,computed
MONETARY_BASE,triangulation,old_vs_new,AMBSL,BOGMBASE,6,60,2006-01-01,2010-12-01,60,0.951597113073831,0.987187112488778,0.309402555617971,computed
MONETARY_BASE,triangulation,old_vs_new,AMBSL,BOGMBASE,6,60,2006-02-01,2011-01-01,60,0.952337049169786,0.986878158879725,0.306998205015849,computed
MONETARY_BASE,triangulation,old_vs_new,AMBSL,BOGMBASE,6,60,2006-03-01,2011-02-01,60,0.953876159989772,0.986574330056317,0.301976792007909,computed
MONETARY_BASE,triangulation,old_vs_new,AMBSL,BOGMBASE,6,60,2006-04-01,2011-03-01,60,0.954048849745353,0.986445294187002,0.301400512993753,computed
MONETARY_BASE,triangulation,old_vs_new,AMBSL,BOGMBASE,6,60,2006-05-01,2011-04-01,60,0.954809726301101,0.986643155743264,0.298918872176422,computed
MONETARY_BASE,triangulation,old_vs_new,AMBSL,BOGMBASE,6,60,2006-06-01,2011-05-01,60,0.954905175823269,0.98586876604068,0.298522819816308,computed
MONETARY_BASE,triangulation,old_vs_new,AMBSL,BOGMBASE,6,60,2006-07-01,2011-06-01,60,0.954849788756699,0.985603806833079,0.29867662203349,computed
MONETARY_BASE,triangulation,old_vs_new,AMBSL,BOGMBASE,6,60,2006-08-01,2011-07-01,60,0.954978818753668,0.985464646247968,0.298236280676646,computed
MONETARY_BASE,triangulation,old_vs_new,AMBSL,BOGMBASE,6,60,2006-09-01,2011-08-01,60,0.955144365078015,0.98611108395967,0.297755247248223,computed
MONETARY_BASE,triangulation,old_vs_new,AMBSL,BOGMBASE,6,60,2006-10-01,2011-09-01,60,0.955149976743703,0.986098949281403,0.297735387261407,computed
MONETARY_BASE,triangulation,old_vs_new,AMBSL,BOGMBASE,6,60,2006-11-01,2011-10-01,60,0.955024045541305,0.985256388924808,0.298067604706429,computed
MONETARY_BASE,triangulation,old_vs_new,AMBSL,BOGMBASE,6,60,2006-12-01,2011-11-01,60,0.954582926077441,0.982205997202164,0.299224862962266,computed
MONETARY_BASE,triangulation,old_vs_new,AMBSL,BOGMBASE,6,60,2007-01-01,2011-12-01,60,0.954942562490519,0.982870278689378,0.298102919340677,computed
MONETARY_BASE,triangulation,old_vs_new,AMBSL,BOGMBASE,6,60,2007-02-01,2012-01-01,60,0.956003916585331,0.979885308391284,0.294325973802762,computed
MONETARY_BASE,triangulation,old_vs_new,AMBSL,BOGMBASE,6,60,2007-03-01,2012-02-01,60,0.956078197546976,0.979626165790483,0.294059035401661,computed
MONETARY_BASE,triangulation,old_vs_new,AMBSL,BOGMBASE,6,60,2007-04-01,2012-03-01,60,0.956183158313685,0.974883660557288,0.293368295465056,computed
MONETARY_BASE,triangulation,old_vs_new,AMBSL,BOGMBASE,6,60,2007-05-01,2012-04-01,60,0.956143865644866,0.97442059217191,0.293469872774298,computed
MONETARY_BASE,triangulation,old_vs_new,AMBSL,BOGMBASE,6,60,2007-06-01,2012-05-01,60,0.955944931665307,0.974031688514803,0.294105030094223,computed
MONETARY_BASE,triangulation,old_vs_new,AMBSL,BOGMBASE,6,60,2007-07-01,2012-06-01,60,0.955776864313529,0.973131760963672,0.294606204943188,computed
MONETARY_BASE,triangulation,old_vs_new,AMBSL,BOGMBASE,6,60,2007-08-01,2012-07-01,60,0.955712106979343,0.973428980749289,0.294836049045927,computed
MONETARY_BASE,triangulation,old_vs_new,AMBSL,BOGMBASE,6,60,2007-09-01,2012-08-01,60,0.955758938808606,0.973507795209854,0.294686872312578,computed
MONETARY_BASE,triangulation,old_vs_new,AMBSL,BOGMBASE,6,60,2007-10-01,2012-09-01,60,0.955884027621053,0.973962961650232,0.294300278996396,computed
MONETARY_BASE,triangulation,old_vs_new,AMBSL,BOGMBASE,6,60,2007-11-01,2012-10-01,60,0.956170731607546,0.973229939526313,0.293307094905432,computed
MONETARY_BASE,triangulation,old_vs_new,AMBSL,BOGMBASE,6,60,2007-12-01,2012-11-01,60,0.955831929441133,0.973267971834806,0.294431390951256,computed
MONETARY_BASE,triangulation,old_vs_new,AMBSL,BOGMBASE,6,60,2008-01-01,2012-12-01,60,0.956023380170869,0.973570201758188,0.293815213203741,computed
MONETARY_BASE,triangulation,old_vs_new,AMBSL,BOGMBASE,6,60,2008-02-01,2013-01-01,60,0.957161800841205,0.969640553273405,0.289824177777248,computed
MONETARY_BASE,triangulation,old_vs_new,AMBSL,BOGMBASE,6,60,2008-03-01,2013-02-01,60,0.957257745253259,0.969721002562146,0.289504705216071,computed
MONETARY_BASE,triangulation,old_vs_new,AMBSL,BOGMBASE,6,60,2008-04-01,2013-03-01,60,0.957462603477108,0.969357042891052,0.288804241026613,computed
MONETARY_BASE,triangulation,old_vs_new,AMBSL,BOGMBASE,6,60,2008-05-01,2013-04-01,60,0.957399094162692,0.969240709754844,0.289010820902429,computed
MONETARY_BASE,triangulation,old_vs_new,AMBSL,BOGMBASE,6,60,2008-06-01,2013-05-01,60,0.957385837191075,0.96956941267693,0.289073479145993,computed
MONETARY_BASE,triangulation,old_vs_new,AMBSL,BOGMBASE,6,60,2008-07-01,2013-06-01,60,0.957385892599735,0.969766571190663,0.28907810432364,computed
MONETARY_BASE,triangulation,old_vs_new,AMBSL,BOGMBASE,6,60,2008-08-01,2013-07-01,60,0.957433060367082,0.969848559637912,0.288922750018023,computed
MONETARY_BASE,triangulation,old_vs_new,AMBSL,BOGMBASE,6,60,2008-09-01,2013-08-01,60,0.957417694254612,0.969859264950753,0.288974313936259,computed
MONETARY_BASE,triangulation,old_vs_new,AMBSL,BOGMBASE,6,60,2008-10-01,2013-09-01,60,0.955736627980521,0.968821745135285,0.294514377646168,computed
MONETARY_BASE,triangulation,old_vs_new,AMBSL,BOGMBASE,6,60,2008-11-01,2013-10-01,60,0.951779421903233,0.930467123495254,0.307729971022856,computed
MONETARY_BASE,triangulation,old_vs_new,AMBSL,BOGMBASE,6,60,2008-12-01,2013-11-01,60,0.959136577812532,0.946105632834077,0.283459411956539,computed
MONETARY_BASE,triangulation,old_vs_new,AMBSL,BOGMBASE,6,60,2009-01-01,2013-12-01,60,0.96300414756316,0.994570093553296,0.271372638702886,computed
MONETARY_BASE,triangulation,old_vs_new,AMBSL,BOGMBASE,6,60,2009-02-01,2014-01-01,60,0.963130954774703,0.950138806465134,0.269347090813422,computed
MONETARY_BASE,triangulation,old_vs_new,AMBSL,BOGMBASE,6,60,2009-03-01,2014-02-01,60,0.955137335075843,0.942582525424859,0.29642935989429,computed
MONETARY_BASE,triangulation,old_vs_new,AMBSL,BOGMBASE,6,60,2009-04-01,2014-03-01,60,0.94275629050707,0.880486743378113,0.339264557849314,computed
MONETARY_BASE,triangulation,old_vs_new,AMBSL,BOGMBASE,6,60,2009-05-01,2014-04-01,60,0.943529776378968,0.883471916637384,0.336720989146294,computed
MONETARY_BASE,triangulation,old_vs_new,AMBSL,BOGMBASE,6,60,2009-06-01,2014-05-01,60,0.940138392023112,0.890438997207752,0.34440136388634,computed
MONETARY_BASE,triangulation,old_vs_new,AMBSL,BOGMBASE,6,60,2009-07-01,2014-06-01,60,0.936023978369291,0.872065167162718,0.357702470918794,computed
MONETARY_BASE,triangulation,old_vs_new,AMBSL,BOGMBASE,6,60,2009-08-01,2014-07-01,60,0.932359769854879,0.866314184577189,0.367515208333314,computed
MONETARY_BASE,triangulation,old_vs_new,AMBSL,BOGMBASE,6,60,2009-09-01,2014-08-01,60,0.931652224731071,0.862593500390467,0.36985878295667,computed
MONETARY_BASE,triangulation,old_vs_new,AMBSL,BOGMBASE,6,60,2009-10-01,2014-09-01,60,0.931119682264229,0.863199577808613,0.370984202734957,computed
MONETARY_BASE,triangulation,old_vs_new,AMBSL,BOGMBASE,6,60,2009-11-01,2014-10-01,60,0.929881480194356,0.867353660711482,0.373152722000434,computed
MONETARY_BASE,triangulation,old_vs_new,AMBSL,BOGMBASE,6,60,2009-12-01,2014-11-01,60,0.932651284900479,0.876794103472947,0.365091204378634,computed
MONETARY_BASE,triangulation,old_vs_new,AMBSL,BOGMBASE,6,60,2010-01-01,2014-12-01,60,0.93368158606644,0.903523259062854,0.359372102661247,computed
MONETARY_BASE,triangulation,old_vs_new,AMBSL,BOGMBASE,6,60,2010-02-01,2015-01-01,60,0.935992986558123,0.897880952155074,0.354078238754283,computed
MONETARY_BASE,triangulation,old_vs_new,AMBSL,BOGMBASE,6,60,2010-03-01,2015-02-01,60,0.935848058316042,0.884092150039046,0.356189809279651,computed
MONETARY_BASE,triangulation,old_vs_new,AMBSL,BOGMBASE,6,60,2010-04-01,2015-03-01,60,0.938408424031741,0.917109087334299,0.346238984239841,computed
MONETARY_BASE,triangulation,old_vs_new,AMBSL,BOGMBASE,6,60,2010-05-01,2015-04-01,60,0.941694416815118,0.907425429509151,0.338238715776511,computed
MONETARY_BASE,triangulation,old_vs_new,AMBSL,BOGMBASE,6,60,2010-06-01,2015-05-01,60,0.942948646758927,0.905116797431392,0.335081408913157,computed
MONETARY_BASE,triangulation,old_vs_new,AMBSL,BOGMBASE,6,60,2010-07-01,2015-06-01,60,0.943261206268032,0.90051874138371,0.334810088878614,computed
MONETARY_BASE,triangulation,old_vs_new,AMBSL,BOGMBASE,6,60,2010-08-01,2015-07-01,60,0.942798064384545,0.903199055603738,0.335708229819827,computed
MONETARY_BASE,triangulation,old_vs_new,AMBSL,BOGMBASE,6,60,2010-09-01,2015-08-01,60,0.942815561008025,0.903098075796622,0.335675858245334,computed
MONETARY_BASE,triangulation,old_vs_new,AMBSL,BOGMBASE,6,60,2010-10-01,2015-09-01,60,0.942455965859224,0.902308530305468,0.336732463832516,computed
MONETARY_BASE,triangulation,old_vs_new,AMBSL,BOGMBASE,6,60,2010-11-01,2015-10-01,60,0.942200904559644,0.905573628047341,0.337054659732352,computed
MONETARY_BASE,triangulation,old_vs_new,AMBSL,BOGMBASE,6,60,2010-12-01,2015-11-01,60,0.946367092584781,0.903139471649651,0.325985813645226,computed
MONETARY_BASE,triangulation,old_vs_new,AMBSL,BOGMBASE,6,60,2011-01-01,2015-12-01,60,0.947658276967403,0.899963372060656,0.322833946948295,computed
MONETARY_BASE,triangulation,old_vs_new,AMBSL,BOGMBASE,6,60,2011-02-01,2016-01-01,60,0.953762863922373,0.895509234908921,0.306178129477867,computed
MONETARY_BASE,triangulation,old_vs_new,AMBSL,BOGMBASE,6,60,2011-03-01,2016-02-01,60,0.950730655274235,0.882169595023782,0.31751367496556,computed
MONETARY_BASE,triangulation,old_vs_new,AMBSL,BOGMBASE,6,60,2011-04-01,2016-03-01,60,0.950717133672718,0.877024492071203,0.318697711868291,computed
MONETARY_BASE,triangulation,old_vs_new,AMBSL,BOGMBASE,6,60,2011-05-01,2016-04-01,60,0.949075870186558,0.873581688112335,0.323970344519188,computed
MONETARY_BASE,triangulation,old_vs_new,AMBSL,BOGMBASE,6,60,2011-06-01,2016-05-01,60,0.948411132287821,0.87387798241276,0.325686417135287,computed
MONETARY_BASE,triangulation,old_vs_new,AMBSL,BOGMBASE,6,60,2011-07-01,2016-06-01,60,0.948550111717239,0.873813682713095,0.325327865502419,computed
MONETARY_BASE,triangulation,old_vs_new,AMBSL,BOGMBASE,6,60,2011-08-01,2016-07-01,60,0.948302172623368,0.873565742533582,0.326050080945877,computed
MONETARY_BASE,triangulation,old_vs_new,AMBSL,BOGMBASE,6,60,2011-09-01,2016-08-01,60,0.949125822233531,0.870534178431014,0.324556905491814,computed
MONETARY_BASE,triangulation,old_vs_new,AMBSL,BOGMBASE,6,60,2011-10-01,2016-09-01,60,0.950844494947094,0.869956028472449,0.320060524037311,computed
MONETARY_BASE,triangulation,old_vs_new,AMBSL,BOGMBASE,6,60,2011-11-01,2016-10-01,60,0.950132712643885,0.876820635963424,0.320349558544071,computed
MONETARY_BASE,triangulation,old_vs_new,AMBSL,BOGMBASE,6,60,2011-12-01,2016-11-01,60,0.952137963503533,0.903605914787777,0.309505374811691,computed
MONETARY_BASE,triangulation,old_vs_new,AMBSL,BOGMBASE,6,60,2012-01-01,2016-12-01,60,0.954526599716763,0.899860080948381,0.303097467484514,computed
MONETARY_BASE,triangulation,old_vs_new,AMBSL,BOGMBASE,6,60,2012-02-01,2017-01-01,60,0.959911767300708,0.893113061661813,0.288156199072462,computed
MONETARY_BASE,triangulation,old_vs_new,AMBSL,BOGMBASE,6,60,2012-03-01,2017-02-01,60,0.960288126149942,0.893016892662105,0.287007743428054,computed
MONETARY_BASE,triangulation,old_vs_new,AMBSL,BOGMBASE,6,60,2012-04-01,2017-03-01,60,0.959341200634391,0.898338885814806,0.288768526968046,computed
MONETARY_BASE,triangulation,old_vs_new,AMBSL,BOGMBASE,6,60,2012-05-01,2017-04-01,60,0.960335690685704,0.90290822788846,0.284700434640514,computed
MONETARY_BASE,triangulation,old_vs_new,AMBSL,BOGMBASE,6,60,2012-06-01,2017-05-01,60,0.960776957234702,0.903624958535615,0.283157141414996,computed
MONETARY_BASE,triangulation,old_vs_new,AMBSL,BOGMBASE,6,60,2012-07-01,2017-06-01,60,0.961090642755869,0.904584304796344,0.281953475335275,computed
MONETARY_BASE,triangulation,old_vs_new,AMBSL,BOGMBASE,6,60,2012-08-01,2017-07-01,60,0.960199228357105,0.905183213603698,0.284697585423222,computed
MONETARY_BASE,triangulation,old_vs_new,AMBSL,BOGMBASE,6,60,2012-09-01,2017-08-01,60,0.960171952364412,0.90142952179752,0.285525460547063,computed
MONETARY_BASE,triangulation,old_vs_new,AMBSL,BOGMBASE,6,60,2012-10-01,2017-09-01,60,0.961354068122293,0.899458558500278,0.282191750783285,computed
MONETARY_BASE,triangulation,old_vs_new,AMBSL,BOGMBASE,6,60,2012-11-01,2017-10-01,60,0.959767953822251,0.899905783930307,0.287106565380172,computed
MONETARY_BASE,triangulation,old_vs_new,AMBSL,BOGMBASE,6,60,2012-12-01,2017-11-01,60,0.959236162436223,0.907377512623511,0.287324835320871,computed
MONETARY_BASE,triangulation,old_vs_new,AMBSL,BOGMBASE,6,60,2013-01-01,2017-12-01,60,0.96067158462749,0.906771432047948,0.282872685989961,computed
MONETARY_BASE,triangulation,old_vs_new,AMBSL,BOGMBASE,6,60,2013-02-01,2018-01-01,60,0.96195597096283,0.911066520729156,0.277907196416015,computed
MONETARY_BASE,triangulation,old_vs_new,AMBSL,BOGMBASE,6,60,2013-03-01,2018-02-01,60,0.962145850004834,0.910166806322044,0.277449225856681,computed
MONETARY_BASE,triangulation,old_vs_new,AMBSL,BOGMBASE,6,60,2013-04-01,2018-03-01,60,0.96222864289264,0.907217129591023,0.277751771013758,computed
MONETARY_BASE,triangulation,old_vs_new,AMBSL,BOGMBASE,6,60,2013-05-01,2018-04-01,60,0.962357578272602,0.907712127642608,0.27722606790209,computed
MONETARY_BASE,triangulation,old_vs_new,AMBSL,BOGMBASE,6,60,2013-06-01,2018-05-01,60,0.962393313590576,0.907437013048006,0.277165111809641,computed
MONETARY_BASE,triangulation,old_vs_new,AMBSL,BOGMBASE,6,60,2013-07-01,2018-06-01,60,0.962528933644092,0.906605736295497,0.276887767042873,computed
MONETARY_BASE,triangulation,old_vs_new,AMBSL,BOGMBASE,6,60,2013-08-01,2018-07-01,60,0.962327451134304,0.906263738917085,0.277617815306718,computed
MONETARY_BASE,triangulation,old_vs_new,AMBSL,BOGMBASE,6,60,2013-09-01,2018-08-01,60,0.962058332287474,0.906045382202624,0.278535373908921,computed
MONETARY_BASE,triangulation,old_vs_new,AMBSL,BOGMBASE,6,60,2013-10-01,2018-09-01,60,0.961902140350739,0.906065248029926,0.279039992327254,computed
MONETARY_BASE,triangulation,old_vs_new,AMBSL,BOGMBASE,6,60,2013-11-01,2018-10-01,60,0.961210732422302,0.906367727510163,0.281217958769473,computed
MONETARY_BASE,triangulation,old_vs_new,AMBSL,BOGMBASE,6,60,2013-12-01,2018-11-01,60,0.960701921689144,0.906075007383083,0.282906250014203,computed
MONETARY_BASE,triangulation,old_vs_new,AMBSL,BOGMBASE,6,60,2014-01-01,2018-12-01,60,0.960445345273147,0.906637838536696,0.283619574505789,computed
MONETARY_BASE,triangulation,old_vs_new,AMBSL,BOGMBASE,6,60,2014-02-01,2019-01-01,60,0.962417256926229,0.903765750392996,0.277841234267386,computed
MONETARY_BASE,triangulation,old_vs_new,AMBSL,BOGMBASE,6,60,2014-03-01,2019-02-01,60,0.962452609413823,0.901452727474686,0.278221667757406,computed
MONETARY_BASE,triangulation,old_vs_new,AMBSL,BOGMBASE,6,60,2014-04-01,2019-03-01,60,0.961384589519119,0.903410456129526,0.281249366658117,computed
MONETARY_BASE,triangulation,old_vs_new,AMBSL,BOGMBASE,6,60,2014-05-01,2019-04-01,60,0.962241438269611,0.906039943844674,0.277939798747149,computed
MONETARY_BASE,triangulation,old_vs_new,AMBSL,BOGMBASE,6,60,2014-06-01,2019-05-01,60,0.962106686449786,0.906944621066269,0.278198246984373,computed
MONETARY_BASE,triangulation,old_vs_new,AMBSL,BOGMBASE,6,60,2014-07-01,2019-06-01,60,0.962330975463681,0.907868418311911,0.277282198107192,computed
MONETARY_BASE,triangulation,old_vs_new,AMBSL,BOGMBASE,6,60,2014-08-01,2019-07-01,60,0.962487402907227,0.907715851437771,0.276801207326285,computed
MONETARY_BASE,triangulation,old_vs_new,AMBSL,BOGMBASE,6,60,2014-09-01,2019-08-01,60,0.962332583702978,0.907031449984544,0.277443975467305,computed
MONETARY_BASE,triangulation,old_vs_new,AMBSL,BOGMBASE,6,60,2014-10-01,2019-09-01,60,0.962292711480843,0.904499480165478,0.278094193498083,computed
MONETARY_BASE,triangulation,old_vs_new,AMBSL,BOGMBASE,6,60,2014-11-01,2019-10-01,60,0.963311413882711,0.899782185024114,0.275807152034954,computed
MONETARY_BASE,triangulation,old_vs_new,AMBSL,BOGMBASE,6,60,2014-12-01,2019-11-01,60,0.961302893068679,0.902743680997182,0.281648606000211,computed
PPI_FINISHED_CONSUMER_GOODS,pairwise,old_vs_new,PPIFCG,WPSFD49502,6,60,1947-06-01,1952-05-01,60,1,1,0,computed
PPI_FINISHED_CONSUMER_GOODS,pairwise,old_vs_new,PPIFCG,WPSFD49502,6,60,1947-07-01,1952-06-01,60,1,1,0,computed
PPI_FINISHED_CONSUMER_GOODS,pairwise,old_vs_new,PPIFCG,WPSFD49502,6,60,1947-08-01,1952-07-01,60,1,1,0,computed
PPI_FINISHED_CONSUMER_GOODS,pairwise,old_vs_new,PPIFCG,WPSFD49502,6,60,1947-09-01,1952-08-01,60,1,1,0,computed
PPI_FINISHED_CONSUMER_GOODS,pairwise,old_vs_new,PPIFCG,WPSFD49502,6,60,1947-10-01,1952-09-01,60,1,1,0,computed
PPI_FINISHED_CONSUMER_GOODS,pairwise,old_vs_new,PPIFCG,WPSFD49502,6,60,1947-11-01,1952-10-01,60,1,1,0,computed
PPI_FINISHED_CONSUMER_GOODS,pairwise,old_vs_new,PPIFCG,WPSFD49502,6,60,1947-12-01,1952-11-01,60,1,1,0,computed
PPI_FINISHED_CONSUMER_GOODS,pairwise,old_vs_new,PPIFCG,WPSFD49502,6,60,1948-01-01,1952-12-01,60,1,1,0,computed
PPI_FINISHED_CONSUMER_GOODS,pairwise,old_vs_new,PPIFCG,WPSFD49502,6,60,1948-02-01,1953-01-01,60,1,1,0,computed
PPI_FINISHED_CONSUMER_GOODS,pairwise,old_vs_new,PPIFCG,WPSFD49502,6,60,1948-03-01,1953-02-01,60,1,1,0,computed
PPI_FINISHED_CONSUMER_GOODS,pairwise,old_vs_new,PPIFCG,WPSFD49502,6,60,1948-04-01,1953-03-01,60,1,1,0,computed
PPI_FINISHED_CONSUMER_GOODS,pairwise,old_vs_new,PPIFCG,WPSFD49502,6,60,1948-05-01,1953-04-01,60,1,1,0,computed
PPI_FINISHED_CONSUMER_GOODS,pairwise,old_vs_new,PPIFCG,WPSFD49502,6,60,1948-06-01,1953-05-01,60,1,1,0,computed
PPI_FINISHED_CONSUMER_GOODS,pairwise,old_vs_new,PPIFCG,WPSFD49502,6,60,1948-07-01,1953-06-01,60,1,1,0,computed
PPI_FINISHED_CONSUMER_GOODS,pairwise,old_vs_new,PPIFCG,WPSFD49502,6,60,1948-08-01,1953-07-01,60,1,1,0,computed
PPI_FINISHED_CONSUMER_GOODS,pairwise,old_vs_new,PPIFCG,WPSFD49502,6,60,1948-09-01,1953-08-01,60,1,1,0,computed
PPI_FINISHED_CONSUMER_GOODS,pairwise,old_vs_new,PPIFCG,WPSFD49502,6,60,1948-10-01,1953-09-01,60,1,1,0,computed
PPI_FINISHED_CONSUMER_GOODS,pairwise,old_vs_new,PPIFCG,WPSFD49502,6,60,1948-11-01,1953-10-01,60,1,1,0,computed
PPI_FINISHED_CONSUMER_GOODS,pairwise,old_vs_new,PPIFCG,WPSFD49502,6,60,1948-12-01,1953-11-01,60,1,1,0,computed
PPI_FINISHED_CONSUMER_GOODS,pairwise,old_vs_new,PPIFCG,WPSFD49502,6,60,1949-01-01,1953-12-01,60,1,1,0,computed
PPI_FINISHED_CONSUMER_GOODS,pairwise,old_vs_new,PPIFCG,WPSFD49502,6,60,1949-02-01,1954-01-01,60,1,1,0,computed
PPI_FINISHED_CONSUMER_GOODS,pairwise,old_vs_new,PPIFCG,WPSFD49502,6,60,1949-03-01,1954-02-01,60,1,1,0,computed
PPI_FINISHED_CONSUMER_GOODS,pairwise,old_vs_new,PPIFCG,WPSFD49502,6,60,1949-04-01,1954-03-01,60,1,1,0,computed
PPI_FINISHED_CONSUMER_GOODS,pairwise,old_vs_new,PPIFCG,WPSFD49502,6,60,1949-05-01,1954-04-01,60,1,1,0,computed
PPI_FINISHED_CONSUMER_GOODS,pairwise,old_vs_new,PPIFCG,WPSFD49502,6,60,1949-06-01,1954-05-01,60,1,1,0,computed
PPI_FINISHED_CONSUMER_GOODS,pairwise,old_vs_new,PPIFCG,WPSFD49502,6,60,1949-07-01,1954-06-01,60,1,1,0,computed
PPI_FINISHED_CONSUMER_GOODS,pairwise,old_vs_new,PPIFCG,WPSFD49502,6,60,1949-08-01,1954-07-01,60,1,1,0,computed
PPI_FINISHED_CONSUMER_GOODS,pairwise,old_vs_new,PPIFCG,WPSFD49502,6,60,1949-09-01,1954-08-01,60,1,1,0,computed
PPI_FINISHED_CONSUMER_GOODS,pairwise,old_vs_new,PPIFCG,WPSFD49502,6,60,1949-10-01,1954-09-01,60,1,1,0,computed
PPI_FINISHED_CONSUMER_GOODS,pairwise,old_vs_new,PPIFCG,WPSFD49502,6,60,1949-11-01,1954-10-01,60,1,1,0,computed
PPI_FINISHED_CONSUMER_GOODS,pairwise,old_vs_new,PPIFCG,WPSFD49502,6,60,1949-12-01,1954-11-01,60,1,1,0,computed
PPI_FINISHED_CONSUMER_GOODS,pairwise,old_vs_new,PPIFCG,WPSFD49502,6,60,1950-01-01,1954-12-01,60,1,1,0,computed
PPI_FINISHED_CONSUMER_GOODS,pairwise,old_vs_new,PPIFCG,WPSFD49502,6,60,1950-02-01,1955-01-01,60,1,1,0,computed
PPI_FINISHED_CONSUMER_GOODS,pairwise,old_vs_new,PPIFCG,WPSFD49502,6,60,1950-03-01,1955-02-01,60,1,1,0,computed
PPI_FINISHED_CONSUMER_GOODS,pairwise,old_vs_new,PPIFCG,WPSFD49502,6,60,1950-04-01,1955-03-01,60,1,1,0,computed
PPI_FINISHED_CONSUMER_GOODS,pairwise,old_vs_new,PPIFCG,WPSFD49502,6,60,1950-05-01,1955-04-01,60,1,1,0,computed
PPI_FINISHED_CONSUMER_GOODS,pairwise,old_vs_new,PPIFCG,WPSFD49502,6,60,1950-06-01,1955-05-01,60,1,1,0,computed
PPI_FINISHED_CONSUMER_GOODS,pairwise,old_vs_new,PPIFCG,WPSFD49502,6,60,1950-07-01,1955-06-01,60,1,1,0,computed
PPI_FINISHED_CONSUMER_GOODS,pairwise,old_vs_new,PPIFCG,WPSFD49502,6,60,1950-08-01,1955-07-01,60,1,1,0,computed
PPI_FINISHED_CONSUMER_GOODS,pairwise,old_vs_new,PPIFCG,WPSFD49502,6,60,1950-09-01,1955-08-01,60,1,1,0,computed
PPI_FINISHED_CONSUMER_GOODS,pairwise,old_vs_new,PPIFCG,WPSFD49502,6,60,1950-10-01,1955-09-01,60,1,1,0,computed
PPI_FINISHED_CONSUMER_GOODS,pairwise,old_vs_new,PPIFCG,WPSFD49502,6,60,1950-11-01,1955-10-01,60,1,1,0,computed
PPI_FINISHED_CONSUMER_GOODS,pairwise,old_vs_new,PPIFCG,WPSFD49502,6,60,1950-12-01,1955-11-01,60,1,1,0,computed
PPI_FINISHED_CONSUMER_GOODS,pairwise,old_vs_new,PPIFCG,WPSFD49502,6,60,1951-01-01,1955-12-01,60,1,1,0,computed
PPI_FINISHED_CONSUMER_GOODS,pairwise,old_vs_new,PPIFCG,WPSFD49502,6,60,1951-02-01,1956-01-01,60,1,1,0,computed
PPI_FINISHED_CONSUMER_GOODS,pairwise,old_vs_new,PPIFCG,WPSFD49502,6,60,1951-03-01,1956-02-01,60,1,1,0,computed
PPI_FINISHED_CONSUMER_GOODS,pairwise,old_vs_new,PPIFCG,WPSFD49502,6,60,1951-04-01,1956-03-01,60,1,1,0,computed
PPI_FINISHED_CONSUMER_GOODS,pairwise,old_vs_new,PPIFCG,WPSFD49502,6,60,1951-05-01,1956-04-01,60,1,1,0,computed
PPI_FINISHED_CONSUMER_GOODS,pairwise,old_vs_new,PPIFCG,WPSFD49502,6,60,1951-06-01,1956-05-01,60,1,1,0,computed
PPI_FINISHED_CONSUMER_GOODS,pairwise,old_vs_new,PPIFCG,WPSFD49502,6,60,1951-07-01,1956-06-01,60,1,1,0,computed
PPI_FINISHED_CONSUMER_GOODS,pairwise,old_vs_new,PPIFCG,WPSFD49502,6,60,1951-08-01,1956-07-01,60,1,1,0,computed
PPI_FINISHED_CONSUMER_GOODS,pairwise,old_vs_new,PPIFCG,WPSFD49502,6,60,1951-09-01,1956-08-01,60,1,1,0,computed
PPI_FINISHED_CONSUMER_GOODS,pairwise,old_vs_new,PPIFCG,WPSFD49502,6,60,1951-10-01,1956-09-01,60,1,1,0,computed
PPI_FINISHED_CONSUMER_GOODS,pairwise,old_vs_new,PPIFCG,WPSFD49502,6,60,1951-11-01,1956-10-01,60,1,1,0,computed
PPI_FINISHED_CONSUMER_GOODS,pairwise,old_vs_new,PPIFCG,WPSFD49502,6,60,1951-12-01,1956-11-01,60,1,1,0,computed
PPI_FINISHED_CONSUMER_GOODS,pairwise,old_vs_new,PPIFCG,WPSFD49502,6,60,1952-01-01,1956-12-01,60,1,1,0,computed
PPI_FINISHED_CONSUMER_GOODS,pairwise,old_vs_new,PPIFCG,WPSFD49502,6,60,1952-02-01,1957-01-01,60,1,1,0,computed
PPI_FINISHED_CONSUMER_GOODS,pairwise,old_vs_new,PPIFCG,WPSFD49502,6,60,1952-03-01,1957-02-01,60,1,1,0,computed
PPI_FINISHED_CONSUMER_GOODS,pairwise,old_vs_new,PPIFCG,WPSFD49502,6,60,1952-04-01,1957-03-01,60,1,1,0,computed
PPI_FINISHED_CONSUMER_GOODS,pairwise,old_vs_new,PPIFCG,WPSFD49502,6,60,1952-05-01,1957-04-01,60,1,1,0,computed
PPI_FINISHED_CONSUMER_GOODS,pairwise,old_vs_new,PPIFCG,WPSFD49502,6,60,1952-06-01,1957-05-01,60,1,1,0,computed
PPI_FINISHED_CONSUMER_GOODS,pairwise,old_vs_new,PPIFCG,WPSFD49502,6,60,1952-07-01,1957-06-01,60,1,1,0,computed
PPI_FINISHED_CONSUMER_GOODS,pairwise,old_vs_new,PPIFCG,WPSFD49502,6,60,1952-08-01,1957-07-01,60,1,1,0,computed
PPI_FINISHED_CONSUMER_GOODS,pairwise,old_vs_new,PPIFCG,WPSFD49502,6,60,1952-09-01,1957-08-01,60,1,1,0,computed
PPI_FINISHED_CONSUMER_GOODS,pairwise,old_vs_new,PPIFCG,WPSFD49502,6,60,1952-10-01,1957-09-01,60,1,1,0,computed
PPI_FINISHED_CONSUMER_GOODS,pairwise,old_vs_new,PPIFCG,WPSFD49502,6,60,1952-11-01,1957-10-01,60,1,1,0,computed
PPI_FINISHED_CONSUMER_GOODS,pairwise,old_vs_new,PPIFCG,WPSFD49502,6,60,1952-12-01,1957-11-01,60,1,1,0,computed
PPI_FINISHED_CONSUMER_GOODS,pairwise,old_vs_new,PPIFCG,WPSFD49502,6,60,1953-01-01,1957-12-01,60,1,1,0,computed
PPI_FINISHED_CONSUMER_GOODS,pairwise,old_vs_new,PPIFCG,WPSFD49502,6,60,1953-02-01,1958-01-01,60,1,1,0,computed
PPI_FINISHED_CONSUMER_GOODS,pairwise,old_vs_new,PPIFCG,WPSFD49502,6,60,1953-03-01,1958-02-01,60,1,1,0,computed
PPI_FINISHED_CONSUMER_GOODS,pairwise,old_vs_new,PPIFCG,WPSFD49502,6,60,1953-04-01,1958-03-01,60,1,1,0,computed
PPI_FINISHED_CONSUMER_GOODS,pairwise,old_vs_new,PPIFCG,WPSFD49502,6,60,1953-05-01,1958-04-01,60,1,1,0,computed
PPI_FINISHED_CONSUMER_GOODS,pairwise,old_vs_new,PPIFCG,WPSFD49502,6,60,1953-06-01,1958-05-01,60,1,1,0,computed
PPI_FINISHED_CONSUMER_GOODS,pairwise,old_vs_new,PPIFCG,WPSFD49502,6,60,1953-07-01,1958-06-01,60,1,1,0,computed
PPI_FINISHED_CONSUMER_GOODS,pairwise,old_vs_new,PPIFCG,WPSFD49502,6,60,1953-08-01,1958-07-01,60,1,1,0,computed
PPI_FINISHED_CONSUMER_GOODS,pairwise,old_vs_new,PPIFCG,WPSFD49502,6,60,1953-09-01,1958-08-01,60,1,1,0,computed
PPI_FINISHED_CONSUMER_GOODS,pairwise,old_vs_new,PPIFCG,WPSFD49502,6,60,1953-10-01,1958-09-01,60,1,1,0,computed
PPI_FINISHED_CONSUMER_GOODS,pairwise,old_vs_new,PPIFCG,WPSFD49502,6,60,1953-11-01,1958-10-01,60,1,1,0,computed
PPI_FINISHED_CONSUMER_GOODS,pairwise,old_vs_new,PPIFCG,WPSFD49502,6,60,1953-12-01,1958-11-01,60,1,1,0,computed
PPI_FINISHED_CONSUMER_GOODS,pairwise,old_vs_new,PPIFCG,WPSFD49502,6,60,1954-01-01,1958-12-01,60,1,1,0,computed
PPI_FINISHED_CONSUMER_GOODS,pairwise,old_vs_new,PPIFCG,WPSFD49502,6,60,1954-02-01,1959-01-01,60,1,1,0,computed
PPI_FINISHED_CONSUMER_GOODS,pairwise,old_vs_new,PPIFCG,WPSFD49502,6,60,1954-03-01,1959-02-01,60,1,1,0,computed
PPI_FINISHED_CONSUMER_GOODS,pairwise,old_vs_new,PPIFCG,WPSFD49502,6,60,1954-04-01,1959-03-01,60,1,1,0,computed
PPI_FINISHED_CONSUMER_GOODS,pairwise,old_vs_new,PPIFCG,WPSFD49502,6,60,1954-05-01,1959-04-01,60,1,1,0,computed
PPI_FINISHED_CONSUMER_GOODS,pairwise,old_vs_new,PPIFCG,WPSFD49502,6,60,1954-06-01,1959-05-01,60,1,1,0,computed
PPI_FINISHED_CONSUMER_GOODS,pairwise,old_vs_new,PPIFCG,WPSFD49502,6,60,1954-07-01,1959-06-01,60,1,1,0,computed
PPI_FINISHED_CONSUMER_GOODS,pairwise,old_vs_new,PPIFCG,WPSFD49502,6,60,1954-08-01,1959-07-01,60,1,1,0,computed
PPI_FINISHED_CONSUMER_GOODS,pairwise,old_vs_new,PPIFCG,WPSFD49502,6,60,1954-09-01,1959-08-01,60,1,1,0,computed
PPI_FINISHED_CONSUMER_GOODS,pairwise,old_vs_new,PPIFCG,WPSFD49502,6,60,1954-10-01,1959-09-01,60,1,1,0,computed
PPI_FINISHED_CONSUMER_GOODS,pairwise,old_vs_new,PPIFCG,WPSFD49502,6,60,1954-11-01,1959-10-01,60,1,1,0,computed
PPI_FINISHED_CONSUMER_GOODS,pairwise,old_vs_new,PPIFCG,WPSFD49502,6,60,1954-12-01,1959-11-01,60,1,1,0,computed
PPI_FINISHED_CONSUMER_GOODS,pairwise,old_vs_new,PPIFCG,WPSFD49502,6,60,1955-01-01,1959-12-01,60,1,1,0,computed
PPI_FINISHED_CONSUMER_GOODS,pairwise,old_vs_new,PPIFCG,WPSFD49502,6,60,1955-02-01,1960-01-01,60,1,1,0,computed
PPI_FINISHED_CONSUMER_GOODS,pairwise,old_vs_new,PPIFCG,WPSFD49502,6,60,1955-03-01,1960-02-01,60,1,1,0,computed
PPI_FINISHED_CONSUMER_GOODS,pairwise,old_vs_new,PPIFCG,WPSFD49502,6,60,1955-04-01,1960-03-01,60,1,1,0,computed
PPI_FINISHED_CONSUMER_GOODS,pairwise,old_vs_new,PPIFCG,WPSFD49502,6,60,1955-05-01,1960-04-01,60,1,1,0,computed
PPI_FINISHED_CONSUMER_GOODS,pairwise,old_vs_new,PPIFCG,WPSFD49502,6,60,1955-06-01,1960-05-01,60,1,1,0,computed
PPI_FINISHED_CONSUMER_GOODS,pairwise,old_vs_new,PPIFCG,WPSFD49502,6,60,1955-07-01,1960-06-01,60,1,1,0,computed
PPI_FINISHED_CONSUMER_GOODS,pairwise,old_vs_new,PPIFCG,WPSFD49502,6,60,1955-08-01,1960-07-01,60,1,1,0,computed
PPI_FINISHED_CONSUMER_GOODS,pairwise,old_vs_new,PPIFCG,WPSFD49502,6,60,1955-09-01,1960-08-01,60,1,1,0,computed
PPI_FINISHED_CONSUMER_GOODS,pairwise,old_vs_new,PPIFCG,WPSFD49502,6,60,1955-10-01,1960-09-01,60,1,1,0,computed
PPI_FINISHED_CONSUMER_GOODS,pairwise,old_vs_new,PPIFCG,WPSFD49502,6,60,1955-11-01,1960-10-01,60,1,1,0,computed
PPI_FINISHED_CONSUMER_GOODS,pairwise,old_vs_new,PPIFCG,WPSFD49502,6,60,1955-12-01,1960-11-01,60,1,1,0,computed
PPI_FINISHED_CONSUMER_GOODS,pairwise,old_vs_new,PPIFCG,WPSFD49502,6,60,1956-01-01,1960-12-01,60,1,1,0,computed
PPI_FINISHED_CONSUMER_GOODS,pairwise,old_vs_new,PPIFCG,WPSFD49502,6,60,1956-02-01,1961-01-01,60,1,1,0,computed
PPI_FINISHED_CONSUMER_GOODS,pairwise,old_vs_new,PPIFCG,WPSFD49502,6,60,1956-03-01,1961-02-01,60,1,1,0,computed
PPI_FINISHED_CONSUMER_GOODS,pairwise,old_vs_new,PPIFCG,WPSFD49502,6,60,1956-04-01,1961-03-01,60,1,1,0,computed
PPI_FINISHED_CONSUMER_GOODS,pairwise,old_vs_new,PPIFCG,WPSFD49502,6,60,1956-05-01,1961-04-01,60,1,1,0,computed
PPI_FINISHED_CONSUMER_GOODS,pairwise,old_vs_new,PPIFCG,WPSFD49502,6,60,1956-06-01,1961-05-01,60,1,1,0,computed
PPI_FINISHED_CONSUMER_GOODS,pairwise,old_vs_new,PPIFCG,WPSFD49502,6,60,1956-07-01,1961-06-01,60,1,1,0,computed
PPI_FINISHED_CONSUMER_GOODS,pairwise,old_vs_new,PPIFCG,WPSFD49502,6,60,1956-08-01,1961-07-01,60,1,1,0,computed
PPI_FINISHED_CONSUMER_GOODS,pairwise,old_vs_new,PPIFCG,WPSFD49502,6,60,1956-09-01,1961-08-01,60,1,1,0,computed
PPI_FINISHED_CONSUMER_GOODS,pairwise,old_vs_new,PPIFCG,WPSFD49502,6,60,1956-10-01,1961-09-01,60,1,1,0,computed
PPI_FINISHED_CONSUMER_GOODS,pairwise,old_vs_new,PPIFCG,WPSFD49502,6,60,1956-11-01,1961-10-01,60,1,1,0,computed
PPI_FINISHED_CONSUMER_GOODS,pairwise,old_vs_new,PPIFCG,WPSFD49502,6,60,1956-12-01,1961-11-01,60,1,1,0,computed
PPI_FINISHED_CONSUMER_GOODS,pairwise,old_vs_new,PPIFCG,WPSFD49502,6,60,1957-01-01,1961-12-01,60,1,1,0,computed
PPI_FINISHED_CONSUMER_GOODS,pairwise,old_vs_new,PPIFCG,WPSFD49502,6,60,1957-02-01,1962-01-01,60,1,1,0,computed
PPI_FINISHED_CONSUMER_GOODS,pairwise,old_vs_new,PPIFCG,WPSFD49502,6,60,1957-03-01,1962-02-01,60,1,1,0,computed
PPI_FINISHED_CONSUMER_GOODS,pairwise,old_vs_new,PPIFCG,WPSFD49502,6,60,1957-04-01,1962-03-01,60,1,1,0,computed
PPI_FINISHED_CONSUMER_GOODS,pairwise,old_vs_new,PPIFCG,WPSFD49502,6,60,1957-05-01,1962-04-01,60,1,1,0,computed
PPI_FINISHED_CONSUMER_GOODS,pairwise,old_vs_new,PPIFCG,WPSFD49502,6,60,1957-06-01,1962-05-01,60,1,1,0,computed
PPI_FINISHED_CONSUMER_GOODS,pairwise,old_vs_new,PPIFCG,WPSFD49502,6,60,1957-07-01,1962-06-01,60,1,1,0,computed
PPI_FINISHED_CONSUMER_GOODS,pairwise,old_vs_new,PPIFCG,WPSFD49502,6,60,1957-08-01,1962-07-01,60,1,1,0,computed
PPI_FINISHED_CONSUMER_GOODS,pairwise,old_vs_new,PPIFCG,WPSFD49502,6,60,1957-09-01,1962-08-01,60,1,1,0,computed
PPI_FINISHED_CONSUMER_GOODS,pairwise,old_vs_new,PPIFCG,WPSFD49502,6,60,1957-10-01,1962-09-01,60,1,1,0,computed
PPI_FINISHED_CONSUMER_GOODS,pairwise,old_vs_new,PPIFCG,WPSFD49502,6,60,1957-11-01,1962-10-01,60,1,1,0,computed
PPI_FINISHED_CONSUMER_GOODS,pairwise,old_vs_new,PPIFCG,WPSFD49502,6,60,1957-12-01,1962-11-01,60,1,1,0,computed
PPI_FINISHED_CONSUMER_GOODS,pairwise,old_vs_new,PPIFCG,WPSFD49502,6,60,1958-01-01,1962-12-01,60,1,1,0,computed
PPI_FINISHED_CONSUMER_GOODS,pairwise,old_vs_new,PPIFCG,WPSFD49502,6,60,1958-02-01,1963-01-01,60,1,1,0,computed
PPI_FINISHED_CONSUMER_GOODS,pairwise,old_vs_new,PPIFCG,WPSFD49502,6,60,1958-03-01,1963-02-01,60,1,1,0,computed
PPI_FINISHED_CONSUMER_GOODS,pairwise,old_vs_new,PPIFCG,WPSFD49502,6,60,1958-04-01,1963-03-01,60,1,1,0,computed
PPI_FINISHED_CONSUMER_GOODS,pairwise,old_vs_new,PPIFCG,WPSFD49502,6,60,1958-05-01,1963-04-01,60,1,1,0,computed
PPI_FINISHED_CONSUMER_GOODS,pairwise,old_vs_new,PPIFCG,WPSFD49502,6,60,1958-06-01,1963-05-01,60,1,1,0,computed
PPI_FINISHED_CONSUMER_GOODS,pairwise,old_vs_new,PPIFCG,WPSFD49502,6,60,1958-07-01,1963-06-01,60,1,1,0,computed
PPI_FINISHED_CONSUMER_GOODS,pairwise,old_vs_new,PPIFCG,WPSFD49502,6,60,1958-08-01,1963-07-01,60,1,1,0,computed
PPI_FINISHED_CONSUMER_GOODS,pairwise,old_vs_new,PPIFCG,WPSFD49502,6,60,1958-09-01,1963-08-01,60,1,1,0,computed
PPI_FINISHED_CONSUMER_GOODS,pairwise,old_vs_new,PPIFCG,WPSFD49502,6,60,1958-10-01,1963-09-01,60,1,1,0,computed
PPI_FINISHED_CONSUMER_GOODS,pairwise,old_vs_new,PPIFCG,WPSFD49502,6,60,1958-11-01,1963-10-01,60,1,1,0,computed
PPI_FINISHED_CONSUMER_GOODS,pairwise,old_vs_new,PPIFCG,WPSFD49502,6,60,1958-12-01,1963-11-01,60,1,1,0,computed
PPI_FINISHED_CONSUMER_GOODS,pairwise,old_vs_new,PPIFCG,WPSFD49502,6,60,1959-01-01,1963-12-01,60,1,1,0,computed
PPI_FINISHED_CONSUMER_GOODS,pairwise,old_vs_new,PPIFCG,WPSFD49502,6,60,1959-02-01,1964-01-01,60,1,1,0,computed
PPI_FINISHED_CONSUMER_GOODS,pairwise,old_vs_new,PPIFCG,WPSFD49502,6,60,1959-03-01,1964-02-01,60,1,1,0,computed
PPI_FINISHED_CONSUMER_GOODS,pairwise,old_vs_new,PPIFCG,WPSFD49502,6,60,1959-04-01,1964-03-01,60,1,1,0,computed
PPI_FINISHED_CONSUMER_GOODS,pairwise,old_vs_new,PPIFCG,WPSFD49502,6,60,1959-05-01,1964-04-01,60,1,1,0,computed
PPI_FINISHED_CONSUMER_GOODS,pairwise,old_vs_new,PPIFCG,WPSFD49502,6,60,1959-06-01,1964-05-01,60,1,1,0,computed
PPI_FINISHED_CONSUMER_GOODS,pairwise,old_vs_new,PPIFCG,WPSFD49502,6,60,1959-07-01,1964-06-01,60,1,1,0,computed
PPI_FINISHED_CONSUMER_GOODS,pairwise,old_vs_new,PPIFCG,WPSFD49502,6,60,1959-08-01,1964-07-01,60,1,1,0,computed
PPI_FINISHED_CONSUMER_GOODS,pairwise,old_vs_new,PPIFCG,WPSFD49502,6,60,1959-09-01,1964-08-01,60,1,1,0,computed
PPI_FINISHED_CONSUMER_GOODS,pairwise,old_vs_new,PPIFCG,WPSFD49502,6,60,1959-10-01,1964-09-01,60,1,1,0,computed
PPI_FINISHED_CONSUMER_GOODS,pairwise,old_vs_new,PPIFCG,WPSFD49502,6,60,1959-11-01,1964-10-01,60,1,1,0,computed
PPI_FINISHED_CONSUMER_GOODS,pairwise,old_vs_new,PPIFCG,WPSFD49502,6,60,1959-12-01,1964-11-01,60,1,1,0,computed
PPI_FINISHED_CONSUMER_GOODS,pairwise,old_vs_new,PPIFCG,WPSFD49502,6,60,1960-01-01,1964-12-01,60,1,1,0,computed
PPI_FINISHED_CONSUMER_GOODS,pairwise,old_vs_new,PPIFCG,WPSFD49502,6,60,1960-02-01,1965-01-01,60,1,1,0,computed
PPI_FINISHED_CONSUMER_GOODS,pairwise,old_vs_new,PPIFCG,WPSFD49502,6,60,1960-03-01,1965-02-01,60,1,1,0,computed
PPI_FINISHED_CONSUMER_GOODS,pairwise,old_vs_new,PPIFCG,WPSFD49502,6,60,1960-04-01,1965-03-01,60,1,1,0,computed
PPI_FINISHED_CONSUMER_GOODS,pairwise,old_vs_new,PPIFCG,WPSFD49502,6,60,1960-05-01,1965-04-01,60,1,1,0,computed
PPI_FINISHED_CONSUMER_GOODS,pairwise,old_vs_new,PPIFCG,WPSFD49502,6,60,1960-06-01,1965-05-01,60,1,1,0,computed
PPI_FINISHED_CONSUMER_GOODS,pairwise,old_vs_new,PPIFCG,WPSFD49502,6,60,1960-07-01,1965-06-01,60,1,1,0,computed
PPI_FINISHED_CONSUMER_GOODS,pairwise,old_vs_new,PPIFCG,WPSFD49502,6,60,1960-08-01,1965-07-01,60,1,1,0,computed
PPI_FINISHED_CONSUMER_GOODS,pairwise,old_vs_new,PPIFCG,WPSFD49502,6,60,1960-09-01,1965-08-01,60,1,1,0,computed
PPI_FINISHED_CONSUMER_GOODS,pairwise,old_vs_new,PPIFCG,WPSFD49502,6,60,1960-10-01,1965-09-01,60,1,1,0,computed
PPI_FINISHED_CONSUMER_GOODS,pairwise,old_vs_new,PPIFCG,WPSFD49502,6,60,1960-11-01,1965-10-01,60,1,1,0,computed
PPI_FINISHED_CONSUMER_GOODS,pairwise,old_vs_new,PPIFCG,WPSFD49502,6,60,1960-12-01,1965-11-01,60,1,1,0,computed
PPI_FINISHED_CONSUMER_GOODS,pairwise,old_vs_new,PPIFCG,WPSFD49502,6,60,1961-01-01,1965-12-01,60,1,1,0,computed
PPI_FINISHED_CONSUMER_GOODS,pairwise,old_vs_new,PPIFCG,WPSFD49502,6,60,1961-02-01,1966-01-01,60,1,1,0,computed
PPI_FINISHED_CONSUMER_GOODS,pairwise,old_vs_new,PPIFCG,WPSFD49502,6,60,1961-03-01,1966-02-01,60,1,1,0,computed
PPI_FINISHED_CONSUMER_GOODS,pairwise,old_vs_new,PPIFCG,WPSFD49502,6,60,1961-04-01,1966-03-01,60,1,1,0,computed
PPI_FINISHED_CONSUMER_GOODS,pairwise,old_vs_new,PPIFCG,WPSFD49502,6,60,1961-05-01,1966-04-01,60,1,1,0,computed
PPI_FINISHED_CONSUMER_GOODS,pairwise,old_vs_new,PPIFCG,WPSFD49502,6,60,1961-06-01,1966-05-01,60,1,1,0,computed
PPI_FINISHED_CONSUMER_GOODS,pairwise,old_vs_new,PPIFCG,WPSFD49502,6,60,1961-07-01,1966-06-01,60,1,1,0,computed
PPI_FINISHED_CONSUMER_GOODS,pairwise,old_vs_new,PPIFCG,WPSFD49502,6,60,1961-08-01,1966-07-01,60,1,1,0,computed
PPI_FINISHED_CONSUMER_GOODS,pairwise,old_vs_new,PPIFCG,WPSFD49502,6,60,1961-09-01,1966-08-01,60,1,1,0,computed
PPI_FINISHED_CONSUMER_GOODS,pairwise,old_vs_new,PPIFCG,WPSFD49502,6,60,1961-10-01,1966-09-01,60,1,1,0,computed
PPI_FINISHED_CONSUMER_GOODS,pairwise,old_vs_new,PPIFCG,WPSFD49502,6,60,1961-11-01,1966-10-01,60,1,1,0,computed
PPI_FINISHED_CONSUMER_GOODS,pairwise,old_vs_new,PPIFCG,WPSFD49502,6,60,1961-12-01,1966-11-01,60,1,1,0,computed
PPI_FINISHED_CONSUMER_GOODS,pairwise,old_vs_new,PPIFCG,WPSFD49502,6,60,1962-01-01,1966-12-01,60,1,1,0,computed
PPI_FINISHED_CONSUMER_GOODS,pairwise,old_vs_new,PPIFCG,WPSFD49502,6,60,1962-02-01,1967-01-01,60,1,1,0,computed
PPI_FINISHED_CONSUMER_GOODS,pairwise,old_vs_new,PPIFCG,WPSFD49502,6,60,1962-03-01,1967-02-01,60,1,1,0,computed
PPI_FINISHED_CONSUMER_GOODS,pairwise,old_vs_new,PPIFCG,WPSFD49502,6,60,1962-04-01,1967-03-01,60,1,1,0,computed
PPI_FINISHED_CONSUMER_GOODS,pairwise,old_vs_new,PPIFCG,WPSFD49502,6,60,1962-05-01,1967-04-01,60,1,1,0,computed
PPI_FINISHED_CONSUMER_GOODS,pairwise,old_vs_new,PPIFCG,WPSFD49502,6,60,1962-06-01,1967-05-01,60,1,1,0,computed
PPI_FINISHED_CONSUMER_GOODS,pairwise,old_vs_new,PPIFCG,WPSFD49502,6,60,1962-07-01,1967-06-01,60,1,1,0,computed
PPI_FINISHED_CONSUMER_GOODS,pairwise,old_vs_new,PPIFCG,WPSFD49502,6,60,1962-08-01,1967-07-01,60,1,1,0,computed
PPI_FINISHED_CONSUMER_GOODS,pairwise,old_vs_new,PPIFCG,WPSFD49502,6,60,1962-09-01,1967-08-01,60,1,1,0,computed
PPI_FINISHED_CONSUMER_GOODS,pairwise,old_vs_new,PPIFCG,WPSFD49502,6,60,1962-10-01,1967-09-01,60,1,1,0,computed
PPI_FINISHED_CONSUMER_GOODS,pairwise,old_vs_new,PPIFCG,WPSFD49502,6,60,1962-11-01,1967-10-01,60,1,1,0,computed
PPI_FINISHED_CONSUMER_GOODS,pairwise,old_vs_new,PPIFCG,WPSFD49502,6,60,1962-12-01,1967-11-01,60,1,1,0,computed
PPI_FINISHED_CONSUMER_GOODS,pairwise,old_vs_new,PPIFCG,WPSFD49502,6,60,1963-01-01,1967-12-01,60,1,1,0,computed
PPI_FINISHED_CONSUMER_GOODS,pairwise,old_vs_new,PPIFCG,WPSFD49502,6,60,1963-02-01,1968-01-01,60,1,1,0,computed
PPI_FINISHED_CONSUMER_GOODS,pairwise,old_vs_new,PPIFCG,WPSFD49502,6,60,1963-03-01,1968-02-01,60,1,1,0,computed
PPI_FINISHED_CONSUMER_GOODS,pairwise,old_vs_new,PPIFCG,WPSFD49502,6,60,1963-04-01,1968-03-01,60,1,1,0,computed
PPI_FINISHED_CONSUMER_GOODS,pairwise,old_vs_new,PPIFCG,WPSFD49502,6,60,1963-05-01,1968-04-01,60,1,1,0,computed
PPI_FINISHED_CONSUMER_GOODS,pairwise,old_vs_new,PPIFCG,WPSFD49502,6,60,1963-06-01,1968-05-01,60,1,1,0,computed
PPI_FINISHED_CONSUMER_GOODS,pairwise,old_vs_new,PPIFCG,WPSFD49502,6,60,1963-07-01,1968-06-01,60,1,1,0,computed
PPI_FINISHED_CONSUMER_GOODS,pairwise,old_vs_new,PPIFCG,WPSFD49502,6,60,1963-08-01,1968-07-01,60,1,1,0,computed
PPI_FINISHED_CONSUMER_GOODS,pairwise,old_vs_new,PPIFCG,WPSFD49502,6,60,1963-09-01,1968-08-01,60,1,1,0,computed
PPI_FINISHED_CONSUMER_GOODS,pairwise,old_vs_new,PPIFCG,WPSFD49502,6,60,1963-10-01,1968-09-01,60,1,1,0,computed
PPI_FINISHED_CONSUMER_GOODS,pairwise,old_vs_new,PPIFCG,WPSFD49502,6,60,1963-11-01,1968-10-01,60,1,1,0,computed
PPI_FINISHED_CONSUMER_GOODS,pairwise,old_vs_new,PPIFCG,WPSFD49502,6,60,1963-12-01,1968-11-01,60,1,1,0,computed
PPI_FINISHED_CONSUMER_GOODS,pairwise,old_vs_new,PPIFCG,WPSFD49502,6,60,1964-01-01,1968-12-01,60,1,1,0,computed
PPI_FINISHED_CONSUMER_GOODS,pairwise,old_vs_new,PPIFCG,WPSFD49502,6,60,1964-02-01,1969-01-01,60,1,1,0,computed
PPI_FINISHED_CONSUMER_GOODS,pairwise,old_vs_new,PPIFCG,WPSFD49502,6,60,1964-03-01,1969-02-01,60,1,1,0,computed
PPI_FINISHED_CONSUMER_GOODS,pairwise,old_vs_new,PPIFCG,WPSFD49502,6,60,1964-04-01,1969-03-01,60,1,1,0,computed
PPI_FINISHED_CONSUMER_GOODS,pairwise,old_vs_new,PPIFCG,WPSFD49502,6,60,1964-05-01,1969-04-01,60,1,1,0,computed
PPI_FINISHED_CONSUMER_GOODS,pairwise,old_vs_new,PPIFCG,WPSFD49502,6,60,1964-06-01,1969-05-01,60,1,1,0,computed
PPI_FINISHED_CONSUMER_GOODS,pairwise,old_vs_new,PPIFCG,WPSFD49502,6,60,1964-07-01,1969-06-01,60,1,1,0,computed
PPI_FINISHED_CONSUMER_GOODS,pairwise,old_vs_new,PPIFCG,WPSFD49502,6,60,1964-08-01,1969-07-01,60,1,1,0,computed
PPI_FINISHED_CONSUMER_GOODS,pairwise,old_vs_new,PPIFCG,WPSFD49502,6,60,1964-09-01,1969-08-01,60,1,1,0,computed
PPI_FINISHED_CONSUMER_GOODS,pairwise,old_vs_new,PPIFCG,WPSFD49502,6,60,1964-10-01,1969-09-01,60,1,1,0,computed
PPI_FINISHED_CONSUMER_GOODS,pairwise,old_vs_new,PPIFCG,WPSFD49502,6,60,1964-11-01,1969-10-01,60,1,1,0,computed
PPI_FINISHED_CONSUMER_GOODS,pairwise,old_vs_new,PPIFCG,WPSFD49502,6,60,1964-12-01,1969-11-01,60,1,1,0,computed
PPI_FINISHED_CONSUMER_GOODS,pairwise,old_vs_new,PPIFCG,WPSFD49502,6,60,1965-01-01,1969-12-01,60,1,1,0,computed
PPI_FINISHED_CONSUMER_GOODS,pairwise,old_vs_new,PPIFCG,WPSFD49502,6,60,1965-02-01,1970-01-01,60,1,1,0,computed
PPI_FINISHED_CONSUMER_GOODS,pairwise,old_vs_new,PPIFCG,WPSFD49502,6,60,1965-03-01,1970-02-01,60,1,1,0,computed
PPI_FINISHED_CONSUMER_GOODS,pairwise,old_vs_new,PPIFCG,WPSFD49502,6,60,1965-04-01,1970-03-01,60,1,1,0,computed
PPI_FINISHED_CONSUMER_GOODS,pairwise,old_vs_new,PPIFCG,WPSFD49502,6,60,1965-05-01,1970-04-01,60,1,1,0,computed
PPI_FINISHED_CONSUMER_GOODS,pairwise,old_vs_new,PPIFCG,WPSFD49502,6,60,1965-06-01,1970-05-01,60,1,1,0,computed
PPI_FINISHED_CONSUMER_GOODS,pairwise,old_vs_new,PPIFCG,WPSFD49502,6,60,1965-07-01,1970-06-01,60,1,1,0,computed
PPI_FINISHED_CONSUMER_GOODS,pairwise,old_vs_new,PPIFCG,WPSFD49502,6,60,1965-08-01,1970-07-01,60,1,1,0,computed
PPI_FINISHED_CONSUMER_GOODS,pairwise,old_vs_new,PPIFCG,WPSFD49502,6,60,1965-09-01,1970-08-01,60,1,1,0,computed
PPI_FINISHED_CONSUMER_GOODS,pairwise,old_vs_new,PPIFCG,WPSFD49502,6,60,1965-10-01,1970-09-01,60,1,1,0,computed
PPI_FINISHED_CONSUMER_GOODS,pairwise,old_vs_new,PPIFCG,WPSFD49502,6,60,1965-11-01,1970-10-01,60,1,1,0,computed
PPI_FINISHED_CONSUMER_GOODS,pairwise,old_vs_new,PPIFCG,WPSFD49502,6,60,1965-12-01,1970-11-01,60,1,1,0,computed
PPI_FINISHED_CONSUMER_GOODS,pairwise,old_vs_new,PPIFCG,WPSFD49502,6,60,1966-01-01,1970-12-01,60,1,1,0,computed
PPI_FINISHED_CONSUMER_GOODS,pairwise,old_vs_new,PPIFCG,WPSFD49502,6,60,1966-02-01,1971-01-01,60,1,1,0,computed
PPI_FINISHED_CONSUMER_GOODS,pairwise,old_vs_new,PPIFCG,WPSFD49502,6,60,1966-03-01,1971-02-01,60,1,1,0,computed
PPI_FINISHED_CONSUMER_GOODS,pairwise,old_vs_new,PPIFCG,WPSFD49502,6,60,1966-04-01,1971-03-01,60,1,1,0,computed
PPI_FINISHED_CONSUMER_GOODS,pairwise,old_vs_new,PPIFCG,WPSFD49502,6,60,1966-05-01,1971-04-01,60,1,1,0,computed
PPI_FINISHED_CONSUMER_GOODS,pairwise,old_vs_new,PPIFCG,WPSFD49502,6,60,1966-06-01,1971-05-01,60,1,1,0,computed
PPI_FINISHED_CONSUMER_GOODS,pairwise,old_vs_new,PPIFCG,WPSFD49502,6,60,1966-07-01,1971-06-01,60,1,1,0,computed
PPI_FINISHED_CONSUMER_GOODS,pairwise,old_vs_new,PPIFCG,WPSFD49502,6,60,1966-08-01,1971-07-01,60,1,1,0,computed
PPI_FINISHED_CONSUMER_GOODS,pairwise,old_vs_new,PPIFCG,WPSFD49502,6,60,1966-09-01,1971-08-01,60,1,1,0,computed
PPI_FINISHED_CONSUMER_GOODS,pairwise,old_vs_new,PPIFCG,WPSFD49502,6,60,1966-10-01,1971-09-01,60,1,1,0,computed
PPI_FINISHED_CONSUMER_GOODS,pairwise,old_vs_new,PPIFCG,WPSFD49502,6,60,1966-11-01,1971-10-01,60,1,1,0,computed
PPI_FINISHED_CONSUMER_GOODS,pairwise,old_vs_new,PPIFCG,WPSFD49502,6,60,1966-12-01,1971-11-01,60,1,1,0,computed
PPI_FINISHED_CONSUMER_GOODS,pairwise,old_vs_new,PPIFCG,WPSFD49502,6,60,1967-01-01,1971-12-01,60,1,1,0,computed
PPI_FINISHED_CONSUMER_GOODS,pairwise,old_vs_new,PPIFCG,WPSFD49502,6,60,1967-02-01,1972-01-01,60,1,1,0,computed
PPI_FINISHED_CONSUMER_GOODS,pairwise,old_vs_new,PPIFCG,WPSFD49502,6,60,1967-03-01,1972-02-01,60,1,1,0,computed
PPI_FINISHED_CONSUMER_GOODS,pairwise,old_vs_new,PPIFCG,WPSFD49502,6,60,1967-04-01,1972-03-01,60,1,1,0,computed
PPI_FINISHED_CONSUMER_GOODS,pairwise,old_vs_new,PPIFCG,WPSFD49502,6,60,1967-05-01,1972-04-01,60,1,1,0,computed
PPI_FINISHED_CONSUMER_GOODS,pairwise,old_vs_new,PPIFCG,WPSFD49502,6,60,1967-06-01,1972-05-01,60,1,1,0,computed
PPI_FINISHED_CONSUMER_GOODS,pairwise,old_vs_new,PPIFCG,WPSFD49502,6,60,1967-07-01,1972-06-01,60,1,1,0,computed
PPI_FINISHED_CONSUMER_GOODS,pairwise,old_vs_new,PPIFCG,WPSFD49502,6,60,1967-08-01,1972-07-01,60,1,1,0,computed
PPI_FINISHED_CONSUMER_GOODS,pairwise,old_vs_new,PPIFCG,WPSFD49502,6,60,1967-09-01,1972-08-01,60,1,1,0,computed
PPI_FINISHED_CONSUMER_GOODS,pairwise,old_vs_new,PPIFCG,WPSFD49502,6,60,1967-10-01,1972-09-01,60,1,1,0,computed
PPI_FINISHED_CONSUMER_GOODS,pairwise,old_vs_new,PPIFCG,WPSFD49502,6,60,1967-11-01,1972-10-01,60,1,1,0,computed
PPI_FINISHED_CONSUMER_GOODS,pairwise,old_vs_new,PPIFCG,WPSFD49502,6,60,1967-12-01,1972-11-01,60,1,1,0,computed
PPI_FINISHED_CONSUMER_GOODS,pairwise,old_vs_new,PPIFCG,WPSFD49502,6,60,1968-01-01,1972-12-01,60,1,1,0,computed
PPI_FINISHED_CONSUMER_GOODS,pairwise,old_vs_new,PPIFCG,WPSFD49502,6,60,1968-02-01,1973-01-01,60,1,1,0,computed
PPI_FINISHED_CONSUMER_GOODS,pairwise,old_vs_new,PPIFCG,WPSFD49502,6,60,1968-03-01,1973-02-01,60,1,1,0,computed
PPI_FINISHED_CONSUMER_GOODS,pairwise,old_vs_new,PPIFCG,WPSFD49502,6,60,1968-04-01,1973-03-01,60,1,1,0,computed
PPI_FINISHED_CONSUMER_GOODS,pairwise,old_vs_new,PPIFCG,WPSFD49502,6,60,1968-05-01,1973-04-01,60,1,1,0,computed
PPI_FINISHED_CONSUMER_GOODS,pairwise,old_vs_new,PPIFCG,WPSFD49502,6,60,1968-06-01,1973-05-01,60,1,1,0,computed
PPI_FINISHED_CONSUMER_GOODS,pairwise,old_vs_new,PPIFCG,WPSFD49502,6,60,1968-07-01,1973-06-01,60,1,1,0,computed
PPI_FINISHED_CONSUMER_GOODS,pairwise,old_vs_new,PPIFCG,WPSFD49502,6,60,1968-08-01,1973-07-01,60,1,1,0,computed
PPI_FINISHED_CONSUMER_GOODS,pairwise,old_vs_new,PPIFCG,WPSFD49502,6,60,1968-09-01,1973-08-01,60,1,1,0,computed
PPI_FINISHED_CONSUMER_GOODS,pairwise,old_vs_new,PPIFCG,WPSFD49502,6,60,1968-10-01,1973-09-01,60,1,1,0,computed
PPI_FINISHED_CONSUMER_GOODS,pairwise,old_vs_new,PPIFCG,WPSFD49502,6,60,1968-11-01,1973-10-01,60,1,1,0,computed
PPI_FINISHED_CONSUMER_GOODS,pairwise,old_vs_new,PPIFCG,WPSFD49502,6,60,1968-12-01,1973-11-01,60,1,1,0,computed
PPI_FINISHED_CONSUMER_GOODS,pairwise,old_vs_new,PPIFCG,WPSFD49502,6,60,1969-01-01,1973-12-01,60,1,1,0,computed
PPI_FINISHED_CONSUMER_GOODS,pairwise,old_vs_new,PPIFCG,WPSFD49502,6,60,1969-02-01,1974-01-01,60,1,1,0,computed
PPI_FINISHED_CONSUMER_GOODS,pairwise,old_vs_new,PPIFCG,WPSFD49502,6,60,1969-03-01,1974-02-01,60,1,1,0,computed
PPI_FINISHED_CONSUMER_GOODS,pairwise,old_vs_new,PPIFCG,WPSFD49502,6,60,1969-04-01,1974-03-01,60,1,1,0,computed
PPI_FINISHED_CONSUMER_GOODS,pairwise,old_vs_new,PPIFCG,WPSFD49502,6,60,1969-05-01,1974-04-01,60,1,1,0,computed
PPI_FINISHED_CONSUMER_GOODS,pairwise,old_vs_new,PPIFCG,WPSFD49502,6,60,1969-06-01,1974-05-01,60,1,1,0,computed
PPI_FINISHED_CONSUMER_GOODS,pairwise,old_vs_new,PPIFCG,WPSFD49502,6,60,1969-07-01,1974-06-01,60,1,1,0,computed
PPI_FINISHED_CONSUMER_GOODS,pairwise,old_vs_new,PPIFCG,WPSFD49502,6,60,1969-08-01,1974-07-01,60,1,1,0,computed
PPI_FINISHED_CONSUMER_GOODS,pairwise,old_vs_new,PPIFCG,WPSFD49502,6,60,1969-09-01,1974-08-01,60,1,1,0,computed
PPI_FINISHED_CONSUMER_GOODS,pairwise,old_vs_new,PPIFCG,WPSFD49502,6,60,1969-10-01,1974-09-01,60,1,1,0,computed
PPI_FINISHED_CONSUMER_GOODS,pairwise,old_vs_new,PPIFCG,WPSFD49502,6,60,1969-11-01,1974-10-01,60,1,1,0,computed
PPI_FINISHED_CONSUMER_GOODS,pairwise,old_vs_new,PPIFCG,WPSFD49502,6,60,1969-12-01,1974-11-01,60,1,1,0,computed
PPI_FINISHED_CONSUMER_GOODS,pairwise,old_vs_new,PPIFCG,WPSFD49502,6,60,1970-01-01,1974-12-01,60,1,1,0,computed
PPI_FINISHED_CONSUMER_GOODS,pairwise,old_vs_new,PPIFCG,WPSFD49502,6,60,1970-02-01,1975-01-01,60,1,1,0,computed
PPI_FINISHED_CONSUMER_GOODS,pairwise,old_vs_new,PPIFCG,WPSFD49502,6,60,1970-03-01,1975-02-01,60,1,1,0,computed
PPI_FINISHED_CONSUMER_GOODS,pairwise,old_vs_new,PPIFCG,WPSFD49502,6,60,1970-04-01,1975-03-01,60,1,1,0,computed
PPI_FINISHED_CONSUMER_GOODS,pairwise,old_vs_new,PPIFCG,WPSFD49502,6,60,1970-05-01,1975-04-01,60,1,1,0,computed
PPI_FINISHED_CONSUMER_GOODS,pairwise,old_vs_new,PPIFCG,WPSFD49502,6,60,1970-06-01,1975-05-01,60,1,1,0,computed
PPI_FINISHED_CONSUMER_GOODS,pairwise,old_vs_new,PPIFCG,WPSFD49502,6,60,1970-07-01,1975-06-01,60,1,1,0,computed
PPI_FINISHED_CONSUMER_GOODS,pairwise,old_vs_new,PPIFCG,WPSFD49502,6,60,1970-08-01,1975-07-01,60,1,1,0,computed
PPI_FINISHED_CONSUMER_GOODS,pairwise,old_vs_new,PPIFCG,WPSFD49502,6,60,1970-09-01,1975-08-01,60,1,1,0,computed
PPI_FINISHED_CONSUMER_GOODS,pairwise,old_vs_new,PPIFCG,WPSFD49502,6,60,1970-10-01,1975-09-01,60,1,1,0,computed
PPI_FINISHED_CONSUMER_GOODS,pairwise,old_vs_new,PPIFCG,WPSFD49502,6,60,1970-11-01,1975-10-01,60,1,1,0,computed
PPI_FINISHED_CONSUMER_GOODS,pairwise,old_vs_new,PPIFCG,WPSFD49502,6,60,1970-12-01,1975-11-01,60,1,1,0,computed
PPI_FINISHED_CONSUMER_GOODS,pairwise,old_vs_new,PPIFCG,WPSFD49502,6,60,1971-01-01,1975-12-01,60,1,1,0,computed
PPI_FINISHED_CONSUMER_GOODS,pairwise,old_vs_new,PPIFCG,WPSFD49502,6,60,1971-02-01,1976-01-01,60,1,1,0,computed
PPI_FINISHED_CONSUMER_GOODS,pairwise,old_vs_new,PPIFCG,WPSFD49502,6,60,1971-03-01,1976-02-01,60,1,1,0,computed
PPI_FINISHED_CONSUMER_GOODS,pairwise,old_vs_new,PPIFCG,WPSFD49502,6,60,1971-04-01,1976-03-01,60,1,1,0,computed
PPI_FINISHED_CONSUMER_GOODS,pairwise,old_vs_new,PPIFCG,WPSFD49502,6,60,1971-05-01,1976-04-01,60,1,1,0,computed
PPI_FINISHED_CONSUMER_GOODS,pairwise,old_vs_new,PPIFCG,WPSFD49502,6,60,1971-06-01,1976-05-01,60,1,1,0,computed
PPI_FINISHED_CONSUMER_GOODS,pairwise,old_vs_new,PPIFCG,WPSFD49502,6,60,1971-07-01,1976-06-01,60,1,1,0,computed
PPI_FINISHED_CONSUMER_GOODS,pairwise,old_vs_new,PPIFCG,WPSFD49502,6,60,1971-08-01,1976-07-01,60,1,1,0,computed
PPI_FINISHED_CONSUMER_GOODS,pairwise,old_vs_new,PPIFCG,WPSFD49502,6,60,1971-09-01,1976-08-01,60,1,1,0,computed
PPI_FINISHED_CONSUMER_GOODS,pairwise,old_vs_new,PPIFCG,WPSFD49502,6,60,1971-10-01,1976-09-01,60,1,1,0,computed
PPI_FINISHED_CONSUMER_GOODS,pairwise,old_vs_new,PPIFCG,WPSFD49502,6,60,1971-11-01,1976-10-01,60,1,1,0,computed
PPI_FINISHED_CONSUMER_GOODS,pairwise,old_vs_new,PPIFCG,WPSFD49502,6,60,1971-12-01,1976-11-01,60,1,1,0,computed
PPI_FINISHED_CONSUMER_GOODS,pairwise,old_vs_new,PPIFCG,WPSFD49502,6,60,1972-01-01,1976-12-01,60,1,1,0,computed
PPI_FINISHED_CONSUMER_GOODS,pairwise,old_vs_new,PPIFCG,WPSFD49502,6,60,1972-02-01,1977-01-01,60,1,1,0,computed
PPI_FINISHED_CONSUMER_GOODS,pairwise,old_vs_new,PPIFCG,WPSFD49502,6,60,1972-03-01,1977-02-01,60,1,1,0,computed
PPI_FINISHED_CONSUMER_GOODS,pairwise,old_vs_new,PPIFCG,WPSFD49502,6,60,1972-04-01,1977-03-01,60,1,1,0,computed
PPI_FINISHED_CONSUMER_GOODS,pairwise,old_vs_new,PPIFCG,WPSFD49502,6,60,1972-05-01,1977-04-01,60,1,1,0,computed
PPI_FINISHED_CONSUMER_GOODS,pairwise,old_vs_new,PPIFCG,WPSFD49502,6,60,1972-06-01,1977-05-01,60,1,1,0,computed
PPI_FINISHED_CONSUMER_GOODS,pairwise,old_vs_new,PPIFCG,WPSFD49502,6,60,1972-07-01,1977-06-01,60,1,1,0,computed
PPI_FINISHED_CONSUMER_GOODS,pairwise,old_vs_new,PPIFCG,WPSFD49502,6,60,1972-08-01,1977-07-01,60,1,1,0,computed
PPI_FINISHED_CONSUMER_GOODS,pairwise,old_vs_new,PPIFCG,WPSFD49502,6,60,1972-09-01,1977-08-01,60,1,1,0,computed
PPI_FINISHED_CONSUMER_GOODS,pairwise,old_vs_new,PPIFCG,WPSFD49502,6,60,1972-10-01,1977-09-01,60,1,1,0,computed
PPI_FINISHED_CONSUMER_GOODS,pairwise,old_vs_new,PPIFCG,WPSFD49502,6,60,1972-11-01,1977-10-01,60,1,1,0,computed
PPI_FINISHED_CONSUMER_GOODS,pairwise,old_vs_new,PPIFCG,WPSFD49502,6,60,1972-12-01,1977-11-01,60,1,1,0,computed
PPI_FINISHED_CONSUMER_GOODS,pairwise,old_vs_new,PPIFCG,WPSFD49502,6,60,1973-01-01,1977-12-01,60,1,1,0,computed
PPI_FINISHED_CONSUMER_GOODS,pairwise,old_vs_new,PPIFCG,WPSFD49502,6,60,1973-02-01,1978-01-01,60,1,1,0,computed
PPI_FINISHED_CONSUMER_GOODS,pairwise,old_vs_new,PPIFCG,WPSFD49502,6,60,1973-03-01,1978-02-01,60,1,1,0,computed
PPI_FINISHED_CONSUMER_GOODS,pairwise,old_vs_new,PPIFCG,WPSFD49502,6,60,1973-04-01,1978-03-01,60,1,1,0,computed
PPI_FINISHED_CONSUMER_GOODS,pairwise,old_vs_new,PPIFCG,WPSFD49502,6,60,1973-05-01,1978-04-01,60,1,1,0,computed
PPI_FINISHED_CONSUMER_GOODS,pairwise,old_vs_new,PPIFCG,WPSFD49502,6,60,1973-06-01,1978-05-01,60,1,1,0,computed
PPI_FINISHED_CONSUMER_GOODS,pairwise,old_vs_new,PPIFCG,WPSFD49502,6,60,1973-07-01,1978-06-01,60,1,1,0,computed
PPI_FINISHED_CONSUMER_GOODS,pairwise,old_vs_new,PPIFCG,WPSFD49502,6,60,1973-08-01,1978-07-01,60,1,1,0,computed
PPI_FINISHED_CONSUMER_GOODS,pairwise,old_vs_new,PPIFCG,WPSFD49502,6,60,1973-09-01,1978-08-01,60,1,1,0,computed
PPI_FINISHED_CONSUMER_GOODS,pairwise,old_vs_new,PPIFCG,WPSFD49502,6,60,1973-10-01,1978-09-01,60,1,1,0,computed
PPI_FINISHED_CONSUMER_GOODS,pairwise,old_vs_new,PPIFCG,WPSFD49502,6,60,1973-11-01,1978-10-01,60,1,1,0,computed
PPI_FINISHED_CONSUMER_GOODS,pairwise,old_vs_new,PPIFCG,WPSFD49502,6,60,1973-12-01,1978-11-01,60,1,1,0,computed
PPI_FINISHED_CONSUMER_GOODS,pairwise,old_vs_new,PPIFCG,WPSFD49502,6,60,1974-01-01,1978-12-01,60,1,1,0,computed
PPI_FINISHED_CONSUMER_GOODS,pairwise,old_vs_new,PPIFCG,WPSFD49502,6,60,1974-02-01,1979-01-01,60,1,1,0,computed
PPI_FINISHED_CONSUMER_GOODS,pairwise,old_vs_new,PPIFCG,WPSFD49502,6,60,1974-03-01,1979-02-01,60,1,1,0,computed
PPI_FINISHED_CONSUMER_GOODS,pairwise,old_vs_new,PPIFCG,WPSFD49502,6,60,1974-04-01,1979-03-01,60,1,1,0,computed
PPI_FINISHED_CONSUMER_GOODS,pairwise,old_vs_new,PPIFCG,WPSFD49502,6,60,1974-05-01,1979-04-01,60,1,1,0,computed
PPI_FINISHED_CONSUMER_GOODS,pairwise,old_vs_new,PPIFCG,WPSFD49502,6,60,1974-06-01,1979-05-01,60,1,1,0,computed
PPI_FINISHED_CONSUMER_GOODS,pairwise,old_vs_new,PPIFCG,WPSFD49502,6,60,1974-07-01,1979-06-01,60,1,1,0,computed
PPI_FINISHED_CONSUMER_GOODS,pairwise,old_vs_new,PPIFCG,WPSFD49502,6,60,1974-08-01,1979-07-01,60,1,1,0,computed
PPI_FINISHED_CONSUMER_GOODS,pairwise,old_vs_new,PPIFCG,WPSFD49502,6,60,1974-09-01,1979-08-01,60,1,1,0,computed
PPI_FINISHED_CONSUMER_GOODS,pairwise,old_vs_new,PPIFCG,WPSFD49502,6,60,1974-10-01,1979-09-01,60,1,1,0,computed
PPI_FINISHED_CONSUMER_GOODS,pairwise,old_vs_new,PPIFCG,WPSFD49502,6,60,1974-11-01,1979-10-01,60,1,1,0,computed
PPI_FINISHED_CONSUMER_GOODS,pairwise,old_vs_new,PPIFCG,WPSFD49502,6,60,1974-12-01,1979-11-01,60,1,1,0,computed
PPI_FINISHED_CONSUMER_GOODS,pairwise,old_vs_new,PPIFCG,WPSFD49502,6,60,1975-01-01,1979-12-01,60,1,1,0,computed
PPI_FINISHED_CONSUMER_GOODS,pairwise,old_vs_new,PPIFCG,WPSFD49502,6,60,1975-02-01,1980-01-01,60,1,1,0,computed
PPI_FINISHED_CONSUMER_GOODS,pairwise,old_vs_new,PPIFCG,WPSFD49502,6,60,1975-03-01,1980-02-01,60,1,1,0,computed
PPI_FINISHED_CONSUMER_GOODS,pairwise,old_vs_new,PPIFCG,WPSFD49502,6,60,1975-04-01,1980-03-01,60,1,1,0,computed
PPI_FINISHED_CONSUMER_GOODS,pairwise,old_vs_new,PPIFCG,WPSFD49502,6,60,1975-05-01,1980-04-01,60,1,1,0,computed
PPI_FINISHED_CONSUMER_GOODS,pairwise,old_vs_new,PPIFCG,WPSFD49502,6,60,1975-06-01,1980-05-01,60,1,1,0,computed
PPI_FINISHED_CONSUMER_GOODS,pairwise,old_vs_new,PPIFCG,WPSFD49502,6,60,1975-07-01,1980-06-01,60,1,1,0,computed
PPI_FINISHED_CONSUMER_GOODS,pairwise,old_vs_new,PPIFCG,WPSFD49502,6,60,1975-08-01,1980-07-01,60,1,1,0,computed
PPI_FINISHED_CONSUMER_GOODS,pairwise,old_vs_new,PPIFCG,WPSFD49502,6,60,1975-09-01,1980-08-01,60,1,1,0,computed
PPI_FINISHED_CONSUMER_GOODS,pairwise,old_vs_new,PPIFCG,WPSFD49502,6,60,1975-10-01,1980-09-01,60,1,1,0,computed
PPI_FINISHED_CONSUMER_GOODS,pairwise,old_vs_new,PPIFCG,WPSFD49502,6,60,1975-11-01,1980-10-01,60,1,1,0,computed
PPI_FINISHED_CONSUMER_GOODS,pairwise,old_vs_new,PPIFCG,WPSFD49502,6,60,1975-12-01,1980-11-01,60,1,1,0,computed
PPI_FINISHED_CONSUMER_GOODS,pairwise,old_vs_new,PPIFCG,WPSFD49502,6,60,1976-01-01,1980-12-01,60,1,1,0,computed
PPI_FINISHED_CONSUMER_GOODS,pairwise,old_vs_new,PPIFCG,WPSFD49502,6,60,1976-02-01,1981-01-01,60,1,1,0,computed
PPI_FINISHED_CONSUMER_GOODS,pairwise,old_vs_new,PPIFCG,WPSFD49502,6,60,1976-03-01,1981-02-01,60,1,1,0,computed
PPI_FINISHED_CONSUMER_GOODS,pairwise,old_vs_new,PPIFCG,WPSFD49502,6,60,1976-04-01,1981-03-01,60,1,1,0,computed
PPI_FINISHED_CONSUMER_GOODS,pairwise,old_vs_new,PPIFCG,WPSFD49502,6,60,1976-05-01,1981-04-01,60,1,1,0,computed
PPI_FINISHED_CONSUMER_GOODS,pairwise,old_vs_new,PPIFCG,WPSFD49502,6,60,1976-06-01,1981-05-01,60,1,1,0,computed
PPI_FINISHED_CONSUMER_GOODS,pairwise,old_vs_new,PPIFCG,WPSFD49502,6,60,1976-07-01,1981-06-01,60,1,1,0,computed
PPI_FINISHED_CONSUMER_GOODS,pairwise,old_vs_new,PPIFCG,WPSFD49502,6,60,1976-08-01,1981-07-01,60,1,1,0,computed
PPI_FINISHED_CONSUMER_GOODS,pairwise,old_vs_new,PPIFCG,WPSFD49502,6,60,1976-09-01,1981-08-01,60,1,1,0,computed
PPI_FINISHED_CONSUMER_GOODS,pairwise,old_vs_new,PPIFCG,WPSFD49502,6,60,1976-10-01,1981-09-01,60,1,1,0,computed
PPI_FINISHED_CONSUMER_GOODS,pairwise,old_vs_new,PPIFCG,WPSFD49502,6,60,1976-11-01,1981-10-01,60,1,1,0,computed
PPI_FINISHED_CONSUMER_GOODS,pairwise,old_vs_new,PPIFCG,WPSFD49502,6,60,1976-12-01,1981-11-01,60,1,1,0,computed
PPI_FINISHED_CONSUMER_GOODS,pairwise,old_vs_new,PPIFCG,WPSFD49502,6,60,1977-01-01,1981-12-01,60,1,1,0,computed
PPI_FINISHED_CONSUMER_GOODS,pairwise,old_vs_new,PPIFCG,WPSFD49502,6,60,1977-02-01,1982-01-01,60,1,1,0,computed
PPI_FINISHED_CONSUMER_GOODS,pairwise,old_vs_new,PPIFCG,WPSFD49502,6,60,1977-03-01,1982-02-01,60,1,1,0,computed
PPI_FINISHED_CONSUMER_GOODS,pairwise,old_vs_new,PPIFCG,WPSFD49502,6,60,1977-04-01,1982-03-01,60,1,1,0,computed
PPI_FINISHED_CONSUMER_GOODS,pairwise,old_vs_new,PPIFCG,WPSFD49502,6,60,1977-05-01,1982-04-01,60,1,1,0,computed
PPI_FINISHED_CONSUMER_GOODS,pairwise,old_vs_new,PPIFCG,WPSFD49502,6,60,1977-06-01,1982-05-01,60,1,1,0,computed
PPI_FINISHED_CONSUMER_GOODS,pairwise,old_vs_new,PPIFCG,WPSFD49502,6,60,1977-07-01,1982-06-01,60,1,1,0,computed
PPI_FINISHED_CONSUMER_GOODS,pairwise,old_vs_new,PPIFCG,WPSFD49502,6,60,1977-08-01,1982-07-01,60,1,1,0,computed
PPI_FINISHED_CONSUMER_GOODS,pairwise,old_vs_new,PPIFCG,WPSFD49502,6,60,1977-09-01,1982-08-01,60,1,1,0,computed
PPI_FINISHED_CONSUMER_GOODS,pairwise,old_vs_new,PPIFCG,WPSFD49502,6,60,1977-10-01,1982-09-01,60,1,1,0,computed
PPI_FINISHED_CONSUMER_GOODS,pairwise,old_vs_new,PPIFCG,WPSFD49502,6,60,1977-11-01,1982-10-01,60,1,1,0,computed
PPI_FINISHED_CONSUMER_GOODS,pairwise,old_vs_new,PPIFCG,WPSFD49502,6,60,1977-12-01,1982-11-01,60,1,1,0,computed
PPI_FINISHED_CONSUMER_GOODS,pairwise,old_vs_new,PPIFCG,WPSFD49502,6,60,1978-01-01,1982-12-01,60,1,1,0,computed
PPI_FINISHED_CONSUMER_GOODS,pairwise,old_vs_new,PPIFCG,WPSFD49502,6,60,1978-02-01,1983-01-01,60,1,1,0,computed
PPI_FINISHED_CONSUMER_GOODS,pairwise,old_vs_new,PPIFCG,WPSFD49502,6,60,1978-03-01,1983-02-01,60,1,1,0,computed
PPI_FINISHED_CONSUMER_GOODS,pairwise,old_vs_new,PPIFCG,WPSFD49502,6,60,1978-04-01,1983-03-01,60,1,1,0,computed
PPI_FINISHED_CONSUMER_GOODS,pairwise,old_vs_new,PPIFCG,WPSFD49502,6,60,1978-05-01,1983-04-01,60,1,1,0,computed
PPI_FINISHED_CONSUMER_GOODS,pairwise,old_vs_new,PPIFCG,WPSFD49502,6,60,1978-06-01,1983-05-01,60,1,1,0,computed
PPI_FINISHED_CONSUMER_GOODS,pairwise,old_vs_new,PPIFCG,WPSFD49502,6,60,1978-07-01,1983-06-01,60,1,1,0,computed
PPI_FINISHED_CONSUMER_GOODS,pairwise,old_vs_new,PPIFCG,WPSFD49502,6,60,1978-08-01,1983-07-01,60,1,1,0,computed
PPI_FINISHED_CONSUMER_GOODS,pairwise,old_vs_new,PPIFCG,WPSFD49502,6,60,1978-09-01,1983-08-01,60,1,1,0,computed
PPI_FINISHED_CONSUMER_GOODS,pairwise,old_vs_new,PPIFCG,WPSFD49502,6,60,1978-10-01,1983-09-01,60,1,1,0,computed
PPI_FINISHED_CONSUMER_GOODS,pairwise,old_vs_new,PPIFCG,WPSFD49502,6,60,1978-11-01,1983-10-01,60,1,1,0,computed
PPI_FINISHED_CONSUMER_GOODS,pairwise,old_vs_new,PPIFCG,WPSFD49502,6,60,1978-12-01,1983-11-01,60,1,1,0,computed
PPI_FINISHED_CONSUMER_GOODS,pairwise,old_vs_new,PPIFCG,WPSFD49502,6,60,1979-01-01,1983-12-01,60,1,1,0,computed
PPI_FINISHED_CONSUMER_GOODS,pairwise,old_vs_new,PPIFCG,WPSFD49502,6,60,1979-02-01,1984-01-01,60,1,1,0,computed
PPI_FINISHED_CONSUMER_GOODS,pairwise,old_vs_new,PPIFCG,WPSFD49502,6,60,1979-03-01,1984-02-01,60,1,1,0,computed
PPI_FINISHED_CONSUMER_GOODS,pairwise,old_vs_new,PPIFCG,WPSFD49502,6,60,1979-04-01,1984-03-01,60,1,1,0,computed
PPI_FINISHED_CONSUMER_GOODS,pairwise,old_vs_new,PPIFCG,WPSFD49502,6,60,1979-05-01,1984-04-01,60,1,1,0,computed
PPI_FINISHED_CONSUMER_GOODS,pairwise,old_vs_new,PPIFCG,WPSFD49502,6,60,1979-06-01,1984-05-01,60,1,1,0,computed
PPI_FINISHED_CONSUMER_GOODS,pairwise,old_vs_new,PPIFCG,WPSFD49502,6,60,1979-07-01,1984-06-01,60,1,1,0,computed
PPI_FINISHED_CONSUMER_GOODS,pairwise,old_vs_new,PPIFCG,WPSFD49502,6,60,1979-08-01,1984-07-01,60,1,1,0,computed
PPI_FINISHED_CONSUMER_GOODS,pairwise,old_vs_new,PPIFCG,WPSFD49502,6,60,1979-09-01,1984-08-01,60,1,1,0,computed
PPI_FINISHED_CONSUMER_GOODS,pairwise,old_vs_new,PPIFCG,WPSFD49502,6,60,1979-10-01,1984-09-01,60,1,1,0,computed
PPI_FINISHED_CONSUMER_GOODS,pairwise,old_vs_new,PPIFCG,WPSFD49502,6,60,1979-11-01,1984-10-01,60,1,1,0,computed
PPI_FINISHED_CONSUMER_GOODS,pairwise,old_vs_new,PPIFCG,WPSFD49502,6,60,1979-12-01,1984-11-01,60,1,1,0,computed
PPI_FINISHED_CONSUMER_GOODS,pairwise,old_vs_new,PPIFCG,WPSFD49502,6,60,1980-01-01,1984-12-01,60,1,1,0,computed
PPI_FINISHED_CONSUMER_GOODS,pairwise,old_vs_new,PPIFCG,WPSFD49502,6,60,1980-02-01,1985-01-01,60,1,1,0,computed
PPI_FINISHED_CONSUMER_GOODS,pairwise,old_vs_new,PPIFCG,WPSFD49502,6,60,1980-03-01,1985-02-01,60,1,1,0,computed
PPI_FINISHED_CONSUMER_GOODS,pairwise,old_vs_new,PPIFCG,WPSFD49502,6,60,1980-04-01,1985-03-01,60,1,1,0,computed
PPI_FINISHED_CONSUMER_GOODS,pairwise,old_vs_new,PPIFCG,WPSFD49502,6,60,1980-05-01,1985-04-01,60,1,1,0,computed
PPI_FINISHED_CONSUMER_GOODS,pairwise,old_vs_new,PPIFCG,WPSFD49502,6,60,1980-06-01,1985-05-01,60,1,1,0,computed
PPI_FINISHED_CONSUMER_GOODS,pairwise,old_vs_new,PPIFCG,WPSFD49502,6,60,1980-07-01,1985-06-01,60,1,1,0,computed
PPI_FINISHED_CONSUMER_GOODS,pairwise,old_vs_new,PPIFCG,WPSFD49502,6,60,1980-08-01,1985-07-01,60,1,1,0,computed
PPI_FINISHED_CONSUMER_GOODS,pairwise,old_vs_new,PPIFCG,WPSFD49502,6,60,1980-09-01,1985-08-01,60,1,1,0,computed
PPI_FINISHED_CONSUMER_GOODS,pairwise,old_vs_new,PPIFCG,WPSFD49502,6,60,1980-10-01,1985-09-01,60,1,1,0,computed
PPI_FINISHED_CONSUMER_GOODS,pairwise,old_vs_new,PPIFCG,WPSFD49502,6,60,1980-11-01,1985-10-01,60,1,1,0,computed
PPI_FINISHED_CONSUMER_GOODS,pairwise,old_vs_new,PPIFCG,WPSFD49502,6,60,1980-12-01,1985-11-01,60,1,1,0,computed
PPI_FINISHED_CONSUMER_GOODS,pairwise,old_vs_new,PPIFCG,WPSFD49502,6,60,1981-01-01,1985-12-01,60,1,1,0,computed
PPI_FINISHED_CONSUMER_GOODS,pairwise,old_vs_new,PPIFCG,WPSFD49502,6,60,1981-02-01,1986-01-01,60,1,1,0,computed
PPI_FINISHED_CONSUMER_GOODS,pairwise,old_vs_new,PPIFCG,WPSFD49502,6,60,1981-03-01,1986-02-01,60,1,1,0,computed
PPI_FINISHED_CONSUMER_GOODS,pairwise,old_vs_new,PPIFCG,WPSFD49502,6,60,1981-04-01,1986-03-01,60,1,1,0,computed
PPI_FINISHED_CONSUMER_GOODS,pairwise,old_vs_new,PPIFCG,WPSFD49502,6,60,1981-05-01,1986-04-01,60,1,1,0,computed
PPI_FINISHED_CONSUMER_GOODS,pairwise,old_vs_new,PPIFCG,WPSFD49502,6,60,1981-06-01,1986-05-01,60,1,1,0,computed
PPI_FINISHED_CONSUMER_GOODS,pairwise,old_vs_new,PPIFCG,WPSFD49502,6,60,1981-07-01,1986-06-01,60,1,1,0,computed
PPI_FINISHED_CONSUMER_GOODS,pairwise,old_vs_new,PPIFCG,WPSFD49502,6,60,1981-08-01,1986-07-01,60,1,1,0,computed
PPI_FINISHED_CONSUMER_GOODS,pairwise,old_vs_new,PPIFCG,WPSFD49502,6,60,1981-09-01,1986-08-01,60,1,1,0,computed
PPI_FINISHED_CONSUMER_GOODS,pairwise,old_vs_new,PPIFCG,WPSFD49502,6,60,1981-10-01,1986-09-01,60,1,1,0,computed
PPI_FINISHED_CONSUMER_GOODS,pairwise,old_vs_new,PPIFCG,WPSFD49502,6,60,1981-11-01,1986-10-01,60,1,1,0,computed
PPI_FINISHED_CONSUMER_GOODS,pairwise,old_vs_new,PPIFCG,WPSFD49502,6,60,1981-12-01,1986-11-01,60,1,1,0,computed
PPI_FINISHED_CONSUMER_GOODS,pairwise,old_vs_new,PPIFCG,WPSFD49502,6,60,1982-01-01,1986-12-01,60,1,1,0,computed
PPI_FINISHED_CONSUMER_GOODS,pairwise,old_vs_new,PPIFCG,WPSFD49502,6,60,1982-02-01,1987-01-01,60,1,1,0,computed
PPI_FINISHED_CONSUMER_GOODS,pairwise,old_vs_new,PPIFCG,WPSFD49502,6,60,1982-03-01,1987-02-01,60,1,1,0,computed
PPI_FINISHED_CONSUMER_GOODS,pairwise,old_vs_new,PPIFCG,WPSFD49502,6,60,1982-04-01,1987-03-01,60,1,1,0,computed
PPI_FINISHED_CONSUMER_GOODS,pairwise,old_vs_new,PPIFCG,WPSFD49502,6,60,1982-05-01,1987-04-01,60,1,1,0,computed
PPI_FINISHED_CONSUMER_GOODS,pairwise,old_vs_new,PPIFCG,WPSFD49502,6,60,1982-06-01,1987-05-01,60,1,1,0,computed
PPI_FINISHED_CONSUMER_GOODS,pairwise,old_vs_new,PPIFCG,WPSFD49502,6,60,1982-07-01,1987-06-01,60,1,1,0,computed
PPI_FINISHED_CONSUMER_GOODS,pairwise,old_vs_new,PPIFCG,WPSFD49502,6,60,1982-08-01,1987-07-01,60,1,1,0,computed
PPI_FINISHED_CONSUMER_GOODS,pairwise,old_vs_new,PPIFCG,WPSFD49502,6,60,1982-09-01,1987-08-01,60,1,1,0,computed
PPI_FINISHED_CONSUMER_GOODS,pairwise,old_vs_new,PPIFCG,WPSFD49502,6,60,1982-10-01,1987-09-01,60,1,1,0,computed
PPI_FINISHED_CONSUMER_GOODS,pairwise,old_vs_new,PPIFCG,WPSFD49502,6,60,1982-11-01,1987-10-01,60,1,1,0,computed
PPI_FINISHED_CONSUMER_GOODS,pairwise,old_vs_new,PPIFCG,WPSFD49502,6,60,1982-12-01,1987-11-01,60,1,1,0,computed
PPI_FINISHED_CONSUMER_GOODS,pairwise,old_vs_new,PPIFCG,WPSFD49502,6,60,1983-01-01,1987-12-01,60,1,1,0,computed
PPI_FINISHED_CONSUMER_GOODS,pairwise,old_vs_new,PPIFCG,WPSFD49502,6,60,1983-02-01,1988-01-01,60,1,1,0,computed
PPI_FINISHED_CONSUMER_GOODS,pairwise,old_vs_new,PPIFCG,WPSFD49502,6,60,1983-03-01,1988-02-01,60,1,1,0,computed
PPI_FINISHED_CONSUMER_GOODS,pairwise,old_vs_new,PPIFCG,WPSFD49502,6,60,1983-04-01,1988-03-01,60,1,1,0,computed
PPI_FINISHED_CONSUMER_GOODS,pairwise,old_vs_new,PPIFCG,WPSFD49502,6,60,1983-05-01,1988-04-01,60,1,1,0,computed
PPI_FINISHED_CONSUMER_GOODS,pairwise,old_vs_new,PPIFCG,WPSFD49502,6,60,1983-06-01,1988-05-01,60,1,1,0,computed
PPI_FINISHED_CONSUMER_GOODS,pairwise,old_vs_new,PPIFCG,WPSFD49502,6,60,1983-07-01,1988-06-01,60,1,1,0,computed
PPI_FINISHED_CONSUMER_GOODS,pairwise,old_vs_new,PPIFCG,WPSFD49502,6,60,1983-08-01,1988-07-01,60,1,1,0,computed
PPI_FINISHED_CONSUMER_GOODS,pairwise,old_vs_new,PPIFCG,WPSFD49502,6,60,1983-09-01,1988-08-01,60,1,1,0,computed
PPI_FINISHED_CONSUMER_GOODS,pairwise,old_vs_new,PPIFCG,WPSFD49502,6,60,1983-10-01,1988-09-01,60,1,1,0,computed
PPI_FINISHED_CONSUMER_GOODS,pairwise,old_vs_new,PPIFCG,WPSFD49502,6,60,1983-11-01,1988-10-01,60,1,1,0,computed
PPI_FINISHED_CONSUMER_GOODS,pairwise,old_vs_new,PPIFCG,WPSFD49502,6,60,1983-12-01,1988-11-01,60,1,1,0,computed
PPI_FINISHED_CONSUMER_GOODS,pairwise,old_vs_new,PPIFCG,WPSFD49502,6,60,1984-01-01,1988-12-01,60,1,1,0,computed
PPI_FINISHED_CONSUMER_GOODS,pairwise,old_vs_new,PPIFCG,WPSFD49502,6,60,1984-02-01,1989-01-01,60,1,1,0,computed
PPI_FINISHED_CONSUMER_GOODS,pairwise,old_vs_new,PPIFCG,WPSFD49502,6,60,1984-03-01,1989-02-01,60,1,1,0,computed
PPI_FINISHED_CONSUMER_GOODS,pairwise,old_vs_new,PPIFCG,WPSFD49502,6,60,1984-04-01,1989-03-01,60,1,1,0,computed
PPI_FINISHED_CONSUMER_GOODS,pairwise,old_vs_new,PPIFCG,WPSFD49502,6,60,1984-05-01,1989-04-01,60,1,1,0,computed
PPI_FINISHED_CONSUMER_GOODS,pairwise,old_vs_new,PPIFCG,WPSFD49502,6,60,1984-06-01,1989-05-01,60,1,1,0,computed
PPI_FINISHED_CONSUMER_GOODS,pairwise,old_vs_new,PPIFCG,WPSFD49502,6,60,1984-07-01,1989-06-01,60,1,1,0,computed
PPI_FINISHED_CONSUMER_GOODS,pairwise,old_vs_new,PPIFCG,WPSFD49502,6,60,1984-08-01,1989-07-01,60,1,1,0,computed
PPI_FINISHED_CONSUMER_GOODS,pairwise,old_vs_new,PPIFCG,WPSFD49502,6,60,1984-09-01,1989-08-01,60,1,1,0,computed
PPI_FINISHED_CONSUMER_GOODS,pairwise,old_vs_new,PPIFCG,WPSFD49502,6,60,1984-10-01,1989-09-01,60,1,1,0,computed
PPI_FINISHED_CONSUMER_GOODS,pairwise,old_vs_new,PPIFCG,WPSFD49502,6,60,1984-11-01,1989-10-01,60,1,1,0,computed
PPI_FINISHED_CONSUMER_GOODS,pairwise,old_vs_new,PPIFCG,WPSFD49502,6,60,1984-12-01,1989-11-01,60,1,1,0,computed
PPI_FINISHED_CONSUMER_GOODS,pairwise,old_vs_new,PPIFCG,WPSFD49502,6,60,1985-01-01,1989-12-01,60,1,1,0,computed
PPI_FINISHED_CONSUMER_GOODS,pairwise,old_vs_new,PPIFCG,WPSFD49502,6,60,1985-02-01,1990-01-01,60,1,1,0,computed
PPI_FINISHED_CONSUMER_GOODS,pairwise,old_vs_new,PPIFCG,WPSFD49502,6,60,1985-03-01,1990-02-01,60,1,1,0,computed
PPI_FINISHED_CONSUMER_GOODS,pairwise,old_vs_new,PPIFCG,WPSFD49502,6,60,1985-04-01,1990-03-01,60,1,1,0,computed
PPI_FINISHED_CONSUMER_GOODS,pairwise,old_vs_new,PPIFCG,WPSFD49502,6,60,1985-05-01,1990-04-01,60,1,1,0,computed
PPI_FINISHED_CONSUMER_GOODS,pairwise,old_vs_new,PPIFCG,WPSFD49502,6,60,1985-06-01,1990-05-01,60,1,1,0,computed
PPI_FINISHED_CONSUMER_GOODS,pairwise,old_vs_new,PPIFCG,WPSFD49502,6,60,1985-07-01,1990-06-01,60,1,1,0,computed
PPI_FINISHED_CONSUMER_GOODS,pairwise,old_vs_new,PPIFCG,WPSFD49502,6,60,1985-08-01,1990-07-01,60,1,1,0,computed
PPI_FINISHED_CONSUMER_GOODS,pairwise,old_vs_new,PPIFCG,WPSFD49502,6,60,1985-09-01,1990-08-01,60,1,1,0,computed
PPI_FINISHED_CONSUMER_GOODS,pairwise,old_vs_new,PPIFCG,WPSFD49502,6,60,1985-10-01,1990-09-01,60,1,1,0,computed
PPI_FINISHED_CONSUMER_GOODS,pairwise,old_vs_new,PPIFCG,WPSFD49502,6,60,1985-11-01,1990-10-01,60,1,1,0,computed
PPI_FINISHED_CONSUMER_GOODS,pairwise,old_vs_new,PPIFCG,WPSFD49502,6,60,1985-12-01,1990-11-01,60,1,1,0,computed
PPI_FINISHED_CONSUMER_GOODS,pairwise,old_vs_new,PPIFCG,WPSFD49502,6,60,1986-01-01,1990-12-01,60,1,1,0,computed
PPI_FINISHED_CONSUMER_GOODS,pairwise,old_vs_new,PPIFCG,WPSFD49502,6,60,1986-02-01,1991-01-01,60,1,1,0,computed
PPI_FINISHED_CONSUMER_GOODS,pairwise,old_vs_new,PPIFCG,WPSFD49502,6,60,1986-03-01,1991-02-01,60,1,1,0,computed
PPI_FINISHED_CONSUMER_GOODS,pairwise,old_vs_new,PPIFCG,WPSFD49502,6,60,1986-04-01,1991-03-01,60,1,1,0,computed
PPI_FINISHED_CONSUMER_GOODS,pairwise,old_vs_new,PPIFCG,WPSFD49502,6,60,1986-05-01,1991-04-01,60,1,1,0,computed
PPI_FINISHED_CONSUMER_GOODS,pairwise,old_vs_new,PPIFCG,WPSFD49502,6,60,1986-06-01,1991-05-01,60,1,1,0,computed
PPI_FINISHED_CONSUMER_GOODS,pairwise,old_vs_new,PPIFCG,WPSFD49502,6,60,1986-07-01,1991-06-01,60,1,1,0,computed
PPI_FINISHED_CONSUMER_GOODS,pairwise,old_vs_new,PPIFCG,WPSFD49502,6,60,1986-08-01,1991-07-01,60,1,1,0,computed
PPI_FINISHED_CONSUMER_GOODS,pairwise,old_vs_new,PPIFCG,WPSFD49502,6,60,1986-09-01,1991-08-01,60,1,1,0,computed
PPI_FINISHED_CONSUMER_GOODS,pairwise,old_vs_new,PPIFCG,WPSFD49502,6,60,1986-10-01,1991-09-01,60,1,1,0,computed
PPI_FINISHED_CONSUMER_GOODS,pairwise,old_vs_new,PPIFCG,WPSFD49502,6,60,1986-11-01,1991-10-01,60,1,1,0,computed
PPI_FINISHED_CONSUMER_GOODS,pairwise,old_vs_new,PPIFCG,WPSFD49502,6,60,1986-12-01,1991-11-01,60,1,1,0,computed
PPI_FINISHED_CONSUMER_GOODS,pairwise,old_vs_new,PPIFCG,WPSFD49502,6,60,1987-01-01,1991-12-01,60,1,1,0,computed
PPI_FINISHED_CONSUMER_GOODS,pairwise,old_vs_new,PPIFCG,WPSFD49502,6,60,1987-02-01,1992-01-01,60,1,1,0,computed
PPI_FINISHED_CONSUMER_GOODS,pairwise,old_vs_new,PPIFCG,WPSFD49502,6,60,1987-03-01,1992-02-01,60,1,1,0,computed
PPI_FINISHED_CONSUMER_GOODS,pairwise,old_vs_new,PPIFCG,WPSFD49502,6,60,1987-04-01,1992-03-01,60,1,1,0,computed
PPI_FINISHED_CONSUMER_GOODS,pairwise,old_vs_new,PPIFCG,WPSFD49502,6,60,1987-05-01,1992-04-01,60,1,1,0,computed
PPI_FINISHED_CONSUMER_GOODS,pairwise,old_vs_new,PPIFCG,WPSFD49502,6,60,1987-06-01,1992-05-01,60,1,1,0,computed
PPI_FINISHED_CONSUMER_GOODS,pairwise,old_vs_new,PPIFCG,WPSFD49502,6,60,1987-07-01,1992-06-01,60,1,1,0,computed
PPI_FINISHED_CONSUMER_GOODS,pairwise,old_vs_new,PPIFCG,WPSFD49502,6,60,1987-08-01,1992-07-01,60,1,1,0,computed
PPI_FINISHED_CONSUMER_GOODS,pairwise,old_vs_new,PPIFCG,WPSFD49502,6,60,1987-09-01,1992-08-01,60,1,1,0,computed
PPI_FINISHED_CONSUMER_GOODS,pairwise,old_vs_new,PPIFCG,WPSFD49502,6,60,1987-10-01,1992-09-01,60,1,1,0,computed
PPI_FINISHED_CONSUMER_GOODS,pairwise,old_vs_new,PPIFCG,WPSFD49502,6,60,1987-11-01,1992-10-01,60,1,1,0,computed
PPI_FINISHED_CONSUMER_GOODS,pairwise,old_vs_new,PPIFCG,WPSFD49502,6,60,1987-12-01,1992-11-01,60,1,1,0,computed
PPI_FINISHED_CONSUMER_GOODS,pairwise,old_vs_new,PPIFCG,WPSFD49502,6,60,1988-01-01,1992-12-01,60,1,1,0,computed
PPI_FINISHED_CONSUMER_GOODS,pairwise,old_vs_new,PPIFCG,WPSFD49502,6,60,1988-02-01,1993-01-01,60,1,1,0,computed
PPI_FINISHED_CONSUMER_GOODS,pairwise,old_vs_new,PPIFCG,WPSFD49502,6,60,1988-03-01,1993-02-01,60,1,1,0,computed
PPI_FINISHED_CONSUMER_GOODS,pairwise,old_vs_new,PPIFCG,WPSFD49502,6,60,1988-04-01,1993-03-01,60,1,1,0,computed
PPI_FINISHED_CONSUMER_GOODS,pairwise,old_vs_new,PPIFCG,WPSFD49502,6,60,1988-05-01,1993-04-01,60,1,1,0,computed
PPI_FINISHED_CONSUMER_GOODS,pairwise,old_vs_new,PPIFCG,WPSFD49502,6,60,1988-06-01,1993-05-01,60,1,1,0,computed
PPI_FINISHED_CONSUMER_GOODS,pairwise,old_vs_new,PPIFCG,WPSFD49502,6,60,1988-07-01,1993-06-01,60,1,1,0,computed
PPI_FINISHED_CONSUMER_GOODS,pairwise,old_vs_new,PPIFCG,WPSFD49502,6,60,1988-08-01,1993-07-01,60,1,1,0,computed
PPI_FINISHED_CONSUMER_GOODS,pairwise,old_vs_new,PPIFCG,WPSFD49502,6,60,1988-09-01,1993-08-01,60,1,1,0,computed
PPI_FINISHED_CONSUMER_GOODS,pairwise,old_vs_new,PPIFCG,WPSFD49502,6,60,1988-10-01,1993-09-01,60,1,1,0,computed
PPI_FINISHED_CONSUMER_GOODS,pairwise,old_vs_new,PPIFCG,WPSFD49502,6,60,1988-11-01,1993-10-01,60,1,1,0,computed
PPI_FINISHED_CONSUMER_GOODS,pairwise,old_vs_new,PPIFCG,WPSFD49502,6,60,1988-12-01,1993-11-01,60,1,1,0,computed
PPI_FINISHED_CONSUMER_GOODS,pairwise,old_vs_new,PPIFCG,WPSFD49502,6,60,1989-01-01,1993-12-01,60,1,1,0,computed
PPI_FINISHED_CONSUMER_GOODS,pairwise,old_vs_new,PPIFCG,WPSFD49502,6,60,1989-02-01,1994-01-01,60,1,1,0,computed
PPI_FINISHED_CONSUMER_GOODS,pairwise,old_vs_new,PPIFCG,WPSFD49502,6,60,1989-03-01,1994-02-01,60,1,1,0,computed
PPI_FINISHED_CONSUMER_GOODS,pairwise,old_vs_new,PPIFCG,WPSFD49502,6,60,1989-04-01,1994-03-01,60,1,1,0,computed
PPI_FINISHED_CONSUMER_GOODS,pairwise,old_vs_new,PPIFCG,WPSFD49502,6,60,1989-05-01,1994-04-01,60,1,1,0,computed
PPI_FINISHED_CONSUMER_GOODS,pairwise,old_vs_new,PPIFCG,WPSFD49502,6,60,1989-06-01,1994-05-01,60,1,1,0,computed
PPI_FINISHED_CONSUMER_GOODS,pairwise,old_vs_new,PPIFCG,WPSFD49502,6,60,1989-07-01,1994-06-01,60,1,1,0,computed
PPI_FINISHED_CONSUMER_GOODS,pairwise,old_vs_new,PPIFCG,WPSFD49502,6,60,1989-08-01,1994-07-01,60,1,1,0,computed
PPI_FINISHED_CONSUMER_GOODS,pairwise,old_vs_new,PPIFCG,WPSFD49502,6,60,1989-09-01,1994-08-01,60,1,1,0,computed
PPI_FINISHED_CONSUMER_GOODS,pairwise,old_vs_new,PPIFCG,WPSFD49502,6,60,1989-10-01,1994-09-01,60,1,1,0,computed
PPI_FINISHED_CONSUMER_GOODS,pairwise,old_vs_new,PPIFCG,WPSFD49502,6,60,1989-11-01,1994-10-01,60,1,1,0,computed
PPI_FINISHED_CONSUMER_GOODS,pairwise,old_vs_new,PPIFCG,WPSFD49502,6,60,1989-12-01,1994-11-01,60,1,1,0,computed
PPI_FINISHED_CONSUMER_GOODS,pairwise,old_vs_new,PPIFCG,WPSFD49502,6,60,1990-01-01,1994-12-01,60,1,1,0,computed
PPI_FINISHED_CONSUMER_GOODS,pairwise,old_vs_new,PPIFCG,WPSFD49502,6,60,1990-02-01,1995-01-01,60,1,1,0,computed
PPI_FINISHED_CONSUMER_GOODS,pairwise,old_vs_new,PPIFCG,WPSFD49502,6,60,1990-03-01,1995-02-01,60,1,1,0,computed
PPI_FINISHED_CONSUMER_GOODS,pairwise,old_vs_new,PPIFCG,WPSFD49502,6,60,1990-04-01,1995-03-01,60,1,1,0,computed
PPI_FINISHED_CONSUMER_GOODS,pairwise,old_vs_new,PPIFCG,WPSFD49502,6,60,1990-05-01,1995-04-01,60,1,1,0,computed
PPI_FINISHED_CONSUMER_GOODS,pairwise,old_vs_new,PPIFCG,WPSFD49502,6,60,1990-06-01,1995-05-01,60,1,1,0,computed
PPI_FINISHED_CONSUMER_GOODS,pairwise,old_vs_new,PPIFCG,WPSFD49502,6,60,1990-07-01,1995-06-01,60,1,1,0,computed
PPI_FINISHED_CONSUMER_GOODS,pairwise,old_vs_new,PPIFCG,WPSFD49502,6,60,1990-08-01,1995-07-01,60,1,1,0,computed
PPI_FINISHED_CONSUMER_GOODS,pairwise,old_vs_new,PPIFCG,WPSFD49502,6,60,1990-09-01,1995-08-01,60,1,1,0,computed
PPI_FINISHED_CONSUMER_GOODS,pairwise,old_vs_new,PPIFCG,WPSFD49502,6,60,1990-10-01,1995-09-01,60,1,1,0,computed
PPI_FINISHED_CONSUMER_GOODS,pairwise,old_vs_new,PPIFCG,WPSFD49502,6,60,1990-11-01,1995-10-01,60,1,1,0,computed
PPI_FINISHED_CONSUMER_GOODS,pairwise,old_vs_new,PPIFCG,WPSFD49502,6,60,1990-12-01,1995-11-01,60,1,1,0,computed
PPI_FINISHED_CONSUMER_GOODS,pairwise,old_vs_new,PPIFCG,WPSFD49502,6,60,1991-01-01,1995-12-01,60,1,1,0,computed
PPI_FINISHED_CONSUMER_GOODS,pairwise,old_vs_new,PPIFCG,WPSFD49502,6,60,1991-02-01,1996-01-01,60,1,1,0,computed
PPI_FINISHED_CONSUMER_GOODS,pairwise,old_vs_new,PPIFCG,WPSFD49502,6,60,1991-03-01,1996-02-01,60,1,1,0,computed
PPI_FINISHED_CONSUMER_GOODS,pairwise,old_vs_new,PPIFCG,WPSFD49502,6,60,1991-04-01,1996-03-01,60,1,1,0,computed
PPI_FINISHED_CONSUMER_GOODS,pairwise,old_vs_new,PPIFCG,WPSFD49502,6,60,1991-05-01,1996-04-01,60,1,1,0,computed
PPI_FINISHED_CONSUMER_GOODS,pairwise,old_vs_new,PPIFCG,WPSFD49502,6,60,1991-06-01,1996-05-01,60,1,1,0,computed
PPI_FINISHED_CONSUMER_GOODS,pairwise,old_vs_new,PPIFCG,WPSFD49502,6,60,1991-07-01,1996-06-01,60,1,1,0,computed
PPI_FINISHED_CONSUMER_GOODS,pairwise,old_vs_new,PPIFCG,WPSFD49502,6,60,1991-08-01,1996-07-01,60,1,1,0,computed
PPI_FINISHED_CONSUMER_GOODS,pairwise,old_vs_new,PPIFCG,WPSFD49502,6,60,1991-09-01,1996-08-01,60,1,1,0,computed
PPI_FINISHED_CONSUMER_GOODS,pairwise,old_vs_new,PPIFCG,WPSFD49502,6,60,1991-10-01,1996-09-01,60,1,1,0,computed
PPI_FINISHED_CONSUMER_GOODS,pairwise,old_vs_new,PPIFCG,WPSFD49502,6,60,1991-11-01,1996-10-01,60,1,1,0,computed
PPI_FINISHED_CONSUMER_GOODS,pairwise,old_vs_new,PPIFCG,WPSFD49502,6,60,1991-12-01,1996-11-01,60,1,1,0,computed
PPI_FINISHED_CONSUMER_GOODS,pairwise,old_vs_new,PPIFCG,WPSFD49502,6,60,1992-01-01,1996-12-01,60,1,1,0,computed
PPI_FINISHED_CONSUMER_GOODS,pairwise,old_vs_new,PPIFCG,WPSFD49502,6,60,1992-02-01,1997-01-01,60,1,1,0,computed
PPI_FINISHED_CONSUMER_GOODS,pairwise,old_vs_new,PPIFCG,WPSFD49502,6,60,1992-03-01,1997-02-01,60,1,1,0,computed
PPI_FINISHED_CONSUMER_GOODS,pairwise,old_vs_new,PPIFCG,WPSFD49502,6,60,1992-04-01,1997-03-01,60,1,1,0,computed
PPI_FINISHED_CONSUMER_GOODS,pairwise,old_vs_new,PPIFCG,WPSFD49502,6,60,1992-05-01,1997-04-01,60,1,1,0,computed
PPI_FINISHED_CONSUMER_GOODS,pairwise,old_vs_new,PPIFCG,WPSFD49502,6,60,1992-06-01,1997-05-01,60,1,1,0,computed
PPI_FINISHED_CONSUMER_GOODS,pairwise,old_vs_new,PPIFCG,WPSFD49502,6,60,1992-07-01,1997-06-01,60,1,1,0,computed
PPI_FINISHED_CONSUMER_GOODS,pairwise,old_vs_new,PPIFCG,WPSFD49502,6,60,1992-08-01,1997-07-01,60,1,1,0,computed
PPI_FINISHED_CONSUMER_GOODS,pairwise,old_vs_new,PPIFCG,WPSFD49502,6,60,1992-09-01,1997-08-01,60,1,1,0,computed
PPI_FINISHED_CONSUMER_GOODS,pairwise,old_vs_new,PPIFCG,WPSFD49502,6,60,1992-10-01,1997-09-01,60,1,1,0,computed
PPI_FINISHED_CONSUMER_GOODS,pairwise,old_vs_new,PPIFCG,WPSFD49502,6,60,1992-11-01,1997-10-01,60,1,1,0,computed
PPI_FINISHED_CONSUMER_GOODS,pairwise,old_vs_new,PPIFCG,WPSFD49502,6,60,1992-12-01,1997-11-01,60,1,1,0,computed
PPI_FINISHED_CONSUMER_GOODS,pairwise,old_vs_new,PPIFCG,WPSFD49502,6,60,1993-01-01,1997-12-01,60,1,1,0,computed
PPI_FINISHED_CONSUMER_GOODS,pairwise,old_vs_new,PPIFCG,WPSFD49502,6,60,1993-02-01,1998-01-01,60,1,1,0,computed
PPI_FINISHED_CONSUMER_GOODS,pairwise,old_vs_new,PPIFCG,WPSFD49502,6,60,1993-03-01,1998-02-01,60,1,1,0,computed
PPI_FINISHED_CONSUMER_GOODS,pairwise,old_vs_new,PPIFCG,WPSFD49502,6,60,1993-04-01,1998-03-01,60,1,1,0,computed
PPI_FINISHED_CONSUMER_GOODS,pairwise,old_vs_new,PPIFCG,WPSFD49502,6,60,1993-05-01,1998-04-01,60,1,1,0,computed
PPI_FINISHED_CONSUMER_GOODS,pairwise,old_vs_new,PPIFCG,WPSFD49502,6,60,1993-06-01,1998-05-01,60,1,1,0,computed
PPI_FINISHED_CONSUMER_GOODS,pairwise,old_vs_new,PPIFCG,WPSFD49502,6,60,1993-07-01,1998-06-01,60,1,1,0,computed
PPI_FINISHED_CONSUMER_GOODS,pairwise,old_vs_new,PPIFCG,WPSFD49502,6,60,1993-08-01,1998-07-01,60,1,1,0,computed
PPI_FINISHED_CONSUMER_GOODS,pairwise,old_vs_new,PPIFCG,WPSFD49502,6,60,1993-09-01,1998-08-01,60,1,1,0,computed
PPI_FINISHED_CONSUMER_GOODS,pairwise,old_vs_new,PPIFCG,WPSFD49502,6,60,1993-10-01,1998-09-01,60,1,1,0,computed
PPI_FINISHED_CONSUMER_GOODS,pairwise,old_vs_new,PPIFCG,WPSFD49502,6,60,1993-11-01,1998-10-01,60,1,1,0,computed
PPI_FINISHED_CONSUMER_GOODS,pairwise,old_vs_new,PPIFCG,WPSFD49502,6,60,1993-12-01,1998-11-01,60,1,1,0,computed
PPI_FINISHED_CONSUMER_GOODS,pairwise,old_vs_new,PPIFCG,WPSFD49502,6,60,1994-01-01,1998-12-01,60,1,1,0,computed
PPI_FINISHED_CONSUMER_GOODS,pairwise,old_vs_new,PPIFCG,WPSFD49502,6,60,1994-02-01,1999-01-01,60,1,1,0,computed
PPI_FINISHED_CONSUMER_GOODS,pairwise,old_vs_new,PPIFCG,WPSFD49502,6,60,1994-03-01,1999-02-01,60,1,1,0,computed
PPI_FINISHED_CONSUMER_GOODS,pairwise,old_vs_new,PPIFCG,WPSFD49502,6,60,1994-04-01,1999-03-01,60,1,1,0,computed
PPI_FINISHED_CONSUMER_GOODS,pairwise,old_vs_new,PPIFCG,WPSFD49502,6,60,1994-05-01,1999-04-01,60,1,1,0,computed
PPI_FINISHED_CONSUMER_GOODS,pairwise,old_vs_new,PPIFCG,WPSFD49502,6,60,1994-06-01,1999-05-01,60,1,1,0,computed
PPI_FINISHED_CONSUMER_GOODS,pairwise,old_vs_new,PPIFCG,WPSFD49502,6,60,1994-07-01,1999-06-01,60,1,1,0,computed
PPI_FINISHED_CONSUMER_GOODS,pairwise,old_vs_new,PPIFCG,WPSFD49502,6,60,1994-08-01,1999-07-01,60,1,1,0,computed
PPI_FINISHED_CONSUMER_GOODS,pairwise,old_vs_new,PPIFCG,WPSFD49502,6,60,1994-09-01,1999-08-01,60,1,1,0,computed
PPI_FINISHED_CONSUMER_GOODS,pairwise,old_vs_new,PPIFCG,WPSFD49502,6,60,1994-10-01,1999-09-01,60,1,1,0,computed
PPI_FINISHED_CONSUMER_GOODS,pairwise,old_vs_new,PPIFCG,WPSFD49502,6,60,1994-11-01,1999-10-01,60,1,1,0,computed
PPI_FINISHED_CONSUMER_GOODS,pairwise,old_vs_new,PPIFCG,WPSFD49502,6,60,1994-12-01,1999-11-01,60,1,1,0,computed
PPI_FINISHED_CONSUMER_GOODS,pairwise,old_vs_new,PPIFCG,WPSFD49502,6,60,1995-01-01,1999-12-01,60,1,1,0,computed
PPI_FINISHED_CONSUMER_GOODS,pairwise,old_vs_new,PPIFCG,WPSFD49502,6,60,1995-02-01,2000-01-01,60,1,1,0,computed
PPI_FINISHED_CONSUMER_GOODS,pairwise,old_vs_new,PPIFCG,WPSFD49502,6,60,1995-03-01,2000-02-01,60,1,1,0,computed
PPI_FINISHED_CONSUMER_GOODS,pairwise,old_vs_new,PPIFCG,WPSFD49502,6,60,1995-04-01,2000-03-01,60,1,1,0,computed
PPI_FINISHED_CONSUMER_GOODS,pairwise,old_vs_new,PPIFCG,WPSFD49502,6,60,1995-05-01,2000-04-01,60,1,1,0,computed
PPI_FINISHED_CONSUMER_GOODS,pairwise,old_vs_new,PPIFCG,WPSFD49502,6,60,1995-06-01,2000-05-01,60,1,1,0,computed
PPI_FINISHED_CONSUMER_GOODS,pairwise,old_vs_new,PPIFCG,WPSFD49502,6,60,1995-07-01,2000-06-01,60,1,1,0,computed
PPI_FINISHED_CONSUMER_GOODS,pairwise,old_vs_new,PPIFCG,WPSFD49502,6,60,1995-08-01,2000-07-01,60,1,1,0,computed
PPI_FINISHED_CONSUMER_GOODS,pairwise,old_vs_new,PPIFCG,WPSFD49502,6,60,1995-09-01,2000-08-01,60,1,1,0,computed
PPI_FINISHED_CONSUMER_GOODS,pairwise,old_vs_new,PPIFCG,WPSFD49502,6,60,1995-10-01,2000-09-01,60,1,1,0,computed
PPI_FINISHED_CONSUMER_GOODS,pairwise,old_vs_new,PPIFCG,WPSFD49502,6,60,1995-11-01,2000-10-01,60,1,1,0,computed
PPI_FINISHED_CONSUMER_GOODS,pairwise,old_vs_new,PPIFCG,WPSFD49502,6,60,1995-12-01,2000-11-01,60,1,1,0,computed
PPI_FINISHED_CONSUMER_GOODS,pairwise,old_vs_new,PPIFCG,WPSFD49502,6,60,1996-01-01,2000-12-01,60,1,1,0,computed
PPI_FINISHED_CONSUMER_GOODS,pairwise,old_vs_new,PPIFCG,WPSFD49502,6,60,1996-02-01,2001-01-01,60,1,1,0,computed
PPI_FINISHED_CONSUMER_GOODS,pairwise,old_vs_new,PPIFCG,WPSFD49502,6,60,1996-03-01,2001-02-01,60,1,1,0,computed
PPI_FINISHED_CONSUMER_GOODS,pairwise,old_vs_new,PPIFCG,WPSFD49502,6,60,1996-04-01,2001-03-01,60,1,1,0,computed
PPI_FINISHED_CONSUMER_GOODS,pairwise,old_vs_new,PPIFCG,WPSFD49502,6,60,1996-05-01,2001-04-01,60,1,1,0,computed
PPI_FINISHED_CONSUMER_GOODS,pairwise,old_vs_new,PPIFCG,WPSFD49502,6,60,1996-06-01,2001-05-01,60,1,1,0,computed
PPI_FINISHED_CONSUMER_GOODS,pairwise,old_vs_new,PPIFCG,WPSFD49502,6,60,1996-07-01,2001-06-01,60,1,1,0,computed
PPI_FINISHED_CONSUMER_GOODS,pairwise,old_vs_new,PPIFCG,WPSFD49502,6,60,1996-08-01,2001-07-01,60,1,1,0,computed
PPI_FINISHED_CONSUMER_GOODS,pairwise,old_vs_new,PPIFCG,WPSFD49502,6,60,1996-09-01,2001-08-01,60,1,1,0,computed
PPI_FINISHED_CONSUMER_GOODS,pairwise,old_vs_new,PPIFCG,WPSFD49502,6,60,1996-10-01,2001-09-01,60,1,1,0,computed
PPI_FINISHED_CONSUMER_GOODS,pairwise,old_vs_new,PPIFCG,WPSFD49502,6,60,1996-11-01,2001-10-01,60,1,1,0,computed
PPI_FINISHED_CONSUMER_GOODS,pairwise,old_vs_new,PPIFCG,WPSFD49502,6,60,1996-12-01,2001-11-01,60,1,1,0,computed
PPI_FINISHED_CONSUMER_GOODS,pairwise,old_vs_new,PPIFCG,WPSFD49502,6,60,1997-01-01,2001-12-01,60,1,1,0,computed
PPI_FINISHED_CONSUMER_GOODS,pairwise,old_vs_new,PPIFCG,WPSFD49502,6,60,1997-02-01,2002-01-01,60,1,1,0,computed
PPI_FINISHED_CONSUMER_GOODS,pairwise,old_vs_new,PPIFCG,WPSFD49502,6,60,1997-03-01,2002-02-01,60,1,1,0,computed
PPI_FINISHED_CONSUMER_GOODS,pairwise,old_vs_new,PPIFCG,WPSFD49502,6,60,1997-04-01,2002-03-01,60,1,1,0,computed
PPI_FINISHED_CONSUMER_GOODS,pairwise,old_vs_new,PPIFCG,WPSFD49502,6,60,1997-05-01,2002-04-01,60,1,1,0,computed
PPI_FINISHED_CONSUMER_GOODS,pairwise,old_vs_new,PPIFCG,WPSFD49502,6,60,1997-06-01,2002-05-01,60,1,1,0,computed
PPI_FINISHED_CONSUMER_GOODS,pairwise,old_vs_new,PPIFCG,WPSFD49502,6,60,1997-07-01,2002-06-01,60,1,1,0,computed
PPI_FINISHED_CONSUMER_GOODS,pairwise,old_vs_new,PPIFCG,WPSFD49502,6,60,1997-08-01,2002-07-01,60,1,1,0,computed
PPI_FINISHED_CONSUMER_GOODS,pairwise,old_vs_new,PPIFCG,WPSFD49502,6,60,1997-09-01,2002-08-01,60,1,1,0,computed
PPI_FINISHED_CONSUMER_GOODS,pairwise,old_vs_new,PPIFCG,WPSFD49502,6,60,1997-10-01,2002-09-01,60,1,1,0,computed
PPI_FINISHED_CONSUMER_GOODS,pairwise,old_vs_new,PPIFCG,WPSFD49502,6,60,1997-11-01,2002-10-01,60,1,1,0,computed
PPI_FINISHED_CONSUMER_GOODS,pairwise,old_vs_new,PPIFCG,WPSFD49502,6,60,1997-12-01,2002-11-01,60,1,1,0,computed
PPI_FINISHED_CONSUMER_GOODS,pairwise,old_vs_new,PPIFCG,WPSFD49502,6,60,1998-01-01,2002-12-01,60,1,1,0,computed
PPI_FINISHED_CONSUMER_GOODS,pairwise,old_vs_new,PPIFCG,WPSFD49502,6,60,1998-02-01,2003-01-01,60,1,1,0,computed
PPI_FINISHED_CONSUMER_GOODS,pairwise,old_vs_new,PPIFCG,WPSFD49502,6,60,1998-03-01,2003-02-01,60,1,1,0,computed
PPI_FINISHED_CONSUMER_GOODS,pairwise,old_vs_new,PPIFCG,WPSFD49502,6,60,1998-04-01,2003-03-01,60,1,1,0,computed
PPI_FINISHED_CONSUMER_GOODS,pairwise,old_vs_new,PPIFCG,WPSFD49502,6,60,1998-05-01,2003-04-01,60,1,1,0,computed
PPI_FINISHED_CONSUMER_GOODS,pairwise,old_vs_new,PPIFCG,WPSFD49502,6,60,1998-06-01,2003-05-01,60,1,1,0,computed
PPI_FINISHED_CONSUMER_GOODS,pairwise,old_vs_new,PPIFCG,WPSFD49502,6,60,1998-07-01,2003-06-01,60,1,1,0,computed
PPI_FINISHED_CONSUMER_GOODS,pairwise,old_vs_new,PPIFCG,WPSFD49502,6,60,1998-08-01,2003-07-01,60,1,1,0,computed
PPI_FINISHED_CONSUMER_GOODS,pairwise,old_vs_new,PPIFCG,WPSFD49502,6,60,1998-09-01,2003-08-01,60,1,1,0,computed
PPI_FINISHED_CONSUMER_GOODS,pairwise,old_vs_new,PPIFCG,WPSFD49502,6,60,1998-10-01,2003-09-01,60,1,1,0,computed
PPI_FINISHED_CONSUMER_GOODS,pairwise,old_vs_new,PPIFCG,WPSFD49502,6,60,1998-11-01,2003-10-01,60,1,1,0,computed
PPI_FINISHED_CONSUMER_GOODS,pairwise,old_vs_new,PPIFCG,WPSFD49502,6,60,1998-12-01,2003-11-01,60,1,1,0,computed
PPI_FINISHED_CONSUMER_GOODS,pairwise,old_vs_new,PPIFCG,WPSFD49502,6,60,1999-01-01,2003-12-01,60,1,1,0,computed
PPI_FINISHED_CONSUMER_GOODS,pairwise,old_vs_new,PPIFCG,WPSFD49502,6,60,1999-02-01,2004-01-01,60,1,1,0,computed
PPI_FINISHED_CONSUMER_GOODS,pairwise,old_vs_new,PPIFCG,WPSFD49502,6,60,1999-03-01,2004-02-01,60,1,1,0,computed
PPI_FINISHED_CONSUMER_GOODS,pairwise,old_vs_new,PPIFCG,WPSFD49502,6,60,1999-04-01,2004-03-01,60,1,1,0,computed
PPI_FINISHED_CONSUMER_GOODS,pairwise,old_vs_new,PPIFCG,WPSFD49502,6,60,1999-05-01,2004-04-01,60,1,1,0,computed
PPI_FINISHED_CONSUMER_GOODS,pairwise,old_vs_new,PPIFCG,WPSFD49502,6,60,1999-06-01,2004-05-01,60,1,1,0,computed
PPI_FINISHED_CONSUMER_GOODS,pairwise,old_vs_new,PPIFCG,WPSFD49502,6,60,1999-07-01,2004-06-01,60,1,1,0,computed
PPI_FINISHED_CONSUMER_GOODS,pairwise,old_vs_new,PPIFCG,WPSFD49502,6,60,1999-08-01,2004-07-01,60,1,1,0,computed
PPI_FINISHED_CONSUMER_GOODS,pairwise,old_vs_new,PPIFCG,WPSFD49502,6,60,1999-09-01,2004-08-01,60,1,1,0,computed
PPI_FINISHED_CONSUMER_GOODS,pairwise,old_vs_new,PPIFCG,WPSFD49502,6,60,1999-10-01,2004-09-01,60,1,1,0,computed
PPI_FINISHED_CONSUMER_GOODS,pairwise,old_vs_new,PPIFCG,WPSFD49502,6,60,1999-11-01,2004-10-01,60,1,1,0,computed
PPI_FINISHED_CONSUMER_GOODS,pairwise,old_vs_new,PPIFCG,WPSFD49502,6,60,1999-12-01,2004-11-01,60,1,1,0,computed
PPI_FINISHED_CONSUMER_GOODS,pairwise,old_vs_new,PPIFCG,WPSFD49502,6,60,2000-01-01,2004-12-01,60,1,1,0,computed
PPI_FINISHED_CONSUMER_GOODS,pairwise,old_vs_new,PPIFCG,WPSFD49502,6,60,2000-02-01,2005-01-01,60,1,1,0,computed
PPI_FINISHED_CONSUMER_GOODS,pairwise,old_vs_new,PPIFCG,WPSFD49502,6,60,2000-03-01,2005-02-01,60,1,1,0,computed
PPI_FINISHED_CONSUMER_GOODS,pairwise,old_vs_new,PPIFCG,WPSFD49502,6,60,2000-04-01,2005-03-01,60,1,1,0,computed
PPI_FINISHED_CONSUMER_GOODS,pairwise,old_vs_new,PPIFCG,WPSFD49502,6,60,2000-05-01,2005-04-01,60,1,1,0,computed
PPI_FINISHED_CONSUMER_GOODS,pairwise,old_vs_new,PPIFCG,WPSFD49502,6,60,2000-06-01,2005-05-01,60,1,1,0,computed
PPI_FINISHED_CONSUMER_GOODS,pairwise,old_vs_new,PPIFCG,WPSFD49502,6,60,2000-07-01,2005-06-01,60,1,1,0,computed
PPI_FINISHED_CONSUMER_GOODS,pairwise,old_vs_new,PPIFCG,WPSFD49502,6,60,2000-08-01,2005-07-01,60,1,1,0,computed
PPI_FINISHED_CONSUMER_GOODS,pairwise,old_vs_new,PPIFCG,WPSFD49502,6,60,2000-09-01,2005-08-01,60,1,1,0,computed
PPI_FINISHED_CONSUMER_GOODS,pairwise,old_vs_new,PPIFCG,WPSFD49502,6,60,2000-10-01,2005-09-01,60,1,1,0,computed
PPI_FINISHED_CONSUMER_GOODS,pairwise,old_vs_new,PPIFCG,WPSFD49502,6,60,2000-11-01,2005-10-01,60,1,1,0,computed
PPI_FINISHED_CONSUMER_GOODS,pairwise,old_vs_new,PPIFCG,WPSFD49502,6,60,2000-12-01,2005-11-01,60,1,1,0,computed
PPI_FINISHED_CONSUMER_GOODS,pairwise,old_vs_new,PPIFCG,WPSFD49502,6,60,2001-01-01,2005-12-01,60,1,1,0,computed
PPI_FINISHED_CONSUMER_GOODS,pairwise,old_vs_new,PPIFCG,WPSFD49502,6,60,2001-02-01,2006-01-01,60,1,1,0,computed
PPI_FINISHED_CONSUMER_GOODS,pairwise,old_vs_new,PPIFCG,WPSFD49502,6,60,2001-03-01,2006-02-01,60,1,1,0,computed
PPI_FINISHED_CONSUMER_GOODS,pairwise,old_vs_new,PPIFCG,WPSFD49502,6,60,2001-04-01,2006-03-01,60,1,1,0,computed
PPI_FINISHED_CONSUMER_GOODS,pairwise,old_vs_new,PPIFCG,WPSFD49502,6,60,2001-05-01,2006-04-01,60,1,1,0,computed
PPI_FINISHED_CONSUMER_GOODS,pairwise,old_vs_new,PPIFCG,WPSFD49502,6,60,2001-06-01,2006-05-01,60,1,1,0,computed
PPI_FINISHED_CONSUMER_GOODS,pairwise,old_vs_new,PPIFCG,WPSFD49502,6,60,2001-07-01,2006-06-01,60,1,1,0,computed
PPI_FINISHED_CONSUMER_GOODS,pairwise,old_vs_new,PPIFCG,WPSFD49502,6,60,2001-08-01,2006-07-01,60,1,1,0,computed
PPI_FINISHED_CONSUMER_GOODS,pairwise,old_vs_new,PPIFCG,WPSFD49502,6,60,2001-09-01,2006-08-01,60,1,1,0,computed
PPI_FINISHED_CONSUMER_GOODS,pairwise,old_vs_new,PPIFCG,WPSFD49502,6,60,2001-10-01,2006-09-01,60,1,1,0,computed
PPI_FINISHED_CONSUMER_GOODS,pairwise,old_vs_new,PPIFCG,WPSFD49502,6,60,2001-11-01,2006-10-01,60,1,1,0,computed
PPI_FINISHED_CONSUMER_GOODS,pairwise,old_vs_new,PPIFCG,WPSFD49502,6,60,2001-12-01,2006-11-01,60,1,1,0,computed
PPI_FINISHED_CONSUMER_GOODS,pairwise,old_vs_new,PPIFCG,WPSFD49502,6,60,2002-01-01,2006-12-01,60,1,1,0,computed
PPI_FINISHED_CONSUMER_GOODS,pairwise,old_vs_new,PPIFCG,WPSFD49502,6,60,2002-02-01,2007-01-01,60,1,1,0,computed
PPI_FINISHED_CONSUMER_GOODS,pairwise,old_vs_new,PPIFCG,WPSFD49502,6,60,2002-03-01,2007-02-01,60,1,1,0,computed
PPI_FINISHED_CONSUMER_GOODS,pairwise,old_vs_new,PPIFCG,WPSFD49502,6,60,2002-04-01,2007-03-01,60,1,1,0,computed
PPI_FINISHED_CONSUMER_GOODS,pairwise,old_vs_new,PPIFCG,WPSFD49502,6,60,2002-05-01,2007-04-01,60,1,1,0,computed
PPI_FINISHED_CONSUMER_GOODS,pairwise,old_vs_new,PPIFCG,WPSFD49502,6,60,2002-06-01,2007-05-01,60,1,1,0,computed
PPI_FINISHED_CONSUMER_GOODS,pairwise,old_vs_new,PPIFCG,WPSFD49502,6,60,2002-07-01,2007-06-01,60,1,1,0,computed
PPI_FINISHED_CONSUMER_GOODS,pairwise,old_vs_new,PPIFCG,WPSFD49502,6,60,2002-08-01,2007-07-01,60,1,1,0,computed
PPI_FINISHED_CONSUMER_GOODS,pairwise,old_vs_new,PPIFCG,WPSFD49502,6,60,2002-09-01,2007-08-01,60,1,1,0,computed
PPI_FINISHED_CONSUMER_GOODS,pairwise,old_vs_new,PPIFCG,WPSFD49502,6,60,2002-10-01,2007-09-01,60,1,1,0,computed
PPI_FINISHED_CONSUMER_GOODS,pairwise,old_vs_new,PPIFCG,WPSFD49502,6,60,2002-11-01,2007-10-01,60,1,1,0,computed
PPI_FINISHED_CONSUMER_GOODS,pairwise,old_vs_new,PPIFCG,WPSFD49502,6,60,2002-12-01,2007-11-01,60,1,1,0,computed
PPI_FINISHED_CONSUMER_GOODS,pairwise,old_vs_new,PPIFCG,WPSFD49502,6,60,2003-01-01,2007-12-01,60,1,1,0,computed
PPI_FINISHED_CONSUMER_GOODS,pairwise,old_vs_new,PPIFCG,WPSFD49502,6,60,2003-02-01,2008-01-01,60,1,1,0,computed
PPI_FINISHED_CONSUMER_GOODS,pairwise,old_vs_new,PPIFCG,WPSFD49502,6,60,2003-03-01,2008-02-01,60,1,1,0,computed
PPI_FINISHED_CONSUMER_GOODS,pairwise,old_vs_new,PPIFCG,WPSFD49502,6,60,2003-04-01,2008-03-01,60,1,1,0,computed
PPI_FINISHED_CONSUMER_GOODS,pairwise,old_vs_new,PPIFCG,WPSFD49502,6,60,2003-05-01,2008-04-01,60,1,1,0,computed
PPI_FINISHED_CONSUMER_GOODS,pairwise,old_vs_new,PPIFCG,WPSFD49502,6,60,2003-06-01,2008-05-01,60,1,1,0,computed
PPI_FINISHED_CONSUMER_GOODS,pairwise,old_vs_new,PPIFCG,WPSFD49502,6,60,2003-07-01,2008-06-01,60,1,1,0,computed
PPI_FINISHED_CONSUMER_GOODS,pairwise,old_vs_new,PPIFCG,WPSFD49502,6,60,2003-08-01,2008-07-01,60,1,1,0,computed
PPI_FINISHED_CONSUMER_GOODS,pairwise,old_vs_new,PPIFCG,WPSFD49502,6,60,2003-09-01,2008-08-01,60,1,1,0,computed
PPI_FINISHED_CONSUMER_GOODS,pairwise,old_vs_new,PPIFCG,WPSFD49502,6,60,2003-10-01,2008-09-01,60,1,1,0,computed
PPI_FINISHED_CONSUMER_GOODS,pairwise,old_vs_new,PPIFCG,WPSFD49502,6,60,2003-11-01,2008-10-01,60,1,1,0,computed
PPI_FINISHED_CONSUMER_GOODS,pairwise,old_vs_new,PPIFCG,WPSFD49502,6,60,2003-12-01,2008-11-01,60,1,1,0,computed
PPI_FINISHED_CONSUMER_GOODS,pairwise,old_vs_new,PPIFCG,WPSFD49502,6,60,2004-01-01,2008-12-01,60,1,1,0,computed
PPI_FINISHED_CONSUMER_GOODS,pairwise,old_vs_new,PPIFCG,WPSFD49502,6,60,2004-02-01,2009-01-01,60,1,1,0,computed
PPI_FINISHED_CONSUMER_GOODS,pairwise,old_vs_new,PPIFCG,WPSFD49502,6,60,2004-03-01,2009-02-01,60,1,1,0,computed
PPI_FINISHED_CONSUMER_GOODS,pairwise,old_vs_new,PPIFCG,WPSFD49502,6,60,2004-04-01,2009-03-01,60,1,1,0,computed
PPI_FINISHED_CONSUMER_GOODS,pairwise,old_vs_new,PPIFCG,WPSFD49502,6,60,2004-05-01,2009-04-01,60,1,1,0,computed
PPI_FINISHED_CONSUMER_GOODS,pairwise,old_vs_new,PPIFCG,WPSFD49502,6,60,2004-06-01,2009-05-01,60,1,1,0,computed
PPI_FINISHED_CONSUMER_GOODS,pairwise,old_vs_new,PPIFCG,WPSFD49502,6,60,2004-07-01,2009-06-01,60,1,1,0,computed
PPI_FINISHED_CONSUMER_GOODS,pairwise,old_vs_new,PPIFCG,WPSFD49502,6,60,2004-08-01,2009-07-01,60,1,1,0,computed
PPI_FINISHED_CONSUMER_GOODS,pairwise,old_vs_new,PPIFCG,WPSFD49502,6,60,2004-09-01,2009-08-01,60,1,1,0,computed
PPI_FINISHED_CONSUMER_GOODS,pairwise,old_vs_new,PPIFCG,WPSFD49502,6,60,2004-10-01,2009-09-01,60,1,1,0,computed
PPI_FINISHED_CONSUMER_GOODS,pairwise,old_vs_new,PPIFCG,WPSFD49502,6,60,2004-11-01,2009-10-01,60,1,1,0,computed
PPI_FINISHED_CONSUMER_GOODS,pairwise,old_vs_new,PPIFCG,WPSFD49502,6,60,2004-12-01,2009-11-01,60,1,1,0,computed
PPI_FINISHED_CONSUMER_GOODS,pairwise,old_vs_new,PPIFCG,WPSFD49502,6,60,2005-01-01,2009-12-01,60,1,1,0,computed
PPI_FINISHED_CONSUMER_GOODS,pairwise,old_vs_new,PPIFCG,WPSFD49502,6,60,2005-02-01,2010-01-01,60,1,1,0,computed
PPI_FINISHED_CONSUMER_GOODS,pairwise,old_vs_new,PPIFCG,WPSFD49502,6,60,2005-03-01,2010-02-01,60,1,1,0,computed
PPI_FINISHED_CONSUMER_GOODS,pairwise,old_vs_new,PPIFCG,WPSFD49502,6,60,2005-04-01,2010-03-01,60,1,1,0,computed
PPI_FINISHED_CONSUMER_GOODS,pairwise,old_vs_new,PPIFCG,WPSFD49502,6,60,2005-05-01,2010-04-01,60,1,1,0,computed
PPI_FINISHED_CONSUMER_GOODS,pairwise,old_vs_new,PPIFCG,WPSFD49502,6,60,2005-06-01,2010-05-01,60,1,1,0,computed
PPI_FINISHED_CONSUMER_GOODS,pairwise,old_vs_new,PPIFCG,WPSFD49502,6,60,2005-07-01,2010-06-01,60,0.999991072450548,1.00013313727611,0.00426358665175033,computed
PPI_FINISHED_CONSUMER_GOODS,pairwise,old_vs_new,PPIFCG,WPSFD49502,6,60,2005-08-01,2010-07-01,60,0.999981820333469,1.00034573954649,0.00604081455887183,computed
PPI_FINISHED_CONSUMER_GOODS,pairwise,old_vs_new,PPIFCG,WPSFD49502,6,60,2005-09-01,2010-08-01,60,0.999973039071674,1.00051866473753,0.00738383936661639,computed
PPI_FINISHED_CONSUMER_GOODS,pairwise,old_vs_new,PPIFCG,WPSFD49502,6,60,2005-10-01,2010-09-01,60,0.999963630294527,1.00060253801637,0.00855256050945678,computed
PPI_FINISHED_CONSUMER_GOODS,pairwise,old_vs_new,PPIFCG,WPSFD49502,6,60,2005-11-01,2010-10-01,60,0.999963669606322,1.00060188327842,0.00854791109863923,computed
PPI_FINISHED_CONSUMER_GOODS,pairwise,old_vs_new,PPIFCG,WPSFD49502,6,60,2005-12-01,2010-11-01,60,0.999961863520769,1.00063197144147,0.00875902669799977,computed
PPI_FINISHED_CONSUMER_GOODS,pairwise,old_vs_new,PPIFCG,WPSFD49502,6,60,2006-01-01,2010-12-01,60,0.9999519625166,1.00081969725275,0.00985538517698553,computed
PPI_FINISHED_CONSUMER_GOODS,pairwise,old_vs_new,PPIFCG,WPSFD49502,6,60,2006-02-01,2011-01-01,60,0.999871392320595,1.00102600485767,0.0161162274688431,computed
PPI_FINISHED_CONSUMER_GOODS,pairwise,old_vs_new,PPIFCG,WPSFD49502,6,60,2006-03-01,2011-02-01,60,0.999782938305121,1.00150254244778,0.020912724816405,computed
PPI_FINISHED_CONSUMER_GOODS,pairwise,old_vs_new,PPIFCG,WPSFD49502,6,60,2006-04-01,2011-03-01,60,0.99976784755135,1.00140449905779,0.0216366976169835,computed
PPI_FINISHED_CONSUMER_GOODS,pairwise,old_vs_new,PPIFCG,WPSFD49502,6,60,2006-05-01,2011-04-01,60,0.999760029294969,1.00145109286609,0.0220316795148669,computed
PPI_FINISHED_CONSUMER_GOODS,pairwise,old_vs_new,PPIFCG,WPSFD49502,6,60,2006-06-01,2011-05-01,60,0.999675766556251,1.00182415377048,0.0255534279460957,computed
PPI_FINISHED_CONSUMER_GOODS,pairwise,old_vs_new,PPIFCG,WPSFD49502,6,60,2006-07-01,2011-06-01,60,0.999647248913873,1.00266011405716,0.0267509782686448,computed
PPI_FINISHED_CONSUMER_GOODS,pairwise,old_vs_new,PPIFCG,WPSFD49502,6,60,2006-08-01,2011-07-01,60,0.999615611530536,1.00336363871966,0.0279763640255309,computed
PPI_FINISHED_CONSUMER_GOODS,pairwise,old_vs_new,PPIFCG,WPSFD49502,6,60,2006-09-01,2011-08-01,60,0.99958186532347,1.00385628184738,0.0292497083139715,computed
PPI_FINISHED_CONSUMER_GOODS,pairwise,old_vs_new,PPIFCG,WPSFD49502,6,60,2006-10-01,2011-09-01,60,0.999536894200684,1.00496982313919,0.0309113876014458,computed
PPI_FINISHED_CONSUMER_GOODS,pairwise,old_vs_new,PPIFCG,WPSFD49502,6,60,2006-11-01,2011-10-01,60,0.999537168749077,1.00540992464721,0.0309876411361517,computed
PPI_FINISHED_CONSUMER_GOODS,pairwise,old_vs_new,PPIFCG,WPSFD49502,6,60,2006-12-01,2011-11-01,60,0.999491937236844,1.00602405448772,0.0325398248802734,computed
PPI_FINISHED_CONSUMER_GOODS,pairwise,old_vs_new,PPIFCG,WPSFD49502,6,60,2007-01-01,2011-12-01,60,0.999484823095416,1.00620098505722,0.032790169785615,computed
PPI_FINISHED_CONSUMER_GOODS,pairwise,old_vs_new,PPIFCG,WPSFD49502,6,60,2007-02-01,2012-01-01,60,0.999474502677812,1.00644186812091,0.0331596884940628,computed
PPI_FINISHED_CONSUMER_GOODS,pairwise,old_vs_new,PPIFCG,WPSFD49502,6,60,2007-03-01,2012-02-01,60,0.999456869344132,1.00654461306137,0.033725771934849,computed
PPI_FINISHED_CONSUMER_GOODS,pairwise,old_vs_new,PPIFCG,WPSFD49502,6,60,2007-04-01,2012-03-01,60,0.999375630550342,1.00677251925843,0.0361022500781481,computed
PPI_FINISHED_CONSUMER_GOODS,pairwise,old_vs_new,PPIFCG,WPSFD49502,6,60,2007-05-01,2012-04-01,60,0.999144334906489,1.00629744364509,0.0420323387642003,computed
PPI_FINISHED_CONSUMER_GOODS,pairwise,old_vs_new,PPIFCG,WPSFD49502,6,60,2007-06-01,2012-05-01,60,0.998570444582451,1.00786321283794,0.0542983330777196,computed
PPI_FINISHED_CONSUMER_GOODS,pairwise,old_vs_new,PPIFCG,WPSFD49502,6,60,2007-07-01,2012-06-01,60,0.998559540316761,1.00797675154539,0.0545009428321924,computed
PPI_FINISHED_CONSUMER_GOODS,pairwise,old_vs_new,PPIFCG,WPSFD49502,6,60,2007-08-01,2012-07-01,60,0.998476738097479,1.00871417565229,0.0561160280660161,computed
PPI_FINISHED_CONSUMER_GOODS,pairwise,old_vs_new,PPIFCG,WPSFD49502,6,60,2007-09-01,2012-08-01,60,0.998419078925669,1.00765873792866,0.0569732608627373,computed
PPI_FINISHED_CONSUMER_GOODS,pairwise,old_vs_new,PPIFCG,WPSFD49502,6,60,2007-10-01,2012-09-01,60,0.998311124388588,1.00769720208694,0.0588472394332868,computed
PPI_FINISHED_CONSUMER_GOODS,pairwise,old_vs_new,PPIFCG,WPSFD49502,6,60,2007-11-01,2012-10-01,60,0.998321629082503,1.00806541540251,0.0587296742441689,computed
PPI_FINISHED_CONSUMER_GOODS,pairwise,old_vs_new,PPIFCG,WPSFD49502,6,60,2007-12-01,2012-11-01,60,0.997970388064381,1.00583051172198,0.0642238465173558,computed
PPI_FINISHED_CONSUMER_GOODS,pairwise,old_vs_new,PPIFCG,WPSFD49502,6,60,2008-01-01,2012-12-01,60,0.997031028097348,1.00366473442122,0.0773206932292602,computed
PPI_FINISHED_CONSUMER_GOODS,pairwise,old_vs_new,PPIFCG,WPSFD49502,6,60,2008-02-01,2013-01-01,60,0.995775243379045,1.00745634050124,0.0926540089818794,computed
PPI_FINISHED_CONSUMER_GOODS,pairwise,old_vs_new,PPIFCG,WPSFD49502,6,60,2008-03-01,2013-02-01,60,0.995569759750491,1.00722702451525,0.0947612508241231,computed
PPI_FINISHED_CONSUMER_GOODS,pairwise,old_vs_new,PPIFCG,WPSFD49502,6,60,2008-04-01,2013-03-01,60,0.995409247565009,1.01012478282029,0.0968413724422848,computed
PPI_FINISHED_CONSUMER_GOODS,pairwise,old_vs_new,PPIFCG,WPSFD49502,6,60,2008-05-01,2013-04-01,60,0.995219683750246,1.0097981069362,0.0987510727739475,computed
PPI_FINISHED_CONSUMER_GOODS,pairwise,old_vs_new,PPIFCG,WPSFD49502,6,60,2008-06-01,2013-05-01,60,0.994187659206326,1.00246126938141,0.108079415292465,computed
PPI_FINISHED_CONSUMER_GOODS,pairwise,old_vs_new,PPIFCG,WPSFD49502,6,60,2008-07-01,2013-06-01,60,0.993933560861946,1.0011958555472,0.110235303658182,computed
PPI_FINISHED_CONSUMER_GOODS,pairwise,old_vs_new,PPIFCG,WPSFD49502,6,60,2008-08-01,2013-07-01,60,0.99388181610896,1.00106529464486,0.110683667552378,computed
PPI_FINISHED_CONSUMER_GOODS,pairwise,old_vs_new,PPIFCG,WPSFD49502,6,60,2008-09-01,2013-08-01,60,0.993441909582438,1.00191065513302,0.114657415785661,computed
PPI_FINISHED_CONSUMER_GOODS,pairwise,old_vs_new,PPIFCG,WPSFD49502,6,60,2008-10-01,2013-09-01,60,0.992679945174644,1.00468563686869,0.121423083257792,computed
PPI_FINISHED_CONSUMER_GOODS,pairwise,old_vs_new,PPIFCG,WPSFD49502,6,60,2008-11-01,2013-10-01,60,0.99089750078643,1.00727869126819,0.135613119304609,computed
PPI_FINISHED_CONSUMER_GOODS,pairwise,old_vs_new,PPIFCG,WPSFD49502,6,60,2008-12-01,2013-11-01,60,0.989415042191338,1.00567478055663,0.146225418523886,computed
PPI_FINISHED_CONSUMER_GOODS,pairwise,old_vs_new,PPIFCG,WPSFD49502,6,60,2009-01-01,2013-12-01,60,0.986015550712478,1.00187723092284,0.167426505514367,computed
PPI_FINISHED_CONSUMER_GOODS,pairwise,old_vs_new,PPIFCG,WPSFD49502,6,60,2009-02-01,2014-01-01,60,0.982612981069489,1.00319763800543,0.186834812501404,computed
PPI_FINISHED_CONSUMER_GOODS,pairwise,old_vs_new,PPIFCG,WPSFD49502,6,60,2009-03-01,2014-02-01,60,0.98237444482093,1.00396487271641,0.188177733702592,computed
PPI_FINISHED_CONSUMER_GOODS,pairwise,old_vs_new,PPIFCG,WPSFD49502,6,60,2009-04-01,2014-03-01,60,0.982067571615557,1.00398961450641,0.189810709006042,computed
PPI_FINISHED_CONSUMER_GOODS,pairwise,old_vs_new,PPIFCG,WPSFD49502,6,60,2009-05-01,2014-04-01,60,0.981018470916574,1.00401711800572,0.19527451880678,computed
PPI_FINISHED_CONSUMER_GOODS,pairwise,old_vs_new,PPIFCG,WPSFD49502,6,60,2009-06-01,2014-05-01,60,0.977886573912085,1.01044643165334,0.211888229589946,computed
PPI_FINISHED_CONSUMER_GOODS,pairwise,old_vs_new,PPIFCG,WPSFD49502,6,60,2009-07-01,2014-06-01,60,0.975367171150896,1.01430636721672,0.224027643569274,computed
PPI_FINISHED_CONSUMER_GOODS,pairwise,old_vs_new,PPIFCG,WPSFD49502,6,60,2009-08-01,2014-07-01,60,0.968111004241847,1.01583327049955,0.255027774428756,computed
PPI_FINISHED_CONSUMER_GOODS,pairwise,old_vs_new,PPIFCG,WPSFD49502,6,60,2009-09-01,2014-08-01,60,0.959968419493859,1.01981780942717,0.286444044379449,computed
PPI_FINISHED_CONSUMER_GOODS,pairwise,old_vs_new,PPIFCG,WPSFD49502,6,60,2009-10-01,2014-09-01,60,0.953238682494084,1.02325278321995,0.310277964424978,computed
PPI_FINISHED_CONSUMER_GOODS,pairwise,old_vs_new,PPIFCG,WPSFD49502,6,60,2009-11-01,2014-10-01,60,0.951678515363973,1.02304933013692,0.315286961521751,computed
PPI_FINISHED_CONSUMER_GOODS,pairwise,old_vs_new,PPIFCG,WPSFD49502,6,60,2009-12-01,2014-11-01,60,0.943064043841887,1.01650170034317,0.340910289291311,computed
PPI_FINISHED_CONSUMER_GOODS,pairwise,old_vs_new,PPIFCG,WPSFD49502,6,60,2010-01-01,2014-12-01,60,0.934182301557905,1.03669317161311,0.371242793771119,computed
PPI_FINISHED_CONSUMER_GOODS,pairwise,old_vs_new,PPIFCG,WPSFD49502,6,60,2010-02-01,2015-01-01,60,0.932037073323628,1.0288845603877,0.375106354568619,computed
PPI_FINISHED_CONSUMER_GOODS,pairwise,old_vs_new,PPIFCG,WPSFD49502,6,60,2010-03-01,2015-02-01,60,0.935748169472858,1.0198673446897,0.362568123475646,computed
PPI_FINISHED_CONSUMER_GOODS,pairwise,old_vs_new,PPIFCG,WPSFD49502,6,60,2010-04-01,2015-03-01,60,0.930401171690765,1.0226920641109,0.378020658883138,computed
PPI_FINISHED_CONSUMER_GOODS,pairwise,old_vs_new,PPIFCG,WPSFD49502,6,60,2010-05-01,2015-04-01,60,0.929879206397586,1.03292777431822,0.382031226181487,computed
PPI_FINISHED_CONSUMER_GOODS,pairwise,old_vs_new,PPIFCG,WPSFD49502,6,60,2010-06-01,2015-05-01,60,0.93771057262669,0.99395238748594,0.352162111466862,computed
PPI_FINISHED_CONSUMER_GOODS,pairwise,old_vs_new,PPIFCG,WPSFD49502,6,60,2010-07-01,2015-06-01,60,0.937939031355923,0.986537306156536,0.350230900560922,computed
PPI_FINISHED_CONSUMER_GOODS,pairwise,old_vs_new,PPIFCG,WPSFD49502,6,60,2010-08-01,2015-07-01,60,0.935914775672184,0.972183038548518,0.354117944471602,computed
PPI_FINISHED_CONSUMER_GOODS,pairwise,old_vs_new,PPIFCG,WPSFD49502,6,60,2010-09-01,2015-08-01,60,0.935565153786647,0.972089868683224,0.35504204926423,computed
PPI_FINISHED_CONSUMER_GOODS,pairwise,old_vs_new,PPIFCG,WPSFD49502,6,60,2010-10-01,2015-09-01,60,0.936393830270025,0.978094037134068,0.353424743830428,computed
PPI_FINISHED_CONSUMER_GOODS,pairwise,old_vs_new,PPIFCG,WPSFD49502,6,60,2010-11-01,2015-10-01,60,0.937714942823546,0.982890559057153,0.350331766284627,computed
PPI_FINISHED_CONSUMER_GOODS,pairwise,old_vs_new,PPIFCG,WPSFD49502,6,60,2010-12-01,2015-11-01,60,0.937572622832543,0.982841378884577,0.350724520042939,computed
PPI_FINISHED_CONSUMER_GOODS,pairwise,old_vs_new,PPIFCG,WPSFD49502,6,60,2011-01-01,2015-12-01,60,0.938818482896132,0.981572112665313,0.347056902046761,computed
PPI_FINISHED_GOODS,pairwise,old_vs_new,PPIFGS,WPSFD49207,6,60,1947-06-01,1952-05-01,60,1,1,0,computed
PPI_FINISHED_GOODS,pairwise,old_vs_new,PPIFGS,WPSFD49207,6,60,1947-07-01,1952-06-01,60,1,1,0,computed
PPI_FINISHED_GOODS,pairwise,old_vs_new,PPIFGS,WPSFD49207,6,60,1947-08-01,1952-07-01,60,1,1,0,computed
PPI_FINISHED_GOODS,pairwise,old_vs_new,PPIFGS,WPSFD49207,6,60,1947-09-01,1952-08-01,60,1,1,0,computed
PPI_FINISHED_GOODS,pairwise,old_vs_new,PPIFGS,WPSFD49207,6,60,1947-10-01,1952-09-01,60,1,1,0,computed
PPI_FINISHED_GOODS,pairwise,old_vs_new,PPIFGS,WPSFD49207,6,60,1947-11-01,1952-10-01,60,1,1,0,computed
PPI_FINISHED_GOODS,pairwise,old_vs_new,PPIFGS,WPSFD49207,6,60,1947-12-01,1952-11-01,60,1,1,0,computed
PPI_FINISHED_GOODS,pairwise,old_vs_new,PPIFGS,WPSFD49207,6,60,1948-01-01,1952-12-01,60,1,1,0,computed
PPI_FINISHED_GOODS,pairwise,old_vs_new,PPIFGS,WPSFD49207,6,60,1948-02-01,1953-01-01,60,1,1,0,computed
PPI_FINISHED_GOODS,pairwise,old_vs_new,PPIFGS,WPSFD49207,6,60,1948-03-01,1953-02-01,60,1,1,0,computed
PPI_FINISHED_GOODS,pairwise,old_vs_new,PPIFGS,WPSFD49207,6,60,1948-04-01,1953-03-01,60,1,1,0,computed
PPI_FINISHED_GOODS,pairwise,old_vs_new,PPIFGS,WPSFD49207,6,60,1948-05-01,1953-04-01,60,1,1,0,computed
PPI_FINISHED_GOODS,pairwise,old_vs_new,PPIFGS,WPSFD49207,6,60,1948-06-01,1953-05-01,60,1,1,0,computed
PPI_FINISHED_GOODS,pairwise,old_vs_new,PPIFGS,WPSFD49207,6,60,1948-07-01,1953-06-01,60,1,1,0,computed
PPI_FINISHED_GOODS,pairwise,old_vs_new,PPIFGS,WPSFD49207,6,60,1948-08-01,1953-07-01,60,1,1,0,computed
PPI_FINISHED_GOODS,pairwise,old_vs_new,PPIFGS,WPSFD49207,6,60,1948-09-01,1953-08-01,60,1,1,0,computed
PPI_FINISHED_GOODS,pairwise,old_vs_new,PPIFGS,WPSFD49207,6,60,1948-10-01,1953-09-01,60,1,1,0,computed
PPI_FINISHED_GOODS,pairwise,old_vs_new,PPIFGS,WPSFD49207,6,60,1948-11-01,1953-10-01,60,1,1,0,computed
PPI_FINISHED_GOODS,pairwise,old_vs_new,PPIFGS,WPSFD49207,6,60,1948-12-01,1953-11-01,60,1,1,0,computed
PPI_FINISHED_GOODS,pairwise,old_vs_new,PPIFGS,WPSFD49207,6,60,1949-01-01,1953-12-01,60,1,1,0,computed
PPI_FINISHED_GOODS,pairwise,old_vs_new,PPIFGS,WPSFD49207,6,60,1949-02-01,1954-01-01,60,1,1,0,computed
PPI_FINISHED_GOODS,pairwise,old_vs_new,PPIFGS,WPSFD49207,6,60,1949-03-01,1954-02-01,60,1,1,0,computed
PPI_FINISHED_GOODS,pairwise,old_vs_new,PPIFGS,WPSFD49207,6,60,1949-04-01,1954-03-01,60,1,1,0,computed
PPI_FINISHED_GOODS,pairwise,old_vs_new,PPIFGS,WPSFD49207,6,60,1949-05-01,1954-04-01,60,1,1,0,computed
PPI_FINISHED_GOODS,pairwise,old_vs_new,PPIFGS,WPSFD49207,6,60,1949-06-01,1954-05-01,60,1,1,0,computed
PPI_FINISHED_GOODS,pairwise,old_vs_new,PPIFGS,WPSFD49207,6,60,1949-07-01,1954-06-01,60,1,1,0,computed
PPI_FINISHED_GOODS,pairwise,old_vs_new,PPIFGS,WPSFD49207,6,60,1949-08-01,1954-07-01,60,1,1,0,computed
PPI_FINISHED_GOODS,pairwise,old_vs_new,PPIFGS,WPSFD49207,6,60,1949-09-01,1954-08-01,60,1,1,0,computed
PPI_FINISHED_GOODS,pairwise,old_vs_new,PPIFGS,WPSFD49207,6,60,1949-10-01,1954-09-01,60,1,1,0,computed
PPI_FINISHED_GOODS,pairwise,old_vs_new,PPIFGS,WPSFD49207,6,60,1949-11-01,1954-10-01,60,1,1,0,computed
PPI_FINISHED_GOODS,pairwise,old_vs_new,PPIFGS,WPSFD49207,6,60,1949-12-01,1954-11-01,60,1,1,0,computed
PPI_FINISHED_GOODS,pairwise,old_vs_new,PPIFGS,WPSFD49207,6,60,1950-01-01,1954-12-01,60,1,1,0,computed
PPI_FINISHED_GOODS,pairwise,old_vs_new,PPIFGS,WPSFD49207,6,60,1950-02-01,1955-01-01,60,1,1,0,computed
PPI_FINISHED_GOODS,pairwise,old_vs_new,PPIFGS,WPSFD49207,6,60,1950-03-01,1955-02-01,60,1,1,0,computed
PPI_FINISHED_GOODS,pairwise,old_vs_new,PPIFGS,WPSFD49207,6,60,1950-04-01,1955-03-01,60,1,1,0,computed
PPI_FINISHED_GOODS,pairwise,old_vs_new,PPIFGS,WPSFD49207,6,60,1950-05-01,1955-04-01,60,1,1,0,computed
PPI_FINISHED_GOODS,pairwise,old_vs_new,PPIFGS,WPSFD49207,6,60,1950-06-01,1955-05-01,60,1,1,0,computed
PPI_FINISHED_GOODS,pairwise,old_vs_new,PPIFGS,WPSFD49207,6,60,1950-07-01,1955-06-01,60,1,1,0,computed
PPI_FINISHED_GOODS,pairwise,old_vs_new,PPIFGS,WPSFD49207,6,60,1950-08-01,1955-07-01,60,1,1,0,computed
PPI_FINISHED_GOODS,pairwise,old_vs_new,PPIFGS,WPSFD49207,6,60,1950-09-01,1955-08-01,60,1,1,0,computed
PPI_FINISHED_GOODS,pairwise,old_vs_new,PPIFGS,WPSFD49207,6,60,1950-10-01,1955-09-01,60,1,1,0,computed
PPI_FINISHED_GOODS,pairwise,old_vs_new,PPIFGS,WPSFD49207,6,60,1950-11-01,1955-10-01,60,1,1,0,computed
PPI_FINISHED_GOODS,pairwise,old_vs_new,PPIFGS,WPSFD49207,6,60,1950-12-01,1955-11-01,60,1,1,0,computed
PPI_FINISHED_GOODS,pairwise,old_vs_new,PPIFGS,WPSFD49207,6,60,1951-01-01,1955-12-01,60,1,1,0,computed
PPI_FINISHED_GOODS,pairwise,old_vs_new,PPIFGS,WPSFD49207,6,60,1951-02-01,1956-01-01,60,1,1,0,computed
PPI_FINISHED_GOODS,pairwise,old_vs_new,PPIFGS,WPSFD49207,6,60,1951-03-01,1956-02-01,60,1,1,0,computed
PPI_FINISHED_GOODS,pairwise,old_vs_new,PPIFGS,WPSFD49207,6,60,1951-04-01,1956-03-01,60,1,1,0,computed
PPI_FINISHED_GOODS,pairwise,old_vs_new,PPIFGS,WPSFD49207,6,60,1951-05-01,1956-04-01,60,1,1,0,computed
PPI_FINISHED_GOODS,pairwise,old_vs_new,PPIFGS,WPSFD49207,6,60,1951-06-01,1956-05-01,60,1,1,0,computed
PPI_FINISHED_GOODS,pairwise,old_vs_new,PPIFGS,WPSFD49207,6,60,1951-07-01,1956-06-01,60,1,1,0,computed
PPI_FINISHED_GOODS,pairwise,old_vs_new,PPIFGS,WPSFD49207,6,60,1951-08-01,1956-07-01,60,1,1,0,computed
PPI_FINISHED_GOODS,pairwise,old_vs_new,PPIFGS,WPSFD49207,6,60,1951-09-01,1956-08-01,60,1,1,0,computed
PPI_FINISHED_GOODS,pairwise,old_vs_new,PPIFGS,WPSFD49207,6,60,1951-10-01,1956-09-01,60,1,1,0,computed
PPI_FINISHED_GOODS,pairwise,old_vs_new,PPIFGS,WPSFD49207,6,60,1951-11-01,1956-10-01,60,1,1,0,computed
PPI_FINISHED_GOODS,pairwise,old_vs_new,PPIFGS,WPSFD49207,6,60,1951-12-01,1956-11-01,60,1,1,0,computed
PPI_FINISHED_GOODS,pairwise,old_vs_new,PPIFGS,WPSFD49207,6,60,1952-01-01,1956-12-01,60,1,1,0,computed
PPI_FINISHED_GOODS,pairwise,old_vs_new,PPIFGS,WPSFD49207,6,60,1952-02-01,1957-01-01,60,1,1,0,computed
PPI_FINISHED_GOODS,pairwise,old_vs_new,PPIFGS,WPSFD49207,6,60,1952-03-01,1957-02-01,60,1,1,0,computed
PPI_FINISHED_GOODS,pairwise,old_vs_new,PPIFGS,WPSFD49207,6,60,1952-04-01,1957-03-01,60,1,1,0,computed
PPI_FINISHED_GOODS,pairwise,old_vs_new,PPIFGS,WPSFD49207,6,60,1952-05-01,1957-04-01,60,1,1,0,computed
PPI_FINISHED_GOODS,pairwise,old_vs_new,PPIFGS,WPSFD49207,6,60,1952-06-01,1957-05-01,60,1,1,0,computed
PPI_FINISHED_GOODS,pairwise,old_vs_new,PPIFGS,WPSFD49207,6,60,1952-07-01,1957-06-01,60,1,1,0,computed
PPI_FINISHED_GOODS,pairwise,old_vs_new,PPIFGS,WPSFD49207,6,60,1952-08-01,1957-07-01,60,1,1,0,computed
PPI_FINISHED_GOODS,pairwise,old_vs_new,PPIFGS,WPSFD49207,6,60,1952-09-01,1957-08-01,60,1,1,0,computed
PPI_FINISHED_GOODS,pairwise,old_vs_new,PPIFGS,WPSFD49207,6,60,1952-10-01,1957-09-01,60,1,1,0,computed
PPI_FINISHED_GOODS,pairwise,old_vs_new,PPIFGS,WPSFD49207,6,60,1952-11-01,1957-10-01,60,1,1,0,computed
PPI_FINISHED_GOODS,pairwise,old_vs_new,PPIFGS,WPSFD49207,6,60,1952-12-01,1957-11-01,60,1,1,0,computed
PPI_FINISHED_GOODS,pairwise,old_vs_new,PPIFGS,WPSFD49207,6,60,1953-01-01,1957-12-01,60,1,1,0,computed
PPI_FINISHED_GOODS,pairwise,old_vs_new,PPIFGS,WPSFD49207,6,60,1953-02-01,1958-01-01,60,1,1,0,computed
PPI_FINISHED_GOODS,pairwise,old_vs_new,PPIFGS,WPSFD49207,6,60,1953-03-01,1958-02-01,60,1,1,0,computed
PPI_FINISHED_GOODS,pairwise,old_vs_new,PPIFGS,WPSFD49207,6,60,1953-04-01,1958-03-01,60,1,1,0,computed
PPI_FINISHED_GOODS,pairwise,old_vs_new,PPIFGS,WPSFD49207,6,60,1953-05-01,1958-04-01,60,1,1,0,computed
PPI_FINISHED_GOODS,pairwise,old_vs_new,PPIFGS,WPSFD49207,6,60,1953-06-01,1958-05-01,60,1,1,0,computed
PPI_FINISHED_GOODS,pairwise,old_vs_new,PPIFGS,WPSFD49207,6,60,1953-07-01,1958-06-01,60,1,1,0,computed
PPI_FINISHED_GOODS,pairwise,old_vs_new,PPIFGS,WPSFD49207,6,60,1953-08-01,1958-07-01,60,1,1,0,computed
PPI_FINISHED_GOODS,pairwise,old_vs_new,PPIFGS,WPSFD49207,6,60,1953-09-01,1958-08-01,60,1,1,0,computed
PPI_FINISHED_GOODS,pairwise,old_vs_new,PPIFGS,WPSFD49207,6,60,1953-10-01,1958-09-01,60,1,1,0,computed
PPI_FINISHED_GOODS,pairwise,old_vs_new,PPIFGS,WPSFD49207,6,60,1953-11-01,1958-10-01,60,1,1,0,computed
PPI_FINISHED_GOODS,pairwise,old_vs_new,PPIFGS,WPSFD49207,6,60,1953-12-01,1958-11-01,60,1,1,0,computed
PPI_FINISHED_GOODS,pairwise,old_vs_new,PPIFGS,WPSFD49207,6,60,1954-01-01,1958-12-01,60,1,1,0,computed
PPI_FINISHED_GOODS,pairwise,old_vs_new,PPIFGS,WPSFD49207,6,60,1954-02-01,1959-01-01,60,1,1,0,computed
PPI_FINISHED_GOODS,pairwise,old_vs_new,PPIFGS,WPSFD49207,6,60,1954-03-01,1959-02-01,60,1,1,0,computed
PPI_FINISHED_GOODS,pairwise,old_vs_new,PPIFGS,WPSFD49207,6,60,1954-04-01,1959-03-01,60,1,1,0,computed
PPI_FINISHED_GOODS,pairwise,old_vs_new,PPIFGS,WPSFD49207,6,60,1954-05-01,1959-04-01,60,1,1,0,computed
PPI_FINISHED_GOODS,pairwise,old_vs_new,PPIFGS,WPSFD49207,6,60,1954-06-01,1959-05-01,60,1,1,0,computed
PPI_FINISHED_GOODS,pairwise,old_vs_new,PPIFGS,WPSFD49207,6,60,1954-07-01,1959-06-01,60,1,1,0,computed
PPI_FINISHED_GOODS,pairwise,old_vs_new,PPIFGS,WPSFD49207,6,60,1954-08-01,1959-07-01,60,1,1,0,computed
PPI_FINISHED_GOODS,pairwise,old_vs_new,PPIFGS,WPSFD49207,6,60,1954-09-01,1959-08-01,60,1,1,0,computed
PPI_FINISHED_GOODS,pairwise,old_vs_new,PPIFGS,WPSFD49207,6,60,1954-10-01,1959-09-01,60,1,1,0,computed
PPI_FINISHED_GOODS,pairwise,old_vs_new,PPIFGS,WPSFD49207,6,60,1954-11-01,1959-10-01,60,1,1,0,computed
PPI_FINISHED_GOODS,pairwise,old_vs_new,PPIFGS,WPSFD49207,6,60,1954-12-01,1959-11-01,60,1,1,0,computed
PPI_FINISHED_GOODS,pairwise,old_vs_new,PPIFGS,WPSFD49207,6,60,1955-01-01,1959-12-01,60,1,1,0,computed
PPI_FINISHED_GOODS,pairwise,old_vs_new,PPIFGS,WPSFD49207,6,60,1955-02-01,1960-01-01,60,1,1,0,computed
PPI_FINISHED_GOODS,pairwise,old_vs_new,PPIFGS,WPSFD49207,6,60,1955-03-01,1960-02-01,60,1,1,0,computed
PPI_FINISHED_GOODS,pairwise,old_vs_new,PPIFGS,WPSFD49207,6,60,1955-04-01,1960-03-01,60,1,1,0,computed
PPI_FINISHED_GOODS,pairwise,old_vs_new,PPIFGS,WPSFD49207,6,60,1955-05-01,1960-04-01,60,1,1,0,computed
PPI_FINISHED_GOODS,pairwise,old_vs_new,PPIFGS,WPSFD49207,6,60,1955-06-01,1960-05-01,60,1,1,0,computed
PPI_FINISHED_GOODS,pairwise,old_vs_new,PPIFGS,WPSFD49207,6,60,1955-07-01,1960-06-01,60,1,1,0,computed
PPI_FINISHED_GOODS,pairwise,old_vs_new,PPIFGS,WPSFD49207,6,60,1955-08-01,1960-07-01,60,1,1,0,computed
PPI_FINISHED_GOODS,pairwise,old_vs_new,PPIFGS,WPSFD49207,6,60,1955-09-01,1960-08-01,60,1,1,0,computed
PPI_FINISHED_GOODS,pairwise,old_vs_new,PPIFGS,WPSFD49207,6,60,1955-10-01,1960-09-01,60,1,1,0,computed
PPI_FINISHED_GOODS,pairwise,old_vs_new,PPIFGS,WPSFD49207,6,60,1955-11-01,1960-10-01,60,1,1,0,computed
PPI_FINISHED_GOODS,pairwise,old_vs_new,PPIFGS,WPSFD49207,6,60,1955-12-01,1960-11-01,60,1,1,0,computed
PPI_FINISHED_GOODS,pairwise,old_vs_new,PPIFGS,WPSFD49207,6,60,1956-01-01,1960-12-01,60,1,1,0,computed
PPI_FINISHED_GOODS,pairwise,old_vs_new,PPIFGS,WPSFD49207,6,60,1956-02-01,1961-01-01,60,1,1,0,computed
PPI_FINISHED_GOODS,pairwise,old_vs_new,PPIFGS,WPSFD49207,6,60,1956-03-01,1961-02-01,60,1,1,0,computed
PPI_FINISHED_GOODS,pairwise,old_vs_new,PPIFGS,WPSFD49207,6,60,1956-04-01,1961-03-01,60,1,1,0,computed
PPI_FINISHED_GOODS,pairwise,old_vs_new,PPIFGS,WPSFD49207,6,60,1956-05-01,1961-04-01,60,1,1,0,computed
PPI_FINISHED_GOODS,pairwise,old_vs_new,PPIFGS,WPSFD49207,6,60,1956-06-01,1961-05-01,60,1,1,0,computed
PPI_FINISHED_GOODS,pairwise,old_vs_new,PPIFGS,WPSFD49207,6,60,1956-07-01,1961-06-01,60,1,1,0,computed
PPI_FINISHED_GOODS,pairwise,old_vs_new,PPIFGS,WPSFD49207,6,60,1956-08-01,1961-07-01,60,1,1,0,computed
PPI_FINISHED_GOODS,pairwise,old_vs_new,PPIFGS,WPSFD49207,6,60,1956-09-01,1961-08-01,60,1,1,0,computed
PPI_FINISHED_GOODS,pairwise,old_vs_new,PPIFGS,WPSFD49207,6,60,1956-10-01,1961-09-01,60,1,1,0,computed
PPI_FINISHED_GOODS,pairwise,old_vs_new,PPIFGS,WPSFD49207,6,60,1956-11-01,1961-10-01,60,1,1,0,computed
PPI_FINISHED_GOODS,pairwise,old_vs_new,PPIFGS,WPSFD49207,6,60,1956-12-01,1961-11-01,60,1,1,0,computed
PPI_FINISHED_GOODS,pairwise,old_vs_new,PPIFGS,WPSFD49207,6,60,1957-01-01,1961-12-01,60,1,1,0,computed
PPI_FINISHED_GOODS,pairwise,old_vs_new,PPIFGS,WPSFD49207,6,60,1957-02-01,1962-01-01,60,1,1,0,computed
PPI_FINISHED_GOODS,pairwise,old_vs_new,PPIFGS,WPSFD49207,6,60,1957-03-01,1962-02-01,60,1,1,0,computed
PPI_FINISHED_GOODS,pairwise,old_vs_new,PPIFGS,WPSFD49207,6,60,1957-04-01,1962-03-01,60,1,1,0,computed
PPI_FINISHED_GOODS,pairwise,old_vs_new,PPIFGS,WPSFD49207,6,60,1957-05-01,1962-04-01,60,1,1,0,computed
PPI_FINISHED_GOODS,pairwise,old_vs_new,PPIFGS,WPSFD49207,6,60,1957-06-01,1962-05-01,60,1,1,0,computed
PPI_FINISHED_GOODS,pairwise,old_vs_new,PPIFGS,WPSFD49207,6,60,1957-07-01,1962-06-01,60,1,1,0,computed
PPI_FINISHED_GOODS,pairwise,old_vs_new,PPIFGS,WPSFD49207,6,60,1957-08-01,1962-07-01,60,1,1,0,computed
PPI_FINISHED_GOODS,pairwise,old_vs_new,PPIFGS,WPSFD49207,6,60,1957-09-01,1962-08-01,60,1,1,0,computed
PPI_FINISHED_GOODS,pairwise,old_vs_new,PPIFGS,WPSFD49207,6,60,1957-10-01,1962-09-01,60,1,1,0,computed
PPI_FINISHED_GOODS,pairwise,old_vs_new,PPIFGS,WPSFD49207,6,60,1957-11-01,1962-10-01,60,1,1,0,computed
PPI_FINISHED_GOODS,pairwise,old_vs_new,PPIFGS,WPSFD49207,6,60,1957-12-01,1962-11-01,60,1,1,0,computed
PPI_FINISHED_GOODS,pairwise,old_vs_new,PPIFGS,WPSFD49207,6,60,1958-01-01,1962-12-01,60,1,1,0,computed
PPI_FINISHED_GOODS,pairwise,old_vs_new,PPIFGS,WPSFD49207,6,60,1958-02-01,1963-01-01,60,1,1,0,computed
PPI_FINISHED_GOODS,pairwise,old_vs_new,PPIFGS,WPSFD49207,6,60,1958-03-01,1963-02-01,60,1,1,0,computed
PPI_FINISHED_GOODS,pairwise,old_vs_new,PPIFGS,WPSFD49207,6,60,1958-04-01,1963-03-01,60,1,1,0,computed
PPI_FINISHED_GOODS,pairwise,old_vs_new,PPIFGS,WPSFD49207,6,60,1958-05-01,1963-04-01,60,1,1,0,computed
PPI_FINISHED_GOODS,pairwise,old_vs_new,PPIFGS,WPSFD49207,6,60,1958-06-01,1963-05-01,60,1,1,0,computed
PPI_FINISHED_GOODS,pairwise,old_vs_new,PPIFGS,WPSFD49207,6,60,1958-07-01,1963-06-01,60,1,1,0,computed
PPI_FINISHED_GOODS,pairwise,old_vs_new,PPIFGS,WPSFD49207,6,60,1958-08-01,1963-07-01,60,1,1,0,computed
PPI_FINISHED_GOODS,pairwise,old_vs_new,PPIFGS,WPSFD49207,6,60,1958-09-01,1963-08-01,60,1,1,0,computed
PPI_FINISHED_GOODS,pairwise,old_vs_new,PPIFGS,WPSFD49207,6,60,1958-10-01,1963-09-01,60,1,1,0,computed
PPI_FINISHED_GOODS,pairwise,old_vs_new,PPIFGS,WPSFD49207,6,60,1958-11-01,1963-10-01,60,1,1,0,computed
PPI_FINISHED_GOODS,pairwise,old_vs_new,PPIFGS,WPSFD49207,6,60,1958-12-01,1963-11-01,60,1,1,0,computed
PPI_FINISHED_GOODS,pairwise,old_vs_new,PPIFGS,WPSFD49207,6,60,1959-01-01,1963-12-01,60,1,1,0,computed
PPI_FINISHED_GOODS,pairwise,old_vs_new,PPIFGS,WPSFD49207,6,60,1959-02-01,1964-01-01,60,1,1,0,computed
PPI_FINISHED_GOODS,pairwise,old_vs_new,PPIFGS,WPSFD49207,6,60,1959-03-01,1964-02-01,60,1,1,0,computed
PPI_FINISHED_GOODS,pairwise,old_vs_new,PPIFGS,WPSFD49207,6,60,1959-04-01,1964-03-01,60,1,1,0,computed
PPI_FINISHED_GOODS,pairwise,old_vs_new,PPIFGS,WPSFD49207,6,60,1959-05-01,1964-04-01,60,1,1,0,computed
PPI_FINISHED_GOODS,pairwise,old_vs_new,PPIFGS,WPSFD49207,6,60,1959-06-01,1964-05-01,60,1,1,0,computed
PPI_FINISHED_GOODS,pairwise,old_vs_new,PPIFGS,WPSFD49207,6,60,1959-07-01,1964-06-01,60,1,1,0,computed
PPI_FINISHED_GOODS,pairwise,old_vs_new,PPIFGS,WPSFD49207,6,60,1959-08-01,1964-07-01,60,1,1,0,computed
PPI_FINISHED_GOODS,pairwise,old_vs_new,PPIFGS,WPSFD49207,6,60,1959-09-01,1964-08-01,60,1,1,0,computed
PPI_FINISHED_GOODS,pairwise,old_vs_new,PPIFGS,WPSFD49207,6,60,1959-10-01,1964-09-01,60,1,1,0,computed
PPI_FINISHED_GOODS,pairwise,old_vs_new,PPIFGS,WPSFD49207,6,60,1959-11-01,1964-10-01,60,1,1,0,computed
PPI_FINISHED_GOODS,pairwise,old_vs_new,PPIFGS,WPSFD49207,6,60,1959-12-01,1964-11-01,60,1,1,0,computed
PPI_FINISHED_GOODS,pairwise,old_vs_new,PPIFGS,WPSFD49207,6,60,1960-01-01,1964-12-01,60,1,1,0,computed
PPI_FINISHED_GOODS,pairwise,old_vs_new,PPIFGS,WPSFD49207,6,60,1960-02-01,1965-01-01,60,1,1,0,computed
PPI_FINISHED_GOODS,pairwise,old_vs_new,PPIFGS,WPSFD49207,6,60,1960-03-01,1965-02-01,60,1,1,0,computed
PPI_FINISHED_GOODS,pairwise,old_vs_new,PPIFGS,WPSFD49207,6,60,1960-04-01,1965-03-01,60,1,1,0,computed
PPI_FINISHED_GOODS,pairwise,old_vs_new,PPIFGS,WPSFD49207,6,60,1960-05-01,1965-04-01,60,1,1,0,computed
PPI_FINISHED_GOODS,pairwise,old_vs_new,PPIFGS,WPSFD49207,6,60,1960-06-01,1965-05-01,60,1,1,0,computed
PPI_FINISHED_GOODS,pairwise,old_vs_new,PPIFGS,WPSFD49207,6,60,1960-07-01,1965-06-01,60,1,1,0,computed
PPI_FINISHED_GOODS,pairwise,old_vs_new,PPIFGS,WPSFD49207,6,60,1960-08-01,1965-07-01,60,1,1,0,computed
PPI_FINISHED_GOODS,pairwise,old_vs_new,PPIFGS,WPSFD49207,6,60,1960-09-01,1965-08-01,60,1,1,0,computed
PPI_FINISHED_GOODS,pairwise,old_vs_new,PPIFGS,WPSFD49207,6,60,1960-10-01,1965-09-01,60,1,1,0,computed
PPI_FINISHED_GOODS,pairwise,old_vs_new,PPIFGS,WPSFD49207,6,60,1960-11-01,1965-10-01,60,1,1,0,computed
PPI_FINISHED_GOODS,pairwise,old_vs_new,PPIFGS,WPSFD49207,6,60,1960-12-01,1965-11-01,60,1,1,0,computed
PPI_FINISHED_GOODS,pairwise,old_vs_new,PPIFGS,WPSFD49207,6,60,1961-01-01,1965-12-01,60,1,1,0,computed
PPI_FINISHED_GOODS,pairwise,old_vs_new,PPIFGS,WPSFD49207,6,60,1961-02-01,1966-01-01,60,1,1,0,computed
PPI_FINISHED_GOODS,pairwise,old_vs_new,PPIFGS,WPSFD49207,6,60,1961-03-01,1966-02-01,60,1,1,0,computed
PPI_FINISHED_GOODS,pairwise,old_vs_new,PPIFGS,WPSFD49207,6,60,1961-04-01,1966-03-01,60,1,1,0,computed
PPI_FINISHED_GOODS,pairwise,old_vs_new,PPIFGS,WPSFD49207,6,60,1961-05-01,1966-04-01,60,1,1,0,computed
PPI_FINISHED_GOODS,pairwise,old_vs_new,PPIFGS,WPSFD49207,6,60,1961-06-01,1966-05-01,60,1,1,0,computed
PPI_FINISHED_GOODS,pairwise,old_vs_new,PPIFGS,WPSFD49207,6,60,1961-07-01,1966-06-01,60,1,1,0,computed
PPI_FINISHED_GOODS,pairwise,old_vs_new,PPIFGS,WPSFD49207,6,60,1961-08-01,1966-07-01,60,1,1,0,computed
PPI_FINISHED_GOODS,pairwise,old_vs_new,PPIFGS,WPSFD49207,6,60,1961-09-01,1966-08-01,60,1,1,0,computed
PPI_FINISHED_GOODS,pairwise,old_vs_new,PPIFGS,WPSFD49207,6,60,1961-10-01,1966-09-01,60,1,1,0,computed
PPI_FINISHED_GOODS,pairwise,old_vs_new,PPIFGS,WPSFD49207,6,60,1961-11-01,1966-10-01,60,1,1,0,computed
PPI_FINISHED_GOODS,pairwise,old_vs_new,PPIFGS,WPSFD49207,6,60,1961-12-01,1966-11-01,60,1,1,0,computed
PPI_FINISHED_GOODS,pairwise,old_vs_new,PPIFGS,WPSFD49207,6,60,1962-01-01,1966-12-01,60,1,1,0,computed
PPI_FINISHED_GOODS,pairwise,old_vs_new,PPIFGS,WPSFD49207,6,60,1962-02-01,1967-01-01,60,1,1,0,computed
PPI_FINISHED_GOODS,pairwise,old_vs_new,PPIFGS,WPSFD49207,6,60,1962-03-01,1967-02-01,60,1,1,0,computed
PPI_FINISHED_GOODS,pairwise,old_vs_new,PPIFGS,WPSFD49207,6,60,1962-04-01,1967-03-01,60,1,1,0,computed
PPI_FINISHED_GOODS,pairwise,old_vs_new,PPIFGS,WPSFD49207,6,60,1962-05-01,1967-04-01,60,1,1,0,computed
PPI_FINISHED_GOODS,pairwise,old_vs_new,PPIFGS,WPSFD49207,6,60,1962-06-01,1967-05-01,60,1,1,0,computed
PPI_FINISHED_GOODS,pairwise,old_vs_new,PPIFGS,WPSFD49207,6,60,1962-07-01,1967-06-01,60,1,1,0,computed
PPI_FINISHED_GOODS,pairwise,old_vs_new,PPIFGS,WPSFD49207,6,60,1962-08-01,1967-07-01,60,1,1,0,computed
PPI_FINISHED_GOODS,pairwise,old_vs_new,PPIFGS,WPSFD49207,6,60,1962-09-01,1967-08-01,60,1,1,0,computed
PPI_FINISHED_GOODS,pairwise,old_vs_new,PPIFGS,WPSFD49207,6,60,1962-10-01,1967-09-01,60,1,1,0,computed
PPI_FINISHED_GOODS,pairwise,old_vs_new,PPIFGS,WPSFD49207,6,60,1962-11-01,1967-10-01,60,1,1,0,computed
PPI_FINISHED_GOODS,pairwise,old_vs_new,PPIFGS,WPSFD49207,6,60,1962-12-01,1967-11-01,60,1,1,0,computed
PPI_FINISHED_GOODS,pairwise,old_vs_new,PPIFGS,WPSFD49207,6,60,1963-01-01,1967-12-01,60,1,1,0,computed
PPI_FINISHED_GOODS,pairwise,old_vs_new,PPIFGS,WPSFD49207,6,60,1963-02-01,1968-01-01,60,1,1,0,computed
PPI_FINISHED_GOODS,pairwise,old_vs_new,PPIFGS,WPSFD49207,6,60,1963-03-01,1968-02-01,60,1,1,0,computed
PPI_FINISHED_GOODS,pairwise,old_vs_new,PPIFGS,WPSFD49207,6,60,1963-04-01,1968-03-01,60,1,1,0,computed
PPI_FINISHED_GOODS,pairwise,old_vs_new,PPIFGS,WPSFD49207,6,60,1963-05-01,1968-04-01,60,1,1,0,computed
PPI_FINISHED_GOODS,pairwise,old_vs_new,PPIFGS,WPSFD49207,6,60,1963-06-01,1968-05-01,60,1,1,0,computed
PPI_FINISHED_GOODS,pairwise,old_vs_new,PPIFGS,WPSFD49207,6,60,1963-07-01,1968-06-01,60,1,1,0,computed
PPI_FINISHED_GOODS,pairwise,old_vs_new,PPIFGS,WPSFD49207,6,60,1963-08-01,1968-07-01,60,1,1,0,computed
PPI_FINISHED_GOODS,pairwise,old_vs_new,PPIFGS,WPSFD49207,6,60,1963-09-01,1968-08-01,60,1,1,0,computed
PPI_FINISHED_GOODS,pairwise,old_vs_new,PPIFGS,WPSFD49207,6,60,1963-10-01,1968-09-01,60,1,1,0,computed
PPI_FINISHED_GOODS,pairwise,old_vs_new,PPIFGS,WPSFD49207,6,60,1963-11-01,1968-10-01,60,1,1,0,computed
PPI_FINISHED_GOODS,pairwise,old_vs_new,PPIFGS,WPSFD49207,6,60,1963-12-01,1968-11-01,60,1,1,0,computed
PPI_FINISHED_GOODS,pairwise,old_vs_new,PPIFGS,WPSFD49207,6,60,1964-01-01,1968-12-01,60,1,1,0,computed
PPI_FINISHED_GOODS,pairwise,old_vs_new,PPIFGS,WPSFD49207,6,60,1964-02-01,1969-01-01,60,1,1,0,computed
PPI_FINISHED_GOODS,pairwise,old_vs_new,PPIFGS,WPSFD49207,6,60,1964-03-01,1969-02-01,60,1,1,0,computed
PPI_FINISHED_GOODS,pairwise,old_vs_new,PPIFGS,WPSFD49207,6,60,1964-04-01,1969-03-01,60,1,1,0,computed
PPI_FINISHED_GOODS,pairwise,old_vs_new,PPIFGS,WPSFD49207,6,60,1964-05-01,1969-04-01,60,1,1,0,computed
PPI_FINISHED_GOODS,pairwise,old_vs_new,PPIFGS,WPSFD49207,6,60,1964-06-01,1969-05-01,60,1,1,0,computed
PPI_FINISHED_GOODS,pairwise,old_vs_new,PPIFGS,WPSFD49207,6,60,1964-07-01,1969-06-01,60,1,1,0,computed
PPI_FINISHED_GOODS,pairwise,old_vs_new,PPIFGS,WPSFD49207,6,60,1964-08-01,1969-07-01,60,1,1,0,computed
PPI_FINISHED_GOODS,pairwise,old_vs_new,PPIFGS,WPSFD49207,6,60,1964-09-01,1969-08-01,60,1,1,0,computed
PPI_FINISHED_GOODS,pairwise,old_vs_new,PPIFGS,WPSFD49207,6,60,1964-10-01,1969-09-01,60,1,1,0,computed
PPI_FINISHED_GOODS,pairwise,old_vs_new,PPIFGS,WPSFD49207,6,60,1964-11-01,1969-10-01,60,1,1,0,computed
PPI_FINISHED_GOODS,pairwise,old_vs_new,PPIFGS,WPSFD49207,6,60,1964-12-01,1969-11-01,60,1,1,0,computed
PPI_FINISHED_GOODS,pairwise,old_vs_new,PPIFGS,WPSFD49207,6,60,1965-01-01,1969-12-01,60,1,1,0,computed
PPI_FINISHED_GOODS,pairwise,old_vs_new,PPIFGS,WPSFD49207,6,60,1965-02-01,1970-01-01,60,1,1,0,computed
PPI_FINISHED_GOODS,pairwise,old_vs_new,PPIFGS,WPSFD49207,6,60,1965-03-01,1970-02-01,60,1,1,0,computed
PPI_FINISHED_GOODS,pairwise,old_vs_new,PPIFGS,WPSFD49207,6,60,1965-04-01,1970-03-01,60,1,1,0,computed
PPI_FINISHED_GOODS,pairwise,old_vs_new,PPIFGS,WPSFD49207,6,60,1965-05-01,1970-04-01,60,1,1,0,computed
PPI_FINISHED_GOODS,pairwise,old_vs_new,PPIFGS,WPSFD49207,6,60,1965-06-01,1970-05-01,60,1,1,0,computed
PPI_FINISHED_GOODS,pairwise,old_vs_new,PPIFGS,WPSFD49207,6,60,1965-07-01,1970-06-01,60,1,1,0,computed
PPI_FINISHED_GOODS,pairwise,old_vs_new,PPIFGS,WPSFD49207,6,60,1965-08-01,1970-07-01,60,1,1,0,computed
PPI_FINISHED_GOODS,pairwise,old_vs_new,PPIFGS,WPSFD49207,6,60,1965-09-01,1970-08-01,60,1,1,0,computed
PPI_FINISHED_GOODS,pairwise,old_vs_new,PPIFGS,WPSFD49207,6,60,1965-10-01,1970-09-01,60,1,1,0,computed
PPI_FINISHED_GOODS,pairwise,old_vs_new,PPIFGS,WPSFD49207,6,60,1965-11-01,1970-10-01,60,1,1,0,computed
PPI_FINISHED_GOODS,pairwise,old_vs_new,PPIFGS,WPSFD49207,6,60,1965-12-01,1970-11-01,60,1,1,0,computed
PPI_FINISHED_GOODS,pairwise,old_vs_new,PPIFGS,WPSFD49207,6,60,1966-01-01,1970-12-01,60,1,1,0,computed
PPI_FINISHED_GOODS,pairwise,old_vs_new,PPIFGS,WPSFD49207,6,60,1966-02-01,1971-01-01,60,1,1,0,computed
PPI_FINISHED_GOODS,pairwise,old_vs_new,PPIFGS,WPSFD49207,6,60,1966-03-01,1971-02-01,60,1,1,0,computed
PPI_FINISHED_GOODS,pairwise,old_vs_new,PPIFGS,WPSFD49207,6,60,1966-04-01,1971-03-01,60,1,1,0,computed
PPI_FINISHED_GOODS,pairwise,old_vs_new,PPIFGS,WPSFD49207,6,60,1966-05-01,1971-04-01,60,1,1,0,computed
PPI_FINISHED_GOODS,pairwise,old_vs_new,PPIFGS,WPSFD49207,6,60,1966-06-01,1971-05-01,60,1,1,0,computed
PPI_FINISHED_GOODS,pairwise,old_vs_new,PPIFGS,WPSFD49207,6,60,1966-07-01,1971-06-01,60,1,1,0,computed
PPI_FINISHED_GOODS,pairwise,old_vs_new,PPIFGS,WPSFD49207,6,60,1966-08-01,1971-07-01,60,1,1,0,computed
PPI_FINISHED_GOODS,pairwise,old_vs_new,PPIFGS,WPSFD49207,6,60,1966-09-01,1971-08-01,60,1,1,0,computed
PPI_FINISHED_GOODS,pairwise,old_vs_new,PPIFGS,WPSFD49207,6,60,1966-10-01,1971-09-01,60,1,1,0,computed
PPI_FINISHED_GOODS,pairwise,old_vs_new,PPIFGS,WPSFD49207,6,60,1966-11-01,1971-10-01,60,1,1,0,computed
PPI_FINISHED_GOODS,pairwise,old_vs_new,PPIFGS,WPSFD49207,6,60,1966-12-01,1971-11-01,60,1,1,0,computed
PPI_FINISHED_GOODS,pairwise,old_vs_new,PPIFGS,WPSFD49207,6,60,1967-01-01,1971-12-01,60,1,1,0,computed
PPI_FINISHED_GOODS,pairwise,old_vs_new,PPIFGS,WPSFD49207,6,60,1967-02-01,1972-01-01,60,1,1,0,computed
PPI_FINISHED_GOODS,pairwise,old_vs_new,PPIFGS,WPSFD49207,6,60,1967-03-01,1972-02-01,60,1,1,0,computed
PPI_FINISHED_GOODS,pairwise,old_vs_new,PPIFGS,WPSFD49207,6,60,1967-04-01,1972-03-01,60,1,1,0,computed
PPI_FINISHED_GOODS,pairwise,old_vs_new,PPIFGS,WPSFD49207,6,60,1967-05-01,1972-04-01,60,1,1,0,computed
PPI_FINISHED_GOODS,pairwise,old_vs_new,PPIFGS,WPSFD49207,6,60,1967-06-01,1972-05-01,60,1,1,0,computed
PPI_FINISHED_GOODS,pairwise,old_vs_new,PPIFGS,WPSFD49207,6,60,1967-07-01,1972-06-01,60,1,1,0,computed
PPI_FINISHED_GOODS,pairwise,old_vs_new,PPIFGS,WPSFD49207,6,60,1967-08-01,1972-07-01,60,1,1,0,computed
PPI_FINISHED_GOODS,pairwise,old_vs_new,PPIFGS,WPSFD49207,6,60,1967-09-01,1972-08-01,60,1,1,0,computed
PPI_FINISHED_GOODS,pairwise,old_vs_new,PPIFGS,WPSFD49207,6,60,1967-10-01,1972-09-01,60,1,1,0,computed
PPI_FINISHED_GOODS,pairwise,old_vs_new,PPIFGS,WPSFD49207,6,60,1967-11-01,1972-10-01,60,1,1,0,computed
PPI_FINISHED_GOODS,pairwise,old_vs_new,PPIFGS,WPSFD49207,6,60,1967-12-01,1972-11-01,60,1,1,0,computed
PPI_FINISHED_GOODS,pairwise,old_vs_new,PPIFGS,WPSFD49207,6,60,1968-01-01,1972-12-01,60,1,1,0,computed
PPI_FINISHED_GOODS,pairwise,old_vs_new,PPIFGS,WPSFD49207,6,60,1968-02-01,1973-01-01,60,1,1,0,computed
PPI_FINISHED_GOODS,pairwise,old_vs_new,PPIFGS,WPSFD49207,6,60,1968-03-01,1973-02-01,60,1,1,0,computed
PPI_FINISHED_GOODS,pairwise,old_vs_new,PPIFGS,WPSFD49207,6,60,1968-04-01,1973-03-01,60,1,1,0,computed
PPI_FINISHED_GOODS,pairwise,old_vs_new,PPIFGS,WPSFD49207,6,60,1968-05-01,1973-04-01,60,1,1,0,computed
PPI_FINISHED_GOODS,pairwise,old_vs_new,PPIFGS,WPSFD49207,6,60,1968-06-01,1973-05-01,60,1,1,0,computed
PPI_FINISHED_GOODS,pairwise,old_vs_new,PPIFGS,WPSFD49207,6,60,1968-07-01,1973-06-01,60,1,1,0,computed
PPI_FINISHED_GOODS,pairwise,old_vs_new,PPIFGS,WPSFD49207,6,60,1968-08-01,1973-07-01,60,1,1,0,computed
PPI_FINISHED_GOODS,pairwise,old_vs_new,PPIFGS,WPSFD49207,6,60,1968-09-01,1973-08-01,60,1,1,0,computed
PPI_FINISHED_GOODS,pairwise,old_vs_new,PPIFGS,WPSFD49207,6,60,1968-10-01,1973-09-01,60,1,1,0,computed
PPI_FINISHED_GOODS,pairwise,old_vs_new,PPIFGS,WPSFD49207,6,60,1968-11-01,1973-10-01,60,1,1,0,computed
PPI_FINISHED_GOODS,pairwise,old_vs_new,PPIFGS,WPSFD49207,6,60,1968-12-01,1973-11-01,60,1,1,0,computed
PPI_FINISHED_GOODS,pairwise,old_vs_new,PPIFGS,WPSFD49207,6,60,1969-01-01,1973-12-01,60,1,1,0,computed
PPI_FINISHED_GOODS,pairwise,old_vs_new,PPIFGS,WPSFD49207,6,60,1969-02-01,1974-01-01,60,1,1,0,computed
PPI_FINISHED_GOODS,pairwise,old_vs_new,PPIFGS,WPSFD49207,6,60,1969-03-01,1974-02-01,60,1,1,0,computed
PPI_FINISHED_GOODS,pairwise,old_vs_new,PPIFGS,WPSFD49207,6,60,1969-04-01,1974-03-01,60,1,1,0,computed
PPI_FINISHED_GOODS,pairwise,old_vs_new,PPIFGS,WPSFD49207,6,60,1969-05-01,1974-04-01,60,1,1,0,computed
PPI_FINISHED_GOODS,pairwise,old_vs_new,PPIFGS,WPSFD49207,6,60,1969-06-01,1974-05-01,60,1,1,0,computed
PPI_FINISHED_GOODS,pairwise,old_vs_new,PPIFGS,WPSFD49207,6,60,1969-07-01,1974-06-01,60,1,1,0,computed
PPI_FINISHED_GOODS,pairwise,old_vs_new,PPIFGS,WPSFD49207,6,60,1969-08-01,1974-07-01,60,1,1,0,computed
PPI_FINISHED_GOODS,pairwise,old_vs_new,PPIFGS,WPSFD49207,6,60,1969-09-01,1974-08-01,60,1,1,0,computed
PPI_FINISHED_GOODS,pairwise,old_vs_new,PPIFGS,WPSFD49207,6,60,1969-10-01,1974-09-01,60,1,1,0,computed
PPI_FINISHED_GOODS,pairwise,old_vs_new,PPIFGS,WPSFD49207,6,60,1969-11-01,1974-10-01,60,1,1,0,computed
PPI_FINISHED_GOODS,pairwise,old_vs_new,PPIFGS,WPSFD49207,6,60,1969-12-01,1974-11-01,60,1,1,0,computed
PPI_FINISHED_GOODS,pairwise,old_vs_new,PPIFGS,WPSFD49207,6,60,1970-01-01,1974-12-01,60,1,1,0,computed
PPI_FINISHED_GOODS,pairwise,old_vs_new,PPIFGS,WPSFD49207,6,60,1970-02-01,1975-01-01,60,1,1,0,computed
PPI_FINISHED_GOODS,pairwise,old_vs_new,PPIFGS,WPSFD49207,6,60,1970-03-01,1975-02-01,60,1,1,0,computed
PPI_FINISHED_GOODS,pairwise,old_vs_new,PPIFGS,WPSFD49207,6,60,1970-04-01,1975-03-01,60,1,1,0,computed
PPI_FINISHED_GOODS,pairwise,old_vs_new,PPIFGS,WPSFD49207,6,60,1970-05-01,1975-04-01,60,1,1,0,computed
PPI_FINISHED_GOODS,pairwise,old_vs_new,PPIFGS,WPSFD49207,6,60,1970-06-01,1975-05-01,60,1,1,0,computed
PPI_FINISHED_GOODS,pairwise,old_vs_new,PPIFGS,WPSFD49207,6,60,1970-07-01,1975-06-01,60,1,1,0,computed
PPI_FINISHED_GOODS,pairwise,old_vs_new,PPIFGS,WPSFD49207,6,60,1970-08-01,1975-07-01,60,1,1,0,computed
PPI_FINISHED_GOODS,pairwise,old_vs_new,PPIFGS,WPSFD49207,6,60,1970-09-01,1975-08-01,60,1,1,0,computed
PPI_FINISHED_GOODS,pairwise,old_vs_new,PPIFGS,WPSFD49207,6,60,1970-10-01,1975-09-01,60,1,1,0,computed
PPI_FINISHED_GOODS,pairwise,old_vs_new,PPIFGS,WPSFD49207,6,60,1970-11-01,1975-10-01,60,1,1,0,computed
PPI_FINISHED_GOODS,pairwise,old_vs_new,PPIFGS,WPSFD49207,6,60,1970-12-01,1975-11-01,60,1,1,0,computed
PPI_FINISHED_GOODS,pairwise,old_vs_new,PPIFGS,WPSFD49207,6,60,1971-01-01,1975-12-01,60,1,1,0,computed
PPI_FINISHED_GOODS,pairwise,old_vs_new,PPIFGS,WPSFD49207,6,60,1971-02-01,1976-01-01,60,1,1,0,computed
PPI_FINISHED_GOODS,pairwise,old_vs_new,PPIFGS,WPSFD49207,6,60,1971-03-01,1976-02-01,60,1,1,0,computed
PPI_FINISHED_GOODS,pairwise,old_vs_new,PPIFGS,WPSFD49207,6,60,1971-04-01,1976-03-01,60,1,1,0,computed
PPI_FINISHED_GOODS,pairwise,old_vs_new,PPIFGS,WPSFD49207,6,60,1971-05-01,1976-04-01,60,1,1,0,computed
PPI_FINISHED_GOODS,pairwise,old_vs_new,PPIFGS,WPSFD49207,6,60,1971-06-01,1976-05-01,60,1,1,0,computed
PPI_FINISHED_GOODS,pairwise,old_vs_new,PPIFGS,WPSFD49207,6,60,1971-07-01,1976-06-01,60,1,1,0,computed
PPI_FINISHED_GOODS,pairwise,old_vs_new,PPIFGS,WPSFD49207,6,60,1971-08-01,1976-07-01,60,1,1,0,computed
PPI_FINISHED_GOODS,pairwise,old_vs_new,PPIFGS,WPSFD49207,6,60,1971-09-01,1976-08-01,60,1,1,0,computed
PPI_FINISHED_GOODS,pairwise,old_vs_new,PPIFGS,WPSFD49207,6,60,1971-10-01,1976-09-01,60,1,1,0,computed
PPI_FINISHED_GOODS,pairwise,old_vs_new,PPIFGS,WPSFD49207,6,60,1971-11-01,1976-10-01,60,1,1,0,computed
PPI_FINISHED_GOODS,pairwise,old_vs_new,PPIFGS,WPSFD49207,6,60,1971-12-01,1976-11-01,60,1,1,0,computed
PPI_FINISHED_GOODS,pairwise,old_vs_new,PPIFGS,WPSFD49207,6,60,1972-01-01,1976-12-01,60,1,1,0,computed
PPI_FINISHED_GOODS,pairwise,old_vs_new,PPIFGS,WPSFD49207,6,60,1972-02-01,1977-01-01,60,1,1,0,computed
PPI_FINISHED_GOODS,pairwise,old_vs_new,PPIFGS,WPSFD49207,6,60,1972-03-01,1977-02-01,60,1,1,0,computed
PPI_FINISHED_GOODS,pairwise,old_vs_new,PPIFGS,WPSFD49207,6,60,1972-04-01,1977-03-01,60,1,1,0,computed
PPI_FINISHED_GOODS,pairwise,old_vs_new,PPIFGS,WPSFD49207,6,60,1972-05-01,1977-04-01,60,1,1,0,computed
PPI_FINISHED_GOODS,pairwise,old_vs_new,PPIFGS,WPSFD49207,6,60,1972-06-01,1977-05-01,60,1,1,0,computed
PPI_FINISHED_GOODS,pairwise,old_vs_new,PPIFGS,WPSFD49207,6,60,1972-07-01,1977-06-01,60,1,1,0,computed
PPI_FINISHED_GOODS,pairwise,old_vs_new,PPIFGS,WPSFD49207,6,60,1972-08-01,1977-07-01,60,1,1,0,computed
PPI_FINISHED_GOODS,pairwise,old_vs_new,PPIFGS,WPSFD49207,6,60,1972-09-01,1977-08-01,60,1,1,0,computed
PPI_FINISHED_GOODS,pairwise,old_vs_new,PPIFGS,WPSFD49207,6,60,1972-10-01,1977-09-01,60,1,1,0,computed
PPI_FINISHED_GOODS,pairwise,old_vs_new,PPIFGS,WPSFD49207,6,60,1972-11-01,1977-10-01,60,1,1,0,computed
PPI_FINISHED_GOODS,pairwise,old_vs_new,PPIFGS,WPSFD49207,6,60,1972-12-01,1977-11-01,60,1,1,0,computed
PPI_FINISHED_GOODS,pairwise,old_vs_new,PPIFGS,WPSFD49207,6,60,1973-01-01,1977-12-01,60,1,1,0,computed
PPI_FINISHED_GOODS,pairwise,old_vs_new,PPIFGS,WPSFD49207,6,60,1973-02-01,1978-01-01,60,1,1,0,computed
PPI_FINISHED_GOODS,pairwise,old_vs_new,PPIFGS,WPSFD49207,6,60,1973-03-01,1978-02-01,60,1,1,0,computed
PPI_FINISHED_GOODS,pairwise,old_vs_new,PPIFGS,WPSFD49207,6,60,1973-04-01,1978-03-01,60,1,1,0,computed
PPI_FINISHED_GOODS,pairwise,old_vs_new,PPIFGS,WPSFD49207,6,60,1973-05-01,1978-04-01,60,1,1,0,computed
PPI_FINISHED_GOODS,pairwise,old_vs_new,PPIFGS,WPSFD49207,6,60,1973-06-01,1978-05-01,60,1,1,0,computed
PPI_FINISHED_GOODS,pairwise,old_vs_new,PPIFGS,WPSFD49207,6,60,1973-07-01,1978-06-01,60,1,1,0,computed
PPI_FINISHED_GOODS,pairwise,old_vs_new,PPIFGS,WPSFD49207,6,60,1973-08-01,1978-07-01,60,1,1,0,computed
PPI_FINISHED_GOODS,pairwise,old_vs_new,PPIFGS,WPSFD49207,6,60,1973-09-01,1978-08-01,60,1,1,0,computed
PPI_FINISHED_GOODS,pairwise,old_vs_new,PPIFGS,WPSFD49207,6,60,1973-10-01,1978-09-01,60,1,1,0,computed
PPI_FINISHED_GOODS,pairwise,old_vs_new,PPIFGS,WPSFD49207,6,60,1973-11-01,1978-10-01,60,1,1,0,computed
PPI_FINISHED_GOODS,pairwise,old_vs_new,PPIFGS,WPSFD49207,6,60,1973-12-01,1978-11-01,60,1,1,0,computed
PPI_FINISHED_GOODS,pairwise,old_vs_new,PPIFGS,WPSFD49207,6,60,1974-01-01,1978-12-01,60,1,1,0,computed
PPI_FINISHED_GOODS,pairwise,old_vs_new,PPIFGS,WPSFD49207,6,60,1974-02-01,1979-01-01,60,1,1,0,computed
PPI_FINISHED_GOODS,pairwise,old_vs_new,PPIFGS,WPSFD49207,6,60,1974-03-01,1979-02-01,60,1,1,0,computed
PPI_FINISHED_GOODS,pairwise,old_vs_new,PPIFGS,WPSFD49207,6,60,1974-04-01,1979-03-01,60,1,1,0,computed
PPI_FINISHED_GOODS,pairwise,old_vs_new,PPIFGS,WPSFD49207,6,60,1974-05-01,1979-04-01,60,1,1,0,computed
PPI_FINISHED_GOODS,pairwise,old_vs_new,PPIFGS,WPSFD49207,6,60,1974-06-01,1979-05-01,60,1,1,0,computed
PPI_FINISHED_GOODS,pairwise,old_vs_new,PPIFGS,WPSFD49207,6,60,1974-07-01,1979-06-01,60,1,1,0,computed
PPI_FINISHED_GOODS,pairwise,old_vs_new,PPIFGS,WPSFD49207,6,60,1974-08-01,1979-07-01,60,1,1,0,computed
PPI_FINISHED_GOODS,pairwise,old_vs_new,PPIFGS,WPSFD49207,6,60,1974-09-01,1979-08-01,60,1,1,0,computed
PPI_FINISHED_GOODS,pairwise,old_vs_new,PPIFGS,WPSFD49207,6,60,1974-10-01,1979-09-01,60,1,1,0,computed
PPI_FINISHED_GOODS,pairwise,old_vs_new,PPIFGS,WPSFD49207,6,60,1974-11-01,1979-10-01,60,1,1,0,computed
PPI_FINISHED_GOODS,pairwise,old_vs_new,PPIFGS,WPSFD49207,6,60,1974-12-01,1979-11-01,60,1,1,0,computed
PPI_FINISHED_GOODS,pairwise,old_vs_new,PPIFGS,WPSFD49207,6,60,1975-01-01,1979-12-01,60,1,1,0,computed
PPI_FINISHED_GOODS,pairwise,old_vs_new,PPIFGS,WPSFD49207,6,60,1975-02-01,1980-01-01,60,1,1,0,computed
PPI_FINISHED_GOODS,pairwise,old_vs_new,PPIFGS,WPSFD49207,6,60,1975-03-01,1980-02-01,60,1,1,0,computed
PPI_FINISHED_GOODS,pairwise,old_vs_new,PPIFGS,WPSFD49207,6,60,1975-04-01,1980-03-01,60,1,1,0,computed
PPI_FINISHED_GOODS,pairwise,old_vs_new,PPIFGS,WPSFD49207,6,60,1975-05-01,1980-04-01,60,1,1,0,computed
PPI_FINISHED_GOODS,pairwise,old_vs_new,PPIFGS,WPSFD49207,6,60,1975-06-01,1980-05-01,60,1,1,0,computed
PPI_FINISHED_GOODS,pairwise,old_vs_new,PPIFGS,WPSFD49207,6,60,1975-07-01,1980-06-01,60,1,1,0,computed
PPI_FINISHED_GOODS,pairwise,old_vs_new,PPIFGS,WPSFD49207,6,60,1975-08-01,1980-07-01,60,1,1,0,computed
PPI_FINISHED_GOODS,pairwise,old_vs_new,PPIFGS,WPSFD49207,6,60,1975-09-01,1980-08-01,60,1,1,0,computed
PPI_FINISHED_GOODS,pairwise,old_vs_new,PPIFGS,WPSFD49207,6,60,1975-10-01,1980-09-01,60,1,1,0,computed
PPI_FINISHED_GOODS,pairwise,old_vs_new,PPIFGS,WPSFD49207,6,60,1975-11-01,1980-10-01,60,1,1,0,computed
PPI_FINISHED_GOODS,pairwise,old_vs_new,PPIFGS,WPSFD49207,6,60,1975-12-01,1980-11-01,60,1,1,0,computed
PPI_FINISHED_GOODS,pairwise,old_vs_new,PPIFGS,WPSFD49207,6,60,1976-01-01,1980-12-01,60,1,1,0,computed
PPI_FINISHED_GOODS,pairwise,old_vs_new,PPIFGS,WPSFD49207,6,60,1976-02-01,1981-01-01,60,1,1,0,computed
PPI_FINISHED_GOODS,pairwise,old_vs_new,PPIFGS,WPSFD49207,6,60,1976-03-01,1981-02-01,60,1,1,0,computed
PPI_FINISHED_GOODS,pairwise,old_vs_new,PPIFGS,WPSFD49207,6,60,1976-04-01,1981-03-01,60,1,1,0,computed
PPI_FINISHED_GOODS,pairwise,old_vs_new,PPIFGS,WPSFD49207,6,60,1976-05-01,1981-04-01,60,1,1,0,computed
PPI_FINISHED_GOODS,pairwise,old_vs_new,PPIFGS,WPSFD49207,6,60,1976-06-01,1981-05-01,60,1,1,0,computed
PPI_FINISHED_GOODS,pairwise,old_vs_new,PPIFGS,WPSFD49207,6,60,1976-07-01,1981-06-01,60,1,1,0,computed
PPI_FINISHED_GOODS,pairwise,old_vs_new,PPIFGS,WPSFD49207,6,60,1976-08-01,1981-07-01,60,1,1,0,computed
PPI_FINISHED_GOODS,pairwise,old_vs_new,PPIFGS,WPSFD49207,6,60,1976-09-01,1981-08-01,60,1,1,0,computed
PPI_FINISHED_GOODS,pairwise,old_vs_new,PPIFGS,WPSFD49207,6,60,1976-10-01,1981-09-01,60,1,1,0,computed
PPI_FINISHED_GOODS,pairwise,old_vs_new,PPIFGS,WPSFD49207,6,60,1976-11-01,1981-10-01,60,1,1,0,computed
PPI_FINISHED_GOODS,pairwise,old_vs_new,PPIFGS,WPSFD49207,6,60,1976-12-01,1981-11-01,60,1,1,0,computed
PPI_FINISHED_GOODS,pairwise,old_vs_new,PPIFGS,WPSFD49207,6,60,1977-01-01,1981-12-01,60,1,1,0,computed
PPI_FINISHED_GOODS,pairwise,old_vs_new,PPIFGS,WPSFD49207,6,60,1977-02-01,1982-01-01,60,1,1,0,computed
PPI_FINISHED_GOODS,pairwise,old_vs_new,PPIFGS,WPSFD49207,6,60,1977-03-01,1982-02-01,60,1,1,0,computed
PPI_FINISHED_GOODS,pairwise,old_vs_new,PPIFGS,WPSFD49207,6,60,1977-04-01,1982-03-01,60,1,1,0,computed
PPI_FINISHED_GOODS,pairwise,old_vs_new,PPIFGS,WPSFD49207,6,60,1977-05-01,1982-04-01,60,1,1,0,computed
PPI_FINISHED_GOODS,pairwise,old_vs_new,PPIFGS,WPSFD49207,6,60,1977-06-01,1982-05-01,60,1,1,0,computed
PPI_FINISHED_GOODS,pairwise,old_vs_new,PPIFGS,WPSFD49207,6,60,1977-07-01,1982-06-01,60,1,1,0,computed
PPI_FINISHED_GOODS,pairwise,old_vs_new,PPIFGS,WPSFD49207,6,60,1977-08-01,1982-07-01,60,1,1,0,computed
PPI_FINISHED_GOODS,pairwise,old_vs_new,PPIFGS,WPSFD49207,6,60,1977-09-01,1982-08-01,60,1,1,0,computed
PPI_FINISHED_GOODS,pairwise,old_vs_new,PPIFGS,WPSFD49207,6,60,1977-10-01,1982-09-01,60,1,1,0,computed
PPI_FINISHED_GOODS,pairwise,old_vs_new,PPIFGS,WPSFD49207,6,60,1977-11-01,1982-10-01,60,1,1,0,computed
PPI_FINISHED_GOODS,pairwise,old_vs_new,PPIFGS,WPSFD49207,6,60,1977-12-01,1982-11-01,60,1,1,0,computed
PPI_FINISHED_GOODS,pairwise,old_vs_new,PPIFGS,WPSFD49207,6,60,1978-01-01,1982-12-01,60,1,1,0,computed
PPI_FINISHED_GOODS,pairwise,old_vs_new,PPIFGS,WPSFD49207,6,60,1978-02-01,1983-01-01,60,1,1,0,computed
PPI_FINISHED_GOODS,pairwise,old_vs_new,PPIFGS,WPSFD49207,6,60,1978-03-01,1983-02-01,60,1,1,0,computed
PPI_FINISHED_GOODS,pairwise,old_vs_new,PPIFGS,WPSFD49207,6,60,1978-04-01,1983-03-01,60,1,1,0,computed
PPI_FINISHED_GOODS,pairwise,old_vs_new,PPIFGS,WPSFD49207,6,60,1978-05-01,1983-04-01,60,1,1,0,computed
PPI_FINISHED_GOODS,pairwise,old_vs_new,PPIFGS,WPSFD49207,6,60,1978-06-01,1983-05-01,60,1,1,0,computed
PPI_FINISHED_GOODS,pairwise,old_vs_new,PPIFGS,WPSFD49207,6,60,1978-07-01,1983-06-01,60,1,1,0,computed
PPI_FINISHED_GOODS,pairwise,old_vs_new,PPIFGS,WPSFD49207,6,60,1978-08-01,1983-07-01,60,1,1,0,computed
PPI_FINISHED_GOODS,pairwise,old_vs_new,PPIFGS,WPSFD49207,6,60,1978-09-01,1983-08-01,60,1,1,0,computed
PPI_FINISHED_GOODS,pairwise,old_vs_new,PPIFGS,WPSFD49207,6,60,1978-10-01,1983-09-01,60,1,1,0,computed
PPI_FINISHED_GOODS,pairwise,old_vs_new,PPIFGS,WPSFD49207,6,60,1978-11-01,1983-10-01,60,1,1,0,computed
PPI_FINISHED_GOODS,pairwise,old_vs_new,PPIFGS,WPSFD49207,6,60,1978-12-01,1983-11-01,60,1,1,0,computed
PPI_FINISHED_GOODS,pairwise,old_vs_new,PPIFGS,WPSFD49207,6,60,1979-01-01,1983-12-01,60,1,1,0,computed
PPI_FINISHED_GOODS,pairwise,old_vs_new,PPIFGS,WPSFD49207,6,60,1979-02-01,1984-01-01,60,1,1,0,computed
PPI_FINISHED_GOODS,pairwise,old_vs_new,PPIFGS,WPSFD49207,6,60,1979-03-01,1984-02-01,60,1,1,0,computed
PPI_FINISHED_GOODS,pairwise,old_vs_new,PPIFGS,WPSFD49207,6,60,1979-04-01,1984-03-01,60,1,1,0,computed
PPI_FINISHED_GOODS,pairwise,old_vs_new,PPIFGS,WPSFD49207,6,60,1979-05-01,1984-04-01,60,1,1,0,computed
PPI_FINISHED_GOODS,pairwise,old_vs_new,PPIFGS,WPSFD49207,6,60,1979-06-01,1984-05-01,60,1,1,0,computed
PPI_FINISHED_GOODS,pairwise,old_vs_new,PPIFGS,WPSFD49207,6,60,1979-07-01,1984-06-01,60,1,1,0,computed
PPI_FINISHED_GOODS,pairwise,old_vs_new,PPIFGS,WPSFD49207,6,60,1979-08-01,1984-07-01,60,1,1,0,computed
PPI_FINISHED_GOODS,pairwise,old_vs_new,PPIFGS,WPSFD49207,6,60,1979-09-01,1984-08-01,60,1,1,0,computed
PPI_FINISHED_GOODS,pairwise,old_vs_new,PPIFGS,WPSFD49207,6,60,1979-10-01,1984-09-01,60,1,1,0,computed
PPI_FINISHED_GOODS,pairwise,old_vs_new,PPIFGS,WPSFD49207,6,60,1979-11-01,1984-10-01,60,1,1,0,computed
PPI_FINISHED_GOODS,pairwise,old_vs_new,PPIFGS,WPSFD49207,6,60,1979-12-01,1984-11-01,60,1,1,0,computed
PPI_FINISHED_GOODS,pairwise,old_vs_new,PPIFGS,WPSFD49207,6,60,1980-01-01,1984-12-01,60,1,1,0,computed
PPI_FINISHED_GOODS,pairwise,old_vs_new,PPIFGS,WPSFD49207,6,60,1980-02-01,1985-01-01,60,1,1,0,computed
PPI_FINISHED_GOODS,pairwise,old_vs_new,PPIFGS,WPSFD49207,6,60,1980-03-01,1985-02-01,60,1,1,0,computed
PPI_FINISHED_GOODS,pairwise,old_vs_new,PPIFGS,WPSFD49207,6,60,1980-04-01,1985-03-01,60,1,1,0,computed
PPI_FINISHED_GOODS,pairwise,old_vs_new,PPIFGS,WPSFD49207,6,60,1980-05-01,1985-04-01,60,1,1,0,computed
PPI_FINISHED_GOODS,pairwise,old_vs_new,PPIFGS,WPSFD49207,6,60,1980-06-01,1985-05-01,60,1,1,0,computed
PPI_FINISHED_GOODS,pairwise,old_vs_new,PPIFGS,WPSFD49207,6,60,1980-07-01,1985-06-01,60,1,1,0,computed
PPI_FINISHED_GOODS,pairwise,old_vs_new,PPIFGS,WPSFD49207,6,60,1980-08-01,1985-07-01,60,1,1,0,computed
PPI_FINISHED_GOODS,pairwise,old_vs_new,PPIFGS,WPSFD49207,6,60,1980-09-01,1985-08-01,60,1,1,0,computed
PPI_FINISHED_GOODS,pairwise,old_vs_new,PPIFGS,WPSFD49207,6,60,1980-10-01,1985-09-01,60,1,1,0,computed
PPI_FINISHED_GOODS,pairwise,old_vs_new,PPIFGS,WPSFD49207,6,60,1980-11-01,1985-10-01,60,1,1,0,computed
PPI_FINISHED_GOODS,pairwise,old_vs_new,PPIFGS,WPSFD49207,6,60,1980-12-01,1985-11-01,60,1,1,0,computed
PPI_FINISHED_GOODS,pairwise,old_vs_new,PPIFGS,WPSFD49207,6,60,1981-01-01,1985-12-01,60,1,1,0,computed
PPI_FINISHED_GOODS,pairwise,old_vs_new,PPIFGS,WPSFD49207,6,60,1981-02-01,1986-01-01,60,1,1,0,computed
PPI_FINISHED_GOODS,pairwise,old_vs_new,PPIFGS,WPSFD49207,6,60,1981-03-01,1986-02-01,60,1,1,0,computed
PPI_FINISHED_GOODS,pairwise,old_vs_new,PPIFGS,WPSFD49207,6,60,1981-04-01,1986-03-01,60,1,1,0,computed
PPI_FINISHED_GOODS,pairwise,old_vs_new,PPIFGS,WPSFD49207,6,60,1981-05-01,1986-04-01,60,1,1,0,computed
PPI_FINISHED_GOODS,pairwise,old_vs_new,PPIFGS,WPSFD49207,6,60,1981-06-01,1986-05-01,60,1,1,0,computed
PPI_FINISHED_GOODS,pairwise,old_vs_new,PPIFGS,WPSFD49207,6,60,1981-07-01,1986-06-01,60,1,1,0,computed
PPI_FINISHED_GOODS,pairwise,old_vs_new,PPIFGS,WPSFD49207,6,60,1981-08-01,1986-07-01,60,1,1,0,computed
PPI_FINISHED_GOODS,pairwise,old_vs_new,PPIFGS,WPSFD49207,6,60,1981-09-01,1986-08-01,60,1,1,0,computed
PPI_FINISHED_GOODS,pairwise,old_vs_new,PPIFGS,WPSFD49207,6,60,1981-10-01,1986-09-01,60,1,1,0,computed
PPI_FINISHED_GOODS,pairwise,old_vs_new,PPIFGS,WPSFD49207,6,60,1981-11-01,1986-10-01,60,1,1,0,computed
PPI_FINISHED_GOODS,pairwise,old_vs_new,PPIFGS,WPSFD49207,6,60,1981-12-01,1986-11-01,60,1,1,0,computed
PPI_FINISHED_GOODS,pairwise,old_vs_new,PPIFGS,WPSFD49207,6,60,1982-01-01,1986-12-01,60,1,1,0,computed
PPI_FINISHED_GOODS,pairwise,old_vs_new,PPIFGS,WPSFD49207,6,60,1982-02-01,1987-01-01,60,1,1,0,computed
PPI_FINISHED_GOODS,pairwise,old_vs_new,PPIFGS,WPSFD49207,6,60,1982-03-01,1987-02-01,60,1,1,0,computed
PPI_FINISHED_GOODS,pairwise,old_vs_new,PPIFGS,WPSFD49207,6,60,1982-04-01,1987-03-01,60,1,1,0,computed
PPI_FINISHED_GOODS,pairwise,old_vs_new,PPIFGS,WPSFD49207,6,60,1982-05-01,1987-04-01,60,1,1,0,computed
PPI_FINISHED_GOODS,pairwise,old_vs_new,PPIFGS,WPSFD49207,6,60,1982-06-01,1987-05-01,60,1,1,0,computed
PPI_FINISHED_GOODS,pairwise,old_vs_new,PPIFGS,WPSFD49207,6,60,1982-07-01,1987-06-01,60,1,1,0,computed
PPI_FINISHED_GOODS,pairwise,old_vs_new,PPIFGS,WPSFD49207,6,60,1982-08-01,1987-07-01,60,1,1,0,computed
PPI_FINISHED_GOODS,pairwise,old_vs_new,PPIFGS,WPSFD49207,6,60,1982-09-01,1987-08-01,60,1,1,0,computed
PPI_FINISHED_GOODS,pairwise,old_vs_new,PPIFGS,WPSFD49207,6,60,1982-10-01,1987-09-01,60,1,1,0,computed
PPI_FINISHED_GOODS,pairwise,old_vs_new,PPIFGS,WPSFD49207,6,60,1982-11-01,1987-10-01,60,1,1,0,computed
PPI_FINISHED_GOODS,pairwise,old_vs_new,PPIFGS,WPSFD49207,6,60,1982-12-01,1987-11-01,60,1,1,0,computed
PPI_FINISHED_GOODS,pairwise,old_vs_new,PPIFGS,WPSFD49207,6,60,1983-01-01,1987-12-01,60,1,1,0,computed
PPI_FINISHED_GOODS,pairwise,old_vs_new,PPIFGS,WPSFD49207,6,60,1983-02-01,1988-01-01,60,1,1,0,computed
PPI_FINISHED_GOODS,pairwise,old_vs_new,PPIFGS,WPSFD49207,6,60,1983-03-01,1988-02-01,60,1,1,0,computed
PPI_FINISHED_GOODS,pairwise,old_vs_new,PPIFGS,WPSFD49207,6,60,1983-04-01,1988-03-01,60,1,1,0,computed
PPI_FINISHED_GOODS,pairwise,old_vs_new,PPIFGS,WPSFD49207,6,60,1983-05-01,1988-04-01,60,1,1,0,computed
PPI_FINISHED_GOODS,pairwise,old_vs_new,PPIFGS,WPSFD49207,6,60,1983-06-01,1988-05-01,60,1,1,0,computed
PPI_FINISHED_GOODS,pairwise,old_vs_new,PPIFGS,WPSFD49207,6,60,1983-07-01,1988-06-01,60,1,1,0,computed
PPI_FINISHED_GOODS,pairwise,old_vs_new,PPIFGS,WPSFD49207,6,60,1983-08-01,1988-07-01,60,1,1,0,computed
PPI_FINISHED_GOODS,pairwise,old_vs_new,PPIFGS,WPSFD49207,6,60,1983-09-01,1988-08-01,60,1,1,0,computed
PPI_FINISHED_GOODS,pairwise,old_vs_new,PPIFGS,WPSFD49207,6,60,1983-10-01,1988-09-01,60,1,1,0,computed
PPI_FINISHED_GOODS,pairwise,old_vs_new,PPIFGS,WPSFD49207,6,60,1983-11-01,1988-10-01,60,1,1,0,computed
PPI_FINISHED_GOODS,pairwise,old_vs_new,PPIFGS,WPSFD49207,6,60,1983-12-01,1988-11-01,60,1,1,0,computed
PPI_FINISHED_GOODS,pairwise,old_vs_new,PPIFGS,WPSFD49207,6,60,1984-01-01,1988-12-01,60,1,1,0,computed
PPI_FINISHED_GOODS,pairwise,old_vs_new,PPIFGS,WPSFD49207,6,60,1984-02-01,1989-01-01,60,1,1,0,computed
PPI_FINISHED_GOODS,pairwise,old_vs_new,PPIFGS,WPSFD49207,6,60,1984-03-01,1989-02-01,60,1,1,0,computed
PPI_FINISHED_GOODS,pairwise,old_vs_new,PPIFGS,WPSFD49207,6,60,1984-04-01,1989-03-01,60,1,1,0,computed
PPI_FINISHED_GOODS,pairwise,old_vs_new,PPIFGS,WPSFD49207,6,60,1984-05-01,1989-04-01,60,1,1,0,computed
PPI_FINISHED_GOODS,pairwise,old_vs_new,PPIFGS,WPSFD49207,6,60,1984-06-01,1989-05-01,60,1,1,0,computed
PPI_FINISHED_GOODS,pairwise,old_vs_new,PPIFGS,WPSFD49207,6,60,1984-07-01,1989-06-01,60,1,1,0,computed
PPI_FINISHED_GOODS,pairwise,old_vs_new,PPIFGS,WPSFD49207,6,60,1984-08-01,1989-07-01,60,1,1,0,computed
PPI_FINISHED_GOODS,pairwise,old_vs_new,PPIFGS,WPSFD49207,6,60,1984-09-01,1989-08-01,60,1,1,0,computed
PPI_FINISHED_GOODS,pairwise,old_vs_new,PPIFGS,WPSFD49207,6,60,1984-10-01,1989-09-01,60,1,1,0,computed
PPI_FINISHED_GOODS,pairwise,old_vs_new,PPIFGS,WPSFD49207,6,60,1984-11-01,1989-10-01,60,1,1,0,computed
PPI_FINISHED_GOODS,pairwise,old_vs_new,PPIFGS,WPSFD49207,6,60,1984-12-01,1989-11-01,60,1,1,0,computed
PPI_FINISHED_GOODS,pairwise,old_vs_new,PPIFGS,WPSFD49207,6,60,1985-01-01,1989-12-01,60,1,1,0,computed
PPI_FINISHED_GOODS,pairwise,old_vs_new,PPIFGS,WPSFD49207,6,60,1985-02-01,1990-01-01,60,1,1,0,computed
PPI_FINISHED_GOODS,pairwise,old_vs_new,PPIFGS,WPSFD49207,6,60,1985-03-01,1990-02-01,60,1,1,0,computed
PPI_FINISHED_GOODS,pairwise,old_vs_new,PPIFGS,WPSFD49207,6,60,1985-04-01,1990-03-01,60,1,1,0,computed
PPI_FINISHED_GOODS,pairwise,old_vs_new,PPIFGS,WPSFD49207,6,60,1985-05-01,1990-04-01,60,1,1,0,computed
PPI_FINISHED_GOODS,pairwise,old_vs_new,PPIFGS,WPSFD49207,6,60,1985-06-01,1990-05-01,60,1,1,0,computed
PPI_FINISHED_GOODS,pairwise,old_vs_new,PPIFGS,WPSFD49207,6,60,1985-07-01,1990-06-01,60,1,1,0,computed
PPI_FINISHED_GOODS,pairwise,old_vs_new,PPIFGS,WPSFD49207,6,60,1985-08-01,1990-07-01,60,1,1,0,computed
PPI_FINISHED_GOODS,pairwise,old_vs_new,PPIFGS,WPSFD49207,6,60,1985-09-01,1990-08-01,60,1,1,0,computed
PPI_FINISHED_GOODS,pairwise,old_vs_new,PPIFGS,WPSFD49207,6,60,1985-10-01,1990-09-01,60,1,1,0,computed
PPI_FINISHED_GOODS,pairwise,old_vs_new,PPIFGS,WPSFD49207,6,60,1985-11-01,1990-10-01,60,1,1,0,computed
PPI_FINISHED_GOODS,pairwise,old_vs_new,PPIFGS,WPSFD49207,6,60,1985-12-01,1990-11-01,60,1,1,0,computed
PPI_FINISHED_GOODS,pairwise,old_vs_new,PPIFGS,WPSFD49207,6,60,1986-01-01,1990-12-01,60,1,1,0,computed
PPI_FINISHED_GOODS,pairwise,old_vs_new,PPIFGS,WPSFD49207,6,60,1986-02-01,1991-01-01,60,1,1,0,computed
PPI_FINISHED_GOODS,pairwise,old_vs_new,PPIFGS,WPSFD49207,6,60,1986-03-01,1991-02-01,60,1,1,0,computed
PPI_FINISHED_GOODS,pairwise,old_vs_new,PPIFGS,WPSFD49207,6,60,1986-04-01,1991-03-01,60,1,1,0,computed
PPI_FINISHED_GOODS,pairwise,old_vs_new,PPIFGS,WPSFD49207,6,60,1986-05-01,1991-04-01,60,1,1,0,computed
PPI_FINISHED_GOODS,pairwise,old_vs_new,PPIFGS,WPSFD49207,6,60,1986-06-01,1991-05-01,60,1,1,0,computed
PPI_FINISHED_GOODS,pairwise,old_vs_new,PPIFGS,WPSFD49207,6,60,1986-07-01,1991-06-01,60,1,1,0,computed
PPI_FINISHED_GOODS,pairwise,old_vs_new,PPIFGS,WPSFD49207,6,60,1986-08-01,1991-07-01,60,1,1,0,computed
PPI_FINISHED_GOODS,pairwise,old_vs_new,PPIFGS,WPSFD49207,6,60,1986-09-01,1991-08-01,60,1,1,0,computed
PPI_FINISHED_GOODS,pairwise,old_vs_new,PPIFGS,WPSFD49207,6,60,1986-10-01,1991-09-01,60,1,1,0,computed
PPI_FINISHED_GOODS,pairwise,old_vs_new,PPIFGS,WPSFD49207,6,60,1986-11-01,1991-10-01,60,1,1,0,computed
PPI_FINISHED_GOODS,pairwise,old_vs_new,PPIFGS,WPSFD49207,6,60,1986-12-01,1991-11-01,60,1,1,0,computed
PPI_FINISHED_GOODS,pairwise,old_vs_new,PPIFGS,WPSFD49207,6,60,1987-01-01,1991-12-01,60,1,1,0,computed
PPI_FINISHED_GOODS,pairwise,old_vs_new,PPIFGS,WPSFD49207,6,60,1987-02-01,1992-01-01,60,1,1,0,computed
PPI_FINISHED_GOODS,pairwise,old_vs_new,PPIFGS,WPSFD49207,6,60,1987-03-01,1992-02-01,60,1,1,0,computed
PPI_FINISHED_GOODS,pairwise,old_vs_new,PPIFGS,WPSFD49207,6,60,1987-04-01,1992-03-01,60,1,1,0,computed
PPI_FINISHED_GOODS,pairwise,old_vs_new,PPIFGS,WPSFD49207,6,60,1987-05-01,1992-04-01,60,1,1,0,computed
PPI_FINISHED_GOODS,pairwise,old_vs_new,PPIFGS,WPSFD49207,6,60,1987-06-01,1992-05-01,60,1,1,0,computed
PPI_FINISHED_GOODS,pairwise,old_vs_new,PPIFGS,WPSFD49207,6,60,1987-07-01,1992-06-01,60,1,1,0,computed
PPI_FINISHED_GOODS,pairwise,old_vs_new,PPIFGS,WPSFD49207,6,60,1987-08-01,1992-07-01,60,1,1,0,computed
PPI_FINISHED_GOODS,pairwise,old_vs_new,PPIFGS,WPSFD49207,6,60,1987-09-01,1992-08-01,60,1,1,0,computed
PPI_FINISHED_GOODS,pairwise,old_vs_new,PPIFGS,WPSFD49207,6,60,1987-10-01,1992-09-01,60,1,1,0,computed
PPI_FINISHED_GOODS,pairwise,old_vs_new,PPIFGS,WPSFD49207,6,60,1987-11-01,1992-10-01,60,1,1,0,computed
PPI_FINISHED_GOODS,pairwise,old_vs_new,PPIFGS,WPSFD49207,6,60,1987-12-01,1992-11-01,60,1,1,0,computed
PPI_FINISHED_GOODS,pairwise,old_vs_new,PPIFGS,WPSFD49207,6,60,1988-01-01,1992-12-01,60,1,1,0,computed
PPI_FINISHED_GOODS,pairwise,old_vs_new,PPIFGS,WPSFD49207,6,60,1988-02-01,1993-01-01,60,1,1,0,computed
PPI_FINISHED_GOODS,pairwise,old_vs_new,PPIFGS,WPSFD49207,6,60,1988-03-01,1993-02-01,60,1,1,0,computed
PPI_FINISHED_GOODS,pairwise,old_vs_new,PPIFGS,WPSFD49207,6,60,1988-04-01,1993-03-01,60,1,1,0,computed
PPI_FINISHED_GOODS,pairwise,old_vs_new,PPIFGS,WPSFD49207,6,60,1988-05-01,1993-04-01,60,1,1,0,computed
PPI_FINISHED_GOODS,pairwise,old_vs_new,PPIFGS,WPSFD49207,6,60,1988-06-01,1993-05-01,60,1,1,0,computed
PPI_FINISHED_GOODS,pairwise,old_vs_new,PPIFGS,WPSFD49207,6,60,1988-07-01,1993-06-01,60,1,1,0,computed
PPI_FINISHED_GOODS,pairwise,old_vs_new,PPIFGS,WPSFD49207,6,60,1988-08-01,1993-07-01,60,1,1,0,computed
PPI_FINISHED_GOODS,pairwise,old_vs_new,PPIFGS,WPSFD49207,6,60,1988-09-01,1993-08-01,60,1,1,0,computed
PPI_FINISHED_GOODS,pairwise,old_vs_new,PPIFGS,WPSFD49207,6,60,1988-10-01,1993-09-01,60,1,1,0,computed
PPI_FINISHED_GOODS,pairwise,old_vs_new,PPIFGS,WPSFD49207,6,60,1988-11-01,1993-10-01,60,1,1,0,computed
PPI_FINISHED_GOODS,pairwise,old_vs_new,PPIFGS,WPSFD49207,6,60,1988-12-01,1993-11-01,60,1,1,0,computed
PPI_FINISHED_GOODS,pairwise,old_vs_new,PPIFGS,WPSFD49207,6,60,1989-01-01,1993-12-01,60,1,1,0,computed
PPI_FINISHED_GOODS,pairwise,old_vs_new,PPIFGS,WPSFD49207,6,60,1989-02-01,1994-01-01,60,1,1,0,computed
PPI_FINISHED_GOODS,pairwise,old_vs_new,PPIFGS,WPSFD49207,6,60,1989-03-01,1994-02-01,60,1,1,0,computed
PPI_FINISHED_GOODS,pairwise,old_vs_new,PPIFGS,WPSFD49207,6,60,1989-04-01,1994-03-01,60,1,1,0,computed
PPI_FINISHED_GOODS,pairwise,old_vs_new,PPIFGS,WPSFD49207,6,60,1989-05-01,1994-04-01,60,1,1,0,computed
PPI_FINISHED_GOODS,pairwise,old_vs_new,PPIFGS,WPSFD49207,6,60,1989-06-01,1994-05-01,60,1,1,0,computed
PPI_FINISHED_GOODS,pairwise,old_vs_new,PPIFGS,WPSFD49207,6,60,1989-07-01,1994-06-01,60,1,1,0,computed
PPI_FINISHED_GOODS,pairwise,old_vs_new,PPIFGS,WPSFD49207,6,60,1989-08-01,1994-07-01,60,1,1,0,computed
PPI_FINISHED_GOODS,pairwise,old_vs_new,PPIFGS,WPSFD49207,6,60,1989-09-01,1994-08-01,60,1,1,0,computed
PPI_FINISHED_GOODS,pairwise,old_vs_new,PPIFGS,WPSFD49207,6,60,1989-10-01,1994-09-01,60,1,1,0,computed
PPI_FINISHED_GOODS,pairwise,old_vs_new,PPIFGS,WPSFD49207,6,60,1989-11-01,1994-10-01,60,1,1,0,computed
PPI_FINISHED_GOODS,pairwise,old_vs_new,PPIFGS,WPSFD49207,6,60,1989-12-01,1994-11-01,60,1,1,0,computed
PPI_FINISHED_GOODS,pairwise,old_vs_new,PPIFGS,WPSFD49207,6,60,1990-01-01,1994-12-01,60,1,1,0,computed
PPI_FINISHED_GOODS,pairwise,old_vs_new,PPIFGS,WPSFD49207,6,60,1990-02-01,1995-01-01,60,1,1,0,computed
PPI_FINISHED_GOODS,pairwise,old_vs_new,PPIFGS,WPSFD49207,6,60,1990-03-01,1995-02-01,60,1,1,0,computed
PPI_FINISHED_GOODS,pairwise,old_vs_new,PPIFGS,WPSFD49207,6,60,1990-04-01,1995-03-01,60,1,1,0,computed
PPI_FINISHED_GOODS,pairwise,old_vs_new,PPIFGS,WPSFD49207,6,60,1990-05-01,1995-04-01,60,1,1,0,computed
PPI_FINISHED_GOODS,pairwise,old_vs_new,PPIFGS,WPSFD49207,6,60,1990-06-01,1995-05-01,60,1,1,0,computed
PPI_FINISHED_GOODS,pairwise,old_vs_new,PPIFGS,WPSFD49207,6,60,1990-07-01,1995-06-01,60,1,1,0,computed
PPI_FINISHED_GOODS,pairwise,old_vs_new,PPIFGS,WPSFD49207,6,60,1990-08-01,1995-07-01,60,1,1,0,computed
PPI_FINISHED_GOODS,pairwise,old_vs_new,PPIFGS,WPSFD49207,6,60,1990-09-01,1995-08-01,60,1,1,0,computed
PPI_FINISHED_GOODS,pairwise,old_vs_new,PPIFGS,WPSFD49207,6,60,1990-10-01,1995-09-01,60,1,1,0,computed
PPI_FINISHED_GOODS,pairwise,old_vs_new,PPIFGS,WPSFD49207,6,60,1990-11-01,1995-10-01,60,1,1,0,computed
PPI_FINISHED_GOODS,pairwise,old_vs_new,PPIFGS,WPSFD49207,6,60,1990-12-01,1995-11-01,60,1,1,0,computed
PPI_FINISHED_GOODS,pairwise,old_vs_new,PPIFGS,WPSFD49207,6,60,1991-01-01,1995-12-01,60,1,1,0,computed
PPI_FINISHED_GOODS,pairwise,old_vs_new,PPIFGS,WPSFD49207,6,60,1991-02-01,1996-01-01,60,1,1,0,computed
PPI_FINISHED_GOODS,pairwise,old_vs_new,PPIFGS,WPSFD49207,6,60,1991-03-01,1996-02-01,60,1,1,0,computed
PPI_FINISHED_GOODS,pairwise,old_vs_new,PPIFGS,WPSFD49207,6,60,1991-04-01,1996-03-01,60,1,1,0,computed
PPI_FINISHED_GOODS,pairwise,old_vs_new,PPIFGS,WPSFD49207,6,60,1991-05-01,1996-04-01,60,1,1,0,computed
PPI_FINISHED_GOODS,pairwise,old_vs_new,PPIFGS,WPSFD49207,6,60,1991-06-01,1996-05-01,60,1,1,0,computed
PPI_FINISHED_GOODS,pairwise,old_vs_new,PPIFGS,WPSFD49207,6,60,1991-07-01,1996-06-01,60,1,1,0,computed
PPI_FINISHED_GOODS,pairwise,old_vs_new,PPIFGS,WPSFD49207,6,60,1991-08-01,1996-07-01,60,1,1,0,computed
PPI_FINISHED_GOODS,pairwise,old_vs_new,PPIFGS,WPSFD49207,6,60,1991-09-01,1996-08-01,60,1,1,0,computed
PPI_FINISHED_GOODS,pairwise,old_vs_new,PPIFGS,WPSFD49207,6,60,1991-10-01,1996-09-01,60,1,1,0,computed
PPI_FINISHED_GOODS,pairwise,old_vs_new,PPIFGS,WPSFD49207,6,60,1991-11-01,1996-10-01,60,1,1,0,computed
PPI_FINISHED_GOODS,pairwise,old_vs_new,PPIFGS,WPSFD49207,6,60,1991-12-01,1996-11-01,60,1,1,0,computed
PPI_FINISHED_GOODS,pairwise,old_vs_new,PPIFGS,WPSFD49207,6,60,1992-01-01,1996-12-01,60,1,1,0,computed
PPI_FINISHED_GOODS,pairwise,old_vs_new,PPIFGS,WPSFD49207,6,60,1992-02-01,1997-01-01,60,1,1,0,computed
PPI_FINISHED_GOODS,pairwise,old_vs_new,PPIFGS,WPSFD49207,6,60,1992-03-01,1997-02-01,60,1,1,0,computed
PPI_FINISHED_GOODS,pairwise,old_vs_new,PPIFGS,WPSFD49207,6,60,1992-04-01,1997-03-01,60,1,1,0,computed
PPI_FINISHED_GOODS,pairwise,old_vs_new,PPIFGS,WPSFD49207,6,60,1992-05-01,1997-04-01,60,1,1,0,computed
PPI_FINISHED_GOODS,pairwise,old_vs_new,PPIFGS,WPSFD49207,6,60,1992-06-01,1997-05-01,60,1,1,0,computed
PPI_FINISHED_GOODS,pairwise,old_vs_new,PPIFGS,WPSFD49207,6,60,1992-07-01,1997-06-01,60,1,1,0,computed
PPI_FINISHED_GOODS,pairwise,old_vs_new,PPIFGS,WPSFD49207,6,60,1992-08-01,1997-07-01,60,1,1,0,computed
PPI_FINISHED_GOODS,pairwise,old_vs_new,PPIFGS,WPSFD49207,6,60,1992-09-01,1997-08-01,60,1,1,0,computed
PPI_FINISHED_GOODS,pairwise,old_vs_new,PPIFGS,WPSFD49207,6,60,1992-10-01,1997-09-01,60,1,1,0,computed
PPI_FINISHED_GOODS,pairwise,old_vs_new,PPIFGS,WPSFD49207,6,60,1992-11-01,1997-10-01,60,1,1,0,computed
PPI_FINISHED_GOODS,pairwise,old_vs_new,PPIFGS,WPSFD49207,6,60,1992-12-01,1997-11-01,60,1,1,0,computed
PPI_FINISHED_GOODS,pairwise,old_vs_new,PPIFGS,WPSFD49207,6,60,1993-01-01,1997-12-01,60,1,1,0,computed
PPI_FINISHED_GOODS,pairwise,old_vs_new,PPIFGS,WPSFD49207,6,60,1993-02-01,1998-01-01,60,1,1,0,computed
PPI_FINISHED_GOODS,pairwise,old_vs_new,PPIFGS,WPSFD49207,6,60,1993-03-01,1998-02-01,60,1,1,0,computed
PPI_FINISHED_GOODS,pairwise,old_vs_new,PPIFGS,WPSFD49207,6,60,1993-04-01,1998-03-01,60,1,1,0,computed
PPI_FINISHED_GOODS,pairwise,old_vs_new,PPIFGS,WPSFD49207,6,60,1993-05-01,1998-04-01,60,1,1,0,computed
PPI_FINISHED_GOODS,pairwise,old_vs_new,PPIFGS,WPSFD49207,6,60,1993-06-01,1998-05-01,60,1,1,0,computed
PPI_FINISHED_GOODS,pairwise,old_vs_new,PPIFGS,WPSFD49207,6,60,1993-07-01,1998-06-01,60,1,1,0,computed
PPI_FINISHED_GOODS,pairwise,old_vs_new,PPIFGS,WPSFD49207,6,60,1993-08-01,1998-07-01,60,1,1,0,computed
PPI_FINISHED_GOODS,pairwise,old_vs_new,PPIFGS,WPSFD49207,6,60,1993-09-01,1998-08-01,60,1,1,0,computed
PPI_FINISHED_GOODS,pairwise,old_vs_new,PPIFGS,WPSFD49207,6,60,1993-10-01,1998-09-01,60,1,1,0,computed
PPI_FINISHED_GOODS,pairwise,old_vs_new,PPIFGS,WPSFD49207,6,60,1993-11-01,1998-10-01,60,1,1,0,computed
PPI_FINISHED_GOODS,pairwise,old_vs_new,PPIFGS,WPSFD49207,6,60,1993-12-01,1998-11-01,60,1,1,0,computed
PPI_FINISHED_GOODS,pairwise,old_vs_new,PPIFGS,WPSFD49207,6,60,1994-01-01,1998-12-01,60,1,1,0,computed
PPI_FINISHED_GOODS,pairwise,old_vs_new,PPIFGS,WPSFD49207,6,60,1994-02-01,1999-01-01,60,1,1,0,computed
PPI_FINISHED_GOODS,pairwise,old_vs_new,PPIFGS,WPSFD49207,6,60,1994-03-01,1999-02-01,60,1,1,0,computed
PPI_FINISHED_GOODS,pairwise,old_vs_new,PPIFGS,WPSFD49207,6,60,1994-04-01,1999-03-01,60,1,1,0,computed
PPI_FINISHED_GOODS,pairwise,old_vs_new,PPIFGS,WPSFD49207,6,60,1994-05-01,1999-04-01,60,1,1,0,computed
PPI_FINISHED_GOODS,pairwise,old_vs_new,PPIFGS,WPSFD49207,6,60,1994-06-01,1999-05-01,60,1,1,0,computed
PPI_FINISHED_GOODS,pairwise,old_vs_new,PPIFGS,WPSFD49207,6,60,1994-07-01,1999-06-01,60,1,1,0,computed
PPI_FINISHED_GOODS,pairwise,old_vs_new,PPIFGS,WPSFD49207,6,60,1994-08-01,1999-07-01,60,1,1,0,computed
PPI_FINISHED_GOODS,pairwise,old_vs_new,PPIFGS,WPSFD49207,6,60,1994-09-01,1999-08-01,60,1,1,0,computed
PPI_FINISHED_GOODS,pairwise,old_vs_new,PPIFGS,WPSFD49207,6,60,1994-10-01,1999-09-01,60,1,1,0,computed
PPI_FINISHED_GOODS,pairwise,old_vs_new,PPIFGS,WPSFD49207,6,60,1994-11-01,1999-10-01,60,1,1,0,computed
PPI_FINISHED_GOODS,pairwise,old_vs_new,PPIFGS,WPSFD49207,6,60,1994-12-01,1999-11-01,60,1,1,0,computed
PPI_FINISHED_GOODS,pairwise,old_vs_new,PPIFGS,WPSFD49207,6,60,1995-01-01,1999-12-01,60,1,1,0,computed
PPI_FINISHED_GOODS,pairwise,old_vs_new,PPIFGS,WPSFD49207,6,60,1995-02-01,2000-01-01,60,1,1,0,computed
PPI_FINISHED_GOODS,pairwise,old_vs_new,PPIFGS,WPSFD49207,6,60,1995-03-01,2000-02-01,60,1,1,0,computed
PPI_FINISHED_GOODS,pairwise,old_vs_new,PPIFGS,WPSFD49207,6,60,1995-04-01,2000-03-01,60,1,1,0,computed
PPI_FINISHED_GOODS,pairwise,old_vs_new,PPIFGS,WPSFD49207,6,60,1995-05-01,2000-04-01,60,1,1,0,computed
PPI_FINISHED_GOODS,pairwise,old_vs_new,PPIFGS,WPSFD49207,6,60,1995-06-01,2000-05-01,60,1,1,0,computed
PPI_FINISHED_GOODS,pairwise,old_vs_new,PPIFGS,WPSFD49207,6,60,1995-07-01,2000-06-01,60,1,1,0,computed
PPI_FINISHED_GOODS,pairwise,old_vs_new,PPIFGS,WPSFD49207,6,60,1995-08-01,2000-07-01,60,1,1,0,computed
PPI_FINISHED_GOODS,pairwise,old_vs_new,PPIFGS,WPSFD49207,6,60,1995-09-01,2000-08-01,60,1,1,0,computed
PPI_FINISHED_GOODS,pairwise,old_vs_new,PPIFGS,WPSFD49207,6,60,1995-10-01,2000-09-01,60,1,1,0,computed
PPI_FINISHED_GOODS,pairwise,old_vs_new,PPIFGS,WPSFD49207,6,60,1995-11-01,2000-10-01,60,1,1,0,computed
PPI_FINISHED_GOODS,pairwise,old_vs_new,PPIFGS,WPSFD49207,6,60,1995-12-01,2000-11-01,60,1,1,0,computed
PPI_FINISHED_GOODS,pairwise,old_vs_new,PPIFGS,WPSFD49207,6,60,1996-01-01,2000-12-01,60,1,1,0,computed
PPI_FINISHED_GOODS,pairwise,old_vs_new,PPIFGS,WPSFD49207,6,60,1996-02-01,2001-01-01,60,1,1,0,computed
PPI_FINISHED_GOODS,pairwise,old_vs_new,PPIFGS,WPSFD49207,6,60,1996-03-01,2001-02-01,60,1,1,0,computed
PPI_FINISHED_GOODS,pairwise,old_vs_new,PPIFGS,WPSFD49207,6,60,1996-04-01,2001-03-01,60,1,1,0,computed
PPI_FINISHED_GOODS,pairwise,old_vs_new,PPIFGS,WPSFD49207,6,60,1996-05-01,2001-04-01,60,1,1,0,computed
PPI_FINISHED_GOODS,pairwise,old_vs_new,PPIFGS,WPSFD49207,6,60,1996-06-01,2001-05-01,60,1,1,0,computed
PPI_FINISHED_GOODS,pairwise,old_vs_new,PPIFGS,WPSFD49207,6,60,1996-07-01,2001-06-01,60,1,1,0,computed
PPI_FINISHED_GOODS,pairwise,old_vs_new,PPIFGS,WPSFD49207,6,60,1996-08-01,2001-07-01,60,1,1,0,computed
PPI_FINISHED_GOODS,pairwise,old_vs_new,PPIFGS,WPSFD49207,6,60,1996-09-01,2001-08-01,60,1,1,0,computed
PPI_FINISHED_GOODS,pairwise,old_vs_new,PPIFGS,WPSFD49207,6,60,1996-10-01,2001-09-01,60,1,1,0,computed
PPI_FINISHED_GOODS,pairwise,old_vs_new,PPIFGS,WPSFD49207,6,60,1996-11-01,2001-10-01,60,1,1,0,computed
PPI_FINISHED_GOODS,pairwise,old_vs_new,PPIFGS,WPSFD49207,6,60,1996-12-01,2001-11-01,60,1,1,0,computed
PPI_FINISHED_GOODS,pairwise,old_vs_new,PPIFGS,WPSFD49207,6,60,1997-01-01,2001-12-01,60,1,1,0,computed
PPI_FINISHED_GOODS,pairwise,old_vs_new,PPIFGS,WPSFD49207,6,60,1997-02-01,2002-01-01,60,1,1,0,computed
PPI_FINISHED_GOODS,pairwise,old_vs_new,PPIFGS,WPSFD49207,6,60,1997-03-01,2002-02-01,60,1,1,0,computed
PPI_FINISHED_GOODS,pairwise,old_vs_new,PPIFGS,WPSFD49207,6,60,1997-04-01,2002-03-01,60,1,1,0,computed
PPI_FINISHED_GOODS,pairwise,old_vs_new,PPIFGS,WPSFD49207,6,60,1997-05-01,2002-04-01,60,1,1,0,computed
PPI_FINISHED_GOODS,pairwise,old_vs_new,PPIFGS,WPSFD49207,6,60,1997-06-01,2002-05-01,60,1,1,0,computed
PPI_FINISHED_GOODS,pairwise,old_vs_new,PPIFGS,WPSFD49207,6,60,1997-07-01,2002-06-01,60,1,1,0,computed
PPI_FINISHED_GOODS,pairwise,old_vs_new,PPIFGS,WPSFD49207,6,60,1997-08-01,2002-07-01,60,1,1,0,computed
PPI_FINISHED_GOODS,pairwise,old_vs_new,PPIFGS,WPSFD49207,6,60,1997-09-01,2002-08-01,60,1,1,0,computed
PPI_FINISHED_GOODS,pairwise,old_vs_new,PPIFGS,WPSFD49207,6,60,1997-10-01,2002-09-01,60,1,1,0,computed
PPI_FINISHED_GOODS,pairwise,old_vs_new,PPIFGS,WPSFD49207,6,60,1997-11-01,2002-10-01,60,1,1,0,computed
PPI_FINISHED_GOODS,pairwise,old_vs_new,PPIFGS,WPSFD49207,6,60,1997-12-01,2002-11-01,60,1,1,0,computed
PPI_FINISHED_GOODS,pairwise,old_vs_new,PPIFGS,WPSFD49207,6,60,1998-01-01,2002-12-01,60,1,1,0,computed
PPI_FINISHED_GOODS,pairwise,old_vs_new,PPIFGS,WPSFD49207,6,60,1998-02-01,2003-01-01,60,1,1,0,computed
PPI_FINISHED_GOODS,pairwise,old_vs_new,PPIFGS,WPSFD49207,6,60,1998-03-01,2003-02-01,60,1,1,0,computed
PPI_FINISHED_GOODS,pairwise,old_vs_new,PPIFGS,WPSFD49207,6,60,1998-04-01,2003-03-01,60,1,1,0,computed
PPI_FINISHED_GOODS,pairwise,old_vs_new,PPIFGS,WPSFD49207,6,60,1998-05-01,2003-04-01,60,1,1,0,computed
PPI_FINISHED_GOODS,pairwise,old_vs_new,PPIFGS,WPSFD49207,6,60,1998-06-01,2003-05-01,60,1,1,0,computed
PPI_FINISHED_GOODS,pairwise,old_vs_new,PPIFGS,WPSFD49207,6,60,1998-07-01,2003-06-01,60,1,1,0,computed
PPI_FINISHED_GOODS,pairwise,old_vs_new,PPIFGS,WPSFD49207,6,60,1998-08-01,2003-07-01,60,1,1,0,computed
PPI_FINISHED_GOODS,pairwise,old_vs_new,PPIFGS,WPSFD49207,6,60,1998-09-01,2003-08-01,60,1,1,0,computed
PPI_FINISHED_GOODS,pairwise,old_vs_new,PPIFGS,WPSFD49207,6,60,1998-10-01,2003-09-01,60,1,1,0,computed
PPI_FINISHED_GOODS,pairwise,old_vs_new,PPIFGS,WPSFD49207,6,60,1998-11-01,2003-10-01,60,1,1,0,computed
PPI_FINISHED_GOODS,pairwise,old_vs_new,PPIFGS,WPSFD49207,6,60,1998-12-01,2003-11-01,60,1,1,0,computed
PPI_FINISHED_GOODS,pairwise,old_vs_new,PPIFGS,WPSFD49207,6,60,1999-01-01,2003-12-01,60,1,1,0,computed
PPI_FINISHED_GOODS,pairwise,old_vs_new,PPIFGS,WPSFD49207,6,60,1999-02-01,2004-01-01,60,1,1,0,computed
PPI_FINISHED_GOODS,pairwise,old_vs_new,PPIFGS,WPSFD49207,6,60,1999-03-01,2004-02-01,60,1,1,0,computed
PPI_FINISHED_GOODS,pairwise,old_vs_new,PPIFGS,WPSFD49207,6,60,1999-04-01,2004-03-01,60,1,1,0,computed
PPI_FINISHED_GOODS,pairwise,old_vs_new,PPIFGS,WPSFD49207,6,60,1999-05-01,2004-04-01,60,1,1,0,computed
PPI_FINISHED_GOODS,pairwise,old_vs_new,PPIFGS,WPSFD49207,6,60,1999-06-01,2004-05-01,60,1,1,0,computed
PPI_FINISHED_GOODS,pairwise,old_vs_new,PPIFGS,WPSFD49207,6,60,1999-07-01,2004-06-01,60,1,1,0,computed
PPI_FINISHED_GOODS,pairwise,old_vs_new,PPIFGS,WPSFD49207,6,60,1999-08-01,2004-07-01,60,1,1,0,computed
PPI_FINISHED_GOODS,pairwise,old_vs_new,PPIFGS,WPSFD49207,6,60,1999-09-01,2004-08-01,60,1,1,0,computed
PPI_FINISHED_GOODS,pairwise,old_vs_new,PPIFGS,WPSFD49207,6,60,1999-10-01,2004-09-01,60,1,1,0,computed
PPI_FINISHED_GOODS,pairwise,old_vs_new,PPIFGS,WPSFD49207,6,60,1999-11-01,2004-10-01,60,1,1,0,computed
PPI_FINISHED_GOODS,pairwise,old_vs_new,PPIFGS,WPSFD49207,6,60,1999-12-01,2004-11-01,60,1,1,0,computed
PPI_FINISHED_GOODS,pairwise,old_vs_new,PPIFGS,WPSFD49207,6,60,2000-01-01,2004-12-01,60,1,1,0,computed
PPI_FINISHED_GOODS,pairwise,old_vs_new,PPIFGS,WPSFD49207,6,60,2000-02-01,2005-01-01,60,1,1,0,computed
PPI_FINISHED_GOODS,pairwise,old_vs_new,PPIFGS,WPSFD49207,6,60,2000-03-01,2005-02-01,60,1,1,0,computed
PPI_FINISHED_GOODS,pairwise,old_vs_new,PPIFGS,WPSFD49207,6,60,2000-04-01,2005-03-01,60,1,1,0,computed
PPI_FINISHED_GOODS,pairwise,old_vs_new,PPIFGS,WPSFD49207,6,60,2000-05-01,2005-04-01,60,1,1,0,computed
PPI_FINISHED_GOODS,pairwise,old_vs_new,PPIFGS,WPSFD49207,6,60,2000-06-01,2005-05-01,60,1,1,0,computed
PPI_FINISHED_GOODS,pairwise,old_vs_new,PPIFGS,WPSFD49207,6,60,2000-07-01,2005-06-01,60,1,1,0,computed
PPI_FINISHED_GOODS,pairwise,old_vs_new,PPIFGS,WPSFD49207,6,60,2000-08-01,2005-07-01,60,1,1,0,computed
PPI_FINISHED_GOODS,pairwise,old_vs_new,PPIFGS,WPSFD49207,6,60,2000-09-01,2005-08-01,60,1,1,0,computed
PPI_FINISHED_GOODS,pairwise,old_vs_new,PPIFGS,WPSFD49207,6,60,2000-10-01,2005-09-01,60,1,1,0,computed
PPI_FINISHED_GOODS,pairwise,old_vs_new,PPIFGS,WPSFD49207,6,60,2000-11-01,2005-10-01,60,1,1,0,computed
PPI_FINISHED_GOODS,pairwise,old_vs_new,PPIFGS,WPSFD49207,6,60,2000-12-01,2005-11-01,60,1,1,0,computed
PPI_FINISHED_GOODS,pairwise,old_vs_new,PPIFGS,WPSFD49207,6,60,2001-01-01,2005-12-01,60,1,1,0,computed
PPI_FINISHED_GOODS,pairwise,old_vs_new,PPIFGS,WPSFD49207,6,60,2001-02-01,2006-01-01,60,1,1,0,computed
PPI_FINISHED_GOODS,pairwise,old_vs_new,PPIFGS,WPSFD49207,6,60,2001-03-01,2006-02-01,60,1,1,0,computed
PPI_FINISHED_GOODS,pairwise,old_vs_new,PPIFGS,WPSFD49207,6,60,2001-04-01,2006-03-01,60,1,1,0,computed
PPI_FINISHED_GOODS,pairwise,old_vs_new,PPIFGS,WPSFD49207,6,60,2001-05-01,2006-04-01,60,1,1,0,computed
PPI_FINISHED_GOODS,pairwise,old_vs_new,PPIFGS,WPSFD49207,6,60,2001-06-01,2006-05-01,60,1,1,0,computed
PPI_FINISHED_GOODS,pairwise,old_vs_new,PPIFGS,WPSFD49207,6,60,2001-07-01,2006-06-01,60,1,1,0,computed
PPI_FINISHED_GOODS,pairwise,old_vs_new,PPIFGS,WPSFD49207,6,60,2001-08-01,2006-07-01,60,1,1,0,computed
PPI_FINISHED_GOODS,pairwise,old_vs_new,PPIFGS,WPSFD49207,6,60,2001-09-01,2006-08-01,60,1,1,0,computed
PPI_FINISHED_GOODS,pairwise,old_vs_new,PPIFGS,WPSFD49207,6,60,2001-10-01,2006-09-01,60,1,1,0,computed
PPI_FINISHED_GOODS,pairwise,old_vs_new,PPIFGS,WPSFD49207,6,60,2001-11-01,2006-10-01,60,1,1,0,computed
PPI_FINISHED_GOODS,pairwise,old_vs_new,PPIFGS,WPSFD49207,6,60,2001-12-01,2006-11-01,60,1,1,0,computed
PPI_FINISHED_GOODS,pairwise,old_vs_new,PPIFGS,WPSFD49207,6,60,2002-01-01,2006-12-01,60,1,1,0,computed
PPI_FINISHED_GOODS,pairwise,old_vs_new,PPIFGS,WPSFD49207,6,60,2002-02-01,2007-01-01,60,1,1,0,computed
PPI_FINISHED_GOODS,pairwise,old_vs_new,PPIFGS,WPSFD49207,6,60,2002-03-01,2007-02-01,60,1,1,0,computed
PPI_FINISHED_GOODS,pairwise,old_vs_new,PPIFGS,WPSFD49207,6,60,2002-04-01,2007-03-01,60,1,1,0,computed
PPI_FINISHED_GOODS,pairwise,old_vs_new,PPIFGS,WPSFD49207,6,60,2002-05-01,2007-04-01,60,1,1,0,computed
PPI_FINISHED_GOODS,pairwise,old_vs_new,PPIFGS,WPSFD49207,6,60,2002-06-01,2007-05-01,60,1,1,0,computed
PPI_FINISHED_GOODS,pairwise,old_vs_new,PPIFGS,WPSFD49207,6,60,2002-07-01,2007-06-01,60,1,1,0,computed
PPI_FINISHED_GOODS,pairwise,old_vs_new,PPIFGS,WPSFD49207,6,60,2002-08-01,2007-07-01,60,1,1,0,computed
PPI_FINISHED_GOODS,pairwise,old_vs_new,PPIFGS,WPSFD49207,6,60,2002-09-01,2007-08-01,60,1,1,0,computed
PPI_FINISHED_GOODS,pairwise,old_vs_new,PPIFGS,WPSFD49207,6,60,2002-10-01,2007-09-01,60,1,1,0,computed
PPI_FINISHED_GOODS,pairwise,old_vs_new,PPIFGS,WPSFD49207,6,60,2002-11-01,2007-10-01,60,1,1,0,computed
PPI_FINISHED_GOODS,pairwise,old_vs_new,PPIFGS,WPSFD49207,6,60,2002-12-01,2007-11-01,60,1,1,0,computed
PPI_FINISHED_GOODS,pairwise,old_vs_new,PPIFGS,WPSFD49207,6,60,2003-01-01,2007-12-01,60,1,1,0,computed
PPI_FINISHED_GOODS,pairwise,old_vs_new,PPIFGS,WPSFD49207,6,60,2003-02-01,2008-01-01,60,1,1,0,computed
PPI_FINISHED_GOODS,pairwise,old_vs_new,PPIFGS,WPSFD49207,6,60,2003-03-01,2008-02-01,60,1,1,0,computed
PPI_FINISHED_GOODS,pairwise,old_vs_new,PPIFGS,WPSFD49207,6,60,2003-04-01,2008-03-01,60,1,1,0,computed
PPI_FINISHED_GOODS,pairwise,old_vs_new,PPIFGS,WPSFD49207,6,60,2003-05-01,2008-04-01,60,1,1,0,computed
PPI_FINISHED_GOODS,pairwise,old_vs_new,PPIFGS,WPSFD49207,6,60,2003-06-01,2008-05-01,60,1,1,0,computed
PPI_FINISHED_GOODS,pairwise,old_vs_new,PPIFGS,WPSFD49207,6,60,2003-07-01,2008-06-01,60,1,1,0,computed
PPI_FINISHED_GOODS,pairwise,old_vs_new,PPIFGS,WPSFD49207,6,60,2003-08-01,2008-07-01,60,1,1,0,computed
PPI_FINISHED_GOODS,pairwise,old_vs_new,PPIFGS,WPSFD49207,6,60,2003-09-01,2008-08-01,60,1,1,0,computed
PPI_FINISHED_GOODS,pairwise,old_vs_new,PPIFGS,WPSFD49207,6,60,2003-10-01,2008-09-01,60,1,1,0,computed
PPI_FINISHED_GOODS,pairwise,old_vs_new,PPIFGS,WPSFD49207,6,60,2003-11-01,2008-10-01,60,1,1,0,computed
PPI_FINISHED_GOODS,pairwise,old_vs_new,PPIFGS,WPSFD49207,6,60,2003-12-01,2008-11-01,60,1,1,0,computed
PPI_FINISHED_GOODS,pairwise,old_vs_new,PPIFGS,WPSFD49207,6,60,2004-01-01,2008-12-01,60,1,1,0,computed
PPI_FINISHED_GOODS,pairwise,old_vs_new,PPIFGS,WPSFD49207,6,60,2004-02-01,2009-01-01,60,1,1,0,computed
PPI_FINISHED_GOODS,pairwise,old_vs_new,PPIFGS,WPSFD49207,6,60,2004-03-01,2009-02-01,60,1,1,0,computed
PPI_FINISHED_GOODS,pairwise,old_vs_new,PPIFGS,WPSFD49207,6,60,2004-04-01,2009-03-01,60,1,1,0,computed
PPI_FINISHED_GOODS,pairwise,old_vs_new,PPIFGS,WPSFD49207,6,60,2004-05-01,2009-04-01,60,1,1,0,computed
PPI_FINISHED_GOODS,pairwise,old_vs_new,PPIFGS,WPSFD49207,6,60,2004-06-01,2009-05-01,60,1,1,0,computed
PPI_FINISHED_GOODS,pairwise,old_vs_new,PPIFGS,WPSFD49207,6,60,2004-07-01,2009-06-01,60,1,1,0,computed
PPI_FINISHED_GOODS,pairwise,old_vs_new,PPIFGS,WPSFD49207,6,60,2004-08-01,2009-07-01,60,1,1,0,computed
PPI_FINISHED_GOODS,pairwise,old_vs_new,PPIFGS,WPSFD49207,6,60,2004-09-01,2009-08-01,60,1,1,0,computed
PPI_FINISHED_GOODS,pairwise,old_vs_new,PPIFGS,WPSFD49207,6,60,2004-10-01,2009-09-01,60,1,1,0,computed
PPI_FINISHED_GOODS,pairwise,old_vs_new,PPIFGS,WPSFD49207,6,60,2004-11-01,2009-10-01,60,1,1,0,computed
PPI_FINISHED_GOODS,pairwise,old_vs_new,PPIFGS,WPSFD49207,6,60,2004-12-01,2009-11-01,60,1,1,0,computed
PPI_FINISHED_GOODS,pairwise,old_vs_new,PPIFGS,WPSFD49207,6,60,2005-01-01,2009-12-01,60,1,1,0,computed
PPI_FINISHED_GOODS,pairwise,old_vs_new,PPIFGS,WPSFD49207,6,60,2005-02-01,2010-01-01,60,1,1,0,computed
PPI_FINISHED_GOODS,pairwise,old_vs_new,PPIFGS,WPSFD49207,6,60,2005-03-01,2010-02-01,60,1,1,0,computed
PPI_FINISHED_GOODS,pairwise,old_vs_new,PPIFGS,WPSFD49207,6,60,2005-04-01,2010-03-01,60,1,1,0,computed
PPI_FINISHED_GOODS,pairwise,old_vs_new,PPIFGS,WPSFD49207,6,60,2005-05-01,2010-04-01,60,1,1,0,computed
PPI_FINISHED_GOODS,pairwise,old_vs_new,PPIFGS,WPSFD49207,6,60,2005-06-01,2010-05-01,60,1,1,0,computed
PPI_FINISHED_GOODS,pairwise,old_vs_new,PPIFGS,WPSFD49207,6,60,2005-07-01,2010-06-01,60,1,1,0,computed
PPI_FINISHED_GOODS,pairwise,old_vs_new,PPIFGS,WPSFD49207,6,60,2005-08-01,2010-07-01,60,1,1,0,computed
PPI_FINISHED_GOODS,pairwise,old_vs_new,PPIFGS,WPSFD49207,6,60,2005-09-01,2010-08-01,60,0.999983820321397,1.00025076312464,0.00574282342573387,computed
PPI_FINISHED_GOODS,pairwise,old_vs_new,PPIFGS,WPSFD49207,6,60,2005-10-01,2010-09-01,60,0.999917453058621,1.00043859483262,0.0128806714303916,computed
PPI_FINISHED_GOODS,pairwise,old_vs_new,PPIFGS,WPSFD49207,6,60,2005-11-01,2010-10-01,60,0.999900732064292,1.00072960777211,0.0141142853957313,computed
PPI_FINISHED_GOODS,pairwise,old_vs_new,PPIFGS,WPSFD49207,6,60,2005-12-01,2010-11-01,60,0.999895503452984,1.00076816095775,0.01448253105034,computed
PPI_FINISHED_GOODS,pairwise,old_vs_new,PPIFGS,WPSFD49207,6,60,2006-01-01,2010-12-01,60,0.999875671710729,1.00104548559139,0.0158297606264263,computed
PPI_FINISHED_GOODS,pairwise,old_vs_new,PPIFGS,WPSFD49207,6,60,2006-02-01,2011-01-01,60,0.999807240258426,1.00112769610002,0.0196925789574324,computed
PPI_FINISHED_GOODS,pairwise,old_vs_new,PPIFGS,WPSFD49207,6,60,2006-03-01,2011-02-01,60,0.999731440617904,1.00147862192105,0.0232523027451021,computed
PPI_FINISHED_GOODS,pairwise,old_vs_new,PPIFGS,WPSFD49207,6,60,2006-04-01,2011-03-01,60,0.999724618899561,1.00153973115901,0.0235488707333922,computed
PPI_FINISHED_GOODS,pairwise,old_vs_new,PPIFGS,WPSFD49207,6,60,2006-05-01,2011-04-01,60,0.999724048371205,1.00154404966469,0.0235730273711295,computed
PPI_FINISHED_GOODS,pairwise,old_vs_new,PPIFGS,WPSFD49207,6,60,2006-06-01,2011-05-01,60,0.999705233986643,1.00178109886873,0.0243670781026379,computed
PPI_FINISHED_GOODS,pairwise,old_vs_new,PPIFGS,WPSFD49207,6,60,2006-07-01,2011-06-01,60,0.999692296283377,1.00230673594837,0.0249540188106018,computed
PPI_FINISHED_GOODS,pairwise,old_vs_new,PPIFGS,WPSFD49207,6,60,2006-08-01,2011-07-01,60,0.999628509367595,1.00324921630716,0.0275046656207455,computed
PPI_FINISHED_GOODS,pairwise,old_vs_new,PPIFGS,WPSFD49207,6,60,2006-09-01,2011-08-01,60,0.999364344020042,1.00474495287411,0.0361242802629662,computed
PPI_FINISHED_GOODS,pairwise,old_vs_new,PPIFGS,WPSFD49207,6,60,2006-10-01,2011-09-01,60,0.999081772930639,1.00769963769767,0.0437087770105658,computed
PPI_FINISHED_GOODS,pairwise,old_vs_new,PPIFGS,WPSFD49207,6,60,2006-11-01,2011-10-01,60,0.999037569064966,1.00899952874796,0.0449860824501285,computed
PPI_FINISHED_GOODS,pairwise,old_vs_new,PPIFGS,WPSFD49207,6,60,2006-12-01,2011-11-01,60,0.998937379914249,1.00991192152839,0.0473829572324516,computed
PPI_FINISHED_GOODS,pairwise,old_vs_new,PPIFGS,WPSFD49207,6,60,2007-01-01,2011-12-01,60,0.99892296849362,1.01012422292314,0.0477322859009309,computed
PPI_FINISHED_GOODS,pairwise,old_vs_new,PPIFGS,WPSFD49207,6,60,2007-02-01,2012-01-01,60,0.998902684892608,1.01048157672521,0.0482502466205824,computed
PPI_FINISHED_GOODS,pairwise,old_vs_new,PPIFGS,WPSFD49207,6,60,2007-03-01,2012-02-01,60,0.998863542570022,1.01075897781663,0.049123565834564,computed
PPI_FINISHED_GOODS,pairwise,old_vs_new,PPIFGS,WPSFD49207,6,60,2007-04-01,2012-03-01,60,0.998862979015914,1.01076428692387,0.0491364455769622,computed
PPI_FINISHED_GOODS,pairwise,old_vs_new,PPIFGS,WPSFD49207,6,60,2007-05-01,2012-04-01,60,0.998699933023304,1.01029958073736,0.0523300049993538,computed
PPI_FINISHED_GOODS,pairwise,old_vs_new,PPIFGS,WPSFD49207,6,60,2007-06-01,2012-05-01,60,0.998074486622405,1.01175106458214,0.0635591089735041,computed
PPI_FINISHED_GOODS,pairwise,old_vs_new,PPIFGS,WPSFD49207,6,60,2007-07-01,2012-06-01,60,0.998054508057635,1.01187743555443,0.0638804526949618,computed
PPI_FINISHED_GOODS,pairwise,old_vs_new,PPIFGS,WPSFD49207,6,60,2007-08-01,2012-07-01,60,0.997987598394291,1.01263634351412,0.0650794835933791,computed
PPI_FINISHED_GOODS,pairwise,old_vs_new,PPIFGS,WPSFD49207,6,60,2007-09-01,2012-08-01,60,0.997963995890162,1.01279164329873,0.0654806997107739,computed
PPI_FINISHED_GOODS,pairwise,old_vs_new,PPIFGS,WPSFD49207,6,60,2007-10-01,2012-09-01,60,0.997873721233876,1.01346038905701,0.0670193941605006,computed
PPI_FINISHED_GOODS,pairwise,old_vs_new,PPIFGS,WPSFD49207,6,60,2007-11-01,2012-10-01,60,0.99789226241657,1.01332412386704,0.0667067057979418,computed
PPI_FINISHED_GOODS,pairwise,old_vs_new,PPIFGS,WPSFD49207,6,60,2007-12-01,2012-11-01,60,0.997406345954196,1.01080947982162,0.0732807153798704,computed
PPI_FINISHED_GOODS,pairwise,old_vs_new,PPIFGS,WPSFD49207,6,60,2008-01-01,2012-12-01,60,0.99650048122486,1.00931396514893,0.0845790640772967,computed
PPI_FINISHED_GOODS,pairwise,old_vs_new,PPIFGS,WPSFD49207,6,60,2008-02-01,2013-01-01,60,0.995743824292697,1.01244194302375,0.0937220504488564,computed
PPI_FINISHED_GOODS,pairwise,old_vs_new,PPIFGS,WPSFD49207,6,60,2008-03-01,2013-02-01,60,0.995530877049085,1.0121743083814,0.0958953251444831,computed
PPI_FINISHED_GOODS,pairwise,old_vs_new,PPIFGS,WPSFD49207,6,60,2008-04-01,2013-03-01,60,0.995541456451417,1.01368558277148,0.0960575289823634,computed
PPI_FINISHED_GOODS,pairwise,old_vs_new,PPIFGS,WPSFD49207,6,60,2008-05-01,2013-04-01,60,0.995339901120805,1.01347842445456,0.0981339425957856,computed
PPI_FINISHED_GOODS,pairwise,old_vs_new,PPIFGS,WPSFD49207,6,60,2008-06-01,2013-05-01,60,0.994010135292317,1.00558144901187,0.110008412628361,computed
PPI_FINISHED_GOODS,pairwise,old_vs_new,PPIFGS,WPSFD49207,6,60,2008-07-01,2013-06-01,60,0.993688013227622,1.00415141531327,0.112677624950827,computed
PPI_FINISHED_GOODS,pairwise,old_vs_new,PPIFGS,WPSFD49207,6,60,2008-08-01,2013-07-01,60,0.993679380071569,1.00416244919033,0.112755600283448,computed
PPI_FINISHED_GOODS,pairwise,old_vs_new,PPIFGS,WPSFD49207,6,60,2008-09-01,2013-08-01,60,0.992573658258495,1.00663998211077,0.122501409567256,computed
PPI_FINISHED_GOODS,pairwise,old_vs_new,PPIFGS,WPSFD49207,6,60,2008-10-01,2013-09-01,60,0.990783532879419,1.01080095500486,0.136990657186608,computed
PPI_FINISHED_GOODS,pairwise,old_vs_new,PPIFGS,WPSFD49207,6,60,2008-11-01,2013-10-01,60,0.988823049779814,1.01405832275893,0.15121440179664,computed
PPI_FINISHED_GOODS,pairwise,old_vs_new,PPIFGS,WPSFD49207,6,60,2008-12-01,2013-11-01,60,0.98679212670202,1.01259574127136,0.164236113536276,computed
PPI_FINISHED_GOODS,pairwise,old_vs_new,PPIFGS,WPSFD49207,6,60,2009-01-01,2013-12-01,60,0.982858809310859,1.00865553979098,0.186176141706016,computed
PPI_FINISHED_GOODS,pairwise,old_vs_new,PPIFGS,WPSFD49207,6,60,2009-02-01,2014-01-01,60,0.979203776464819,1.01104857690167,0.205399212792209,computed
PPI_FINISHED_GOODS,pairwise,old_vs_new,PPIFGS,WPSFD49207,6,60,2009-03-01,2014-02-01,60,0.978949645332006,1.01224785005486,0.206809240336304,computed
PPI_FINISHED_GOODS,pairwise,old_vs_new,PPIFGS,WPSFD49207,6,60,2009-04-01,2014-03-01,60,0.978640184011695,1.01225634935751,0.208313081718535,computed
PPI_FINISHED_GOODS,pairwise,old_vs_new,PPIFGS,WPSFD49207,6,60,2009-05-01,2014-04-01,60,0.97766775542258,1.01284115890702,0.213081762630937,computed
PPI_FINISHED_GOODS,pairwise,old_vs_new,PPIFGS,WPSFD49207,6,60,2009-06-01,2014-05-01,60,0.974477857529038,1.01944726974679,0.229156587304934,computed
PPI_FINISHED_GOODS,pairwise,old_vs_new,PPIFGS,WPSFD49207,6,60,2009-07-01,2014-06-01,60,0.971328461727352,1.02443720251002,0.243620411191347,computed
PPI_FINISHED_GOODS,pairwise,old_vs_new,PPIFGS,WPSFD49207,6,60,2009-08-01,2014-07-01,60,0.962527621191905,1.02937733202804,0.279304145503351,computed
PPI_FINISHED_GOODS,pairwise,old_vs_new,PPIFGS,WPSFD49207,6,60,2009-09-01,2014-08-01,60,0.952793980558392,1.03720607064295,0.315144209023253,computed
PPI_FINISHED_GOODS,pairwise,old_vs_new,PPIFGS,WPSFD49207,6,60,2009-10-01,2014-09-01,60,0.945523293613273,1.04284357307053,0.339835041138015,computed
PPI_FINISHED_GOODS,pairwise,old_vs_new,PPIFGS,WPSFD49207,6,60,2009-11-01,2014-10-01,60,0.943814984186127,1.04322666553548,0.345105775981315,computed
PPI_FINISHED_GOODS,pairwise,old_vs_new,PPIFGS,WPSFD49207,6,60,2009-12-01,2014-11-01,60,0.936117391198166,1.03783775551963,0.366328298068422,computed
PPI_FINISHED_GOODS,pairwise,old_vs_new,PPIFGS,WPSFD49207,6,60,2010-01-01,2014-12-01,60,0.928313903642348,1.05826405328793,0.393863913915748,computed
PPI_FINISHED_GOODS,pairwise,old_vs_new,PPIFGS,WPSFD49207,6,60,2010-02-01,2015-01-01,60,0.925370774337956,1.05225292406596,0.399761130280216,computed
PPI_FINISHED_GOODS,pairwise,old_vs_new,PPIFGS,WPSFD49207,6,60,2010-03-01,2015-02-01,60,0.928456700467105,1.03922384899587,0.387607603093874,computed
PPI_FINISHED_GOODS,pairwise,old_vs_new,PPIFGS,WPSFD49207,6,60,2010-04-01,2015-03-01,60,0.921613164200527,1.04437832483202,0.40710895216816,computed
PPI_FINISHED_GOODS,pairwise,old_vs_new,PPIFGS,WPSFD49207,6,60,2010-05-01,2015-04-01,60,0.921177606572306,1.05757951060905,0.412366618415239,computed
PPI_FINISHED_GOODS,pairwise,old_vs_new,PPIFGS,WPSFD49207,6,60,2010-06-01,2015-05-01,60,0.929811928844135,1.01254227620861,0.37746581179528,computed
PPI_FINISHED_GOODS,pairwise,old_vs_new,PPIFGS,WPSFD49207,6,60,2010-07-01,2015-06-01,60,0.928398351936997,1.00067158344995,0.378570254097012,computed
PPI_FINISHED_GOODS,pairwise,old_vs_new,PPIFGS,WPSFD49207,6,60,2010-08-01,2015-07-01,60,0.928441240324691,0.992657788020035,0.376997866516573,computed
PPI_FINISHED_GOODS,pairwise,old_vs_new,PPIFGS,WPSFD49207,6,60,2010-09-01,2015-08-01,60,0.928146145969544,0.991176501536398,0.37752317869177,computed
PPI_FINISHED_GOODS,pairwise,old_vs_new,PPIFGS,WPSFD49207,6,60,2010-10-01,2015-09-01,60,0.929091281026668,0.99675259524972,0.375988632771888,computed
PPI_FINISHED_GOODS,pairwise,old_vs_new,PPIFGS,WPSFD49207,6,60,2010-11-01,2015-10-01,60,0.930717563841213,0.999532713766225,0.372158612069854,computed
PPI_FINISHED_GOODS,pairwise,old_vs_new,PPIFGS,WPSFD49207,6,60,2010-12-01,2015-11-01,60,0.930716849332714,0.998733734370874,0.372011347972506,computed
PPI_FINISHED_GOODS,pairwise,old_vs_new,PPIFGS,WPSFD49207,6,60,2011-01-01,2015-12-01,60,0.931852820208304,0.994756411411652,0.368250891903864,computed
PPI_PROCESSED_INTERMEDIATE_GOODS,pairwise,old_vs_new,PPIITM,WPSID61,6,60,1947-06-01,1952-05-01,60,1,1,0,computed
PPI_PROCESSED_INTERMEDIATE_GOODS,pairwise,old_vs_new,PPIITM,WPSID61,6,60,1947-07-01,1952-06-01,60,1,1,0,computed
PPI_PROCESSED_INTERMEDIATE_GOODS,pairwise,old_vs_new,PPIITM,WPSID61,6,60,1947-08-01,1952-07-01,60,1,1,0,computed
PPI_PROCESSED_INTERMEDIATE_GOODS,pairwise,old_vs_new,PPIITM,WPSID61,6,60,1947-09-01,1952-08-01,60,1,1,0,computed
PPI_PROCESSED_INTERMEDIATE_GOODS,pairwise,old_vs_new,PPIITM,WPSID61,6,60,1947-10-01,1952-09-01,60,1,1,0,computed
PPI_PROCESSED_INTERMEDIATE_GOODS,pairwise,old_vs_new,PPIITM,WPSID61,6,60,1947-11-01,1952-10-01,60,1,1,0,computed
PPI_PROCESSED_INTERMEDIATE_GOODS,pairwise,old_vs_new,PPIITM,WPSID61,6,60,1947-12-01,1952-11-01,60,1,1,0,computed
PPI_PROCESSED_INTERMEDIATE_GOODS,pairwise,old_vs_new,PPIITM,WPSID61,6,60,1948-01-01,1952-12-01,60,1,1,0,computed
PPI_PROCESSED_INTERMEDIATE_GOODS,pairwise,old_vs_new,PPIITM,WPSID61,6,60,1948-02-01,1953-01-01,60,1,1,0,computed
PPI_PROCESSED_INTERMEDIATE_GOODS,pairwise,old_vs_new,PPIITM,WPSID61,6,60,1948-03-01,1953-02-01,60,1,1,0,computed
PPI_PROCESSED_INTERMEDIATE_GOODS,pairwise,old_vs_new,PPIITM,WPSID61,6,60,1948-04-01,1953-03-01,60,1,1,0,computed
PPI_PROCESSED_INTERMEDIATE_GOODS,pairwise,old_vs_new,PPIITM,WPSID61,6,60,1948-05-01,1953-04-01,60,1,1,0,computed
PPI_PROCESSED_INTERMEDIATE_GOODS,pairwise,old_vs_new,PPIITM,WPSID61,6,60,1948-06-01,1953-05-01,60,1,1,0,computed
PPI_PROCESSED_INTERMEDIATE_GOODS,pairwise,old_vs_new,PPIITM,WPSID61,6,60,1948-07-01,1953-06-01,60,1,1,0,computed
PPI_PROCESSED_INTERMEDIATE_GOODS,pairwise,old_vs_new,PPIITM,WPSID61,6,60,1948-08-01,1953-07-01,60,1,1,0,computed
PPI_PROCESSED_INTERMEDIATE_GOODS,pairwise,old_vs_new,PPIITM,WPSID61,6,60,1948-09-01,1953-08-01,60,1,1,0,computed
PPI_PROCESSED_INTERMEDIATE_GOODS,pairwise,old_vs_new,PPIITM,WPSID61,6,60,1948-10-01,1953-09-01,60,1,1,0,computed
PPI_PROCESSED_INTERMEDIATE_GOODS,pairwise,old_vs_new,PPIITM,WPSID61,6,60,1948-11-01,1953-10-01,60,1,1,0,computed
PPI_PROCESSED_INTERMEDIATE_GOODS,pairwise,old_vs_new,PPIITM,WPSID61,6,60,1948-12-01,1953-11-01,60,1,1,0,computed
PPI_PROCESSED_INTERMEDIATE_GOODS,pairwise,old_vs_new,PPIITM,WPSID61,6,60,1949-01-01,1953-12-01,60,1,1,0,computed
PPI_PROCESSED_INTERMEDIATE_GOODS,pairwise,old_vs_new,PPIITM,WPSID61,6,60,1949-02-01,1954-01-01,60,1,1,0,computed
PPI_PROCESSED_INTERMEDIATE_GOODS,pairwise,old_vs_new,PPIITM,WPSID61,6,60,1949-03-01,1954-02-01,60,1,1,0,computed
PPI_PROCESSED_INTERMEDIATE_GOODS,pairwise,old_vs_new,PPIITM,WPSID61,6,60,1949-04-01,1954-03-01,60,1,1,0,computed
PPI_PROCESSED_INTERMEDIATE_GOODS,pairwise,old_vs_new,PPIITM,WPSID61,6,60,1949-05-01,1954-04-01,60,1,1,0,computed
PPI_PROCESSED_INTERMEDIATE_GOODS,pairwise,old_vs_new,PPIITM,WPSID61,6,60,1949-06-01,1954-05-01,60,1,1,0,computed
PPI_PROCESSED_INTERMEDIATE_GOODS,pairwise,old_vs_new,PPIITM,WPSID61,6,60,1949-07-01,1954-06-01,60,1,1,0,computed
PPI_PROCESSED_INTERMEDIATE_GOODS,pairwise,old_vs_new,PPIITM,WPSID61,6,60,1949-08-01,1954-07-01,60,1,1,0,computed
PPI_PROCESSED_INTERMEDIATE_GOODS,pairwise,old_vs_new,PPIITM,WPSID61,6,60,1949-09-01,1954-08-01,60,1,1,0,computed
PPI_PROCESSED_INTERMEDIATE_GOODS,pairwise,old_vs_new,PPIITM,WPSID61,6,60,1949-10-01,1954-09-01,60,1,1,0,computed
PPI_PROCESSED_INTERMEDIATE_GOODS,pairwise,old_vs_new,PPIITM,WPSID61,6,60,1949-11-01,1954-10-01,60,1,1,0,computed
PPI_PROCESSED_INTERMEDIATE_GOODS,pairwise,old_vs_new,PPIITM,WPSID61,6,60,1949-12-01,1954-11-01,60,1,1,0,computed
PPI_PROCESSED_INTERMEDIATE_GOODS,pairwise,old_vs_new,PPIITM,WPSID61,6,60,1950-01-01,1954-12-01,60,1,1,0,computed
PPI_PROCESSED_INTERMEDIATE_GOODS,pairwise,old_vs_new,PPIITM,WPSID61,6,60,1950-02-01,1955-01-01,60,1,1,0,computed
PPI_PROCESSED_INTERMEDIATE_GOODS,pairwise,old_vs_new,PPIITM,WPSID61,6,60,1950-03-01,1955-02-01,60,1,1,0,computed
PPI_PROCESSED_INTERMEDIATE_GOODS,pairwise,old_vs_new,PPIITM,WPSID61,6,60,1950-04-01,1955-03-01,60,1,1,0,computed
PPI_PROCESSED_INTERMEDIATE_GOODS,pairwise,old_vs_new,PPIITM,WPSID61,6,60,1950-05-01,1955-04-01,60,1,1,0,computed
PPI_PROCESSED_INTERMEDIATE_GOODS,pairwise,old_vs_new,PPIITM,WPSID61,6,60,1950-06-01,1955-05-01,60,1,1,0,computed
PPI_PROCESSED_INTERMEDIATE_GOODS,pairwise,old_vs_new,PPIITM,WPSID61,6,60,1950-07-01,1955-06-01,60,1,1,0,computed
PPI_PROCESSED_INTERMEDIATE_GOODS,pairwise,old_vs_new,PPIITM,WPSID61,6,60,1950-08-01,1955-07-01,60,1,1,0,computed
PPI_PROCESSED_INTERMEDIATE_GOODS,pairwise,old_vs_new,PPIITM,WPSID61,6,60,1950-09-01,1955-08-01,60,1,1,0,computed
PPI_PROCESSED_INTERMEDIATE_GOODS,pairwise,old_vs_new,PPIITM,WPSID61,6,60,1950-10-01,1955-09-01,60,1,1,0,computed
PPI_PROCESSED_INTERMEDIATE_GOODS,pairwise,old_vs_new,PPIITM,WPSID61,6,60,1950-11-01,1955-10-01,60,1,1,0,computed
PPI_PROCESSED_INTERMEDIATE_GOODS,pairwise,old_vs_new,PPIITM,WPSID61,6,60,1950-12-01,1955-11-01,60,1,1,0,computed
PPI_PROCESSED_INTERMEDIATE_GOODS,pairwise,old_vs_new,PPIITM,WPSID61,6,60,1951-01-01,1955-12-01,60,1,1,0,computed
PPI_PROCESSED_INTERMEDIATE_GOODS,pairwise,old_vs_new,PPIITM,WPSID61,6,60,1951-02-01,1956-01-01,60,1,1,0,computed
PPI_PROCESSED_INTERMEDIATE_GOODS,pairwise,old_vs_new,PPIITM,WPSID61,6,60,1951-03-01,1956-02-01,60,1,1,0,computed
PPI_PROCESSED_INTERMEDIATE_GOODS,pairwise,old_vs_new,PPIITM,WPSID61,6,60,1951-04-01,1956-03-01,60,1,1,0,computed
PPI_PROCESSED_INTERMEDIATE_GOODS,pairwise,old_vs_new,PPIITM,WPSID61,6,60,1951-05-01,1956-04-01,60,1,1,0,computed
PPI_PROCESSED_INTERMEDIATE_GOODS,pairwise,old_vs_new,PPIITM,WPSID61,6,60,1951-06-01,1956-05-01,60,1,1,0,computed
PPI_PROCESSED_INTERMEDIATE_GOODS,pairwise,old_vs_new,PPIITM,WPSID61,6,60,1951-07-01,1956-06-01,60,1,1,0,computed
PPI_PROCESSED_INTERMEDIATE_GOODS,pairwise,old_vs_new,PPIITM,WPSID61,6,60,1951-08-01,1956-07-01,60,1,1,0,computed
PPI_PROCESSED_INTERMEDIATE_GOODS,pairwise,old_vs_new,PPIITM,WPSID61,6,60,1951-09-01,1956-08-01,60,1,1,0,computed
PPI_PROCESSED_INTERMEDIATE_GOODS,pairwise,old_vs_new,PPIITM,WPSID61,6,60,1951-10-01,1956-09-01,60,1,1,0,computed
PPI_PROCESSED_INTERMEDIATE_GOODS,pairwise,old_vs_new,PPIITM,WPSID61,6,60,1951-11-01,1956-10-01,60,1,1,0,computed
PPI_PROCESSED_INTERMEDIATE_GOODS,pairwise,old_vs_new,PPIITM,WPSID61,6,60,1951-12-01,1956-11-01,60,1,1,0,computed
PPI_PROCESSED_INTERMEDIATE_GOODS,pairwise,old_vs_new,PPIITM,WPSID61,6,60,1952-01-01,1956-12-01,60,1,1,0,computed
PPI_PROCESSED_INTERMEDIATE_GOODS,pairwise,old_vs_new,PPIITM,WPSID61,6,60,1952-02-01,1957-01-01,60,1,1,0,computed
PPI_PROCESSED_INTERMEDIATE_GOODS,pairwise,old_vs_new,PPIITM,WPSID61,6,60,1952-03-01,1957-02-01,60,1,1,0,computed
PPI_PROCESSED_INTERMEDIATE_GOODS,pairwise,old_vs_new,PPIITM,WPSID61,6,60,1952-04-01,1957-03-01,60,1,1,0,computed
PPI_PROCESSED_INTERMEDIATE_GOODS,pairwise,old_vs_new,PPIITM,WPSID61,6,60,1952-05-01,1957-04-01,60,1,1,0,computed
PPI_PROCESSED_INTERMEDIATE_GOODS,pairwise,old_vs_new,PPIITM,WPSID61,6,60,1952-06-01,1957-05-01,60,1,1,0,computed
PPI_PROCESSED_INTERMEDIATE_GOODS,pairwise,old_vs_new,PPIITM,WPSID61,6,60,1952-07-01,1957-06-01,60,1,1,0,computed
PPI_PROCESSED_INTERMEDIATE_GOODS,pairwise,old_vs_new,PPIITM,WPSID61,6,60,1952-08-01,1957-07-01,60,1,1,0,computed
PPI_PROCESSED_INTERMEDIATE_GOODS,pairwise,old_vs_new,PPIITM,WPSID61,6,60,1952-09-01,1957-08-01,60,1,1,0,computed
PPI_PROCESSED_INTERMEDIATE_GOODS,pairwise,old_vs_new,PPIITM,WPSID61,6,60,1952-10-01,1957-09-01,60,1,1,0,computed
PPI_PROCESSED_INTERMEDIATE_GOODS,pairwise,old_vs_new,PPIITM,WPSID61,6,60,1952-11-01,1957-10-01,60,1,1,0,computed
PPI_PROCESSED_INTERMEDIATE_GOODS,pairwise,old_vs_new,PPIITM,WPSID61,6,60,1952-12-01,1957-11-01,60,1,1,0,computed
PPI_PROCESSED_INTERMEDIATE_GOODS,pairwise,old_vs_new,PPIITM,WPSID61,6,60,1953-01-01,1957-12-01,60,1,1,0,computed
PPI_PROCESSED_INTERMEDIATE_GOODS,pairwise,old_vs_new,PPIITM,WPSID61,6,60,1953-02-01,1958-01-01,60,1,1,0,computed
PPI_PROCESSED_INTERMEDIATE_GOODS,pairwise,old_vs_new,PPIITM,WPSID61,6,60,1953-03-01,1958-02-01,60,1,1,0,computed
PPI_PROCESSED_INTERMEDIATE_GOODS,pairwise,old_vs_new,PPIITM,WPSID61,6,60,1953-04-01,1958-03-01,60,1,1,0,computed
PPI_PROCESSED_INTERMEDIATE_GOODS,pairwise,old_vs_new,PPIITM,WPSID61,6,60,1953-05-01,1958-04-01,60,1,1,0,computed
PPI_PROCESSED_INTERMEDIATE_GOODS,pairwise,old_vs_new,PPIITM,WPSID61,6,60,1953-06-01,1958-05-01,60,1,1,0,computed
PPI_PROCESSED_INTERMEDIATE_GOODS,pairwise,old_vs_new,PPIITM,WPSID61,6,60,1953-07-01,1958-06-01,60,1,1,0,computed
PPI_PROCESSED_INTERMEDIATE_GOODS,pairwise,old_vs_new,PPIITM,WPSID61,6,60,1953-08-01,1958-07-01,60,1,1,0,computed
PPI_PROCESSED_INTERMEDIATE_GOODS,pairwise,old_vs_new,PPIITM,WPSID61,6,60,1953-09-01,1958-08-01,60,1,1,0,computed
PPI_PROCESSED_INTERMEDIATE_GOODS,pairwise,old_vs_new,PPIITM,WPSID61,6,60,1953-10-01,1958-09-01,60,1,1,0,computed
PPI_PROCESSED_INTERMEDIATE_GOODS,pairwise,old_vs_new,PPIITM,WPSID61,6,60,1953-11-01,1958-10-01,60,1,1,0,computed
PPI_PROCESSED_INTERMEDIATE_GOODS,pairwise,old_vs_new,PPIITM,WPSID61,6,60,1953-12-01,1958-11-01,60,1,1,0,computed
PPI_PROCESSED_INTERMEDIATE_GOODS,pairwise,old_vs_new,PPIITM,WPSID61,6,60,1954-01-01,1958-12-01,60,1,1,0,computed
PPI_PROCESSED_INTERMEDIATE_GOODS,pairwise,old_vs_new,PPIITM,WPSID61,6,60,1954-02-01,1959-01-01,60,1,1,0,computed
PPI_PROCESSED_INTERMEDIATE_GOODS,pairwise,old_vs_new,PPIITM,WPSID61,6,60,1954-03-01,1959-02-01,60,1,1,0,computed
PPI_PROCESSED_INTERMEDIATE_GOODS,pairwise,old_vs_new,PPIITM,WPSID61,6,60,1954-04-01,1959-03-01,60,1,1,0,computed
PPI_PROCESSED_INTERMEDIATE_GOODS,pairwise,old_vs_new,PPIITM,WPSID61,6,60,1954-05-01,1959-04-01,60,1,1,0,computed
PPI_PROCESSED_INTERMEDIATE_GOODS,pairwise,old_vs_new,PPIITM,WPSID61,6,60,1954-06-01,1959-05-01,60,1,1,0,computed
PPI_PROCESSED_INTERMEDIATE_GOODS,pairwise,old_vs_new,PPIITM,WPSID61,6,60,1954-07-01,1959-06-01,60,1,1,0,computed
PPI_PROCESSED_INTERMEDIATE_GOODS,pairwise,old_vs_new,PPIITM,WPSID61,6,60,1954-08-01,1959-07-01,60,1,1,0,computed
PPI_PROCESSED_INTERMEDIATE_GOODS,pairwise,old_vs_new,PPIITM,WPSID61,6,60,1954-09-01,1959-08-01,60,1,1,0,computed
PPI_PROCESSED_INTERMEDIATE_GOODS,pairwise,old_vs_new,PPIITM,WPSID61,6,60,1954-10-01,1959-09-01,60,1,1,0,computed
PPI_PROCESSED_INTERMEDIATE_GOODS,pairwise,old_vs_new,PPIITM,WPSID61,6,60,1954-11-01,1959-10-01,60,1,1,0,computed
PPI_PROCESSED_INTERMEDIATE_GOODS,pairwise,old_vs_new,PPIITM,WPSID61,6,60,1954-12-01,1959-11-01,60,1,1,0,computed
PPI_PROCESSED_INTERMEDIATE_GOODS,pairwise,old_vs_new,PPIITM,WPSID61,6,60,1955-01-01,1959-12-01,60,1,1,0,computed
PPI_PROCESSED_INTERMEDIATE_GOODS,pairwise,old_vs_new,PPIITM,WPSID61,6,60,1955-02-01,1960-01-01,60,1,1,0,computed
PPI_PROCESSED_INTERMEDIATE_GOODS,pairwise,old_vs_new,PPIITM,WPSID61,6,60,1955-03-01,1960-02-01,60,1,1,0,computed
PPI_PROCESSED_INTERMEDIATE_GOODS,pairwise,old_vs_new,PPIITM,WPSID61,6,60,1955-04-01,1960-03-01,60,1,1,0,computed
PPI_PROCESSED_INTERMEDIATE_GOODS,pairwise,old_vs_new,PPIITM,WPSID61,6,60,1955-05-01,1960-04-01,60,1,1,0,computed
PPI_PROCESSED_INTERMEDIATE_GOODS,pairwise,old_vs_new,PPIITM,WPSID61,6,60,1955-06-01,1960-05-01,60,1,1,0,computed
PPI_PROCESSED_INTERMEDIATE_GOODS,pairwise,old_vs_new,PPIITM,WPSID61,6,60,1955-07-01,1960-06-01,60,1,1,0,computed
PPI_PROCESSED_INTERMEDIATE_GOODS,pairwise,old_vs_new,PPIITM,WPSID61,6,60,1955-08-01,1960-07-01,60,1,1,0,computed
PPI_PROCESSED_INTERMEDIATE_GOODS,pairwise,old_vs_new,PPIITM,WPSID61,6,60,1955-09-01,1960-08-01,60,1,1,0,computed
PPI_PROCESSED_INTERMEDIATE_GOODS,pairwise,old_vs_new,PPIITM,WPSID61,6,60,1955-10-01,1960-09-01,60,1,1,0,computed
PPI_PROCESSED_INTERMEDIATE_GOODS,pairwise,old_vs_new,PPIITM,WPSID61,6,60,1955-11-01,1960-10-01,60,1,1,0,computed
PPI_PROCESSED_INTERMEDIATE_GOODS,pairwise,old_vs_new,PPIITM,WPSID61,6,60,1955-12-01,1960-11-01,60,1,1,0,computed
PPI_PROCESSED_INTERMEDIATE_GOODS,pairwise,old_vs_new,PPIITM,WPSID61,6,60,1956-01-01,1960-12-01,60,1,1,0,computed
PPI_PROCESSED_INTERMEDIATE_GOODS,pairwise,old_vs_new,PPIITM,WPSID61,6,60,1956-02-01,1961-01-01,60,1,1,0,computed
PPI_PROCESSED_INTERMEDIATE_GOODS,pairwise,old_vs_new,PPIITM,WPSID61,6,60,1956-03-01,1961-02-01,60,1,1,0,computed
PPI_PROCESSED_INTERMEDIATE_GOODS,pairwise,old_vs_new,PPIITM,WPSID61,6,60,1956-04-01,1961-03-01,60,1,1,0,computed
PPI_PROCESSED_INTERMEDIATE_GOODS,pairwise,old_vs_new,PPIITM,WPSID61,6,60,1956-05-01,1961-04-01,60,1,1,0,computed
PPI_PROCESSED_INTERMEDIATE_GOODS,pairwise,old_vs_new,PPIITM,WPSID61,6,60,1956-06-01,1961-05-01,60,1,1,0,computed
PPI_PROCESSED_INTERMEDIATE_GOODS,pairwise,old_vs_new,PPIITM,WPSID61,6,60,1956-07-01,1961-06-01,60,1,1,0,computed
PPI_PROCESSED_INTERMEDIATE_GOODS,pairwise,old_vs_new,PPIITM,WPSID61,6,60,1956-08-01,1961-07-01,60,1,1,0,computed
PPI_PROCESSED_INTERMEDIATE_GOODS,pairwise,old_vs_new,PPIITM,WPSID61,6,60,1956-09-01,1961-08-01,60,1,1,0,computed
PPI_PROCESSED_INTERMEDIATE_GOODS,pairwise,old_vs_new,PPIITM,WPSID61,6,60,1956-10-01,1961-09-01,60,1,1,0,computed
PPI_PROCESSED_INTERMEDIATE_GOODS,pairwise,old_vs_new,PPIITM,WPSID61,6,60,1956-11-01,1961-10-01,60,1,1,0,computed
PPI_PROCESSED_INTERMEDIATE_GOODS,pairwise,old_vs_new,PPIITM,WPSID61,6,60,1956-12-01,1961-11-01,60,1,1,0,computed
PPI_PROCESSED_INTERMEDIATE_GOODS,pairwise,old_vs_new,PPIITM,WPSID61,6,60,1957-01-01,1961-12-01,60,1,1,0,computed
PPI_PROCESSED_INTERMEDIATE_GOODS,pairwise,old_vs_new,PPIITM,WPSID61,6,60,1957-02-01,1962-01-01,60,1,1,0,computed
PPI_PROCESSED_INTERMEDIATE_GOODS,pairwise,old_vs_new,PPIITM,WPSID61,6,60,1957-03-01,1962-02-01,60,1,1,0,computed
PPI_PROCESSED_INTERMEDIATE_GOODS,pairwise,old_vs_new,PPIITM,WPSID61,6,60,1957-04-01,1962-03-01,60,1,1,0,computed
PPI_PROCESSED_INTERMEDIATE_GOODS,pairwise,old_vs_new,PPIITM,WPSID61,6,60,1957-05-01,1962-04-01,60,1,1,0,computed
PPI_PROCESSED_INTERMEDIATE_GOODS,pairwise,old_vs_new,PPIITM,WPSID61,6,60,1957-06-01,1962-05-01,60,1,1,0,computed
PPI_PROCESSED_INTERMEDIATE_GOODS,pairwise,old_vs_new,PPIITM,WPSID61,6,60,1957-07-01,1962-06-01,60,1,1,0,computed
PPI_PROCESSED_INTERMEDIATE_GOODS,pairwise,old_vs_new,PPIITM,WPSID61,6,60,1957-08-01,1962-07-01,60,1,1,0,computed
PPI_PROCESSED_INTERMEDIATE_GOODS,pairwise,old_vs_new,PPIITM,WPSID61,6,60,1957-09-01,1962-08-01,60,1,1,0,computed
PPI_PROCESSED_INTERMEDIATE_GOODS,pairwise,old_vs_new,PPIITM,WPSID61,6,60,1957-10-01,1962-09-01,60,1,1,0,computed
PPI_PROCESSED_INTERMEDIATE_GOODS,pairwise,old_vs_new,PPIITM,WPSID61,6,60,1957-11-01,1962-10-01,60,1,1,0,computed
PPI_PROCESSED_INTERMEDIATE_GOODS,pairwise,old_vs_new,PPIITM,WPSID61,6,60,1957-12-01,1962-11-01,60,1,1,0,computed
PPI_PROCESSED_INTERMEDIATE_GOODS,pairwise,old_vs_new,PPIITM,WPSID61,6,60,1958-01-01,1962-12-01,60,1,1,0,computed
PPI_PROCESSED_INTERMEDIATE_GOODS,pairwise,old_vs_new,PPIITM,WPSID61,6,60,1958-02-01,1963-01-01,60,1,1,0,computed
PPI_PROCESSED_INTERMEDIATE_GOODS,pairwise,old_vs_new,PPIITM,WPSID61,6,60,1958-03-01,1963-02-01,60,1,1,0,computed
PPI_PROCESSED_INTERMEDIATE_GOODS,pairwise,old_vs_new,PPIITM,WPSID61,6,60,1958-04-01,1963-03-01,60,1,1,0,computed
PPI_PROCESSED_INTERMEDIATE_GOODS,pairwise,old_vs_new,PPIITM,WPSID61,6,60,1958-05-01,1963-04-01,60,1,1,0,computed
PPI_PROCESSED_INTERMEDIATE_GOODS,pairwise,old_vs_new,PPIITM,WPSID61,6,60,1958-06-01,1963-05-01,60,1,1,0,computed
PPI_PROCESSED_INTERMEDIATE_GOODS,pairwise,old_vs_new,PPIITM,WPSID61,6,60,1958-07-01,1963-06-01,60,1,1,0,computed
PPI_PROCESSED_INTERMEDIATE_GOODS,pairwise,old_vs_new,PPIITM,WPSID61,6,60,1958-08-01,1963-07-01,60,1,1,0,computed
PPI_PROCESSED_INTERMEDIATE_GOODS,pairwise,old_vs_new,PPIITM,WPSID61,6,60,1958-09-01,1963-08-01,60,1,1,0,computed
PPI_PROCESSED_INTERMEDIATE_GOODS,pairwise,old_vs_new,PPIITM,WPSID61,6,60,1958-10-01,1963-09-01,60,1,1,0,computed
PPI_PROCESSED_INTERMEDIATE_GOODS,pairwise,old_vs_new,PPIITM,WPSID61,6,60,1958-11-01,1963-10-01,60,1,1,0,computed
PPI_PROCESSED_INTERMEDIATE_GOODS,pairwise,old_vs_new,PPIITM,WPSID61,6,60,1958-12-01,1963-11-01,60,1,1,0,computed
PPI_PROCESSED_INTERMEDIATE_GOODS,pairwise,old_vs_new,PPIITM,WPSID61,6,60,1959-01-01,1963-12-01,60,1,1,0,computed
PPI_PROCESSED_INTERMEDIATE_GOODS,pairwise,old_vs_new,PPIITM,WPSID61,6,60,1959-02-01,1964-01-01,60,1,1,0,computed
PPI_PROCESSED_INTERMEDIATE_GOODS,pairwise,old_vs_new,PPIITM,WPSID61,6,60,1959-03-01,1964-02-01,60,1,1,0,computed
PPI_PROCESSED_INTERMEDIATE_GOODS,pairwise,old_vs_new,PPIITM,WPSID61,6,60,1959-04-01,1964-03-01,60,1,1,0,computed
PPI_PROCESSED_INTERMEDIATE_GOODS,pairwise,old_vs_new,PPIITM,WPSID61,6,60,1959-05-01,1964-04-01,60,1,1,0,computed
PPI_PROCESSED_INTERMEDIATE_GOODS,pairwise,old_vs_new,PPIITM,WPSID61,6,60,1959-06-01,1964-05-01,60,1,1,0,computed
PPI_PROCESSED_INTERMEDIATE_GOODS,pairwise,old_vs_new,PPIITM,WPSID61,6,60,1959-07-01,1964-06-01,60,1,1,0,computed
PPI_PROCESSED_INTERMEDIATE_GOODS,pairwise,old_vs_new,PPIITM,WPSID61,6,60,1959-08-01,1964-07-01,60,1,1,0,computed
PPI_PROCESSED_INTERMEDIATE_GOODS,pairwise,old_vs_new,PPIITM,WPSID61,6,60,1959-09-01,1964-08-01,60,1,1,0,computed
PPI_PROCESSED_INTERMEDIATE_GOODS,pairwise,old_vs_new,PPIITM,WPSID61,6,60,1959-10-01,1964-09-01,60,1,1,0,computed
PPI_PROCESSED_INTERMEDIATE_GOODS,pairwise,old_vs_new,PPIITM,WPSID61,6,60,1959-11-01,1964-10-01,60,1,1,0,computed
PPI_PROCESSED_INTERMEDIATE_GOODS,pairwise,old_vs_new,PPIITM,WPSID61,6,60,1959-12-01,1964-11-01,60,1,1,0,computed
PPI_PROCESSED_INTERMEDIATE_GOODS,pairwise,old_vs_new,PPIITM,WPSID61,6,60,1960-01-01,1964-12-01,60,1,1,0,computed
PPI_PROCESSED_INTERMEDIATE_GOODS,pairwise,old_vs_new,PPIITM,WPSID61,6,60,1960-02-01,1965-01-01,60,1,1,0,computed
PPI_PROCESSED_INTERMEDIATE_GOODS,pairwise,old_vs_new,PPIITM,WPSID61,6,60,1960-03-01,1965-02-01,60,1,1,0,computed
PPI_PROCESSED_INTERMEDIATE_GOODS,pairwise,old_vs_new,PPIITM,WPSID61,6,60,1960-04-01,1965-03-01,60,1,1,0,computed
PPI_PROCESSED_INTERMEDIATE_GOODS,pairwise,old_vs_new,PPIITM,WPSID61,6,60,1960-05-01,1965-04-01,60,1,1,0,computed
PPI_PROCESSED_INTERMEDIATE_GOODS,pairwise,old_vs_new,PPIITM,WPSID61,6,60,1960-06-01,1965-05-01,60,1,1,0,computed
PPI_PROCESSED_INTERMEDIATE_GOODS,pairwise,old_vs_new,PPIITM,WPSID61,6,60,1960-07-01,1965-06-01,60,1,1,0,computed
PPI_PROCESSED_INTERMEDIATE_GOODS,pairwise,old_vs_new,PPIITM,WPSID61,6,60,1960-08-01,1965-07-01,60,1,1,0,computed
PPI_PROCESSED_INTERMEDIATE_GOODS,pairwise,old_vs_new,PPIITM,WPSID61,6,60,1960-09-01,1965-08-01,60,1,1,0,computed
PPI_PROCESSED_INTERMEDIATE_GOODS,pairwise,old_vs_new,PPIITM,WPSID61,6,60,1960-10-01,1965-09-01,60,1,1,0,computed
PPI_PROCESSED_INTERMEDIATE_GOODS,pairwise,old_vs_new,PPIITM,WPSID61,6,60,1960-11-01,1965-10-01,60,1,1,0,computed
PPI_PROCESSED_INTERMEDIATE_GOODS,pairwise,old_vs_new,PPIITM,WPSID61,6,60,1960-12-01,1965-11-01,60,1,1,0,computed
PPI_PROCESSED_INTERMEDIATE_GOODS,pairwise,old_vs_new,PPIITM,WPSID61,6,60,1961-01-01,1965-12-01,60,1,1,0,computed
PPI_PROCESSED_INTERMEDIATE_GOODS,pairwise,old_vs_new,PPIITM,WPSID61,6,60,1961-02-01,1966-01-01,60,1,1,0,computed
PPI_PROCESSED_INTERMEDIATE_GOODS,pairwise,old_vs_new,PPIITM,WPSID61,6,60,1961-03-01,1966-02-01,60,1,1,0,computed
PPI_PROCESSED_INTERMEDIATE_GOODS,pairwise,old_vs_new,PPIITM,WPSID61,6,60,1961-04-01,1966-03-01,60,1,1,0,computed
PPI_PROCESSED_INTERMEDIATE_GOODS,pairwise,old_vs_new,PPIITM,WPSID61,6,60,1961-05-01,1966-04-01,60,1,1,0,computed
PPI_PROCESSED_INTERMEDIATE_GOODS,pairwise,old_vs_new,PPIITM,WPSID61,6,60,1961-06-01,1966-05-01,60,1,1,0,computed
PPI_PROCESSED_INTERMEDIATE_GOODS,pairwise,old_vs_new,PPIITM,WPSID61,6,60,1961-07-01,1966-06-01,60,1,1,0,computed
PPI_PROCESSED_INTERMEDIATE_GOODS,pairwise,old_vs_new,PPIITM,WPSID61,6,60,1961-08-01,1966-07-01,60,1,1,0,computed
PPI_PROCESSED_INTERMEDIATE_GOODS,pairwise,old_vs_new,PPIITM,WPSID61,6,60,1961-09-01,1966-08-01,60,1,1,0,computed
PPI_PROCESSED_INTERMEDIATE_GOODS,pairwise,old_vs_new,PPIITM,WPSID61,6,60,1961-10-01,1966-09-01,60,1,1,0,computed
PPI_PROCESSED_INTERMEDIATE_GOODS,pairwise,old_vs_new,PPIITM,WPSID61,6,60,1961-11-01,1966-10-01,60,1,1,0,computed
PPI_PROCESSED_INTERMEDIATE_GOODS,pairwise,old_vs_new,PPIITM,WPSID61,6,60,1961-12-01,1966-11-01,60,1,1,0,computed
PPI_PROCESSED_INTERMEDIATE_GOODS,pairwise,old_vs_new,PPIITM,WPSID61,6,60,1962-01-01,1966-12-01,60,1,1,0,computed
PPI_PROCESSED_INTERMEDIATE_GOODS,pairwise,old_vs_new,PPIITM,WPSID61,6,60,1962-02-01,1967-01-01,60,1,1,0,computed
PPI_PROCESSED_INTERMEDIATE_GOODS,pairwise,old_vs_new,PPIITM,WPSID61,6,60,1962-03-01,1967-02-01,60,1,1,0,computed
PPI_PROCESSED_INTERMEDIATE_GOODS,pairwise,old_vs_new,PPIITM,WPSID61,6,60,1962-04-01,1967-03-01,60,1,1,0,computed
PPI_PROCESSED_INTERMEDIATE_GOODS,pairwise,old_vs_new,PPIITM,WPSID61,6,60,1962-05-01,1967-04-01,60,1,1,0,computed
PPI_PROCESSED_INTERMEDIATE_GOODS,pairwise,old_vs_new,PPIITM,WPSID61,6,60,1962-06-01,1967-05-01,60,1,1,0,computed
PPI_PROCESSED_INTERMEDIATE_GOODS,pairwise,old_vs_new,PPIITM,WPSID61,6,60,1962-07-01,1967-06-01,60,1,1,0,computed
PPI_PROCESSED_INTERMEDIATE_GOODS,pairwise,old_vs_new,PPIITM,WPSID61,6,60,1962-08-01,1967-07-01,60,1,1,0,computed
PPI_PROCESSED_INTERMEDIATE_GOODS,pairwise,old_vs_new,PPIITM,WPSID61,6,60,1962-09-01,1967-08-01,60,1,1,0,computed
PPI_PROCESSED_INTERMEDIATE_GOODS,pairwise,old_vs_new,PPIITM,WPSID61,6,60,1962-10-01,1967-09-01,60,1,1,0,computed
PPI_PROCESSED_INTERMEDIATE_GOODS,pairwise,old_vs_new,PPIITM,WPSID61,6,60,1962-11-01,1967-10-01,60,1,1,0,computed
PPI_PROCESSED_INTERMEDIATE_GOODS,pairwise,old_vs_new,PPIITM,WPSID61,6,60,1962-12-01,1967-11-01,60,1,1,0,computed
PPI_PROCESSED_INTERMEDIATE_GOODS,pairwise,old_vs_new,PPIITM,WPSID61,6,60,1963-01-01,1967-12-01,60,1,1,0,computed
PPI_PROCESSED_INTERMEDIATE_GOODS,pairwise,old_vs_new,PPIITM,WPSID61,6,60,1963-02-01,1968-01-01,60,1,1,0,computed
PPI_PROCESSED_INTERMEDIATE_GOODS,pairwise,old_vs_new,PPIITM,WPSID61,6,60,1963-03-01,1968-02-01,60,1,1,0,computed
PPI_PROCESSED_INTERMEDIATE_GOODS,pairwise,old_vs_new,PPIITM,WPSID61,6,60,1963-04-01,1968-03-01,60,1,1,0,computed
PPI_PROCESSED_INTERMEDIATE_GOODS,pairwise,old_vs_new,PPIITM,WPSID61,6,60,1963-05-01,1968-04-01,60,1,1,0,computed
PPI_PROCESSED_INTERMEDIATE_GOODS,pairwise,old_vs_new,PPIITM,WPSID61,6,60,1963-06-01,1968-05-01,60,1,1,0,computed
PPI_PROCESSED_INTERMEDIATE_GOODS,pairwise,old_vs_new,PPIITM,WPSID61,6,60,1963-07-01,1968-06-01,60,1,1,0,computed
PPI_PROCESSED_INTERMEDIATE_GOODS,pairwise,old_vs_new,PPIITM,WPSID61,6,60,1963-08-01,1968-07-01,60,1,1,0,computed
PPI_PROCESSED_INTERMEDIATE_GOODS,pairwise,old_vs_new,PPIITM,WPSID61,6,60,1963-09-01,1968-08-01,60,1,1,0,computed
PPI_PROCESSED_INTERMEDIATE_GOODS,pairwise,old_vs_new,PPIITM,WPSID61,6,60,1963-10-01,1968-09-01,60,1,1,0,computed
PPI_PROCESSED_INTERMEDIATE_GOODS,pairwise,old_vs_new,PPIITM,WPSID61,6,60,1963-11-01,1968-10-01,60,1,1,0,computed
PPI_PROCESSED_INTERMEDIATE_GOODS,pairwise,old_vs_new,PPIITM,WPSID61,6,60,1963-12-01,1968-11-01,60,1,1,0,computed
PPI_PROCESSED_INTERMEDIATE_GOODS,pairwise,old_vs_new,PPIITM,WPSID61,6,60,1964-01-01,1968-12-01,60,1,1,0,computed
PPI_PROCESSED_INTERMEDIATE_GOODS,pairwise,old_vs_new,PPIITM,WPSID61,6,60,1964-02-01,1969-01-01,60,1,1,0,computed
PPI_PROCESSED_INTERMEDIATE_GOODS,pairwise,old_vs_new,PPIITM,WPSID61,6,60,1964-03-01,1969-02-01,60,1,1,0,computed
PPI_PROCESSED_INTERMEDIATE_GOODS,pairwise,old_vs_new,PPIITM,WPSID61,6,60,1964-04-01,1969-03-01,60,1,1,0,computed
PPI_PROCESSED_INTERMEDIATE_GOODS,pairwise,old_vs_new,PPIITM,WPSID61,6,60,1964-05-01,1969-04-01,60,1,1,0,computed
PPI_PROCESSED_INTERMEDIATE_GOODS,pairwise,old_vs_new,PPIITM,WPSID61,6,60,1964-06-01,1969-05-01,60,1,1,0,computed
PPI_PROCESSED_INTERMEDIATE_GOODS,pairwise,old_vs_new,PPIITM,WPSID61,6,60,1964-07-01,1969-06-01,60,1,1,0,computed
PPI_PROCESSED_INTERMEDIATE_GOODS,pairwise,old_vs_new,PPIITM,WPSID61,6,60,1964-08-01,1969-07-01,60,1,1,0,computed
PPI_PROCESSED_INTERMEDIATE_GOODS,pairwise,old_vs_new,PPIITM,WPSID61,6,60,1964-09-01,1969-08-01,60,1,1,0,computed
PPI_PROCESSED_INTERMEDIATE_GOODS,pairwise,old_vs_new,PPIITM,WPSID61,6,60,1964-10-01,1969-09-01,60,1,1,0,computed
PPI_PROCESSED_INTERMEDIATE_GOODS,pairwise,old_vs_new,PPIITM,WPSID61,6,60,1964-11-01,1969-10-01,60,1,1,0,computed
PPI_PROCESSED_INTERMEDIATE_GOODS,pairwise,old_vs_new,PPIITM,WPSID61,6,60,1964-12-01,1969-11-01,60,1,1,0,computed
PPI_PROCESSED_INTERMEDIATE_GOODS,pairwise,old_vs_new,PPIITM,WPSID61,6,60,1965-01-01,1969-12-01,60,1,1,0,computed
PPI_PROCESSED_INTERMEDIATE_GOODS,pairwise,old_vs_new,PPIITM,WPSID61,6,60,1965-02-01,1970-01-01,60,1,1,0,computed
PPI_PROCESSED_INTERMEDIATE_GOODS,pairwise,old_vs_new,PPIITM,WPSID61,6,60,1965-03-01,1970-02-01,60,1,1,0,computed
PPI_PROCESSED_INTERMEDIATE_GOODS,pairwise,old_vs_new,PPIITM,WPSID61,6,60,1965-04-01,1970-03-01,60,1,1,0,computed
PPI_PROCESSED_INTERMEDIATE_GOODS,pairwise,old_vs_new,PPIITM,WPSID61,6,60,1965-05-01,1970-04-01,60,1,1,0,computed
PPI_PROCESSED_INTERMEDIATE_GOODS,pairwise,old_vs_new,PPIITM,WPSID61,6,60,1965-06-01,1970-05-01,60,1,1,0,computed
PPI_PROCESSED_INTERMEDIATE_GOODS,pairwise,old_vs_new,PPIITM,WPSID61,6,60,1965-07-01,1970-06-01,60,1,1,0,computed
PPI_PROCESSED_INTERMEDIATE_GOODS,pairwise,old_vs_new,PPIITM,WPSID61,6,60,1965-08-01,1970-07-01,60,1,1,0,computed
PPI_PROCESSED_INTERMEDIATE_GOODS,pairwise,old_vs_new,PPIITM,WPSID61,6,60,1965-09-01,1970-08-01,60,1,1,0,computed
PPI_PROCESSED_INTERMEDIATE_GOODS,pairwise,old_vs_new,PPIITM,WPSID61,6,60,1965-10-01,1970-09-01,60,1,1,0,computed
PPI_PROCESSED_INTERMEDIATE_GOODS,pairwise,old_vs_new,PPIITM,WPSID61,6,60,1965-11-01,1970-10-01,60,1,1,0,computed
PPI_PROCESSED_INTERMEDIATE_GOODS,pairwise,old_vs_new,PPIITM,WPSID61,6,60,1965-12-01,1970-11-01,60,1,1,0,computed
PPI_PROCESSED_INTERMEDIATE_GOODS,pairwise,old_vs_new,PPIITM,WPSID61,6,60,1966-01-01,1970-12-01,60,1,1,0,computed
PPI_PROCESSED_INTERMEDIATE_GOODS,pairwise,old_vs_new,PPIITM,WPSID61,6,60,1966-02-01,1971-01-01,60,1,1,0,computed
PPI_PROCESSED_INTERMEDIATE_GOODS,pairwise,old_vs_new,PPIITM,WPSID61,6,60,1966-03-01,1971-02-01,60,1,1,0,computed
PPI_PROCESSED_INTERMEDIATE_GOODS,pairwise,old_vs_new,PPIITM,WPSID61,6,60,1966-04-01,1971-03-01,60,1,1,0,computed
PPI_PROCESSED_INTERMEDIATE_GOODS,pairwise,old_vs_new,PPIITM,WPSID61,6,60,1966-05-01,1971-04-01,60,1,1,0,computed
PPI_PROCESSED_INTERMEDIATE_GOODS,pairwise,old_vs_new,PPIITM,WPSID61,6,60,1966-06-01,1971-05-01,60,1,1,0,computed
PPI_PROCESSED_INTERMEDIATE_GOODS,pairwise,old_vs_new,PPIITM,WPSID61,6,60,1966-07-01,1971-06-01,60,1,1,0,computed
PPI_PROCESSED_INTERMEDIATE_GOODS,pairwise,old_vs_new,PPIITM,WPSID61,6,60,1966-08-01,1971-07-01,60,1,1,0,computed
PPI_PROCESSED_INTERMEDIATE_GOODS,pairwise,old_vs_new,PPIITM,WPSID61,6,60,1966-09-01,1971-08-01,60,1,1,0,computed
PPI_PROCESSED_INTERMEDIATE_GOODS,pairwise,old_vs_new,PPIITM,WPSID61,6,60,1966-10-01,1971-09-01,60,1,1,0,computed
PPI_PROCESSED_INTERMEDIATE_GOODS,pairwise,old_vs_new,PPIITM,WPSID61,6,60,1966-11-01,1971-10-01,60,1,1,0,computed
PPI_PROCESSED_INTERMEDIATE_GOODS,pairwise,old_vs_new,PPIITM,WPSID61,6,60,1966-12-01,1971-11-01,60,1,1,0,computed
PPI_PROCESSED_INTERMEDIATE_GOODS,pairwise,old_vs_new,PPIITM,WPSID61,6,60,1967-01-01,1971-12-01,60,1,1,0,computed
PPI_PROCESSED_INTERMEDIATE_GOODS,pairwise,old_vs_new,PPIITM,WPSID61,6,60,1967-02-01,1972-01-01,60,1,1,0,computed
PPI_PROCESSED_INTERMEDIATE_GOODS,pairwise,old_vs_new,PPIITM,WPSID61,6,60,1967-03-01,1972-02-01,60,1,1,0,computed
PPI_PROCESSED_INTERMEDIATE_GOODS,pairwise,old_vs_new,PPIITM,WPSID61,6,60,1967-04-01,1972-03-01,60,1,1,0,computed
PPI_PROCESSED_INTERMEDIATE_GOODS,pairwise,old_vs_new,PPIITM,WPSID61,6,60,1967-05-01,1972-04-01,60,1,1,0,computed
PPI_PROCESSED_INTERMEDIATE_GOODS,pairwise,old_vs_new,PPIITM,WPSID61,6,60,1967-06-01,1972-05-01,60,1,1,0,computed
PPI_PROCESSED_INTERMEDIATE_GOODS,pairwise,old_vs_new,PPIITM,WPSID61,6,60,1967-07-01,1972-06-01,60,1,1,0,computed
PPI_PROCESSED_INTERMEDIATE_GOODS,pairwise,old_vs_new,PPIITM,WPSID61,6,60,1967-08-01,1972-07-01,60,1,1,0,computed
PPI_PROCESSED_INTERMEDIATE_GOODS,pairwise,old_vs_new,PPIITM,WPSID61,6,60,1967-09-01,1972-08-01,60,1,1,0,computed
PPI_PROCESSED_INTERMEDIATE_GOODS,pairwise,old_vs_new,PPIITM,WPSID61,6,60,1967-10-01,1972-09-01,60,1,1,0,computed
PPI_PROCESSED_INTERMEDIATE_GOODS,pairwise,old_vs_new,PPIITM,WPSID61,6,60,1967-11-01,1972-10-01,60,1,1,0,computed
PPI_PROCESSED_INTERMEDIATE_GOODS,pairwise,old_vs_new,PPIITM,WPSID61,6,60,1967-12-01,1972-11-01,60,1,1,0,computed
PPI_PROCESSED_INTERMEDIATE_GOODS,pairwise,old_vs_new,PPIITM,WPSID61,6,60,1968-01-01,1972-12-01,60,1,1,0,computed
PPI_PROCESSED_INTERMEDIATE_GOODS,pairwise,old_vs_new,PPIITM,WPSID61,6,60,1968-02-01,1973-01-01,60,1,1,0,computed
PPI_PROCESSED_INTERMEDIATE_GOODS,pairwise,old_vs_new,PPIITM,WPSID61,6,60,1968-03-01,1973-02-01,60,1,1,0,computed
PPI_PROCESSED_INTERMEDIATE_GOODS,pairwise,old_vs_new,PPIITM,WPSID61,6,60,1968-04-01,1973-03-01,60,1,1,0,computed
PPI_PROCESSED_INTERMEDIATE_GOODS,pairwise,old_vs_new,PPIITM,WPSID61,6,60,1968-05-01,1973-04-01,60,1,1,0,computed
PPI_PROCESSED_INTERMEDIATE_GOODS,pairwise,old_vs_new,PPIITM,WPSID61,6,60,1968-06-01,1973-05-01,60,1,1,0,computed
PPI_PROCESSED_INTERMEDIATE_GOODS,pairwise,old_vs_new,PPIITM,WPSID61,6,60,1968-07-01,1973-06-01,60,1,1,0,computed
PPI_PROCESSED_INTERMEDIATE_GOODS,pairwise,old_vs_new,PPIITM,WPSID61,6,60,1968-08-01,1973-07-01,60,1,1,0,computed
PPI_PROCESSED_INTERMEDIATE_GOODS,pairwise,old_vs_new,PPIITM,WPSID61,6,60,1968-09-01,1973-08-01,60,1,1,0,computed
PPI_PROCESSED_INTERMEDIATE_GOODS,pairwise,old_vs_new,PPIITM,WPSID61,6,60,1968-10-01,1973-09-01,60,1,1,0,computed
PPI_PROCESSED_INTERMEDIATE_GOODS,pairwise,old_vs_new,PPIITM,WPSID61,6,60,1968-11-01,1973-10-01,60,1,1,0,computed
PPI_PROCESSED_INTERMEDIATE_GOODS,pairwise,old_vs_new,PPIITM,WPSID61,6,60,1968-12-01,1973-11-01,60,1,1,0,computed
PPI_PROCESSED_INTERMEDIATE_GOODS,pairwise,old_vs_new,PPIITM,WPSID61,6,60,1969-01-01,1973-12-01,60,1,1,0,computed
PPI_PROCESSED_INTERMEDIATE_GOODS,pairwise,old_vs_new,PPIITM,WPSID61,6,60,1969-02-01,1974-01-01,60,1,1,0,computed
PPI_PROCESSED_INTERMEDIATE_GOODS,pairwise,old_vs_new,PPIITM,WPSID61,6,60,1969-03-01,1974-02-01,60,1,1,0,computed
PPI_PROCESSED_INTERMEDIATE_GOODS,pairwise,old_vs_new,PPIITM,WPSID61,6,60,1969-04-01,1974-03-01,60,1,1,0,computed
PPI_PROCESSED_INTERMEDIATE_GOODS,pairwise,old_vs_new,PPIITM,WPSID61,6,60,1969-05-01,1974-04-01,60,1,1,0,computed
PPI_PROCESSED_INTERMEDIATE_GOODS,pairwise,old_vs_new,PPIITM,WPSID61,6,60,1969-06-01,1974-05-01,60,1,1,0,computed
PPI_PROCESSED_INTERMEDIATE_GOODS,pairwise,old_vs_new,PPIITM,WPSID61,6,60,1969-07-01,1974-06-01,60,1,1,0,computed
PPI_PROCESSED_INTERMEDIATE_GOODS,pairwise,old_vs_new,PPIITM,WPSID61,6,60,1969-08-01,1974-07-01,60,1,1,0,computed
PPI_PROCESSED_INTERMEDIATE_GOODS,pairwise,old_vs_new,PPIITM,WPSID61,6,60,1969-09-01,1974-08-01,60,1,1,0,computed
PPI_PROCESSED_INTERMEDIATE_GOODS,pairwise,old_vs_new,PPIITM,WPSID61,6,60,1969-10-01,1974-09-01,60,1,1,0,computed
PPI_PROCESSED_INTERMEDIATE_GOODS,pairwise,old_vs_new,PPIITM,WPSID61,6,60,1969-11-01,1974-10-01,60,1,1,0,computed
PPI_PROCESSED_INTERMEDIATE_GOODS,pairwise,old_vs_new,PPIITM,WPSID61,6,60,1969-12-01,1974-11-01,60,1,1,0,computed
PPI_PROCESSED_INTERMEDIATE_GOODS,pairwise,old_vs_new,PPIITM,WPSID61,6,60,1970-01-01,1974-12-01,60,1,1,0,computed
PPI_PROCESSED_INTERMEDIATE_GOODS,pairwise,old_vs_new,PPIITM,WPSID61,6,60,1970-02-01,1975-01-01,60,1,1,0,computed
PPI_PROCESSED_INTERMEDIATE_GOODS,pairwise,old_vs_new,PPIITM,WPSID61,6,60,1970-03-01,1975-02-01,60,1,1,0,computed
PPI_PROCESSED_INTERMEDIATE_GOODS,pairwise,old_vs_new,PPIITM,WPSID61,6,60,1970-04-01,1975-03-01,60,1,1,0,computed
PPI_PROCESSED_INTERMEDIATE_GOODS,pairwise,old_vs_new,PPIITM,WPSID61,6,60,1970-05-01,1975-04-01,60,1,1,0,computed
PPI_PROCESSED_INTERMEDIATE_GOODS,pairwise,old_vs_new,PPIITM,WPSID61,6,60,1970-06-01,1975-05-01,60,1,1,0,computed
PPI_PROCESSED_INTERMEDIATE_GOODS,pairwise,old_vs_new,PPIITM,WPSID61,6,60,1970-07-01,1975-06-01,60,1,1,0,computed
PPI_PROCESSED_INTERMEDIATE_GOODS,pairwise,old_vs_new,PPIITM,WPSID61,6,60,1970-08-01,1975-07-01,60,1,1,0,computed
PPI_PROCESSED_INTERMEDIATE_GOODS,pairwise,old_vs_new,PPIITM,WPSID61,6,60,1970-09-01,1975-08-01,60,1,1,0,computed
PPI_PROCESSED_INTERMEDIATE_GOODS,pairwise,old_vs_new,PPIITM,WPSID61,6,60,1970-10-01,1975-09-01,60,1,1,0,computed
PPI_PROCESSED_INTERMEDIATE_GOODS,pairwise,old_vs_new,PPIITM,WPSID61,6,60,1970-11-01,1975-10-01,60,1,1,0,computed
PPI_PROCESSED_INTERMEDIATE_GOODS,pairwise,old_vs_new,PPIITM,WPSID61,6,60,1970-12-01,1975-11-01,60,1,1,0,computed
PPI_PROCESSED_INTERMEDIATE_GOODS,pairwise,old_vs_new,PPIITM,WPSID61,6,60,1971-01-01,1975-12-01,60,1,1,0,computed
PPI_PROCESSED_INTERMEDIATE_GOODS,pairwise,old_vs_new,PPIITM,WPSID61,6,60,1971-02-01,1976-01-01,60,1,1,0,computed
PPI_PROCESSED_INTERMEDIATE_GOODS,pairwise,old_vs_new,PPIITM,WPSID61,6,60,1971-03-01,1976-02-01,60,1,1,0,computed
PPI_PROCESSED_INTERMEDIATE_GOODS,pairwise,old_vs_new,PPIITM,WPSID61,6,60,1971-04-01,1976-03-01,60,1,1,0,computed
PPI_PROCESSED_INTERMEDIATE_GOODS,pairwise,old_vs_new,PPIITM,WPSID61,6,60,1971-05-01,1976-04-01,60,1,1,0,computed
PPI_PROCESSED_INTERMEDIATE_GOODS,pairwise,old_vs_new,PPIITM,WPSID61,6,60,1971-06-01,1976-05-01,60,1,1,0,computed
PPI_PROCESSED_INTERMEDIATE_GOODS,pairwise,old_vs_new,PPIITM,WPSID61,6,60,1971-07-01,1976-06-01,60,1,1,0,computed
PPI_PROCESSED_INTERMEDIATE_GOODS,pairwise,old_vs_new,PPIITM,WPSID61,6,60,1971-08-01,1976-07-01,60,1,1,0,computed
PPI_PROCESSED_INTERMEDIATE_GOODS,pairwise,old_vs_new,PPIITM,WPSID61,6,60,1971-09-01,1976-08-01,60,1,1,0,computed
PPI_PROCESSED_INTERMEDIATE_GOODS,pairwise,old_vs_new,PPIITM,WPSID61,6,60,1971-10-01,1976-09-01,60,1,1,0,computed
PPI_PROCESSED_INTERMEDIATE_GOODS,pairwise,old_vs_new,PPIITM,WPSID61,6,60,1971-11-01,1976-10-01,60,1,1,0,computed
PPI_PROCESSED_INTERMEDIATE_GOODS,pairwise,old_vs_new,PPIITM,WPSID61,6,60,1971-12-01,1976-11-01,60,1,1,0,computed
PPI_PROCESSED_INTERMEDIATE_GOODS,pairwise,old_vs_new,PPIITM,WPSID61,6,60,1972-01-01,1976-12-01,60,1,1,0,computed
PPI_PROCESSED_INTERMEDIATE_GOODS,pairwise,old_vs_new,PPIITM,WPSID61,6,60,1972-02-01,1977-01-01,60,1,1,0,computed
PPI_PROCESSED_INTERMEDIATE_GOODS,pairwise,old_vs_new,PPIITM,WPSID61,6,60,1972-03-01,1977-02-01,60,1,1,0,computed
PPI_PROCESSED_INTERMEDIATE_GOODS,pairwise,old_vs_new,PPIITM,WPSID61,6,60,1972-04-01,1977-03-01,60,1,1,0,computed
PPI_PROCESSED_INTERMEDIATE_GOODS,pairwise,old_vs_new,PPIITM,WPSID61,6,60,1972-05-01,1977-04-01,60,1,1,0,computed
PPI_PROCESSED_INTERMEDIATE_GOODS,pairwise,old_vs_new,PPIITM,WPSID61,6,60,1972-06-01,1977-05-01,60,1,1,0,computed
PPI_PROCESSED_INTERMEDIATE_GOODS,pairwise,old_vs_new,PPIITM,WPSID61,6,60,1972-07-01,1977-06-01,60,1,1,0,computed
PPI_PROCESSED_INTERMEDIATE_GOODS,pairwise,old_vs_new,PPIITM,WPSID61,6,60,1972-08-01,1977-07-01,60,1,1,0,computed
PPI_PROCESSED_INTERMEDIATE_GOODS,pairwise,old_vs_new,PPIITM,WPSID61,6,60,1972-09-01,1977-08-01,60,1,1,0,computed
PPI_PROCESSED_INTERMEDIATE_GOODS,pairwise,old_vs_new,PPIITM,WPSID61,6,60,1972-10-01,1977-09-01,60,1,1,0,computed
PPI_PROCESSED_INTERMEDIATE_GOODS,pairwise,old_vs_new,PPIITM,WPSID61,6,60,1972-11-01,1977-10-01,60,1,1,0,computed
PPI_PROCESSED_INTERMEDIATE_GOODS,pairwise,old_vs_new,PPIITM,WPSID61,6,60,1972-12-01,1977-11-01,60,1,1,0,computed
PPI_PROCESSED_INTERMEDIATE_GOODS,pairwise,old_vs_new,PPIITM,WPSID61,6,60,1973-01-01,1977-12-01,60,1,1,0,computed
PPI_PROCESSED_INTERMEDIATE_GOODS,pairwise,old_vs_new,PPIITM,WPSID61,6,60,1973-02-01,1978-01-01,60,1,1,0,computed
PPI_PROCESSED_INTERMEDIATE_GOODS,pairwise,old_vs_new,PPIITM,WPSID61,6,60,1973-03-01,1978-02-01,60,1,1,0,computed
PPI_PROCESSED_INTERMEDIATE_GOODS,pairwise,old_vs_new,PPIITM,WPSID61,6,60,1973-04-01,1978-03-01,60,1,1,0,computed
PPI_PROCESSED_INTERMEDIATE_GOODS,pairwise,old_vs_new,PPIITM,WPSID61,6,60,1973-05-01,1978-04-01,60,1,1,0,computed
PPI_PROCESSED_INTERMEDIATE_GOODS,pairwise,old_vs_new,PPIITM,WPSID61,6,60,1973-06-01,1978-05-01,60,1,1,0,computed
PPI_PROCESSED_INTERMEDIATE_GOODS,pairwise,old_vs_new,PPIITM,WPSID61,6,60,1973-07-01,1978-06-01,60,1,1,0,computed
PPI_PROCESSED_INTERMEDIATE_GOODS,pairwise,old_vs_new,PPIITM,WPSID61,6,60,1973-08-01,1978-07-01,60,1,1,0,computed
PPI_PROCESSED_INTERMEDIATE_GOODS,pairwise,old_vs_new,PPIITM,WPSID61,6,60,1973-09-01,1978-08-01,60,1,1,0,computed
PPI_PROCESSED_INTERMEDIATE_GOODS,pairwise,old_vs_new,PPIITM,WPSID61,6,60,1973-10-01,1978-09-01,60,1,1,0,computed
PPI_PROCESSED_INTERMEDIATE_GOODS,pairwise,old_vs_new,PPIITM,WPSID61,6,60,1973-11-01,1978-10-01,60,1,1,0,computed
PPI_PROCESSED_INTERMEDIATE_GOODS,pairwise,old_vs_new,PPIITM,WPSID61,6,60,1973-12-01,1978-11-01,60,1,1,0,computed
PPI_PROCESSED_INTERMEDIATE_GOODS,pairwise,old_vs_new,PPIITM,WPSID61,6,60,1974-01-01,1978-12-01,60,1,1,0,computed
PPI_PROCESSED_INTERMEDIATE_GOODS,pairwise,old_vs_new,PPIITM,WPSID61,6,60,1974-02-01,1979-01-01,60,1,1,0,computed
PPI_PROCESSED_INTERMEDIATE_GOODS,pairwise,old_vs_new,PPIITM,WPSID61,6,60,1974-03-01,1979-02-01,60,1,1,0,computed
PPI_PROCESSED_INTERMEDIATE_GOODS,pairwise,old_vs_new,PPIITM,WPSID61,6,60,1974-04-01,1979-03-01,60,1,1,0,computed
PPI_PROCESSED_INTERMEDIATE_GOODS,pairwise,old_vs_new,PPIITM,WPSID61,6,60,1974-05-01,1979-04-01,60,1,1,0,computed
PPI_PROCESSED_INTERMEDIATE_GOODS,pairwise,old_vs_new,PPIITM,WPSID61,6,60,1974-06-01,1979-05-01,60,1,1,0,computed
PPI_PROCESSED_INTERMEDIATE_GOODS,pairwise,old_vs_new,PPIITM,WPSID61,6,60,1974-07-01,1979-06-01,60,1,1,0,computed
PPI_PROCESSED_INTERMEDIATE_GOODS,pairwise,old_vs_new,PPIITM,WPSID61,6,60,1974-08-01,1979-07-01,60,1,1,0,computed
PPI_PROCESSED_INTERMEDIATE_GOODS,pairwise,old_vs_new,PPIITM,WPSID61,6,60,1974-09-01,1979-08-01,60,1,1,0,computed
PPI_PROCESSED_INTERMEDIATE_GOODS,pairwise,old_vs_new,PPIITM,WPSID61,6,60,1974-10-01,1979-09-01,60,1,1,0,computed
PPI_PROCESSED_INTERMEDIATE_GOODS,pairwise,old_vs_new,PPIITM,WPSID61,6,60,1974-11-01,1979-10-01,60,1,1,0,computed
PPI_PROCESSED_INTERMEDIATE_GOODS,pairwise,old_vs_new,PPIITM,WPSID61,6,60,1974-12-01,1979-11-01,60,1,1,0,computed
PPI_PROCESSED_INTERMEDIATE_GOODS,pairwise,old_vs_new,PPIITM,WPSID61,6,60,1975-01-01,1979-12-01,60,1,1,0,computed
PPI_PROCESSED_INTERMEDIATE_GOODS,pairwise,old_vs_new,PPIITM,WPSID61,6,60,1975-02-01,1980-01-01,60,1,1,0,computed
PPI_PROCESSED_INTERMEDIATE_GOODS,pairwise,old_vs_new,PPIITM,WPSID61,6,60,1975-03-01,1980-02-01,60,1,1,0,computed
PPI_PROCESSED_INTERMEDIATE_GOODS,pairwise,old_vs_new,PPIITM,WPSID61,6,60,1975-04-01,1980-03-01,60,1,1,0,computed
PPI_PROCESSED_INTERMEDIATE_GOODS,pairwise,old_vs_new,PPIITM,WPSID61,6,60,1975-05-01,1980-04-01,60,1,1,0,computed
PPI_PROCESSED_INTERMEDIATE_GOODS,pairwise,old_vs_new,PPIITM,WPSID61,6,60,1975-06-01,1980-05-01,60,1,1,0,computed
PPI_PROCESSED_INTERMEDIATE_GOODS,pairwise,old_vs_new,PPIITM,WPSID61,6,60,1975-07-01,1980-06-01,60,1,1,0,computed
PPI_PROCESSED_INTERMEDIATE_GOODS,pairwise,old_vs_new,PPIITM,WPSID61,6,60,1975-08-01,1980-07-01,60,1,1,0,computed
PPI_PROCESSED_INTERMEDIATE_GOODS,pairwise,old_vs_new,PPIITM,WPSID61,6,60,1975-09-01,1980-08-01,60,1,1,0,computed
PPI_PROCESSED_INTERMEDIATE_GOODS,pairwise,old_vs_new,PPIITM,WPSID61,6,60,1975-10-01,1980-09-01,60,1,1,0,computed
PPI_PROCESSED_INTERMEDIATE_GOODS,pairwise,old_vs_new,PPIITM,WPSID61,6,60,1975-11-01,1980-10-01,60,1,1,0,computed
PPI_PROCESSED_INTERMEDIATE_GOODS,pairwise,old_vs_new,PPIITM,WPSID61,6,60,1975-12-01,1980-11-01,60,1,1,0,computed
PPI_PROCESSED_INTERMEDIATE_GOODS,pairwise,old_vs_new,PPIITM,WPSID61,6,60,1976-01-01,1980-12-01,60,1,1,0,computed
PPI_PROCESSED_INTERMEDIATE_GOODS,pairwise,old_vs_new,PPIITM,WPSID61,6,60,1976-02-01,1981-01-01,60,1,1,0,computed
PPI_PROCESSED_INTERMEDIATE_GOODS,pairwise,old_vs_new,PPIITM,WPSID61,6,60,1976-03-01,1981-02-01,60,1,1,0,computed
PPI_PROCESSED_INTERMEDIATE_GOODS,pairwise,old_vs_new,PPIITM,WPSID61,6,60,1976-04-01,1981-03-01,60,1,1,0,computed
PPI_PROCESSED_INTERMEDIATE_GOODS,pairwise,old_vs_new,PPIITM,WPSID61,6,60,1976-05-01,1981-04-01,60,1,1,0,computed
PPI_PROCESSED_INTERMEDIATE_GOODS,pairwise,old_vs_new,PPIITM,WPSID61,6,60,1976-06-01,1981-05-01,60,1,1,0,computed
PPI_PROCESSED_INTERMEDIATE_GOODS,pairwise,old_vs_new,PPIITM,WPSID61,6,60,1976-07-01,1981-06-01,60,1,1,0,computed
PPI_PROCESSED_INTERMEDIATE_GOODS,pairwise,old_vs_new,PPIITM,WPSID61,6,60,1976-08-01,1981-07-01,60,1,1,0,computed
PPI_PROCESSED_INTERMEDIATE_GOODS,pairwise,old_vs_new,PPIITM,WPSID61,6,60,1976-09-01,1981-08-01,60,1,1,0,computed
PPI_PROCESSED_INTERMEDIATE_GOODS,pairwise,old_vs_new,PPIITM,WPSID61,6,60,1976-10-01,1981-09-01,60,1,1,0,computed
PPI_PROCESSED_INTERMEDIATE_GOODS,pairwise,old_vs_new,PPIITM,WPSID61,6,60,1976-11-01,1981-10-01,60,1,1,0,computed
PPI_PROCESSED_INTERMEDIATE_GOODS,pairwise,old_vs_new,PPIITM,WPSID61,6,60,1976-12-01,1981-11-01,60,1,1,0,computed
PPI_PROCESSED_INTERMEDIATE_GOODS,pairwise,old_vs_new,PPIITM,WPSID61,6,60,1977-01-01,1981-12-01,60,1,1,0,computed
PPI_PROCESSED_INTERMEDIATE_GOODS,pairwise,old_vs_new,PPIITM,WPSID61,6,60,1977-02-01,1982-01-01,60,1,1,0,computed
PPI_PROCESSED_INTERMEDIATE_GOODS,pairwise,old_vs_new,PPIITM,WPSID61,6,60,1977-03-01,1982-02-01,60,1,1,0,computed
PPI_PROCESSED_INTERMEDIATE_GOODS,pairwise,old_vs_new,PPIITM,WPSID61,6,60,1977-04-01,1982-03-01,60,1,1,0,computed
PPI_PROCESSED_INTERMEDIATE_GOODS,pairwise,old_vs_new,PPIITM,WPSID61,6,60,1977-05-01,1982-04-01,60,1,1,0,computed
PPI_PROCESSED_INTERMEDIATE_GOODS,pairwise,old_vs_new,PPIITM,WPSID61,6,60,1977-06-01,1982-05-01,60,1,1,0,computed
PPI_PROCESSED_INTERMEDIATE_GOODS,pairwise,old_vs_new,PPIITM,WPSID61,6,60,1977-07-01,1982-06-01,60,1,1,0,computed
PPI_PROCESSED_INTERMEDIATE_GOODS,pairwise,old_vs_new,PPIITM,WPSID61,6,60,1977-08-01,1982-07-01,60,1,1,0,computed
PPI_PROCESSED_INTERMEDIATE_GOODS,pairwise,old_vs_new,PPIITM,WPSID61,6,60,1977-09-01,1982-08-01,60,1,1,0,computed
PPI_PROCESSED_INTERMEDIATE_GOODS,pairwise,old_vs_new,PPIITM,WPSID61,6,60,1977-10-01,1982-09-01,60,1,1,0,computed
PPI_PROCESSED_INTERMEDIATE_GOODS,pairwise,old_vs_new,PPIITM,WPSID61,6,60,1977-11-01,1982-10-01,60,1,1,0,computed
PPI_PROCESSED_INTERMEDIATE_GOODS,pairwise,old_vs_new,PPIITM,WPSID61,6,60,1977-12-01,1982-11-01,60,1,1,0,computed
PPI_PROCESSED_INTERMEDIATE_GOODS,pairwise,old_vs_new,PPIITM,WPSID61,6,60,1978-01-01,1982-12-01,60,1,1,0,computed
PPI_PROCESSED_INTERMEDIATE_GOODS,pairwise,old_vs_new,PPIITM,WPSID61,6,60,1978-02-01,1983-01-01,60,1,1,0,computed
PPI_PROCESSED_INTERMEDIATE_GOODS,pairwise,old_vs_new,PPIITM,WPSID61,6,60,1978-03-01,1983-02-01,60,1,1,0,computed
PPI_PROCESSED_INTERMEDIATE_GOODS,pairwise,old_vs_new,PPIITM,WPSID61,6,60,1978-04-01,1983-03-01,60,1,1,0,computed
PPI_PROCESSED_INTERMEDIATE_GOODS,pairwise,old_vs_new,PPIITM,WPSID61,6,60,1978-05-01,1983-04-01,60,1,1,0,computed
PPI_PROCESSED_INTERMEDIATE_GOODS,pairwise,old_vs_new,PPIITM,WPSID61,6,60,1978-06-01,1983-05-01,60,1,1,0,computed
PPI_PROCESSED_INTERMEDIATE_GOODS,pairwise,old_vs_new,PPIITM,WPSID61,6,60,1978-07-01,1983-06-01,60,1,1,0,computed
PPI_PROCESSED_INTERMEDIATE_GOODS,pairwise,old_vs_new,PPIITM,WPSID61,6,60,1978-08-01,1983-07-01,60,1,1,0,computed
PPI_PROCESSED_INTERMEDIATE_GOODS,pairwise,old_vs_new,PPIITM,WPSID61,6,60,1978-09-01,1983-08-01,60,1,1,0,computed
PPI_PROCESSED_INTERMEDIATE_GOODS,pairwise,old_vs_new,PPIITM,WPSID61,6,60,1978-10-01,1983-09-01,60,1,1,0,computed
PPI_PROCESSED_INTERMEDIATE_GOODS,pairwise,old_vs_new,PPIITM,WPSID61,6,60,1978-11-01,1983-10-01,60,1,1,0,computed
PPI_PROCESSED_INTERMEDIATE_GOODS,pairwise,old_vs_new,PPIITM,WPSID61,6,60,1978-12-01,1983-11-01,60,1,1,0,computed
PPI_PROCESSED_INTERMEDIATE_GOODS,pairwise,old_vs_new,PPIITM,WPSID61,6,60,1979-01-01,1983-12-01,60,1,1,0,computed
PPI_PROCESSED_INTERMEDIATE_GOODS,pairwise,old_vs_new,PPIITM,WPSID61,6,60,1979-02-01,1984-01-01,60,1,1,0,computed
PPI_PROCESSED_INTERMEDIATE_GOODS,pairwise,old_vs_new,PPIITM,WPSID61,6,60,1979-03-01,1984-02-01,60,1,1,0,computed
PPI_PROCESSED_INTERMEDIATE_GOODS,pairwise,old_vs_new,PPIITM,WPSID61,6,60,1979-04-01,1984-03-01,60,1,1,0,computed
PPI_PROCESSED_INTERMEDIATE_GOODS,pairwise,old_vs_new,PPIITM,WPSID61,6,60,1979-05-01,1984-04-01,60,1,1,0,computed
PPI_PROCESSED_INTERMEDIATE_GOODS,pairwise,old_vs_new,PPIITM,WPSID61,6,60,1979-06-01,1984-05-01,60,1,1,0,computed
PPI_PROCESSED_INTERMEDIATE_GOODS,pairwise,old_vs_new,PPIITM,WPSID61,6,60,1979-07-01,1984-06-01,60,1,1,0,computed
PPI_PROCESSED_INTERMEDIATE_GOODS,pairwise,old_vs_new,PPIITM,WPSID61,6,60,1979-08-01,1984-07-01,60,1,1,0,computed
PPI_PROCESSED_INTERMEDIATE_GOODS,pairwise,old_vs_new,PPIITM,WPSID61,6,60,1979-09-01,1984-08-01,60,1,1,0,computed
PPI_PROCESSED_INTERMEDIATE_GOODS,pairwise,old_vs_new,PPIITM,WPSID61,6,60,1979-10-01,1984-09-01,60,1,1,0,computed
PPI_PROCESSED_INTERMEDIATE_GOODS,pairwise,old_vs_new,PPIITM,WPSID61,6,60,1979-11-01,1984-10-01,60,1,1,0,computed
PPI_PROCESSED_INTERMEDIATE_GOODS,pairwise,old_vs_new,PPIITM,WPSID61,6,60,1979-12-01,1984-11-01,60,1,1,0,computed
PPI_PROCESSED_INTERMEDIATE_GOODS,pairwise,old_vs_new,PPIITM,WPSID61,6,60,1980-01-01,1984-12-01,60,1,1,0,computed
PPI_PROCESSED_INTERMEDIATE_GOODS,pairwise,old_vs_new,PPIITM,WPSID61,6,60,1980-02-01,1985-01-01,60,1,1,0,computed
PPI_PROCESSED_INTERMEDIATE_GOODS,pairwise,old_vs_new,PPIITM,WPSID61,6,60,1980-03-01,1985-02-01,60,1,1,0,computed
PPI_PROCESSED_INTERMEDIATE_GOODS,pairwise,old_vs_new,PPIITM,WPSID61,6,60,1980-04-01,1985-03-01,60,1,1,0,computed
PPI_PROCESSED_INTERMEDIATE_GOODS,pairwise,old_vs_new,PPIITM,WPSID61,6,60,1980-05-01,1985-04-01,60,1,1,0,computed
PPI_PROCESSED_INTERMEDIATE_GOODS,pairwise,old_vs_new,PPIITM,WPSID61,6,60,1980-06-01,1985-05-01,60,1,1,0,computed
PPI_PROCESSED_INTERMEDIATE_GOODS,pairwise,old_vs_new,PPIITM,WPSID61,6,60,1980-07-01,1985-06-01,60,1,1,0,computed
PPI_PROCESSED_INTERMEDIATE_GOODS,pairwise,old_vs_new,PPIITM,WPSID61,6,60,1980-08-01,1985-07-01,60,1,1,0,computed
PPI_PROCESSED_INTERMEDIATE_GOODS,pairwise,old_vs_new,PPIITM,WPSID61,6,60,1980-09-01,1985-08-01,60,1,1,0,computed
PPI_PROCESSED_INTERMEDIATE_GOODS,pairwise,old_vs_new,PPIITM,WPSID61,6,60,1980-10-01,1985-09-01,60,1,1,0,computed
PPI_PROCESSED_INTERMEDIATE_GOODS,pairwise,old_vs_new,PPIITM,WPSID61,6,60,1980-11-01,1985-10-01,60,1,1,0,computed
PPI_PROCESSED_INTERMEDIATE_GOODS,pairwise,old_vs_new,PPIITM,WPSID61,6,60,1980-12-01,1985-11-01,60,1,1,0,computed
PPI_PROCESSED_INTERMEDIATE_GOODS,pairwise,old_vs_new,PPIITM,WPSID61,6,60,1981-01-01,1985-12-01,60,1,1,0,computed
PPI_PROCESSED_INTERMEDIATE_GOODS,pairwise,old_vs_new,PPIITM,WPSID61,6,60,1981-02-01,1986-01-01,60,1,1,0,computed
PPI_PROCESSED_INTERMEDIATE_GOODS,pairwise,old_vs_new,PPIITM,WPSID61,6,60,1981-03-01,1986-02-01,60,1,1,0,computed
PPI_PROCESSED_INTERMEDIATE_GOODS,pairwise,old_vs_new,PPIITM,WPSID61,6,60,1981-04-01,1986-03-01,60,1,1,0,computed
PPI_PROCESSED_INTERMEDIATE_GOODS,pairwise,old_vs_new,PPIITM,WPSID61,6,60,1981-05-01,1986-04-01,60,1,1,0,computed
PPI_PROCESSED_INTERMEDIATE_GOODS,pairwise,old_vs_new,PPIITM,WPSID61,6,60,1981-06-01,1986-05-01,60,1,1,0,computed
PPI_PROCESSED_INTERMEDIATE_GOODS,pairwise,old_vs_new,PPIITM,WPSID61,6,60,1981-07-01,1986-06-01,60,1,1,0,computed
PPI_PROCESSED_INTERMEDIATE_GOODS,pairwise,old_vs_new,PPIITM,WPSID61,6,60,1981-08-01,1986-07-01,60,1,1,0,computed
PPI_PROCESSED_INTERMEDIATE_GOODS,pairwise,old_vs_new,PPIITM,WPSID61,6,60,1981-09-01,1986-08-01,60,1,1,0,computed
PPI_PROCESSED_INTERMEDIATE_GOODS,pairwise,old_vs_new,PPIITM,WPSID61,6,60,1981-10-01,1986-09-01,60,1,1,0,computed
PPI_PROCESSED_INTERMEDIATE_GOODS,pairwise,old_vs_new,PPIITM,WPSID61,6,60,1981-11-01,1986-10-01,60,1,1,0,computed
PPI_PROCESSED_INTERMEDIATE_GOODS,pairwise,old_vs_new,PPIITM,WPSID61,6,60,1981-12-01,1986-11-01,60,1,1,0,computed
PPI_PROCESSED_INTERMEDIATE_GOODS,pairwise,old_vs_new,PPIITM,WPSID61,6,60,1982-01-01,1986-12-01,60,1,1,0,computed
PPI_PROCESSED_INTERMEDIATE_GOODS,pairwise,old_vs_new,PPIITM,WPSID61,6,60,1982-02-01,1987-01-01,60,1,1,0,computed
PPI_PROCESSED_INTERMEDIATE_GOODS,pairwise,old_vs_new,PPIITM,WPSID61,6,60,1982-03-01,1987-02-01,60,1,1,0,computed
PPI_PROCESSED_INTERMEDIATE_GOODS,pairwise,old_vs_new,PPIITM,WPSID61,6,60,1982-04-01,1987-03-01,60,1,1,0,computed
PPI_PROCESSED_INTERMEDIATE_GOODS,pairwise,old_vs_new,PPIITM,WPSID61,6,60,1982-05-01,1987-04-01,60,1,1,0,computed
PPI_PROCESSED_INTERMEDIATE_GOODS,pairwise,old_vs_new,PPIITM,WPSID61,6,60,1982-06-01,1987-05-01,60,1,1,0,computed
PPI_PROCESSED_INTERMEDIATE_GOODS,pairwise,old_vs_new,PPIITM,WPSID61,6,60,1982-07-01,1987-06-01,60,1,1,0,computed
PPI_PROCESSED_INTERMEDIATE_GOODS,pairwise,old_vs_new,PPIITM,WPSID61,6,60,1982-08-01,1987-07-01,60,1,1,0,computed
PPI_PROCESSED_INTERMEDIATE_GOODS,pairwise,old_vs_new,PPIITM,WPSID61,6,60,1982-09-01,1987-08-01,60,1,1,0,computed
PPI_PROCESSED_INTERMEDIATE_GOODS,pairwise,old_vs_new,PPIITM,WPSID61,6,60,1982-10-01,1987-09-01,60,1,1,0,computed
PPI_PROCESSED_INTERMEDIATE_GOODS,pairwise,old_vs_new,PPIITM,WPSID61,6,60,1982-11-01,1987-10-01,60,1,1,0,computed
PPI_PROCESSED_INTERMEDIATE_GOODS,pairwise,old_vs_new,PPIITM,WPSID61,6,60,1982-12-01,1987-11-01,60,1,1,0,computed
PPI_PROCESSED_INTERMEDIATE_GOODS,pairwise,old_vs_new,PPIITM,WPSID61,6,60,1983-01-01,1987-12-01,60,1,1,0,computed
PPI_PROCESSED_INTERMEDIATE_GOODS,pairwise,old_vs_new,PPIITM,WPSID61,6,60,1983-02-01,1988-01-01,60,1,1,0,computed
PPI_PROCESSED_INTERMEDIATE_GOODS,pairwise,old_vs_new,PPIITM,WPSID61,6,60,1983-03-01,1988-02-01,60,1,1,0,computed
PPI_PROCESSED_INTERMEDIATE_GOODS,pairwise,old_vs_new,PPIITM,WPSID61,6,60,1983-04-01,1988-03-01,60,1,1,0,computed
PPI_PROCESSED_INTERMEDIATE_GOODS,pairwise,old_vs_new,PPIITM,WPSID61,6,60,1983-05-01,1988-04-01,60,1,1,0,computed
PPI_PROCESSED_INTERMEDIATE_GOODS,pairwise,old_vs_new,PPIITM,WPSID61,6,60,1983-06-01,1988-05-01,60,1,1,0,computed
PPI_PROCESSED_INTERMEDIATE_GOODS,pairwise,old_vs_new,PPIITM,WPSID61,6,60,1983-07-01,1988-06-01,60,1,1,0,computed
PPI_PROCESSED_INTERMEDIATE_GOODS,pairwise,old_vs_new,PPIITM,WPSID61,6,60,1983-08-01,1988-07-01,60,1,1,0,computed
PPI_PROCESSED_INTERMEDIATE_GOODS,pairwise,old_vs_new,PPIITM,WPSID61,6,60,1983-09-01,1988-08-01,60,1,1,0,computed
PPI_PROCESSED_INTERMEDIATE_GOODS,pairwise,old_vs_new,PPIITM,WPSID61,6,60,1983-10-01,1988-09-01,60,1,1,0,computed
PPI_PROCESSED_INTERMEDIATE_GOODS,pairwise,old_vs_new,PPIITM,WPSID61,6,60,1983-11-01,1988-10-01,60,1,1,0,computed
PPI_PROCESSED_INTERMEDIATE_GOODS,pairwise,old_vs_new,PPIITM,WPSID61,6,60,1983-12-01,1988-11-01,60,1,1,0,computed
PPI_PROCESSED_INTERMEDIATE_GOODS,pairwise,old_vs_new,PPIITM,WPSID61,6,60,1984-01-01,1988-12-01,60,1,1,0,computed
PPI_PROCESSED_INTERMEDIATE_GOODS,pairwise,old_vs_new,PPIITM,WPSID61,6,60,1984-02-01,1989-01-01,60,1,1,0,computed
PPI_PROCESSED_INTERMEDIATE_GOODS,pairwise,old_vs_new,PPIITM,WPSID61,6,60,1984-03-01,1989-02-01,60,1,1,0,computed
PPI_PROCESSED_INTERMEDIATE_GOODS,pairwise,old_vs_new,PPIITM,WPSID61,6,60,1984-04-01,1989-03-01,60,1,1,0,computed
PPI_PROCESSED_INTERMEDIATE_GOODS,pairwise,old_vs_new,PPIITM,WPSID61,6,60,1984-05-01,1989-04-01,60,1,1,0,computed
PPI_PROCESSED_INTERMEDIATE_GOODS,pairwise,old_vs_new,PPIITM,WPSID61,6,60,1984-06-01,1989-05-01,60,1,1,0,computed
PPI_PROCESSED_INTERMEDIATE_GOODS,pairwise,old_vs_new,PPIITM,WPSID61,6,60,1984-07-01,1989-06-01,60,1,1,0,computed
PPI_PROCESSED_INTERMEDIATE_GOODS,pairwise,old_vs_new,PPIITM,WPSID61,6,60,1984-08-01,1989-07-01,60,1,1,0,computed
PPI_PROCESSED_INTERMEDIATE_GOODS,pairwise,old_vs_new,PPIITM,WPSID61,6,60,1984-09-01,1989-08-01,60,1,1,0,computed
PPI_PROCESSED_INTERMEDIATE_GOODS,pairwise,old_vs_new,PPIITM,WPSID61,6,60,1984-10-01,1989-09-01,60,1,1,0,computed
PPI_PROCESSED_INTERMEDIATE_GOODS,pairwise,old_vs_new,PPIITM,WPSID61,6,60,1984-11-01,1989-10-01,60,1,1,0,computed
PPI_PROCESSED_INTERMEDIATE_GOODS,pairwise,old_vs_new,PPIITM,WPSID61,6,60,1984-12-01,1989-11-01,60,1,1,0,computed
PPI_PROCESSED_INTERMEDIATE_GOODS,pairwise,old_vs_new,PPIITM,WPSID61,6,60,1985-01-01,1989-12-01,60,1,1,0,computed
PPI_PROCESSED_INTERMEDIATE_GOODS,pairwise,old_vs_new,PPIITM,WPSID61,6,60,1985-02-01,1990-01-01,60,1,1,0,computed
PPI_PROCESSED_INTERMEDIATE_GOODS,pairwise,old_vs_new,PPIITM,WPSID61,6,60,1985-03-01,1990-02-01,60,1,1,0,computed
PPI_PROCESSED_INTERMEDIATE_GOODS,pairwise,old_vs_new,PPIITM,WPSID61,6,60,1985-04-01,1990-03-01,60,1,1,0,computed
PPI_PROCESSED_INTERMEDIATE_GOODS,pairwise,old_vs_new,PPIITM,WPSID61,6,60,1985-05-01,1990-04-01,60,1,1,0,computed
PPI_PROCESSED_INTERMEDIATE_GOODS,pairwise,old_vs_new,PPIITM,WPSID61,6,60,1985-06-01,1990-05-01,60,1,1,0,computed
PPI_PROCESSED_INTERMEDIATE_GOODS,pairwise,old_vs_new,PPIITM,WPSID61,6,60,1985-07-01,1990-06-01,60,1,1,0,computed
PPI_PROCESSED_INTERMEDIATE_GOODS,pairwise,old_vs_new,PPIITM,WPSID61,6,60,1985-08-01,1990-07-01,60,1,1,0,computed
PPI_PROCESSED_INTERMEDIATE_GOODS,pairwise,old_vs_new,PPIITM,WPSID61,6,60,1985-09-01,1990-08-01,60,1,1,0,computed
PPI_PROCESSED_INTERMEDIATE_GOODS,pairwise,old_vs_new,PPIITM,WPSID61,6,60,1985-10-01,1990-09-01,60,1,1,0,computed
PPI_PROCESSED_INTERMEDIATE_GOODS,pairwise,old_vs_new,PPIITM,WPSID61,6,60,1985-11-01,1990-10-01,60,1,1,0,computed
PPI_PROCESSED_INTERMEDIATE_GOODS,pairwise,old_vs_new,PPIITM,WPSID61,6,60,1985-12-01,1990-11-01,60,1,1,0,computed
PPI_PROCESSED_INTERMEDIATE_GOODS,pairwise,old_vs_new,PPIITM,WPSID61,6,60,1986-01-01,1990-12-01,60,1,1,0,computed
PPI_PROCESSED_INTERMEDIATE_GOODS,pairwise,old_vs_new,PPIITM,WPSID61,6,60,1986-02-01,1991-01-01,60,1,1,0,computed
PPI_PROCESSED_INTERMEDIATE_GOODS,pairwise,old_vs_new,PPIITM,WPSID61,6,60,1986-03-01,1991-02-01,60,1,1,0,computed
PPI_PROCESSED_INTERMEDIATE_GOODS,pairwise,old_vs_new,PPIITM,WPSID61,6,60,1986-04-01,1991-03-01,60,1,1,0,computed
PPI_PROCESSED_INTERMEDIATE_GOODS,pairwise,old_vs_new,PPIITM,WPSID61,6,60,1986-05-01,1991-04-01,60,1,1,0,computed
PPI_PROCESSED_INTERMEDIATE_GOODS,pairwise,old_vs_new,PPIITM,WPSID61,6,60,1986-06-01,1991-05-01,60,1,1,0,computed
PPI_PROCESSED_INTERMEDIATE_GOODS,pairwise,old_vs_new,PPIITM,WPSID61,6,60,1986-07-01,1991-06-01,60,1,1,0,computed
PPI_PROCESSED_INTERMEDIATE_GOODS,pairwise,old_vs_new,PPIITM,WPSID61,6,60,1986-08-01,1991-07-01,60,1,1,0,computed
PPI_PROCESSED_INTERMEDIATE_GOODS,pairwise,old_vs_new,PPIITM,WPSID61,6,60,1986-09-01,1991-08-01,60,1,1,0,computed
PPI_PROCESSED_INTERMEDIATE_GOODS,pairwise,old_vs_new,PPIITM,WPSID61,6,60,1986-10-01,1991-09-01,60,1,1,0,computed
PPI_PROCESSED_INTERMEDIATE_GOODS,pairwise,old_vs_new,PPIITM,WPSID61,6,60,1986-11-01,1991-10-01,60,1,1,0,computed
PPI_PROCESSED_INTERMEDIATE_GOODS,pairwise,old_vs_new,PPIITM,WPSID61,6,60,1986-12-01,1991-11-01,60,1,1,0,computed
PPI_PROCESSED_INTERMEDIATE_GOODS,pairwise,old_vs_new,PPIITM,WPSID61,6,60,1987-01-01,1991-12-01,60,1,1,0,computed
PPI_PROCESSED_INTERMEDIATE_GOODS,pairwise,old_vs_new,PPIITM,WPSID61,6,60,1987-02-01,1992-01-01,60,1,1,0,computed
PPI_PROCESSED_INTERMEDIATE_GOODS,pairwise,old_vs_new,PPIITM,WPSID61,6,60,1987-03-01,1992-02-01,60,1,1,0,computed
PPI_PROCESSED_INTERMEDIATE_GOODS,pairwise,old_vs_new,PPIITM,WPSID61,6,60,1987-04-01,1992-03-01,60,1,1,0,computed
PPI_PROCESSED_INTERMEDIATE_GOODS,pairwise,old_vs_new,PPIITM,WPSID61,6,60,1987-05-01,1992-04-01,60,1,1,0,computed
PPI_PROCESSED_INTERMEDIATE_GOODS,pairwise,old_vs_new,PPIITM,WPSID61,6,60,1987-06-01,1992-05-01,60,1,1,0,computed
PPI_PROCESSED_INTERMEDIATE_GOODS,pairwise,old_vs_new,PPIITM,WPSID61,6,60,1987-07-01,1992-06-01,60,1,1,0,computed
PPI_PROCESSED_INTERMEDIATE_GOODS,pairwise,old_vs_new,PPIITM,WPSID61,6,60,1987-08-01,1992-07-01,60,1,1,0,computed
PPI_PROCESSED_INTERMEDIATE_GOODS,pairwise,old_vs_new,PPIITM,WPSID61,6,60,1987-09-01,1992-08-01,60,1,1,0,computed
PPI_PROCESSED_INTERMEDIATE_GOODS,pairwise,old_vs_new,PPIITM,WPSID61,6,60,1987-10-01,1992-09-01,60,1,1,0,computed
PPI_PROCESSED_INTERMEDIATE_GOODS,pairwise,old_vs_new,PPIITM,WPSID61,6,60,1987-11-01,1992-10-01,60,1,1,0,computed
PPI_PROCESSED_INTERMEDIATE_GOODS,pairwise,old_vs_new,PPIITM,WPSID61,6,60,1987-12-01,1992-11-01,60,1,1,0,computed
PPI_PROCESSED_INTERMEDIATE_GOODS,pairwise,old_vs_new,PPIITM,WPSID61,6,60,1988-01-01,1992-12-01,60,1,1,0,computed
PPI_PROCESSED_INTERMEDIATE_GOODS,pairwise,old_vs_new,PPIITM,WPSID61,6,60,1988-02-01,1993-01-01,60,1,1,0,computed
PPI_PROCESSED_INTERMEDIATE_GOODS,pairwise,old_vs_new,PPIITM,WPSID61,6,60,1988-03-01,1993-02-01,60,1,1,0,computed
PPI_PROCESSED_INTERMEDIATE_GOODS,pairwise,old_vs_new,PPIITM,WPSID61,6,60,1988-04-01,1993-03-01,60,1,1,0,computed
PPI_PROCESSED_INTERMEDIATE_GOODS,pairwise,old_vs_new,PPIITM,WPSID61,6,60,1988-05-01,1993-04-01,60,1,1,0,computed
PPI_PROCESSED_INTERMEDIATE_GOODS,pairwise,old_vs_new,PPIITM,WPSID61,6,60,1988-06-01,1993-05-01,60,1,1,0,computed
PPI_PROCESSED_INTERMEDIATE_GOODS,pairwise,old_vs_new,PPIITM,WPSID61,6,60,1988-07-01,1993-06-01,60,1,1,0,computed
PPI_PROCESSED_INTERMEDIATE_GOODS,pairwise,old_vs_new,PPIITM,WPSID61,6,60,1988-08-01,1993-07-01,60,1,1,0,computed
PPI_PROCESSED_INTERMEDIATE_GOODS,pairwise,old_vs_new,PPIITM,WPSID61,6,60,1988-09-01,1993-08-01,60,1,1,0,computed
PPI_PROCESSED_INTERMEDIATE_GOODS,pairwise,old_vs_new,PPIITM,WPSID61,6,60,1988-10-01,1993-09-01,60,1,1,0,computed
PPI_PROCESSED_INTERMEDIATE_GOODS,pairwise,old_vs_new,PPIITM,WPSID61,6,60,1988-11-01,1993-10-01,60,1,1,0,computed
PPI_PROCESSED_INTERMEDIATE_GOODS,pairwise,old_vs_new,PPIITM,WPSID61,6,60,1988-12-01,1993-11-01,60,1,1,0,computed
PPI_PROCESSED_INTERMEDIATE_GOODS,pairwise,old_vs_new,PPIITM,WPSID61,6,60,1989-01-01,1993-12-01,60,1,1,0,computed
PPI_PROCESSED_INTERMEDIATE_GOODS,pairwise,old_vs_new,PPIITM,WPSID61,6,60,1989-02-01,1994-01-01,60,1,1,0,computed
PPI_PROCESSED_INTERMEDIATE_GOODS,pairwise,old_vs_new,PPIITM,WPSID61,6,60,1989-03-01,1994-02-01,60,1,1,0,computed
PPI_PROCESSED_INTERMEDIATE_GOODS,pairwise,old_vs_new,PPIITM,WPSID61,6,60,1989-04-01,1994-03-01,60,1,1,0,computed
PPI_PROCESSED_INTERMEDIATE_GOODS,pairwise,old_vs_new,PPIITM,WPSID61,6,60,1989-05-01,1994-04-01,60,1,1,0,computed
PPI_PROCESSED_INTERMEDIATE_GOODS,pairwise,old_vs_new,PPIITM,WPSID61,6,60,1989-06-01,1994-05-01,60,1,1,0,computed
PPI_PROCESSED_INTERMEDIATE_GOODS,pairwise,old_vs_new,PPIITM,WPSID61,6,60,1989-07-01,1994-06-01,60,1,1,0,computed
PPI_PROCESSED_INTERMEDIATE_GOODS,pairwise,old_vs_new,PPIITM,WPSID61,6,60,1989-08-01,1994-07-01,60,1,1,0,computed
PPI_PROCESSED_INTERMEDIATE_GOODS,pairwise,old_vs_new,PPIITM,WPSID61,6,60,1989-09-01,1994-08-01,60,1,1,0,computed
PPI_PROCESSED_INTERMEDIATE_GOODS,pairwise,old_vs_new,PPIITM,WPSID61,6,60,1989-10-01,1994-09-01,60,1,1,0,computed
PPI_PROCESSED_INTERMEDIATE_GOODS,pairwise,old_vs_new,PPIITM,WPSID61,6,60,1989-11-01,1994-10-01,60,1,1,0,computed
PPI_PROCESSED_INTERMEDIATE_GOODS,pairwise,old_vs_new,PPIITM,WPSID61,6,60,1989-12-01,1994-11-01,60,1,1,0,computed
PPI_PROCESSED_INTERMEDIATE_GOODS,pairwise,old_vs_new,PPIITM,WPSID61,6,60,1990-01-01,1994-12-01,60,1,1,0,computed
PPI_PROCESSED_INTERMEDIATE_GOODS,pairwise,old_vs_new,PPIITM,WPSID61,6,60,1990-02-01,1995-01-01,60,1,1,0,computed
PPI_PROCESSED_INTERMEDIATE_GOODS,pairwise,old_vs_new,PPIITM,WPSID61,6,60,1990-03-01,1995-02-01,60,1,1,0,computed
PPI_PROCESSED_INTERMEDIATE_GOODS,pairwise,old_vs_new,PPIITM,WPSID61,6,60,1990-04-01,1995-03-01,60,1,1,0,computed
PPI_PROCESSED_INTERMEDIATE_GOODS,pairwise,old_vs_new,PPIITM,WPSID61,6,60,1990-05-01,1995-04-01,60,1,1,0,computed
PPI_PROCESSED_INTERMEDIATE_GOODS,pairwise,old_vs_new,PPIITM,WPSID61,6,60,1990-06-01,1995-05-01,60,1,1,0,computed
PPI_PROCESSED_INTERMEDIATE_GOODS,pairwise,old_vs_new,PPIITM,WPSID61,6,60,1990-07-01,1995-06-01,60,1,1,0,computed
PPI_PROCESSED_INTERMEDIATE_GOODS,pairwise,old_vs_new,PPIITM,WPSID61,6,60,1990-08-01,1995-07-01,60,1,1,0,computed
PPI_PROCESSED_INTERMEDIATE_GOODS,pairwise,old_vs_new,PPIITM,WPSID61,6,60,1990-09-01,1995-08-01,60,1,1,0,computed
PPI_PROCESSED_INTERMEDIATE_GOODS,pairwise,old_vs_new,PPIITM,WPSID61,6,60,1990-10-01,1995-09-01,60,1,1,0,computed
PPI_PROCESSED_INTERMEDIATE_GOODS,pairwise,old_vs_new,PPIITM,WPSID61,6,60,1990-11-01,1995-10-01,60,1,1,0,computed
PPI_PROCESSED_INTERMEDIATE_GOODS,pairwise,old_vs_new,PPIITM,WPSID61,6,60,1990-12-01,1995-11-01,60,1,1,0,computed
PPI_PROCESSED_INTERMEDIATE_GOODS,pairwise,old_vs_new,PPIITM,WPSID61,6,60,1991-01-01,1995-12-01,60,1,1,0,computed
PPI_PROCESSED_INTERMEDIATE_GOODS,pairwise,old_vs_new,PPIITM,WPSID61,6,60,1991-02-01,1996-01-01,60,1,1,0,computed
PPI_PROCESSED_INTERMEDIATE_GOODS,pairwise,old_vs_new,PPIITM,WPSID61,6,60,1991-03-01,1996-02-01,60,1,1,0,computed
PPI_PROCESSED_INTERMEDIATE_GOODS,pairwise,old_vs_new,PPIITM,WPSID61,6,60,1991-04-01,1996-03-01,60,1,1,0,computed
PPI_PROCESSED_INTERMEDIATE_GOODS,pairwise,old_vs_new,PPIITM,WPSID61,6,60,1991-05-01,1996-04-01,60,1,1,0,computed
PPI_PROCESSED_INTERMEDIATE_GOODS,pairwise,old_vs_new,PPIITM,WPSID61,6,60,1991-06-01,1996-05-01,60,1,1,0,computed
PPI_PROCESSED_INTERMEDIATE_GOODS,pairwise,old_vs_new,PPIITM,WPSID61,6,60,1991-07-01,1996-06-01,60,1,1,0,computed
PPI_PROCESSED_INTERMEDIATE_GOODS,pairwise,old_vs_new,PPIITM,WPSID61,6,60,1991-08-01,1996-07-01,60,1,1,0,computed
PPI_PROCESSED_INTERMEDIATE_GOODS,pairwise,old_vs_new,PPIITM,WPSID61,6,60,1991-09-01,1996-08-01,60,1,1,0,computed
PPI_PROCESSED_INTERMEDIATE_GOODS,pairwise,old_vs_new,PPIITM,WPSID61,6,60,1991-10-01,1996-09-01,60,1,1,0,computed
PPI_PROCESSED_INTERMEDIATE_GOODS,pairwise,old_vs_new,PPIITM,WPSID61,6,60,1991-11-01,1996-10-01,60,1,1,0,computed
PPI_PROCESSED_INTERMEDIATE_GOODS,pairwise,old_vs_new,PPIITM,WPSID61,6,60,1991-12-01,1996-11-01,60,1,1,0,computed
PPI_PROCESSED_INTERMEDIATE_GOODS,pairwise,old_vs_new,PPIITM,WPSID61,6,60,1992-01-01,1996-12-01,60,1,1,0,computed
PPI_PROCESSED_INTERMEDIATE_GOODS,pairwise,old_vs_new,PPIITM,WPSID61,6,60,1992-02-01,1997-01-01,60,1,1,0,computed
PPI_PROCESSED_INTERMEDIATE_GOODS,pairwise,old_vs_new,PPIITM,WPSID61,6,60,1992-03-01,1997-02-01,60,1,1,0,computed
PPI_PROCESSED_INTERMEDIATE_GOODS,pairwise,old_vs_new,PPIITM,WPSID61,6,60,1992-04-01,1997-03-01,60,1,1,0,computed
PPI_PROCESSED_INTERMEDIATE_GOODS,pairwise,old_vs_new,PPIITM,WPSID61,6,60,1992-05-01,1997-04-01,60,1,1,0,computed
PPI_PROCESSED_INTERMEDIATE_GOODS,pairwise,old_vs_new,PPIITM,WPSID61,6,60,1992-06-01,1997-05-01,60,1,1,0,computed
PPI_PROCESSED_INTERMEDIATE_GOODS,pairwise,old_vs_new,PPIITM,WPSID61,6,60,1992-07-01,1997-06-01,60,1,1,0,computed
PPI_PROCESSED_INTERMEDIATE_GOODS,pairwise,old_vs_new,PPIITM,WPSID61,6,60,1992-08-01,1997-07-01,60,1,1,0,computed
PPI_PROCESSED_INTERMEDIATE_GOODS,pairwise,old_vs_new,PPIITM,WPSID61,6,60,1992-09-01,1997-08-01,60,1,1,0,computed
PPI_PROCESSED_INTERMEDIATE_GOODS,pairwise,old_vs_new,PPIITM,WPSID61,6,60,1992-10-01,1997-09-01,60,1,1,0,computed
PPI_PROCESSED_INTERMEDIATE_GOODS,pairwise,old_vs_new,PPIITM,WPSID61,6,60,1992-11-01,1997-10-01,60,1,1,0,computed
PPI_PROCESSED_INTERMEDIATE_GOODS,pairwise,old_vs_new,PPIITM,WPSID61,6,60,1992-12-01,1997-11-01,60,1,1,0,computed
PPI_PROCESSED_INTERMEDIATE_GOODS,pairwise,old_vs_new,PPIITM,WPSID61,6,60,1993-01-01,1997-12-01,60,1,1,0,computed
PPI_PROCESSED_INTERMEDIATE_GOODS,pairwise,old_vs_new,PPIITM,WPSID61,6,60,1993-02-01,1998-01-01,60,1,1,0,computed
PPI_PROCESSED_INTERMEDIATE_GOODS,pairwise,old_vs_new,PPIITM,WPSID61,6,60,1993-03-01,1998-02-01,60,1,1,0,computed
PPI_PROCESSED_INTERMEDIATE_GOODS,pairwise,old_vs_new,PPIITM,WPSID61,6,60,1993-04-01,1998-03-01,60,1,1,0,computed
PPI_PROCESSED_INTERMEDIATE_GOODS,pairwise,old_vs_new,PPIITM,WPSID61,6,60,1993-05-01,1998-04-01,60,1,1,0,computed
PPI_PROCESSED_INTERMEDIATE_GOODS,pairwise,old_vs_new,PPIITM,WPSID61,6,60,1993-06-01,1998-05-01,60,1,1,0,computed
PPI_PROCESSED_INTERMEDIATE_GOODS,pairwise,old_vs_new,PPIITM,WPSID61,6,60,1993-07-01,1998-06-01,60,1,1,0,computed
PPI_PROCESSED_INTERMEDIATE_GOODS,pairwise,old_vs_new,PPIITM,WPSID61,6,60,1993-08-01,1998-07-01,60,1,1,0,computed
PPI_PROCESSED_INTERMEDIATE_GOODS,pairwise,old_vs_new,PPIITM,WPSID61,6,60,1993-09-01,1998-08-01,60,1,1,0,computed
PPI_PROCESSED_INTERMEDIATE_GOODS,pairwise,old_vs_new,PPIITM,WPSID61,6,60,1993-10-01,1998-09-01,60,1,1,0,computed
PPI_PROCESSED_INTERMEDIATE_GOODS,pairwise,old_vs_new,PPIITM,WPSID61,6,60,1993-11-01,1998-10-01,60,1,1,0,computed
PPI_PROCESSED_INTERMEDIATE_GOODS,pairwise,old_vs_new,PPIITM,WPSID61,6,60,1993-12-01,1998-11-01,60,1,1,0,computed
PPI_PROCESSED_INTERMEDIATE_GOODS,pairwise,old_vs_new,PPIITM,WPSID61,6,60,1994-01-01,1998-12-01,60,1,1,0,computed
PPI_PROCESSED_INTERMEDIATE_GOODS,pairwise,old_vs_new,PPIITM,WPSID61,6,60,1994-02-01,1999-01-01,60,1,1,0,computed
PPI_PROCESSED_INTERMEDIATE_GOODS,pairwise,old_vs_new,PPIITM,WPSID61,6,60,1994-03-01,1999-02-01,60,1,1,0,computed
PPI_PROCESSED_INTERMEDIATE_GOODS,pairwise,old_vs_new,PPIITM,WPSID61,6,60,1994-04-01,1999-03-01,60,1,1,0,computed
PPI_PROCESSED_INTERMEDIATE_GOODS,pairwise,old_vs_new,PPIITM,WPSID61,6,60,1994-05-01,1999-04-01,60,1,1,0,computed
PPI_PROCESSED_INTERMEDIATE_GOODS,pairwise,old_vs_new,PPIITM,WPSID61,6,60,1994-06-01,1999-05-01,60,1,1,0,computed
PPI_PROCESSED_INTERMEDIATE_GOODS,pairwise,old_vs_new,PPIITM,WPSID61,6,60,1994-07-01,1999-06-01,60,1,1,0,computed
PPI_PROCESSED_INTERMEDIATE_GOODS,pairwise,old_vs_new,PPIITM,WPSID61,6,60,1994-08-01,1999-07-01,60,1,1,0,computed
PPI_PROCESSED_INTERMEDIATE_GOODS,pairwise,old_vs_new,PPIITM,WPSID61,6,60,1994-09-01,1999-08-01,60,1,1,0,computed
PPI_PROCESSED_INTERMEDIATE_GOODS,pairwise,old_vs_new,PPIITM,WPSID61,6,60,1994-10-01,1999-09-01,60,1,1,0,computed
PPI_PROCESSED_INTERMEDIATE_GOODS,pairwise,old_vs_new,PPIITM,WPSID61,6,60,1994-11-01,1999-10-01,60,1,1,0,computed
PPI_PROCESSED_INTERMEDIATE_GOODS,pairwise,old_vs_new,PPIITM,WPSID61,6,60,1994-12-01,1999-11-01,60,1,1,0,computed
PPI_PROCESSED_INTERMEDIATE_GOODS,pairwise,old_vs_new,PPIITM,WPSID61,6,60,1995-01-01,1999-12-01,60,1,1,0,computed
PPI_PROCESSED_INTERMEDIATE_GOODS,pairwise,old_vs_new,PPIITM,WPSID61,6,60,1995-02-01,2000-01-01,60,1,1,0,computed
PPI_PROCESSED_INTERMEDIATE_GOODS,pairwise,old_vs_new,PPIITM,WPSID61,6,60,1995-03-01,2000-02-01,60,1,1,0,computed
PPI_PROCESSED_INTERMEDIATE_GOODS,pairwise,old_vs_new,PPIITM,WPSID61,6,60,1995-04-01,2000-03-01,60,1,1,0,computed
PPI_PROCESSED_INTERMEDIATE_GOODS,pairwise,old_vs_new,PPIITM,WPSID61,6,60,1995-05-01,2000-04-01,60,1,1,0,computed
PPI_PROCESSED_INTERMEDIATE_GOODS,pairwise,old_vs_new,PPIITM,WPSID61,6,60,1995-06-01,2000-05-01,60,1,1,0,computed
PPI_PROCESSED_INTERMEDIATE_GOODS,pairwise,old_vs_new,PPIITM,WPSID61,6,60,1995-07-01,2000-06-01,60,1,1,0,computed
PPI_PROCESSED_INTERMEDIATE_GOODS,pairwise,old_vs_new,PPIITM,WPSID61,6,60,1995-08-01,2000-07-01,60,1,1,0,computed
PPI_PROCESSED_INTERMEDIATE_GOODS,pairwise,old_vs_new,PPIITM,WPSID61,6,60,1995-09-01,2000-08-01,60,1,1,0,computed
PPI_PROCESSED_INTERMEDIATE_GOODS,pairwise,old_vs_new,PPIITM,WPSID61,6,60,1995-10-01,2000-09-01,60,1,1,0,computed
PPI_PROCESSED_INTERMEDIATE_GOODS,pairwise,old_vs_new,PPIITM,WPSID61,6,60,1995-11-01,2000-10-01,60,1,1,0,computed
PPI_PROCESSED_INTERMEDIATE_GOODS,pairwise,old_vs_new,PPIITM,WPSID61,6,60,1995-12-01,2000-11-01,60,1,1,0,computed
PPI_PROCESSED_INTERMEDIATE_GOODS,pairwise,old_vs_new,PPIITM,WPSID61,6,60,1996-01-01,2000-12-01,60,1,1,0,computed
PPI_PROCESSED_INTERMEDIATE_GOODS,pairwise,old_vs_new,PPIITM,WPSID61,6,60,1996-02-01,2001-01-01,60,1,1,0,computed
PPI_PROCESSED_INTERMEDIATE_GOODS,pairwise,old_vs_new,PPIITM,WPSID61,6,60,1996-03-01,2001-02-01,60,1,1,0,computed
PPI_PROCESSED_INTERMEDIATE_GOODS,pairwise,old_vs_new,PPIITM,WPSID61,6,60,1996-04-01,2001-03-01,60,1,1,0,computed
PPI_PROCESSED_INTERMEDIATE_GOODS,pairwise,old_vs_new,PPIITM,WPSID61,6,60,1996-05-01,2001-04-01,60,1,1,0,computed
PPI_PROCESSED_INTERMEDIATE_GOODS,pairwise,old_vs_new,PPIITM,WPSID61,6,60,1996-06-01,2001-05-01,60,1,1,0,computed
PPI_PROCESSED_INTERMEDIATE_GOODS,pairwise,old_vs_new,PPIITM,WPSID61,6,60,1996-07-01,2001-06-01,60,1,1,0,computed
PPI_PROCESSED_INTERMEDIATE_GOODS,pairwise,old_vs_new,PPIITM,WPSID61,6,60,1996-08-01,2001-07-01,60,1,1,0,computed
PPI_PROCESSED_INTERMEDIATE_GOODS,pairwise,old_vs_new,PPIITM,WPSID61,6,60,1996-09-01,2001-08-01,60,1,1,0,computed
PPI_PROCESSED_INTERMEDIATE_GOODS,pairwise,old_vs_new,PPIITM,WPSID61,6,60,1996-10-01,2001-09-01,60,1,1,0,computed
PPI_PROCESSED_INTERMEDIATE_GOODS,pairwise,old_vs_new,PPIITM,WPSID61,6,60,1996-11-01,2001-10-01,60,1,1,0,computed
PPI_PROCESSED_INTERMEDIATE_GOODS,pairwise,old_vs_new,PPIITM,WPSID61,6,60,1996-12-01,2001-11-01,60,1,1,0,computed
PPI_PROCESSED_INTERMEDIATE_GOODS,pairwise,old_vs_new,PPIITM,WPSID61,6,60,1997-01-01,2001-12-01,60,1,1,0,computed
PPI_PROCESSED_INTERMEDIATE_GOODS,pairwise,old_vs_new,PPIITM,WPSID61,6,60,1997-02-01,2002-01-01,60,1,1,0,computed
PPI_PROCESSED_INTERMEDIATE_GOODS,pairwise,old_vs_new,PPIITM,WPSID61,6,60,1997-03-01,2002-02-01,60,1,1,0,computed
PPI_PROCESSED_INTERMEDIATE_GOODS,pairwise,old_vs_new,PPIITM,WPSID61,6,60,1997-04-01,2002-03-01,60,1,1,0,computed
PPI_PROCESSED_INTERMEDIATE_GOODS,pairwise,old_vs_new,PPIITM,WPSID61,6,60,1997-05-01,2002-04-01,60,1,1,0,computed
PPI_PROCESSED_INTERMEDIATE_GOODS,pairwise,old_vs_new,PPIITM,WPSID61,6,60,1997-06-01,2002-05-01,60,1,1,0,computed
PPI_PROCESSED_INTERMEDIATE_GOODS,pairwise,old_vs_new,PPIITM,WPSID61,6,60,1997-07-01,2002-06-01,60,1,1,0,computed
PPI_PROCESSED_INTERMEDIATE_GOODS,pairwise,old_vs_new,PPIITM,WPSID61,6,60,1997-08-01,2002-07-01,60,1,1,0,computed
PPI_PROCESSED_INTERMEDIATE_GOODS,pairwise,old_vs_new,PPIITM,WPSID61,6,60,1997-09-01,2002-08-01,60,1,1,0,computed
PPI_PROCESSED_INTERMEDIATE_GOODS,pairwise,old_vs_new,PPIITM,WPSID61,6,60,1997-10-01,2002-09-01,60,1,1,0,computed
PPI_PROCESSED_INTERMEDIATE_GOODS,pairwise,old_vs_new,PPIITM,WPSID61,6,60,1997-11-01,2002-10-01,60,1,1,0,computed
PPI_PROCESSED_INTERMEDIATE_GOODS,pairwise,old_vs_new,PPIITM,WPSID61,6,60,1997-12-01,2002-11-01,60,1,1,0,computed
PPI_PROCESSED_INTERMEDIATE_GOODS,pairwise,old_vs_new,PPIITM,WPSID61,6,60,1998-01-01,2002-12-01,60,1,1,0,computed
PPI_PROCESSED_INTERMEDIATE_GOODS,pairwise,old_vs_new,PPIITM,WPSID61,6,60,1998-02-01,2003-01-01,60,1,1,0,computed
PPI_PROCESSED_INTERMEDIATE_GOODS,pairwise,old_vs_new,PPIITM,WPSID61,6,60,1998-03-01,2003-02-01,60,1,1,0,computed
PPI_PROCESSED_INTERMEDIATE_GOODS,pairwise,old_vs_new,PPIITM,WPSID61,6,60,1998-04-01,2003-03-01,60,1,1,0,computed
PPI_PROCESSED_INTERMEDIATE_GOODS,pairwise,old_vs_new,PPIITM,WPSID61,6,60,1998-05-01,2003-04-01,60,1,1,0,computed
PPI_PROCESSED_INTERMEDIATE_GOODS,pairwise,old_vs_new,PPIITM,WPSID61,6,60,1998-06-01,2003-05-01,60,1,1,0,computed
PPI_PROCESSED_INTERMEDIATE_GOODS,pairwise,old_vs_new,PPIITM,WPSID61,6,60,1998-07-01,2003-06-01,60,1,1,0,computed
PPI_PROCESSED_INTERMEDIATE_GOODS,pairwise,old_vs_new,PPIITM,WPSID61,6,60,1998-08-01,2003-07-01,60,1,1,0,computed
PPI_PROCESSED_INTERMEDIATE_GOODS,pairwise,old_vs_new,PPIITM,WPSID61,6,60,1998-09-01,2003-08-01,60,1,1,0,computed
PPI_PROCESSED_INTERMEDIATE_GOODS,pairwise,old_vs_new,PPIITM,WPSID61,6,60,1998-10-01,2003-09-01,60,1,1,0,computed
PPI_PROCESSED_INTERMEDIATE_GOODS,pairwise,old_vs_new,PPIITM,WPSID61,6,60,1998-11-01,2003-10-01,60,1,1,0,computed
PPI_PROCESSED_INTERMEDIATE_GOODS,pairwise,old_vs_new,PPIITM,WPSID61,6,60,1998-12-01,2003-11-01,60,1,1,0,computed
PPI_PROCESSED_INTERMEDIATE_GOODS,pairwise,old_vs_new,PPIITM,WPSID61,6,60,1999-01-01,2003-12-01,60,1,1,0,computed
PPI_PROCESSED_INTERMEDIATE_GOODS,pairwise,old_vs_new,PPIITM,WPSID61,6,60,1999-02-01,2004-01-01,60,1,1,0,computed
PPI_PROCESSED_INTERMEDIATE_GOODS,pairwise,old_vs_new,PPIITM,WPSID61,6,60,1999-03-01,2004-02-01,60,1,1,0,computed
PPI_PROCESSED_INTERMEDIATE_GOODS,pairwise,old_vs_new,PPIITM,WPSID61,6,60,1999-04-01,2004-03-01,60,1,1,0,computed
PPI_PROCESSED_INTERMEDIATE_GOODS,pairwise,old_vs_new,PPIITM,WPSID61,6,60,1999-05-01,2004-04-01,60,1,1,0,computed
PPI_PROCESSED_INTERMEDIATE_GOODS,pairwise,old_vs_new,PPIITM,WPSID61,6,60,1999-06-01,2004-05-01,60,1,1,0,computed
PPI_PROCESSED_INTERMEDIATE_GOODS,pairwise,old_vs_new,PPIITM,WPSID61,6,60,1999-07-01,2004-06-01,60,1,1,0,computed
PPI_PROCESSED_INTERMEDIATE_GOODS,pairwise,old_vs_new,PPIITM,WPSID61,6,60,1999-08-01,2004-07-01,60,1,1,0,computed
PPI_PROCESSED_INTERMEDIATE_GOODS,pairwise,old_vs_new,PPIITM,WPSID61,6,60,1999-09-01,2004-08-01,60,1,1,0,computed
PPI_PROCESSED_INTERMEDIATE_GOODS,pairwise,old_vs_new,PPIITM,WPSID61,6,60,1999-10-01,2004-09-01,60,1,1,0,computed
PPI_PROCESSED_INTERMEDIATE_GOODS,pairwise,old_vs_new,PPIITM,WPSID61,6,60,1999-11-01,2004-10-01,60,1,1,0,computed
PPI_PROCESSED_INTERMEDIATE_GOODS,pairwise,old_vs_new,PPIITM,WPSID61,6,60,1999-12-01,2004-11-01,60,1,1,0,computed
PPI_PROCESSED_INTERMEDIATE_GOODS,pairwise,old_vs_new,PPIITM,WPSID61,6,60,2000-01-01,2004-12-01,60,1,1,0,computed
PPI_PROCESSED_INTERMEDIATE_GOODS,pairwise,old_vs_new,PPIITM,WPSID61,6,60,2000-02-01,2005-01-01,60,1,1,0,computed
PPI_PROCESSED_INTERMEDIATE_GOODS,pairwise,old_vs_new,PPIITM,WPSID61,6,60,2000-03-01,2005-02-01,60,1,1,0,computed
PPI_PROCESSED_INTERMEDIATE_GOODS,pairwise,old_vs_new,PPIITM,WPSID61,6,60,2000-04-01,2005-03-01,60,1,1,0,computed
PPI_PROCESSED_INTERMEDIATE_GOODS,pairwise,old_vs_new,PPIITM,WPSID61,6,60,2000-05-01,2005-04-01,60,1,1,0,computed
PPI_PROCESSED_INTERMEDIATE_GOODS,pairwise,old_vs_new,PPIITM,WPSID61,6,60,2000-06-01,2005-05-01,60,1,1,0,computed
PPI_PROCESSED_INTERMEDIATE_GOODS,pairwise,old_vs_new,PPIITM,WPSID61,6,60,2000-07-01,2005-06-01,60,1,1,0,computed
PPI_PROCESSED_INTERMEDIATE_GOODS,pairwise,old_vs_new,PPIITM,WPSID61,6,60,2000-08-01,2005-07-01,60,1,1,0,computed
PPI_PROCESSED_INTERMEDIATE_GOODS,pairwise,old_vs_new,PPIITM,WPSID61,6,60,2000-09-01,2005-08-01,60,1,1,0,computed
PPI_PROCESSED_INTERMEDIATE_GOODS,pairwise,old_vs_new,PPIITM,WPSID61,6,60,2000-10-01,2005-09-01,60,1,1,0,computed
PPI_PROCESSED_INTERMEDIATE_GOODS,pairwise,old_vs_new,PPIITM,WPSID61,6,60,2000-11-01,2005-10-01,60,1,1,0,computed
PPI_PROCESSED_INTERMEDIATE_GOODS,pairwise,old_vs_new,PPIITM,WPSID61,6,60,2000-12-01,2005-11-01,60,1,1,0,computed
PPI_PROCESSED_INTERMEDIATE_GOODS,pairwise,old_vs_new,PPIITM,WPSID61,6,60,2001-01-01,2005-12-01,60,1,1,0,computed
PPI_PROCESSED_INTERMEDIATE_GOODS,pairwise,old_vs_new,PPIITM,WPSID61,6,60,2001-02-01,2006-01-01,60,1,1,0,computed
PPI_PROCESSED_INTERMEDIATE_GOODS,pairwise,old_vs_new,PPIITM,WPSID61,6,60,2001-03-01,2006-02-01,60,1,1,0,computed
PPI_PROCESSED_INTERMEDIATE_GOODS,pairwise,old_vs_new,PPIITM,WPSID61,6,60,2001-04-01,2006-03-01,60,1,1,0,computed
PPI_PROCESSED_INTERMEDIATE_GOODS,pairwise,old_vs_new,PPIITM,WPSID61,6,60,2001-05-01,2006-04-01,60,1,1,0,computed
PPI_PROCESSED_INTERMEDIATE_GOODS,pairwise,old_vs_new,PPIITM,WPSID61,6,60,2001-06-01,2006-05-01,60,1,1,0,computed
PPI_PROCESSED_INTERMEDIATE_GOODS,pairwise,old_vs_new,PPIITM,WPSID61,6,60,2001-07-01,2006-06-01,60,1,1,0,computed
PPI_PROCESSED_INTERMEDIATE_GOODS,pairwise,old_vs_new,PPIITM,WPSID61,6,60,2001-08-01,2006-07-01,60,1,1,0,computed
PPI_PROCESSED_INTERMEDIATE_GOODS,pairwise,old_vs_new,PPIITM,WPSID61,6,60,2001-09-01,2006-08-01,60,1,1,0,computed
PPI_PROCESSED_INTERMEDIATE_GOODS,pairwise,old_vs_new,PPIITM,WPSID61,6,60,2001-10-01,2006-09-01,60,1,1,0,computed
PPI_PROCESSED_INTERMEDIATE_GOODS,pairwise,old_vs_new,PPIITM,WPSID61,6,60,2001-11-01,2006-10-01,60,1,1,0,computed
PPI_PROCESSED_INTERMEDIATE_GOODS,pairwise,old_vs_new,PPIITM,WPSID61,6,60,2001-12-01,2006-11-01,60,1,1,0,computed
PPI_PROCESSED_INTERMEDIATE_GOODS,pairwise,old_vs_new,PPIITM,WPSID61,6,60,2002-01-01,2006-12-01,60,1,1,0,computed
PPI_PROCESSED_INTERMEDIATE_GOODS,pairwise,old_vs_new,PPIITM,WPSID61,6,60,2002-02-01,2007-01-01,60,1,1,0,computed
PPI_PROCESSED_INTERMEDIATE_GOODS,pairwise,old_vs_new,PPIITM,WPSID61,6,60,2002-03-01,2007-02-01,60,1,1,0,computed
PPI_PROCESSED_INTERMEDIATE_GOODS,pairwise,old_vs_new,PPIITM,WPSID61,6,60,2002-04-01,2007-03-01,60,1,1,0,computed
PPI_PROCESSED_INTERMEDIATE_GOODS,pairwise,old_vs_new,PPIITM,WPSID61,6,60,2002-05-01,2007-04-01,60,1,1,0,computed
PPI_PROCESSED_INTERMEDIATE_GOODS,pairwise,old_vs_new,PPIITM,WPSID61,6,60,2002-06-01,2007-05-01,60,1,1,0,computed
PPI_PROCESSED_INTERMEDIATE_GOODS,pairwise,old_vs_new,PPIITM,WPSID61,6,60,2002-07-01,2007-06-01,60,1,1,0,computed
PPI_PROCESSED_INTERMEDIATE_GOODS,pairwise,old_vs_new,PPIITM,WPSID61,6,60,2002-08-01,2007-07-01,60,1,1,0,computed
PPI_PROCESSED_INTERMEDIATE_GOODS,pairwise,old_vs_new,PPIITM,WPSID61,6,60,2002-09-01,2007-08-01,60,1,1,0,computed
PPI_PROCESSED_INTERMEDIATE_GOODS,pairwise,old_vs_new,PPIITM,WPSID61,6,60,2002-10-01,2007-09-01,60,1,1,0,computed
PPI_PROCESSED_INTERMEDIATE_GOODS,pairwise,old_vs_new,PPIITM,WPSID61,6,60,2002-11-01,2007-10-01,60,1,1,0,computed
PPI_PROCESSED_INTERMEDIATE_GOODS,pairwise,old_vs_new,PPIITM,WPSID61,6,60,2002-12-01,2007-11-01,60,1,1,0,computed
PPI_PROCESSED_INTERMEDIATE_GOODS,pairwise,old_vs_new,PPIITM,WPSID61,6,60,2003-01-01,2007-12-01,60,1,1,0,computed
PPI_PROCESSED_INTERMEDIATE_GOODS,pairwise,old_vs_new,PPIITM,WPSID61,6,60,2003-02-01,2008-01-01,60,1,1,0,computed
PPI_PROCESSED_INTERMEDIATE_GOODS,pairwise,old_vs_new,PPIITM,WPSID61,6,60,2003-03-01,2008-02-01,60,1,1,0,computed
PPI_PROCESSED_INTERMEDIATE_GOODS,pairwise,old_vs_new,PPIITM,WPSID61,6,60,2003-04-01,2008-03-01,60,1,1,0,computed
PPI_PROCESSED_INTERMEDIATE_GOODS,pairwise,old_vs_new,PPIITM,WPSID61,6,60,2003-05-01,2008-04-01,60,1,1,0,computed
PPI_PROCESSED_INTERMEDIATE_GOODS,pairwise,old_vs_new,PPIITM,WPSID61,6,60,2003-06-01,2008-05-01,60,1,1,0,computed
PPI_PROCESSED_INTERMEDIATE_GOODS,pairwise,old_vs_new,PPIITM,WPSID61,6,60,2003-07-01,2008-06-01,60,1,1,0,computed
PPI_PROCESSED_INTERMEDIATE_GOODS,pairwise,old_vs_new,PPIITM,WPSID61,6,60,2003-08-01,2008-07-01,60,1,1,0,computed
PPI_PROCESSED_INTERMEDIATE_GOODS,pairwise,old_vs_new,PPIITM,WPSID61,6,60,2003-09-01,2008-08-01,60,1,1,0,computed
PPI_PROCESSED_INTERMEDIATE_GOODS,pairwise,old_vs_new,PPIITM,WPSID61,6,60,2003-10-01,2008-09-01,60,1,1,0,computed
PPI_PROCESSED_INTERMEDIATE_GOODS,pairwise,old_vs_new,PPIITM,WPSID61,6,60,2003-11-01,2008-10-01,60,1,1,0,computed
PPI_PROCESSED_INTERMEDIATE_GOODS,pairwise,old_vs_new,PPIITM,WPSID61,6,60,2003-12-01,2008-11-01,60,1,1,0,computed
PPI_PROCESSED_INTERMEDIATE_GOODS,pairwise,old_vs_new,PPIITM,WPSID61,6,60,2004-01-01,2008-12-01,60,1,1,0,computed
PPI_PROCESSED_INTERMEDIATE_GOODS,pairwise,old_vs_new,PPIITM,WPSID61,6,60,2004-02-01,2009-01-01,60,1,1,0,computed
PPI_PROCESSED_INTERMEDIATE_GOODS,pairwise,old_vs_new,PPIITM,WPSID61,6,60,2004-03-01,2009-02-01,60,1,1,0,computed
PPI_PROCESSED_INTERMEDIATE_GOODS,pairwise,old_vs_new,PPIITM,WPSID61,6,60,2004-04-01,2009-03-01,60,1,1,0,computed
PPI_PROCESSED_INTERMEDIATE_GOODS,pairwise,old_vs_new,PPIITM,WPSID61,6,60,2004-05-01,2009-04-01,60,1,1,0,computed
PPI_PROCESSED_INTERMEDIATE_GOODS,pairwise,old_vs_new,PPIITM,WPSID61,6,60,2004-06-01,2009-05-01,60,1,1,0,computed
PPI_PROCESSED_INTERMEDIATE_GOODS,pairwise,old_vs_new,PPIITM,WPSID61,6,60,2004-07-01,2009-06-01,60,1,1,0,computed
PPI_PROCESSED_INTERMEDIATE_GOODS,pairwise,old_vs_new,PPIITM,WPSID61,6,60,2004-08-01,2009-07-01,60,1,1,0,computed
PPI_PROCESSED_INTERMEDIATE_GOODS,pairwise,old_vs_new,PPIITM,WPSID61,6,60,2004-09-01,2009-08-01,60,1,1,0,computed
PPI_PROCESSED_INTERMEDIATE_GOODS,pairwise,old_vs_new,PPIITM,WPSID61,6,60,2004-10-01,2009-09-01,60,1,1,0,computed
PPI_PROCESSED_INTERMEDIATE_GOODS,pairwise,old_vs_new,PPIITM,WPSID61,6,60,2004-11-01,2009-10-01,60,1,1,0,computed
PPI_PROCESSED_INTERMEDIATE_GOODS,pairwise,old_vs_new,PPIITM,WPSID61,6,60,2004-12-01,2009-11-01,60,1,1,0,computed
PPI_PROCESSED_INTERMEDIATE_GOODS,pairwise,old_vs_new,PPIITM,WPSID61,6,60,2005-01-01,2009-12-01,60,1,1,0,computed
PPI_PROCESSED_INTERMEDIATE_GOODS,pairwise,old_vs_new,PPIITM,WPSID61,6,60,2005-02-01,2010-01-01,60,1,1,0,computed
PPI_PROCESSED_INTERMEDIATE_GOODS,pairwise,old_vs_new,PPIITM,WPSID61,6,60,2005-03-01,2010-02-01,60,1,1,0,computed
PPI_PROCESSED_INTERMEDIATE_GOODS,pairwise,old_vs_new,PPIITM,WPSID61,6,60,2005-04-01,2010-03-01,60,1,1,0,computed
PPI_PROCESSED_INTERMEDIATE_GOODS,pairwise,old_vs_new,PPIITM,WPSID61,6,60,2005-05-01,2010-04-01,60,0.999989288042222,0.999883555795617,0.0046688633376024,computed
PPI_PROCESSED_INTERMEDIATE_GOODS,pairwise,old_vs_new,PPIITM,WPSID61,6,60,2005-06-01,2010-05-01,60,0.999945574782756,0.999521821581082,0.0104590476663999,computed
PPI_PROCESSED_INTERMEDIATE_GOODS,pairwise,old_vs_new,PPIITM,WPSID61,6,60,2005-07-01,2010-06-01,60,0.999901788964882,1.00026492434808,0.0140324689645464,computed
PPI_PROCESSED_INTERMEDIATE_GOODS,pairwise,old_vs_new,PPIITM,WPSID61,6,60,2005-08-01,2010-07-01,60,0.99985789462761,1.00054022962473,0.0168826066646112,computed
PPI_PROCESSED_INTERMEDIATE_GOODS,pairwise,old_vs_new,PPIITM,WPSID61,6,60,2005-09-01,2010-08-01,60,0.999847198714579,1.0002356315114,0.0174851394803515,computed
PPI_PROCESSED_INTERMEDIATE_GOODS,pairwise,old_vs_new,PPIITM,WPSID61,6,60,2005-10-01,2010-09-01,60,0.99984259466675,1.00024273350293,0.0177467180388194,computed
PPI_PROCESSED_INTERMEDIATE_GOODS,pairwise,old_vs_new,PPIITM,WPSID61,6,60,2005-11-01,2010-10-01,60,0.999832314690744,0.999892186234064,0.0183223135176968,computed
PPI_PROCESSED_INTERMEDIATE_GOODS,pairwise,old_vs_new,PPIITM,WPSID61,6,60,2005-12-01,2010-11-01,60,0.999753076185057,0.999507789621364,0.0222321699584609,computed
PPI_PROCESSED_INTERMEDIATE_GOODS,pairwise,old_vs_new,PPIITM,WPSID61,6,60,2006-01-01,2010-12-01,60,0.999737285941954,0.999408557322173,0.0229230704732503,computed
PPI_PROCESSED_INTERMEDIATE_GOODS,pairwise,old_vs_new,PPIITM,WPSID61,6,60,2006-02-01,2011-01-01,60,0.99973282395294,0.999398508354405,0.0231169305488247,computed
PPI_PROCESSED_INTERMEDIATE_GOODS,pairwise,old_vs_new,PPIITM,WPSID61,6,60,2006-03-01,2011-02-01,60,0.999712065981678,0.999366459950968,0.0240065157114606,computed
PPI_PROCESSED_INTERMEDIATE_GOODS,pairwise,old_vs_new,PPIITM,WPSID61,6,60,2006-04-01,2011-03-01,60,0.999698797207181,0.999378325782334,0.0245441978190635,computed
PPI_PROCESSED_INTERMEDIATE_GOODS,pairwise,old_vs_new,PPIITM,WPSID61,6,60,2006-05-01,2011-04-01,60,0.999696185325935,0.999372723723847,0.0246503902567829,computed
PPI_PROCESSED_INTERMEDIATE_GOODS,pairwise,old_vs_new,PPIITM,WPSID61,6,60,2006-06-01,2011-05-01,60,0.99968530818083,0.999553113893926,0.0250936654356409,computed
PPI_PROCESSED_INTERMEDIATE_GOODS,pairwise,old_vs_new,PPIITM,WPSID61,6,60,2006-07-01,2011-06-01,60,0.999686760712383,0.999548040220463,0.0250355714573652,computed
PPI_PROCESSED_INTERMEDIATE_GOODS,pairwise,old_vs_new,PPIITM,WPSID61,6,60,2006-08-01,2011-07-01,60,0.999686833230081,0.99955461022407,0.0250324972667988,computed
PPI_PROCESSED_INTERMEDIATE_GOODS,pairwise,old_vs_new,PPIITM,WPSID61,6,60,2006-09-01,2011-08-01,60,0.999679928349383,0.999019577034174,0.0253076470955624,computed
PPI_PROCESSED_INTERMEDIATE_GOODS,pairwise,old_vs_new,PPIITM,WPSID61,6,60,2006-10-01,2011-09-01,60,0.999663613817571,0.999566286264273,0.0259433016637956,computed
PPI_PROCESSED_INTERMEDIATE_GOODS,pairwise,old_vs_new,PPIITM,WPSID61,6,60,2006-11-01,2011-10-01,60,0.999658037603686,1.00023709600668,0.0261561311421465,computed
PPI_PROCESSED_INTERMEDIATE_GOODS,pairwise,old_vs_new,PPIITM,WPSID61,6,60,2006-12-01,2011-11-01,60,0.999642600064392,1.00071778632599,0.0267621418410249,computed
PPI_PROCESSED_INTERMEDIATE_GOODS,pairwise,old_vs_new,PPIITM,WPSID61,6,60,2007-01-01,2011-12-01,60,0.99964322102726,1.00071984766525,0.0267390256356351,computed
PPI_PROCESSED_INTERMEDIATE_GOODS,pairwise,old_vs_new,PPIITM,WPSID61,6,60,2007-02-01,2012-01-01,60,0.999641149884141,1.0007131316546,0.026816177653147,computed
PPI_PROCESSED_INTERMEDIATE_GOODS,pairwise,old_vs_new,PPIITM,WPSID61,6,60,2007-03-01,2012-02-01,60,0.999637322114047,1.00072628545458,0.0269591175175198,computed
PPI_PROCESSED_INTERMEDIATE_GOODS,pairwise,old_vs_new,PPIITM,WPSID61,6,60,2007-04-01,2012-03-01,60,0.999626900793744,1.00032900190558,0.0273231147719364,computed
PPI_PROCESSED_INTERMEDIATE_GOODS,pairwise,old_vs_new,PPIITM,WPSID61,6,60,2007-05-01,2012-04-01,60,0.999624550644613,0.999523443843245,0.0274071615147219,computed
PPI_PROCESSED_INTERMEDIATE_GOODS,pairwise,old_vs_new,PPIITM,WPSID61,6,60,2007-06-01,2012-05-01,60,0.999224160424733,1.00000160667127,0.0395095716801379,computed
PPI_PROCESSED_INTERMEDIATE_GOODS,pairwise,old_vs_new,PPIITM,WPSID61,6,60,2007-07-01,2012-06-01,60,0.999177955747145,0.999893073459438,0.040588315476459,computed
PPI_PROCESSED_INTERMEDIATE_GOODS,pairwise,old_vs_new,PPIITM,WPSID61,6,60,2007-08-01,2012-07-01,60,0.999073914777728,1.00064249781878,0.0430554684577374,computed
PPI_PROCESSED_INTERMEDIATE_GOODS,pairwise,old_vs_new,PPIITM,WPSID61,6,60,2007-09-01,2012-08-01,60,0.999014868398727,1.00191338400549,0.0444893212707517,computed
PPI_PROCESSED_INTERMEDIATE_GOODS,pairwise,old_vs_new,PPIITM,WPSID61,6,60,2007-10-01,2012-09-01,60,0.99887830719379,1.00190822713712,0.0474518856333761,computed
PPI_PROCESSED_INTERMEDIATE_GOODS,pairwise,old_vs_new,PPIITM,WPSID61,6,60,2007-11-01,2012-10-01,60,0.998873343709753,1.00151421534177,0.0475291220484084,computed
PPI_PROCESSED_INTERMEDIATE_GOODS,pairwise,old_vs_new,PPIITM,WPSID61,6,60,2007-12-01,2012-11-01,60,0.998753188529082,1.00016630294411,0.0499757627129128,computed
PPI_PROCESSED_INTERMEDIATE_GOODS,pairwise,old_vs_new,PPIITM,WPSID61,6,60,2008-01-01,2012-12-01,60,0.998595449159558,0.998816004460414,0.0529828044035167,computed
PPI_PROCESSED_INTERMEDIATE_GOODS,pairwise,old_vs_new,PPIITM,WPSID61,6,60,2008-02-01,2013-01-01,60,0.998528253089663,0.999162920699051,0.0542529436531383,computed
PPI_PROCESSED_INTERMEDIATE_GOODS,pairwise,old_vs_new,PPIITM,WPSID61,6,60,2008-03-01,2013-02-01,60,0.998530346143054,0.999138397595245,0.0542135169151868,computed
PPI_PROCESSED_INTERMEDIATE_GOODS,pairwise,old_vs_new,PPIITM,WPSID61,6,60,2008-04-01,2013-03-01,60,0.998457031977248,1.00185237108827,0.0556368434135768,computed
PPI_PROCESSED_INTERMEDIATE_GOODS,pairwise,old_vs_new,PPIITM,WPSID61,6,60,2008-05-01,2013-04-01,60,0.998249177599869,1.00260906086084,0.0593411011046332,computed
PPI_PROCESSED_INTERMEDIATE_GOODS,pairwise,old_vs_new,PPIITM,WPSID61,6,60,2008-06-01,2013-05-01,60,0.996951888311312,0.999184984655809,0.0781828190235968,computed
PPI_PROCESSED_INTERMEDIATE_GOODS,pairwise,old_vs_new,PPIITM,WPSID61,6,60,2008-07-01,2013-06-01,60,0.996738769501554,0.999275335793633,0.0807591987171159,computed
PPI_PROCESSED_INTERMEDIATE_GOODS,pairwise,old_vs_new,PPIITM,WPSID61,6,60,2008-08-01,2013-07-01,60,0.996613115509007,0.999365877989858,0.0822792543621342,computed
PPI_PROCESSED_INTERMEDIATE_GOODS,pairwise,old_vs_new,PPIITM,WPSID61,6,60,2008-09-01,2013-08-01,60,0.995926521166895,0.999281180030518,0.0902420198703198,computed
PPI_PROCESSED_INTERMEDIATE_GOODS,pairwise,old_vs_new,PPIITM,WPSID61,6,60,2008-10-01,2013-09-01,60,0.995718254289155,0.999525736496588,0.0925211512487179,computed
PPI_PROCESSED_INTERMEDIATE_GOODS,pairwise,old_vs_new,PPIITM,WPSID61,6,60,2008-11-01,2013-10-01,60,0.994364567499362,0.999434298956167,0.1061389727502,computed
PPI_PROCESSED_INTERMEDIATE_GOODS,pairwise,old_vs_new,PPIITM,WPSID61,6,60,2008-12-01,2013-11-01,60,0.993312487271094,0.998243744585911,0.115667674070154,computed
PPI_PROCESSED_INTERMEDIATE_GOODS,pairwise,old_vs_new,PPIITM,WPSID61,6,60,2009-01-01,2013-12-01,60,0.992500562347794,0.995441740987189,0.122275444493238,computed
PPI_PROCESSED_INTERMEDIATE_GOODS,pairwise,old_vs_new,PPIITM,WPSID61,6,60,2009-02-01,2014-01-01,60,0.989405961328408,0.993560594219055,0.145234654516085,computed
PPI_PROCESSED_INTERMEDIATE_GOODS,pairwise,old_vs_new,PPIITM,WPSID61,6,60,2009-03-01,2014-02-01,60,0.989129147710542,0.992369226133995,0.147097953373529,computed
PPI_PROCESSED_INTERMEDIATE_GOODS,pairwise,old_vs_new,PPIITM,WPSID61,6,60,2009-04-01,2014-03-01,60,0.989021111807335,0.992275431951765,0.147823033008648,computed
PPI_PROCESSED_INTERMEDIATE_GOODS,pairwise,old_vs_new,PPIITM,WPSID61,6,60,2009-05-01,2014-04-01,60,0.988210930726611,0.991851877184194,0.153194744470443,computed
PPI_PROCESSED_INTERMEDIATE_GOODS,pairwise,old_vs_new,PPIITM,WPSID61,6,60,2009-06-01,2014-05-01,60,0.982155579639048,0.995960790177222,0.188847489522748,computed
PPI_PROCESSED_INTERMEDIATE_GOODS,pairwise,old_vs_new,PPIITM,WPSID61,6,60,2009-07-01,2014-06-01,60,0.981361933714725,0.99663202326962,0.19287160598902,computed
PPI_PROCESSED_INTERMEDIATE_GOODS,pairwise,old_vs_new,PPIITM,WPSID61,6,60,2009-08-01,2014-07-01,60,0.978646526572169,0.997362705041899,0.20640075436866,computed
PPI_PROCESSED_INTERMEDIATE_GOODS,pairwise,old_vs_new,PPIITM,WPSID61,6,60,2009-09-01,2014-08-01,60,0.975864054542713,0.996619840818235,0.219388710678871,computed
PPI_PROCESSED_INTERMEDIATE_GOODS,pairwise,old_vs_new,PPIITM,WPSID61,6,60,2009-10-01,2014-09-01,60,0.973997764195248,0.997575570040661,0.227784126685472,computed
PPI_PROCESSED_INTERMEDIATE_GOODS,pairwise,old_vs_new,PPIITM,WPSID61,6,60,2009-11-01,2014-10-01,60,0.974424904912824,0.996455346901768,0.225790715308379,computed
PPI_PROCESSED_INTERMEDIATE_GOODS,pairwise,old_vs_new,PPIITM,WPSID61,6,60,2009-12-01,2014-11-01,60,0.973010629283782,0.997209213593755,0.23209834123818,computed
PPI_PROCESSED_INTERMEDIATE_GOODS,pairwise,old_vs_new,PPIITM,WPSID61,6,60,2010-01-01,2014-12-01,60,0.972340545044256,1.00378294384992,0.235674541141896,computed
PPI_PROCESSED_INTERMEDIATE_GOODS,pairwise,old_vs_new,PPIITM,WPSID61,6,60,2010-02-01,2015-01-01,60,0.971297466044098,1.00499801126453,0.240246588662232,computed
PPI_PROCESSED_INTERMEDIATE_GOODS,pairwise,old_vs_new,PPIITM,WPSID61,6,60,2010-03-01,2015-02-01,60,0.971459081456145,1.01889169377049,0.241931637596562,computed
PPI_PROCESSED_INTERMEDIATE_GOODS,pairwise,old_vs_new,PPIITM,WPSID61,6,60,2010-04-01,2015-03-01,60,0.970989457821583,1.01867983680638,0.243844460021985,computed
PPI_PROCESSED_INTERMEDIATE_GOODS,pairwise,old_vs_new,PPIITM,WPSID61,6,60,2010-05-01,2015-04-01,60,0.971261808402106,1.02016024446681,0.242998538010923,computed
PPI_PROCESSED_INTERMEDIATE_GOODS,pairwise,old_vs_new,PPIITM,WPSID61,6,60,2010-06-01,2015-05-01,60,0.970641832639257,0.999378725249136,0.242429856034159,computed
PPI_PROCESSED_INTERMEDIATE_GOODS,pairwise,old_vs_new,PPIITM,WPSID61,6,60,2010-07-01,2015-06-01,60,0.969706918970841,0.994446147681777,0.245546067476044,computed
PPI_PROCESSED_INTERMEDIATE_GOODS,pairwise,old_vs_new,PPIITM,WPSID61,6,60,2010-08-01,2015-07-01,60,0.969618930298372,0.988983514545684,0.245388815151359,computed
PPI_PROCESSED_INTERMEDIATE_GOODS,pairwise,old_vs_new,PPIITM,WPSID61,6,60,2010-09-01,2015-08-01,60,0.969057116246915,0.987560992280691,0.247554551364753,computed
PPI_PROCESSED_INTERMEDIATE_GOODS,pairwise,old_vs_new,PPIITM,WPSID61,6,60,2010-10-01,2015-09-01,60,0.968215961066215,0.99206957295995,0.251262522238772,computed
PPI_PROCESSED_INTERMEDIATE_GOODS,pairwise,old_vs_new,PPIITM,WPSID61,6,60,2010-11-01,2015-10-01,60,0.968359292233094,0.995093724455035,0.250988070382887,computed
PPI_PROCESSED_INTERMEDIATE_GOODS,pairwise,old_vs_new,PPIITM,WPSID61,6,60,2010-12-01,2015-11-01,60,0.967324344304852,0.995335837802422,0.255110783152609,computed
PPI_PROCESSED_INTERMEDIATE_GOODS,pairwise,old_vs_new,PPIITM,WPSID61,6,60,2011-01-01,2015-12-01,60,0.965368745609106,1.0014864440732,0.263403659557335,computed
PPI_UNPROCESSED_INTERMEDIATE_GOODS,pairwise,old_vs_new,PPICRM,WPSID62,6,60,1947-06-01,1952-05-01,60,1,1,0,computed
PPI_UNPROCESSED_INTERMEDIATE_GOODS,pairwise,old_vs_new,PPICRM,WPSID62,6,60,1947-07-01,1952-06-01,60,1,1,0,computed
PPI_UNPROCESSED_INTERMEDIATE_GOODS,pairwise,old_vs_new,PPICRM,WPSID62,6,60,1947-08-01,1952-07-01,60,1,1,0,computed
PPI_UNPROCESSED_INTERMEDIATE_GOODS,pairwise,old_vs_new,PPICRM,WPSID62,6,60,1947-09-01,1952-08-01,60,1,1,0,computed
PPI_UNPROCESSED_INTERMEDIATE_GOODS,pairwise,old_vs_new,PPICRM,WPSID62,6,60,1947-10-01,1952-09-01,60,1,1,0,computed
PPI_UNPROCESSED_INTERMEDIATE_GOODS,pairwise,old_vs_new,PPICRM,WPSID62,6,60,1947-11-01,1952-10-01,60,1,1,0,computed
PPI_UNPROCESSED_INTERMEDIATE_GOODS,pairwise,old_vs_new,PPICRM,WPSID62,6,60,1947-12-01,1952-11-01,60,1,1,0,computed
PPI_UNPROCESSED_INTERMEDIATE_GOODS,pairwise,old_vs_new,PPICRM,WPSID62,6,60,1948-01-01,1952-12-01,60,1,1,0,computed
PPI_UNPROCESSED_INTERMEDIATE_GOODS,pairwise,old_vs_new,PPICRM,WPSID62,6,60,1948-02-01,1953-01-01,60,1,1,0,computed
PPI_UNPROCESSED_INTERMEDIATE_GOODS,pairwise,old_vs_new,PPICRM,WPSID62,6,60,1948-03-01,1953-02-01,60,1,1,0,computed
PPI_UNPROCESSED_INTERMEDIATE_GOODS,pairwise,old_vs_new,PPICRM,WPSID62,6,60,1948-04-01,1953-03-01,60,1,1,0,computed
PPI_UNPROCESSED_INTERMEDIATE_GOODS,pairwise,old_vs_new,PPICRM,WPSID62,6,60,1948-05-01,1953-04-01,60,1,1,0,computed
PPI_UNPROCESSED_INTERMEDIATE_GOODS,pairwise,old_vs_new,PPICRM,WPSID62,6,60,1948-06-01,1953-05-01,60,1,1,0,computed
PPI_UNPROCESSED_INTERMEDIATE_GOODS,pairwise,old_vs_new,PPICRM,WPSID62,6,60,1948-07-01,1953-06-01,60,1,1,0,computed
PPI_UNPROCESSED_INTERMEDIATE_GOODS,pairwise,old_vs_new,PPICRM,WPSID62,6,60,1948-08-01,1953-07-01,60,1,1,0,computed
PPI_UNPROCESSED_INTERMEDIATE_GOODS,pairwise,old_vs_new,PPICRM,WPSID62,6,60,1948-09-01,1953-08-01,60,1,1,0,computed
PPI_UNPROCESSED_INTERMEDIATE_GOODS,pairwise,old_vs_new,PPICRM,WPSID62,6,60,1948-10-01,1953-09-01,60,1,1,0,computed
PPI_UNPROCESSED_INTERMEDIATE_GOODS,pairwise,old_vs_new,PPICRM,WPSID62,6,60,1948-11-01,1953-10-01,60,1,1,0,computed
PPI_UNPROCESSED_INTERMEDIATE_GOODS,pairwise,old_vs_new,PPICRM,WPSID62,6,60,1948-12-01,1953-11-01,60,1,1,0,computed
PPI_UNPROCESSED_INTERMEDIATE_GOODS,pairwise,old_vs_new,PPICRM,WPSID62,6,60,1949-01-01,1953-12-01,60,1,1,0,computed
PPI_UNPROCESSED_INTERMEDIATE_GOODS,pairwise,old_vs_new,PPICRM,WPSID62,6,60,1949-02-01,1954-01-01,60,1,1,0,computed
PPI_UNPROCESSED_INTERMEDIATE_GOODS,pairwise,old_vs_new,PPICRM,WPSID62,6,60,1949-03-01,1954-02-01,60,1,1,0,computed
PPI_UNPROCESSED_INTERMEDIATE_GOODS,pairwise,old_vs_new,PPICRM,WPSID62,6,60,1949-04-01,1954-03-01,60,1,1,0,computed
PPI_UNPROCESSED_INTERMEDIATE_GOODS,pairwise,old_vs_new,PPICRM,WPSID62,6,60,1949-05-01,1954-04-01,60,1,1,0,computed
PPI_UNPROCESSED_INTERMEDIATE_GOODS,pairwise,old_vs_new,PPICRM,WPSID62,6,60,1949-06-01,1954-05-01,60,1,1,0,computed
PPI_UNPROCESSED_INTERMEDIATE_GOODS,pairwise,old_vs_new,PPICRM,WPSID62,6,60,1949-07-01,1954-06-01,60,1,1,0,computed
PPI_UNPROCESSED_INTERMEDIATE_GOODS,pairwise,old_vs_new,PPICRM,WPSID62,6,60,1949-08-01,1954-07-01,60,1,1,0,computed
PPI_UNPROCESSED_INTERMEDIATE_GOODS,pairwise,old_vs_new,PPICRM,WPSID62,6,60,1949-09-01,1954-08-01,60,1,1,0,computed
PPI_UNPROCESSED_INTERMEDIATE_GOODS,pairwise,old_vs_new,PPICRM,WPSID62,6,60,1949-10-01,1954-09-01,60,1,1,0,computed
PPI_UNPROCESSED_INTERMEDIATE_GOODS,pairwise,old_vs_new,PPICRM,WPSID62,6,60,1949-11-01,1954-10-01,60,1,1,0,computed
PPI_UNPROCESSED_INTERMEDIATE_GOODS,pairwise,old_vs_new,PPICRM,WPSID62,6,60,1949-12-01,1954-11-01,60,1,1,0,computed
PPI_UNPROCESSED_INTERMEDIATE_GOODS,pairwise,old_vs_new,PPICRM,WPSID62,6,60,1950-01-01,1954-12-01,60,1,1,0,computed
PPI_UNPROCESSED_INTERMEDIATE_GOODS,pairwise,old_vs_new,PPICRM,WPSID62,6,60,1950-02-01,1955-01-01,60,1,1,0,computed
PPI_UNPROCESSED_INTERMEDIATE_GOODS,pairwise,old_vs_new,PPICRM,WPSID62,6,60,1950-03-01,1955-02-01,60,1,1,0,computed
PPI_UNPROCESSED_INTERMEDIATE_GOODS,pairwise,old_vs_new,PPICRM,WPSID62,6,60,1950-04-01,1955-03-01,60,1,1,0,computed
PPI_UNPROCESSED_INTERMEDIATE_GOODS,pairwise,old_vs_new,PPICRM,WPSID62,6,60,1950-05-01,1955-04-01,60,1,1,0,computed
PPI_UNPROCESSED_INTERMEDIATE_GOODS,pairwise,old_vs_new,PPICRM,WPSID62,6,60,1950-06-01,1955-05-01,60,1,1,0,computed
PPI_UNPROCESSED_INTERMEDIATE_GOODS,pairwise,old_vs_new,PPICRM,WPSID62,6,60,1950-07-01,1955-06-01,60,1,1,0,computed
PPI_UNPROCESSED_INTERMEDIATE_GOODS,pairwise,old_vs_new,PPICRM,WPSID62,6,60,1950-08-01,1955-07-01,60,1,1,0,computed
PPI_UNPROCESSED_INTERMEDIATE_GOODS,pairwise,old_vs_new,PPICRM,WPSID62,6,60,1950-09-01,1955-08-01,60,1,1,0,computed
PPI_UNPROCESSED_INTERMEDIATE_GOODS,pairwise,old_vs_new,PPICRM,WPSID62,6,60,1950-10-01,1955-09-01,60,1,1,0,computed
PPI_UNPROCESSED_INTERMEDIATE_GOODS,pairwise,old_vs_new,PPICRM,WPSID62,6,60,1950-11-01,1955-10-01,60,1,1,0,computed
PPI_UNPROCESSED_INTERMEDIATE_GOODS,pairwise,old_vs_new,PPICRM,WPSID62,6,60,1950-12-01,1955-11-01,60,1,1,0,computed
PPI_UNPROCESSED_INTERMEDIATE_GOODS,pairwise,old_vs_new,PPICRM,WPSID62,6,60,1951-01-01,1955-12-01,60,1,1,0,computed
PPI_UNPROCESSED_INTERMEDIATE_GOODS,pairwise,old_vs_new,PPICRM,WPSID62,6,60,1951-02-01,1956-01-01,60,1,1,0,computed
PPI_UNPROCESSED_INTERMEDIATE_GOODS,pairwise,old_vs_new,PPICRM,WPSID62,6,60,1951-03-01,1956-02-01,60,1,1,0,computed
PPI_UNPROCESSED_INTERMEDIATE_GOODS,pairwise,old_vs_new,PPICRM,WPSID62,6,60,1951-04-01,1956-03-01,60,1,1,0,computed
PPI_UNPROCESSED_INTERMEDIATE_GOODS,pairwise,old_vs_new,PPICRM,WPSID62,6,60,1951-05-01,1956-04-01,60,1,1,0,computed
PPI_UNPROCESSED_INTERMEDIATE_GOODS,pairwise,old_vs_new,PPICRM,WPSID62,6,60,1951-06-01,1956-05-01,60,1,1,0,computed
PPI_UNPROCESSED_INTERMEDIATE_GOODS,pairwise,old_vs_new,PPICRM,WPSID62,6,60,1951-07-01,1956-06-01,60,1,1,0,computed
PPI_UNPROCESSED_INTERMEDIATE_GOODS,pairwise,old_vs_new,PPICRM,WPSID62,6,60,1951-08-01,1956-07-01,60,1,1,0,computed
PPI_UNPROCESSED_INTERMEDIATE_GOODS,pairwise,old_vs_new,PPICRM,WPSID62,6,60,1951-09-01,1956-08-01,60,1,1,0,computed
PPI_UNPROCESSED_INTERMEDIATE_GOODS,pairwise,old_vs_new,PPICRM,WPSID62,6,60,1951-10-01,1956-09-01,60,1,1,0,computed
PPI_UNPROCESSED_INTERMEDIATE_GOODS,pairwise,old_vs_new,PPICRM,WPSID62,6,60,1951-11-01,1956-10-01,60,1,1,0,computed
PPI_UNPROCESSED_INTERMEDIATE_GOODS,pairwise,old_vs_new,PPICRM,WPSID62,6,60,1951-12-01,1956-11-01,60,1,1,0,computed
PPI_UNPROCESSED_INTERMEDIATE_GOODS,pairwise,old_vs_new,PPICRM,WPSID62,6,60,1952-01-01,1956-12-01,60,1,1,0,computed
PPI_UNPROCESSED_INTERMEDIATE_GOODS,pairwise,old_vs_new,PPICRM,WPSID62,6,60,1952-02-01,1957-01-01,60,1,1,0,computed
PPI_UNPROCESSED_INTERMEDIATE_GOODS,pairwise,old_vs_new,PPICRM,WPSID62,6,60,1952-03-01,1957-02-01,60,1,1,0,computed
PPI_UNPROCESSED_INTERMEDIATE_GOODS,pairwise,old_vs_new,PPICRM,WPSID62,6,60,1952-04-01,1957-03-01,60,1,1,0,computed
PPI_UNPROCESSED_INTERMEDIATE_GOODS,pairwise,old_vs_new,PPICRM,WPSID62,6,60,1952-05-01,1957-04-01,60,1,1,0,computed
PPI_UNPROCESSED_INTERMEDIATE_GOODS,pairwise,old_vs_new,PPICRM,WPSID62,6,60,1952-06-01,1957-05-01,60,1,1,0,computed
PPI_UNPROCESSED_INTERMEDIATE_GOODS,pairwise,old_vs_new,PPICRM,WPSID62,6,60,1952-07-01,1957-06-01,60,1,1,0,computed
PPI_UNPROCESSED_INTERMEDIATE_GOODS,pairwise,old_vs_new,PPICRM,WPSID62,6,60,1952-08-01,1957-07-01,60,1,1,0,computed
PPI_UNPROCESSED_INTERMEDIATE_GOODS,pairwise,old_vs_new,PPICRM,WPSID62,6,60,1952-09-01,1957-08-01,60,1,1,0,computed
PPI_UNPROCESSED_INTERMEDIATE_GOODS,pairwise,old_vs_new,PPICRM,WPSID62,6,60,1952-10-01,1957-09-01,60,1,1,0,computed
PPI_UNPROCESSED_INTERMEDIATE_GOODS,pairwise,old_vs_new,PPICRM,WPSID62,6,60,1952-11-01,1957-10-01,60,1,1,0,computed
PPI_UNPROCESSED_INTERMEDIATE_GOODS,pairwise,old_vs_new,PPICRM,WPSID62,6,60,1952-12-01,1957-11-01,60,1,1,0,computed
PPI_UNPROCESSED_INTERMEDIATE_GOODS,pairwise,old_vs_new,PPICRM,WPSID62,6,60,1953-01-01,1957-12-01,60,1,1,0,computed
PPI_UNPROCESSED_INTERMEDIATE_GOODS,pairwise,old_vs_new,PPICRM,WPSID62,6,60,1953-02-01,1958-01-01,60,1,1,0,computed
PPI_UNPROCESSED_INTERMEDIATE_GOODS,pairwise,old_vs_new,PPICRM,WPSID62,6,60,1953-03-01,1958-02-01,60,1,1,0,computed
PPI_UNPROCESSED_INTERMEDIATE_GOODS,pairwise,old_vs_new,PPICRM,WPSID62,6,60,1953-04-01,1958-03-01,60,1,1,0,computed
PPI_UNPROCESSED_INTERMEDIATE_GOODS,pairwise,old_vs_new,PPICRM,WPSID62,6,60,1953-05-01,1958-04-01,60,1,1,0,computed
PPI_UNPROCESSED_INTERMEDIATE_GOODS,pairwise,old_vs_new,PPICRM,WPSID62,6,60,1953-06-01,1958-05-01,60,1,1,0,computed
PPI_UNPROCESSED_INTERMEDIATE_GOODS,pairwise,old_vs_new,PPICRM,WPSID62,6,60,1953-07-01,1958-06-01,60,1,1,0,computed
PPI_UNPROCESSED_INTERMEDIATE_GOODS,pairwise,old_vs_new,PPICRM,WPSID62,6,60,1953-08-01,1958-07-01,60,1,1,0,computed
PPI_UNPROCESSED_INTERMEDIATE_GOODS,pairwise,old_vs_new,PPICRM,WPSID62,6,60,1953-09-01,1958-08-01,60,1,1,0,computed
PPI_UNPROCESSED_INTERMEDIATE_GOODS,pairwise,old_vs_new,PPICRM,WPSID62,6,60,1953-10-01,1958-09-01,60,1,1,0,computed
PPI_UNPROCESSED_INTERMEDIATE_GOODS,pairwise,old_vs_new,PPICRM,WPSID62,6,60,1953-11-01,1958-10-01,60,1,1,0,computed
PPI_UNPROCESSED_INTERMEDIATE_GOODS,pairwise,old_vs_new,PPICRM,WPSID62,6,60,1953-12-01,1958-11-01,60,1,1,0,computed
PPI_UNPROCESSED_INTERMEDIATE_GOODS,pairwise,old_vs_new,PPICRM,WPSID62,6,60,1954-01-01,1958-12-01,60,1,1,0,computed
PPI_UNPROCESSED_INTERMEDIATE_GOODS,pairwise,old_vs_new,PPICRM,WPSID62,6,60,1954-02-01,1959-01-01,60,1,1,0,computed
PPI_UNPROCESSED_INTERMEDIATE_GOODS,pairwise,old_vs_new,PPICRM,WPSID62,6,60,1954-03-01,1959-02-01,60,1,1,0,computed
PPI_UNPROCESSED_INTERMEDIATE_GOODS,pairwise,old_vs_new,PPICRM,WPSID62,6,60,1954-04-01,1959-03-01,60,1,1,0,computed
PPI_UNPROCESSED_INTERMEDIATE_GOODS,pairwise,old_vs_new,PPICRM,WPSID62,6,60,1954-05-01,1959-04-01,60,1,1,0,computed
PPI_UNPROCESSED_INTERMEDIATE_GOODS,pairwise,old_vs_new,PPICRM,WPSID62,6,60,1954-06-01,1959-05-01,60,1,1,0,computed
PPI_UNPROCESSED_INTERMEDIATE_GOODS,pairwise,old_vs_new,PPICRM,WPSID62,6,60,1954-07-01,1959-06-01,60,1,1,0,computed
PPI_UNPROCESSED_INTERMEDIATE_GOODS,pairwise,old_vs_new,PPICRM,WPSID62,6,60,1954-08-01,1959-07-01,60,1,1,0,computed
PPI_UNPROCESSED_INTERMEDIATE_GOODS,pairwise,old_vs_new,PPICRM,WPSID62,6,60,1954-09-01,1959-08-01,60,1,1,0,computed
PPI_UNPROCESSED_INTERMEDIATE_GOODS,pairwise,old_vs_new,PPICRM,WPSID62,6,60,1954-10-01,1959-09-01,60,1,1,0,computed
PPI_UNPROCESSED_INTERMEDIATE_GOODS,pairwise,old_vs_new,PPICRM,WPSID62,6,60,1954-11-01,1959-10-01,60,1,1,0,computed
PPI_UNPROCESSED_INTERMEDIATE_GOODS,pairwise,old_vs_new,PPICRM,WPSID62,6,60,1954-12-01,1959-11-01,60,1,1,0,computed
PPI_UNPROCESSED_INTERMEDIATE_GOODS,pairwise,old_vs_new,PPICRM,WPSID62,6,60,1955-01-01,1959-12-01,60,1,1,0,computed
PPI_UNPROCESSED_INTERMEDIATE_GOODS,pairwise,old_vs_new,PPICRM,WPSID62,6,60,1955-02-01,1960-01-01,60,1,1,0,computed
PPI_UNPROCESSED_INTERMEDIATE_GOODS,pairwise,old_vs_new,PPICRM,WPSID62,6,60,1955-03-01,1960-02-01,60,1,1,0,computed
PPI_UNPROCESSED_INTERMEDIATE_GOODS,pairwise,old_vs_new,PPICRM,WPSID62,6,60,1955-04-01,1960-03-01,60,1,1,0,computed
PPI_UNPROCESSED_INTERMEDIATE_GOODS,pairwise,old_vs_new,PPICRM,WPSID62,6,60,1955-05-01,1960-04-01,60,1,1,0,computed
PPI_UNPROCESSED_INTERMEDIATE_GOODS,pairwise,old_vs_new,PPICRM,WPSID62,6,60,1955-06-01,1960-05-01,60,1,1,0,computed
PPI_UNPROCESSED_INTERMEDIATE_GOODS,pairwise,old_vs_new,PPICRM,WPSID62,6,60,1955-07-01,1960-06-01,60,1,1,0,computed
PPI_UNPROCESSED_INTERMEDIATE_GOODS,pairwise,old_vs_new,PPICRM,WPSID62,6,60,1955-08-01,1960-07-01,60,1,1,0,computed
PPI_UNPROCESSED_INTERMEDIATE_GOODS,pairwise,old_vs_new,PPICRM,WPSID62,6,60,1955-09-01,1960-08-01,60,1,1,0,computed
PPI_UNPROCESSED_INTERMEDIATE_GOODS,pairwise,old_vs_new,PPICRM,WPSID62,6,60,1955-10-01,1960-09-01,60,1,1,0,computed
PPI_UNPROCESSED_INTERMEDIATE_GOODS,pairwise,old_vs_new,PPICRM,WPSID62,6,60,1955-11-01,1960-10-01,60,1,1,0,computed
PPI_UNPROCESSED_INTERMEDIATE_GOODS,pairwise,old_vs_new,PPICRM,WPSID62,6,60,1955-12-01,1960-11-01,60,1,1,0,computed
PPI_UNPROCESSED_INTERMEDIATE_GOODS,pairwise,old_vs_new,PPICRM,WPSID62,6,60,1956-01-01,1960-12-01,60,1,1,0,computed
PPI_UNPROCESSED_INTERMEDIATE_GOODS,pairwise,old_vs_new,PPICRM,WPSID62,6,60,1956-02-01,1961-01-01,60,1,1,0,computed
PPI_UNPROCESSED_INTERMEDIATE_GOODS,pairwise,old_vs_new,PPICRM,WPSID62,6,60,1956-03-01,1961-02-01,60,1,1,0,computed
PPI_UNPROCESSED_INTERMEDIATE_GOODS,pairwise,old_vs_new,PPICRM,WPSID62,6,60,1956-04-01,1961-03-01,60,1,1,0,computed
PPI_UNPROCESSED_INTERMEDIATE_GOODS,pairwise,old_vs_new,PPICRM,WPSID62,6,60,1956-05-01,1961-04-01,60,1,1,0,computed
PPI_UNPROCESSED_INTERMEDIATE_GOODS,pairwise,old_vs_new,PPICRM,WPSID62,6,60,1956-06-01,1961-05-01,60,1,1,0,computed
PPI_UNPROCESSED_INTERMEDIATE_GOODS,pairwise,old_vs_new,PPICRM,WPSID62,6,60,1956-07-01,1961-06-01,60,1,1,0,computed
PPI_UNPROCESSED_INTERMEDIATE_GOODS,pairwise,old_vs_new,PPICRM,WPSID62,6,60,1956-08-01,1961-07-01,60,1,1,0,computed
PPI_UNPROCESSED_INTERMEDIATE_GOODS,pairwise,old_vs_new,PPICRM,WPSID62,6,60,1956-09-01,1961-08-01,60,1,1,0,computed
PPI_UNPROCESSED_INTERMEDIATE_GOODS,pairwise,old_vs_new,PPICRM,WPSID62,6,60,1956-10-01,1961-09-01,60,1,1,0,computed
PPI_UNPROCESSED_INTERMEDIATE_GOODS,pairwise,old_vs_new,PPICRM,WPSID62,6,60,1956-11-01,1961-10-01,60,1,1,0,computed
PPI_UNPROCESSED_INTERMEDIATE_GOODS,pairwise,old_vs_new,PPICRM,WPSID62,6,60,1956-12-01,1961-11-01,60,1,1,0,computed
PPI_UNPROCESSED_INTERMEDIATE_GOODS,pairwise,old_vs_new,PPICRM,WPSID62,6,60,1957-01-01,1961-12-01,60,1,1,0,computed
PPI_UNPROCESSED_INTERMEDIATE_GOODS,pairwise,old_vs_new,PPICRM,WPSID62,6,60,1957-02-01,1962-01-01,60,1,1,0,computed
PPI_UNPROCESSED_INTERMEDIATE_GOODS,pairwise,old_vs_new,PPICRM,WPSID62,6,60,1957-03-01,1962-02-01,60,1,1,0,computed
PPI_UNPROCESSED_INTERMEDIATE_GOODS,pairwise,old_vs_new,PPICRM,WPSID62,6,60,1957-04-01,1962-03-01,60,1,1,0,computed
PPI_UNPROCESSED_INTERMEDIATE_GOODS,pairwise,old_vs_new,PPICRM,WPSID62,6,60,1957-05-01,1962-04-01,60,1,1,0,computed
PPI_UNPROCESSED_INTERMEDIATE_GOODS,pairwise,old_vs_new,PPICRM,WPSID62,6,60,1957-06-01,1962-05-01,60,1,1,0,computed
PPI_UNPROCESSED_INTERMEDIATE_GOODS,pairwise,old_vs_new,PPICRM,WPSID62,6,60,1957-07-01,1962-06-01,60,1,1,0,computed
PPI_UNPROCESSED_INTERMEDIATE_GOODS,pairwise,old_vs_new,PPICRM,WPSID62,6,60,1957-08-01,1962-07-01,60,1,1,0,computed
PPI_UNPROCESSED_INTERMEDIATE_GOODS,pairwise,old_vs_new,PPICRM,WPSID62,6,60,1957-09-01,1962-08-01,60,1,1,0,computed
PPI_UNPROCESSED_INTERMEDIATE_GOODS,pairwise,old_vs_new,PPICRM,WPSID62,6,60,1957-10-01,1962-09-01,60,1,1,0,computed
PPI_UNPROCESSED_INTERMEDIATE_GOODS,pairwise,old_vs_new,PPICRM,WPSID62,6,60,1957-11-01,1962-10-01,60,1,1,0,computed
PPI_UNPROCESSED_INTERMEDIATE_GOODS,pairwise,old_vs_new,PPICRM,WPSID62,6,60,1957-12-01,1962-11-01,60,1,1,0,computed
PPI_UNPROCESSED_INTERMEDIATE_GOODS,pairwise,old_vs_new,PPICRM,WPSID62,6,60,1958-01-01,1962-12-01,60,1,1,0,computed
PPI_UNPROCESSED_INTERMEDIATE_GOODS,pairwise,old_vs_new,PPICRM,WPSID62,6,60,1958-02-01,1963-01-01,60,1,1,0,computed
PPI_UNPROCESSED_INTERMEDIATE_GOODS,pairwise,old_vs_new,PPICRM,WPSID62,6,60,1958-03-01,1963-02-01,60,1,1,0,computed
PPI_UNPROCESSED_INTERMEDIATE_GOODS,pairwise,old_vs_new,PPICRM,WPSID62,6,60,1958-04-01,1963-03-01,60,1,1,0,computed
PPI_UNPROCESSED_INTERMEDIATE_GOODS,pairwise,old_vs_new,PPICRM,WPSID62,6,60,1958-05-01,1963-04-01,60,1,1,0,computed
PPI_UNPROCESSED_INTERMEDIATE_GOODS,pairwise,old_vs_new,PPICRM,WPSID62,6,60,1958-06-01,1963-05-01,60,1,1,0,computed
PPI_UNPROCESSED_INTERMEDIATE_GOODS,pairwise,old_vs_new,PPICRM,WPSID62,6,60,1958-07-01,1963-06-01,60,1,1,0,computed
PPI_UNPROCESSED_INTERMEDIATE_GOODS,pairwise,old_vs_new,PPICRM,WPSID62,6,60,1958-08-01,1963-07-01,60,1,1,0,computed
PPI_UNPROCESSED_INTERMEDIATE_GOODS,pairwise,old_vs_new,PPICRM,WPSID62,6,60,1958-09-01,1963-08-01,60,1,1,0,computed
PPI_UNPROCESSED_INTERMEDIATE_GOODS,pairwise,old_vs_new,PPICRM,WPSID62,6,60,1958-10-01,1963-09-01,60,1,1,0,computed
PPI_UNPROCESSED_INTERMEDIATE_GOODS,pairwise,old_vs_new,PPICRM,WPSID62,6,60,1958-11-01,1963-10-01,60,1,1,0,computed
PPI_UNPROCESSED_INTERMEDIATE_GOODS,pairwise,old_vs_new,PPICRM,WPSID62,6,60,1958-12-01,1963-11-01,60,1,1,0,computed
PPI_UNPROCESSED_INTERMEDIATE_GOODS,pairwise,old_vs_new,PPICRM,WPSID62,6,60,1959-01-01,1963-12-01,60,1,1,0,computed
PPI_UNPROCESSED_INTERMEDIATE_GOODS,pairwise,old_vs_new,PPICRM,WPSID62,6,60,1959-02-01,1964-01-01,60,1,1,0,computed
PPI_UNPROCESSED_INTERMEDIATE_GOODS,pairwise,old_vs_new,PPICRM,WPSID62,6,60,1959-03-01,1964-02-01,60,1,1,0,computed
PPI_UNPROCESSED_INTERMEDIATE_GOODS,pairwise,old_vs_new,PPICRM,WPSID62,6,60,1959-04-01,1964-03-01,60,1,1,0,computed
PPI_UNPROCESSED_INTERMEDIATE_GOODS,pairwise,old_vs_new,PPICRM,WPSID62,6,60,1959-05-01,1964-04-01,60,1,1,0,computed
PPI_UNPROCESSED_INTERMEDIATE_GOODS,pairwise,old_vs_new,PPICRM,WPSID62,6,60,1959-06-01,1964-05-01,60,1,1,0,computed
PPI_UNPROCESSED_INTERMEDIATE_GOODS,pairwise,old_vs_new,PPICRM,WPSID62,6,60,1959-07-01,1964-06-01,60,1,1,0,computed
PPI_UNPROCESSED_INTERMEDIATE_GOODS,pairwise,old_vs_new,PPICRM,WPSID62,6,60,1959-08-01,1964-07-01,60,1,1,0,computed
PPI_UNPROCESSED_INTERMEDIATE_GOODS,pairwise,old_vs_new,PPICRM,WPSID62,6,60,1959-09-01,1964-08-01,60,1,1,0,computed
PPI_UNPROCESSED_INTERMEDIATE_GOODS,pairwise,old_vs_new,PPICRM,WPSID62,6,60,1959-10-01,1964-09-01,60,1,1,0,computed
PPI_UNPROCESSED_INTERMEDIATE_GOODS,pairwise,old_vs_new,PPICRM,WPSID62,6,60,1959-11-01,1964-10-01,60,1,1,0,computed
PPI_UNPROCESSED_INTERMEDIATE_GOODS,pairwise,old_vs_new,PPICRM,WPSID62,6,60,1959-12-01,1964-11-01,60,1,1,0,computed
PPI_UNPROCESSED_INTERMEDIATE_GOODS,pairwise,old_vs_new,PPICRM,WPSID62,6,60,1960-01-01,1964-12-01,60,1,1,0,computed
PPI_UNPROCESSED_INTERMEDIATE_GOODS,pairwise,old_vs_new,PPICRM,WPSID62,6,60,1960-02-01,1965-01-01,60,1,1,0,computed
PPI_UNPROCESSED_INTERMEDIATE_GOODS,pairwise,old_vs_new,PPICRM,WPSID62,6,60,1960-03-01,1965-02-01,60,1,1,0,computed
PPI_UNPROCESSED_INTERMEDIATE_GOODS,pairwise,old_vs_new,PPICRM,WPSID62,6,60,1960-04-01,1965-03-01,60,1,1,0,computed
PPI_UNPROCESSED_INTERMEDIATE_GOODS,pairwise,old_vs_new,PPICRM,WPSID62,6,60,1960-05-01,1965-04-01,60,1,1,0,computed
PPI_UNPROCESSED_INTERMEDIATE_GOODS,pairwise,old_vs_new,PPICRM,WPSID62,6,60,1960-06-01,1965-05-01,60,1,1,0,computed
PPI_UNPROCESSED_INTERMEDIATE_GOODS,pairwise,old_vs_new,PPICRM,WPSID62,6,60,1960-07-01,1965-06-01,60,1,1,0,computed
PPI_UNPROCESSED_INTERMEDIATE_GOODS,pairwise,old_vs_new,PPICRM,WPSID62,6,60,1960-08-01,1965-07-01,60,1,1,0,computed
PPI_UNPROCESSED_INTERMEDIATE_GOODS,pairwise,old_vs_new,PPICRM,WPSID62,6,60,1960-09-01,1965-08-01,60,1,1,0,computed
PPI_UNPROCESSED_INTERMEDIATE_GOODS,pairwise,old_vs_new,PPICRM,WPSID62,6,60,1960-10-01,1965-09-01,60,1,1,0,computed
PPI_UNPROCESSED_INTERMEDIATE_GOODS,pairwise,old_vs_new,PPICRM,WPSID62,6,60,1960-11-01,1965-10-01,60,1,1,0,computed
PPI_UNPROCESSED_INTERMEDIATE_GOODS,pairwise,old_vs_new,PPICRM,WPSID62,6,60,1960-12-01,1965-11-01,60,1,1,0,computed
PPI_UNPROCESSED_INTERMEDIATE_GOODS,pairwise,old_vs_new,PPICRM,WPSID62,6,60,1961-01-01,1965-12-01,60,1,1,0,computed
PPI_UNPROCESSED_INTERMEDIATE_GOODS,pairwise,old_vs_new,PPICRM,WPSID62,6,60,1961-02-01,1966-01-01,60,1,1,0,computed
PPI_UNPROCESSED_INTERMEDIATE_GOODS,pairwise,old_vs_new,PPICRM,WPSID62,6,60,1961-03-01,1966-02-01,60,1,1,0,computed
PPI_UNPROCESSED_INTERMEDIATE_GOODS,pairwise,old_vs_new,PPICRM,WPSID62,6,60,1961-04-01,1966-03-01,60,1,1,0,computed
PPI_UNPROCESSED_INTERMEDIATE_GOODS,pairwise,old_vs_new,PPICRM,WPSID62,6,60,1961-05-01,1966-04-01,60,1,1,0,computed
PPI_UNPROCESSED_INTERMEDIATE_GOODS,pairwise,old_vs_new,PPICRM,WPSID62,6,60,1961-06-01,1966-05-01,60,1,1,0,computed
PPI_UNPROCESSED_INTERMEDIATE_GOODS,pairwise,old_vs_new,PPICRM,WPSID62,6,60,1961-07-01,1966-06-01,60,1,1,0,computed
PPI_UNPROCESSED_INTERMEDIATE_GOODS,pairwise,old_vs_new,PPICRM,WPSID62,6,60,1961-08-01,1966-07-01,60,1,1,0,computed
PPI_UNPROCESSED_INTERMEDIATE_GOODS,pairwise,old_vs_new,PPICRM,WPSID62,6,60,1961-09-01,1966-08-01,60,1,1,0,computed
PPI_UNPROCESSED_INTERMEDIATE_GOODS,pairwise,old_vs_new,PPICRM,WPSID62,6,60,1961-10-01,1966-09-01,60,1,1,0,computed
PPI_UNPROCESSED_INTERMEDIATE_GOODS,pairwise,old_vs_new,PPICRM,WPSID62,6,60,1961-11-01,1966-10-01,60,1,1,0,computed
PPI_UNPROCESSED_INTERMEDIATE_GOODS,pairwise,old_vs_new,PPICRM,WPSID62,6,60,1961-12-01,1966-11-01,60,1,1,0,computed
PPI_UNPROCESSED_INTERMEDIATE_GOODS,pairwise,old_vs_new,PPICRM,WPSID62,6,60,1962-01-01,1966-12-01,60,1,1,0,computed
PPI_UNPROCESSED_INTERMEDIATE_GOODS,pairwise,old_vs_new,PPICRM,WPSID62,6,60,1962-02-01,1967-01-01,60,1,1,0,computed
PPI_UNPROCESSED_INTERMEDIATE_GOODS,pairwise,old_vs_new,PPICRM,WPSID62,6,60,1962-03-01,1967-02-01,60,1,1,0,computed
PPI_UNPROCESSED_INTERMEDIATE_GOODS,pairwise,old_vs_new,PPICRM,WPSID62,6,60,1962-04-01,1967-03-01,60,1,1,0,computed
PPI_UNPROCESSED_INTERMEDIATE_GOODS,pairwise,old_vs_new,PPICRM,WPSID62,6,60,1962-05-01,1967-04-01,60,1,1,0,computed
PPI_UNPROCESSED_INTERMEDIATE_GOODS,pairwise,old_vs_new,PPICRM,WPSID62,6,60,1962-06-01,1967-05-01,60,1,1,0,computed
PPI_UNPROCESSED_INTERMEDIATE_GOODS,pairwise,old_vs_new,PPICRM,WPSID62,6,60,1962-07-01,1967-06-01,60,1,1,0,computed
PPI_UNPROCESSED_INTERMEDIATE_GOODS,pairwise,old_vs_new,PPICRM,WPSID62,6,60,1962-08-01,1967-07-01,60,1,1,0,computed
PPI_UNPROCESSED_INTERMEDIATE_GOODS,pairwise,old_vs_new,PPICRM,WPSID62,6,60,1962-09-01,1967-08-01,60,1,1,0,computed
PPI_UNPROCESSED_INTERMEDIATE_GOODS,pairwise,old_vs_new,PPICRM,WPSID62,6,60,1962-10-01,1967-09-01,60,1,1,0,computed
PPI_UNPROCESSED_INTERMEDIATE_GOODS,pairwise,old_vs_new,PPICRM,WPSID62,6,60,1962-11-01,1967-10-01,60,1,1,0,computed
PPI_UNPROCESSED_INTERMEDIATE_GOODS,pairwise,old_vs_new,PPICRM,WPSID62,6,60,1962-12-01,1967-11-01,60,1,1,0,computed
PPI_UNPROCESSED_INTERMEDIATE_GOODS,pairwise,old_vs_new,PPICRM,WPSID62,6,60,1963-01-01,1967-12-01,60,1,1,0,computed
PPI_UNPROCESSED_INTERMEDIATE_GOODS,pairwise,old_vs_new,PPICRM,WPSID62,6,60,1963-02-01,1968-01-01,60,1,1,0,computed
PPI_UNPROCESSED_INTERMEDIATE_GOODS,pairwise,old_vs_new,PPICRM,WPSID62,6,60,1963-03-01,1968-02-01,60,1,1,0,computed
PPI_UNPROCESSED_INTERMEDIATE_GOODS,pairwise,old_vs_new,PPICRM,WPSID62,6,60,1963-04-01,1968-03-01,60,1,1,0,computed
PPI_UNPROCESSED_INTERMEDIATE_GOODS,pairwise,old_vs_new,PPICRM,WPSID62,6,60,1963-05-01,1968-04-01,60,1,1,0,computed
PPI_UNPROCESSED_INTERMEDIATE_GOODS,pairwise,old_vs_new,PPICRM,WPSID62,6,60,1963-06-01,1968-05-01,60,1,1,0,computed
PPI_UNPROCESSED_INTERMEDIATE_GOODS,pairwise,old_vs_new,PPICRM,WPSID62,6,60,1963-07-01,1968-06-01,60,1,1,0,computed
PPI_UNPROCESSED_INTERMEDIATE_GOODS,pairwise,old_vs_new,PPICRM,WPSID62,6,60,1963-08-01,1968-07-01,60,1,1,0,computed
PPI_UNPROCESSED_INTERMEDIATE_GOODS,pairwise,old_vs_new,PPICRM,WPSID62,6,60,1963-09-01,1968-08-01,60,1,1,0,computed
PPI_UNPROCESSED_INTERMEDIATE_GOODS,pairwise,old_vs_new,PPICRM,WPSID62,6,60,1963-10-01,1968-09-01,60,1,1,0,computed
PPI_UNPROCESSED_INTERMEDIATE_GOODS,pairwise,old_vs_new,PPICRM,WPSID62,6,60,1963-11-01,1968-10-01,60,1,1,0,computed
PPI_UNPROCESSED_INTERMEDIATE_GOODS,pairwise,old_vs_new,PPICRM,WPSID62,6,60,1963-12-01,1968-11-01,60,1,1,0,computed
PPI_UNPROCESSED_INTERMEDIATE_GOODS,pairwise,old_vs_new,PPICRM,WPSID62,6,60,1964-01-01,1968-12-01,60,1,1,0,computed
PPI_UNPROCESSED_INTERMEDIATE_GOODS,pairwise,old_vs_new,PPICRM,WPSID62,6,60,1964-02-01,1969-01-01,60,1,1,0,computed
PPI_UNPROCESSED_INTERMEDIATE_GOODS,pairwise,old_vs_new,PPICRM,WPSID62,6,60,1964-03-01,1969-02-01,60,1,1,0,computed
PPI_UNPROCESSED_INTERMEDIATE_GOODS,pairwise,old_vs_new,PPICRM,WPSID62,6,60,1964-04-01,1969-03-01,60,1,1,0,computed
PPI_UNPROCESSED_INTERMEDIATE_GOODS,pairwise,old_vs_new,PPICRM,WPSID62,6,60,1964-05-01,1969-04-01,60,1,1,0,computed
PPI_UNPROCESSED_INTERMEDIATE_GOODS,pairwise,old_vs_new,PPICRM,WPSID62,6,60,1964-06-01,1969-05-01,60,1,1,0,computed
PPI_UNPROCESSED_INTERMEDIATE_GOODS,pairwise,old_vs_new,PPICRM,WPSID62,6,60,1964-07-01,1969-06-01,60,1,1,0,computed
PPI_UNPROCESSED_INTERMEDIATE_GOODS,pairwise,old_vs_new,PPICRM,WPSID62,6,60,1964-08-01,1969-07-01,60,1,1,0,computed
PPI_UNPROCESSED_INTERMEDIATE_GOODS,pairwise,old_vs_new,PPICRM,WPSID62,6,60,1964-09-01,1969-08-01,60,1,1,0,computed
PPI_UNPROCESSED_INTERMEDIATE_GOODS,pairwise,old_vs_new,PPICRM,WPSID62,6,60,1964-10-01,1969-09-01,60,1,1,0,computed
PPI_UNPROCESSED_INTERMEDIATE_GOODS,pairwise,old_vs_new,PPICRM,WPSID62,6,60,1964-11-01,1969-10-01,60,1,1,0,computed
PPI_UNPROCESSED_INTERMEDIATE_GOODS,pairwise,old_vs_new,PPICRM,WPSID62,6,60,1964-12-01,1969-11-01,60,1,1,0,computed
PPI_UNPROCESSED_INTERMEDIATE_GOODS,pairwise,old_vs_new,PPICRM,WPSID62,6,60,1965-01-01,1969-12-01,60,1,1,0,computed
PPI_UNPROCESSED_INTERMEDIATE_GOODS,pairwise,old_vs_new,PPICRM,WPSID62,6,60,1965-02-01,1970-01-01,60,1,1,0,computed
PPI_UNPROCESSED_INTERMEDIATE_GOODS,pairwise,old_vs_new,PPICRM,WPSID62,6,60,1965-03-01,1970-02-01,60,1,1,0,computed
PPI_UNPROCESSED_INTERMEDIATE_GOODS,pairwise,old_vs_new,PPICRM,WPSID62,6,60,1965-04-01,1970-03-01,60,1,1,0,computed
PPI_UNPROCESSED_INTERMEDIATE_GOODS,pairwise,old_vs_new,PPICRM,WPSID62,6,60,1965-05-01,1970-04-01,60,1,1,0,computed
PPI_UNPROCESSED_INTERMEDIATE_GOODS,pairwise,old_vs_new,PPICRM,WPSID62,6,60,1965-06-01,1970-05-01,60,1,1,0,computed
PPI_UNPROCESSED_INTERMEDIATE_GOODS,pairwise,old_vs_new,PPICRM,WPSID62,6,60,1965-07-01,1970-06-01,60,1,1,0,computed
PPI_UNPROCESSED_INTERMEDIATE_GOODS,pairwise,old_vs_new,PPICRM,WPSID62,6,60,1965-08-01,1970-07-01,60,1,1,0,computed
PPI_UNPROCESSED_INTERMEDIATE_GOODS,pairwise,old_vs_new,PPICRM,WPSID62,6,60,1965-09-01,1970-08-01,60,1,1,0,computed
PPI_UNPROCESSED_INTERMEDIATE_GOODS,pairwise,old_vs_new,PPICRM,WPSID62,6,60,1965-10-01,1970-09-01,60,1,1,0,computed
PPI_UNPROCESSED_INTERMEDIATE_GOODS,pairwise,old_vs_new,PPICRM,WPSID62,6,60,1965-11-01,1970-10-01,60,1,1,0,computed
PPI_UNPROCESSED_INTERMEDIATE_GOODS,pairwise,old_vs_new,PPICRM,WPSID62,6,60,1965-12-01,1970-11-01,60,1,1,0,computed
PPI_UNPROCESSED_INTERMEDIATE_GOODS,pairwise,old_vs_new,PPICRM,WPSID62,6,60,1966-01-01,1970-12-01,60,1,1,0,computed
PPI_UNPROCESSED_INTERMEDIATE_GOODS,pairwise,old_vs_new,PPICRM,WPSID62,6,60,1966-02-01,1971-01-01,60,1,1,0,computed
PPI_UNPROCESSED_INTERMEDIATE_GOODS,pairwise,old_vs_new,PPICRM,WPSID62,6,60,1966-03-01,1971-02-01,60,1,1,0,computed
PPI_UNPROCESSED_INTERMEDIATE_GOODS,pairwise,old_vs_new,PPICRM,WPSID62,6,60,1966-04-01,1971-03-01,60,1,1,0,computed
PPI_UNPROCESSED_INTERMEDIATE_GOODS,pairwise,old_vs_new,PPICRM,WPSID62,6,60,1966-05-01,1971-04-01,60,1,1,0,computed
PPI_UNPROCESSED_INTERMEDIATE_GOODS,pairwise,old_vs_new,PPICRM,WPSID62,6,60,1966-06-01,1971-05-01,60,1,1,0,computed
PPI_UNPROCESSED_INTERMEDIATE_GOODS,pairwise,old_vs_new,PPICRM,WPSID62,6,60,1966-07-01,1971-06-01,60,1,1,0,computed
PPI_UNPROCESSED_INTERMEDIATE_GOODS,pairwise,old_vs_new,PPICRM,WPSID62,6,60,1966-08-01,1971-07-01,60,1,1,0,computed
PPI_UNPROCESSED_INTERMEDIATE_GOODS,pairwise,old_vs_new,PPICRM,WPSID62,6,60,1966-09-01,1971-08-01,60,1,1,0,computed
PPI_UNPROCESSED_INTERMEDIATE_GOODS,pairwise,old_vs_new,PPICRM,WPSID62,6,60,1966-10-01,1971-09-01,60,1,1,0,computed
PPI_UNPROCESSED_INTERMEDIATE_GOODS,pairwise,old_vs_new,PPICRM,WPSID62,6,60,1966-11-01,1971-10-01,60,1,1,0,computed
PPI_UNPROCESSED_INTERMEDIATE_GOODS,pairwise,old_vs_new,PPICRM,WPSID62,6,60,1966-12-01,1971-11-01,60,1,1,0,computed
PPI_UNPROCESSED_INTERMEDIATE_GOODS,pairwise,old_vs_new,PPICRM,WPSID62,6,60,1967-01-01,1971-12-01,60,1,1,0,computed
PPI_UNPROCESSED_INTERMEDIATE_GOODS,pairwise,old_vs_new,PPICRM,WPSID62,6,60,1967-02-01,1972-01-01,60,1,1,0,computed
PPI_UNPROCESSED_INTERMEDIATE_GOODS,pairwise,old_vs_new,PPICRM,WPSID62,6,60,1967-03-01,1972-02-01,60,1,1,0,computed
PPI_UNPROCESSED_INTERMEDIATE_GOODS,pairwise,old_vs_new,PPICRM,WPSID62,6,60,1967-04-01,1972-03-01,60,1,1,0,computed
PPI_UNPROCESSED_INTERMEDIATE_GOODS,pairwise,old_vs_new,PPICRM,WPSID62,6,60,1967-05-01,1972-04-01,60,1,1,0,computed
PPI_UNPROCESSED_INTERMEDIATE_GOODS,pairwise,old_vs_new,PPICRM,WPSID62,6,60,1967-06-01,1972-05-01,60,1,1,0,computed
PPI_UNPROCESSED_INTERMEDIATE_GOODS,pairwise,old_vs_new,PPICRM,WPSID62,6,60,1967-07-01,1972-06-01,60,1,1,0,computed
PPI_UNPROCESSED_INTERMEDIATE_GOODS,pairwise,old_vs_new,PPICRM,WPSID62,6,60,1967-08-01,1972-07-01,60,1,1,0,computed
PPI_UNPROCESSED_INTERMEDIATE_GOODS,pairwise,old_vs_new,PPICRM,WPSID62,6,60,1967-09-01,1972-08-01,60,1,1,0,computed
PPI_UNPROCESSED_INTERMEDIATE_GOODS,pairwise,old_vs_new,PPICRM,WPSID62,6,60,1967-10-01,1972-09-01,60,1,1,0,computed
PPI_UNPROCESSED_INTERMEDIATE_GOODS,pairwise,old_vs_new,PPICRM,WPSID62,6,60,1967-11-01,1972-10-01,60,1,1,0,computed
PPI_UNPROCESSED_INTERMEDIATE_GOODS,pairwise,old_vs_new,PPICRM,WPSID62,6,60,1967-12-01,1972-11-01,60,1,1,0,computed
PPI_UNPROCESSED_INTERMEDIATE_GOODS,pairwise,old_vs_new,PPICRM,WPSID62,6,60,1968-01-01,1972-12-01,60,1,1,0,computed
PPI_UNPROCESSED_INTERMEDIATE_GOODS,pairwise,old_vs_new,PPICRM,WPSID62,6,60,1968-02-01,1973-01-01,60,1,1,0,computed
PPI_UNPROCESSED_INTERMEDIATE_GOODS,pairwise,old_vs_new,PPICRM,WPSID62,6,60,1968-03-01,1973-02-01,60,1,1,0,computed
PPI_UNPROCESSED_INTERMEDIATE_GOODS,pairwise,old_vs_new,PPICRM,WPSID62,6,60,1968-04-01,1973-03-01,60,1,1,0,computed
PPI_UNPROCESSED_INTERMEDIATE_GOODS,pairwise,old_vs_new,PPICRM,WPSID62,6,60,1968-05-01,1973-04-01,60,1,1,0,computed
PPI_UNPROCESSED_INTERMEDIATE_GOODS,pairwise,old_vs_new,PPICRM,WPSID62,6,60,1968-06-01,1973-05-01,60,1,1,0,computed
PPI_UNPROCESSED_INTERMEDIATE_GOODS,pairwise,old_vs_new,PPICRM,WPSID62,6,60,1968-07-01,1973-06-01,60,1,1,0,computed
PPI_UNPROCESSED_INTERMEDIATE_GOODS,pairwise,old_vs_new,PPICRM,WPSID62,6,60,1968-08-01,1973-07-01,60,1,1,0,computed
PPI_UNPROCESSED_INTERMEDIATE_GOODS,pairwise,old_vs_new,PPICRM,WPSID62,6,60,1968-09-01,1973-08-01,60,1,1,0,computed
PPI_UNPROCESSED_INTERMEDIATE_GOODS,pairwise,old_vs_new,PPICRM,WPSID62,6,60,1968-10-01,1973-09-01,60,1,1,0,computed
PPI_UNPROCESSED_INTERMEDIATE_GOODS,pairwise,old_vs_new,PPICRM,WPSID62,6,60,1968-11-01,1973-10-01,60,1,1,0,computed
PPI_UNPROCESSED_INTERMEDIATE_GOODS,pairwise,old_vs_new,PPICRM,WPSID62,6,60,1968-12-01,1973-11-01,60,1,1,0,computed
PPI_UNPROCESSED_INTERMEDIATE_GOODS,pairwise,old_vs_new,PPICRM,WPSID62,6,60,1969-01-01,1973-12-01,60,1,1,0,computed
PPI_UNPROCESSED_INTERMEDIATE_GOODS,pairwise,old_vs_new,PPICRM,WPSID62,6,60,1969-02-01,1974-01-01,60,1,1,0,computed
PPI_UNPROCESSED_INTERMEDIATE_GOODS,pairwise,old_vs_new,PPICRM,WPSID62,6,60,1969-03-01,1974-02-01,60,1,1,0,computed
PPI_UNPROCESSED_INTERMEDIATE_GOODS,pairwise,old_vs_new,PPICRM,WPSID62,6,60,1969-04-01,1974-03-01,60,1,1,0,computed
PPI_UNPROCESSED_INTERMEDIATE_GOODS,pairwise,old_vs_new,PPICRM,WPSID62,6,60,1969-05-01,1974-04-01,60,1,1,0,computed
PPI_UNPROCESSED_INTERMEDIATE_GOODS,pairwise,old_vs_new,PPICRM,WPSID62,6,60,1969-06-01,1974-05-01,60,1,1,0,computed
PPI_UNPROCESSED_INTERMEDIATE_GOODS,pairwise,old_vs_new,PPICRM,WPSID62,6,60,1969-07-01,1974-06-01,60,1,1,0,computed
PPI_UNPROCESSED_INTERMEDIATE_GOODS,pairwise,old_vs_new,PPICRM,WPSID62,6,60,1969-08-01,1974-07-01,60,1,1,0,computed
PPI_UNPROCESSED_INTERMEDIATE_GOODS,pairwise,old_vs_new,PPICRM,WPSID62,6,60,1969-09-01,1974-08-01,60,1,1,0,computed
PPI_UNPROCESSED_INTERMEDIATE_GOODS,pairwise,old_vs_new,PPICRM,WPSID62,6,60,1969-10-01,1974-09-01,60,1,1,0,computed
PPI_UNPROCESSED_INTERMEDIATE_GOODS,pairwise,old_vs_new,PPICRM,WPSID62,6,60,1969-11-01,1974-10-01,60,1,1,0,computed
PPI_UNPROCESSED_INTERMEDIATE_GOODS,pairwise,old_vs_new,PPICRM,WPSID62,6,60,1969-12-01,1974-11-01,60,1,1,0,computed
PPI_UNPROCESSED_INTERMEDIATE_GOODS,pairwise,old_vs_new,PPICRM,WPSID62,6,60,1970-01-01,1974-12-01,60,1,1,0,computed
PPI_UNPROCESSED_INTERMEDIATE_GOODS,pairwise,old_vs_new,PPICRM,WPSID62,6,60,1970-02-01,1975-01-01,60,1,1,0,computed
PPI_UNPROCESSED_INTERMEDIATE_GOODS,pairwise,old_vs_new,PPICRM,WPSID62,6,60,1970-03-01,1975-02-01,60,1,1,0,computed
PPI_UNPROCESSED_INTERMEDIATE_GOODS,pairwise,old_vs_new,PPICRM,WPSID62,6,60,1970-04-01,1975-03-01,60,1,1,0,computed
PPI_UNPROCESSED_INTERMEDIATE_GOODS,pairwise,old_vs_new,PPICRM,WPSID62,6,60,1970-05-01,1975-04-01,60,1,1,0,computed
PPI_UNPROCESSED_INTERMEDIATE_GOODS,pairwise,old_vs_new,PPICRM,WPSID62,6,60,1970-06-01,1975-05-01,60,1,1,0,computed
PPI_UNPROCESSED_INTERMEDIATE_GOODS,pairwise,old_vs_new,PPICRM,WPSID62,6,60,1970-07-01,1975-06-01,60,1,1,0,computed
PPI_UNPROCESSED_INTERMEDIATE_GOODS,pairwise,old_vs_new,PPICRM,WPSID62,6,60,1970-08-01,1975-07-01,60,1,1,0,computed
PPI_UNPROCESSED_INTERMEDIATE_GOODS,pairwise,old_vs_new,PPICRM,WPSID62,6,60,1970-09-01,1975-08-01,60,1,1,0,computed
PPI_UNPROCESSED_INTERMEDIATE_GOODS,pairwise,old_vs_new,PPICRM,WPSID62,6,60,1970-10-01,1975-09-01,60,1,1,0,computed
PPI_UNPROCESSED_INTERMEDIATE_GOODS,pairwise,old_vs_new,PPICRM,WPSID62,6,60,1970-11-01,1975-10-01,60,1,1,0,computed
PPI_UNPROCESSED_INTERMEDIATE_GOODS,pairwise,old_vs_new,PPICRM,WPSID62,6,60,1970-12-01,1975-11-01,60,1,1,0,computed
PPI_UNPROCESSED_INTERMEDIATE_GOODS,pairwise,old_vs_new,PPICRM,WPSID62,6,60,1971-01-01,1975-12-01,60,1,1,0,computed
PPI_UNPROCESSED_INTERMEDIATE_GOODS,pairwise,old_vs_new,PPICRM,WPSID62,6,60,1971-02-01,1976-01-01,60,1,1,0,computed
PPI_UNPROCESSED_INTERMEDIATE_GOODS,pairwise,old_vs_new,PPICRM,WPSID62,6,60,1971-03-01,1976-02-01,60,1,1,0,computed
PPI_UNPROCESSED_INTERMEDIATE_GOODS,pairwise,old_vs_new,PPICRM,WPSID62,6,60,1971-04-01,1976-03-01,60,1,1,0,computed
PPI_UNPROCESSED_INTERMEDIATE_GOODS,pairwise,old_vs_new,PPICRM,WPSID62,6,60,1971-05-01,1976-04-01,60,1,1,0,computed
PPI_UNPROCESSED_INTERMEDIATE_GOODS,pairwise,old_vs_new,PPICRM,WPSID62,6,60,1971-06-01,1976-05-01,60,1,1,0,computed
PPI_UNPROCESSED_INTERMEDIATE_GOODS,pairwise,old_vs_new,PPICRM,WPSID62,6,60,1971-07-01,1976-06-01,60,1,1,0,computed
PPI_UNPROCESSED_INTERMEDIATE_GOODS,pairwise,old_vs_new,PPICRM,WPSID62,6,60,1971-08-01,1976-07-01,60,1,1,0,computed
PPI_UNPROCESSED_INTERMEDIATE_GOODS,pairwise,old_vs_new,PPICRM,WPSID62,6,60,1971-09-01,1976-08-01,60,1,1,0,computed
PPI_UNPROCESSED_INTERMEDIATE_GOODS,pairwise,old_vs_new,PPICRM,WPSID62,6,60,1971-10-01,1976-09-01,60,1,1,0,computed
PPI_UNPROCESSED_INTERMEDIATE_GOODS,pairwise,old_vs_new,PPICRM,WPSID62,6,60,1971-11-01,1976-10-01,60,1,1,0,computed
PPI_UNPROCESSED_INTERMEDIATE_GOODS,pairwise,old_vs_new,PPICRM,WPSID62,6,60,1971-12-01,1976-11-01,60,1,1,0,computed
PPI_UNPROCESSED_INTERMEDIATE_GOODS,pairwise,old_vs_new,PPICRM,WPSID62,6,60,1972-01-01,1976-12-01,60,1,1,0,computed
PPI_UNPROCESSED_INTERMEDIATE_GOODS,pairwise,old_vs_new,PPICRM,WPSID62,6,60,1972-02-01,1977-01-01,60,1,1,0,computed
PPI_UNPROCESSED_INTERMEDIATE_GOODS,pairwise,old_vs_new,PPICRM,WPSID62,6,60,1972-03-01,1977-02-01,60,1,1,0,computed
PPI_UNPROCESSED_INTERMEDIATE_GOODS,pairwise,old_vs_new,PPICRM,WPSID62,6,60,1972-04-01,1977-03-01,60,1,1,0,computed
PPI_UNPROCESSED_INTERMEDIATE_GOODS,pairwise,old_vs_new,PPICRM,WPSID62,6,60,1972-05-01,1977-04-01,60,1,1,0,computed
PPI_UNPROCESSED_INTERMEDIATE_GOODS,pairwise,old_vs_new,PPICRM,WPSID62,6,60,1972-06-01,1977-05-01,60,1,1,0,computed
PPI_UNPROCESSED_INTERMEDIATE_GOODS,pairwise,old_vs_new,PPICRM,WPSID62,6,60,1972-07-01,1977-06-01,60,1,1,0,computed
PPI_UNPROCESSED_INTERMEDIATE_GOODS,pairwise,old_vs_new,PPICRM,WPSID62,6,60,1972-08-01,1977-07-01,60,1,1,0,computed
PPI_UNPROCESSED_INTERMEDIATE_GOODS,pairwise,old_vs_new,PPICRM,WPSID62,6,60,1972-09-01,1977-08-01,60,1,1,0,computed
PPI_UNPROCESSED_INTERMEDIATE_GOODS,pairwise,old_vs_new,PPICRM,WPSID62,6,60,1972-10-01,1977-09-01,60,1,1,0,computed
PPI_UNPROCESSED_INTERMEDIATE_GOODS,pairwise,old_vs_new,PPICRM,WPSID62,6,60,1972-11-01,1977-10-01,60,1,1,0,computed
PPI_UNPROCESSED_INTERMEDIATE_GOODS,pairwise,old_vs_new,PPICRM,WPSID62,6,60,1972-12-01,1977-11-01,60,1,1,0,computed
PPI_UNPROCESSED_INTERMEDIATE_GOODS,pairwise,old_vs_new,PPICRM,WPSID62,6,60,1973-01-01,1977-12-01,60,1,1,0,computed
PPI_UNPROCESSED_INTERMEDIATE_GOODS,pairwise,old_vs_new,PPICRM,WPSID62,6,60,1973-02-01,1978-01-01,60,1,1,0,computed
PPI_UNPROCESSED_INTERMEDIATE_GOODS,pairwise,old_vs_new,PPICRM,WPSID62,6,60,1973-03-01,1978-02-01,60,1,1,0,computed
PPI_UNPROCESSED_INTERMEDIATE_GOODS,pairwise,old_vs_new,PPICRM,WPSID62,6,60,1973-04-01,1978-03-01,60,1,1,0,computed
PPI_UNPROCESSED_INTERMEDIATE_GOODS,pairwise,old_vs_new,PPICRM,WPSID62,6,60,1973-05-01,1978-04-01,60,1,1,0,computed
PPI_UNPROCESSED_INTERMEDIATE_GOODS,pairwise,old_vs_new,PPICRM,WPSID62,6,60,1973-06-01,1978-05-01,60,1,1,0,computed
PPI_UNPROCESSED_INTERMEDIATE_GOODS,pairwise,old_vs_new,PPICRM,WPSID62,6,60,1973-07-01,1978-06-01,60,1,1,0,computed
PPI_UNPROCESSED_INTERMEDIATE_GOODS,pairwise,old_vs_new,PPICRM,WPSID62,6,60,1973-08-01,1978-07-01,60,1,1,0,computed
PPI_UNPROCESSED_INTERMEDIATE_GOODS,pairwise,old_vs_new,PPICRM,WPSID62,6,60,1973-09-01,1978-08-01,60,1,1,0,computed
PPI_UNPROCESSED_INTERMEDIATE_GOODS,pairwise,old_vs_new,PPICRM,WPSID62,6,60,1973-10-01,1978-09-01,60,1,1,0,computed
PPI_UNPROCESSED_INTERMEDIATE_GOODS,pairwise,old_vs_new,PPICRM,WPSID62,6,60,1973-11-01,1978-10-01,60,1,1,0,computed
PPI_UNPROCESSED_INTERMEDIATE_GOODS,pairwise,old_vs_new,PPICRM,WPSID62,6,60,1973-12-01,1978-11-01,60,1,1,0,computed
PPI_UNPROCESSED_INTERMEDIATE_GOODS,pairwise,old_vs_new,PPICRM,WPSID62,6,60,1974-01-01,1978-12-01,60,1,1,0,computed
PPI_UNPROCESSED_INTERMEDIATE_GOODS,pairwise,old_vs_new,PPICRM,WPSID62,6,60,1974-02-01,1979-01-01,60,1,1,0,computed
PPI_UNPROCESSED_INTERMEDIATE_GOODS,pairwise,old_vs_new,PPICRM,WPSID62,6,60,1974-03-01,1979-02-01,60,1,1,0,computed
PPI_UNPROCESSED_INTERMEDIATE_GOODS,pairwise,old_vs_new,PPICRM,WPSID62,6,60,1974-04-01,1979-03-01,60,1,1,0,computed
PPI_UNPROCESSED_INTERMEDIATE_GOODS,pairwise,old_vs_new,PPICRM,WPSID62,6,60,1974-05-01,1979-04-01,60,1,1,0,computed
PPI_UNPROCESSED_INTERMEDIATE_GOODS,pairwise,old_vs_new,PPICRM,WPSID62,6,60,1974-06-01,1979-05-01,60,1,1,0,computed
PPI_UNPROCESSED_INTERMEDIATE_GOODS,pairwise,old_vs_new,PPICRM,WPSID62,6,60,1974-07-01,1979-06-01,60,1,1,0,computed
PPI_UNPROCESSED_INTERMEDIATE_GOODS,pairwise,old_vs_new,PPICRM,WPSID62,6,60,1974-08-01,1979-07-01,60,1,1,0,computed
PPI_UNPROCESSED_INTERMEDIATE_GOODS,pairwise,old_vs_new,PPICRM,WPSID62,6,60,1974-09-01,1979-08-01,60,1,1,0,computed
PPI_UNPROCESSED_INTERMEDIATE_GOODS,pairwise,old_vs_new,PPICRM,WPSID62,6,60,1974-10-01,1979-09-01,60,1,1,0,computed
PPI_UNPROCESSED_INTERMEDIATE_GOODS,pairwise,old_vs_new,PPICRM,WPSID62,6,60,1974-11-01,1979-10-01,60,1,1,0,computed
PPI_UNPROCESSED_INTERMEDIATE_GOODS,pairwise,old_vs_new,PPICRM,WPSID62,6,60,1974-12-01,1979-11-01,60,1,1,0,computed
PPI_UNPROCESSED_INTERMEDIATE_GOODS,pairwise,old_vs_new,PPICRM,WPSID62,6,60,1975-01-01,1979-12-01,60,1,1,0,computed
PPI_UNPROCESSED_INTERMEDIATE_GOODS,pairwise,old_vs_new,PPICRM,WPSID62,6,60,1975-02-01,1980-01-01,60,1,1,0,computed
PPI_UNPROCESSED_INTERMEDIATE_GOODS,pairwise,old_vs_new,PPICRM,WPSID62,6,60,1975-03-01,1980-02-01,60,1,1,0,computed
PPI_UNPROCESSED_INTERMEDIATE_GOODS,pairwise,old_vs_new,PPICRM,WPSID62,6,60,1975-04-01,1980-03-01,60,1,1,0,computed
PPI_UNPROCESSED_INTERMEDIATE_GOODS,pairwise,old_vs_new,PPICRM,WPSID62,6,60,1975-05-01,1980-04-01,60,1,1,0,computed
PPI_UNPROCESSED_INTERMEDIATE_GOODS,pairwise,old_vs_new,PPICRM,WPSID62,6,60,1975-06-01,1980-05-01,60,1,1,0,computed
PPI_UNPROCESSED_INTERMEDIATE_GOODS,pairwise,old_vs_new,PPICRM,WPSID62,6,60,1975-07-01,1980-06-01,60,1,1,0,computed
PPI_UNPROCESSED_INTERMEDIATE_GOODS,pairwise,old_vs_new,PPICRM,WPSID62,6,60,1975-08-01,1980-07-01,60,1,1,0,computed
PPI_UNPROCESSED_INTERMEDIATE_GOODS,pairwise,old_vs_new,PPICRM,WPSID62,6,60,1975-09-01,1980-08-01,60,1,1,0,computed
PPI_UNPROCESSED_INTERMEDIATE_GOODS,pairwise,old_vs_new,PPICRM,WPSID62,6,60,1975-10-01,1980-09-01,60,1,1,0,computed
PPI_UNPROCESSED_INTERMEDIATE_GOODS,pairwise,old_vs_new,PPICRM,WPSID62,6,60,1975-11-01,1980-10-01,60,1,1,0,computed
PPI_UNPROCESSED_INTERMEDIATE_GOODS,pairwise,old_vs_new,PPICRM,WPSID62,6,60,1975-12-01,1980-11-01,60,1,1,0,computed
PPI_UNPROCESSED_INTERMEDIATE_GOODS,pairwise,old_vs_new,PPICRM,WPSID62,6,60,1976-01-01,1980-12-01,60,1,1,0,computed
PPI_UNPROCESSED_INTERMEDIATE_GOODS,pairwise,old_vs_new,PPICRM,WPSID62,6,60,1976-02-01,1981-01-01,60,1,1,0,computed
PPI_UNPROCESSED_INTERMEDIATE_GOODS,pairwise,old_vs_new,PPICRM,WPSID62,6,60,1976-03-01,1981-02-01,60,1,1,0,computed
PPI_UNPROCESSED_INTERMEDIATE_GOODS,pairwise,old_vs_new,PPICRM,WPSID62,6,60,1976-04-01,1981-03-01,60,1,1,0,computed
PPI_UNPROCESSED_INTERMEDIATE_GOODS,pairwise,old_vs_new,PPICRM,WPSID62,6,60,1976-05-01,1981-04-01,60,1,1,0,computed
PPI_UNPROCESSED_INTERMEDIATE_GOODS,pairwise,old_vs_new,PPICRM,WPSID62,6,60,1976-06-01,1981-05-01,60,1,1,0,computed
PPI_UNPROCESSED_INTERMEDIATE_GOODS,pairwise,old_vs_new,PPICRM,WPSID62,6,60,1976-07-01,1981-06-01,60,1,1,0,computed
PPI_UNPROCESSED_INTERMEDIATE_GOODS,pairwise,old_vs_new,PPICRM,WPSID62,6,60,1976-08-01,1981-07-01,60,1,1,0,computed
PPI_UNPROCESSED_INTERMEDIATE_GOODS,pairwise,old_vs_new,PPICRM,WPSID62,6,60,1976-09-01,1981-08-01,60,1,1,0,computed
PPI_UNPROCESSED_INTERMEDIATE_GOODS,pairwise,old_vs_new,PPICRM,WPSID62,6,60,1976-10-01,1981-09-01,60,1,1,0,computed
PPI_UNPROCESSED_INTERMEDIATE_GOODS,pairwise,old_vs_new,PPICRM,WPSID62,6,60,1976-11-01,1981-10-01,60,1,1,0,computed
PPI_UNPROCESSED_INTERMEDIATE_GOODS,pairwise,old_vs_new,PPICRM,WPSID62,6,60,1976-12-01,1981-11-01,60,1,1,0,computed
PPI_UNPROCESSED_INTERMEDIATE_GOODS,pairwise,old_vs_new,PPICRM,WPSID62,6,60,1977-01-01,1981-12-01,60,1,1,0,computed
PPI_UNPROCESSED_INTERMEDIATE_GOODS,pairwise,old_vs_new,PPICRM,WPSID62,6,60,1977-02-01,1982-01-01,60,1,1,0,computed
PPI_UNPROCESSED_INTERMEDIATE_GOODS,pairwise,old_vs_new,PPICRM,WPSID62,6,60,1977-03-01,1982-02-01,60,1,1,0,computed
PPI_UNPROCESSED_INTERMEDIATE_GOODS,pairwise,old_vs_new,PPICRM,WPSID62,6,60,1977-04-01,1982-03-01,60,1,1,0,computed
PPI_UNPROCESSED_INTERMEDIATE_GOODS,pairwise,old_vs_new,PPICRM,WPSID62,6,60,1977-05-01,1982-04-01,60,1,1,0,computed
PPI_UNPROCESSED_INTERMEDIATE_GOODS,pairwise,old_vs_new,PPICRM,WPSID62,6,60,1977-06-01,1982-05-01,60,1,1,0,computed
PPI_UNPROCESSED_INTERMEDIATE_GOODS,pairwise,old_vs_new,PPICRM,WPSID62,6,60,1977-07-01,1982-06-01,60,1,1,0,computed
PPI_UNPROCESSED_INTERMEDIATE_GOODS,pairwise,old_vs_new,PPICRM,WPSID62,6,60,1977-08-01,1982-07-01,60,1,1,0,computed
PPI_UNPROCESSED_INTERMEDIATE_GOODS,pairwise,old_vs_new,PPICRM,WPSID62,6,60,1977-09-01,1982-08-01,60,1,1,0,computed
PPI_UNPROCESSED_INTERMEDIATE_GOODS,pairwise,old_vs_new,PPICRM,WPSID62,6,60,1977-10-01,1982-09-01,60,1,1,0,computed
PPI_UNPROCESSED_INTERMEDIATE_GOODS,pairwise,old_vs_new,PPICRM,WPSID62,6,60,1977-11-01,1982-10-01,60,1,1,0,computed
PPI_UNPROCESSED_INTERMEDIATE_GOODS,pairwise,old_vs_new,PPICRM,WPSID62,6,60,1977-12-01,1982-11-01,60,1,1,0,computed
PPI_UNPROCESSED_INTERMEDIATE_GOODS,pairwise,old_vs_new,PPICRM,WPSID62,6,60,1978-01-01,1982-12-01,60,1,1,0,computed
PPI_UNPROCESSED_INTERMEDIATE_GOODS,pairwise,old_vs_new,PPICRM,WPSID62,6,60,1978-02-01,1983-01-01,60,1,1,0,computed
PPI_UNPROCESSED_INTERMEDIATE_GOODS,pairwise,old_vs_new,PPICRM,WPSID62,6,60,1978-03-01,1983-02-01,60,1,1,0,computed
PPI_UNPROCESSED_INTERMEDIATE_GOODS,pairwise,old_vs_new,PPICRM,WPSID62,6,60,1978-04-01,1983-03-01,60,1,1,0,computed
PPI_UNPROCESSED_INTERMEDIATE_GOODS,pairwise,old_vs_new,PPICRM,WPSID62,6,60,1978-05-01,1983-04-01,60,1,1,0,computed
PPI_UNPROCESSED_INTERMEDIATE_GOODS,pairwise,old_vs_new,PPICRM,WPSID62,6,60,1978-06-01,1983-05-01,60,1,1,0,computed
PPI_UNPROCESSED_INTERMEDIATE_GOODS,pairwise,old_vs_new,PPICRM,WPSID62,6,60,1978-07-01,1983-06-01,60,1,1,0,computed
PPI_UNPROCESSED_INTERMEDIATE_GOODS,pairwise,old_vs_new,PPICRM,WPSID62,6,60,1978-08-01,1983-07-01,60,1,1,0,computed
PPI_UNPROCESSED_INTERMEDIATE_GOODS,pairwise,old_vs_new,PPICRM,WPSID62,6,60,1978-09-01,1983-08-01,60,1,1,0,computed
PPI_UNPROCESSED_INTERMEDIATE_GOODS,pairwise,old_vs_new,PPICRM,WPSID62,6,60,1978-10-01,1983-09-01,60,1,1,0,computed
PPI_UNPROCESSED_INTERMEDIATE_GOODS,pairwise,old_vs_new,PPICRM,WPSID62,6,60,1978-11-01,1983-10-01,60,1,1,0,computed
PPI_UNPROCESSED_INTERMEDIATE_GOODS,pairwise,old_vs_new,PPICRM,WPSID62,6,60,1978-12-01,1983-11-01,60,1,1,0,computed
PPI_UNPROCESSED_INTERMEDIATE_GOODS,pairwise,old_vs_new,PPICRM,WPSID62,6,60,1979-01-01,1983-12-01,60,1,1,0,computed
PPI_UNPROCESSED_INTERMEDIATE_GOODS,pairwise,old_vs_new,PPICRM,WPSID62,6,60,1979-02-01,1984-01-01,60,1,1,0,computed
PPI_UNPROCESSED_INTERMEDIATE_GOODS,pairwise,old_vs_new,PPICRM,WPSID62,6,60,1979-03-01,1984-02-01,60,1,1,0,computed
PPI_UNPROCESSED_INTERMEDIATE_GOODS,pairwise,old_vs_new,PPICRM,WPSID62,6,60,1979-04-01,1984-03-01,60,1,1,0,computed
PPI_UNPROCESSED_INTERMEDIATE_GOODS,pairwise,old_vs_new,PPICRM,WPSID62,6,60,1979-05-01,1984-04-01,60,1,1,0,computed
PPI_UNPROCESSED_INTERMEDIATE_GOODS,pairwise,old_vs_new,PPICRM,WPSID62,6,60,1979-06-01,1984-05-01,60,1,1,0,computed
PPI_UNPROCESSED_INTERMEDIATE_GOODS,pairwise,old_vs_new,PPICRM,WPSID62,6,60,1979-07-01,1984-06-01,60,1,1,0,computed
PPI_UNPROCESSED_INTERMEDIATE_GOODS,pairwise,old_vs_new,PPICRM,WPSID62,6,60,1979-08-01,1984-07-01,60,1,1,0,computed
PPI_UNPROCESSED_INTERMEDIATE_GOODS,pairwise,old_vs_new,PPICRM,WPSID62,6,60,1979-09-01,1984-08-01,60,1,1,0,computed
PPI_UNPROCESSED_INTERMEDIATE_GOODS,pairwise,old_vs_new,PPICRM,WPSID62,6,60,1979-10-01,1984-09-01,60,1,1,0,computed
PPI_UNPROCESSED_INTERMEDIATE_GOODS,pairwise,old_vs_new,PPICRM,WPSID62,6,60,1979-11-01,1984-10-01,60,1,1,0,computed
PPI_UNPROCESSED_INTERMEDIATE_GOODS,pairwise,old_vs_new,PPICRM,WPSID62,6,60,1979-12-01,1984-11-01,60,1,1,0,computed
PPI_UNPROCESSED_INTERMEDIATE_GOODS,pairwise,old_vs_new,PPICRM,WPSID62,6,60,1980-01-01,1984-12-01,60,1,1,0,computed
PPI_UNPROCESSED_INTERMEDIATE_GOODS,pairwise,old_vs_new,PPICRM,WPSID62,6,60,1980-02-01,1985-01-01,60,1,1,0,computed
PPI_UNPROCESSED_INTERMEDIATE_GOODS,pairwise,old_vs_new,PPICRM,WPSID62,6,60,1980-03-01,1985-02-01,60,1,1,0,computed
PPI_UNPROCESSED_INTERMEDIATE_GOODS,pairwise,old_vs_new,PPICRM,WPSID62,6,60,1980-04-01,1985-03-01,60,1,1,0,computed
PPI_UNPROCESSED_INTERMEDIATE_GOODS,pairwise,old_vs_new,PPICRM,WPSID62,6,60,1980-05-01,1985-04-01,60,1,1,0,computed
PPI_UNPROCESSED_INTERMEDIATE_GOODS,pairwise,old_vs_new,PPICRM,WPSID62,6,60,1980-06-01,1985-05-01,60,1,1,0,computed
PPI_UNPROCESSED_INTERMEDIATE_GOODS,pairwise,old_vs_new,PPICRM,WPSID62,6,60,1980-07-01,1985-06-01,60,1,1,0,computed
PPI_UNPROCESSED_INTERMEDIATE_GOODS,pairwise,old_vs_new,PPICRM,WPSID62,6,60,1980-08-01,1985-07-01,60,1,1,0,computed
PPI_UNPROCESSED_INTERMEDIATE_GOODS,pairwise,old_vs_new,PPICRM,WPSID62,6,60,1980-09-01,1985-08-01,60,1,1,0,computed
PPI_UNPROCESSED_INTERMEDIATE_GOODS,pairwise,old_vs_new,PPICRM,WPSID62,6,60,1980-10-01,1985-09-01,60,1,1,0,computed
PPI_UNPROCESSED_INTERMEDIATE_GOODS,pairwise,old_vs_new,PPICRM,WPSID62,6,60,1980-11-01,1985-10-01,60,1,1,0,computed
PPI_UNPROCESSED_INTERMEDIATE_GOODS,pairwise,old_vs_new,PPICRM,WPSID62,6,60,1980-12-01,1985-11-01,60,1,1,0,computed
PPI_UNPROCESSED_INTERMEDIATE_GOODS,pairwise,old_vs_new,PPICRM,WPSID62,6,60,1981-01-01,1985-12-01,60,1,1,0,computed
PPI_UNPROCESSED_INTERMEDIATE_GOODS,pairwise,old_vs_new,PPICRM,WPSID62,6,60,1981-02-01,1986-01-01,60,1,1,0,computed
PPI_UNPROCESSED_INTERMEDIATE_GOODS,pairwise,old_vs_new,PPICRM,WPSID62,6,60,1981-03-01,1986-02-01,60,1,1,0,computed
PPI_UNPROCESSED_INTERMEDIATE_GOODS,pairwise,old_vs_new,PPICRM,WPSID62,6,60,1981-04-01,1986-03-01,60,1,1,0,computed
PPI_UNPROCESSED_INTERMEDIATE_GOODS,pairwise,old_vs_new,PPICRM,WPSID62,6,60,1981-05-01,1986-04-01,60,1,1,0,computed
PPI_UNPROCESSED_INTERMEDIATE_GOODS,pairwise,old_vs_new,PPICRM,WPSID62,6,60,1981-06-01,1986-05-01,60,1,1,0,computed
PPI_UNPROCESSED_INTERMEDIATE_GOODS,pairwise,old_vs_new,PPICRM,WPSID62,6,60,1981-07-01,1986-06-01,60,1,1,0,computed
PPI_UNPROCESSED_INTERMEDIATE_GOODS,pairwise,old_vs_new,PPICRM,WPSID62,6,60,1981-08-01,1986-07-01,60,1,1,0,computed
PPI_UNPROCESSED_INTERMEDIATE_GOODS,pairwise,old_vs_new,PPICRM,WPSID62,6,60,1981-09-01,1986-08-01,60,1,1,0,computed
PPI_UNPROCESSED_INTERMEDIATE_GOODS,pairwise,old_vs_new,PPICRM,WPSID62,6,60,1981-10-01,1986-09-01,60,1,1,0,computed
PPI_UNPROCESSED_INTERMEDIATE_GOODS,pairwise,old_vs_new,PPICRM,WPSID62,6,60,1981-11-01,1986-10-01,60,1,1,0,computed
PPI_UNPROCESSED_INTERMEDIATE_GOODS,pairwise,old_vs_new,PPICRM,WPSID62,6,60,1981-12-01,1986-11-01,60,1,1,0,computed
PPI_UNPROCESSED_INTERMEDIATE_GOODS,pairwise,old_vs_new,PPICRM,WPSID62,6,60,1982-01-01,1986-12-01,60,1,1,0,computed
PPI_UNPROCESSED_INTERMEDIATE_GOODS,pairwise,old_vs_new,PPICRM,WPSID62,6,60,1982-02-01,1987-01-01,60,1,1,0,computed
PPI_UNPROCESSED_INTERMEDIATE_GOODS,pairwise,old_vs_new,PPICRM,WPSID62,6,60,1982-03-01,1987-02-01,60,1,1,0,computed
PPI_UNPROCESSED_INTERMEDIATE_GOODS,pairwise,old_vs_new,PPICRM,WPSID62,6,60,1982-04-01,1987-03-01,60,1,1,0,computed
PPI_UNPROCESSED_INTERMEDIATE_GOODS,pairwise,old_vs_new,PPICRM,WPSID62,6,60,1982-05-01,1987-04-01,60,1,1,0,computed
PPI_UNPROCESSED_INTERMEDIATE_GOODS,pairwise,old_vs_new,PPICRM,WPSID62,6,60,1982-06-01,1987-05-01,60,1,1,0,computed
PPI_UNPROCESSED_INTERMEDIATE_GOODS,pairwise,old_vs_new,PPICRM,WPSID62,6,60,1982-07-01,1987-06-01,60,1,1,0,computed
PPI_UNPROCESSED_INTERMEDIATE_GOODS,pairwise,old_vs_new,PPICRM,WPSID62,6,60,1982-08-01,1987-07-01,60,1,1,0,computed
PPI_UNPROCESSED_INTERMEDIATE_GOODS,pairwise,old_vs_new,PPICRM,WPSID62,6,60,1982-09-01,1987-08-01,60,1,1,0,computed
PPI_UNPROCESSED_INTERMEDIATE_GOODS,pairwise,old_vs_new,PPICRM,WPSID62,6,60,1982-10-01,1987-09-01,60,1,1,0,computed
PPI_UNPROCESSED_INTERMEDIATE_GOODS,pairwise,old_vs_new,PPICRM,WPSID62,6,60,1982-11-01,1987-10-01,60,1,1,0,computed
PPI_UNPROCESSED_INTERMEDIATE_GOODS,pairwise,old_vs_new,PPICRM,WPSID62,6,60,1982-12-01,1987-11-01,60,1,1,0,computed
PPI_UNPROCESSED_INTERMEDIATE_GOODS,pairwise,old_vs_new,PPICRM,WPSID62,6,60,1983-01-01,1987-12-01,60,1,1,0,computed
PPI_UNPROCESSED_INTERMEDIATE_GOODS,pairwise,old_vs_new,PPICRM,WPSID62,6,60,1983-02-01,1988-01-01,60,1,1,0,computed
PPI_UNPROCESSED_INTERMEDIATE_GOODS,pairwise,old_vs_new,PPICRM,WPSID62,6,60,1983-03-01,1988-02-01,60,1,1,0,computed
PPI_UNPROCESSED_INTERMEDIATE_GOODS,pairwise,old_vs_new,PPICRM,WPSID62,6,60,1983-04-01,1988-03-01,60,1,1,0,computed
PPI_UNPROCESSED_INTERMEDIATE_GOODS,pairwise,old_vs_new,PPICRM,WPSID62,6,60,1983-05-01,1988-04-01,60,1,1,0,computed
PPI_UNPROCESSED_INTERMEDIATE_GOODS,pairwise,old_vs_new,PPICRM,WPSID62,6,60,1983-06-01,1988-05-01,60,1,1,0,computed
PPI_UNPROCESSED_INTERMEDIATE_GOODS,pairwise,old_vs_new,PPICRM,WPSID62,6,60,1983-07-01,1988-06-01,60,1,1,0,computed
PPI_UNPROCESSED_INTERMEDIATE_GOODS,pairwise,old_vs_new,PPICRM,WPSID62,6,60,1983-08-01,1988-07-01,60,1,1,0,computed
PPI_UNPROCESSED_INTERMEDIATE_GOODS,pairwise,old_vs_new,PPICRM,WPSID62,6,60,1983-09-01,1988-08-01,60,1,1,0,computed
PPI_UNPROCESSED_INTERMEDIATE_GOODS,pairwise,old_vs_new,PPICRM,WPSID62,6,60,1983-10-01,1988-09-01,60,1,1,0,computed
PPI_UNPROCESSED_INTERMEDIATE_GOODS,pairwise,old_vs_new,PPICRM,WPSID62,6,60,1983-11-01,1988-10-01,60,1,1,0,computed
PPI_UNPROCESSED_INTERMEDIATE_GOODS,pairwise,old_vs_new,PPICRM,WPSID62,6,60,1983-12-01,1988-11-01,60,1,1,0,computed
PPI_UNPROCESSED_INTERMEDIATE_GOODS,pairwise,old_vs_new,PPICRM,WPSID62,6,60,1984-01-01,1988-12-01,60,1,1,0,computed
PPI_UNPROCESSED_INTERMEDIATE_GOODS,pairwise,old_vs_new,PPICRM,WPSID62,6,60,1984-02-01,1989-01-01,60,1,1,0,computed
PPI_UNPROCESSED_INTERMEDIATE_GOODS,pairwise,old_vs_new,PPICRM,WPSID62,6,60,1984-03-01,1989-02-01,60,1,1,0,computed
PPI_UNPROCESSED_INTERMEDIATE_GOODS,pairwise,old_vs_new,PPICRM,WPSID62,6,60,1984-04-01,1989-03-01,60,1,1,0,computed
PPI_UNPROCESSED_INTERMEDIATE_GOODS,pairwise,old_vs_new,PPICRM,WPSID62,6,60,1984-05-01,1989-04-01,60,1,1,0,computed
PPI_UNPROCESSED_INTERMEDIATE_GOODS,pairwise,old_vs_new,PPICRM,WPSID62,6,60,1984-06-01,1989-05-01,60,1,1,0,computed
PPI_UNPROCESSED_INTERMEDIATE_GOODS,pairwise,old_vs_new,PPICRM,WPSID62,6,60,1984-07-01,1989-06-01,60,1,1,0,computed
PPI_UNPROCESSED_INTERMEDIATE_GOODS,pairwise,old_vs_new,PPICRM,WPSID62,6,60,1984-08-01,1989-07-01,60,1,1,0,computed
PPI_UNPROCESSED_INTERMEDIATE_GOODS,pairwise,old_vs_new,PPICRM,WPSID62,6,60,1984-09-01,1989-08-01,60,1,1,0,computed
PPI_UNPROCESSED_INTERMEDIATE_GOODS,pairwise,old_vs_new,PPICRM,WPSID62,6,60,1984-10-01,1989-09-01,60,1,1,0,computed
PPI_UNPROCESSED_INTERMEDIATE_GOODS,pairwise,old_vs_new,PPICRM,WPSID62,6,60,1984-11-01,1989-10-01,60,1,1,0,computed
PPI_UNPROCESSED_INTERMEDIATE_GOODS,pairwise,old_vs_new,PPICRM,WPSID62,6,60,1984-12-01,1989-11-01,60,1,1,0,computed
PPI_UNPROCESSED_INTERMEDIATE_GOODS,pairwise,old_vs_new,PPICRM,WPSID62,6,60,1985-01-01,1989-12-01,60,1,1,0,computed
PPI_UNPROCESSED_INTERMEDIATE_GOODS,pairwise,old_vs_new,PPICRM,WPSID62,6,60,1985-02-01,1990-01-01,60,1,1,0,computed
PPI_UNPROCESSED_INTERMEDIATE_GOODS,pairwise,old_vs_new,PPICRM,WPSID62,6,60,1985-03-01,1990-02-01,60,1,1,0,computed
PPI_UNPROCESSED_INTERMEDIATE_GOODS,pairwise,old_vs_new,PPICRM,WPSID62,6,60,1985-04-01,1990-03-01,60,1,1,0,computed
PPI_UNPROCESSED_INTERMEDIATE_GOODS,pairwise,old_vs_new,PPICRM,WPSID62,6,60,1985-05-01,1990-04-01,60,1,1,0,computed
PPI_UNPROCESSED_INTERMEDIATE_GOODS,pairwise,old_vs_new,PPICRM,WPSID62,6,60,1985-06-01,1990-05-01,60,1,1,0,computed
PPI_UNPROCESSED_INTERMEDIATE_GOODS,pairwise,old_vs_new,PPICRM,WPSID62,6,60,1985-07-01,1990-06-01,60,1,1,0,computed
PPI_UNPROCESSED_INTERMEDIATE_GOODS,pairwise,old_vs_new,PPICRM,WPSID62,6,60,1985-08-01,1990-07-01,60,1,1,0,computed
PPI_UNPROCESSED_INTERMEDIATE_GOODS,pairwise,old_vs_new,PPICRM,WPSID62,6,60,1985-09-01,1990-08-01,60,1,1,0,computed
PPI_UNPROCESSED_INTERMEDIATE_GOODS,pairwise,old_vs_new,PPICRM,WPSID62,6,60,1985-10-01,1990-09-01,60,1,1,0,computed
PPI_UNPROCESSED_INTERMEDIATE_GOODS,pairwise,old_vs_new,PPICRM,WPSID62,6,60,1985-11-01,1990-10-01,60,1,1,0,computed
PPI_UNPROCESSED_INTERMEDIATE_GOODS,pairwise,old_vs_new,PPICRM,WPSID62,6,60,1985-12-01,1990-11-01,60,1,1,0,computed
PPI_UNPROCESSED_INTERMEDIATE_GOODS,pairwise,old_vs_new,PPICRM,WPSID62,6,60,1986-01-01,1990-12-01,60,1,1,0,computed
PPI_UNPROCESSED_INTERMEDIATE_GOODS,pairwise,old_vs_new,PPICRM,WPSID62,6,60,1986-02-01,1991-01-01,60,1,1,0,computed
PPI_UNPROCESSED_INTERMEDIATE_GOODS,pairwise,old_vs_new,PPICRM,WPSID62,6,60,1986-03-01,1991-02-01,60,1,1,0,computed
PPI_UNPROCESSED_INTERMEDIATE_GOODS,pairwise,old_vs_new,PPICRM,WPSID62,6,60,1986-04-01,1991-03-01,60,1,1,0,computed
PPI_UNPROCESSED_INTERMEDIATE_GOODS,pairwise,old_vs_new,PPICRM,WPSID62,6,60,1986-05-01,1991-04-01,60,1,1,0,computed
PPI_UNPROCESSED_INTERMEDIATE_GOODS,pairwise,old_vs_new,PPICRM,WPSID62,6,60,1986-06-01,1991-05-01,60,1,1,0,computed
PPI_UNPROCESSED_INTERMEDIATE_GOODS,pairwise,old_vs_new,PPICRM,WPSID62,6,60,1986-07-01,1991-06-01,60,1,1,0,computed
PPI_UNPROCESSED_INTERMEDIATE_GOODS,pairwise,old_vs_new,PPICRM,WPSID62,6,60,1986-08-01,1991-07-01,60,1,1,0,computed
PPI_UNPROCESSED_INTERMEDIATE_GOODS,pairwise,old_vs_new,PPICRM,WPSID62,6,60,1986-09-01,1991-08-01,60,1,1,0,computed
PPI_UNPROCESSED_INTERMEDIATE_GOODS,pairwise,old_vs_new,PPICRM,WPSID62,6,60,1986-10-01,1991-09-01,60,1,1,0,computed
PPI_UNPROCESSED_INTERMEDIATE_GOODS,pairwise,old_vs_new,PPICRM,WPSID62,6,60,1986-11-01,1991-10-01,60,1,1,0,computed
PPI_UNPROCESSED_INTERMEDIATE_GOODS,pairwise,old_vs_new,PPICRM,WPSID62,6,60,1986-12-01,1991-11-01,60,1,1,0,computed
PPI_UNPROCESSED_INTERMEDIATE_GOODS,pairwise,old_vs_new,PPICRM,WPSID62,6,60,1987-01-01,1991-12-01,60,1,1,0,computed
PPI_UNPROCESSED_INTERMEDIATE_GOODS,pairwise,old_vs_new,PPICRM,WPSID62,6,60,1987-02-01,1992-01-01,60,1,1,0,computed
PPI_UNPROCESSED_INTERMEDIATE_GOODS,pairwise,old_vs_new,PPICRM,WPSID62,6,60,1987-03-01,1992-02-01,60,1,1,0,computed
PPI_UNPROCESSED_INTERMEDIATE_GOODS,pairwise,old_vs_new,PPICRM,WPSID62,6,60,1987-04-01,1992-03-01,60,1,1,0,computed
PPI_UNPROCESSED_INTERMEDIATE_GOODS,pairwise,old_vs_new,PPICRM,WPSID62,6,60,1987-05-01,1992-04-01,60,1,1,0,computed
PPI_UNPROCESSED_INTERMEDIATE_GOODS,pairwise,old_vs_new,PPICRM,WPSID62,6,60,1987-06-01,1992-05-01,60,1,1,0,computed
PPI_UNPROCESSED_INTERMEDIATE_GOODS,pairwise,old_vs_new,PPICRM,WPSID62,6,60,1987-07-01,1992-06-01,60,1,1,0,computed
PPI_UNPROCESSED_INTERMEDIATE_GOODS,pairwise,old_vs_new,PPICRM,WPSID62,6,60,1987-08-01,1992-07-01,60,1,1,0,computed
PPI_UNPROCESSED_INTERMEDIATE_GOODS,pairwise,old_vs_new,PPICRM,WPSID62,6,60,1987-09-01,1992-08-01,60,1,1,0,computed
PPI_UNPROCESSED_INTERMEDIATE_GOODS,pairwise,old_vs_new,PPICRM,WPSID62,6,60,1987-10-01,1992-09-01,60,1,1,0,computed
PPI_UNPROCESSED_INTERMEDIATE_GOODS,pairwise,old_vs_new,PPICRM,WPSID62,6,60,1987-11-01,1992-10-01,60,1,1,0,computed
PPI_UNPROCESSED_INTERMEDIATE_GOODS,pairwise,old_vs_new,PPICRM,WPSID62,6,60,1987-12-01,1992-11-01,60,1,1,0,computed
PPI_UNPROCESSED_INTERMEDIATE_GOODS,pairwise,old_vs_new,PPICRM,WPSID62,6,60,1988-01-01,1992-12-01,60,1,1,0,computed
PPI_UNPROCESSED_INTERMEDIATE_GOODS,pairwise,old_vs_new,PPICRM,WPSID62,6,60,1988-02-01,1993-01-01,60,1,1,0,computed
PPI_UNPROCESSED_INTERMEDIATE_GOODS,pairwise,old_vs_new,PPICRM,WPSID62,6,60,1988-03-01,1993-02-01,60,1,1,0,computed
PPI_UNPROCESSED_INTERMEDIATE_GOODS,pairwise,old_vs_new,PPICRM,WPSID62,6,60,1988-04-01,1993-03-01,60,1,1,0,computed
PPI_UNPROCESSED_INTERMEDIATE_GOODS,pairwise,old_vs_new,PPICRM,WPSID62,6,60,1988-05-01,1993-04-01,60,1,1,0,computed
PPI_UNPROCESSED_INTERMEDIATE_GOODS,pairwise,old_vs_new,PPICRM,WPSID62,6,60,1988-06-01,1993-05-01,60,1,1,0,computed
PPI_UNPROCESSED_INTERMEDIATE_GOODS,pairwise,old_vs_new,PPICRM,WPSID62,6,60,1988-07-01,1993-06-01,60,1,1,0,computed
PPI_UNPROCESSED_INTERMEDIATE_GOODS,pairwise,old_vs_new,PPICRM,WPSID62,6,60,1988-08-01,1993-07-01,60,1,1,0,computed
PPI_UNPROCESSED_INTERMEDIATE_GOODS,pairwise,old_vs_new,PPICRM,WPSID62,6,60,1988-09-01,1993-08-01,60,1,1,0,computed
PPI_UNPROCESSED_INTERMEDIATE_GOODS,pairwise,old_vs_new,PPICRM,WPSID62,6,60,1988-10-01,1993-09-01,60,1,1,0,computed
PPI_UNPROCESSED_INTERMEDIATE_GOODS,pairwise,old_vs_new,PPICRM,WPSID62,6,60,1988-11-01,1993-10-01,60,1,1,0,computed
PPI_UNPROCESSED_INTERMEDIATE_GOODS,pairwise,old_vs_new,PPICRM,WPSID62,6,60,1988-12-01,1993-11-01,60,1,1,0,computed
PPI_UNPROCESSED_INTERMEDIATE_GOODS,pairwise,old_vs_new,PPICRM,WPSID62,6,60,1989-01-01,1993-12-01,60,1,1,0,computed
PPI_UNPROCESSED_INTERMEDIATE_GOODS,pairwise,old_vs_new,PPICRM,WPSID62,6,60,1989-02-01,1994-01-01,60,1,1,0,computed
PPI_UNPROCESSED_INTERMEDIATE_GOODS,pairwise,old_vs_new,PPICRM,WPSID62,6,60,1989-03-01,1994-02-01,60,1,1,0,computed
PPI_UNPROCESSED_INTERMEDIATE_GOODS,pairwise,old_vs_new,PPICRM,WPSID62,6,60,1989-04-01,1994-03-01,60,1,1,0,computed
PPI_UNPROCESSED_INTERMEDIATE_GOODS,pairwise,old_vs_new,PPICRM,WPSID62,6,60,1989-05-01,1994-04-01,60,1,1,0,computed
PPI_UNPROCESSED_INTERMEDIATE_GOODS,pairwise,old_vs_new,PPICRM,WPSID62,6,60,1989-06-01,1994-05-01,60,1,1,0,computed
PPI_UNPROCESSED_INTERMEDIATE_GOODS,pairwise,old_vs_new,PPICRM,WPSID62,6,60,1989-07-01,1994-06-01,60,1,1,0,computed
PPI_UNPROCESSED_INTERMEDIATE_GOODS,pairwise,old_vs_new,PPICRM,WPSID62,6,60,1989-08-01,1994-07-01,60,1,1,0,computed
PPI_UNPROCESSED_INTERMEDIATE_GOODS,pairwise,old_vs_new,PPICRM,WPSID62,6,60,1989-09-01,1994-08-01,60,1,1,0,computed
PPI_UNPROCESSED_INTERMEDIATE_GOODS,pairwise,old_vs_new,PPICRM,WPSID62,6,60,1989-10-01,1994-09-01,60,1,1,0,computed
PPI_UNPROCESSED_INTERMEDIATE_GOODS,pairwise,old_vs_new,PPICRM,WPSID62,6,60,1989-11-01,1994-10-01,60,1,1,0,computed
PPI_UNPROCESSED_INTERMEDIATE_GOODS,pairwise,old_vs_new,PPICRM,WPSID62,6,60,1989-12-01,1994-11-01,60,1,1,0,computed
PPI_UNPROCESSED_INTERMEDIATE_GOODS,pairwise,old_vs_new,PPICRM,WPSID62,6,60,1990-01-01,1994-12-01,60,1,1,0,computed
PPI_UNPROCESSED_INTERMEDIATE_GOODS,pairwise,old_vs_new,PPICRM,WPSID62,6,60,1990-02-01,1995-01-01,60,1,1,0,computed
PPI_UNPROCESSED_INTERMEDIATE_GOODS,pairwise,old_vs_new,PPICRM,WPSID62,6,60,1990-03-01,1995-02-01,60,1,1,0,computed
PPI_UNPROCESSED_INTERMEDIATE_GOODS,pairwise,old_vs_new,PPICRM,WPSID62,6,60,1990-04-01,1995-03-01,60,1,1,0,computed
PPI_UNPROCESSED_INTERMEDIATE_GOODS,pairwise,old_vs_new,PPICRM,WPSID62,6,60,1990-05-01,1995-04-01,60,1,1,0,computed
PPI_UNPROCESSED_INTERMEDIATE_GOODS,pairwise,old_vs_new,PPICRM,WPSID62,6,60,1990-06-01,1995-05-01,60,1,1,0,computed
PPI_UNPROCESSED_INTERMEDIATE_GOODS,pairwise,old_vs_new,PPICRM,WPSID62,6,60,1990-07-01,1995-06-01,60,1,1,0,computed
PPI_UNPROCESSED_INTERMEDIATE_GOODS,pairwise,old_vs_new,PPICRM,WPSID62,6,60,1990-08-01,1995-07-01,60,1,1,0,computed
PPI_UNPROCESSED_INTERMEDIATE_GOODS,pairwise,old_vs_new,PPICRM,WPSID62,6,60,1990-09-01,1995-08-01,60,1,1,0,computed
PPI_UNPROCESSED_INTERMEDIATE_GOODS,pairwise,old_vs_new,PPICRM,WPSID62,6,60,1990-10-01,1995-09-01,60,1,1,0,computed
PPI_UNPROCESSED_INTERMEDIATE_GOODS,pairwise,old_vs_new,PPICRM,WPSID62,6,60,1990-11-01,1995-10-01,60,1,1,0,computed
PPI_UNPROCESSED_INTERMEDIATE_GOODS,pairwise,old_vs_new,PPICRM,WPSID62,6,60,1990-12-01,1995-11-01,60,1,1,0,computed
PPI_UNPROCESSED_INTERMEDIATE_GOODS,pairwise,old_vs_new,PPICRM,WPSID62,6,60,1991-01-01,1995-12-01,60,1,1,0,computed
PPI_UNPROCESSED_INTERMEDIATE_GOODS,pairwise,old_vs_new,PPICRM,WPSID62,6,60,1991-02-01,1996-01-01,60,1,1,0,computed
PPI_UNPROCESSED_INTERMEDIATE_GOODS,pairwise,old_vs_new,PPICRM,WPSID62,6,60,1991-03-01,1996-02-01,60,1,1,0,computed
PPI_UNPROCESSED_INTERMEDIATE_GOODS,pairwise,old_vs_new,PPICRM,WPSID62,6,60,1991-04-01,1996-03-01,60,1,1,0,computed
PPI_UNPROCESSED_INTERMEDIATE_GOODS,pairwise,old_vs_new,PPICRM,WPSID62,6,60,1991-05-01,1996-04-01,60,1,1,0,computed
PPI_UNPROCESSED_INTERMEDIATE_GOODS,pairwise,old_vs_new,PPICRM,WPSID62,6,60,1991-06-01,1996-05-01,60,1,1,0,computed
PPI_UNPROCESSED_INTERMEDIATE_GOODS,pairwise,old_vs_new,PPICRM,WPSID62,6,60,1991-07-01,1996-06-01,60,1,1,0,computed
PPI_UNPROCESSED_INTERMEDIATE_GOODS,pairwise,old_vs_new,PPICRM,WPSID62,6,60,1991-08-01,1996-07-01,60,1,1,0,computed
PPI_UNPROCESSED_INTERMEDIATE_GOODS,pairwise,old_vs_new,PPICRM,WPSID62,6,60,1991-09-01,1996-08-01,60,1,1,0,computed
PPI_UNPROCESSED_INTERMEDIATE_GOODS,pairwise,old_vs_new,PPICRM,WPSID62,6,60,1991-10-01,1996-09-01,60,1,1,0,computed
PPI_UNPROCESSED_INTERMEDIATE_GOODS,pairwise,old_vs_new,PPICRM,WPSID62,6,60,1991-11-01,1996-10-01,60,1,1,0,computed
PPI_UNPROCESSED_INTERMEDIATE_GOODS,pairwise,old_vs_new,PPICRM,WPSID62,6,60,1991-12-01,1996-11-01,60,1,1,0,computed
PPI_UNPROCESSED_INTERMEDIATE_GOODS,pairwise,old_vs_new,PPICRM,WPSID62,6,60,1992-01-01,1996-12-01,60,1,1,0,computed
PPI_UNPROCESSED_INTERMEDIATE_GOODS,pairwise,old_vs_new,PPICRM,WPSID62,6,60,1992-02-01,1997-01-01,60,1,1,0,computed
PPI_UNPROCESSED_INTERMEDIATE_GOODS,pairwise,old_vs_new,PPICRM,WPSID62,6,60,1992-03-01,1997-02-01,60,1,1,0,computed
PPI_UNPROCESSED_INTERMEDIATE_GOODS,pairwise,old_vs_new,PPICRM,WPSID62,6,60,1992-04-01,1997-03-01,60,1,1,0,computed
PPI_UNPROCESSED_INTERMEDIATE_GOODS,pairwise,old_vs_new,PPICRM,WPSID62,6,60,1992-05-01,1997-04-01,60,1,1,0,computed
PPI_UNPROCESSED_INTERMEDIATE_GOODS,pairwise,old_vs_new,PPICRM,WPSID62,6,60,1992-06-01,1997-05-01,60,1,1,0,computed
PPI_UNPROCESSED_INTERMEDIATE_GOODS,pairwise,old_vs_new,PPICRM,WPSID62,6,60,1992-07-01,1997-06-01,60,1,1,0,computed
PPI_UNPROCESSED_INTERMEDIATE_GOODS,pairwise,old_vs_new,PPICRM,WPSID62,6,60,1992-08-01,1997-07-01,60,1,1,0,computed
PPI_UNPROCESSED_INTERMEDIATE_GOODS,pairwise,old_vs_new,PPICRM,WPSID62,6,60,1992-09-01,1997-08-01,60,1,1,0,computed
PPI_UNPROCESSED_INTERMEDIATE_GOODS,pairwise,old_vs_new,PPICRM,WPSID62,6,60,1992-10-01,1997-09-01,60,1,1,0,computed
PPI_UNPROCESSED_INTERMEDIATE_GOODS,pairwise,old_vs_new,PPICRM,WPSID62,6,60,1992-11-01,1997-10-01,60,1,1,0,computed
PPI_UNPROCESSED_INTERMEDIATE_GOODS,pairwise,old_vs_new,PPICRM,WPSID62,6,60,1992-12-01,1997-11-01,60,1,1,0,computed
PPI_UNPROCESSED_INTERMEDIATE_GOODS,pairwise,old_vs_new,PPICRM,WPSID62,6,60,1993-01-01,1997-12-01,60,1,1,0,computed
PPI_UNPROCESSED_INTERMEDIATE_GOODS,pairwise,old_vs_new,PPICRM,WPSID62,6,60,1993-02-01,1998-01-01,60,1,1,0,computed
PPI_UNPROCESSED_INTERMEDIATE_GOODS,pairwise,old_vs_new,PPICRM,WPSID62,6,60,1993-03-01,1998-02-01,60,1,1,0,computed
PPI_UNPROCESSED_INTERMEDIATE_GOODS,pairwise,old_vs_new,PPICRM,WPSID62,6,60,1993-04-01,1998-03-01,60,1,1,0,computed
PPI_UNPROCESSED_INTERMEDIATE_GOODS,pairwise,old_vs_new,PPICRM,WPSID62,6,60,1993-05-01,1998-04-01,60,1,1,0,computed
PPI_UNPROCESSED_INTERMEDIATE_GOODS,pairwise,old_vs_new,PPICRM,WPSID62,6,60,1993-06-01,1998-05-01,60,1,1,0,computed
PPI_UNPROCESSED_INTERMEDIATE_GOODS,pairwise,old_vs_new,PPICRM,WPSID62,6,60,1993-07-01,1998-06-01,60,1,1,0,computed
PPI_UNPROCESSED_INTERMEDIATE_GOODS,pairwise,old_vs_new,PPICRM,WPSID62,6,60,1993-08-01,1998-07-01,60,1,1,0,computed
PPI_UNPROCESSED_INTERMEDIATE_GOODS,pairwise,old_vs_new,PPICRM,WPSID62,6,60,1993-09-01,1998-08-01,60,1,1,0,computed
PPI_UNPROCESSED_INTERMEDIATE_GOODS,pairwise,old_vs_new,PPICRM,WPSID62,6,60,1993-10-01,1998-09-01,60,1,1,0,computed
PPI_UNPROCESSED_INTERMEDIATE_GOODS,pairwise,old_vs_new,PPICRM,WPSID62,6,60,1993-11-01,1998-10-01,60,1,1,0,computed
PPI_UNPROCESSED_INTERMEDIATE_GOODS,pairwise,old_vs_new,PPICRM,WPSID62,6,60,1993-12-01,1998-11-01,60,1,1,0,computed
PPI_UNPROCESSED_INTERMEDIATE_GOODS,pairwise,old_vs_new,PPICRM,WPSID62,6,60,1994-01-01,1998-12-01,60,1,1,0,computed
PPI_UNPROCESSED_INTERMEDIATE_GOODS,pairwise,old_vs_new,PPICRM,WPSID62,6,60,1994-02-01,1999-01-01,60,1,1,0,computed
PPI_UNPROCESSED_INTERMEDIATE_GOODS,pairwise,old_vs_new,PPICRM,WPSID62,6,60,1994-03-01,1999-02-01,60,1,1,0,computed
PPI_UNPROCESSED_INTERMEDIATE_GOODS,pairwise,old_vs_new,PPICRM,WPSID62,6,60,1994-04-01,1999-03-01,60,1,1,0,computed
PPI_UNPROCESSED_INTERMEDIATE_GOODS,pairwise,old_vs_new,PPICRM,WPSID62,6,60,1994-05-01,1999-04-01,60,1,1,0,computed
PPI_UNPROCESSED_INTERMEDIATE_GOODS,pairwise,old_vs_new,PPICRM,WPSID62,6,60,1994-06-01,1999-05-01,60,1,1,0,computed
PPI_UNPROCESSED_INTERMEDIATE_GOODS,pairwise,old_vs_new,PPICRM,WPSID62,6,60,1994-07-01,1999-06-01,60,1,1,0,computed
PPI_UNPROCESSED_INTERMEDIATE_GOODS,pairwise,old_vs_new,PPICRM,WPSID62,6,60,1994-08-01,1999-07-01,60,1,1,0,computed
PPI_UNPROCESSED_INTERMEDIATE_GOODS,pairwise,old_vs_new,PPICRM,WPSID62,6,60,1994-09-01,1999-08-01,60,1,1,0,computed
PPI_UNPROCESSED_INTERMEDIATE_GOODS,pairwise,old_vs_new,PPICRM,WPSID62,6,60,1994-10-01,1999-09-01,60,1,1,0,computed
PPI_UNPROCESSED_INTERMEDIATE_GOODS,pairwise,old_vs_new,PPICRM,WPSID62,6,60,1994-11-01,1999-10-01,60,1,1,0,computed
PPI_UNPROCESSED_INTERMEDIATE_GOODS,pairwise,old_vs_new,PPICRM,WPSID62,6,60,1994-12-01,1999-11-01,60,1,1,0,computed
PPI_UNPROCESSED_INTERMEDIATE_GOODS,pairwise,old_vs_new,PPICRM,WPSID62,6,60,1995-01-01,1999-12-01,60,1,1,0,computed
PPI_UNPROCESSED_INTERMEDIATE_GOODS,pairwise,old_vs_new,PPICRM,WPSID62,6,60,1995-02-01,2000-01-01,60,1,1,0,computed
PPI_UNPROCESSED_INTERMEDIATE_GOODS,pairwise,old_vs_new,PPICRM,WPSID62,6,60,1995-03-01,2000-02-01,60,1,1,0,computed
PPI_UNPROCESSED_INTERMEDIATE_GOODS,pairwise,old_vs_new,PPICRM,WPSID62,6,60,1995-04-01,2000-03-01,60,1,1,0,computed
PPI_UNPROCESSED_INTERMEDIATE_GOODS,pairwise,old_vs_new,PPICRM,WPSID62,6,60,1995-05-01,2000-04-01,60,1,1,0,computed
PPI_UNPROCESSED_INTERMEDIATE_GOODS,pairwise,old_vs_new,PPICRM,WPSID62,6,60,1995-06-01,2000-05-01,60,1,1,0,computed
PPI_UNPROCESSED_INTERMEDIATE_GOODS,pairwise,old_vs_new,PPICRM,WPSID62,6,60,1995-07-01,2000-06-01,60,1,1,0,computed
PPI_UNPROCESSED_INTERMEDIATE_GOODS,pairwise,old_vs_new,PPICRM,WPSID62,6,60,1995-08-01,2000-07-01,60,1,1,0,computed
PPI_UNPROCESSED_INTERMEDIATE_GOODS,pairwise,old_vs_new,PPICRM,WPSID62,6,60,1995-09-01,2000-08-01,60,1,1,0,computed
PPI_UNPROCESSED_INTERMEDIATE_GOODS,pairwise,old_vs_new,PPICRM,WPSID62,6,60,1995-10-01,2000-09-01,60,1,1,0,computed
PPI_UNPROCESSED_INTERMEDIATE_GOODS,pairwise,old_vs_new,PPICRM,WPSID62,6,60,1995-11-01,2000-10-01,60,1,1,0,computed
PPI_UNPROCESSED_INTERMEDIATE_GOODS,pairwise,old_vs_new,PPICRM,WPSID62,6,60,1995-12-01,2000-11-01,60,1,1,0,computed
PPI_UNPROCESSED_INTERMEDIATE_GOODS,pairwise,old_vs_new,PPICRM,WPSID62,6,60,1996-01-01,2000-12-01,60,1,1,0,computed
PPI_UNPROCESSED_INTERMEDIATE_GOODS,pairwise,old_vs_new,PPICRM,WPSID62,6,60,1996-02-01,2001-01-01,60,1,1,0,computed
PPI_UNPROCESSED_INTERMEDIATE_GOODS,pairwise,old_vs_new,PPICRM,WPSID62,6,60,1996-03-01,2001-02-01,60,1,1,0,computed
PPI_UNPROCESSED_INTERMEDIATE_GOODS,pairwise,old_vs_new,PPICRM,WPSID62,6,60,1996-04-01,2001-03-01,60,1,1,0,computed
PPI_UNPROCESSED_INTERMEDIATE_GOODS,pairwise,old_vs_new,PPICRM,WPSID62,6,60,1996-05-01,2001-04-01,60,1,1,0,computed
PPI_UNPROCESSED_INTERMEDIATE_GOODS,pairwise,old_vs_new,PPICRM,WPSID62,6,60,1996-06-01,2001-05-01,60,1,1,0,computed
PPI_UNPROCESSED_INTERMEDIATE_GOODS,pairwise,old_vs_new,PPICRM,WPSID62,6,60,1996-07-01,2001-06-01,60,1,1,0,computed
PPI_UNPROCESSED_INTERMEDIATE_GOODS,pairwise,old_vs_new,PPICRM,WPSID62,6,60,1996-08-01,2001-07-01,60,1,1,0,computed
PPI_UNPROCESSED_INTERMEDIATE_GOODS,pairwise,old_vs_new,PPICRM,WPSID62,6,60,1996-09-01,2001-08-01,60,1,1,0,computed
PPI_UNPROCESSED_INTERMEDIATE_GOODS,pairwise,old_vs_new,PPICRM,WPSID62,6,60,1996-10-01,2001-09-01,60,1,1,0,computed
PPI_UNPROCESSED_INTERMEDIATE_GOODS,pairwise,old_vs_new,PPICRM,WPSID62,6,60,1996-11-01,2001-10-01,60,1,1,0,computed
PPI_UNPROCESSED_INTERMEDIATE_GOODS,pairwise,old_vs_new,PPICRM,WPSID62,6,60,1996-12-01,2001-11-01,60,1,1,0,computed
PPI_UNPROCESSED_INTERMEDIATE_GOODS,pairwise,old_vs_new,PPICRM,WPSID62,6,60,1997-01-01,2001-12-01,60,1,1,0,computed
PPI_UNPROCESSED_INTERMEDIATE_GOODS,pairwise,old_vs_new,PPICRM,WPSID62,6,60,1997-02-01,2002-01-01,60,1,1,0,computed
PPI_UNPROCESSED_INTERMEDIATE_GOODS,pairwise,old_vs_new,PPICRM,WPSID62,6,60,1997-03-01,2002-02-01,60,1,1,0,computed
PPI_UNPROCESSED_INTERMEDIATE_GOODS,pairwise,old_vs_new,PPICRM,WPSID62,6,60,1997-04-01,2002-03-01,60,1,1,0,computed
PPI_UNPROCESSED_INTERMEDIATE_GOODS,pairwise,old_vs_new,PPICRM,WPSID62,6,60,1997-05-01,2002-04-01,60,1,1,0,computed
PPI_UNPROCESSED_INTERMEDIATE_GOODS,pairwise,old_vs_new,PPICRM,WPSID62,6,60,1997-06-01,2002-05-01,60,1,1,0,computed
PPI_UNPROCESSED_INTERMEDIATE_GOODS,pairwise,old_vs_new,PPICRM,WPSID62,6,60,1997-07-01,2002-06-01,60,1,1,0,computed
PPI_UNPROCESSED_INTERMEDIATE_GOODS,pairwise,old_vs_new,PPICRM,WPSID62,6,60,1997-08-01,2002-07-01,60,1,1,0,computed
PPI_UNPROCESSED_INTERMEDIATE_GOODS,pairwise,old_vs_new,PPICRM,WPSID62,6,60,1997-09-01,2002-08-01,60,1,1,0,computed
PPI_UNPROCESSED_INTERMEDIATE_GOODS,pairwise,old_vs_new,PPICRM,WPSID62,6,60,1997-10-01,2002-09-01,60,1,1,0,computed
PPI_UNPROCESSED_INTERMEDIATE_GOODS,pairwise,old_vs_new,PPICRM,WPSID62,6,60,1997-11-01,2002-10-01,60,1,1,0,computed
PPI_UNPROCESSED_INTERMEDIATE_GOODS,pairwise,old_vs_new,PPICRM,WPSID62,6,60,1997-12-01,2002-11-01,60,1,1,0,computed
PPI_UNPROCESSED_INTERMEDIATE_GOODS,pairwise,old_vs_new,PPICRM,WPSID62,6,60,1998-01-01,2002-12-01,60,1,1,0,computed
PPI_UNPROCESSED_INTERMEDIATE_GOODS,pairwise,old_vs_new,PPICRM,WPSID62,6,60,1998-02-01,2003-01-01,60,1,1,0,computed
PPI_UNPROCESSED_INTERMEDIATE_GOODS,pairwise,old_vs_new,PPICRM,WPSID62,6,60,1998-03-01,2003-02-01,60,1,1,0,computed
PPI_UNPROCESSED_INTERMEDIATE_GOODS,pairwise,old_vs_new,PPICRM,WPSID62,6,60,1998-04-01,2003-03-01,60,1,1,0,computed
PPI_UNPROCESSED_INTERMEDIATE_GOODS,pairwise,old_vs_new,PPICRM,WPSID62,6,60,1998-05-01,2003-04-01,60,1,1,0,computed
PPI_UNPROCESSED_INTERMEDIATE_GOODS,pairwise,old_vs_new,PPICRM,WPSID62,6,60,1998-06-01,2003-05-01,60,1,1,0,computed
PPI_UNPROCESSED_INTERMEDIATE_GOODS,pairwise,old_vs_new,PPICRM,WPSID62,6,60,1998-07-01,2003-06-01,60,1,1,0,computed
PPI_UNPROCESSED_INTERMEDIATE_GOODS,pairwise,old_vs_new,PPICRM,WPSID62,6,60,1998-08-01,2003-07-01,60,1,1,0,computed
PPI_UNPROCESSED_INTERMEDIATE_GOODS,pairwise,old_vs_new,PPICRM,WPSID62,6,60,1998-09-01,2003-08-01,60,1,1,0,computed
PPI_UNPROCESSED_INTERMEDIATE_GOODS,pairwise,old_vs_new,PPICRM,WPSID62,6,60,1998-10-01,2003-09-01,60,1,1,0,computed
PPI_UNPROCESSED_INTERMEDIATE_GOODS,pairwise,old_vs_new,PPICRM,WPSID62,6,60,1998-11-01,2003-10-01,60,1,1,0,computed
PPI_UNPROCESSED_INTERMEDIATE_GOODS,pairwise,old_vs_new,PPICRM,WPSID62,6,60,1998-12-01,2003-11-01,60,1,1,0,computed
PPI_UNPROCESSED_INTERMEDIATE_GOODS,pairwise,old_vs_new,PPICRM,WPSID62,6,60,1999-01-01,2003-12-01,60,1,1,0,computed
PPI_UNPROCESSED_INTERMEDIATE_GOODS,pairwise,old_vs_new,PPICRM,WPSID62,6,60,1999-02-01,2004-01-01,60,1,1,0,computed
PPI_UNPROCESSED_INTERMEDIATE_GOODS,pairwise,old_vs_new,PPICRM,WPSID62,6,60,1999-03-01,2004-02-01,60,1,1,0,computed
PPI_UNPROCESSED_INTERMEDIATE_GOODS,pairwise,old_vs_new,PPICRM,WPSID62,6,60,1999-04-01,2004-03-01,60,1,1,0,computed
PPI_UNPROCESSED_INTERMEDIATE_GOODS,pairwise,old_vs_new,PPICRM,WPSID62,6,60,1999-05-01,2004-04-01,60,1,1,0,computed
PPI_UNPROCESSED_INTERMEDIATE_GOODS,pairwise,old_vs_new,PPICRM,WPSID62,6,60,1999-06-01,2004-05-01,60,1,1,0,computed
PPI_UNPROCESSED_INTERMEDIATE_GOODS,pairwise,old_vs_new,PPICRM,WPSID62,6,60,1999-07-01,2004-06-01,60,1,1,0,computed
PPI_UNPROCESSED_INTERMEDIATE_GOODS,pairwise,old_vs_new,PPICRM,WPSID62,6,60,1999-08-01,2004-07-01,60,1,1,0,computed
PPI_UNPROCESSED_INTERMEDIATE_GOODS,pairwise,old_vs_new,PPICRM,WPSID62,6,60,1999-09-01,2004-08-01,60,1,1,0,computed
PPI_UNPROCESSED_INTERMEDIATE_GOODS,pairwise,old_vs_new,PPICRM,WPSID62,6,60,1999-10-01,2004-09-01,60,1,1,0,computed
PPI_UNPROCESSED_INTERMEDIATE_GOODS,pairwise,old_vs_new,PPICRM,WPSID62,6,60,1999-11-01,2004-10-01,60,1,1,0,computed
PPI_UNPROCESSED_INTERMEDIATE_GOODS,pairwise,old_vs_new,PPICRM,WPSID62,6,60,1999-12-01,2004-11-01,60,1,1,0,computed
PPI_UNPROCESSED_INTERMEDIATE_GOODS,pairwise,old_vs_new,PPICRM,WPSID62,6,60,2000-01-01,2004-12-01,60,1,1,0,computed
PPI_UNPROCESSED_INTERMEDIATE_GOODS,pairwise,old_vs_new,PPICRM,WPSID62,6,60,2000-02-01,2005-01-01,60,1,1,0,computed
PPI_UNPROCESSED_INTERMEDIATE_GOODS,pairwise,old_vs_new,PPICRM,WPSID62,6,60,2000-03-01,2005-02-01,60,1,1,0,computed
PPI_UNPROCESSED_INTERMEDIATE_GOODS,pairwise,old_vs_new,PPICRM,WPSID62,6,60,2000-04-01,2005-03-01,60,1,1,0,computed
PPI_UNPROCESSED_INTERMEDIATE_GOODS,pairwise,old_vs_new,PPICRM,WPSID62,6,60,2000-05-01,2005-04-01,60,1,1,0,computed
PPI_UNPROCESSED_INTERMEDIATE_GOODS,pairwise,old_vs_new,PPICRM,WPSID62,6,60,2000-06-01,2005-05-01,60,1,1,0,computed
PPI_UNPROCESSED_INTERMEDIATE_GOODS,pairwise,old_vs_new,PPICRM,WPSID62,6,60,2000-07-01,2005-06-01,60,1,1,0,computed
PPI_UNPROCESSED_INTERMEDIATE_GOODS,pairwise,old_vs_new,PPICRM,WPSID62,6,60,2000-08-01,2005-07-01,60,1,1,0,computed
PPI_UNPROCESSED_INTERMEDIATE_GOODS,pairwise,old_vs_new,PPICRM,WPSID62,6,60,2000-09-01,2005-08-01,60,1,1,0,computed
PPI_UNPROCESSED_INTERMEDIATE_GOODS,pairwise,old_vs_new,PPICRM,WPSID62,6,60,2000-10-01,2005-09-01,60,1,1,0,computed
PPI_UNPROCESSED_INTERMEDIATE_GOODS,pairwise,old_vs_new,PPICRM,WPSID62,6,60,2000-11-01,2005-10-01,60,1,1,0,computed
PPI_UNPROCESSED_INTERMEDIATE_GOODS,pairwise,old_vs_new,PPICRM,WPSID62,6,60,2000-12-01,2005-11-01,60,1,1,0,computed
PPI_UNPROCESSED_INTERMEDIATE_GOODS,pairwise,old_vs_new,PPICRM,WPSID62,6,60,2001-01-01,2005-12-01,60,1,1,0,computed
PPI_UNPROCESSED_INTERMEDIATE_GOODS,pairwise,old_vs_new,PPICRM,WPSID62,6,60,2001-02-01,2006-01-01,60,1,1,0,computed
PPI_UNPROCESSED_INTERMEDIATE_GOODS,pairwise,old_vs_new,PPICRM,WPSID62,6,60,2001-03-01,2006-02-01,60,1,1,0,computed
PPI_UNPROCESSED_INTERMEDIATE_GOODS,pairwise,old_vs_new,PPICRM,WPSID62,6,60,2001-04-01,2006-03-01,60,1,1,0,computed
PPI_UNPROCESSED_INTERMEDIATE_GOODS,pairwise,old_vs_new,PPICRM,WPSID62,6,60,2001-05-01,2006-04-01,60,1,1,0,computed
PPI_UNPROCESSED_INTERMEDIATE_GOODS,pairwise,old_vs_new,PPICRM,WPSID62,6,60,2001-06-01,2006-05-01,60,1,1,0,computed
PPI_UNPROCESSED_INTERMEDIATE_GOODS,pairwise,old_vs_new,PPICRM,WPSID62,6,60,2001-07-01,2006-06-01,60,1,1,0,computed
PPI_UNPROCESSED_INTERMEDIATE_GOODS,pairwise,old_vs_new,PPICRM,WPSID62,6,60,2001-08-01,2006-07-01,60,1,1,0,computed
PPI_UNPROCESSED_INTERMEDIATE_GOODS,pairwise,old_vs_new,PPICRM,WPSID62,6,60,2001-09-01,2006-08-01,60,1,1,0,computed
PPI_UNPROCESSED_INTERMEDIATE_GOODS,pairwise,old_vs_new,PPICRM,WPSID62,6,60,2001-10-01,2006-09-01,60,1,1,0,computed
PPI_UNPROCESSED_INTERMEDIATE_GOODS,pairwise,old_vs_new,PPICRM,WPSID62,6,60,2001-11-01,2006-10-01,60,1,1,0,computed
PPI_UNPROCESSED_INTERMEDIATE_GOODS,pairwise,old_vs_new,PPICRM,WPSID62,6,60,2001-12-01,2006-11-01,60,1,1,0,computed
PPI_UNPROCESSED_INTERMEDIATE_GOODS,pairwise,old_vs_new,PPICRM,WPSID62,6,60,2002-01-01,2006-12-01,60,1,1,0,computed
PPI_UNPROCESSED_INTERMEDIATE_GOODS,pairwise,old_vs_new,PPICRM,WPSID62,6,60,2002-02-01,2007-01-01,60,1,1,0,computed
PPI_UNPROCESSED_INTERMEDIATE_GOODS,pairwise,old_vs_new,PPICRM,WPSID62,6,60,2002-03-01,2007-02-01,60,1,1,0,computed
PPI_UNPROCESSED_INTERMEDIATE_GOODS,pairwise,old_vs_new,PPICRM,WPSID62,6,60,2002-04-01,2007-03-01,60,1,1,0,computed
PPI_UNPROCESSED_INTERMEDIATE_GOODS,pairwise,old_vs_new,PPICRM,WPSID62,6,60,2002-05-01,2007-04-01,60,1,1,0,computed
PPI_UNPROCESSED_INTERMEDIATE_GOODS,pairwise,old_vs_new,PPICRM,WPSID62,6,60,2002-06-01,2007-05-01,60,1,1,0,computed
PPI_UNPROCESSED_INTERMEDIATE_GOODS,pairwise,old_vs_new,PPICRM,WPSID62,6,60,2002-07-01,2007-06-01,60,1,1,0,computed
PPI_UNPROCESSED_INTERMEDIATE_GOODS,pairwise,old_vs_new,PPICRM,WPSID62,6,60,2002-08-01,2007-07-01,60,1,1,0,computed
PPI_UNPROCESSED_INTERMEDIATE_GOODS,pairwise,old_vs_new,PPICRM,WPSID62,6,60,2002-09-01,2007-08-01,60,1,1,0,computed
PPI_UNPROCESSED_INTERMEDIATE_GOODS,pairwise,old_vs_new,PPICRM,WPSID62,6,60,2002-10-01,2007-09-01,60,1,1,0,computed
PPI_UNPROCESSED_INTERMEDIATE_GOODS,pairwise,old_vs_new,PPICRM,WPSID62,6,60,2002-11-01,2007-10-01,60,1,1,0,computed
PPI_UNPROCESSED_INTERMEDIATE_GOODS,pairwise,old_vs_new,PPICRM,WPSID62,6,60,2002-12-01,2007-11-01,60,1,1,0,computed
PPI_UNPROCESSED_INTERMEDIATE_GOODS,pairwise,old_vs_new,PPICRM,WPSID62,6,60,2003-01-01,2007-12-01,60,1,1,0,computed
PPI_UNPROCESSED_INTERMEDIATE_GOODS,pairwise,old_vs_new,PPICRM,WPSID62,6,60,2003-02-01,2008-01-01,60,1,1,0,computed
PPI_UNPROCESSED_INTERMEDIATE_GOODS,pairwise,old_vs_new,PPICRM,WPSID62,6,60,2003-03-01,2008-02-01,60,1,1,0,computed
PPI_UNPROCESSED_INTERMEDIATE_GOODS,pairwise,old_vs_new,PPICRM,WPSID62,6,60,2003-04-01,2008-03-01,60,1,1,0,computed
PPI_UNPROCESSED_INTERMEDIATE_GOODS,pairwise,old_vs_new,PPICRM,WPSID62,6,60,2003-05-01,2008-04-01,60,1,1,0,computed
PPI_UNPROCESSED_INTERMEDIATE_GOODS,pairwise,old_vs_new,PPICRM,WPSID62,6,60,2003-06-01,2008-05-01,60,1,1,0,computed
PPI_UNPROCESSED_INTERMEDIATE_GOODS,pairwise,old_vs_new,PPICRM,WPSID62,6,60,2003-07-01,2008-06-01,60,1,1,0,computed
PPI_UNPROCESSED_INTERMEDIATE_GOODS,pairwise,old_vs_new,PPICRM,WPSID62,6,60,2003-08-01,2008-07-01,60,1,1,0,computed
PPI_UNPROCESSED_INTERMEDIATE_GOODS,pairwise,old_vs_new,PPICRM,WPSID62,6,60,2003-09-01,2008-08-01,60,1,1,0,computed
PPI_UNPROCESSED_INTERMEDIATE_GOODS,pairwise,old_vs_new,PPICRM,WPSID62,6,60,2003-10-01,2008-09-01,60,1,1,0,computed
PPI_UNPROCESSED_INTERMEDIATE_GOODS,pairwise,old_vs_new,PPICRM,WPSID62,6,60,2003-11-01,2008-10-01,60,1,1,0,computed
PPI_UNPROCESSED_INTERMEDIATE_GOODS,pairwise,old_vs_new,PPICRM,WPSID62,6,60,2003-12-01,2008-11-01,60,1,1,0,computed
PPI_UNPROCESSED_INTERMEDIATE_GOODS,pairwise,old_vs_new,PPICRM,WPSID62,6,60,2004-01-01,2008-12-01,60,1,1,0,computed
PPI_UNPROCESSED_INTERMEDIATE_GOODS,pairwise,old_vs_new,PPICRM,WPSID62,6,60,2004-02-01,2009-01-01,60,1,1,0,computed
PPI_UNPROCESSED_INTERMEDIATE_GOODS,pairwise,old_vs_new,PPICRM,WPSID62,6,60,2004-03-01,2009-02-01,60,1,1,0,computed
PPI_UNPROCESSED_INTERMEDIATE_GOODS,pairwise,old_vs_new,PPICRM,WPSID62,6,60,2004-04-01,2009-03-01,60,1,1,0,computed
PPI_UNPROCESSED_INTERMEDIATE_GOODS,pairwise,old_vs_new,PPICRM,WPSID62,6,60,2004-05-01,2009-04-01,60,1,1,0,computed
PPI_UNPROCESSED_INTERMEDIATE_GOODS,pairwise,old_vs_new,PPICRM,WPSID62,6,60,2004-06-01,2009-05-01,60,1,1,0,computed
PPI_UNPROCESSED_INTERMEDIATE_GOODS,pairwise,old_vs_new,PPICRM,WPSID62,6,60,2004-07-01,2009-06-01,60,1,1,0,computed
PPI_UNPROCESSED_INTERMEDIATE_GOODS,pairwise,old_vs_new,PPICRM,WPSID62,6,60,2004-08-01,2009-07-01,60,1,1,0,computed
PPI_UNPROCESSED_INTERMEDIATE_GOODS,pairwise,old_vs_new,PPICRM,WPSID62,6,60,2004-09-01,2009-08-01,60,1,1,0,computed
PPI_UNPROCESSED_INTERMEDIATE_GOODS,pairwise,old_vs_new,PPICRM,WPSID62,6,60,2004-10-01,2009-09-01,60,1,1,0,computed
PPI_UNPROCESSED_INTERMEDIATE_GOODS,pairwise,old_vs_new,PPICRM,WPSID62,6,60,2004-11-01,2009-10-01,60,1,1,0,computed
PPI_UNPROCESSED_INTERMEDIATE_GOODS,pairwise,old_vs_new,PPICRM,WPSID62,6,60,2004-12-01,2009-11-01,60,1,1,0,computed
PPI_UNPROCESSED_INTERMEDIATE_GOODS,pairwise,old_vs_new,PPICRM,WPSID62,6,60,2005-01-01,2009-12-01,60,1,1,0,computed
PPI_UNPROCESSED_INTERMEDIATE_GOODS,pairwise,old_vs_new,PPICRM,WPSID62,6,60,2005-02-01,2010-01-01,60,0.999999501836302,0.999925227886686,0.00100936820380253,computed
PPI_UNPROCESSED_INTERMEDIATE_GOODS,pairwise,old_vs_new,PPICRM,WPSID62,6,60,2005-03-01,2010-02-01,60,0.999999073532499,0.999744388709745,0.0013848496923292,computed
PPI_UNPROCESSED_INTERMEDIATE_GOODS,pairwise,old_vs_new,PPICRM,WPSID62,6,60,2005-04-01,2010-03-01,60,0.99999851300944,0.999834035714612,0.00173733725058876,computed
PPI_UNPROCESSED_INTERMEDIATE_GOODS,pairwise,old_vs_new,PPICRM,WPSID62,6,60,2005-05-01,2010-04-01,60,0.999997979396566,0.999882942466736,0.00201356308072416,computed
PPI_UNPROCESSED_INTERMEDIATE_GOODS,pairwise,old_vs_new,PPICRM,WPSID62,6,60,2005-06-01,2010-05-01,60,0.999997947663801,0.999881097880773,0.00202936493963486,computed
PPI_UNPROCESSED_INTERMEDIATE_GOODS,pairwise,old_vs_new,PPICRM,WPSID62,6,60,2005-07-01,2010-06-01,60,0.999997946191017,0.999881012264973,0.00203009538963084,computed
PPI_UNPROCESSED_INTERMEDIATE_GOODS,pairwise,old_vs_new,PPICRM,WPSID62,6,60,2005-08-01,2010-07-01,60,0.999997918297159,0.99987939066139,0.00204388114829919,computed
PPI_UNPROCESSED_INTERMEDIATE_GOODS,pairwise,old_vs_new,PPICRM,WPSID62,6,60,2005-09-01,2010-08-01,60,0.999997917287117,0.999879331939966,0.00204437861295391,computed
PPI_UNPROCESSED_INTERMEDIATE_GOODS,pairwise,old_vs_new,PPICRM,WPSID62,6,60,2005-10-01,2010-09-01,60,0.999997889787979,0.999877733130861,0.00205787686967095,computed
PPI_UNPROCESSED_INTERMEDIATE_GOODS,pairwise,old_vs_new,PPICRM,WPSID62,6,60,2005-11-01,2010-10-01,60,0.999997394939394,0.999970342606526,0.00228638129082798,computed
PPI_UNPROCESSED_INTERMEDIATE_GOODS,pairwise,old_vs_new,PPICRM,WPSID62,6,60,2005-12-01,2010-11-01,60,0.999996799843835,1.00001837117223,0.00252997426991875,computed
PPI_UNPROCESSED_INTERMEDIATE_GOODS,pairwise,old_vs_new,PPICRM,WPSID62,6,60,2006-01-01,2010-12-01,60,0.999996805231359,1.00001608005267,0.00252783136712523,computed
PPI_UNPROCESSED_INTERMEDIATE_GOODS,pairwise,old_vs_new,PPICRM,WPSID62,6,60,2006-02-01,2011-01-01,60,0.999996778892186,1.00001571228108,0.00253822367939879,computed
PPI_UNPROCESSED_INTERMEDIATE_GOODS,pairwise,old_vs_new,PPICRM,WPSID62,6,60,2006-03-01,2011-02-01,60,0.999996641186322,1.0000163129331,0.00259191283771075,computed
PPI_UNPROCESSED_INTERMEDIATE_GOODS,pairwise,old_vs_new,PPICRM,WPSID62,6,60,2006-04-01,2011-03-01,60,0.999994952484918,0.99998167856627,0.0031858763061471,computed
PPI_UNPROCESSED_INTERMEDIATE_GOODS,pairwise,old_vs_new,PPICRM,WPSID62,6,60,2006-05-01,2011-04-01,60,0.999984527978177,0.99965261404445,0.00558394159426719,computed
PPI_UNPROCESSED_INTERMEDIATE_GOODS,pairwise,old_vs_new,PPICRM,WPSID62,6,60,2006-06-01,2011-05-01,60,0.999981520499706,0.999186847969427,0.0061310817582244,computed
PPI_UNPROCESSED_INTERMEDIATE_GOODS,pairwise,old_vs_new,PPICRM,WPSID62,6,60,2006-07-01,2011-06-01,60,0.999981124156913,0.999123741308784,0.00620479203454721,computed
PPI_UNPROCESSED_INTERMEDIATE_GOODS,pairwise,old_vs_new,PPICRM,WPSID62,6,60,2006-08-01,2011-07-01,60,0.999967233496033,0.999098607224455,0.0081807045673171,computed
PPI_UNPROCESSED_INTERMEDIATE_GOODS,pairwise,old_vs_new,PPICRM,WPSID62,6,60,2006-09-01,2011-08-01,60,0.999879992191466,0.998493200126935,0.0155807038833209,computed
PPI_UNPROCESSED_INTERMEDIATE_GOODS,pairwise,old_vs_new,PPICRM,WPSID62,6,60,2006-10-01,2011-09-01,60,0.99985281972176,0.998141545183521,0.0172414429497971,computed
PPI_UNPROCESSED_INTERMEDIATE_GOODS,pairwise,old_vs_new,PPICRM,WPSID62,6,60,2006-11-01,2011-10-01,60,0.99985105045128,0.998118956780352,0.0173458081379064,computed
PPI_UNPROCESSED_INTERMEDIATE_GOODS,pairwise,old_vs_new,PPICRM,WPSID62,6,60,2006-12-01,2011-11-01,60,0.999808100806994,0.998263710303133,0.0196575301159659,computed
PPI_UNPROCESSED_INTERMEDIATE_GOODS,pairwise,old_vs_new,PPICRM,WPSID62,6,60,2007-01-01,2011-12-01,60,0.999767390603298,0.999266873848006,0.0215799778600249,computed
PPI_UNPROCESSED_INTERMEDIATE_GOODS,pairwise,old_vs_new,PPICRM,WPSID62,6,60,2007-02-01,2012-01-01,60,0.99973786461921,0.998694040559455,0.0229602595613454,computed
PPI_UNPROCESSED_INTERMEDIATE_GOODS,pairwise,old_vs_new,PPICRM,WPSID62,6,60,2007-03-01,2012-02-01,60,0.999530076557224,0.997621126763695,0.0307253552804349,computed
PPI_UNPROCESSED_INTERMEDIATE_GOODS,pairwise,old_vs_new,PPICRM,WPSID62,6,60,2007-04-01,2012-03-01,60,0.999454538217543,0.997055829758571,0.0331146641387153,computed
PPI_UNPROCESSED_INTERMEDIATE_GOODS,pairwise,old_vs_new,PPICRM,WPSID62,6,60,2007-05-01,2012-04-01,60,0.999460103653454,0.996997126202138,0.0329497130643145,computed
PPI_UNPROCESSED_INTERMEDIATE_GOODS,pairwise,old_vs_new,PPICRM,WPSID62,6,60,2007-06-01,2012-05-01,60,0.99941336600475,0.996940311173479,0.0343492752804714,computed
PPI_UNPROCESSED_INTERMEDIATE_GOODS,pairwise,old_vs_new,PPICRM,WPSID62,6,60,2007-07-01,2012-06-01,60,0.999404711229172,0.996922592463112,0.0346200341531008,computed
PPI_UNPROCESSED_INTERMEDIATE_GOODS,pairwise,old_vs_new,PPICRM,WPSID62,6,60,2007-08-01,2012-07-01,60,0.999417632828604,0.996220799771906,0.0342848497201172,computed
PPI_UNPROCESSED_INTERMEDIATE_GOODS,pairwise,old_vs_new,PPICRM,WPSID62,6,60,2007-09-01,2012-08-01,60,0.999341845424682,0.995760331528278,0.0364578324340525,computed
PPI_UNPROCESSED_INTERMEDIATE_GOODS,pairwise,old_vs_new,PPICRM,WPSID62,6,60,2007-10-01,2012-09-01,60,0.999310701272346,0.994985175840152,0.0373753033350666,computed
PPI_UNPROCESSED_INTERMEDIATE_GOODS,pairwise,old_vs_new,PPICRM,WPSID62,6,60,2007-11-01,2012-10-01,60,0.999263028574241,0.995361437518054,0.0385930625509681,computed
PPI_UNPROCESSED_INTERMEDIATE_GOODS,pairwise,old_vs_new,PPICRM,WPSID62,6,60,2007-12-01,2012-11-01,60,0.999244672092906,0.99557165769643,0.0390333191135394,computed
PPI_UNPROCESSED_INTERMEDIATE_GOODS,pairwise,old_vs_new,PPICRM,WPSID62,6,60,2008-01-01,2012-12-01,60,0.999218058733232,0.995491695011164,0.0397235957572631,computed
PPI_UNPROCESSED_INTERMEDIATE_GOODS,pairwise,old_vs_new,PPICRM,WPSID62,6,60,2008-02-01,2013-01-01,60,0.999215635599691,0.995526135353474,0.0397887049783541,computed
PPI_UNPROCESSED_INTERMEDIATE_GOODS,pairwise,old_vs_new,PPICRM,WPSID62,6,60,2008-03-01,2013-02-01,60,0.998734427954766,0.994815209466929,0.0505265742327139,computed
PPI_UNPROCESSED_INTERMEDIATE_GOODS,pairwise,old_vs_new,PPICRM,WPSID62,6,60,2008-04-01,2013-03-01,60,0.998209132212291,0.994112678720565,0.0599760185652407,computed
PPI_UNPROCESSED_INTERMEDIATE_GOODS,pairwise,old_vs_new,PPICRM,WPSID62,6,60,2008-05-01,2013-04-01,60,0.998125115471865,0.994125582137713,0.0613379142007464,computed
PPI_UNPROCESSED_INTERMEDIATE_GOODS,pairwise,old_vs_new,PPICRM,WPSID62,6,60,2008-06-01,2013-05-01,60,0.998115397401518,0.993995754660978,0.0615032305809124,computed
PPI_UNPROCESSED_INTERMEDIATE_GOODS,pairwise,old_vs_new,PPICRM,WPSID62,6,60,2008-07-01,2013-06-01,60,0.998077951270047,0.993577414956549,0.0621406579629406,computed
PPI_UNPROCESSED_INTERMEDIATE_GOODS,pairwise,old_vs_new,PPICRM,WPSID62,6,60,2008-08-01,2013-07-01,60,0.998030302274057,0.99306692781252,0.0629313546291019,computed
PPI_UNPROCESSED_INTERMEDIATE_GOODS,pairwise,old_vs_new,PPICRM,WPSID62,6,60,2008-09-01,2013-08-01,60,0.997620011578319,0.991289379108627,0.0692415299830608,computed
PPI_UNPROCESSED_INTERMEDIATE_GOODS,pairwise,old_vs_new,PPICRM,WPSID62,6,60,2008-10-01,2013-09-01,60,0.997540428806282,0.990838547604028,0.0704149163752923,computed
PPI_UNPROCESSED_INTERMEDIATE_GOODS,pairwise,old_vs_new,PPICRM,WPSID62,6,60,2008-11-01,2013-10-01,60,0.997133028655259,0.988985597207629,0.0761113016774414,computed
PPI_UNPROCESSED_INTERMEDIATE_GOODS,pairwise,old_vs_new,PPICRM,WPSID62,6,60,2008-12-01,2013-11-01,60,0.997012786991384,0.989310794123503,0.077625089056892,computed
PPI_UNPROCESSED_INTERMEDIATE_GOODS,pairwise,old_vs_new,PPICRM,WPSID62,6,60,2009-01-01,2013-12-01,60,0.996814166992322,0.988176383574334,0.0802363049035603,computed
PPI_UNPROCESSED_INTERMEDIATE_GOODS,pairwise,old_vs_new,PPICRM,WPSID62,6,60,2009-02-01,2014-01-01,60,0.996731048819171,0.987892967687193,0.0812739170467452,computed
PPI_UNPROCESSED_INTERMEDIATE_GOODS,pairwise,old_vs_new,PPICRM,WPSID62,6,60,2009-03-01,2014-02-01,60,0.996536323353583,0.989500792486469,0.0834765450998185,computed
PPI_UNPROCESSED_INTERMEDIATE_GOODS,pairwise,old_vs_new,PPICRM,WPSID62,6,60,2009-04-01,2014-03-01,60,0.996439557209647,0.991948325470087,0.0844297340446233,computed
PPI_UNPROCESSED_INTERMEDIATE_GOODS,pairwise,old_vs_new,PPICRM,WPSID62,6,60,2009-05-01,2014-04-01,60,0.996386457712339,0.991827368360665,0.0850576991622413,computed
PPI_UNPROCESSED_INTERMEDIATE_GOODS,pairwise,old_vs_new,PPICRM,WPSID62,6,60,2009-06-01,2014-05-01,60,0.996368358309611,0.992395689385982,0.0852447739238218,computed
PPI_UNPROCESSED_INTERMEDIATE_GOODS,pairwise,old_vs_new,PPICRM,WPSID62,6,60,2009-07-01,2014-06-01,60,0.996311890340732,0.992460450813579,0.085892817947933,computed
PPI_UNPROCESSED_INTERMEDIATE_GOODS,pairwise,old_vs_new,PPICRM,WPSID62,6,60,2009-08-01,2014-07-01,60,0.995936017877653,0.991717394674307,0.0901625190484533,computed
PPI_UNPROCESSED_INTERMEDIATE_GOODS,pairwise,old_vs_new,PPICRM,WPSID62,6,60,2009-09-01,2014-08-01,60,0.995430906327215,0.990541804647506,0.0956117506690821,computed
PPI_UNPROCESSED_INTERMEDIATE_GOODS,pairwise,old_vs_new,PPICRM,WPSID62,6,60,2009-10-01,2014-09-01,60,0.995139405036848,0.992252071946951,0.0985520265940577,computed
PPI_UNPROCESSED_INTERMEDIATE_GOODS,pairwise,old_vs_new,PPICRM,WPSID62,6,60,2009-11-01,2014-10-01,60,0.994332159912275,0.995316996814721,0.106323340462686,computed
PPI_UNPROCESSED_INTERMEDIATE_GOODS,pairwise,old_vs_new,PPICRM,WPSID62,6,60,2009-12-01,2014-11-01,60,0.99429799574647,0.994746107451174,0.106644301459136,computed
PPI_UNPROCESSED_INTERMEDIATE_GOODS,pairwise,old_vs_new,PPICRM,WPSID62,6,60,2010-01-01,2014-12-01,60,0.994378580980327,0.996893752923897,0.105945533104116,computed
PPI_UNPROCESSED_INTERMEDIATE_GOODS,pairwise,old_vs_new,PPICRM,WPSID62,6,60,2010-02-01,2015-01-01,60,0.994367022440919,0.995595357877265,0.106005623518696,computed
PPI_UNPROCESSED_INTERMEDIATE_GOODS,pairwise,old_vs_new,PPICRM,WPSID62,6,60,2010-03-01,2015-02-01,60,0.993586936327629,1.00426624963958,0.113596307296189,computed
PPI_UNPROCESSED_INTERMEDIATE_GOODS,pairwise,old_vs_new,PPICRM,WPSID62,6,60,2010-04-01,2015-03-01,60,0.993046302852192,1.00038685253222,0.117966193104407,computed
PPI_UNPROCESSED_INTERMEDIATE_GOODS,pairwise,old_vs_new,PPICRM,WPSID62,6,60,2010-05-01,2015-04-01,60,0.99290815997747,1.00109050288091,0.119165559750126,computed
PPI_UNPROCESSED_INTERMEDIATE_GOODS,pairwise,old_vs_new,PPICRM,WPSID62,6,60,2010-06-01,2015-05-01,60,0.992882510897371,0.999634921465501,0.119297198155113,computed
PPI_UNPROCESSED_INTERMEDIATE_GOODS,pairwise,old_vs_new,PPICRM,WPSID62,6,60,2010-07-01,2015-06-01,60,0.992900651515789,0.998092078559937,0.119060215955408,computed
PPI_UNPROCESSED_INTERMEDIATE_GOODS,pairwise,old_vs_new,PPICRM,WPSID62,6,60,2010-08-01,2015-07-01,60,0.992714392503497,0.997076849759526,0.120575128027924,computed
PPI_UNPROCESSED_INTERMEDIATE_GOODS,pairwise,old_vs_new,PPICRM,WPSID62,6,60,2010-09-01,2015-08-01,60,0.99230586999381,0.996651518681215,0.123980711763361,computed
PPI_UNPROCESSED_INTERMEDIATE_GOODS,pairwise,old_vs_new,PPICRM,WPSID62,6,60,2010-10-01,2015-09-01,60,0.992196559564548,0.996714971254544,0.124883956947434,computed
PPI_UNPROCESSED_INTERMEDIATE_GOODS,pairwise,old_vs_new,PPICRM,WPSID62,6,60,2010-11-01,2015-10-01,60,0.986614264285334,0.987131669763102,0.163278279454172,computed
PPI_UNPROCESSED_INTERMEDIATE_GOODS,pairwise,old_vs_new,PPICRM,WPSID62,6,60,2010-12-01,2015-11-01,60,0.983927420103836,0.972016243277496,0.178985755583953,computed
PPI_UNPROCESSED_INTERMEDIATE_GOODS,pairwise,old_vs_new,PPICRM,WPSID62,6,60,2011-01-01,2015-12-01,60,0.980865888158739,0.966393655826678,0.195349384937921,computed
TRADE_WEIGHTED_USD_ADVANCED_ECONOMIES,fred_md_splice,old_vs_new,TWEXMMTH,TWEXAFEGSMTH,5,60,2006-02-01,2011-01-01,60,0.998861703121257,1.01441962461552,0.0509710434809101,computed
TRADE_WEIGHTED_USD_ADVANCED_ECONOMIES,fred_md_splice,old_vs_new,TWEXMMTH,TWEXAFEGSMTH,5,60,2006-03-01,2011-02-01,60,0.998880730560288,1.01488360378852,0.0508244088421131,computed
TRADE_WEIGHTED_USD_ADVANCED_ECONOMIES,fred_md_splice,old_vs_new,TWEXMMTH,TWEXAFEGSMTH,5,60,2006-04-01,2011-03-01,60,0.998886601541863,1.01465914957644,0.0506278845582183,computed
TRADE_WEIGHTED_USD_ADVANCED_ECONOMIES,fred_md_splice,old_vs_new,TWEXMMTH,TWEXAFEGSMTH,5,60,2006-05-01,2011-04-01,60,0.998887476608517,1.01491861793246,0.0506209278057016,computed
TRADE_WEIGHTED_USD_ADVANCED_ECONOMIES,fred_md_splice,old_vs_new,TWEXMMTH,TWEXAFEGSMTH,5,60,2006-06-01,2011-05-01,60,0.998827078742326,1.01556841878657,0.0521351955162073,computed
TRADE_WEIGHTED_USD_ADVANCED_ECONOMIES,fred_md_splice,old_vs_new,TWEXMMTH,TWEXAFEGSMTH,5,60,2006-07-01,2011-06-01,60,0.998830947622957,1.01600834131128,0.0523200336934178,computed
TRADE_WEIGHTED_USD_ADVANCED_ECONOMIES,fred_md_splice,old_vs_new,TWEXMMTH,TWEXAFEGSMTH,5,60,2006-08-01,2011-07-01,60,0.998825401885233,1.01615281453935,0.0524078385333301,computed
TRADE_WEIGHTED_USD_ADVANCED_ECONOMIES,fred_md_splice,old_vs_new,TWEXMMTH,TWEXAFEGSMTH,5,60,2006-09-01,2011-08-01,60,0.998828522142857,1.01601972501695,0.0525042944083246,computed
TRADE_WEIGHTED_USD_ADVANCED_ECONOMIES,fred_md_splice,old_vs_new,TWEXMMTH,TWEXAFEGSMTH,5,60,2006-10-01,2011-09-01,60,0.998887582221362,1.01655855881924,0.051724405770679,computed
TRADE_WEIGHTED_USD_ADVANCED_ECONOMIES,fred_md_splice,old_vs_new,TWEXMMTH,TWEXAFEGSMTH,5,60,2006-11-01,2011-10-01,60,0.998889471192675,1.01683898209627,0.0518921244838754,computed
TRADE_WEIGHTED_USD_ADVANCED_ECONOMIES,fred_md_splice,old_vs_new,TWEXMMTH,TWEXAFEGSMTH,5,60,2006-12-01,2011-11-01,60,0.99887758425665,1.01657372159376,0.0518510613148179,computed
TRADE_WEIGHTED_USD_ADVANCED_ECONOMIES,fred_md_splice,old_vs_new,TWEXMMTH,TWEXAFEGSMTH,5,60,2007-01-01,2011-12-01,60,0.998876358867464,1.01611285787387,0.0516243833524631,computed
TRADE_WEIGHTED_USD_ADVANCED_ECONOMIES,fred_md_splice,old_vs_new,TWEXMMTH,TWEXAFEGSMTH,5,60,2007-02-01,2012-01-01,60,0.99887336424145,1.01682887764745,0.0519805331995114,computed
TRADE_WEIGHTED_USD_ADVANCED_ECONOMIES,fred_md_splice,old_vs_new,TWEXMMTH,TWEXAFEGSMTH,5,60,2007-03-01,2012-02-01,60,0.998874322444549,1.01714782607344,0.05196355504309,computed
TRADE_WEIGHTED_USD_ADVANCED_ECONOMIES,fred_md_splice,old_vs_new,TWEXMMTH,TWEXAFEGSMTH,5,60,2007-04-01,2012-03-01,60,0.998837559638662,1.01671281450656,0.0521935664974877,computed
TRADE_WEIGHTED_USD_ADVANCED_ECONOMIES,fred_md_splice,old_vs_new,TWEXMMTH,TWEXAFEGSMTH,5,60,2007-05-01,2012-04-01,60,0.998842074022137,1.01610802003321,0.0520556400939767,computed
TRADE_WEIGHTED_USD_ADVANCED_ECONOMIES,fred_md_splice,old_vs_new,TWEXMMTH,TWEXAFEGSMTH,5,60,2007-06-01,2012-05-01,60,0.998869520766063,1.0156378673449,0.0515295318332862,computed
TRADE_WEIGHTED_USD_ADVANCED_ECONOMIES,fred_md_splice,old_vs_new,TWEXMMTH,TWEXAFEGSMTH,5,60,2007-07-01,2012-06-01,60,0.998908676485086,1.015571782006,0.0510044804206012,computed
TRADE_WEIGHTED_USD_ADVANCED_ECONOMIES,fred_md_splice,old_vs_new,TWEXMMTH,TWEXAFEGSMTH,5,60,2007-08-01,2012-07-01,60,0.998877680637297,1.01536437348234,0.0514735259701946,computed
TRADE_WEIGHTED_USD_ADVANCED_ECONOMIES,fred_md_splice,old_vs_new,TWEXMMTH,TWEXAFEGSMTH,5,60,2007-09-01,2012-08-01,60,0.998906219786256,1.01543283206977,0.0506551453241651,computed
TRADE_WEIGHTED_USD_ADVANCED_ECONOMIES,fred_md_splice,old_vs_new,TWEXMMTH,TWEXAFEGSMTH,5,60,2007-10-01,2012-09-01,60,0.998909708234583,1.01540848753905,0.0505697832657706,computed
TRADE_WEIGHTED_USD_ADVANCED_ECONOMIES,fred_md_splice,old_vs_new,TWEXMMTH,TWEXAFEGSMTH,5,60,2007-11-01,2012-10-01,60,0.998888481825206,1.01462822269538,0.0509589810656392,computed
TRADE_WEIGHTED_USD_ADVANCED_ECONOMIES,fred_md_splice,old_vs_new,TWEXMMTH,TWEXAFEGSMTH,5,60,2007-12-01,2012-11-01,60,0.99887542431247,1.01526117804038,0.0511907655848309,computed
TRADE_WEIGHTED_USD_ADVANCED_ECONOMIES,fred_md_splice,old_vs_new,TWEXMMTH,TWEXAFEGSMTH,5,60,2008-01-01,2012-12-01,60,0.998846632182096,1.01534653554878,0.0515980332935747,computed
TRADE_WEIGHTED_USD_ADVANCED_ECONOMIES,fred_md_splice,old_vs_new,TWEXMMTH,TWEXAFEGSMTH,5,60,2008-02-01,2013-01-01,60,0.998893896750345,1.01573907588646,0.0504891840739002,computed
TRADE_WEIGHTED_USD_ADVANCED_ECONOMIES,fred_md_splice,old_vs_new,TWEXMMTH,TWEXAFEGSMTH,5,60,2008-03-01,2013-02-01,60,0.99889933689839,1.0158984717712,0.0504828534945412,computed
TRADE_WEIGHTED_USD_ADVANCED_ECONOMIES,fred_md_splice,old_vs_new,TWEXMMTH,TWEXAFEGSMTH,5,60,2008-04-01,2013-03-01,60,0.998934866704391,1.01797842684936,0.0503161879107076,computed
TRADE_WEIGHTED_USD_ADVANCED_ECONOMIES,fred_md_splice,old_vs_new,TWEXMMTH,TWEXAFEGSMTH,5,60,2008-05-01,2013-04-01,60,0.998916453408292,1.01807841413209,0.0506334071023107,computed
TRADE_WEIGHTED_USD_ADVANCED_ECONOMIES,fred_md_splice,old_vs_new,TWEXMMTH,TWEXAFEGSMTH,5,60,2008-06-01,2013-05-01,60,0.998914214528096,1.0179008607035,0.0506027553990363,computed
TRADE_WEIGHTED_USD_ADVANCED_ECONOMIES,fred_md_splice,old_vs_new,TWEXMMTH,TWEXAFEGSMTH,5,60,2008-07-01,2013-06-01,60,0.998904554559368,1.01768593036605,0.0508901859858619,computed
TRADE_WEIGHTED_USD_ADVANCED_ECONOMIES,fred_md_splice,old_vs_new,TWEXMMTH,TWEXAFEGSMTH,5,60,2008-08-01,2013-07-01,60,0.998907158736169,1.01749529057811,0.0508078914405553,computed
TRADE_WEIGHTED_USD_ADVANCED_ECONOMIES,fred_md_splice,old_vs_new,TWEXMMTH,TWEXAFEGSMTH,5,60,2008-09-01,2013-08-01,60,0.998813440091195,1.01756536694236,0.052664578152809,computed
TRADE_WEIGHTED_USD_ADVANCED_ECONOMIES,fred_md_splice,old_vs_new,TWEXMMTH,TWEXAFEGSMTH,5,60,2008-10-01,2013-09-01,60,0.998791884470064,1.01685299097822,0.0526007690410641,computed
TRADE_WEIGHTED_USD_ADVANCED_ECONOMIES,fred_md_splice,old_vs_new,TWEXMMTH,TWEXAFEGSMTH,5,60,2008-11-01,2013-10-01,60,0.998713332575398,1.00589928826671,0.0512733168333857,computed
TRADE_WEIGHTED_USD_ADVANCED_ECONOMIES,fred_md_splice,old_vs_new,TWEXMMTH,TWEXAFEGSMTH,5,60,2008-12-01,2013-11-01,60,0.998894485567948,0.999701931514285,0.0470290641199605,computed
TRADE_WEIGHTED_USD_ADVANCED_ECONOMIES,fred_md_splice,old_vs_new,TWEXMMTH,TWEXAFEGSMTH,5,60,2009-01-01,2013-12-01,60,0.999109352172761,1.00408886522816,0.0426929130141405,computed
TRADE_WEIGHTED_USD_ADVANCED_ECONOMIES,fred_md_splice,old_vs_new,TWEXMMTH,TWEXAFEGSMTH,5,60,2009-02-01,2014-01-01,60,0.999134994763368,1.00381174397539,0.0421265258147814,computed
TRADE_WEIGHTED_USD_ADVANCED_ECONOMIES,fred_md_splice,old_vs_new,TWEXMMTH,TWEXAFEGSMTH,5,60,2009-03-01,2014-02-01,60,0.999111821253061,1.00547323167307,0.0427919102919751,computed
TRADE_WEIGHTED_USD_ADVANCED_ECONOMIES,fred_md_splice,old_vs_new,TWEXMMTH,TWEXAFEGSMTH,5,60,2009-04-01,2014-03-01,60,0.999133031183084,1.0058751547139,0.0422660620592147,computed
TRADE_WEIGHTED_USD_ADVANCED_ECONOMIES,fred_md_splice,old_vs_new,TWEXMMTH,TWEXAFEGSMTH,5,60,2009-05-01,2014-04-01,60,0.999153354851641,1.00449948923914,0.0415336820453109,computed
TRADE_WEIGHTED_USD_ADVANCED_ECONOMIES,fred_md_splice,old_vs_new,TWEXMMTH,TWEXAFEGSMTH,5,60,2009-06-01,2014-05-01,60,0.999044054346212,1.00281789198526,0.0439061971933804,computed
TRADE_WEIGHTED_USD_ADVANCED_ECONOMIES,fred_md_splice,old_vs_new,TWEXMMTH,TWEXAFEGSMTH,5,60,2009-07-01,2014-06-01,60,0.999085689813657,0.999404312152312,0.0427552644399773,computed
TRADE_WEIGHTED_USD_ADVANCED_ECONOMIES,fred_md_splice,old_vs_new,TWEXMMTH,TWEXAFEGSMTH,5,60,2009-08-01,2014-07-01,60,0.999092253665685,0.999923310056585,0.0426434046686942,computed
TRADE_WEIGHTED_USD_ADVANCED_ECONOMIES,fred_md_splice,old_vs_new,TWEXMMTH,TWEXAFEGSMTH,5,60,2009-09-01,2014-08-01,60,0.999093109880911,0.999815730393596,0.0426001375318356,computed
TRADE_WEIGHTED_USD_ADVANCED_ECONOMIES,fred_md_splice,old_vs_new,TWEXMMTH,TWEXAFEGSMTH,5,60,2009-10-01,2014-09-01,60,0.999177939473699,1.00052375996489,0.0407046938941537,computed
TRADE_WEIGHTED_USD_ADVANCED_ECONOMIES,fred_md_splice,old_vs_new,TWEXMMTH,TWEXAFEGSMTH,5,60,2009-11-01,2014-10-01,60,0.999170393921615,1.00111225620544,0.0409216196919307,computed
TRADE_WEIGHTED_USD_ADVANCED_ECONOMIES,fred_md_splice,old_vs_new,TWEXMMTH,TWEXAFEGSMTH,5,60,2009-12-01,2014-11-01,60,0.999170719563752,0.999637747735138,0.0409352079876119,computed
TRADE_WEIGHTED_USD_ADVANCED_ECONOMIES,fred_md_splice,old_vs_new,TWEXMMTH,TWEXAFEGSMTH,5,60,2010-01-01,2014-12-01,60,0.999179773128141,0.999341053207567,0.0407501581803818,computed
TRADE_WEIGHTED_USD_ADVANCED_ECONOMIES,fred_md_splice,old_vs_new,TWEXMMTH,TWEXAFEGSMTH,5,60,2010-02-01,2015-01-01,60,0.99926410205393,0.999058758390811,0.0385758463463215,computed
TRADE_WEIGHTED_USD_ADVANCED_ECONOMIES,fred_md_splice,old_vs_new,TWEXMMTH,TWEXAFEGSMTH,5,60,2010-03-01,2015-02-01,60,0.999286256904356,0.996792603047779,0.0383203011684096,computed
TRADE_WEIGHTED_USD_ADVANCED_ECONOMIES,fred_md_splice,old_vs_new,TWEXMMTH,TWEXAFEGSMTH,5,60,2010-04-01,2015-03-01,60,0.999320286606345,0.996574218939567,0.0375296925342592,computed
TRADE_WEIGHTED_USD_ADVANCED_ECONOMIES,fred_md_splice,old_vs_new,TWEXMMTH,TWEXAFEGSMTH,5,60,2010-05-01,2015-04-01,60,0.999416347357485,0.996508345584611,0.0346214762790542,computed
TRADE_WEIGHTED_USD_ADVANCED_ECONOMIES,fred_md_splice,old_vs_new,TWEXMMTH,TWEXAFEGSMTH,5,60,2010-06-01,2015-05-01,60,0.999458730266782,0.992962379967713,0.0342655331461628,computed
TRADE_WEIGHTED_USD_ADVANCED_ECONOMIES,fred_md_splice,old_vs_new,TWEXMMTH,TWEXAFEGSMTH,5,60,2010-07-01,2015-06-01,60,0.999458264498694,0.992982885747943,0.0342708981764931,computed
TRADE_WEIGHTED_USD_ADVANCED_ECONOMIES,fred_md_splice,old_vs_new,TWEXMMTH,TWEXAFEGSMTH,5,60,2010-08-01,2015-07-01,60,0.999436592207365,0.994566501134062,0.0348013396071902,computed
TRADE_WEIGHTED_USD_ADVANCED_ECONOMIES,fred_md_splice,old_vs_new,TWEXMMTH,TWEXAFEGSMTH,5,60,2010-09-01,2015-08-01,60,0.999413495801321,0.994745793370663,0.0353539507276211,computed
TRADE_WEIGHTED_USD_ADVANCED_ECONOMIES,fred_md_splice,old_vs_new,TWEXMMTH,TWEXAFEGSMTH,5,60,2010-10-01,2015-09-01,60,0.99933243292676,0.994777698833408,0.0373832935305129,computed
TRADE_WEIGHTED_USD_ADVANCED_ECONOMIES,fred_md_splice,old_vs_new,TWEXMMTH,TWEXAFEGSMTH,5,60,2010-11-01,2015-10-01,60,0.999282140645844,0.998230123806086,0.0388241893719997,computed
TRADE_WEIGHTED_USD_ADVANCED_ECONOMIES,fred_md_splice,old_vs_new,TWEXMMTH,TWEXAFEGSMTH,5,60,2010-12-01,2015-11-01,60,0.999310554819209,0.996681646460046,0.0381737353337598,computed
TRADE_WEIGHTED_USD_ADVANCED_ECONOMIES,fred_md_splice,old_vs_new,TWEXMMTH,TWEXAFEGSMTH,5,60,2011-01-01,2015-12-01,60,0.99925096792413,0.996633578348987,0.0393897231371278,computed
TRADE_WEIGHTED_USD_ADVANCED_ECONOMIES,fred_md_splice,old_vs_new,TWEXMMTH,TWEXAFEGSMTH,5,60,2011-02-01,2016-01-01,60,0.999060799374662,0.998181973679283,0.0435865023882622,computed
TRADE_WEIGHTED_USD_ADVANCED_ECONOMIES,fred_md_splice,old_vs_new,TWEXMMTH,TWEXAFEGSMTH,5,60,2011-03-01,2016-02-01,60,0.999058322946942,0.996130308214832,0.0436217760642935,computed
TRADE_WEIGHTED_USD_ADVANCED_ECONOMIES,fred_md_splice,old_vs_new,TWEXMMTH,TWEXAFEGSMTH,5,60,2011-04-01,2016-03-01,60,0.99906558214679,0.996779229549507,0.043452198328284,computed
TRADE_WEIGHTED_USD_ADVANCED_ECONOMIES,fred_md_splice,old_vs_new,TWEXMMTH,TWEXAFEGSMTH,5,60,2011-05-01,2016-04-01,60,0.999089617053513,0.994476545112067,0.0429824158559214,computed
TRADE_WEIGHTED_USD_ADVANCED_ECONOMIES,fred_md_splice,old_vs_new,TWEXMMTH,TWEXAFEGSMTH,5,60,2011-06-01,2016-05-01,60,0.999099198737291,0.994583490261937,0.0427967621096858,computed
TRADE_WEIGHTED_USD_ADVANCED_ECONOMIES,fred_md_splice,old_vs_new,TWEXMMTH,TWEXAFEGSMTH,5,60,2011-07-01,2016-06-01,60,0.999058989079313,0.994245986623381,0.0437034588207837,computed
TRADE_WEIGHTED_USD_ADVANCED_ECONOMIES,fred_md_splice,old_vs_new,TWEXMMTH,TWEXAFEGSMTH,5,60,2011-08-01,2016-07-01,60,0.998888832363817,0.995965082311403,0.0472203801216038,computed
TRADE_WEIGHTED_USD_ADVANCED_ECONOMIES,fred_md_splice,old_vs_new,TWEXMMTH,TWEXAFEGSMTH,5,60,2011-09-01,2016-08-01,60,0.998906099860585,0.995251893937715,0.0469062783155967,computed
TRADE_WEIGHTED_USD_ADVANCED_ECONOMIES,fred_md_splice,old_vs_new,TWEXMMTH,TWEXAFEGSMTH,5,60,2011-10-01,2016-09-01,60,0.998896131108425,0.992535198054693,0.0474101655148791,computed
TRADE_WEIGHTED_USD_ADVANCED_ECONOMIES,fred_md_splice,old_vs_new,TWEXMMTH,TWEXAFEGSMTH,5,60,2011-11-01,2016-10-01,60,0.998878805732164,0.9940424485921,0.0475875492469986,computed
TRADE_WEIGHTED_USD_ADVANCED_ECONOMIES,fred_md_splice,old_vs_new,TWEXMMTH,TWEXAFEGSMTH,5,60,2011-12-01,2016-11-01,60,0.998834699914229,0.992656907145295,0.0486733119075691,computed
TRADE_WEIGHTED_USD_ADVANCED_ECONOMIES,fred_md_splice,old_vs_new,TWEXMMTH,TWEXAFEGSMTH,5,60,2012-01-01,2016-12-01,60,0.998741915578292,0.990935616278245,0.0508385893849241,computed
TRADE_WEIGHTED_USD_ADVANCED_ECONOMIES,fred_md_splice,old_vs_new,TWEXMMTH,TWEXAFEGSMTH,5,60,2012-02-01,2017-01-01,60,0.998750947973311,0.990359259716229,0.0507058018005471,computed
TRADE_WEIGHTED_USD_ADVANCED_ECONOMIES,fred_md_splice,old_vs_new,TWEXMMTH,TWEXAFEGSMTH,5,60,2012-03-01,2017-02-01,60,0.998750300754854,0.989161950754358,0.0509076309153283,computed
TRADE_WEIGHTED_USD_ADVANCED_ECONOMIES,fred_md_splice,old_vs_new,TWEXMMTH,TWEXAFEGSMTH,5,60,2012-04-01,2017-03-01,60,0.998798802900517,0.989660016025238,0.0498492801624978,computed
TRADE_WEIGHTED_USD_ADVANCED_ECONOMIES,fred_md_splice,old_vs_new,TWEXMMTH,TWEXAFEGSMTH,5,60,2012-05-01,2017-04-01,60,0.998803982684497,0.989727238032677,0.0497338196830593,computed
TRADE_WEIGHTED_USD_ADVANCED_ECONOMIES,fred_md_splice,old_vs_new,TWEXMMTH,TWEXAFEGSMTH,5,60,2012-06-01,2017-05-01,60,0.998798929728265,0.990023698830832,0.0497765653194278,computed
TRADE_WEIGHTED_USD_ADVANCED_ECONOMIES,fred_md_splice,old_vs_new,TWEXMMTH,TWEXAFEGSMTH,5,60,2012-07-01,2017-06-01,60,0.998837714044741,0.98884006215063,0.0492259032846602,computed
TRADE_WEIGHTED_USD_ADVANCED_ECONOMIES,fred_md_splice,old_vs_new,TWEXMMTH,TWEXAFEGSMTH,5,60,2012-08-01,2017-07-01,60,0.998905714537018,0.990375715204508,0.0475411249299,computed
TRADE_WEIGHTED_USD_ADVANCED_ECONOMIES,fred_md_splice,old_vs_new,TWEXMMTH,TWEXAFEGSMTH,5,60,2012-09-01,2017-08-01,60,0.998890071030045,0.988770748125025,0.0482016921045986,computed
TRADE_WEIGHTED_USD_ADVANCED_ECONOMIES,fred_md_splice,old_vs_new,TWEXMMTH,TWEXAFEGSMTH,5,60,2012-10-01,2017-09-01,60,0.99880354828511,0.989826950743606,0.049720907101028,computed
TRADE_WEIGHTED_USD_ADVANCED_ECONOMIES,fred_md_splice,old_vs_new,TWEXMMTH,TWEXAFEGSMTH,5,60,2012-11-01,2017-10-01,60,0.998825724233053,0.989907585949899,0.0492616474489417,computed
TRADE_WEIGHTED_USD_ADVANCED_ECONOMIES,fred_md_splice,old_vs_new,TWEXMMTH,TWEXAFEGSMTH,5,60,2012-12-01,2017-11-01,60,0.99882505751626,0.990202549447267,0.049227065918562,computed
TRADE_WEIGHTED_USD_ADVANCED_ECONOMIES,fred_md_splice,old_vs_new,TWEXMMTH,TWEXAFEGSMTH,5,60,2013-01-01,2017-12-01,60,0.99883642471935,0.989865944683845,0.0490644679499531,computed
TRADE_WEIGHTED_USD_ADVANCED_ECONOMIES,fred_md_splice,old_vs_new,TWEXMMTH,TWEXAFEGSMTH,5,60,2013-02-01,2018-01-01,60,0.998915047408339,0.991242654398419,0.0472135738520057,computed
TRADE_WEIGHTED_USD_ADVANCED_ECONOMIES,fred_md_splice,old_vs_new,TWEXMMTH,TWEXAFEGSMTH,5,60,2013-03-01,2018-02-01,60,0.998925517897908,0.990511989065495,0.0471127609375817,computed
TRADE_WEIGHTED_USD_ADVANCED_ECONOMIES,fred_md_splice,old_vs_new,TWEXMMTH,TWEXAFEGSMTH,5,60,2013-04-01,2018-03-01,60,0.99888986758927,0.990770179428033,0.0478320102334247,computed
TRADE_WEIGHTED_USD_ADVANCED_ECONOMIES,fred_md_splice,old_vs_new,TWEXMMTH,TWEXAFEGSMTH,5,60,2013-05-01,2018-04-01,60,0.998904346729102,0.990605573782762,0.0475697582286041,computed
TRADE_WEIGHTED_USD_ADVANCED_ECONOMIES,fred_md_splice,old_vs_new,TWEXMMTH,TWEXAFEGSMTH,5,60,2013-06-01,2018-05-01,60,0.99893885695408,0.992134752069748,0.0466533328287233,computed
TRADE_WEIGHTED_USD_ADVANCED_ECONOMIES,fred_md_splice,old_vs_new,TWEXMMTH,TWEXAFEGSMTH,5,60,2013-07-01,2018-06-01,60,0.99896652972756,0.993082353249226,0.0458766844608893,computed
TRADE_WEIGHTED_USD_ADVANCED_ECONOMIES,fred_md_splice,old_vs_new,TWEXMMTH,TWEXAFEGSMTH,5,60,2013-08-01,2018-07-01,60,0.998959599258417,0.992960680237162,0.0460378360971724,computed
TRADE_WEIGHTED_USD_ADVANCED_ECONOMIES,fred_md_splice,old_vs_new,TWEXMMTH,TWEXAFEGSMTH,5,60,2013-09-01,2018-08-01,60,0.998935931888844,0.993234692347902,0.0465207146869827,computed
TRADE_WEIGHTED_USD_ADVANCED_ECONOMIES,fred_md_splice,old_vs_new,TWEXMMTH,TWEXAFEGSMTH,5,60,2013-10-01,2018-09-01,60,0.998959676899342,0.99305289370992,0.0460565292582798,computed
TRADE_WEIGHTED_USD_ADVANCED_ECONOMIES,fred_md_splice,old_vs_new,TWEXMMTH,TWEXAFEGSMTH,5,60,2013-11-01,2018-10-01,60,0.998946258474538,0.993383612822305,0.0462761419076357,computed
TRADE_WEIGHTED_USD_ADVANCED_ECONOMIES,fred_md_splice,old_vs_new,TWEXMMTH,TWEXAFEGSMTH,5,60,2013-12-01,2018-11-01,60,0.998950990579235,0.99374052290489,0.0461619133609682,computed
TRADE_WEIGHTED_USD_ADVANCED_ECONOMIES,fred_md_splice,old_vs_new,TWEXMMTH,TWEXAFEGSMTH,5,60,2014-01-01,2018-12-01,60,0.998929942584322,0.993795352859031,0.0466813051599195,computed
TRADE_WEIGHTED_USD_ADVANCED_ECONOMIES,fred_md_splice,old_vs_new,TWEXMMTH,TWEXAFEGSMTH,5,60,2014-02-01,2019-01-01,60,0.998932114232833,0.993378938615415,0.0467266152896096,computed
TRADE_WEIGHTED_USD_ADVANCED_ECONOMIES,fred_md_splice,old_vs_new,TWEXMMTH,TWEXAFEGSMTH,5,60,2014-03-01,2019-02-01,60,0.99891782863171,0.993429558154442,0.0469570557960091,computed
TRADE_WEIGHTED_USD_ADVANCED_ECONOMIES,fred_md_splice,old_vs_new,TWEXMMTH,TWEXAFEGSMTH,5,60,2014-04-01,2019-03-01,60,0.998901298225187,0.993364936806931,0.047262959933775,computed
TRADE_WEIGHTED_USD_ADVANCED_ECONOMIES,fred_md_splice,old_vs_new,TWEXMMTH,TWEXAFEGSMTH,5,60,2014-05-01,2019-04-01,60,0.9989100306012,0.993065570194368,0.0471669686394715,computed
TRADE_WEIGHTED_USD_ADVANCED_ECONOMIES,fred_md_splice,old_vs_new,TWEXMMTH,TWEXAFEGSMTH,5,60,2014-06-01,2019-05-01,60,0.998901856717089,0.992941138284583,0.047436124807867,computed
TRADE_WEIGHTED_USD_ADVANCED_ECONOMIES,fred_md_splice,old_vs_new,TWEXMMTH,TWEXAFEGSMTH,5,60,2014-07-01,2019-06-01,60,0.998915574018819,0.992287196364192,0.0473965013476705,computed
TRADE_WEIGHTED_USD_ADVANCED_ECONOMIES,fred_md_splice,old_vs_new,TWEXMMTH,TWEXAFEGSMTH,5,60,2014-08-01,2019-07-01,60,0.99892210743762,0.991986576601007,0.0474612263597956,computed
TRADE_WEIGHTED_USD_ADVANCED_ECONOMIES,fred_md_splice,old_vs_new,TWEXMMTH,TWEXAFEGSMTH,5,60,2014-09-01,2019-08-01,60,0.998884595317581,0.992016876931772,0.0483630922371472,computed
TRADE_WEIGHTED_USD_ADVANCED_ECONOMIES,fred_md_splice,old_vs_new,TWEXMMTH,TWEXAFEGSMTH,5,60,2014-10-01,2019-09-01,60,0.99882871285113,0.992956621657047,0.0494023730758587,computed
TRADE_WEIGHTED_USD_ADVANCED_ECONOMIES,fred_md_splice,old_vs_new,TWEXMMTH,TWEXAFEGSMTH,5,60,2014-11-01,2019-10-01,60,0.998786182049063,0.993282868636135,0.0500725573905692,computed
TRADE_WEIGHTED_USD_ADVANCED_ECONOMIES,fred_md_splice,old_vs_new,TWEXMMTH,TWEXAFEGSMTH,5,60,2014-12-01,2019-11-01,60,0.998749791340572,0.994801004173091,0.0507097611197999,computed
TRADE_WEIGHTED_USD_ADVANCED_ECONOMIES,fred_md_splice,old_vs_new,TWEXMMTH,TWEXAFEGSMTH,5,60,2015-01-01,2019-12-01,60,0.998714195836773,0.995543215318941,0.0512966235947596,computed
