boundary_position,transition_id,canonical_id,transition_vintage,old_source,new_source,comparison_mode,old_data_vintage,new_data_vintage,reference_date,old_transformed,new_transformed,difference_new_minus_old
1,MONETARY_BASE__2020-01__AMBSL__to__BOGMBASE,MONETARY_BASE,2020-01,AMBSL,BOGMBASE,adjacent_vintage_bridge,2019-12,2020-01,1959-03-01,-0.0035544152209503466,0.011678329949717181,0.015232745170667528
1,MONETARY_BASE__2020-01__AMBSL__to__BOGMBASE,MONETARY_BASE,2020-01,AMBSL,BOGMBASE,adjacent_vintage_bridge,2019-12,2020-01,1959-04-01,0.0028752612484952422,0.007960320412680133,0.005085059164184891
1,MONETARY_BASE__2020-01__AMBSL__to__BOGMBASE,MONETARY_BASE,2020-01,AMBSL,BOGMBASE,adjacent_vintage_bridge,2019-12,2020-01,1959-05-01,-0.000852262413457705,-0.0054354692614282385,-0.0045832068479705335
1,MONETARY_BASE__2020-01__AMBSL__to__BOGMBASE,MONETARY_BASE,2020-01,AMBSL,BOGMBASE,adjacent_vintage_bridge,2019-12,2020-01,1959-06-01,-0.0027396788227278535,0.003401725586989812,0.006141404409717666
1,MONETARY_BASE__2020-01__AMBSL__to__BOGMBASE,MONETARY_BASE,2020-01,AMBSL,BOGMBASE,adjacent_vintage_bridge,2019-12,2020-01,1959-07-01,0.0026091537577825896,0.004715437905190356,0.0021062841474077665
1,MONETARY_BASE__2020-01__AMBSL__to__BOGMBASE,MONETARY_BASE,2020-01,AMBSL,BOGMBASE,adjacent_vintage_bridge,2019-12,2020-01,1959-08-01,0.00045526543651774887,-0.011974670782610275,-0.012429936219128024
1,MONETARY_BASE__2020-01__AMBSL__to__BOGMBASE,MONETARY_BASE,2020-01,AMBSL,BOGMBASE,adjacent_vintage_bridge,2019-12,2020-01,1959-09-01,-0.004287081140200044,0.00398269778017557,0.008269778920375614
1,MONETARY_BASE__2020-01__AMBSL__to__BOGMBASE,MONETARY_BASE,2020-01,AMBSL,BOGMBASE,adjacent_vintage_bridge,2019-12,2020-01,1959-10-01,0.0007125534590839422,-0.0024264546647589924,-0.0031390081238429346
1,MONETARY_BASE__2020-01__AMBSL__to__BOGMBASE,MONETARY_BASE,2020-01,AMBSL,BOGMBASE,adjacent_vintage_bridge,2019-12,2020-01,1959-11-01,-0.0005648246212186514,0.005497407410514299,0.00606223203173295
1,MONETARY_BASE__2020-01__AMBSL__to__BOGMBASE,MONETARY_BASE,2020-01,AMBSL,BOGMBASE,adjacent_vintage_bridge,2019-12,2020-01,1959-12-01,0.002559665784944265,0.007974209071234029,0.0054145432862897636
1,MONETARY_BASE__2020-01__AMBSL__to__BOGMBASE,MONETARY_BASE,2020-01,AMBSL,BOGMBASE,adjacent_vintage_bridge,2019-12,2020-01,1960-01-01,0.001379456531672485,-0.028751610265421945,-0.03013106679709443
1,MONETARY_BASE__2020-01__AMBSL__to__BOGMBASE,MONETARY_BASE,2020-01,AMBSL,BOGMBASE,adjacent_vintage_bridge,2019-12,2020-01,1960-02-01,-0.005037744484005291,-0.004481024196334005,0.0005567202876712862
1,MONETARY_BASE__2020-01__AMBSL__to__BOGMBASE,MONETARY_BASE,2020-01,AMBSL,BOGMBASE,adjacent_vintage_bridge,2019-12,2020-01,1960-03-01,0.0022496294766942704,0.018420813130518354,0.016171183653824084
1,MONETARY_BASE__2020-01__AMBSL__to__BOGMBASE,MONETARY_BASE,2020-01,AMBSL,BOGMBASE,adjacent_vintage_bridge,2019-12,2020-01,1960-04-01,0.0012041786288627954,0.006073563836237028,0.004869385207374233
1,MONETARY_BASE__2020-01__AMBSL__to__BOGMBASE,MONETARY_BASE,2020-01,AMBSL,BOGMBASE,adjacent_vintage_bridge,2019-12,2020-01,1960-05-01,0.0009719178923401905,-0.0019406873059857332,-0.002912605198325924
1,MONETARY_BASE__2020-01__AMBSL__to__BOGMBASE,MONETARY_BASE,2020-01,AMBSL,BOGMBASE,adjacent_vintage_bridge,2019-12,2020-01,1960-06-01,-0.001382202273106703,0.004064581873608475,0.005446784146715178
1,MONETARY_BASE__2020-01__AMBSL__to__BOGMBASE,MONETARY_BASE,2020-01,AMBSL,BOGMBASE,adjacent_vintage_bridge,2019-12,2020-01,1960-07-01,0.0021195596522867177,0.00312473287964643,0.0010051732273597125
1,MONETARY_BASE__2020-01__AMBSL__to__BOGMBASE,MONETARY_BASE,2020-01,AMBSL,BOGMBASE,adjacent_vintage_bridge,2019-12,2020-01,1960-08-01,-0.0003871206837255947,-0.012253244495280313,-0.011866123811554719
1,MONETARY_BASE__2020-01__AMBSL__to__BOGMBASE,MONETARY_BASE,2020-01,AMBSL,BOGMBASE,adjacent_vintage_bridge,2019-12,2020-01,1960-09-01,0.0016468330249184149,-0.0036714158234527616,-0.0053182488483711765
1,MONETARY_BASE__2020-01__AMBSL__to__BOGMBASE,MONETARY_BASE,2020-01,AMBSL,BOGMBASE,adjacent_vintage_bridge,2019-12,2020-01,1960-10-01,-0.0014293697511451597,0.011363678053625037,0.012793047804770197
1,MONETARY_BASE__2020-01__AMBSL__to__BOGMBASE,MONETARY_BASE,2020-01,AMBSL,BOGMBASE,adjacent_vintage_bridge,2019-12,2020-01,1960-11-01,0.0005258675103134713,-0.0017870912509660997,-0.002312958761279571
1,MONETARY_BASE__2020-01__AMBSL__to__BOGMBASE,MONETARY_BASE,2020-01,AMBSL,BOGMBASE,adjacent_vintage_bridge,2019-12,2020-01,1960-12-01,-0.003741106895951418,-0.012169527199299424,-0.008428420303348005
1,MONETARY_BASE__2020-01__AMBSL__to__BOGMBASE,MONETARY_BASE,2020-01,AMBSL,BOGMBASE,adjacent_vintage_bridge,2019-12,2020-01,1961-01-01,0.003585677364574824,-0.0035928920363410555,-0.00717856940091588
1,MONETARY_BASE__2020-01__AMBSL__to__BOGMBASE,MONETARY_BASE,2020-01,AMBSL,BOGMBASE,adjacent_vintage_bridge,2019-12,2020-01,1961-02-01,-3.1382977298655135e-05,-0.00022196689033116002,-0.00019058391303250488
1,MONETARY_BASE__2020-01__AMBSL__to__BOGMBASE,MONETARY_BASE,2020-01,AMBSL,BOGMBASE,adjacent_vintage_bridge,2019-12,2020-01,1961-03-01,-0.0033234952918972382,0.011941388979510137,0.015264884271407375
1,MONETARY_BASE__2020-01__AMBSL__to__BOGMBASE,MONETARY_BASE,2020-01,AMBSL,BOGMBASE,adjacent_vintage_bridge,2019-12,2020-01,1961-04-01,0.0005282280298488651,0.003553331985296282,0.003025103955447417
1,MONETARY_BASE__2020-01__AMBSL__to__BOGMBASE,MONETARY_BASE,2020-01,AMBSL,BOGMBASE,adjacent_vintage_bridge,2019-12,2020-01,1961-05-01,0.0005035696835982151,-0.0011166040382679654,-0.0016201737218661805
1,MONETARY_BASE__2020-01__AMBSL__to__BOGMBASE,MONETARY_BASE,2020-01,AMBSL,BOGMBASE,adjacent_vintage_bridge,2019-12,2020-01,1961-06-01,0.003518002470256576,0.007021392591337161,0.003503390121080585
1,MONETARY_BASE__2020-01__AMBSL__to__BOGMBASE,MONETARY_BASE,2020-01,AMBSL,BOGMBASE,adjacent_vintage_bridge,2019-12,2020-01,1961-07-01,-0.003292986462008596,-0.0008731837775286522,0.0024198026844799436
1,MONETARY_BASE__2020-01__AMBSL__to__BOGMBASE,MONETARY_BASE,2020-01,AMBSL,BOGMBASE,adjacent_vintage_bridge,2019-12,2020-01,1961-08-01,0.0055487435033549914,-0.004558030942614977,-0.010106774445969968
1,MONETARY_BASE__2020-01__AMBSL__to__BOGMBASE,MONETARY_BASE,2020-01,AMBSL,BOGMBASE,adjacent_vintage_bridge,2019-12,2020-01,1961-09-01,-0.0022926147084443294,0.0029624490840713946,0.005255063792515724
1,MONETARY_BASE__2020-01__AMBSL__to__BOGMBASE,MONETARY_BASE,2020-01,AMBSL,BOGMBASE,adjacent_vintage_bridge,2019-12,2020-01,1961-10-01,0.002211202193673323,0.0033349547590635353,0.0011237525653902125
1,MONETARY_BASE__2020-01__AMBSL__to__BOGMBASE,MONETARY_BASE,2020-01,AMBSL,BOGMBASE,adjacent_vintage_bridge,2019-12,2020-01,1961-11-01,-0.0020490318834078813,0.00030152520272963557,0.002350557086137517
1,MONETARY_BASE__2020-01__AMBSL__to__BOGMBASE,MONETARY_BASE,2020-01,AMBSL,BOGMBASE,adjacent_vintage_bridge,2019-12,2020-01,1961-12-01,-0.001363052317306046,0.00667020512502603,0.008033257442332076
1,MONETARY_BASE__2020-01__AMBSL__to__BOGMBASE,MONETARY_BASE,2020-01,AMBSL,BOGMBASE,adjacent_vintage_bridge,2019-12,2020-01,1962-01-01,0.0010947497164877085,-0.028973308934759245,-0.030068058651246954
1,MONETARY_BASE__2020-01__AMBSL__to__BOGMBASE,MONETARY_BASE,2020-01,AMBSL,BOGMBASE,adjacent_vintage_bridge,2019-12,2020-01,1962-02-01,-0.003380148605583333,-0.0018634744612668896,0.0015166741443164433
1,MONETARY_BASE__2020-01__AMBSL__to__BOGMBASE,MONETARY_BASE,2020-01,AMBSL,BOGMBASE,adjacent_vintage_bridge,2019-12,2020-01,1962-03-01,0.004170454176936733,0.018837876371728512,0.01466742219479178
1,MONETARY_BASE__2020-01__AMBSL__to__BOGMBASE,MONETARY_BASE,2020-01,AMBSL,BOGMBASE,adjacent_vintage_bridge,2019-12,2020-01,1962-04-01,0.000683743068995657,0.0031286473480207633,0.0024449042790251063
1,MONETARY_BASE__2020-01__AMBSL__to__BOGMBASE,MONETARY_BASE,2020-01,AMBSL,BOGMBASE,adjacent_vintage_bridge,2019-12,2020-01,1962-05-01,-0.0019063234486829117,-0.0032656294022892496,-0.0013593059536063379
1,MONETARY_BASE__2020-01__AMBSL__to__BOGMBASE,MONETARY_BASE,2020-01,AMBSL,BOGMBASE,adjacent_vintage_bridge,2019-12,2020-01,1962-06-01,-0.0009968766902446191,0.003667653280439609,0.004664529970684228
1,MONETARY_BASE__2020-01__AMBSL__to__BOGMBASE,MONETARY_BASE,2020-01,AMBSL,BOGMBASE,adjacent_vintage_bridge,2019-12,2020-01,1962-07-01,0.0006443340726902669,0.0007479142909012637,0.00010358021821099683
1,MONETARY_BASE__2020-01__AMBSL__to__BOGMBASE,MONETARY_BASE,2020-01,AMBSL,BOGMBASE,adjacent_vintage_bridge,2019-12,2020-01,1962-08-01,-5.554667427798421e-05,-0.010656025179844875,-0.01060047850556689
1,MONETARY_BASE__2020-01__AMBSL__to__BOGMBASE,MONETARY_BASE,2020-01,AMBSL,BOGMBASE,adjacent_vintage_bridge,2019-12,2020-01,1962-09-01,-0.0029984417995359003,0.005580866483212432,0.008579308282748332
1,MONETARY_BASE__2020-01__AMBSL__to__BOGMBASE,MONETARY_BASE,2020-01,AMBSL,BOGMBASE,adjacent_vintage_bridge,2019-12,2020-01,1962-10-01,0.005474405338937061,0.0016031182430769064,-0.003871287095860154
1,MONETARY_BASE__2020-01__AMBSL__to__BOGMBASE,MONETARY_BASE,2020-01,AMBSL,BOGMBASE,adjacent_vintage_bridge,2019-12,2020-01,1962-11-01,-0.001213370589476348,-0.008514419472206214,-0.007301048882729866
1,MONETARY_BASE__2020-01__AMBSL__to__BOGMBASE,MONETARY_BASE,2020-01,AMBSL,BOGMBASE,adjacent_vintage_bridge,2019-12,2020-01,1962-12-01,5.5228465494661094e-05,0.0216686914229971,0.02161346295750244
1,MONETARY_BASE__2020-01__AMBSL__to__BOGMBASE,MONETARY_BASE,2020-01,AMBSL,BOGMBASE,adjacent_vintage_bridge,2019-12,2020-01,1963-01-01,-0.001572072408646541,-0.029599884836001067,-0.028027812427354526
1,MONETARY_BASE__2020-01__AMBSL__to__BOGMBASE,MONETARY_BASE,2020-01,AMBSL,BOGMBASE,adjacent_vintage_bridge,2019-12,2020-01,1963-02-01,0.0021803381005924827,-0.00014511888017665342,-0.002325456980769136
1,MONETARY_BASE__2020-01__AMBSL__to__BOGMBASE,MONETARY_BASE,2020-01,AMBSL,BOGMBASE,adjacent_vintage_bridge,2019-12,2020-01,1963-03-01,1.9726316771162544e-06,0.01589544539666221,0.015893472764985095
1,MONETARY_BASE__2020-01__AMBSL__to__BOGMBASE,MONETARY_BASE,2020-01,AMBSL,BOGMBASE,adjacent_vintage_bridge,2019-12,2020-01,1963-04-01,-0.0006498318635719258,0.0017352694666499247,0.0023851013302218504
1,MONETARY_BASE__2020-01__AMBSL__to__BOGMBASE,MONETARY_BASE,2020-01,AMBSL,BOGMBASE,adjacent_vintage_bridge,2019-12,2020-01,1963-05-01,0.0014208652818408218,-0.0013832070799946194,-0.0028040723618354413
1,MONETARY_BASE__2020-01__AMBSL__to__BOGMBASE,MONETARY_BASE,2020-01,AMBSL,BOGMBASE,adjacent_vintage_bridge,2019-12,2020-01,1963-06-01,-0.0026812956711501634,0.005361966511502558,0.008043262182652722
1,MONETARY_BASE__2020-01__AMBSL__to__BOGMBASE,MONETARY_BASE,2020-01,AMBSL,BOGMBASE,adjacent_vintage_bridge,2019-12,2020-01,1963-07-01,0.004450507271272386,0.0014280021423491718,-0.003022505128923214
1,MONETARY_BASE__2020-01__AMBSL__to__BOGMBASE,MONETARY_BASE,2020-01,AMBSL,BOGMBASE,adjacent_vintage_bridge,2019-12,2020-01,1963-08-01,-0.005438207863033728,-0.01410706815044982,-0.008668860287416091
1,MONETARY_BASE__2020-01__AMBSL__to__BOGMBASE,MONETARY_BASE,2020-01,AMBSL,BOGMBASE,adjacent_vintage_bridge,2019-12,2020-01,1963-09-01,0.00321340124175018,0.009065063805900664,0.005851662564150484
1,MONETARY_BASE__2020-01__AMBSL__to__BOGMBASE,MONETARY_BASE,2020-01,AMBSL,BOGMBASE,adjacent_vintage_bridge,2019-12,2020-01,1963-10-01,-0.0022478583317990797,-0.0019715664186765736,0.0002762919131225061
1,MONETARY_BASE__2020-01__AMBSL__to__BOGMBASE,MONETARY_BASE,2020-01,AMBSL,BOGMBASE,adjacent_vintage_bridge,2019-12,2020-01,1963-11-01,0.002390939829553851,0.008406976730352511,0.00601603690079866
1,MONETARY_BASE__2020-01__AMBSL__to__BOGMBASE,MONETARY_BASE,2020-01,AMBSL,BOGMBASE,adjacent_vintage_bridge,2019-12,2020-01,1963-12-01,0.00544513569516436,0.008629792017543991,0.003184656322379631
1,MONETARY_BASE__2020-01__AMBSL__to__BOGMBASE,MONETARY_BASE,2020-01,AMBSL,BOGMBASE,adjacent_vintage_bridge,2019-12,2020-01,1964-01-01,-0.010117855678157373,-0.03330978436101972,-0.02319192868286235
1,MONETARY_BASE__2020-01__AMBSL__to__BOGMBASE,MONETARY_BASE,2020-01,AMBSL,BOGMBASE,adjacent_vintage_bridge,2019-12,2020-01,1964-02-01,0.0014286783694927863,-0.001855272523560103,-0.0032839508930528893
1,MONETARY_BASE__2020-01__AMBSL__to__BOGMBASE,MONETARY_BASE,2020-01,AMBSL,BOGMBASE,adjacent_vintage_bridge,2019-12,2020-01,1964-03-01,0.004817249329054807,0.02089639754286665,0.016079148213811845
1,MONETARY_BASE__2020-01__AMBSL__to__BOGMBASE,MONETARY_BASE,2020-01,AMBSL,BOGMBASE,adjacent_vintage_bridge,2019-12,2020-01,1964-04-01,-0.003197354250386919,-0.002557166556909962,0.0006401876934769568
1,MONETARY_BASE__2020-01__AMBSL__to__BOGMBASE,MONETARY_BASE,2020-01,AMBSL,BOGMBASE,adjacent_vintage_bridge,2019-12,2020-01,1964-05-01,0.0010218423138073085,-3.529407157998321e-05,-0.0010571363853872917
1,MONETARY_BASE__2020-01__AMBSL__to__BOGMBASE,MONETARY_BASE,2020-01,AMBSL,BOGMBASE,adjacent_vintage_bridge,2019-12,2020-01,1964-06-01,0.002559289276603316,0.008134495428500088,0.005575206151896772
1,MONETARY_BASE__2020-01__AMBSL__to__BOGMBASE,MONETARY_BASE,2020-01,AMBSL,BOGMBASE,adjacent_vintage_bridge,2019-12,2020-01,1964-07-01,-0.004547029273101355,-0.0034076978877681796,0.0011393313853331755
1,MONETARY_BASE__2020-01__AMBSL__to__BOGMBASE,MONETARY_BASE,2020-01,AMBSL,BOGMBASE,adjacent_vintage_bridge,2019-12,2020-01,1964-08-01,0.003766254233444677,-0.008789075160764881,-0.012555329394209558
1,MONETARY_BASE__2020-01__AMBSL__to__BOGMBASE,MONETARY_BASE,2020-01,AMBSL,BOGMBASE,adjacent_vintage_bridge,2019-12,2020-01,1964-09-01,0.0004124066637931634,0.008246913413707091,0.007834506749913928
1,MONETARY_BASE__2020-01__AMBSL__to__BOGMBASE,MONETARY_BASE,2020-01,AMBSL,BOGMBASE,adjacent_vintage_bridge,2019-12,2020-01,1964-10-01,-0.003295468819723091,-0.003356378681690586,-6.090986196749526e-05
1,MONETARY_BASE__2020-01__AMBSL__to__BOGMBASE,MONETARY_BASE,2020-01,AMBSL,BOGMBASE,adjacent_vintage_bridge,2019-12,2020-01,1964-11-01,0.0014820034917901737,0.006140868210522399,0.004658864718732225
1,MONETARY_BASE__2020-01__AMBSL__to__BOGMBASE,MONETARY_BASE,2020-01,AMBSL,BOGMBASE,adjacent_vintage_bridge,2019-12,2020-01,1964-12-01,-0.002041191618736171,0.005558954509279346,0.007600146128015517
1,MONETARY_BASE__2020-01__AMBSL__to__BOGMBASE,MONETARY_BASE,2020-01,AMBSL,BOGMBASE,adjacent_vintage_bridge,2019-12,2020-01,1965-01-01,0.0008184256042125249,-0.027037220759350333,-0.027855646363562858
1,MONETARY_BASE__2020-01__AMBSL__to__BOGMBASE,MONETARY_BASE,2020-01,AMBSL,BOGMBASE,adjacent_vintage_bridge,2019-12,2020-01,1965-02-01,0.0027476167436613075,-0.0006583519943745841,-0.0034059687380358916
1,MONETARY_BASE__2020-01__AMBSL__to__BOGMBASE,MONETARY_BASE,2020-01,AMBSL,BOGMBASE,adjacent_vintage_bridge,2019-12,2020-01,1965-03-01,-0.0026582236819385763,0.014408613849083096,0.017066837531021672
1,MONETARY_BASE__2020-01__AMBSL__to__BOGMBASE,MONETARY_BASE,2020-01,AMBSL,BOGMBASE,adjacent_vintage_bridge,2019-12,2020-01,1965-04-01,-7.660172137269328e-05,0.003586351653778408,0.003662953375151101
1,MONETARY_BASE__2020-01__AMBSL__to__BOGMBASE,MONETARY_BASE,2020-01,AMBSL,BOGMBASE,adjacent_vintage_bridge,2019-12,2020-01,1965-05-01,-0.0011380148235682341,-0.005577422738651805,-0.004439407915083571
1,MONETARY_BASE__2020-01__AMBSL__to__BOGMBASE,MONETARY_BASE,2020-01,AMBSL,BOGMBASE,adjacent_vintage_bridge,2019-12,2020-01,1965-06-01,0.002671464594353079,0.00904161508649537,0.00637015049214229
1,MONETARY_BASE__2020-01__AMBSL__to__BOGMBASE,MONETARY_BASE,2020-01,AMBSL,BOGMBASE,adjacent_vintage_bridge,2019-12,2020-01,1965-07-01,-0.000521950441734198,0.0007499537506312492,0.0012719041923654473
1,MONETARY_BASE__2020-01__AMBSL__to__BOGMBASE,MONETARY_BASE,2020-01,AMBSL,BOGMBASE,adjacent_vintage_bridge,2019-12,2020-01,1965-08-01,0.00038893143833673705,-0.01480979563103979,-0.015198727069376528
1,MONETARY_BASE__2020-01__AMBSL__to__BOGMBASE,MONETARY_BASE,2020-01,AMBSL,BOGMBASE,adjacent_vintage_bridge,2019-12,2020-01,1965-09-01,-0.000658928069880993,0.01023088129399774,0.010889809363878733
1,MONETARY_BASE__2020-01__AMBSL__to__BOGMBASE,MONETARY_BASE,2020-01,AMBSL,BOGMBASE,adjacent_vintage_bridge,2019-12,2020-01,1965-10-01,0.004447700851303971,0.003022850057275761,-0.0014248507940282096
1,MONETARY_BASE__2020-01__AMBSL__to__BOGMBASE,MONETARY_BASE,2020-01,AMBSL,BOGMBASE,adjacent_vintage_bridge,2019-12,2020-01,1965-11-01,-0.004485400252318694,-0.0015322141647935439,0.0029531860875251503
1,MONETARY_BASE__2020-01__AMBSL__to__BOGMBASE,MONETARY_BASE,2020-01,AMBSL,BOGMBASE,adjacent_vintage_bridge,2019-12,2020-01,1965-12-01,0.0030290660369627354,0.01531034930850339,0.012281283271540655
1,MONETARY_BASE__2020-01__AMBSL__to__BOGMBASE,MONETARY_BASE,2020-01,AMBSL,BOGMBASE,adjacent_vintage_bridge,2019-12,2020-01,1966-01-01,-0.003738124778963403,-0.031604575044946515,-0.02786645026598311
1,MONETARY_BASE__2020-01__AMBSL__to__BOGMBASE,MONETARY_BASE,2020-01,AMBSL,BOGMBASE,adjacent_vintage_bridge,2019-12,2020-01,1966-02-01,0.0016152399188387179,-0.00452739587670159,-0.006142635795540308
1,MONETARY_BASE__2020-01__AMBSL__to__BOGMBASE,MONETARY_BASE,2020-01,AMBSL,BOGMBASE,adjacent_vintage_bridge,2019-12,2020-01,1966-03-01,-0.0011732663068575455,0.015829306392355136,0.01700257269921268
1,MONETARY_BASE__2020-01__AMBSL__to__BOGMBASE,MONETARY_BASE,2020-01,AMBSL,BOGMBASE,adjacent_vintage_bridge,2019-12,2020-01,1966-04-01,0.00230313101446189,0.006540024470107042,0.004236893455645152
1,MONETARY_BASE__2020-01__AMBSL__to__BOGMBASE,MONETARY_BASE,2020-01,AMBSL,BOGMBASE,adjacent_vintage_bridge,2019-12,2020-01,1966-05-01,-0.0024045447985345803,-0.007583696217080771,-0.005179151418546191
1,MONETARY_BASE__2020-01__AMBSL__to__BOGMBASE,MONETARY_BASE,2020-01,AMBSL,BOGMBASE,adjacent_vintage_bridge,2019-12,2020-01,1966-06-01,-0.002024481548575263,0.005740612634888009,0.0077650941834632725
1,MONETARY_BASE__2020-01__AMBSL__to__BOGMBASE,MONETARY_BASE,2020-01,AMBSL,BOGMBASE,adjacent_vintage_bridge,2019-12,2020-01,1966-07-01,0.004951669004345849,0.007883226398204712,0.0029315573938588635
1,MONETARY_BASE__2020-01__AMBSL__to__BOGMBASE,MONETARY_BASE,2020-01,AMBSL,BOGMBASE,adjacent_vintage_bridge,2019-12,2020-01,1966-08-01,-0.008069552514160083,-0.020952789907441982,-0.012883237393281899
1,MONETARY_BASE__2020-01__AMBSL__to__BOGMBASE,MONETARY_BASE,2020-01,AMBSL,BOGMBASE,adjacent_vintage_bridge,2019-12,2020-01,1966-09-01,0.006158395308118347,0.015404453594690892,0.009246058286572545
1,MONETARY_BASE__2020-01__AMBSL__to__BOGMBASE,MONETARY_BASE,2020-01,AMBSL,BOGMBASE,adjacent_vintage_bridge,2019-12,2020-01,1966-10-01,-0.004512047505536465,-0.006167983378894348,-0.0016559358733578833
1,MONETARY_BASE__2020-01__AMBSL__to__BOGMBASE,MONETARY_BASE,2020-01,AMBSL,BOGMBASE,adjacent_vintage_bridge,2019-12,2020-01,1966-11-01,0.0029854287656578826,0.002305216686758982,-0.0006802120788989008
1,MONETARY_BASE__2020-01__AMBSL__to__BOGMBASE,MONETARY_BASE,2020-01,AMBSL,BOGMBASE,adjacent_vintage_bridge,2019-12,2020-01,1966-12-01,0.00027534415302188364,0.012535520603091044,0.01226017645006916
1,MONETARY_BASE__2020-01__AMBSL__to__BOGMBASE,MONETARY_BASE,2020-01,AMBSL,BOGMBASE,adjacent_vintage_bridge,2019-12,2020-01,1967-01-01,0.0015309743949187826,-0.02397888548810556,-0.025509859883024344
1,MONETARY_BASE__2020-01__AMBSL__to__BOGMBASE,MONETARY_BASE,2020-01,AMBSL,BOGMBASE,adjacent_vintage_bridge,2019-12,2020-01,1967-02-01,0.0002943961003989415,-0.003702697897674412,-0.003997093998073353
1,MONETARY_BASE__2020-01__AMBSL__to__BOGMBASE,MONETARY_BASE,2020-01,AMBSL,BOGMBASE,adjacent_vintage_bridge,2019-12,2020-01,1967-03-01,0.0038818888028533394,0.007100907142449486,0.003219018339596147
1,MONETARY_BASE__2020-01__AMBSL__to__BOGMBASE,MONETARY_BASE,2020-01,AMBSL,BOGMBASE,adjacent_vintage_bridge,2019-12,2020-01,1967-04-01,-0.009714092937152419,0.0035430673808747315,0.01325716031802715
1,MONETARY_BASE__2020-01__AMBSL__to__BOGMBASE,MONETARY_BASE,2020-01,AMBSL,BOGMBASE,adjacent_vintage_bridge,2019-12,2020-01,1967-05-01,0.0047598909139945356,-2.913382875391335e-06,-0.004762804296869927
1,MONETARY_BASE__2020-01__AMBSL__to__BOGMBASE,MONETARY_BASE,2020-01,AMBSL,BOGMBASE,adjacent_vintage_bridge,2019-12,2020-01,1967-06-01,0.001337422323198556,0.008075888662931519,0.0067384663397329625
1,MONETARY_BASE__2020-01__AMBSL__to__BOGMBASE,MONETARY_BASE,2020-01,AMBSL,BOGMBASE,adjacent_vintage_bridge,2019-12,2020-01,1967-07-01,-0.0010693914621016098,0.0028871237762064794,0.003956515238308089
1,MONETARY_BASE__2020-01__AMBSL__to__BOGMBASE,MONETARY_BASE,2020-01,AMBSL,BOGMBASE,adjacent_vintage_bridge,2019-12,2020-01,1967-08-01,-0.0008515586844684009,-0.014552299118344436,-0.013700740433876035
1,MONETARY_BASE__2020-01__AMBSL__to__BOGMBASE,MONETARY_BASE,2020-01,AMBSL,BOGMBASE,adjacent_vintage_bridge,2019-12,2020-01,1967-09-01,0.003502180297501045,0.009980965080695015,0.006478784783193969
1,MONETARY_BASE__2020-01__AMBSL__to__BOGMBASE,MONETARY_BASE,2020-01,AMBSL,BOGMBASE,adjacent_vintage_bridge,2019-12,2020-01,1967-10-01,-0.001035664955061133,0.0021074737137443122,0.0031431386688054452
1,MONETARY_BASE__2020-01__AMBSL__to__BOGMBASE,MONETARY_BASE,2020-01,AMBSL,BOGMBASE,adjacent_vintage_bridge,2019-12,2020-01,1967-11-01,-0.002046992832031691,-0.00175701875508949,0.000289974076942201
1,MONETARY_BASE__2020-01__AMBSL__to__BOGMBASE,MONETARY_BASE,2020-01,AMBSL,BOGMBASE,adjacent_vintage_bridge,2019-12,2020-01,1967-12-01,0.0005754549254488595,0.011885175025037498,0.011309720099588638
1,MONETARY_BASE__2020-01__AMBSL__to__BOGMBASE,MONETARY_BASE,2020-01,AMBSL,BOGMBASE,adjacent_vintage_bridge,2019-12,2020-01,1968-01-01,0.00035200683943781286,-0.022103724621898024,-0.022455731461335837
1,MONETARY_BASE__2020-01__AMBSL__to__BOGMBASE,MONETARY_BASE,2020-01,AMBSL,BOGMBASE,adjacent_vintage_bridge,2019-12,2020-01,1968-02-01,-0.0006514598820812623,-0.005418947131522245,-0.0047674872494409826
1,MONETARY_BASE__2020-01__AMBSL__to__BOGMBASE,MONETARY_BASE,2020-01,AMBSL,BOGMBASE,adjacent_vintage_bridge,2019-12,2020-01,1968-03-01,0.0023182377872679183,0.011761935587816907,0.009443697800548989
1,MONETARY_BASE__2020-01__AMBSL__to__BOGMBASE,MONETARY_BASE,2020-01,AMBSL,BOGMBASE,adjacent_vintage_bridge,2019-12,2020-01,1968-04-01,-0.0033587092897660042,0.0018056497243605918,0.005164359014126596
1,MONETARY_BASE__2020-01__AMBSL__to__BOGMBASE,MONETARY_BASE,2020-01,AMBSL,BOGMBASE,adjacent_vintage_bridge,2019-12,2020-01,1968-05-01,7.505763962267764e-05,-0.004554501372053821,-0.004629559011676498
1,MONETARY_BASE__2020-01__AMBSL__to__BOGMBASE,MONETARY_BASE,2020-01,AMBSL,BOGMBASE,adjacent_vintage_bridge,2019-12,2020-01,1968-06-01,0.00405846654749098,0.009816203065840412,0.005757736518349432
1,MONETARY_BASE__2020-01__AMBSL__to__BOGMBASE,MONETARY_BASE,2020-01,AMBSL,BOGMBASE,adjacent_vintage_bridge,2019-12,2020-01,1968-07-01,-0.0029709704746920806,0.00028223863290577356,0.003253209107597854
1,MONETARY_BASE__2020-01__AMBSL__to__BOGMBASE,MONETARY_BASE,2020-01,AMBSL,BOGMBASE,adjacent_vintage_bridge,2019-12,2020-01,1968-08-01,0.002375979858075361,-0.009242235249585562,-0.011618215107660923
1,MONETARY_BASE__2020-01__AMBSL__to__BOGMBASE,MONETARY_BASE,2020-01,AMBSL,BOGMBASE,adjacent_vintage_bridge,2019-12,2020-01,1968-09-01,-0.0020546160084302656,-0.0003782648369821118,0.0016763511714481538
1,MONETARY_BASE__2020-01__AMBSL__to__BOGMBASE,MONETARY_BASE,2020-01,AMBSL,BOGMBASE,adjacent_vintage_bridge,2019-12,2020-01,1968-10-01,0.001559806657311924,0.008800849056582294,0.00724104239927037
1,MONETARY_BASE__2020-01__AMBSL__to__BOGMBASE,MONETARY_BASE,2020-01,AMBSL,BOGMBASE,adjacent_vintage_bridge,2019-12,2020-01,1968-11-01,7.083368519289479e-06,0.0014826875682967255,0.001475604199777436
1,MONETARY_BASE__2020-01__AMBSL__to__BOGMBASE,MONETARY_BASE,2020-01,AMBSL,BOGMBASE,adjacent_vintage_bridge,2019-12,2020-01,1968-12-01,-0.0010696998584904804,0.006909888466408276,0.007979588324898756
1,MONETARY_BASE__2020-01__AMBSL__to__BOGMBASE,MONETARY_BASE,2020-01,AMBSL,BOGMBASE,adjacent_vintage_bridge,2019-12,2020-01,1969-01-01,-0.0001479815850835564,-0.023247820692812837,-0.02309983910772928
1,MONETARY_BASE__2020-01__AMBSL__to__BOGMBASE,MONETARY_BASE,2020-01,AMBSL,BOGMBASE,adjacent_vintage_bridge,2019-12,2020-01,1969-02-01,-0.0020454364484789878,-0.008494570983740957,-0.006449134535261969
1,MONETARY_BASE__2020-01__AMBSL__to__BOGMBASE,MONETARY_BASE,2020-01,AMBSL,BOGMBASE,adjacent_vintage_bridge,2019-12,2020-01,1969-03-01,-0.00230806134842787,0.00932607470486424,0.01163413605329211
1,MONETARY_BASE__2020-01__AMBSL__to__BOGMBASE,MONETARY_BASE,2020-01,AMBSL,BOGMBASE,adjacent_vintage_bridge,2019-12,2020-01,1969-04-01,-0.0008503516616018558,0.01115060847646454,0.012000960138066397
1,MONETARY_BASE__2020-01__AMBSL__to__BOGMBASE,MONETARY_BASE,2020-01,AMBSL,BOGMBASE,adjacent_vintage_bridge,2019-12,2020-01,1969-05-01,0.007317848147044614,0.005455298576951151,-0.0018625495700934636
1,MONETARY_BASE__2020-01__AMBSL__to__BOGMBASE,MONETARY_BASE,2020-01,AMBSL,BOGMBASE,adjacent_vintage_bridge,2019-12,2020-01,1969-06-01,-0.004810150029130433,-0.011627801602442034,-0.0068176515733116005
1,MONETARY_BASE__2020-01__AMBSL__to__BOGMBASE,MONETARY_BASE,2020-01,AMBSL,BOGMBASE,adjacent_vintage_bridge,2019-12,2020-01,1969-07-01,-0.005217120526370245,0.000877824060154353,0.006094944586524598
1,MONETARY_BASE__2020-01__AMBSL__to__BOGMBASE,MONETARY_BASE,2020-01,AMBSL,BOGMBASE,adjacent_vintage_bridge,2019-12,2020-01,1969-08-01,0.010821969723633806,-0.0022832506934484798,-0.013105220417082286
1,MONETARY_BASE__2020-01__AMBSL__to__BOGMBASE,MONETARY_BASE,2020-01,AMBSL,BOGMBASE,adjacent_vintage_bridge,2019-12,2020-01,1969-09-01,-0.00633125736932616,-0.0005559751443566796,0.00577528222496948
1,MONETARY_BASE__2020-01__AMBSL__to__BOGMBASE,MONETARY_BASE,2020-01,AMBSL,BOGMBASE,adjacent_vintage_bridge,2019-12,2020-01,1969-10-01,0.0018555716870380934,0.008757122449035037,0.006901550761996944
1,MONETARY_BASE__2020-01__AMBSL__to__BOGMBASE,MONETARY_BASE,2020-01,AMBSL,BOGMBASE,adjacent_vintage_bridge,2019-12,2020-01,1969-11-01,0.004310397141492395,0.0062544467913170365,0.0019440496498246418
1,MONETARY_BASE__2020-01__AMBSL__to__BOGMBASE,MONETARY_BASE,2020-01,AMBSL,BOGMBASE,adjacent_vintage_bridge,2019-12,2020-01,1969-12-01,-0.00551641465653141,0.00042684817718985357,0.005943262833721263
1,MONETARY_BASE__2020-01__AMBSL__to__BOGMBASE,MONETARY_BASE,2020-01,AMBSL,BOGMBASE,adjacent_vintage_bridge,2019-12,2020-01,1970-01-01,0.00039490336682579397,-0.02015622551931351,-0.020551128886139303
1,MONETARY_BASE__2020-01__AMBSL__to__BOGMBASE,MONETARY_BASE,2020-01,AMBSL,BOGMBASE,adjacent_vintage_bridge,2019-12,2020-01,1970-02-01,-4.127590160418748e-05,-0.010690459649387307,-0.01064918374778312
1,MONETARY_BASE__2020-01__AMBSL__to__BOGMBASE,MONETARY_BASE,2020-01,AMBSL,BOGMBASE,adjacent_vintage_bridge,2019-12,2020-01,1970-03-01,-0.0010000122139093293,0.015831614262738825,0.016831626476648154
1,MONETARY_BASE__2020-01__AMBSL__to__BOGMBASE,MONETARY_BASE,2020-01,AMBSL,BOGMBASE,adjacent_vintage_bridge,2019-12,2020-01,1970-04-01,0.006423313290082611,0.012914711663389866,0.0064913983733072556
1,MONETARY_BASE__2020-01__AMBSL__to__BOGMBASE,MONETARY_BASE,2020-01,AMBSL,BOGMBASE,adjacent_vintage_bridge,2019-12,2020-01,1970-05-01,-0.002116880834075019,-0.008790678657076612,-0.006673797823001593
1,MONETARY_BASE__2020-01__AMBSL__to__BOGMBASE,MONETARY_BASE,2020-01,AMBSL,BOGMBASE,adjacent_vintage_bridge,2019-12,2020-01,1970-06-01,-0.0021244856970232817,-0.0013729430860145442,0.0007515426110087375
1,MONETARY_BASE__2020-01__AMBSL__to__BOGMBASE,MONETARY_BASE,2020-01,AMBSL,BOGMBASE,adjacent_vintage_bridge,2019-12,2020-01,1970-07-01,0.0012944197390414303,0.010420680534465987,0.009126260795424557
1,MONETARY_BASE__2020-01__AMBSL__to__BOGMBASE,MONETARY_BASE,2020-01,AMBSL,BOGMBASE,adjacent_vintage_bridge,2019-12,2020-01,1970-08-01,0.0017536191123790346,-0.010271016265122057,-0.012024635377501092
1,MONETARY_BASE__2020-01__AMBSL__to__BOGMBASE,MONETARY_BASE,2020-01,AMBSL,BOGMBASE,adjacent_vintage_bridge,2019-12,2020-01,1970-09-01,0.002406450148071393,0.002405992704845872,-4.574432255211036e-07
1,MONETARY_BASE__2020-01__AMBSL__to__BOGMBASE,MONETARY_BASE,2020-01,AMBSL,BOGMBASE,adjacent_vintage_bridge,2019-12,2020-01,1970-10-01,-0.0050137222701716055,-0.0057360150757670425,-0.000722292805595437
1,MONETARY_BASE__2020-01__AMBSL__to__BOGMBASE,MONETARY_BASE,2020-01,AMBSL,BOGMBASE,adjacent_vintage_bridge,2019-12,2020-01,1970-11-01,-0.00040147708624438394,0.009736674852897309,0.010138151939141693
1,MONETARY_BASE__2020-01__AMBSL__to__BOGMBASE,MONETARY_BASE,2020-01,AMBSL,BOGMBASE,adjacent_vintage_bridge,2019-12,2020-01,1970-12-01,0.0029315442562127814,0.00910858871433362,0.0061770444581208395
1,MONETARY_BASE__2020-01__AMBSL__to__BOGMBASE,MONETARY_BASE,2020-01,AMBSL,BOGMBASE,adjacent_vintage_bridge,2019-12,2020-01,1971-01-01,-0.0005757915696129601,-0.016677150250629325,-0.016101358681016364
1,MONETARY_BASE__2020-01__AMBSL__to__BOGMBASE,MONETARY_BASE,2020-01,AMBSL,BOGMBASE,adjacent_vintage_bridge,2019-12,2020-01,1971-02-01,0.002487754550103638,-0.00973848155587298,-0.012226236105976618
1,MONETARY_BASE__2020-01__AMBSL__to__BOGMBASE,MONETARY_BASE,2020-01,AMBSL,BOGMBASE,adjacent_vintage_bridge,2019-12,2020-01,1971-03-01,-0.0031658003457160078,0.0102455363681635,0.013411336713879507
1,MONETARY_BASE__2020-01__AMBSL__to__BOGMBASE,MONETARY_BASE,2020-01,AMBSL,BOGMBASE,adjacent_vintage_bridge,2019-12,2020-01,1971-04-01,-0.0017552829676459325,0.007739019497474686,0.009494302465120619
1,MONETARY_BASE__2020-01__AMBSL__to__BOGMBASE,MONETARY_BASE,2020-01,AMBSL,BOGMBASE,adjacent_vintage_bridge,2019-12,2020-01,1971-05-01,0.00517322804936704,-0.0011886191961671955,-0.006361847245534236
1,MONETARY_BASE__2020-01__AMBSL__to__BOGMBASE,MONETARY_BASE,2020-01,AMBSL,BOGMBASE,adjacent_vintage_bridge,2019-12,2020-01,1971-06-01,-0.0035307585891883875,-0.0033979594431645666,0.00013279914602382092
1,MONETARY_BASE__2020-01__AMBSL__to__BOGMBASE,MONETARY_BASE,2020-01,AMBSL,BOGMBASE,adjacent_vintage_bridge,2019-12,2020-01,1971-07-01,0.0023136638909626583,0.009525627794861435,0.007211963903898777
1,MONETARY_BASE__2020-01__AMBSL__to__BOGMBASE,MONETARY_BASE,2020-01,AMBSL,BOGMBASE,adjacent_vintage_bridge,2019-12,2020-01,1971-08-01,-0.0029797174195120846,-0.016690242648982334,-0.01371052522947025
1,MONETARY_BASE__2020-01__AMBSL__to__BOGMBASE,MONETARY_BASE,2020-01,AMBSL,BOGMBASE,adjacent_vintage_bridge,2019-12,2020-01,1971-09-01,0.001979099134657325,0.0054258460547238485,0.0034467469200665235
1,MONETARY_BASE__2020-01__AMBSL__to__BOGMBASE,MONETARY_BASE,2020-01,AMBSL,BOGMBASE,adjacent_vintage_bridge,2019-12,2020-01,1971-10-01,-0.005680528125563633,-0.0010912862281653446,0.0045892418973982885
1,MONETARY_BASE__2020-01__AMBSL__to__BOGMBASE,MONETARY_BASE,2020-01,AMBSL,BOGMBASE,adjacent_vintage_bridge,2019-12,2020-01,1971-11-01,0.004253102366118533,0.006303447599384171,0.002050345233265638
1,MONETARY_BASE__2020-01__AMBSL__to__BOGMBASE,MONETARY_BASE,2020-01,AMBSL,BOGMBASE,adjacent_vintage_bridge,2019-12,2020-01,1971-12-01,-0.0037842960016254423,0.0057825116313523495,0.009566807632977792
1,MONETARY_BASE__2020-01__AMBSL__to__BOGMBASE,MONETARY_BASE,2020-01,AMBSL,BOGMBASE,adjacent_vintage_bridge,2019-12,2020-01,1972-01-01,0.00547629004672423,-0.010322390193499231,-0.01579868024022346
1,MONETARY_BASE__2020-01__AMBSL__to__BOGMBASE,MONETARY_BASE,2020-01,AMBSL,BOGMBASE,adjacent_vintage_bridge,2019-12,2020-01,1972-02-01,0.003436512845068407,-0.01799503145667991,-0.021431544301748318
1,MONETARY_BASE__2020-01__AMBSL__to__BOGMBASE,MONETARY_BASE,2020-01,AMBSL,BOGMBASE,adjacent_vintage_bridge,2019-12,2020-01,1972-03-01,-0.007984666711442046,0.019802493371638974,0.02778716008308102
1,MONETARY_BASE__2020-01__AMBSL__to__BOGMBASE,MONETARY_BASE,2020-01,AMBSL,BOGMBASE,adjacent_vintage_bridge,2019-12,2020-01,1972-04-01,0.00298486999231784,0.007459474347122352,0.004474604354804512
1,MONETARY_BASE__2020-01__AMBSL__to__BOGMBASE,MONETARY_BASE,2020-01,AMBSL,BOGMBASE,adjacent_vintage_bridge,2019-12,2020-01,1972-05-01,-0.0004151479663807578,-0.006691985630055797,-0.006276837663675039
1,MONETARY_BASE__2020-01__AMBSL__to__BOGMBASE,MONETARY_BASE,2020-01,AMBSL,BOGMBASE,adjacent_vintage_bridge,2019-12,2020-01,1972-06-01,0.002192733543952663,-0.00344619570929261,-0.005638929253245273
1,MONETARY_BASE__2020-01__AMBSL__to__BOGMBASE,MONETARY_BASE,2020-01,AMBSL,BOGMBASE,adjacent_vintage_bridge,2019-12,2020-01,1972-07-01,-0.0023426952840219784,0.009196672091118074,0.011539367375140053
1,MONETARY_BASE__2020-01__AMBSL__to__BOGMBASE,MONETARY_BASE,2020-01,AMBSL,BOGMBASE,adjacent_vintage_bridge,2019-12,2020-01,1972-08-01,0.002219824761461986,-0.012920199326782011,-0.015140024088243997
1,MONETARY_BASE__2020-01__AMBSL__to__BOGMBASE,MONETARY_BASE,2020-01,AMBSL,BOGMBASE,adjacent_vintage_bridge,2019-12,2020-01,1972-09-01,-0.0033629043071154996,0.0007985417504698944,0.004161446057585394
1,MONETARY_BASE__2020-01__AMBSL__to__BOGMBASE,MONETARY_BASE,2020-01,AMBSL,BOGMBASE,adjacent_vintage_bridge,2019-12,2020-01,1972-10-01,0.006245057760204453,0.012491417280051209,0.006246359519846756
1,MONETARY_BASE__2020-01__AMBSL__to__BOGMBASE,MONETARY_BASE,2020-01,AMBSL,BOGMBASE,adjacent_vintage_bridge,2019-12,2020-01,1972-11-01,-0.0035791483273381886,-0.023350023659236996,-0.019770875331898807
1,MONETARY_BASE__2020-01__AMBSL__to__BOGMBASE,MONETARY_BASE,2020-01,AMBSL,BOGMBASE,adjacent_vintage_bridge,2019-12,2020-01,1972-12-01,0.0009805336540660292,0.019150000353681307,0.018169466699615278
1,MONETARY_BASE__2020-01__AMBSL__to__BOGMBASE,MONETARY_BASE,2020-01,AMBSL,BOGMBASE,adjacent_vintage_bridge,2019-12,2020-01,1973-01-01,0.0037202095147605974,-0.005991316094947408,-0.009711525609708005
1,MONETARY_BASE__2020-01__AMBSL__to__BOGMBASE,MONETARY_BASE,2020-01,AMBSL,BOGMBASE,adjacent_vintage_bridge,2019-12,2020-01,1973-02-01,-0.007247221324920616,-0.018884871836391426,-0.01163765051147081
1,MONETARY_BASE__2020-01__AMBSL__to__BOGMBASE,MONETARY_BASE,2020-01,AMBSL,BOGMBASE,adjacent_vintage_bridge,2019-12,2020-01,1973-03-01,0.006387523993414135,0.024825744687259288,0.018438220693845153
1,MONETARY_BASE__2020-01__AMBSL__to__BOGMBASE,MONETARY_BASE,2020-01,AMBSL,BOGMBASE,adjacent_vintage_bridge,2019-12,2020-01,1973-04-01,-0.0037585628085805567,0.0066877698408358555,0.010446332649416412
1,MONETARY_BASE__2020-01__AMBSL__to__BOGMBASE,MONETARY_BASE,2020-01,AMBSL,BOGMBASE,adjacent_vintage_bridge,2019-12,2020-01,1973-05-01,-0.002844079924724241,-0.010253008725092272,-0.007408928800368031
1,MONETARY_BASE__2020-01__AMBSL__to__BOGMBASE,MONETARY_BASE,2020-01,AMBSL,BOGMBASE,adjacent_vintage_bridge,2019-12,2020-01,1973-06-01,0.0013036560570771627,0.000842576554784813,-0.00046107950229234973
1,MONETARY_BASE__2020-01__AMBSL__to__BOGMBASE,MONETARY_BASE,2020-01,AMBSL,BOGMBASE,adjacent_vintage_bridge,2019-12,2020-01,1973-07-01,0.008057378556291184,0.012899492839403948,0.004842114283112764
1,MONETARY_BASE__2020-01__AMBSL__to__BOGMBASE,MONETARY_BASE,2020-01,AMBSL,BOGMBASE,adjacent_vintage_bridge,2019-12,2020-01,1973-08-01,-0.011911196622713227,-0.016827994902048005,-0.0049167982793347775
1,MONETARY_BASE__2020-01__AMBSL__to__BOGMBASE,MONETARY_BASE,2020-01,AMBSL,BOGMBASE,adjacent_vintage_bridge,2019-12,2020-01,1973-09-01,0.0038826888420659955,0.0015010353144901956,-0.0023816535275758
1,MONETARY_BASE__2020-01__AMBSL__to__BOGMBASE,MONETARY_BASE,2020-01,AMBSL,BOGMBASE,adjacent_vintage_bridge,2019-12,2020-01,1973-10-01,0.0024428211957312485,0.008843996969142509,0.006401175773411261
1,MONETARY_BASE__2020-01__AMBSL__to__BOGMBASE,MONETARY_BASE,2020-01,AMBSL,BOGMBASE,adjacent_vintage_bridge,2019-12,2020-01,1973-11-01,-0.0041621407496919005,-0.004215564596472987,-5.342384678108658e-05
1,MONETARY_BASE__2020-01__AMBSL__to__BOGMBASE,MONETARY_BASE,2020-01,AMBSL,BOGMBASE,adjacent_vintage_bridge,2019-12,2020-01,1973-12-01,0.002649966485200217,0.009364690635528916,0.006714724150328699
1,MONETARY_BASE__2020-01__AMBSL__to__BOGMBASE,MONETARY_BASE,2020-01,AMBSL,BOGMBASE,adjacent_vintage_bridge,2019-12,2020-01,1974-01-01,0.003336376204071456,-0.015813826241339868,-0.019150202445411324
1,MONETARY_BASE__2020-01__AMBSL__to__BOGMBASE,MONETARY_BASE,2020-01,AMBSL,BOGMBASE,adjacent_vintage_bridge,2019-12,2020-01,1974-02-01,-0.0009260192713194115,-0.015491093825540148,-0.014565074554220736
1,MONETARY_BASE__2020-01__AMBSL__to__BOGMBASE,MONETARY_BASE,2020-01,AMBSL,BOGMBASE,adjacent_vintage_bridge,2019-12,2020-01,1974-03-01,-0.00429334218620081,0.018613436529156147,0.022906778715356957
1,MONETARY_BASE__2020-01__AMBSL__to__BOGMBASE,MONETARY_BASE,2020-01,AMBSL,BOGMBASE,adjacent_vintage_bridge,2019-12,2020-01,1974-04-01,0.008086779554361101,0.01580138841141121,0.007714608857050109
1,MONETARY_BASE__2020-01__AMBSL__to__BOGMBASE,MONETARY_BASE,2020-01,AMBSL,BOGMBASE,adjacent_vintage_bridge,2019-12,2020-01,1974-05-01,-0.005353686907784372,-0.011136134767989248,-0.005782447860204876
1,MONETARY_BASE__2020-01__AMBSL__to__BOGMBASE,MONETARY_BASE,2020-01,AMBSL,BOGMBASE,adjacent_vintage_bridge,2019-12,2020-01,1974-06-01,-0.0006091254728595175,-0.0021647873955092933,-0.0015556619226497759
1,MONETARY_BASE__2020-01__AMBSL__to__BOGMBASE,MONETARY_BASE,2020-01,AMBSL,BOGMBASE,adjacent_vintage_bridge,2019-12,2020-01,1974-07-01,0.0012721348554318723,0.006019352497942165,0.004747217642510293
1,MONETARY_BASE__2020-01__AMBSL__to__BOGMBASE,MONETARY_BASE,2020-01,AMBSL,BOGMBASE,adjacent_vintage_bridge,2019-12,2020-01,1974-08-01,-0.0040335650306309034,-0.014042286007404314,-0.010008720976773411
1,MONETARY_BASE__2020-01__AMBSL__to__BOGMBASE,MONETARY_BASE,2020-01,AMBSL,BOGMBASE,adjacent_vintage_bridge,2019-12,2020-01,1974-09-01,0.0040904030065602726,0.0024152475968985954,-0.0016751554096616772
1,MONETARY_BASE__2020-01__AMBSL__to__BOGMBASE,MONETARY_BASE,2020-01,AMBSL,BOGMBASE,adjacent_vintage_bridge,2019-12,2020-01,1974-10-01,-0.0012497269635840524,0.0015661988828359341,0.0028159258464199866
1,MONETARY_BASE__2020-01__AMBSL__to__BOGMBASE,MONETARY_BASE,2020-01,AMBSL,BOGMBASE,adjacent_vintage_bridge,2019-12,2020-01,1974-11-01,0.00047596318466780474,0.007654442733075584,0.007178479548407779
1,MONETARY_BASE__2020-01__AMBSL__to__BOGMBASE,MONETARY_BASE,2020-01,AMBSL,BOGMBASE,adjacent_vintage_bridge,2019-12,2020-01,1974-12-01,0.0023703054680614954,0.0042774586974854145,0.001907153229423919
1,MONETARY_BASE__2020-01__AMBSL__to__BOGMBASE,MONETARY_BASE,2020-01,AMBSL,BOGMBASE,adjacent_vintage_bridge,2019-12,2020-01,1975-01-01,-0.01375632931328763,-0.02410953331348864,-0.01035320400020101
1,MONETARY_BASE__2020-01__AMBSL__to__BOGMBASE,MONETARY_BASE,2020-01,AMBSL,BOGMBASE,adjacent_vintage_bridge,2019-12,2020-01,1975-02-01,0.015002590703779184,-0.012679771695658815,-0.027682362399438
1,MONETARY_BASE__2020-01__AMBSL__to__BOGMBASE,MONETARY_BASE,2020-01,AMBSL,BOGMBASE,adjacent_vintage_bridge,2019-12,2020-01,1975-03-01,-0.0052765144085071825,0.02267556394511061,0.027952078353617793
1,MONETARY_BASE__2020-01__AMBSL__to__BOGMBASE,MONETARY_BASE,2020-01,AMBSL,BOGMBASE,adjacent_vintage_bridge,2019-12,2020-01,1975-04-01,-0.0032053721852012274,0.008845609887782047,0.012050982072983274
1,MONETARY_BASE__2020-01__AMBSL__to__BOGMBASE,MONETARY_BASE,2020-01,AMBSL,BOGMBASE,adjacent_vintage_bridge,2019-12,2020-01,1975-05-01,-0.0024505326738868405,-0.008950765122170523,-0.006500232448283683
1,MONETARY_BASE__2020-01__AMBSL__to__BOGMBASE,MONETARY_BASE,2020-01,AMBSL,BOGMBASE,adjacent_vintage_bridge,2019-12,2020-01,1975-06-01,0.019828583265931954,0.011695920782459623,-0.00813266248347233
1,MONETARY_BASE__2020-01__AMBSL__to__BOGMBASE,MONETARY_BASE,2020-01,AMBSL,BOGMBASE,adjacent_vintage_bridge,2019-12,2020-01,1975-07-01,-0.02206932400923023,-0.0034207801680015137,0.018648543841228715
1,MONETARY_BASE__2020-01__AMBSL__to__BOGMBASE,MONETARY_BASE,2020-01,AMBSL,BOGMBASE,adjacent_vintage_bridge,2019-12,2020-01,1975-08-01,0.006869819585078929,-0.013635556721235176,-0.020505376306314105
1,MONETARY_BASE__2020-01__AMBSL__to__BOGMBASE,MONETARY_BASE,2020-01,AMBSL,BOGMBASE,adjacent_vintage_bridge,2019-12,2020-01,1975-09-01,0.0010422041613020738,0.004759091240417845,0.0037168870791157715
1,MONETARY_BASE__2020-01__AMBSL__to__BOGMBASE,MONETARY_BASE,2020-01,AMBSL,BOGMBASE,adjacent_vintage_bridge,2019-12,2020-01,1975-10-01,-0.004278894453194404,0.0032959390581694947,0.007574833511363899
1,MONETARY_BASE__2020-01__AMBSL__to__BOGMBASE,MONETARY_BASE,2020-01,AMBSL,BOGMBASE,adjacent_vintage_bridge,2019-12,2020-01,1975-11-01,0.007618397510064767,0.008560333753438343,0.0009419362433735756
1,MONETARY_BASE__2020-01__AMBSL__to__BOGMBASE,MONETARY_BASE,2020-01,AMBSL,BOGMBASE,adjacent_vintage_bridge,2019-12,2020-01,1975-12-01,-0.0028114035376161084,0.0052254642782099125,0.008036867815826021
1,MONETARY_BASE__2020-01__AMBSL__to__BOGMBASE,MONETARY_BASE,2020-01,AMBSL,BOGMBASE,adjacent_vintage_bridge,2019-12,2020-01,1976-01-01,-0.01057171594060069,-0.02876310751607214,-0.01819139157547145
1,MONETARY_BASE__2020-01__AMBSL__to__BOGMBASE,MONETARY_BASE,2020-01,AMBSL,BOGMBASE,adjacent_vintage_bridge,2019-12,2020-01,1976-02-01,0.01596902282466406,-0.0016243361032657333,-0.017593358927929792
1,MONETARY_BASE__2020-01__AMBSL__to__BOGMBASE,MONETARY_BASE,2020-01,AMBSL,BOGMBASE,adjacent_vintage_bridge,2019-12,2020-01,1976-03-01,-0.002556648504853598,0.018573327722254618,0.021129976227108216
1,MONETARY_BASE__2020-01__AMBSL__to__BOGMBASE,MONETARY_BASE,2020-01,AMBSL,BOGMBASE,adjacent_vintage_bridge,2019-12,2020-01,1976-04-01,-0.0027436454242124597,0.010101031493261914,0.012844676917474374
1,MONETARY_BASE__2020-01__AMBSL__to__BOGMBASE,MONETARY_BASE,2020-01,AMBSL,BOGMBASE,adjacent_vintage_bridge,2019-12,2020-01,1976-05-01,-0.0008511020309276418,-0.012211948580526766,-0.011360846549599124
1,MONETARY_BASE__2020-01__AMBSL__to__BOGMBASE,MONETARY_BASE,2020-01,AMBSL,BOGMBASE,adjacent_vintage_bridge,2019-12,2020-01,1976-06-01,0.0011640078600949622,0.003239385816220519,0.002075377956125557
1,MONETARY_BASE__2020-01__AMBSL__to__BOGMBASE,MONETARY_BASE,2020-01,AMBSL,BOGMBASE,adjacent_vintage_bridge,2019-12,2020-01,1976-07-01,-0.005310926407752881,0.0027439882120319226,0.008054914619784803
1,MONETARY_BASE__2020-01__AMBSL__to__BOGMBASE,MONETARY_BASE,2020-01,AMBSL,BOGMBASE,adjacent_vintage_bridge,2019-12,2020-01,1976-08-01,0.007277537523872724,-0.010555126064188514,-0.017832663588061237
1,MONETARY_BASE__2020-01__AMBSL__to__BOGMBASE,MONETARY_BASE,2020-01,AMBSL,BOGMBASE,adjacent_vintage_bridge,2019-12,2020-01,1976-09-01,-0.004243522290260593,0.0007442369023777928,0.004987759192638386
1,MONETARY_BASE__2020-01__AMBSL__to__BOGMBASE,MONETARY_BASE,2020-01,AMBSL,BOGMBASE,adjacent_vintage_bridge,2019-12,2020-01,1976-10-01,0.000504176539785739,0.00810615847794871,0.007601981938162972
1,MONETARY_BASE__2020-01__AMBSL__to__BOGMBASE,MONETARY_BASE,2020-01,AMBSL,BOGMBASE,adjacent_vintage_bridge,2019-12,2020-01,1976-11-01,0.003892199164869048,0.006780182701472626,0.0028879835366035778
1,MONETARY_BASE__2020-01__AMBSL__to__BOGMBASE,MONETARY_BASE,2020-01,AMBSL,BOGMBASE,adjacent_vintage_bridge,2019-12,2020-01,1976-12-01,-0.005824346811071912,0.0014764498184494101,0.007300796629521322
1,MONETARY_BASE__2020-01__AMBSL__to__BOGMBASE,MONETARY_BASE,2020-01,AMBSL,BOGMBASE,adjacent_vintage_bridge,2019-12,2020-01,1977-01-01,0.005837063390297992,-0.022208645550575667,-0.02804570894087366
1,MONETARY_BASE__2020-01__AMBSL__to__BOGMBASE,MONETARY_BASE,2020-01,AMBSL,BOGMBASE,adjacent_vintage_bridge,2019-12,2020-01,1977-02-01,-0.004455180917019241,-0.010155693116686848,-0.005700512199667607
1,MONETARY_BASE__2020-01__AMBSL__to__BOGMBASE,MONETARY_BASE,2020-01,AMBSL,BOGMBASE,adjacent_vintage_bridge,2019-12,2020-01,1977-03-01,0.004559421138726094,0.023273681464505813,0.01871426032577972
1,MONETARY_BASE__2020-01__AMBSL__to__BOGMBASE,MONETARY_BASE,2020-01,AMBSL,BOGMBASE,adjacent_vintage_bridge,2019-12,2020-01,1977-04-01,-0.0013186485277456583,0.008482986267704717,0.009801634795450376
1,MONETARY_BASE__2020-01__AMBSL__to__BOGMBASE,MONETARY_BASE,2020-01,AMBSL,BOGMBASE,adjacent_vintage_bridge,2019-12,2020-01,1977-05-01,-0.002896783815638848,-0.013344942523305647,-0.0104481587076668
1,MONETARY_BASE__2020-01__AMBSL__to__BOGMBASE,MONETARY_BASE,2020-01,AMBSL,BOGMBASE,adjacent_vintage_bridge,2019-12,2020-01,1977-06-01,0.0014680741503871886,0.004039879598886742,0.0025718054484995534
1,MONETARY_BASE__2020-01__AMBSL__to__BOGMBASE,MONETARY_BASE,2020-01,AMBSL,BOGMBASE,adjacent_vintage_bridge,2019-12,2020-01,1977-07-01,0.0054609992732146395,0.01180575331860112,0.00634475404538648
1,MONETARY_BASE__2020-01__AMBSL__to__BOGMBASE,MONETARY_BASE,2020-01,AMBSL,BOGMBASE,adjacent_vintage_bridge,2019-12,2020-01,1977-08-01,-0.0045406064828954484,-0.017885013446512943,-0.013344406963617494
1,MONETARY_BASE__2020-01__AMBSL__to__BOGMBASE,MONETARY_BASE,2020-01,AMBSL,BOGMBASE,adjacent_vintage_bridge,2019-12,2020-01,1977-09-01,-0.0022267737720857994,0.0012540402922791571,0.0034808140643649566
1,MONETARY_BASE__2020-01__AMBSL__to__BOGMBASE,MONETARY_BASE,2020-01,AMBSL,BOGMBASE,adjacent_vintage_bridge,2019-12,2020-01,1977-10-01,0.004010013477175001,0.008613733109456234,0.0046037196322812335
1,MONETARY_BASE__2020-01__AMBSL__to__BOGMBASE,MONETARY_BASE,2020-01,AMBSL,BOGMBASE,adjacent_vintage_bridge,2019-12,2020-01,1977-11-01,-0.0031492651458533416,0.004082639760888185,0.007231904906741526
1,MONETARY_BASE__2020-01__AMBSL__to__BOGMBASE,MONETARY_BASE,2020-01,AMBSL,BOGMBASE,adjacent_vintage_bridge,2019-12,2020-01,1977-12-01,0.004299492571401942,0.003257790432739327,-0.0010417021386626146
1,MONETARY_BASE__2020-01__AMBSL__to__BOGMBASE,MONETARY_BASE,2020-01,AMBSL,BOGMBASE,adjacent_vintage_bridge,2019-12,2020-01,1978-01-01,-0.002269685934270349,-0.01564934094922954,-0.01337965501495919
1,MONETARY_BASE__2020-01__AMBSL__to__BOGMBASE,MONETARY_BASE,2020-01,AMBSL,BOGMBASE,adjacent_vintage_bridge,2019-12,2020-01,1978-02-01,0.002772536636572731,-0.014173273788490093,-0.016945810425062824
1,MONETARY_BASE__2020-01__AMBSL__to__BOGMBASE,MONETARY_BASE,2020-01,AMBSL,BOGMBASE,adjacent_vintage_bridge,2019-12,2020-01,1978-03-01,-0.0063283104111198085,0.015303447827310634,0.021631758238430443
1,MONETARY_BASE__2020-01__AMBSL__to__BOGMBASE,MONETARY_BASE,2020-01,AMBSL,BOGMBASE,adjacent_vintage_bridge,2019-12,2020-01,1978-04-01,0.003320489055203879,0.012476806877069535,0.009156317821865656
1,MONETARY_BASE__2020-01__AMBSL__to__BOGMBASE,MONETARY_BASE,2020-01,AMBSL,BOGMBASE,adjacent_vintage_bridge,2019-12,2020-01,1978-05-01,0.002682864091214654,-0.007698481134760016,-0.01038134522597467
1,MONETARY_BASE__2020-01__AMBSL__to__BOGMBASE,MONETARY_BASE,2020-01,AMBSL,BOGMBASE,adjacent_vintage_bridge,2019-12,2020-01,1978-06-01,-0.0011598990118706354,0.0019789721237977176,0.003138871135668353
1,MONETARY_BASE__2020-01__AMBSL__to__BOGMBASE,MONETARY_BASE,2020-01,AMBSL,BOGMBASE,adjacent_vintage_bridge,2019-12,2020-01,1978-07-01,-0.001485473750906685,0.005447055336782469,0.006932529087689154
1,MONETARY_BASE__2020-01__AMBSL__to__BOGMBASE,MONETARY_BASE,2020-01,AMBSL,BOGMBASE,adjacent_vintage_bridge,2019-12,2020-01,1978-08-01,-0.00415461581425447,-0.01929413763997978,-0.01513952182572531
1,MONETARY_BASE__2020-01__AMBSL__to__BOGMBASE,MONETARY_BASE,2020-01,AMBSL,BOGMBASE,adjacent_vintage_bridge,2019-12,2020-01,1978-09-01,0.004992177471913273,0.011067213833072742,0.006075036361159469
1,MONETARY_BASE__2020-01__AMBSL__to__BOGMBASE,MONETARY_BASE,2020-01,AMBSL,BOGMBASE,adjacent_vintage_bridge,2019-12,2020-01,1978-10-01,0.0006316486314643655,0.002558837786876822,0.0019271891554124565
1,MONETARY_BASE__2020-01__AMBSL__to__BOGMBASE,MONETARY_BASE,2020-01,AMBSL,BOGMBASE,adjacent_vintage_bridge,2019-12,2020-01,1978-11-01,-0.003456406333027573,0.012781905022327678,0.01623831135535525
1,MONETARY_BASE__2020-01__AMBSL__to__BOGMBASE,MONETARY_BASE,2020-01,AMBSL,BOGMBASE,adjacent_vintage_bridge,2019-12,2020-01,1978-12-01,-0.0013234985970331792,0.005211999726085992,0.006535498323119171
1,MONETARY_BASE__2020-01__AMBSL__to__BOGMBASE,MONETARY_BASE,2020-01,AMBSL,BOGMBASE,adjacent_vintage_bridge,2019-12,2020-01,1979-01-01,0.002239081450741587,-0.03065543093945422,-0.03289451239019581
1,MONETARY_BASE__2020-01__AMBSL__to__BOGMBASE,MONETARY_BASE,2020-01,AMBSL,BOGMBASE,adjacent_vintage_bridge,2019-12,2020-01,1979-02-01,-0.004035243737136263,-0.01632067009959748,-0.012285426362461216
1,MONETARY_BASE__2020-01__AMBSL__to__BOGMBASE,MONETARY_BASE,2020-01,AMBSL,BOGMBASE,adjacent_vintage_bridge,2019-12,2020-01,1979-03-01,0.003248055786034598,0.02387969270160184,0.020631636915567242
1,MONETARY_BASE__2020-01__AMBSL__to__BOGMBASE,MONETARY_BASE,2020-01,AMBSL,BOGMBASE,adjacent_vintage_bridge,2019-12,2020-01,1979-04-01,0.0007604044685329825,0.009928405306462551,0.009168000837929569
1,MONETARY_BASE__2020-01__AMBSL__to__BOGMBASE,MONETARY_BASE,2020-01,AMBSL,BOGMBASE,adjacent_vintage_bridge,2019-12,2020-01,1979-05-01,-0.0017987694172258983,-0.014186656040250156,-0.012387886623024258
1,MONETARY_BASE__2020-01__AMBSL__to__BOGMBASE,MONETARY_BASE,2020-01,AMBSL,BOGMBASE,adjacent_vintage_bridge,2019-12,2020-01,1979-06-01,0.0030724862689197607,0.00902656632127119,0.005954080052351429
1,MONETARY_BASE__2020-01__AMBSL__to__BOGMBASE,MONETARY_BASE,2020-01,AMBSL,BOGMBASE,adjacent_vintage_bridge,2019-12,2020-01,1979-07-01,0.0007980653625887513,0.005676637772751292,0.0048785724101625405
1,MONETARY_BASE__2020-01__AMBSL__to__BOGMBASE,MONETARY_BASE,2020-01,AMBSL,BOGMBASE,adjacent_vintage_bridge,2019-12,2020-01,1979-08-01,-0.0006694425894595568,-0.012372716999367483,-0.011703274409907927
1,MONETARY_BASE__2020-01__AMBSL__to__BOGMBASE,MONETARY_BASE,2020-01,AMBSL,BOGMBASE,adjacent_vintage_bridge,2019-12,2020-01,1979-09-01,5.25289968411613e-05,0.0039100320875995465,0.003857503090758385
1,MONETARY_BASE__2020-01__AMBSL__to__BOGMBASE,MONETARY_BASE,2020-01,AMBSL,BOGMBASE,adjacent_vintage_bridge,2019-12,2020-01,1979-10-01,0.0025080812185915846,0.006116602635456658,0.0036085214168650737
1,MONETARY_BASE__2020-01__AMBSL__to__BOGMBASE,MONETARY_BASE,2020-01,AMBSL,BOGMBASE,adjacent_vintage_bridge,2019-12,2020-01,1979-11-01,-0.007002519024974063,0.0019695200245486433,0.008972039049522706
1,MONETARY_BASE__2020-01__AMBSL__to__BOGMBASE,MONETARY_BASE,2020-01,AMBSL,BOGMBASE,adjacent_vintage_bridge,2019-12,2020-01,1979-12-01,0.004255478556180137,0.0034134453707643786,-0.0008420331854157581
1,MONETARY_BASE__2020-01__AMBSL__to__BOGMBASE,MONETARY_BASE,2020-01,AMBSL,BOGMBASE,adjacent_vintage_bridge,2019-12,2020-01,1980-01-01,-0.0015284535119484133,-0.022530808008104586,-0.021002354496156173
1,MONETARY_BASE__2020-01__AMBSL__to__BOGMBASE,MONETARY_BASE,2020-01,AMBSL,BOGMBASE,adjacent_vintage_bridge,2019-12,2020-01,1980-02-01,0.001522977963206884,-0.009337693115455181,-0.010860671078662065
1,MONETARY_BASE__2020-01__AMBSL__to__BOGMBASE,MONETARY_BASE,2020-01,AMBSL,BOGMBASE,adjacent_vintage_bridge,2019-12,2020-01,1980-03-01,0.00036418624351064466,0.020901403470022117,0.020537217226511473
1,MONETARY_BASE__2020-01__AMBSL__to__BOGMBASE,MONETARY_BASE,2020-01,AMBSL,BOGMBASE,adjacent_vintage_bridge,2019-12,2020-01,1980-04-01,-0.006710910215214305,0.010709849902033497,0.017420760117247802
1,MONETARY_BASE__2020-01__AMBSL__to__BOGMBASE,MONETARY_BASE,2020-01,AMBSL,BOGMBASE,adjacent_vintage_bridge,2019-12,2020-01,1980-05-01,0.002310659870467191,-0.017703328685032105,-0.020013988555499296
1,MONETARY_BASE__2020-01__AMBSL__to__BOGMBASE,MONETARY_BASE,2020-01,AMBSL,BOGMBASE,adjacent_vintage_bridge,2019-12,2020-01,1980-06-01,0.004286658459084158,0.005995583395417725,0.0017089249363335668
1,MONETARY_BASE__2020-01__AMBSL__to__BOGMBASE,MONETARY_BASE,2020-01,AMBSL,BOGMBASE,adjacent_vintage_bridge,2019-12,2020-01,1980-07-01,0.0005569458484266931,2.862685564508638e-05,-0.0005283189927816068
1,MONETARY_BASE__2020-01__AMBSL__to__BOGMBASE,MONETARY_BASE,2020-01,AMBSL,BOGMBASE,adjacent_vintage_bridge,2019-12,2020-01,1980-08-01,0.0017956096002924582,-0.0161362550570594,-0.01793186465735186
1,MONETARY_BASE__2020-01__AMBSL__to__BOGMBASE,MONETARY_BASE,2020-01,AMBSL,BOGMBASE,adjacent_vintage_bridge,2019-12,2020-01,1980-09-01,-0.0015247599977721293,0.016063610064707134,0.017588370062479264
1,MONETARY_BASE__2020-01__AMBSL__to__BOGMBASE,MONETARY_BASE,2020-01,AMBSL,BOGMBASE,adjacent_vintage_bridge,2019-12,2020-01,1980-10-01,-0.0002837422907466802,0.003265530812299744,0.003549273103046424
1,MONETARY_BASE__2020-01__AMBSL__to__BOGMBASE,MONETARY_BASE,2020-01,AMBSL,BOGMBASE,adjacent_vintage_bridge,2019-12,2020-01,1980-11-01,0.0008094766416499866,-0.002617774213140578,-0.0034272508547905645
1,MONETARY_BASE__2020-01__AMBSL__to__BOGMBASE,MONETARY_BASE,2020-01,AMBSL,BOGMBASE,adjacent_vintage_bridge,2019-12,2020-01,1980-12-01,-0.010919123612948667,0.0011951934846230472,0.012114317097571714
1,MONETARY_BASE__2020-01__AMBSL__to__BOGMBASE,MONETARY_BASE,2020-01,AMBSL,BOGMBASE,adjacent_vintage_bridge,2019-12,2020-01,1981-01-01,-0.00229402369695908,-0.022308691009492065,-0.020014667312532985
1,MONETARY_BASE__2020-01__AMBSL__to__BOGMBASE,MONETARY_BASE,2020-01,AMBSL,BOGMBASE,adjacent_vintage_bridge,2019-12,2020-01,1981-02-01,0.014925388950232765,0.0010430091112798578,-0.013882379838952907
1,MONETARY_BASE__2020-01__AMBSL__to__BOGMBASE,MONETARY_BASE,2020-01,AMBSL,BOGMBASE,adjacent_vintage_bridge,2019-12,2020-01,1981-03-01,-0.004430234445609749,0.01802314501728297,0.02245337946289272
1,MONETARY_BASE__2020-01__AMBSL__to__BOGMBASE,MONETARY_BASE,2020-01,AMBSL,BOGMBASE,adjacent_vintage_bridge,2019-12,2020-01,1981-04-01,0.003326921781317438,0.011266857491358806,0.007939935710041368
1,MONETARY_BASE__2020-01__AMBSL__to__BOGMBASE,MONETARY_BASE,2020-01,AMBSL,BOGMBASE,adjacent_vintage_bridge,2019-12,2020-01,1981-05-01,-0.005618250824292126,-0.011087252613217302,-0.005469001788925176
1,MONETARY_BASE__2020-01__AMBSL__to__BOGMBASE,MONETARY_BASE,2020-01,AMBSL,BOGMBASE,adjacent_vintage_bridge,2019-12,2020-01,1981-06-01,-0.0029209967386254476,-0.0006356374517277885,0.002285359286897659
1,MONETARY_BASE__2020-01__AMBSL__to__BOGMBASE,MONETARY_BASE,2020-01,AMBSL,BOGMBASE,adjacent_vintage_bridge,2019-12,2020-01,1981-07-01,0.006861172054278164,0.00834437383174702,0.0014832017774688566
1,MONETARY_BASE__2020-01__AMBSL__to__BOGMBASE,MONETARY_BASE,2020-01,AMBSL,BOGMBASE,adjacent_vintage_bridge,2019-12,2020-01,1981-08-01,-0.0038881896989453324,-0.012349744875045587,-0.008461555176100255
1,MONETARY_BASE__2020-01__AMBSL__to__BOGMBASE,MONETARY_BASE,2020-01,AMBSL,BOGMBASE,adjacent_vintage_bridge,2019-12,2020-01,1981-09-01,-0.0010252009109796845,-0.009097302640537208,-0.008072101729557524
1,MONETARY_BASE__2020-01__AMBSL__to__BOGMBASE,MONETARY_BASE,2020-01,AMBSL,BOGMBASE,adjacent_vintage_bridge,2019-12,2020-01,1981-10-01,-0.002234541625336206,0.010380840954702819,0.012615382580039025
1,MONETARY_BASE__2020-01__AMBSL__to__BOGMBASE,MONETARY_BASE,2020-01,AMBSL,BOGMBASE,adjacent_vintage_bridge,2019-12,2020-01,1981-11-01,0.006516089543025849,0.011859215866392603,0.005343126323366754
1,MONETARY_BASE__2020-01__AMBSL__to__BOGMBASE,MONETARY_BASE,2020-01,AMBSL,BOGMBASE,adjacent_vintage_bridge,2019-12,2020-01,1981-12-01,0.0013422301774834722,0.006831858964568838,0.0054896287870853655
1,MONETARY_BASE__2020-01__AMBSL__to__BOGMBASE,MONETARY_BASE,2020-01,AMBSL,BOGMBASE,adjacent_vintage_bridge,2019-12,2020-01,1982-01-01,-0.003111686941387859,-0.025536470171221737,-0.022424783229833878
1,MONETARY_BASE__2020-01__AMBSL__to__BOGMBASE,MONETARY_BASE,2020-01,AMBSL,BOGMBASE,adjacent_vintage_bridge,2019-12,2020-01,1982-02-01,0.0015120822547061152,-0.00865214254083746,-0.010164224795543575
1,MONETARY_BASE__2020-01__AMBSL__to__BOGMBASE,MONETARY_BASE,2020-01,AMBSL,BOGMBASE,adjacent_vintage_bridge,2019-12,2020-01,1982-03-01,-0.005601981902183084,0.00614495387837799,0.011746935780561074
1,MONETARY_BASE__2020-01__AMBSL__to__BOGMBASE,MONETARY_BASE,2020-01,AMBSL,BOGMBASE,adjacent_vintage_bridge,2019-12,2020-01,1982-04-01,0.007279369480062137,0.02245102846386615,0.015171658983804015
1,MONETARY_BASE__2020-01__AMBSL__to__BOGMBASE,MONETARY_BASE,2020-01,AMBSL,BOGMBASE,adjacent_vintage_bridge,2019-12,2020-01,1982-05-01,-0.0013224184785824988,-0.006910240993502015,-0.005587822514919516
1,MONETARY_BASE__2020-01__AMBSL__to__BOGMBASE,MONETARY_BASE,2020-01,AMBSL,BOGMBASE,adjacent_vintage_bridge,2019-12,2020-01,1982-06-01,-0.0013583133081844778,0.0016400107073639703,0.002998324015548448
1,MONETARY_BASE__2020-01__AMBSL__to__BOGMBASE,MONETARY_BASE,2020-01,AMBSL,BOGMBASE,adjacent_vintage_bridge,2019-12,2020-01,1982-07-01,-0.001308748723440445,0.0003016848557546581,0.001610433579195103
1,MONETARY_BASE__2020-01__AMBSL__to__BOGMBASE,MONETARY_BASE,2020-01,AMBSL,BOGMBASE,adjacent_vintage_bridge,2019-12,2020-01,1982-08-01,0.003121273785473555,-0.006444905397557932,-0.009566179183031487
1,MONETARY_BASE__2020-01__AMBSL__to__BOGMBASE,MONETARY_BASE,2020-01,AMBSL,BOGMBASE,adjacent_vintage_bridge,2019-12,2020-01,1982-09-01,0.00112408225382854,-0.006828716035437665,-0.007952798289266205
1,MONETARY_BASE__2020-01__AMBSL__to__BOGMBASE,MONETARY_BASE,2020-01,AMBSL,BOGMBASE,adjacent_vintage_bridge,2019-12,2020-01,1982-10-01,0.0013367953022838108,0.012445799526819457,0.011109004224535646
1,MONETARY_BASE__2020-01__AMBSL__to__BOGMBASE,MONETARY_BASE,2020-01,AMBSL,BOGMBASE,adjacent_vintage_bridge,2019-12,2020-01,1982-11-01,-0.0020676789101461424,0.005218507209828971,0.007286186119975113
1,MONETARY_BASE__2020-01__AMBSL__to__BOGMBASE,MONETARY_BASE,2020-01,AMBSL,BOGMBASE,adjacent_vintage_bridge,2019-12,2020-01,1982-12-01,-0.0006061365465015456,0.0038806096505989984,0.004486746197100544
1,MONETARY_BASE__2020-01__AMBSL__to__BOGMBASE,MONETARY_BASE,2020-01,AMBSL,BOGMBASE,adjacent_vintage_bridge,2019-12,2020-01,1983-01-01,-0.0038816795399618798,-0.02824719695316169,-0.02436551741319981
1,MONETARY_BASE__2020-01__AMBSL__to__BOGMBASE,MONETARY_BASE,2020-01,AMBSL,BOGMBASE,adjacent_vintage_bridge,2019-12,2020-01,1983-02-01,0.010519704363308513,-0.0003122405602127287,-0.010831944923521242
1,MONETARY_BASE__2020-01__AMBSL__to__BOGMBASE,MONETARY_BASE,2020-01,AMBSL,BOGMBASE,adjacent_vintage_bridge,2019-12,2020-01,1983-03-01,-0.0026799795787404435,0.011980832157616916,0.01466081173635736
1,MONETARY_BASE__2020-01__AMBSL__to__BOGMBASE,MONETARY_BASE,2020-01,AMBSL,BOGMBASE,adjacent_vintage_bridge,2019-12,2020-01,1983-04-01,-0.0012628694821339437,0.013654209218481483,0.014917078700615427
1,MONETARY_BASE__2020-01__AMBSL__to__BOGMBASE,MONETARY_BASE,2020-01,AMBSL,BOGMBASE,adjacent_vintage_bridge,2019-12,2020-01,1983-05-01,-0.0013716471067004576,-0.007752512369730624,-0.0063808652630301665
1,MONETARY_BASE__2020-01__AMBSL__to__BOGMBASE,MONETARY_BASE,2020-01,AMBSL,BOGMBASE,adjacent_vintage_bridge,2019-12,2020-01,1983-06-01,-0.0019510529837658552,0.0031464849725715283,0.0050975379563373835
1,MONETARY_BASE__2020-01__AMBSL__to__BOGMBASE,MONETARY_BASE,2020-01,AMBSL,BOGMBASE,adjacent_vintage_bridge,2019-12,2020-01,1983-07-01,0.0013973800739028874,2.3635046032310925e-05,-0.0013737450278705765
1,MONETARY_BASE__2020-01__AMBSL__to__BOGMBASE,MONETARY_BASE,2020-01,AMBSL,BOGMBASE,adjacent_vintage_bridge,2019-12,2020-01,1983-08-01,-3.4901158539213384e-05,-0.009771740252316974,-0.00973683909377776
1,MONETARY_BASE__2020-01__AMBSL__to__BOGMBASE,MONETARY_BASE,2020-01,AMBSL,BOGMBASE,adjacent_vintage_bridge,2019-12,2020-01,1983-09-01,-0.001921044025650076,-0.0035685723345935116,-0.0016475283089434356
1,MONETARY_BASE__2020-01__AMBSL__to__BOGMBASE,MONETARY_BASE,2020-01,AMBSL,BOGMBASE,adjacent_vintage_bridge,2019-12,2020-01,1983-10-01,0.004815694208613053,0.010681691292692364,0.005865997084079311
1,MONETARY_BASE__2020-01__AMBSL__to__BOGMBASE,MONETARY_BASE,2020-01,AMBSL,BOGMBASE,adjacent_vintage_bridge,2019-12,2020-01,1983-11-01,-0.004392144241143647,0.006133930402091536,0.010526074643235184
1,MONETARY_BASE__2020-01__AMBSL__to__BOGMBASE,MONETARY_BASE,2020-01,AMBSL,BOGMBASE,adjacent_vintage_bridge,2019-12,2020-01,1983-12-01,-0.003409390943483359,0.0022992405387398662,0.005708631482223225
1,MONETARY_BASE__2020-01__AMBSL__to__BOGMBASE,MONETARY_BASE,2020-01,AMBSL,BOGMBASE,adjacent_vintage_bridge,2019-12,2020-01,1984-01-01,0.007768207183182163,-0.020789544484554057,-0.02855775166773622
1,MONETARY_BASE__2020-01__AMBSL__to__BOGMBASE,MONETARY_BASE,2020-01,AMBSL,BOGMBASE,adjacent_vintage_bridge,2019-12,2020-01,1984-02-01,-0.006849748331546834,-0.01947147107969549,-0.012621722748148656
1,MONETARY_BASE__2020-01__AMBSL__to__BOGMBASE,MONETARY_BASE,2020-01,AMBSL,BOGMBASE,adjacent_vintage_bridge,2019-12,2020-01,1984-03-01,0.00505057274299503,0.03600195443643095,0.03095138169343592
1,MONETARY_BASE__2020-01__AMBSL__to__BOGMBASE,MONETARY_BASE,2020-01,AMBSL,BOGMBASE,adjacent_vintage_bridge,2019-12,2020-01,1984-04-01,-0.0023746318684061407,0.0042540713425136545,0.006628703210919795
1,MONETARY_BASE__2020-01__AMBSL__to__BOGMBASE,MONETARY_BASE,2020-01,AMBSL,BOGMBASE,adjacent_vintage_bridge,2019-12,2020-01,1984-05-01,-0.0010956174733314228,-0.0134333929293593,-0.012337775456027877
1,MONETARY_BASE__2020-01__AMBSL__to__BOGMBASE,MONETARY_BASE,2020-01,AMBSL,BOGMBASE,adjacent_vintage_bridge,2019-12,2020-01,1984-06-01,-0.00021534215626051179,0.011834509104764024,0.012049851261024536
1,MONETARY_BASE__2020-01__AMBSL__to__BOGMBASE,MONETARY_BASE,2020-01,AMBSL,BOGMBASE,adjacent_vintage_bridge,2019-12,2020-01,1984-07-01,-0.0005501686297231245,-0.005659461103054042,-0.0051092924733309175
1,MONETARY_BASE__2020-01__AMBSL__to__BOGMBASE,MONETARY_BASE,2020-01,AMBSL,BOGMBASE,adjacent_vintage_bridge,2019-12,2020-01,1984-08-01,-0.0035459621776849914,-0.012981184108493693,-0.009435221930808702
1,MONETARY_BASE__2020-01__AMBSL__to__BOGMBASE,MONETARY_BASE,2020-01,AMBSL,BOGMBASE,adjacent_vintage_bridge,2019-12,2020-01,1984-09-01,0.004288430960879275,0.0097345326162106,0.005446101655331326
1,MONETARY_BASE__2020-01__AMBSL__to__BOGMBASE,MONETARY_BASE,2020-01,AMBSL,BOGMBASE,adjacent_vintage_bridge,2019-12,2020-01,1984-10-01,-0.005673862934326479,-0.004995051945890339,0.0006788109884361404
1,MONETARY_BASE__2020-01__AMBSL__to__BOGMBASE,MONETARY_BASE,2020-01,AMBSL,BOGMBASE,adjacent_vintage_bridge,2019-12,2020-01,1984-11-01,0.007352680503899478,0.011723149954390166,0.004370469450490688
1,MONETARY_BASE__2020-01__AMBSL__to__BOGMBASE,MONETARY_BASE,2020-01,AMBSL,BOGMBASE,adjacent_vintage_bridge,2019-12,2020-01,1984-12-01,-0.004111295094607392,0.008197291882735769,0.012308586977343161
1,MONETARY_BASE__2020-01__AMBSL__to__BOGMBASE,MONETARY_BASE,2020-01,AMBSL,BOGMBASE,adjacent_vintage_bridge,2019-12,2020-01,1985-01-01,0.00204919272334525,-0.028834455702352102,-0.030883648425697352
1,MONETARY_BASE__2020-01__AMBSL__to__BOGMBASE,MONETARY_BASE,2020-01,AMBSL,BOGMBASE,adjacent_vintage_bridge,2019-12,2020-01,1985-02-01,0.0004983771742423926,-0.006625815628426679,-0.0071241928026690715
1,MONETARY_BASE__2020-01__AMBSL__to__BOGMBASE,MONETARY_BASE,2020-01,AMBSL,BOGMBASE,adjacent_vintage_bridge,2019-12,2020-01,1985-03-01,0.0011108219279698517,0.02702482433795872,0.025914002409988868
1,MONETARY_BASE__2020-01__AMBSL__to__BOGMBASE,MONETARY_BASE,2020-01,AMBSL,BOGMBASE,adjacent_vintage_bridge,2019-12,2020-01,1985-04-01,-0.003555926312615476,0.001294733003664561,0.004850659316280037
1,MONETARY_BASE__2020-01__AMBSL__to__BOGMBASE,MONETARY_BASE,2020-01,AMBSL,BOGMBASE,adjacent_vintage_bridge,2019-12,2020-01,1985-05-01,0.0058867214463314,-0.007953412944761595,-0.013840134391092995
1,MONETARY_BASE__2020-01__AMBSL__to__BOGMBASE,MONETARY_BASE,2020-01,AMBSL,BOGMBASE,adjacent_vintage_bridge,2019-12,2020-01,1985-06-01,0.0009272173749694801,0.011347010586362671,0.010419793211393191
1,MONETARY_BASE__2020-01__AMBSL__to__BOGMBASE,MONETARY_BASE,2020-01,AMBSL,BOGMBASE,adjacent_vintage_bridge,2019-12,2020-01,1985-07-01,-0.002833434338622709,-0.007477647748933336,-0.004644213410310627
1,MONETARY_BASE__2020-01__AMBSL__to__BOGMBASE,MONETARY_BASE,2020-01,AMBSL,BOGMBASE,adjacent_vintage_bridge,2019-12,2020-01,1985-08-01,0.0013346644125631357,-0.007124596390795546,-0.008459260803358681
1,MONETARY_BASE__2020-01__AMBSL__to__BOGMBASE,MONETARY_BASE,2020-01,AMBSL,BOGMBASE,adjacent_vintage_bridge,2019-12,2020-01,1985-09-01,0.0008337302255325696,0.006288312086018877,0.005454581860486307
1,MONETARY_BASE__2020-01__AMBSL__to__BOGMBASE,MONETARY_BASE,2020-01,AMBSL,BOGMBASE,adjacent_vintage_bridge,2019-12,2020-01,1985-10-01,-0.00415823425975681,-0.0026006330831460645,0.0015576011766107456
1,MONETARY_BASE__2020-01__AMBSL__to__BOGMBASE,MONETARY_BASE,2020-01,AMBSL,BOGMBASE,adjacent_vintage_bridge,2019-12,2020-01,1985-11-01,-0.0020316415697285706,0.00990690383151005,0.01193854540123862
1,MONETARY_BASE__2020-01__AMBSL__to__BOGMBASE,MONETARY_BASE,2020-01,AMBSL,BOGMBASE,adjacent_vintage_bridge,2019-12,2020-01,1985-12-01,0.010326112670746568,0.007456248692143674,-0.0028698639786028934
1,MONETARY_BASE__2020-01__AMBSL__to__BOGMBASE,MONETARY_BASE,2020-01,AMBSL,BOGMBASE,adjacent_vintage_bridge,2019-12,2020-01,1986-01-01,-0.016718671991360345,-0.03707345985418442,-0.020354787862824075
1,MONETARY_BASE__2020-01__AMBSL__to__BOGMBASE,MONETARY_BASE,2020-01,AMBSL,BOGMBASE,adjacent_vintage_bridge,2019-12,2020-01,1986-02-01,0.005972797605060087,-0.004370140060176553,-0.01034293766523664
1,MONETARY_BASE__2020-01__AMBSL__to__BOGMBASE,MONETARY_BASE,2020-01,AMBSL,BOGMBASE,adjacent_vintage_bridge,2019-12,2020-01,1986-03-01,0.0092169084271303,0.03430143895250026,0.025084530525369964
1,MONETARY_BASE__2020-01__AMBSL__to__BOGMBASE,MONETARY_BASE,2020-01,AMBSL,BOGMBASE,adjacent_vintage_bridge,2019-12,2020-01,1986-04-01,-0.005023908762190388,0.00023381452569282146,0.005257723287883209
1,MONETARY_BASE__2020-01__AMBSL__to__BOGMBASE,MONETARY_BASE,2020-01,AMBSL,BOGMBASE,adjacent_vintage_bridge,2019-12,2020-01,1986-05-01,0.002305409702323402,-0.01058804716483941,-0.012893456867162811
1,MONETARY_BASE__2020-01__AMBSL__to__BOGMBASE,MONETARY_BASE,2020-01,AMBSL,BOGMBASE,adjacent_vintage_bridge,2019-12,2020-01,1986-06-01,4.1015923361698015e-05,0.010262665028582418,0.01022164910522072
1,MONETARY_BASE__2020-01__AMBSL__to__BOGMBASE,MONETARY_BASE,2020-01,AMBSL,BOGMBASE,adjacent_vintage_bridge,2019-12,2020-01,1986-07-01,-0.0012975696223724853,-0.003975279646722285,-0.0026777100243497998
1,MONETARY_BASE__2020-01__AMBSL__to__BOGMBASE,MONETARY_BASE,2020-01,AMBSL,BOGMBASE,adjacent_vintage_bridge,2019-12,2020-01,1986-08-01,0.0012029418102530443,-0.011265255367668203,-0.012468197177921247
1,MONETARY_BASE__2020-01__AMBSL__to__BOGMBASE,MONETARY_BASE,2020-01,AMBSL,BOGMBASE,adjacent_vintage_bridge,2019-12,2020-01,1986-09-01,-0.0028070208855224266,0.006955974965450196,0.009762995850972622
1,MONETARY_BASE__2020-01__AMBSL__to__BOGMBASE,MONETARY_BASE,2020-01,AMBSL,BOGMBASE,adjacent_vintage_bridge,2019-12,2020-01,1986-10-01,0.0006745177868152652,2.5074983105000115e-05,-0.0006494428037102651
1,MONETARY_BASE__2020-01__AMBSL__to__BOGMBASE,MONETARY_BASE,2020-01,AMBSL,BOGMBASE,adjacent_vintage_bridge,2019-12,2020-01,1986-11-01,0.004468946505315152,0.012634506233375475,0.008165559728060323
1,MONETARY_BASE__2020-01__AMBSL__to__BOGMBASE,MONETARY_BASE,2020-01,AMBSL,BOGMBASE,adjacent_vintage_bridge,2019-12,2020-01,1986-12-01,0.0011268985713135393,0.006539990296138498,0.005413091724824959
1,MONETARY_BASE__2020-01__AMBSL__to__BOGMBASE,MONETARY_BASE,2020-01,AMBSL,BOGMBASE,adjacent_vintage_bridge,2019-12,2020-01,1987-01-01,-0.006574093490219646,-0.033877061101643235,-0.02730296761142359
1,MONETARY_BASE__2020-01__AMBSL__to__BOGMBASE,MONETARY_BASE,2020-01,AMBSL,BOGMBASE,adjacent_vintage_bridge,2019-12,2020-01,1987-02-01,0.0034501318311104257,-0.011788227322016454,-0.01523835915312688
1,MONETARY_BASE__2020-01__AMBSL__to__BOGMBASE,MONETARY_BASE,2020-01,AMBSL,BOGMBASE,adjacent_vintage_bridge,2019-12,2020-01,1987-03-01,-0.013563826880975682,0.02799050235517342,0.0415543292361491
1,MONETARY_BASE__2020-01__AMBSL__to__BOGMBASE,MONETARY_BASE,2020-01,AMBSL,BOGMBASE,adjacent_vintage_bridge,2019-12,2020-01,1987-04-01,0.014546391784017842,0.009912703805969869,-0.004633687978047973
1,MONETARY_BASE__2020-01__AMBSL__to__BOGMBASE,MONETARY_BASE,2020-01,AMBSL,BOGMBASE,adjacent_vintage_bridge,2019-12,2020-01,1987-05-01,0.0029690174050109874,-0.01538555172254874,-0.018354569127559728
1,MONETARY_BASE__2020-01__AMBSL__to__BOGMBASE,MONETARY_BASE,2020-01,AMBSL,BOGMBASE,adjacent_vintage_bridge,2019-12,2020-01,1987-06-01,-0.0171765048162964,0.004947301236844837,0.022123806053141237
1,MONETARY_BASE__2020-01__AMBSL__to__BOGMBASE,MONETARY_BASE,2020-01,AMBSL,BOGMBASE,adjacent_vintage_bridge,2019-12,2020-01,1987-07-01,0.006139726409237767,-0.0013471601650056897,-0.0074868865742434565
1,MONETARY_BASE__2020-01__AMBSL__to__BOGMBASE,MONETARY_BASE,2020-01,AMBSL,BOGMBASE,adjacent_vintage_bridge,2019-12,2020-01,1987-08-01,0.005467509800040737,-0.008608888568366169,-0.014076398368406906
1,MONETARY_BASE__2020-01__AMBSL__to__BOGMBASE,MONETARY_BASE,2020-01,AMBSL,BOGMBASE,adjacent_vintage_bridge,2019-12,2020-01,1987-09-01,-0.005313515076045938,0.007606249968640455,0.012919765044686393
1,MONETARY_BASE__2020-01__AMBSL__to__BOGMBASE,MONETARY_BASE,2020-01,AMBSL,BOGMBASE,adjacent_vintage_bridge,2019-12,2020-01,1987-10-01,0.010708481500349976,0.0005567365307257433,-0.010151744969624232
1,MONETARY_BASE__2020-01__AMBSL__to__BOGMBASE,MONETARY_BASE,2020-01,AMBSL,BOGMBASE,adjacent_vintage_bridge,2019-12,2020-01,1987-11-01,-0.011685469353987621,0.009107534258887995,0.020793003612875616
1,MONETARY_BASE__2020-01__AMBSL__to__BOGMBASE,MONETARY_BASE,2020-01,AMBSL,BOGMBASE,adjacent_vintage_bridge,2019-12,2020-01,1987-12-01,0.0026531585608617902,0.000765257822008536,-0.0018879007388532543
1,MONETARY_BASE__2020-01__AMBSL__to__BOGMBASE,MONETARY_BASE,2020-01,AMBSL,BOGMBASE,adjacent_vintage_bridge,2019-12,2020-01,1988-01-01,0.004068409073952672,-0.01943003825930134,-0.023498447333254013
1,MONETARY_BASE__2020-01__AMBSL__to__BOGMBASE,MONETARY_BASE,2020-01,AMBSL,BOGMBASE,adjacent_vintage_bridge,2019-12,2020-01,1988-02-01,-0.0064491208244890075,-0.018632455786409707,-0.0121833349619207
1,MONETARY_BASE__2020-01__AMBSL__to__BOGMBASE,MONETARY_BASE,2020-01,AMBSL,BOGMBASE,adjacent_vintage_bridge,2019-12,2020-01,1988-03-01,-0.0009259802738732503,0.031146705835119803,0.032072686108993054
1,MONETARY_BASE__2020-01__AMBSL__to__BOGMBASE,MONETARY_BASE,2020-01,AMBSL,BOGMBASE,adjacent_vintage_bridge,2019-12,2020-01,1988-04-01,0.016168331398136004,0.008863142835350502,-0.007305188562785503
1,MONETARY_BASE__2020-01__AMBSL__to__BOGMBASE,MONETARY_BASE,2020-01,AMBSL,BOGMBASE,adjacent_vintage_bridge,2019-12,2020-01,1988-05-01,-0.015810917211687148,-0.017633052678281302,-0.0018221354665941547
1,MONETARY_BASE__2020-01__AMBSL__to__BOGMBASE,MONETARY_BASE,2020-01,AMBSL,BOGMBASE,adjacent_vintage_bridge,2019-12,2020-01,1988-06-01,0.005957811107241362,0.014319340208492903,0.008361529101251541
1,MONETARY_BASE__2020-01__AMBSL__to__BOGMBASE,MONETARY_BASE,2020-01,AMBSL,BOGMBASE,adjacent_vintage_bridge,2019-12,2020-01,1988-07-01,0.0022458190026348746,-0.005677252273128985,-0.00792307127576386
1,MONETARY_BASE__2020-01__AMBSL__to__BOGMBASE,MONETARY_BASE,2020-01,AMBSL,BOGMBASE,adjacent_vintage_bridge,2019-12,2020-01,1988-08-01,-0.007914364875414748,-0.01377184594028158,-0.005857481064866832
1,MONETARY_BASE__2020-01__AMBSL__to__BOGMBASE,MONETARY_BASE,2020-01,AMBSL,BOGMBASE,adjacent_vintage_bridge,2019-12,2020-01,1988-09-01,0.0026506843626501464,0.005271887262189523,0.0026212028995393766
1,MONETARY_BASE__2020-01__AMBSL__to__BOGMBASE,MONETARY_BASE,2020-01,AMBSL,BOGMBASE,adjacent_vintage_bridge,2019-12,2020-01,1988-10-01,9.239414875050755e-05,-0.0007789990918016798,-0.0008713932405521874
1,MONETARY_BASE__2020-01__AMBSL__to__BOGMBASE,MONETARY_BASE,2020-01,AMBSL,BOGMBASE,adjacent_vintage_bridge,2019-12,2020-01,1988-11-01,0.0011415722476666446,0.012652618970916407,0.011511046723249763
1,MONETARY_BASE__2020-01__AMBSL__to__BOGMBASE,MONETARY_BASE,2020-01,AMBSL,BOGMBASE,adjacent_vintage_bridge,2019-12,2020-01,1988-12-01,-0.004308666635871816,0.003037799380233963,0.007346466016105779
1,MONETARY_BASE__2020-01__AMBSL__to__BOGMBASE,MONETARY_BASE,2020-01,AMBSL,BOGMBASE,adjacent_vintage_bridge,2019-12,2020-01,1989-01-01,0.003032132268609544,-0.022188490389154936,-0.02522062265776448
1,MONETARY_BASE__2020-01__AMBSL__to__BOGMBASE,MONETARY_BASE,2020-01,AMBSL,BOGMBASE,adjacent_vintage_bridge,2019-12,2020-01,1989-02-01,-0.009685486638478125,-0.018996941170884796,-0.009311454532406671
1,MONETARY_BASE__2020-01__AMBSL__to__BOGMBASE,MONETARY_BASE,2020-01,AMBSL,BOGMBASE,adjacent_vintage_bridge,2019-12,2020-01,1989-03-01,0.013725605239951477,0.03743150862534428,0.0237059033853928
1,MONETARY_BASE__2020-01__AMBSL__to__BOGMBASE,MONETARY_BASE,2020-01,AMBSL,BOGMBASE,adjacent_vintage_bridge,2019-12,2020-01,1989-04-01,-0.004834016956445808,-0.0025530530354327396,0.0022809639210130683
1,MONETARY_BASE__2020-01__AMBSL__to__BOGMBASE,MONETARY_BASE,2020-01,AMBSL,BOGMBASE,adjacent_vintage_bridge,2019-12,2020-01,1989-05-01,-0.0018434645791360893,-0.013867087676537437,-0.012023623097401348
1,MONETARY_BASE__2020-01__AMBSL__to__BOGMBASE,MONETARY_BASE,2020-01,AMBSL,BOGMBASE,adjacent_vintage_bridge,2019-12,2020-01,1989-06-01,0.0013566496753787405,0.014670105892376384,0.013313456216997643
1,MONETARY_BASE__2020-01__AMBSL__to__BOGMBASE,MONETARY_BASE,2020-01,AMBSL,BOGMBASE,adjacent_vintage_bridge,2019-12,2020-01,1989-07-01,0.0014499309109634595,-0.003814841091800858,-0.0052647720027643174
1,MONETARY_BASE__2020-01__AMBSL__to__BOGMBASE,MONETARY_BASE,2020-01,AMBSL,BOGMBASE,adjacent_vintage_bridge,2019-12,2020-01,1989-08-01,-0.004993174674662981,-0.013616481409506775,-0.008623306734843794
1,MONETARY_BASE__2020-01__AMBSL__to__BOGMBASE,MONETARY_BASE,2020-01,AMBSL,BOGMBASE,adjacent_vintage_bridge,2019-12,2020-01,1989-09-01,0.002788077349693552,0.0071267571619202386,0.004338679812226687
1,MONETARY_BASE__2020-01__AMBSL__to__BOGMBASE,MONETARY_BASE,2020-01,AMBSL,BOGMBASE,adjacent_vintage_bridge,2019-12,2020-01,1989-10-01,0.0033834518088822207,6.99554657970225e-05,-0.0033134963430851982
1,MONETARY_BASE__2020-01__AMBSL__to__BOGMBASE,MONETARY_BASE,2020-01,AMBSL,BOGMBASE,adjacent_vintage_bridge,2019-12,2020-01,1989-11-01,-0.0029683474296229306,0.011791598092234068,0.014759945521856999
1,MONETARY_BASE__2020-01__AMBSL__to__BOGMBASE,MONETARY_BASE,2020-01,AMBSL,BOGMBASE,adjacent_vintage_bridge,2019-12,2020-01,1989-12-01,0.004010904950174421,0.009860842787608348,0.005849937837433927
1,MONETARY_BASE__2020-01__AMBSL__to__BOGMBASE,MONETARY_BASE,2020-01,AMBSL,BOGMBASE,adjacent_vintage_bridge,2019-12,2020-01,1990-01-01,-0.0010526540069610846,-0.02641814978874102,-0.025365495781779934
1,MONETARY_BASE__2020-01__AMBSL__to__BOGMBASE,MONETARY_BASE,2020-01,AMBSL,BOGMBASE,adjacent_vintage_bridge,2019-12,2020-01,1990-02-01,-0.003104688241799103,-0.014583925901211714,-0.011479237659412611
1,MONETARY_BASE__2020-01__AMBSL__to__BOGMBASE,MONETARY_BASE,2020-01,AMBSL,BOGMBASE,adjacent_vintage_bridge,2019-12,2020-01,1990-03-01,0.005977969334542976,0.03478396852626098,0.028805999191718
1,MONETARY_BASE__2020-01__AMBSL__to__BOGMBASE,MONETARY_BASE,2020-01,AMBSL,BOGMBASE,adjacent_vintage_bridge,2019-12,2020-01,1990-04-01,0.0030105561842361794,0.0008166576315442597,-0.0021938985526919197
1,MONETARY_BASE__2020-01__AMBSL__to__BOGMBASE,MONETARY_BASE,2020-01,AMBSL,BOGMBASE,adjacent_vintage_bridge,2019-12,2020-01,1990-05-01,-0.008098992315530573,-0.017382308084213705,-0.009283315768683131
1,MONETARY_BASE__2020-01__AMBSL__to__BOGMBASE,MONETARY_BASE,2020-01,AMBSL,BOGMBASE,adjacent_vintage_bridge,2019-12,2020-01,1990-06-01,0.006854693187927197,0.01532164787219159,0.008466954684264394
1,MONETARY_BASE__2020-01__AMBSL__to__BOGMBASE,MONETARY_BASE,2020-01,AMBSL,BOGMBASE,adjacent_vintage_bridge,2019-12,2020-01,1990-07-01,-0.006018551423554008,-0.007814390968253093,-0.001795839544699085
1,MONETARY_BASE__2020-01__AMBSL__to__BOGMBASE,MONETARY_BASE,2020-01,AMBSL,BOGMBASE,adjacent_vintage_bridge,2019-12,2020-01,1990-08-01,0.007018836803498907,-0.0029524496151900337,-0.00997128641868894
1,MONETARY_BASE__2020-01__AMBSL__to__BOGMBASE,MONETARY_BASE,2020-01,AMBSL,BOGMBASE,adjacent_vintage_bridge,2019-12,2020-01,1990-09-01,-0.0006196074209281477,0.005278877137943283,0.005898484558871431
1,MONETARY_BASE__2020-01__AMBSL__to__BOGMBASE,MONETARY_BASE,2020-01,AMBSL,BOGMBASE,adjacent_vintage_bridge,2019-12,2020-01,1990-10-01,-0.005709239981234404,-0.007042981427302308,-0.0013337414460679042
1,MONETARY_BASE__2020-01__AMBSL__to__BOGMBASE,MONETARY_BASE,2020-01,AMBSL,BOGMBASE,adjacent_vintage_bridge,2019-12,2020-01,1990-11-01,0.0014403560123756876,0.013393935857243022,0.011953579844867335
1,MONETARY_BASE__2020-01__AMBSL__to__BOGMBASE,MONETARY_BASE,2020-01,AMBSL,BOGMBASE,adjacent_vintage_bridge,2019-12,2020-01,1990-12-01,0.004346143422877091,-0.010676310117389676,-0.015022453540266767
1,MONETARY_BASE__2020-01__AMBSL__to__BOGMBASE,MONETARY_BASE,2020-01,AMBSL,BOGMBASE,adjacent_vintage_bridge,2019-12,2020-01,1991-01-01,-0.003671990098060185,-0.023245899491719513,-0.019573909393659328
1,MONETARY_BASE__2020-01__AMBSL__to__BOGMBASE,MONETARY_BASE,2020-01,AMBSL,BOGMBASE,adjacent_vintage_bridge,2019-12,2020-01,1991-02-01,0.003899304893736577,0.00955508949622974,0.0056557846024931635
1,MONETARY_BASE__2020-01__AMBSL__to__BOGMBASE,MONETARY_BASE,2020-01,AMBSL,BOGMBASE,adjacent_vintage_bridge,2019-12,2020-01,1991-03-01,-0.002102920359672744,0.02201333973314945,0.024116260092822195
1,MONETARY_BASE__2020-01__AMBSL__to__BOGMBASE,MONETARY_BASE,2020-01,AMBSL,BOGMBASE,adjacent_vintage_bridge,2019-12,2020-01,1991-04-01,-0.006139896076903462,-0.0038799883307536476,0.002259907746149814
1,MONETARY_BASE__2020-01__AMBSL__to__BOGMBASE,MONETARY_BASE,2020-01,AMBSL,BOGMBASE,adjacent_vintage_bridge,2019-12,2020-01,1991-05-01,0.0034130967285834757,-0.008667979696687311,-0.012081076425270787
1,MONETARY_BASE__2020-01__AMBSL__to__BOGMBASE,MONETARY_BASE,2020-01,AMBSL,BOGMBASE,adjacent_vintage_bridge,2019-12,2020-01,1991-06-01,-0.0021495591674423054,0.010940108522392578,0.013089667689834883
1,MONETARY_BASE__2020-01__AMBSL__to__BOGMBASE,MONETARY_BASE,2020-01,AMBSL,BOGMBASE,adjacent_vintage_bridge,2019-12,2020-01,1991-07-01,0.0029532256301605386,-0.00579686525559886,-0.008750090885759398
1,MONETARY_BASE__2020-01__AMBSL__to__BOGMBASE,MONETARY_BASE,2020-01,AMBSL,BOGMBASE,adjacent_vintage_bridge,2019-12,2020-01,1991-08-01,-0.003126382961433194,-0.005805753542889036,-0.002679370581455842
1,MONETARY_BASE__2020-01__AMBSL__to__BOGMBASE,MONETARY_BASE,2020-01,AMBSL,BOGMBASE,adjacent_vintage_bridge,2019-12,2020-01,1991-09-01,0.0015793820905836142,0.0053275733243989265,0.0037481912338153123
1,MONETARY_BASE__2020-01__AMBSL__to__BOGMBASE,MONETARY_BASE,2020-01,AMBSL,BOGMBASE,adjacent_vintage_bridge,2019-12,2020-01,1991-10-01,-0.00020154383580717194,-0.0017067027546797675,-0.0015051589188725956
1,MONETARY_BASE__2020-01__AMBSL__to__BOGMBASE,MONETARY_BASE,2020-01,AMBSL,BOGMBASE,adjacent_vintage_bridge,2019-12,2020-01,1991-11-01,0.002887720969510177,0.012628415602147669,0.009740694632637492
1,MONETARY_BASE__2020-01__AMBSL__to__BOGMBASE,MONETARY_BASE,2020-01,AMBSL,BOGMBASE,adjacent_vintage_bridge,2019-12,2020-01,1991-12-01,0.0030730249992076963,0.004641244269953049,0.0015682192707453524
1,MONETARY_BASE__2020-01__AMBSL__to__BOGMBASE,MONETARY_BASE,2020-01,AMBSL,BOGMBASE,adjacent_vintage_bridge,2019-12,2020-01,1992-01-01,-0.008823341701528875,-0.02786925232327775,-0.019045910621748874
1,MONETARY_BASE__2020-01__AMBSL__to__BOGMBASE,MONETARY_BASE,2020-01,AMBSL,BOGMBASE,adjacent_vintage_bridge,2019-12,2020-01,1992-02-01,0.005126485942260395,0.0010381224673494671,-0.004088363474910928
1,MONETARY_BASE__2020-01__AMBSL__to__BOGMBASE,MONETARY_BASE,2020-01,AMBSL,BOGMBASE,adjacent_vintage_bridge,2019-12,2020-01,1992-03-01,0.0026647950954155064,0.018796461015487154,0.016131665920071647
1,MONETARY_BASE__2020-01__AMBSL__to__BOGMBASE,MONETARY_BASE,2020-01,AMBSL,BOGMBASE,adjacent_vintage_bridge,2019-12,2020-01,1992-04-01,-0.0024676402078354087,-0.020446132481469093,-0.017978492273633684
1,MONETARY_BASE__2020-01__AMBSL__to__BOGMBASE,MONETARY_BASE,2020-01,AMBSL,BOGMBASE,adjacent_vintage_bridge,2019-12,2020-01,1992-05-01,0.0011300688109248114,0.011634932772855322,0.01050486396193051
1,MONETARY_BASE__2020-01__AMBSL__to__BOGMBASE,MONETARY_BASE,2020-01,AMBSL,BOGMBASE,adjacent_vintage_bridge,2019-12,2020-01,1992-06-01,-0.005532917235057333,0.003369596187130952,0.008902513422188285
1,MONETARY_BASE__2020-01__AMBSL__to__BOGMBASE,MONETARY_BASE,2020-01,AMBSL,BOGMBASE,adjacent_vintage_bridge,2019-12,2020-01,1992-07-01,0.005509623435776767,0.002203964030631056,-0.003305659405145711
1,MONETARY_BASE__2020-01__AMBSL__to__BOGMBASE,MONETARY_BASE,2020-01,AMBSL,BOGMBASE,adjacent_vintage_bridge,2019-12,2020-01,1992-08-01,0.003073697572085976,-0.003075897851232412,-0.006149595423318388
1,MONETARY_BASE__2020-01__AMBSL__to__BOGMBASE,MONETARY_BASE,2020-01,AMBSL,BOGMBASE,adjacent_vintage_bridge,2019-12,2020-01,1992-09-01,0.0002653381696369195,0.005368677690610113,0.0051033395209731935
1,MONETARY_BASE__2020-01__AMBSL__to__BOGMBASE,MONETARY_BASE,2020-01,AMBSL,BOGMBASE,adjacent_vintage_bridge,2019-12,2020-01,1992-10-01,-0.001774815542693986,-0.003771759505422523,-0.001996943962728537
1,MONETARY_BASE__2020-01__AMBSL__to__BOGMBASE,MONETARY_BASE,2020-01,AMBSL,BOGMBASE,adjacent_vintage_bridge,2019-12,2020-01,1992-11-01,-0.00023468589077513258,0.008993561809806039,0.009228247700581171
1,MONETARY_BASE__2020-01__AMBSL__to__BOGMBASE,MONETARY_BASE,2020-01,AMBSL,BOGMBASE,adjacent_vintage_bridge,2019-12,2020-01,1992-12-01,-0.00535843958012272,-0.0006737971777575069,0.004684642402365213
1,MONETARY_BASE__2020-01__AMBSL__to__BOGMBASE,MONETARY_BASE,2020-01,AMBSL,BOGMBASE,adjacent_vintage_bridge,2019-12,2020-01,1993-01-01,0.0019277026062072267,-0.020127256371315738,-0.022054958977522965
1,MONETARY_BASE__2020-01__AMBSL__to__BOGMBASE,MONETARY_BASE,2020-01,AMBSL,BOGMBASE,adjacent_vintage_bridge,2019-12,2020-01,1993-02-01,0.0017450441039601472,0.0003662693255588323,-0.001378774778401315
1,MONETARY_BASE__2020-01__AMBSL__to__BOGMBASE,MONETARY_BASE,2020-01,AMBSL,BOGMBASE,adjacent_vintage_bridge,2019-12,2020-01,1993-03-01,-0.003024169239771446,0.011935482303565337,0.014959651543336783
1,MONETARY_BASE__2020-01__AMBSL__to__BOGMBASE,MONETARY_BASE,2020-01,AMBSL,BOGMBASE,adjacent_vintage_bridge,2019-12,2020-01,1993-04-01,0.0035120215926234266,0.007914398169200254,0.0044023765765768275
1,MONETARY_BASE__2020-01__AMBSL__to__BOGMBASE,MONETARY_BASE,2020-01,AMBSL,BOGMBASE,adjacent_vintage_bridge,2019-12,2020-01,1993-05-01,0.0014383825062305178,-0.011351049275795333,-0.01278943178202585
1,MONETARY_BASE__2020-01__AMBSL__to__BOGMBASE,MONETARY_BASE,2020-01,AMBSL,BOGMBASE,adjacent_vintage_bridge,2019-12,2020-01,1993-06-01,-0.00017605661296293817,0.007985156708063101,0.00816121332102604
1,MONETARY_BASE__2020-01__AMBSL__to__BOGMBASE,MONETARY_BASE,2020-01,AMBSL,BOGMBASE,adjacent_vintage_bridge,2019-12,2020-01,1993-07-01,-0.002935390512512015,-0.004692762332796363,-0.001757371820284348
1,MONETARY_BASE__2020-01__AMBSL__to__BOGMBASE,MONETARY_BASE,2020-01,AMBSL,BOGMBASE,adjacent_vintage_bridge,2019-12,2020-01,1993-08-01,0.0014613835856529533,-0.004028778696413937,-0.0054901622820668905
1,MONETARY_BASE__2020-01__AMBSL__to__BOGMBASE,MONETARY_BASE,2020-01,AMBSL,BOGMBASE,adjacent_vintage_bridge,2019-12,2020-01,1993-09-01,0.004377555611285722,0.005300481405349444,0.0009229257940637225
1,MONETARY_BASE__2020-01__AMBSL__to__BOGMBASE,MONETARY_BASE,2020-01,AMBSL,BOGMBASE,adjacent_vintage_bridge,2019-12,2020-01,1993-10-01,-0.002091386872089096,-0.0008500989749258281,0.001241287897163268
1,MONETARY_BASE__2020-01__AMBSL__to__BOGMBASE,MONETARY_BASE,2020-01,AMBSL,BOGMBASE,adjacent_vintage_bridge,2019-12,2020-01,1993-11-01,-0.006911305700271875,0.0004613120264149728,0.0073726177266868476
1,MONETARY_BASE__2020-01__AMBSL__to__BOGMBASE,MONETARY_BASE,2020-01,AMBSL,BOGMBASE,adjacent_vintage_bridge,2019-12,2020-01,1993-12-01,0.002251331363099851,0.007321793645141739,0.005070462282041888
1,MONETARY_BASE__2020-01__AMBSL__to__BOGMBASE,MONETARY_BASE,2020-01,AMBSL,BOGMBASE,adjacent_vintage_bridge,2019-12,2020-01,1994-01-01,0.0025470309695547755,-0.019033507801557548,-0.021580538771112323
1,MONETARY_BASE__2020-01__AMBSL__to__BOGMBASE,MONETARY_BASE,2020-01,AMBSL,BOGMBASE,adjacent_vintage_bridge,2019-12,2020-01,1994-02-01,0.0009757979061602029,0.0024914507797877405,0.0015156528736275376
1,MONETARY_BASE__2020-01__AMBSL__to__BOGMBASE,MONETARY_BASE,2020-01,AMBSL,BOGMBASE,adjacent_vintage_bridge,2019-12,2020-01,1994-03-01,-0.004149008465662796,0.006724837657436922,0.010873846123099717
1,MONETARY_BASE__2020-01__AMBSL__to__BOGMBASE,MONETARY_BASE,2020-01,AMBSL,BOGMBASE,adjacent_vintage_bridge,2019-12,2020-01,1994-04-01,0.0017641943099748758,0.008265907261929328,0.0065017129519544525
1,MONETARY_BASE__2020-01__AMBSL__to__BOGMBASE,MONETARY_BASE,2020-01,AMBSL,BOGMBASE,adjacent_vintage_bridge,2019-12,2020-01,1994-05-01,-0.003502640048743899,-0.01499866589739085,-0.011496025848646951
1,MONETARY_BASE__2020-01__AMBSL__to__BOGMBASE,MONETARY_BASE,2020-01,AMBSL,BOGMBASE,adjacent_vintage_bridge,2019-12,2020-01,1994-06-01,0.0025170605271007673,0.010656794409010573,0.008139733881909805
1,MONETARY_BASE__2020-01__AMBSL__to__BOGMBASE,MONETARY_BASE,2020-01,AMBSL,BOGMBASE,adjacent_vintage_bridge,2019-12,2020-01,1994-07-01,0.002262966475110595,-0.0027282810498583387,-0.004991247524968934
1,MONETARY_BASE__2020-01__AMBSL__to__BOGMBASE,MONETARY_BASE,2020-01,AMBSL,BOGMBASE,adjacent_vintage_bridge,2019-12,2020-01,1994-08-01,-0.006750142427132566,-0.00766304037496468,-0.0009128979478321142
1,MONETARY_BASE__2020-01__AMBSL__to__BOGMBASE,MONETARY_BASE,2020-01,AMBSL,BOGMBASE,adjacent_vintage_bridge,2019-12,2020-01,1994-09-01,0.001929272008166727,0.003243334666828801,0.001314062658662074
1,MONETARY_BASE__2020-01__AMBSL__to__BOGMBASE,MONETARY_BASE,2020-01,AMBSL,BOGMBASE,adjacent_vintage_bridge,2019-12,2020-01,1994-10-01,0.002298104062291806,0.0004869165072527437,-0.0018111875550390621
1,MONETARY_BASE__2020-01__AMBSL__to__BOGMBASE,MONETARY_BASE,2020-01,AMBSL,BOGMBASE,adjacent_vintage_bridge,2019-12,2020-01,1994-11-01,-0.0023857904882476078,0.006076898308311485,0.008462688796559092
1,MONETARY_BASE__2020-01__AMBSL__to__BOGMBASE,MONETARY_BASE,2020-01,AMBSL,BOGMBASE,adjacent_vintage_bridge,2019-12,2020-01,1994-12-01,-0.003632478621892865,0.0023273750348362654,0.0059598536567291305
1,MONETARY_BASE__2020-01__AMBSL__to__BOGMBASE,MONETARY_BASE,2020-01,AMBSL,BOGMBASE,adjacent_vintage_bridge,2019-12,2020-01,1995-01-01,0.0056187012012482995,-0.018048692109204012,-0.02366739331045231
1,MONETARY_BASE__2020-01__AMBSL__to__BOGMBASE,MONETARY_BASE,2020-01,AMBSL,BOGMBASE,adjacent_vintage_bridge,2019-12,2020-01,1995-02-01,-0.003546639951820474,-0.0025316865353932627,0.0010149534164272112
1,MONETARY_BASE__2020-01__AMBSL__to__BOGMBASE,MONETARY_BASE,2020-01,AMBSL,BOGMBASE,adjacent_vintage_bridge,2019-12,2020-01,1995-03-01,0.006593190619947897,0.019197636326863332,0.012604445706915435
1,MONETARY_BASE__2020-01__AMBSL__to__BOGMBASE,MONETARY_BASE,2020-01,AMBSL,BOGMBASE,adjacent_vintage_bridge,2019-12,2020-01,1995-04-01,-0.001933662864744612,0.0021377022465873807,0.004071365111331993
1,MONETARY_BASE__2020-01__AMBSL__to__BOGMBASE,MONETARY_BASE,2020-01,AMBSL,BOGMBASE,adjacent_vintage_bridge,2019-12,2020-01,1995-05-01,-0.0006839761937733613,-0.012420019621963263,-0.011736043428189902
1,MONETARY_BASE__2020-01__AMBSL__to__BOGMBASE,MONETARY_BASE,2020-01,AMBSL,BOGMBASE,adjacent_vintage_bridge,2019-12,2020-01,1995-06-01,-0.00636686484703386,0.0008500753655447113,0.007216940212578571
1,MONETARY_BASE__2020-01__AMBSL__to__BOGMBASE,MONETARY_BASE,2020-01,AMBSL,BOGMBASE,adjacent_vintage_bridge,2019-12,2020-01,1995-07-01,0.0009710869424326418,0.0005263464863158873,-0.0004447404561167545
1,MONETARY_BASE__2020-01__AMBSL__to__BOGMBASE,MONETARY_BASE,2020-01,AMBSL,BOGMBASE,adjacent_vintage_bridge,2019-12,2020-01,1995-08-01,0.0028145789973184066,-0.003302178577770931,-0.006116757575089338
1,MONETARY_BASE__2020-01__AMBSL__to__BOGMBASE,MONETARY_BASE,2020-01,AMBSL,BOGMBASE,adjacent_vintage_bridge,2019-12,2020-01,1995-09-01,-0.0017662305877053086,0.002649858819689044,0.004416089407394352
1,MONETARY_BASE__2020-01__AMBSL__to__BOGMBASE,MONETARY_BASE,2020-01,AMBSL,BOGMBASE,adjacent_vintage_bridge,2019-12,2020-01,1995-10-01,0.0007524724784602199,-0.001257697532166091,-0.002010170010626311
1,MONETARY_BASE__2020-01__AMBSL__to__BOGMBASE,MONETARY_BASE,2020-01,AMBSL,BOGMBASE,adjacent_vintage_bridge,2019-12,2020-01,1995-11-01,-0.0026805434734402667,0.005217199262162353,0.00789774273560262
1,MONETARY_BASE__2020-01__AMBSL__to__BOGMBASE,MONETARY_BASE,2020-01,AMBSL,BOGMBASE,adjacent_vintage_bridge,2019-12,2020-01,1995-12-01,0.0036915895704403567,0.009486400752372504,0.005794811181932147
1,MONETARY_BASE__2020-01__AMBSL__to__BOGMBASE,MONETARY_BASE,2020-01,AMBSL,BOGMBASE,adjacent_vintage_bridge,2019-12,2020-01,1996-01-01,2.854518960315744e-05,-0.024503423626622833,-0.02453196881622599
1,MONETARY_BASE__2020-01__AMBSL__to__BOGMBASE,MONETARY_BASE,2020-01,AMBSL,BOGMBASE,adjacent_vintage_bridge,2019-12,2020-01,1996-02-01,-0.00725983827454435,-0.0044650462390301016,0.0027947920355142486
1,MONETARY_BASE__2020-01__AMBSL__to__BOGMBASE,MONETARY_BASE,2020-01,AMBSL,BOGMBASE,adjacent_vintage_bridge,2019-12,2020-01,1996-03-01,0.012806463116105782,0.024541781055527068,0.011735317939421286
1,MONETARY_BASE__2020-01__AMBSL__to__BOGMBASE,MONETARY_BASE,2020-01,AMBSL,BOGMBASE,adjacent_vintage_bridge,2019-12,2020-01,1996-04-01,-0.008306907519607165,-0.004212333708826677,0.0040945738107804885
1,MONETARY_BASE__2020-01__AMBSL__to__BOGMBASE,MONETARY_BASE,2020-01,AMBSL,BOGMBASE,adjacent_vintage_bridge,2019-12,2020-01,1996-05-01,0.0027724560654895924,-0.0074266812644374625,-0.010199137329927055
1,MONETARY_BASE__2020-01__AMBSL__to__BOGMBASE,MONETARY_BASE,2020-01,AMBSL,BOGMBASE,adjacent_vintage_bridge,2019-12,2020-01,1996-06-01,0.0010659606632126284,0.008482357046508682,0.007416396383296053
1,MONETARY_BASE__2020-01__AMBSL__to__BOGMBASE,MONETARY_BASE,2020-01,AMBSL,BOGMBASE,adjacent_vintage_bridge,2019-12,2020-01,1996-07-01,0.0009471858978598036,-6.0537149879635876e-05,-0.0010077230477394394
1,MONETARY_BASE__2020-01__AMBSL__to__BOGMBASE,MONETARY_BASE,2020-01,AMBSL,BOGMBASE,adjacent_vintage_bridge,2019-12,2020-01,1996-08-01,-0.00031626293107489545,-0.005206999520401823,-0.004890736589326927
1,MONETARY_BASE__2020-01__AMBSL__to__BOGMBASE,MONETARY_BASE,2020-01,AMBSL,BOGMBASE,adjacent_vintage_bridge,2019-12,2020-01,1996-09-01,-0.0008744207384765446,-8.760015323616699e-05,0.0007868205852403776
1,MONETARY_BASE__2020-01__AMBSL__to__BOGMBASE,MONETARY_BASE,2020-01,AMBSL,BOGMBASE,adjacent_vintage_bridge,2019-12,2020-01,1996-10-01,-0.001313727293594802,-0.0011119053791244227,0.00020182191447037923
1,MONETARY_BASE__2020-01__AMBSL__to__BOGMBASE,MONETARY_BASE,2020-01,AMBSL,BOGMBASE,adjacent_vintage_bridge,2019-12,2020-01,1996-11-01,0.000316190567906105,0.008727830590885333,0.008411640022979228
1,MONETARY_BASE__2020-01__AMBSL__to__BOGMBASE,MONETARY_BASE,2020-01,AMBSL,BOGMBASE,adjacent_vintage_bridge,2019-12,2020-01,1996-12-01,0.0036078994049217883,0.007309005047037687,0.0037011056421158983
1,MONETARY_BASE__2020-01__AMBSL__to__BOGMBASE,MONETARY_BASE,2020-01,AMBSL,BOGMBASE,adjacent_vintage_bridge,2019-12,2020-01,1997-01-01,-0.003568614341130427,-0.022518613224038475,-0.018949998882908048
1,MONETARY_BASE__2020-01__AMBSL__to__BOGMBASE,MONETARY_BASE,2020-01,AMBSL,BOGMBASE,adjacent_vintage_bridge,2019-12,2020-01,1997-02-01,0.0011884140278075606,-0.00033459321597284486,-0.0015230072437804054
1,MONETARY_BASE__2020-01__AMBSL__to__BOGMBASE,MONETARY_BASE,2020-01,AMBSL,BOGMBASE,adjacent_vintage_bridge,2019-12,2020-01,1997-03-01,-0.0013249173602147835,0.010792367733330366,0.01211728509354515
1,MONETARY_BASE__2020-01__AMBSL__to__BOGMBASE,MONETARY_BASE,2020-01,AMBSL,BOGMBASE,adjacent_vintage_bridge,2019-12,2020-01,1997-04-01,0.0023827565251872684,0.0016762880851093342,-0.0007064684400779342
1,MONETARY_BASE__2020-01__AMBSL__to__BOGMBASE,MONETARY_BASE,2020-01,AMBSL,BOGMBASE,adjacent_vintage_bridge,2019-12,2020-01,1997-05-01,-0.002500014119861227,-0.003505013378873656,-0.001004999259012429
1,MONETARY_BASE__2020-01__AMBSL__to__BOGMBASE,MONETARY_BASE,2020-01,AMBSL,BOGMBASE,adjacent_vintage_bridge,2019-12,2020-01,1997-06-01,-0.0010345282673487333,0.0025847136646905966,0.00361924193203933
1,MONETARY_BASE__2020-01__AMBSL__to__BOGMBASE,MONETARY_BASE,2020-01,AMBSL,BOGMBASE,adjacent_vintage_bridge,2019-12,2020-01,1997-07-01,0.004643191322705853,0.0010584006924450051,-0.003584790630260848
1,MONETARY_BASE__2020-01__AMBSL__to__BOGMBASE,MONETARY_BASE,2020-01,AMBSL,BOGMBASE,adjacent_vintage_bridge,2019-12,2020-01,1997-08-01,-0.001367006156228534,-0.004430413616736573,-0.0030634074605080386
1,MONETARY_BASE__2020-01__AMBSL__to__BOGMBASE,MONETARY_BASE,2020-01,AMBSL,BOGMBASE,adjacent_vintage_bridge,2019-12,2020-01,1997-09-01,-0.00245303067561764,-0.00020422081004412007,0.00224880986557352
1,MONETARY_BASE__2020-01__AMBSL__to__BOGMBASE,MONETARY_BASE,2020-01,AMBSL,BOGMBASE,adjacent_vintage_bridge,2019-12,2020-01,1997-10-01,0.002816600700965566,0.002316772477589879,-0.0004998282233756868
1,MONETARY_BASE__2020-01__AMBSL__to__BOGMBASE,MONETARY_BASE,2020-01,AMBSL,BOGMBASE,adjacent_vintage_bridge,2019-12,2020-01,1997-11-01,0.0016036150505787106,0.009776072106888023,0.008172457056309312
1,MONETARY_BASE__2020-01__AMBSL__to__BOGMBASE,MONETARY_BASE,2020-01,AMBSL,BOGMBASE,adjacent_vintage_bridge,2019-12,2020-01,1997-12-01,-0.000889670247977925,0.002859310076839705,0.00374898032481763
1,MONETARY_BASE__2020-01__AMBSL__to__BOGMBASE,MONETARY_BASE,2020-01,AMBSL,BOGMBASE,adjacent_vintage_bridge,2019-12,2020-01,1998-01-01,-0.002074145618120582,-0.021051172981250588,-0.018977027363130006
1,MONETARY_BASE__2020-01__AMBSL__to__BOGMBASE,MONETARY_BASE,2020-01,AMBSL,BOGMBASE,adjacent_vintage_bridge,2019-12,2020-01,1998-02-01,-0.0012755151490857486,-0.00200218875506053,-0.0007266736059747814
1,MONETARY_BASE__2020-01__AMBSL__to__BOGMBASE,MONETARY_BASE,2020-01,AMBSL,BOGMBASE,adjacent_vintage_bridge,2019-12,2020-01,1998-03-01,0.00260994883350385,0.011029629800047402,0.008419680966543552
1,MONETARY_BASE__2020-01__AMBSL__to__BOGMBASE,MONETARY_BASE,2020-01,AMBSL,BOGMBASE,adjacent_vintage_bridge,2019-12,2020-01,1998-04-01,-0.001790366553938938,0.001033277875635008,0.002823644429573946
1,MONETARY_BASE__2020-01__AMBSL__to__BOGMBASE,MONETARY_BASE,2020-01,AMBSL,BOGMBASE,adjacent_vintage_bridge,2019-12,2020-01,1998-05-01,-0.0034455297262994122,-0.004066005428922992,-0.0006204757026235797
1,MONETARY_BASE__2020-01__AMBSL__to__BOGMBASE,MONETARY_BASE,2020-01,AMBSL,BOGMBASE,adjacent_vintage_bridge,2019-12,2020-01,1998-06-01,0.004806925264043471,0.0035426352821641416,-0.0012642899818793296
1,MONETARY_BASE__2020-01__AMBSL__to__BOGMBASE,MONETARY_BASE,2020-01,AMBSL,BOGMBASE,adjacent_vintage_bridge,2019-12,2020-01,1998-07-01,-0.004767016153079062,0.002878649888105045,0.007645666041184107
1,MONETARY_BASE__2020-01__AMBSL__to__BOGMBASE,MONETARY_BASE,2020-01,AMBSL,BOGMBASE,adjacent_vintage_bridge,2019-12,2020-01,1998-08-01,0.005534720799451165,-0.003866374432003994,-0.009401095231455159
1,MONETARY_BASE__2020-01__AMBSL__to__BOGMBASE,MONETARY_BASE,2020-01,AMBSL,BOGMBASE,adjacent_vintage_bridge,2019-12,2020-01,1998-09-01,0.002464573906162393,0.002546233608336834,8.16597021744414e-05
1,MONETARY_BASE__2020-01__AMBSL__to__BOGMBASE,MONETARY_BASE,2020-01,AMBSL,BOGMBASE,adjacent_vintage_bridge,2019-12,2020-01,1998-10-01,-0.00018748761707421124,0.0004069024174739866,0.0005943900345481978
1,MONETARY_BASE__2020-01__AMBSL__to__BOGMBASE,MONETARY_BASE,2020-01,AMBSL,BOGMBASE,adjacent_vintage_bridge,2019-12,2020-01,1998-11-01,-0.0034237138200445827,0.003488579204947939,0.006912293024992522
1,MONETARY_BASE__2020-01__AMBSL__to__BOGMBASE,MONETARY_BASE,2020-01,AMBSL,BOGMBASE,adjacent_vintage_bridge,2019-12,2020-01,1998-12-01,-0.00019997230617452288,0.0042325153049400654,0.004432487611114588
1,MONETARY_BASE__2020-01__AMBSL__to__BOGMBASE,MONETARY_BASE,2020-01,AMBSL,BOGMBASE,adjacent_vintage_bridge,2019-12,2020-01,1999-01-01,0.004970322983550268,-0.01275693248626908,-0.017727255469819347
1,MONETARY_BASE__2020-01__AMBSL__to__BOGMBASE,MONETARY_BASE,2020-01,AMBSL,BOGMBASE,adjacent_vintage_bridge,2019-12,2020-01,1999-02-01,-0.0019429951845904014,-0.0055355317197260945,-0.003592536535135693
1,MONETARY_BASE__2020-01__AMBSL__to__BOGMBASE,MONETARY_BASE,2020-01,AMBSL,BOGMBASE,adjacent_vintage_bridge,2019-12,2020-01,1999-03-01,-0.00048691778081089154,0.011563177006308933,0.012050094787119825
1,MONETARY_BASE__2020-01__AMBSL__to__BOGMBASE,MONETARY_BASE,2020-01,AMBSL,BOGMBASE,adjacent_vintage_bridge,2019-12,2020-01,1999-04-01,-0.00217269528031494,-0.000950000450778532,0.0012226948295364082
1,MONETARY_BASE__2020-01__AMBSL__to__BOGMBASE,MONETARY_BASE,2020-01,AMBSL,BOGMBASE,adjacent_vintage_bridge,2019-12,2020-01,1999-05-01,0.005421149276634729,0.002330488150608545,-0.003090661126026184
1,MONETARY_BASE__2020-01__AMBSL__to__BOGMBASE,MONETARY_BASE,2020-01,AMBSL,BOGMBASE,adjacent_vintage_bridge,2019-12,2020-01,1999-06-01,-0.006526600828526519,-0.003868277994122593,0.0026583228344039256
1,MONETARY_BASE__2020-01__AMBSL__to__BOGMBASE,MONETARY_BASE,2020-01,AMBSL,BOGMBASE,adjacent_vintage_bridge,2019-12,2020-01,1999-07-01,-0.0017363229914115763,0.002524365320491384,0.00426068831190296
1,MONETARY_BASE__2020-01__AMBSL__to__BOGMBASE,MONETARY_BASE,2020-01,AMBSL,BOGMBASE,adjacent_vintage_bridge,2019-12,2020-01,1999-08-01,0.0033400124366673722,-0.0041616799934942605,-0.007501692430161633
1,MONETARY_BASE__2020-01__AMBSL__to__BOGMBASE,MONETARY_BASE,2020-01,AMBSL,BOGMBASE,adjacent_vintage_bridge,2019-12,2020-01,1999-09-01,0.007351014423682578,0.005241913650538166,-0.0021091007731444122
1,MONETARY_BASE__2020-01__AMBSL__to__BOGMBASE,MONETARY_BASE,2020-01,AMBSL,BOGMBASE,adjacent_vintage_bridge,2019-12,2020-01,1999-10-01,0.003071156341329484,0.004109611756303977,0.001038455414974493
1,MONETARY_BASE__2020-01__AMBSL__to__BOGMBASE,MONETARY_BASE,2020-01,AMBSL,BOGMBASE,adjacent_vintage_bridge,2019-12,2020-01,1999-11-01,0.007757040444923646,0.01756313105618368,0.009806090611260032
1,MONETARY_BASE__2020-01__AMBSL__to__BOGMBASE,MONETARY_BASE,2020-01,AMBSL,BOGMBASE,adjacent_vintage_bridge,2019-12,2020-01,1999-12-01,0.01458839574966131,0.018235933039429497,0.003647537289768188
1,MONETARY_BASE__2020-01__AMBSL__to__BOGMBASE,MONETARY_BASE,2020-01,AMBSL,BOGMBASE,adjacent_vintage_bridge,2019-12,2020-01,2000-01-01,-0.05403543115792253,-0.06728446153076462,-0.013249030372842086
1,MONETARY_BASE__2020-01__AMBSL__to__BOGMBASE,MONETARY_BASE,2020-01,AMBSL,BOGMBASE,adjacent_vintage_bridge,2019-12,2020-01,2000-02-01,-0.01146384152457891,-0.022903224121559873,-0.011439382596980963
1,MONETARY_BASE__2020-01__AMBSL__to__BOGMBASE,MONETARY_BASE,2020-01,AMBSL,BOGMBASE,adjacent_vintage_bridge,2019-12,2020-01,2000-03-01,0.02296185425203401,0.038810836972650975,0.015848982720616966
1,MONETARY_BASE__2020-01__AMBSL__to__BOGMBASE,MONETARY_BASE,2020-01,AMBSL,BOGMBASE,adjacent_vintage_bridge,2019-12,2020-01,2000-04-01,0.006718331205666672,0.004167971671865445,-0.0025503595338012275
1,MONETARY_BASE__2020-01__AMBSL__to__BOGMBASE,MONETARY_BASE,2020-01,AMBSL,BOGMBASE,adjacent_vintage_bridge,2019-12,2020-01,2000-05-01,0.0011057688414011224,0.0008291855150179828,-0.00027658332638313965
1,MONETARY_BASE__2020-01__AMBSL__to__BOGMBASE,MONETARY_BASE,2020-01,AMBSL,BOGMBASE,adjacent_vintage_bridge,2019-12,2020-01,2000-06-01,-0.002002913991618449,-0.0009801606358834647,0.0010227533557349844
1,MONETARY_BASE__2020-01__AMBSL__to__BOGMBASE,MONETARY_BASE,2020-01,AMBSL,BOGMBASE,adjacent_vintage_bridge,2019-12,2020-01,2000-07-01,-0.0004328248023810488,0.0014638789331336,0.0018967037355146488
1,MONETARY_BASE__2020-01__AMBSL__to__BOGMBASE,MONETARY_BASE,2020-01,AMBSL,BOGMBASE,adjacent_vintage_bridge,2019-12,2020-01,2000-08-01,-0.002940579796536724,-0.005247897592017381,-0.0023073177954806567
1,MONETARY_BASE__2020-01__AMBSL__to__BOGMBASE,MONETARY_BASE,2020-01,AMBSL,BOGMBASE,adjacent_vintage_bridge,2019-12,2020-01,2000-09-01,0.0025740823108382216,0.001932321237536172,-0.0006417610733020496
1,MONETARY_BASE__2020-01__AMBSL__to__BOGMBASE,MONETARY_BASE,2020-01,AMBSL,BOGMBASE,adjacent_vintage_bridge,2019-12,2020-01,2000-10-01,0.0052926579029026755,0.002002534227660391,-0.0032901236752422847
1,MONETARY_BASE__2020-01__AMBSL__to__BOGMBASE,MONETARY_BASE,2020-01,AMBSL,BOGMBASE,adjacent_vintage_bridge,2019-12,2020-01,2000-11-01,-0.005084763116177449,0.005983105933568211,0.01106786904974566
1,MONETARY_BASE__2020-01__AMBSL__to__BOGMBASE,MONETARY_BASE,2020-01,AMBSL,BOGMBASE,adjacent_vintage_bridge,2019-12,2020-01,2000-12-01,0.0009677204955940155,0.004959344583742364,0.003991624088148349
1,MONETARY_BASE__2020-01__AMBSL__to__BOGMBASE,MONETARY_BASE,2020-01,AMBSL,BOGMBASE,adjacent_vintage_bridge,2019-12,2020-01,2001-01-01,0.004031543049302755,-0.012905549889001833,-0.016937092938304588
1,MONETARY_BASE__2020-01__AMBSL__to__BOGMBASE,MONETARY_BASE,2020-01,AMBSL,BOGMBASE,adjacent_vintage_bridge,2019-12,2020-01,2001-02-01,-0.002107348809970766,-0.005279478732024501,-0.0031721299220537347
1,MONETARY_BASE__2020-01__AMBSL__to__BOGMBASE,MONETARY_BASE,2020-01,AMBSL,BOGMBASE,adjacent_vintage_bridge,2019-12,2020-01,2001-03-01,0.0001370622969503188,0.010087276448503602,0.009950214151553283
1,MONETARY_BASE__2020-01__AMBSL__to__BOGMBASE,MONETARY_BASE,2020-01,AMBSL,BOGMBASE,adjacent_vintage_bridge,2019-12,2020-01,2001-04-01,0.0006693167125826349,-0.0010456769340336791,-0.001714993646616314
1,MONETARY_BASE__2020-01__AMBSL__to__BOGMBASE,MONETARY_BASE,2020-01,AMBSL,BOGMBASE,adjacent_vintage_bridge,2019-12,2020-01,2001-05-01,0.0026852262870757926,0.0025771496719393383,-0.00010807661513645428
1,MONETARY_BASE__2020-01__AMBSL__to__BOGMBASE,MONETARY_BASE,2020-01,AMBSL,BOGMBASE,adjacent_vintage_bridge,2019-12,2020-01,2001-06-01,-0.004245903558890873,-0.001712882703976959,0.0025330208549139144
1,MONETARY_BASE__2020-01__AMBSL__to__BOGMBASE,MONETARY_BASE,2020-01,AMBSL,BOGMBASE,adjacent_vintage_bridge,2019-12,2020-01,2001-07-01,0.005462774639390489,0.006015521430024151,0.0005527467906336625
1,MONETARY_BASE__2020-01__AMBSL__to__BOGMBASE,MONETARY_BASE,2020-01,AMBSL,BOGMBASE,adjacent_vintage_bridge,2019-12,2020-01,2001-08-01,0.00254044791136554,-0.0008397351997153635,-0.0033801831110809033
1,MONETARY_BASE__2020-01__AMBSL__to__BOGMBASE,MONETARY_BASE,2020-01,AMBSL,BOGMBASE,adjacent_vintage_bridge,2019-12,2020-01,2001-09-01,0.027355987589626984,0.0286591872119093,0.001303199622282314
1,MONETARY_BASE__2020-01__AMBSL__to__BOGMBASE,MONETARY_BASE,2020-01,AMBSL,BOGMBASE,adjacent_vintage_bridge,2019-12,2020-01,2001-10-01,-0.05047684302021249,-0.05788796406680774,-0.007411121046595248
1,MONETARY_BASE__2020-01__AMBSL__to__BOGMBASE,MONETARY_BASE,2020-01,AMBSL,BOGMBASE,adjacent_vintage_bridge,2019-12,2020-01,2001-11-01,0.007651217359479823,0.025587813727653952,0.01793659636817413
1,MONETARY_BASE__2020-01__AMBSL__to__BOGMBASE,MONETARY_BASE,2020-01,AMBSL,BOGMBASE,adjacent_vintage_bridge,2019-12,2020-01,2001-12-01,0.010431781954121533,0.010767670995992518,0.0003358890418709848
1,MONETARY_BASE__2020-01__AMBSL__to__BOGMBASE,MONETARY_BASE,2020-01,AMBSL,BOGMBASE,adjacent_vintage_bridge,2019-12,2020-01,2002-01-01,0.005610439456148697,-0.012955719802940635,-0.018566159259089332
1,MONETARY_BASE__2020-01__AMBSL__to__BOGMBASE,MONETARY_BASE,2020-01,AMBSL,BOGMBASE,adjacent_vintage_bridge,2019-12,2020-01,2002-02-01,-0.00015664534306392142,-0.003232724250022301,-0.0030760789069583794
1,MONETARY_BASE__2020-01__AMBSL__to__BOGMBASE,MONETARY_BASE,2020-01,AMBSL,BOGMBASE,adjacent_vintage_bridge,2019-12,2020-01,2002-03-01,-0.007242973455267254,0.0052291987509907045,0.012472172206257959
1,MONETARY_BASE__2020-01__AMBSL__to__BOGMBASE,MONETARY_BASE,2020-01,AMBSL,BOGMBASE,adjacent_vintage_bridge,2019-12,2020-01,2002-04-01,0.0008456369253018181,0.00015004367205406766,-0.0006955932532477505
1,MONETARY_BASE__2020-01__AMBSL__to__BOGMBASE,MONETARY_BASE,2020-01,AMBSL,BOGMBASE,adjacent_vintage_bridge,2019-12,2020-01,2002-05-01,-0.00018438820636834663,0.001092444568579154,0.0012768327749475006
1,MONETARY_BASE__2020-01__AMBSL__to__BOGMBASE,MONETARY_BASE,2020-01,AMBSL,BOGMBASE,adjacent_vintage_bridge,2019-12,2020-01,2002-06-01,0.0006825078189942602,0.00016940259165210136,-0.0005131052273421588
1,MONETARY_BASE__2020-01__AMBSL__to__BOGMBASE,MONETARY_BASE,2020-01,AMBSL,BOGMBASE,adjacent_vintage_bridge,2019-12,2020-01,2002-07-01,-0.0004008828109931528,-8.680402563499001e-05,0.0003140787853581628
1,MONETARY_BASE__2020-01__AMBSL__to__BOGMBASE,MONETARY_BASE,2020-01,AMBSL,BOGMBASE,adjacent_vintage_bridge,2019-12,2020-01,2002-08-01,-0.0031437370968676603,-0.007228339508994708,-0.0040846024121270474
1,MONETARY_BASE__2020-01__AMBSL__to__BOGMBASE,MONETARY_BASE,2020-01,AMBSL,BOGMBASE,adjacent_vintage_bridge,2019-12,2020-01,2002-09-01,-0.0004807323242665973,0.0002597280552087966,0.0007404603794753939
1,MONETARY_BASE__2020-01__AMBSL__to__BOGMBASE,MONETARY_BASE,2020-01,AMBSL,BOGMBASE,adjacent_vintage_bridge,2019-12,2020-01,2002-10-01,0.007008959209891863,0.001211272791746154,-0.005797686418145709
1,MONETARY_BASE__2020-01__AMBSL__to__BOGMBASE,MONETARY_BASE,2020-01,AMBSL,BOGMBASE,adjacent_vintage_bridge,2019-12,2020-01,2002-11-01,-0.0064215896529686844,0.007549004338530452,0.013970593991499136
1,MONETARY_BASE__2020-01__AMBSL__to__BOGMBASE,MONETARY_BASE,2020-01,AMBSL,BOGMBASE,adjacent_vintage_bridge,2019-12,2020-01,2002-12-01,-0.0006763563582818932,0.005763525575211759,0.006439881933493652
1,MONETARY_BASE__2020-01__AMBSL__to__BOGMBASE,MONETARY_BASE,2020-01,AMBSL,BOGMBASE,adjacent_vintage_bridge,2019-12,2020-01,2003-01-01,0.005760155029241432,-0.015387318036610864,-0.021147473065852296
1,MONETARY_BASE__2020-01__AMBSL__to__BOGMBASE,MONETARY_BASE,2020-01,AMBSL,BOGMBASE,adjacent_vintage_bridge,2019-12,2020-01,2003-02-01,0.005087101714795317,0.0023566918483499677,-0.002730409866445349
1,MONETARY_BASE__2020-01__AMBSL__to__BOGMBASE,MONETARY_BASE,2020-01,AMBSL,BOGMBASE,adjacent_vintage_bridge,2019-12,2020-01,2003-03-01,-0.007997524525586108,0.003708841836028043,0.011706366361614151
1,MONETARY_BASE__2020-01__AMBSL__to__BOGMBASE,MONETARY_BASE,2020-01,AMBSL,BOGMBASE,adjacent_vintage_bridge,2019-12,2020-01,2003-04-01,0.0008742653687949797,-7.682484455173721e-05,-0.000951090213346717
1,MONETARY_BASE__2020-01__AMBSL__to__BOGMBASE,MONETARY_BASE,2020-01,AMBSL,BOGMBASE,adjacent_vintage_bridge,2019-12,2020-01,2003-05-01,-0.002743895202974578,-0.00021016111199401166,0.002533734090980566
1,MONETARY_BASE__2020-01__AMBSL__to__BOGMBASE,MONETARY_BASE,2020-01,AMBSL,BOGMBASE,adjacent_vintage_bridge,2019-12,2020-01,2003-06-01,-0.0015578372827960152,-0.004069280395436081,-0.002511443112640066
1,MONETARY_BASE__2020-01__AMBSL__to__BOGMBASE,MONETARY_BASE,2020-01,AMBSL,BOGMBASE,adjacent_vintage_bridge,2019-12,2020-01,2003-07-01,0.0008411069629348233,0.0019035952602983741,0.0010624882973635508
1,MONETARY_BASE__2020-01__AMBSL__to__BOGMBASE,MONETARY_BASE,2020-01,AMBSL,BOGMBASE,adjacent_vintage_bridge,2019-12,2020-01,2003-08-01,0.003209248108939633,0.0009204799263713426,-0.0022887681825682904
1,MONETARY_BASE__2020-01__AMBSL__to__BOGMBASE,MONETARY_BASE,2020-01,AMBSL,BOGMBASE,adjacent_vintage_bridge,2019-12,2020-01,2003-09-01,-0.005243859987135835,-0.004404951410950986,0.0008389085761848492
1,MONETARY_BASE__2020-01__AMBSL__to__BOGMBASE,MONETARY_BASE,2020-01,AMBSL,BOGMBASE,adjacent_vintage_bridge,2019-12,2020-01,2003-10-01,0.010565758809763182,0.004915744305774794,-0.0056500145039883876
1,MONETARY_BASE__2020-01__AMBSL__to__BOGMBASE,MONETARY_BASE,2020-01,AMBSL,BOGMBASE,adjacent_vintage_bridge,2019-12,2020-01,2003-11-01,-0.009396726925177568,0.0029717886832347773,0.012368515608412345
1,MONETARY_BASE__2020-01__AMBSL__to__BOGMBASE,MONETARY_BASE,2020-01,AMBSL,BOGMBASE,adjacent_vintage_bridge,2019-12,2020-01,2003-12-01,-0.004093394361973424,0.0038513997402933597,0.007944794102266783
1,MONETARY_BASE__2020-01__AMBSL__to__BOGMBASE,MONETARY_BASE,2020-01,AMBSL,BOGMBASE,adjacent_vintage_bridge,2019-12,2020-01,2004-01-01,0.007812347278590259,-0.015957925251598226,-0.023770272530188485
1,MONETARY_BASE__2020-01__AMBSL__to__BOGMBASE,MONETARY_BASE,2020-01,AMBSL,BOGMBASE,adjacent_vintage_bridge,2019-12,2020-01,2004-02-01,0.0033310369766219594,0.0024606643796314387,-0.0008703725969905207
1,MONETARY_BASE__2020-01__AMBSL__to__BOGMBASE,MONETARY_BASE,2020-01,AMBSL,BOGMBASE,adjacent_vintage_bridge,2019-12,2020-01,2004-03-01,-0.006930990371608381,0.0035925922073474226,0.010523582578955804
1,MONETARY_BASE__2020-01__AMBSL__to__BOGMBASE,MONETARY_BASE,2020-01,AMBSL,BOGMBASE,adjacent_vintage_bridge,2019-12,2020-01,2004-04-01,0.0032761619860641744,0.003962157369707953,0.0006859953836437782
1,MONETARY_BASE__2020-01__AMBSL__to__BOGMBASE,MONETARY_BASE,2020-01,AMBSL,BOGMBASE,adjacent_vintage_bridge,2019-12,2020-01,2004-05-01,-0.002054086259162702,-0.0008339708553624092,0.0012201154038002926
1,MONETARY_BASE__2020-01__AMBSL__to__BOGMBASE,MONETARY_BASE,2020-01,AMBSL,BOGMBASE,adjacent_vintage_bridge,2019-12,2020-01,2004-06-01,0.004032009895238886,0.0024089148066863686,-0.0016230950885525175
1,MONETARY_BASE__2020-01__AMBSL__to__BOGMBASE,MONETARY_BASE,2020-01,AMBSL,BOGMBASE,adjacent_vintage_bridge,2019-12,2020-01,2004-07-01,0.0003476198735619107,0.001197107429488753,0.0008494875559268422
1,MONETARY_BASE__2020-01__AMBSL__to__BOGMBASE,MONETARY_BASE,2020-01,AMBSL,BOGMBASE,adjacent_vintage_bridge,2019-12,2020-01,2004-08-01,-0.00601977761258965,-0.008925081181576644,-0.0029053035689869944
1,MONETARY_BASE__2020-01__AMBSL__to__BOGMBASE,MONETARY_BASE,2020-01,AMBSL,BOGMBASE,adjacent_vintage_bridge,2019-12,2020-01,2004-09-01,0.004601797420564324,0.0068123881048940405,0.0022105906843297163
1,MONETARY_BASE__2020-01__AMBSL__to__BOGMBASE,MONETARY_BASE,2020-01,AMBSL,BOGMBASE,adjacent_vintage_bridge,2019-12,2020-01,2004-10-01,0.0018021798138923018,-0.004496767547442104,-0.006298947361334406
1,MONETARY_BASE__2020-01__AMBSL__to__BOGMBASE,MONETARY_BASE,2020-01,AMBSL,BOGMBASE,adjacent_vintage_bridge,2019-12,2020-01,2004-11-01,-0.005405084483717459,0.00647190827673505,0.01187699276045251
1,MONETARY_BASE__2020-01__AMBSL__to__BOGMBASE,MONETARY_BASE,2020-01,AMBSL,BOGMBASE,adjacent_vintage_bridge,2019-12,2020-01,2004-12-01,-0.009583192560827847,-0.0011436754413178818,0.008439517119509965
1,MONETARY_BASE__2020-01__AMBSL__to__BOGMBASE,MONETARY_BASE,2020-01,AMBSL,BOGMBASE,adjacent_vintage_bridge,2019-12,2020-01,2005-01-01,0.01488552280522093,-0.00884397364017886,-0.02372949644539979
1,MONETARY_BASE__2020-01__AMBSL__to__BOGMBASE,MONETARY_BASE,2020-01,AMBSL,BOGMBASE,adjacent_vintage_bridge,2019-12,2020-01,2005-02-01,0.0008905575279465339,-0.0016605033158132443,-0.002551060843759778
1,MONETARY_BASE__2020-01__AMBSL__to__BOGMBASE,MONETARY_BASE,2020-01,AMBSL,BOGMBASE,adjacent_vintage_bridge,2019-12,2020-01,2005-03-01,-0.007682890370475093,0.003797776127138164,0.011480666497613257
1,MONETARY_BASE__2020-01__AMBSL__to__BOGMBASE,MONETARY_BASE,2020-01,AMBSL,BOGMBASE,adjacent_vintage_bridge,2019-12,2020-01,2005-04-01,0.001155681662750041,0.0018798654826781558,0.0007241838199281148
1,MONETARY_BASE__2020-01__AMBSL__to__BOGMBASE,MONETARY_BASE,2020-01,AMBSL,BOGMBASE,adjacent_vintage_bridge,2019-12,2020-01,2005-05-01,-0.004124837870290499,-0.0015991013549907507,0.002525736515299748
1,MONETARY_BASE__2020-01__AMBSL__to__BOGMBASE,MONETARY_BASE,2020-01,AMBSL,BOGMBASE,adjacent_vintage_bridge,2019-12,2020-01,2005-06-01,0.007983230858611634,0.0044845812754168435,-0.0034986495831947906
1,MONETARY_BASE__2020-01__AMBSL__to__BOGMBASE,MONETARY_BASE,2020-01,AMBSL,BOGMBASE,adjacent_vintage_bridge,2019-12,2020-01,2005-07-01,-0.003572133039241976,-0.0027374303815044243,0.0008347026577375516
1,MONETARY_BASE__2020-01__AMBSL__to__BOGMBASE,MONETARY_BASE,2020-01,AMBSL,BOGMBASE,adjacent_vintage_bridge,2019-12,2020-01,2005-08-01,-0.0002442506347861695,-0.002972540455496997,-0.0027282898207108275
1,MONETARY_BASE__2020-01__AMBSL__to__BOGMBASE,MONETARY_BASE,2020-01,AMBSL,BOGMBASE,adjacent_vintage_bridge,2019-12,2020-01,2005-09-01,0.003578845152982346,0.006811680348738136,0.00323283519575579
1,MONETARY_BASE__2020-01__AMBSL__to__BOGMBASE,MONETARY_BASE,2020-01,AMBSL,BOGMBASE,adjacent_vintage_bridge,2019-12,2020-01,2005-10-01,-0.00010353903958648658,-0.007564857506354272,-0.007461318466767786
1,MONETARY_BASE__2020-01__AMBSL__to__BOGMBASE,MONETARY_BASE,2020-01,AMBSL,BOGMBASE,adjacent_vintage_bridge,2019-12,2020-01,2005-11-01,-0.0043731763073724395,0.008838663386107726,0.013211839693480165
1,MONETARY_BASE__2020-01__AMBSL__to__BOGMBASE,MONETARY_BASE,2020-01,AMBSL,BOGMBASE,adjacent_vintage_bridge,2019-12,2020-01,2005-12-01,-0.0034030123296453496,0.004175288402567645,0.007578300732212995
1,MONETARY_BASE__2020-01__AMBSL__to__BOGMBASE,MONETARY_BASE,2020-01,AMBSL,BOGMBASE,adjacent_vintage_bridge,2019-12,2020-01,2006-01-01,0.014360145529867197,-0.01078681660645664,-0.025146962136323836
1,MONETARY_BASE__2020-01__AMBSL__to__BOGMBASE,MONETARY_BASE,2020-01,AMBSL,BOGMBASE,adjacent_vintage_bridge,2019-12,2020-01,2006-02-01,-0.0031295908993325128,-0.0004550933775142596,0.002674497521818253
1,MONETARY_BASE__2020-01__AMBSL__to__BOGMBASE,MONETARY_BASE,2020-01,AMBSL,BOGMBASE,adjacent_vintage_bridge,2019-12,2020-01,2006-03-01,-0.0067770094223060795,0.0057033810436433185,0.012480390465949398
1,MONETARY_BASE__2020-01__AMBSL__to__BOGMBASE,MONETARY_BASE,2020-01,AMBSL,BOGMBASE,adjacent_vintage_bridge,2019-12,2020-01,2006-04-01,-0.0004239389341611499,-0.0077318365685954404,-0.0073078976344342905
1,MONETARY_BASE__2020-01__AMBSL__to__BOGMBASE,MONETARY_BASE,2020-01,AMBSL,BOGMBASE,adjacent_vintage_bridge,2019-12,2020-01,2006-05-01,0.00043144392341343263,0.005335500374695101,0.004904056451281669
1,MONETARY_BASE__2020-01__AMBSL__to__BOGMBASE,MONETARY_BASE,2020-01,AMBSL,BOGMBASE,adjacent_vintage_bridge,2019-12,2020-01,2006-06-01,-0.002064129344031329,-0.00439601595617134,-0.0023318866121400106
1,MONETARY_BASE__2020-01__AMBSL__to__BOGMBASE,MONETARY_BASE,2020-01,AMBSL,BOGMBASE,adjacent_vintage_bridge,2019-12,2020-01,2006-07-01,-0.00216652046471566,-0.0008204183773727891,0.0013461020873428708
1,MONETARY_BASE__2020-01__AMBSL__to__BOGMBASE,MONETARY_BASE,2020-01,AMBSL,BOGMBASE,adjacent_vintage_bridge,2019-12,2020-01,2006-08-01,0.0018392608667365806,-0.001149020307522619,-0.0029882811742591997
1,MONETARY_BASE__2020-01__AMBSL__to__BOGMBASE,MONETARY_BASE,2020-01,AMBSL,BOGMBASE,adjacent_vintage_bridge,2019-12,2020-01,2006-09-01,-7.929191492639376e-05,0.0030575374632775265,0.0031368293782039203
1,MONETARY_BASE__2020-01__AMBSL__to__BOGMBASE,MONETARY_BASE,2020-01,AMBSL,BOGMBASE,adjacent_vintage_bridge,2019-12,2020-01,2006-10-01,0.004897740896184999,-0.0015418124095400998,-0.006439553305725099
1,MONETARY_BASE__2020-01__AMBSL__to__BOGMBASE,MONETARY_BASE,2020-01,AMBSL,BOGMBASE,adjacent_vintage_bridge,2019-12,2020-01,2006-11-01,-0.0015044507926864625,0.009235388581211978,0.010739839373898441
1,MONETARY_BASE__2020-01__AMBSL__to__BOGMBASE,MONETARY_BASE,2020-01,AMBSL,BOGMBASE,adjacent_vintage_bridge,2019-12,2020-01,2006-12-01,-0.0060090836885375865,0.0035605792318662566,0.009569662920403843
1,MONETARY_BASE__2020-01__AMBSL__to__BOGMBASE,MONETARY_BASE,2020-01,AMBSL,BOGMBASE,adjacent_vintage_bridge,2019-12,2020-01,2007-01-01,0.0100070586247476,-0.01665214459274189,-0.02665920321748949
1,MONETARY_BASE__2020-01__AMBSL__to__BOGMBASE,MONETARY_BASE,2020-01,AMBSL,BOGMBASE,adjacent_vintage_bridge,2019-12,2020-01,2007-02-01,-0.0024390347834666315,0.000978429699767247,0.0034174644832338785
1,MONETARY_BASE__2020-01__AMBSL__to__BOGMBASE,MONETARY_BASE,2020-01,AMBSL,BOGMBASE,adjacent_vintage_bridge,2019-12,2020-01,2007-03-01,-0.0033671697428969694,0.0046318278001376,0.00799899754303457
1,MONETARY_BASE__2020-01__AMBSL__to__BOGMBASE,MONETARY_BASE,2020-01,AMBSL,BOGMBASE,adjacent_vintage_bridge,2019-12,2020-01,2007-04-01,-0.0001660640905125632,0.0014507588824130835,0.0016168229729256467
1,MONETARY_BASE__2020-01__AMBSL__to__BOGMBASE,MONETARY_BASE,2020-01,AMBSL,BOGMBASE,adjacent_vintage_bridge,2019-12,2020-01,2007-05-01,-0.0001526619466858392,0.0007885051953469002,0.0009411671420327394
1,MONETARY_BASE__2020-01__AMBSL__to__BOGMBASE,MONETARY_BASE,2020-01,AMBSL,BOGMBASE,adjacent_vintage_bridge,2019-12,2020-01,2007-06-01,0.0010632450344179034,-0.0015329808461359562,-0.0025962258805538596
1,MONETARY_BASE__2020-01__AMBSL__to__BOGMBASE,MONETARY_BASE,2020-01,AMBSL,BOGMBASE,adjacent_vintage_bridge,2019-12,2020-01,2007-07-01,-0.0010076939432295262,0.00038299512789485846,0.0013906890711243847
1,MONETARY_BASE__2020-01__AMBSL__to__BOGMBASE,MONETARY_BASE,2020-01,AMBSL,BOGMBASE,adjacent_vintage_bridge,2019-12,2020-01,2007-08-01,0.0009946721928137947,-0.001348930388804348,-0.0023436025816181427
1,MONETARY_BASE__2020-01__AMBSL__to__BOGMBASE,MONETARY_BASE,2020-01,AMBSL,BOGMBASE,adjacent_vintage_bridge,2019-12,2020-01,2007-09-01,-0.0040937752185818965,-0.0034367633038918655,0.0006570119146900311
1,MONETARY_BASE__2020-01__AMBSL__to__BOGMBASE,MONETARY_BASE,2020-01,AMBSL,BOGMBASE,adjacent_vintage_bridge,2019-12,2020-01,2007-10-01,0.008085475622644722,0.0045932490025588635,-0.0034922266200858587
1,MONETARY_BASE__2020-01__AMBSL__to__BOGMBASE,MONETARY_BASE,2020-01,AMBSL,BOGMBASE,adjacent_vintage_bridge,2019-12,2020-01,2007-11-01,-0.004612283989883004,0.004386640254491425,0.008998924244374429
1,MONETARY_BASE__2020-01__AMBSL__to__BOGMBASE,MONETARY_BASE,2020-01,AMBSL,BOGMBASE,adjacent_vintage_bridge,2019-12,2020-01,2007-12-01,-0.012998247496701865,-0.0029014242559206593,0.010096823240781205
1,MONETARY_BASE__2020-01__AMBSL__to__BOGMBASE,MONETARY_BASE,2020-01,AMBSL,BOGMBASE,adjacent_vintage_bridge,2019-12,2020-01,2008-01-01,0.01651381367321214,-0.011308984017304624,-0.027822797690516765
1,MONETARY_BASE__2020-01__AMBSL__to__BOGMBASE,MONETARY_BASE,2020-01,AMBSL,BOGMBASE,adjacent_vintage_bridge,2019-12,2020-01,2008-02-01,0.002005415725647275,0.0065353800519503125,0.004529964326303038
1,MONETARY_BASE__2020-01__AMBSL__to__BOGMBASE,MONETARY_BASE,2020-01,AMBSL,BOGMBASE,adjacent_vintage_bridge,2019-12,2020-01,2008-03-01,-0.0025733506994614075,0.005507980847903937,0.008081331547365345
1,MONETARY_BASE__2020-01__AMBSL__to__BOGMBASE,MONETARY_BASE,2020-01,AMBSL,BOGMBASE,adjacent_vintage_bridge,2019-12,2020-01,2008-04-01,-0.009977226031293362,-0.007501635775003734,0.002475590256289628
1,MONETARY_BASE__2020-01__AMBSL__to__BOGMBASE,MONETARY_BASE,2020-01,AMBSL,BOGMBASE,adjacent_vintage_bridge,2019-12,2020-01,2008-05-01,0.011694822063759602,0.008659691678854387,-0.003035130384905216
1,MONETARY_BASE__2020-01__AMBSL__to__BOGMBASE,MONETARY_BASE,2020-01,AMBSL,BOGMBASE,adjacent_vintage_bridge,2019-12,2020-01,2008-06-01,-0.002135187980355724,0.0012329371844579384,0.0033681251648136623
1,MONETARY_BASE__2020-01__AMBSL__to__BOGMBASE,MONETARY_BASE,2020-01,AMBSL,BOGMBASE,adjacent_vintage_bridge,2019-12,2020-01,2008-07-01,0.005207242029880099,0.0015439664850074308,-0.0036632755448726684
1,MONETARY_BASE__2020-01__AMBSL__to__BOGMBASE,MONETARY_BASE,2020-01,AMBSL,BOGMBASE,adjacent_vintage_bridge,2019-12,2020-01,2008-08-01,-0.008173012648536648,-0.007391828033037839,0.0007811846154988089
1,MONETARY_BASE__2020-01__AMBSL__to__BOGMBASE,MONETARY_BASE,2020-01,AMBSL,BOGMBASE,adjacent_vintage_bridge,2019-12,2020-01,2008-09-01,0.0702530399229504,0.06993880960507326,-0.00031423031787713995
1,MONETARY_BASE__2020-01__AMBSL__to__BOGMBASE,MONETARY_BASE,2020-01,AMBSL,BOGMBASE,adjacent_vintage_bridge,2019-12,2020-01,2008-10-01,0.12754938818327322,0.15187190128411743,0.024322513100844212
1,MONETARY_BASE__2020-01__AMBSL__to__BOGMBASE,MONETARY_BASE,2020-01,AMBSL,BOGMBASE,adjacent_vintage_bridge,2019-12,2020-01,2008-11-01,0.06106094107704596,0.015798531625575762,-0.0452624094514702
1,MONETARY_BASE__2020-01__AMBSL__to__BOGMBASE,MONETARY_BASE,2020-01,AMBSL,BOGMBASE,adjacent_vintage_bridge,2019-12,2020-01,2008-12-01,-0.13979872127301185,-0.09388963704362929,0.04590908422938256
1,MONETARY_BASE__2020-01__AMBSL__to__BOGMBASE,MONETARY_BASE,2020-01,AMBSL,BOGMBASE,adjacent_vintage_bridge,2019-12,2020-01,2009-01-01,-0.08398827177344348,-0.11741367199513242,-0.03342540022168894
1,MONETARY_BASE__2020-01__AMBSL__to__BOGMBASE,MONETARY_BASE,2020-01,AMBSL,BOGMBASE,adjacent_vintage_bridge,2019-12,2020-01,2009-02-01,-0.12021396385291272,-0.11892197194529075,0.00129199190762197
1,MONETARY_BASE__2020-01__AMBSL__to__BOGMBASE,MONETARY_BASE,2020-01,AMBSL,BOGMBASE,adjacent_vintage_bridge,2019-12,2020-01,2009-03-01,0.1324618901314274,0.14526241212501567,0.012800521993588276
1,MONETARY_BASE__2020-01__AMBSL__to__BOGMBASE,MONETARY_BASE,2020-01,AMBSL,BOGMBASE,adjacent_vintage_bridge,2019-12,2020-01,2009-04-01,0.02093631236796334,0.008962019666578058,-0.01197429270138528
1,MONETARY_BASE__2020-01__AMBSL__to__BOGMBASE,MONETARY_BASE,2020-01,AMBSL,BOGMBASE,adjacent_vintage_bridge,2019-12,2020-01,2009-05-01,-0.06259698950989279,-0.04993822191376296,0.012658767596129827
1,MONETARY_BASE__2020-01__AMBSL__to__BOGMBASE,MONETARY_BASE,2020-01,AMBSL,BOGMBASE,adjacent_vintage_bridge,2019-12,2020-01,2009-06-01,-0.060792748066224256,-0.06525297016655429,-0.004460222100330036
1,MONETARY_BASE__2020-01__AMBSL__to__BOGMBASE,MONETARY_BASE,2020-01,AMBSL,BOGMBASE,adjacent_vintage_bridge,2019-12,2020-01,2009-07-01,0.048330567575757044,0.04684255582145802,-0.0014880117542990234
1,MONETARY_BASE__2020-01__AMBSL__to__BOGMBASE,MONETARY_BASE,2020-01,AMBSL,BOGMBASE,adjacent_vintage_bridge,2019-12,2020-01,2009-08-01,0.026138877322381404,0.027989843836618178,0.0018509665142367737
1,MONETARY_BASE__2020-01__AMBSL__to__BOGMBASE,MONETARY_BASE,2020-01,AMBSL,BOGMBASE,adjacent_vintage_bridge,2019-12,2020-01,2009-09-01,0.03156084114305813,0.029518847313784846,-0.002041993829273281
1,MONETARY_BASE__2020-01__AMBSL__to__BOGMBASE,MONETARY_BASE,2020-01,AMBSL,BOGMBASE,adjacent_vintage_bridge,2019-12,2020-01,2009-10-01,0.030399533367805986,0.020864125408733614,-0.009535407959072373
1,MONETARY_BASE__2020-01__AMBSL__to__BOGMBASE,MONETARY_BASE,2020-01,AMBSL,BOGMBASE,adjacent_vintage_bridge,2019-12,2020-01,2009-11-01,-0.04756619603100276,-0.02776255223239943,0.019803643798603332
1,MONETARY_BASE__2020-01__AMBSL__to__BOGMBASE,MONETARY_BASE,2020-01,AMBSL,BOGMBASE,adjacent_vintage_bridge,2019-12,2020-01,2009-12-01,-0.04795478609099124,-0.04379404907675344,0.004160737014237803
1,MONETARY_BASE__2020-01__AMBSL__to__BOGMBASE,MONETARY_BASE,2020-01,AMBSL,BOGMBASE,adjacent_vintage_bridge,2019-12,2020-01,2010-01-01,0.009889943187178396,-0.016342872451383883,-0.02623281563856228
1,MONETARY_BASE__2020-01__AMBSL__to__BOGMBASE,MONETARY_BASE,2020-01,AMBSL,BOGMBASE,adjacent_vintage_bridge,2019-12,2020-01,2010-02-01,0.07130331530398504,0.07406284400532748,0.0027595287013424397
1,MONETARY_BASE__2020-01__AMBSL__to__BOGMBASE,MONETARY_BASE,2020-01,AMBSL,BOGMBASE,adjacent_vintage_bridge,2019-12,2020-01,2010-03-01,-0.08858016250105116,-0.07548547930677962,0.01309468319427154
1,MONETARY_BASE__2020-01__AMBSL__to__BOGMBASE,MONETARY_BASE,2020-01,AMBSL,BOGMBASE,adjacent_vintage_bridge,2019-12,2020-01,2010-04-01,-0.009146582352387966,-0.014855909846902549,-0.005709327494514582
1,MONETARY_BASE__2020-01__AMBSL__to__BOGMBASE,MONETARY_BASE,2020-01,AMBSL,BOGMBASE,adjacent_vintage_bridge,2019-12,2020-01,2010-05-01,0.02518138284294391,0.030773573645706875,0.005592190802762964
1,MONETARY_BASE__2020-01__AMBSL__to__BOGMBASE,MONETARY_BASE,2020-01,AMBSL,BOGMBASE,adjacent_vintage_bridge,2019-12,2020-01,2010-06-01,-0.0003493224958317498,-0.003878853161918272,-0.0035295306660865222
1,MONETARY_BASE__2020-01__AMBSL__to__BOGMBASE,MONETARY_BASE,2020-01,AMBSL,BOGMBASE,adjacent_vintage_bridge,2019-12,2020-01,2010-07-01,0.0008017083256737223,0.0008599779008573449,5.8269575183622635e-05
1,MONETARY_BASE__2020-01__AMBSL__to__BOGMBASE,MONETARY_BASE,2020-01,AMBSL,BOGMBASE,adjacent_vintage_bridge,2019-12,2020-01,2010-08-01,0.004094606693905156,0.003752875611029438,-0.0003417310828757181
1,MONETARY_BASE__2020-01__AMBSL__to__BOGMBASE,MONETARY_BASE,2020-01,AMBSL,BOGMBASE,adjacent_vintage_bridge,2019-12,2020-01,2010-09-01,-0.016487281778777785,-0.016086407033963468,0.00040087474481431684
1,MONETARY_BASE__2020-01__AMBSL__to__BOGMBASE,MONETARY_BASE,2020-01,AMBSL,BOGMBASE,adjacent_vintage_bridge,2019-12,2020-01,2010-10-01,0.025470255643451623,0.0166562154714196,-0.008814040172032023
1,MONETARY_BASE__2020-01__AMBSL__to__BOGMBASE,MONETARY_BASE,2020-01,AMBSL,BOGMBASE,adjacent_vintage_bridge,2019-12,2020-01,2010-11-01,-0.012418950351150038,0.005552184665059912,0.01797113501620995
1,MONETARY_BASE__2020-01__AMBSL__to__BOGMBASE,MONETARY_BASE,2020-01,AMBSL,BOGMBASE,adjacent_vintage_bridge,2019-12,2020-01,2010-12-01,0.012780775627831531,0.01618154711487385,0.00340077148704232
1,MONETARY_BASE__2020-01__AMBSL__to__BOGMBASE,MONETARY_BASE,2020-01,AMBSL,BOGMBASE,adjacent_vintage_bridge,2019-12,2020-01,2011-01-01,0.01446063193154945,-0.006773663283265563,-0.021234295214815013
1,MONETARY_BASE__2020-01__AMBSL__to__BOGMBASE,MONETARY_BASE,2020-01,AMBSL,BOGMBASE,adjacent_vintage_bridge,2019-12,2020-01,2011-02-01,0.06321599923027055,0.06168339723330263,-0.0015326019969679194
1,MONETARY_BASE__2020-01__AMBSL__to__BOGMBASE,MONETARY_BASE,2020-01,AMBSL,BOGMBASE,adjacent_vintage_bridge,2019-12,2020-01,2011-03-01,-0.007675305027348145,0.002907194868255303,0.010582499895603448
1,MONETARY_BASE__2020-01__AMBSL__to__BOGMBASE,MONETARY_BASE,2020-01,AMBSL,BOGMBASE,adjacent_vintage_bridge,2019-12,2020-01,2011-04-01,-0.03734125531801169,-0.03840412855189612,-0.0010628732338844316
1,MONETARY_BASE__2020-01__AMBSL__to__BOGMBASE,MONETARY_BASE,2020-01,AMBSL,BOGMBASE,adjacent_vintage_bridge,2019-12,2020-01,2011-05-01,-0.01882802763394853,-0.01350780775245397,0.005320219881494559
1,MONETARY_BASE__2020-01__AMBSL__to__BOGMBASE,MONETARY_BASE,2020-01,AMBSL,BOGMBASE,adjacent_vintage_bridge,2019-12,2020-01,2011-06-01,0.007917194921526871,0.003311021612226739,-0.004606173309300132
1,MONETARY_BASE__2020-01__AMBSL__to__BOGMBASE,MONETARY_BASE,2020-01,AMBSL,BOGMBASE,adjacent_vintage_bridge,2019-12,2020-01,2011-07-01,-0.01889636381472304,-0.017606552996042524,0.0012898108186805146
1,MONETARY_BASE__2020-01__AMBSL__to__BOGMBASE,MONETARY_BASE,2020-01,AMBSL,BOGMBASE,adjacent_vintage_bridge,2019-12,2020-01,2011-08-01,-0.020517559908720173,-0.02374884497599794,-0.003231285067277767
1,MONETARY_BASE__2020-01__AMBSL__to__BOGMBASE,MONETARY_BASE,2020-01,AMBSL,BOGMBASE,adjacent_vintage_bridge,2019-12,2020-01,2011-09-01,-0.0003322086206756225,0.0026007342059450878,0.0029329428266207103
1,MONETARY_BASE__2020-01__AMBSL__to__BOGMBASE,MONETARY_BASE,2020-01,AMBSL,BOGMBASE,adjacent_vintage_bridge,2019-12,2020-01,2011-10-01,0.01712200152471599,0.007582258210915072,-0.009539743313800919
1,MONETARY_BASE__2020-01__AMBSL__to__BOGMBASE,MONETARY_BASE,2020-01,AMBSL,BOGMBASE,adjacent_vintage_bridge,2019-12,2020-01,2011-11-01,-0.02908138458751086,-0.012364236091535474,0.016717148495975387
1,MONETARY_BASE__2020-01__AMBSL__to__BOGMBASE,MONETARY_BASE,2020-01,AMBSL,BOGMBASE,adjacent_vintage_bridge,2019-12,2020-01,2011-12-01,0.013427342618577143,0.01775744360086584,0.004330100982288698
1,MONETARY_BASE__2020-01__AMBSL__to__BOGMBASE,MONETARY_BASE,2020-01,AMBSL,BOGMBASE,adjacent_vintage_bridge,2019-12,2020-01,2012-01-01,0.024214125611946358,0.0026295798074009724,-0.021584545804545385
1,MONETARY_BASE__2020-01__AMBSL__to__BOGMBASE,MONETARY_BASE,2020-01,AMBSL,BOGMBASE,adjacent_vintage_bridge,2019-12,2020-01,2012-02-01,0.015048106596669442,0.012063461673234244,-0.002984644923435198
1,MONETARY_BASE__2020-01__AMBSL__to__BOGMBASE,MONETARY_BASE,2020-01,AMBSL,BOGMBASE,adjacent_vintage_bridge,2019-12,2020-01,2012-03-01,-0.04985792295192226,-0.03477201383223871,0.01508590911968355
1,MONETARY_BASE__2020-01__AMBSL__to__BOGMBASE,MONETARY_BASE,2020-01,AMBSL,BOGMBASE,adjacent_vintage_bridge,2019-12,2020-01,2012-04-01,0.014127679437872409,0.008851533142195223,-0.0052761462956771865
1,MONETARY_BASE__2020-01__AMBSL__to__BOGMBASE,MONETARY_BASE,2020-01,AMBSL,BOGMBASE,adjacent_vintage_bridge,2019-12,2020-01,2012-05-01,-0.0106871521458487,-0.0030883011338733724,0.007598851011975327
1,MONETARY_BASE__2020-01__AMBSL__to__BOGMBASE,MONETARY_BASE,2020-01,AMBSL,BOGMBASE,adjacent_vintage_bridge,2019-12,2020-01,2012-06-01,0.01833309650552195,0.00976359851120101,-0.00856949799432094
1,MONETARY_BASE__2020-01__AMBSL__to__BOGMBASE,MONETARY_BASE,2020-01,AMBSL,BOGMBASE,adjacent_vintage_bridge,2019-12,2020-01,2012-07-01,0.005499041451109576,0.010141706533630668,0.004642665082521091
1,MONETARY_BASE__2020-01__AMBSL__to__BOGMBASE,MONETARY_BASE,2020-01,AMBSL,BOGMBASE,adjacent_vintage_bridge,2019-12,2020-01,2012-08-01,-0.009089503242979191,-0.009880323381224798,-0.000790820138245607
1,MONETARY_BASE__2020-01__AMBSL__to__BOGMBASE,MONETARY_BASE,2020-01,AMBSL,BOGMBASE,adjacent_vintage_bridge,2019-12,2020-01,2012-09-01,-0.020243998196344037,-0.02242281098226684,-0.0021788127859228013
1,MONETARY_BASE__2020-01__AMBSL__to__BOGMBASE,MONETARY_BASE,2020-01,AMBSL,BOGMBASE,adjacent_vintage_bridge,2019-12,2020-01,2012-10-01,0.032459726065305006,0.02776978850821621,-0.004689937557088797
1,MONETARY_BASE__2020-01__AMBSL__to__BOGMBASE,MONETARY_BASE,2020-01,AMBSL,BOGMBASE,adjacent_vintage_bridge,2019-12,2020-01,2012-11-01,-0.006209887782998358,0.006846078416785417,0.013055966199783775
1,MONETARY_BASE__2020-01__AMBSL__to__BOGMBASE,MONETARY_BASE,2020-01,AMBSL,BOGMBASE,adjacent_vintage_bridge,2019-12,2020-01,2012-12-01,-0.009255617747100153,-0.0023768711588001423,0.006878746588300011
1,MONETARY_BASE__2020-01__AMBSL__to__BOGMBASE,MONETARY_BASE,2020-01,AMBSL,BOGMBASE,adjacent_vintage_bridge,2019-12,2020-01,2013-01-01,0.037153706724329716,0.013343435042520113,-0.023810271681809603
1,MONETARY_BASE__2020-01__AMBSL__to__BOGMBASE,MONETARY_BASE,2020-01,AMBSL,BOGMBASE,adjacent_vintage_bridge,2019-12,2020-01,2013-02-01,0.010584337711144975,0.012766178551183671,0.0021818408400386957
1,MONETARY_BASE__2020-01__AMBSL__to__BOGMBASE,MONETARY_BASE,2020-01,AMBSL,BOGMBASE,adjacent_vintage_bridge,2019-12,2020-01,2013-03-01,-0.010773860447076622,-0.005989008781567051,0.004784851665509571
1,MONETARY_BASE__2020-01__AMBSL__to__BOGMBASE,MONETARY_BASE,2020-01,AMBSL,BOGMBASE,adjacent_vintage_bridge,2019-12,2020-01,2013-04-01,-0.009854964156995827,-0.005271160554908505,0.004583803602087322
1,MONETARY_BASE__2020-01__AMBSL__to__BOGMBASE,MONETARY_BASE,2020-01,AMBSL,BOGMBASE,adjacent_vintage_bridge,2019-12,2020-01,2013-05-01,0.006191129450117572,0.008534926205221893,0.0023437967551043215
1,MONETARY_BASE__2020-01__AMBSL__to__BOGMBASE,MONETARY_BASE,2020-01,AMBSL,BOGMBASE,adjacent_vintage_bridge,2019-12,2020-01,2013-06-01,-0.0040421048833021445,-0.007570676631020845,-0.0035285717477187006
1,MONETARY_BASE__2020-01__AMBSL__to__BOGMBASE,MONETARY_BASE,2020-01,AMBSL,BOGMBASE,adjacent_vintage_bridge,2019-12,2020-01,2013-07-01,0.000790701971403962,0.000788252484360541,-2.4494870434210725e-06
1,MONETARY_BASE__2020-01__AMBSL__to__BOGMBASE,MONETARY_BASE,2020-01,AMBSL,BOGMBASE,adjacent_vintage_bridge,2019-12,2020-01,2013-08-01,0.005551727471845069,0.00475042852372809,-0.0008012989481169797
1,MONETARY_BASE__2020-01__AMBSL__to__BOGMBASE,MONETARY_BASE,2020-01,AMBSL,BOGMBASE,adjacent_vintage_bridge,2019-12,2020-01,2013-09-01,-0.00667664830951864,-0.006742051484012634,-6.540317449399424e-05
1,MONETARY_BASE__2020-01__AMBSL__to__BOGMBASE,MONETARY_BASE,2020-01,AMBSL,BOGMBASE,adjacent_vintage_bridge,2019-12,2020-01,2013-10-01,0.0082835801049157,0.0034401219441253517,-0.004843458160790348
1,MONETARY_BASE__2020-01__AMBSL__to__BOGMBASE,MONETARY_BASE,2020-01,AMBSL,BOGMBASE,adjacent_vintage_bridge,2019-12,2020-01,2013-11-01,-0.014616064740506474,-0.0028634369530493586,0.011752627787457115
1,MONETARY_BASE__2020-01__AMBSL__to__BOGMBASE,MONETARY_BASE,2020-01,AMBSL,BOGMBASE,adjacent_vintage_bridge,2019-12,2020-01,2013-12-01,-0.024016954427649395,-0.017248814227281528,0.006768140200367867
1,MONETARY_BASE__2020-01__AMBSL__to__BOGMBASE,MONETARY_BASE,2020-01,AMBSL,BOGMBASE,adjacent_vintage_bridge,2019-12,2020-01,2014-01-01,0.01753260077794927,-0.005922520472923409,-0.02345512125087268
1,MONETARY_BASE__2020-01__AMBSL__to__BOGMBASE,MONETARY_BASE,2020-01,AMBSL,BOGMBASE,adjacent_vintage_bridge,2019-12,2020-01,2014-02-01,0.02279563389565631,0.0247751903195077,0.001979556423851392
1,MONETARY_BASE__2020-01__AMBSL__to__BOGMBASE,MONETARY_BASE,2020-01,AMBSL,BOGMBASE,adjacent_vintage_bridge,2019-12,2020-01,2014-03-01,-0.021355223732474116,-0.014130129094914068,0.007225094637560048
1,MONETARY_BASE__2020-01__AMBSL__to__BOGMBASE,MONETARY_BASE,2020-01,AMBSL,BOGMBASE,adjacent_vintage_bridge,2019-12,2020-01,2014-04-01,-0.004466398742769329,-0.0021445654366516465,0.002321833306117682
1,MONETARY_BASE__2020-01__AMBSL__to__BOGMBASE,MONETARY_BASE,2020-01,AMBSL,BOGMBASE,adjacent_vintage_bridge,2019-12,2020-01,2014-05-01,-0.018237795946710378,-0.016349364722076487,0.0018884312246338908
1,MONETARY_BASE__2020-01__AMBSL__to__BOGMBASE,MONETARY_BASE,2020-01,AMBSL,BOGMBASE,adjacent_vintage_bridge,2019-12,2020-01,2014-06-01,0.017997405882784534,0.014342177832583403,-0.0036552280502011314
1,MONETARY_BASE__2020-01__AMBSL__to__BOGMBASE,MONETARY_BASE,2020-01,AMBSL,BOGMBASE,adjacent_vintage_bridge,2019-12,2020-01,2014-07-01,-0.00017524384344014265,0.0007206909725852029,0.0008959348160253455
1,MONETARY_BASE__2020-01__AMBSL__to__BOGMBASE,MONETARY_BASE,2020-01,AMBSL,BOGMBASE,adjacent_vintage_bridge,2019-12,2020-01,2014-08-01,0.01220993836788331,0.011141187562932586,-0.0010687508049507244
1,MONETARY_BASE__2020-01__AMBSL__to__BOGMBASE,MONETARY_BASE,2020-01,AMBSL,BOGMBASE,adjacent_vintage_bridge,2019-12,2020-01,2014-09-01,-0.02790248961920838,-0.027682389634767546,0.00022009998444083578
1,MONETARY_BASE__2020-01__AMBSL__to__BOGMBASE,MONETARY_BASE,2020-01,AMBSL,BOGMBASE,adjacent_vintage_bridge,2019-12,2020-01,2014-10-01,-0.0014362303305155422,-0.005495865764363117,-0.004059635433847575
1,MONETARY_BASE__2020-01__AMBSL__to__BOGMBASE,MONETARY_BASE,2020-01,AMBSL,BOGMBASE,adjacent_vintage_bridge,2019-12,2020-01,2014-11-01,-0.041433721030401216,-0.031821974505206185,0.00961174652519503
1,MONETARY_BASE__2020-01__AMBSL__to__BOGMBASE,MONETARY_BASE,2020-01,AMBSL,BOGMBASE,adjacent_vintage_bridge,2019-12,2020-01,2014-12-01,0.0620315082061218,0.0704784129318643,0.008446904725742499
1,MONETARY_BASE__2020-01__AMBSL__to__BOGMBASE,MONETARY_BASE,2020-01,AMBSL,BOGMBASE,adjacent_vintage_bridge,2019-12,2020-01,2015-01-01,0.017651936815068936,-0.006008245183780403,-0.02366018199884934
1,MONETARY_BASE__2020-01__AMBSL__to__BOGMBASE,MONETARY_BASE,2020-01,AMBSL,BOGMBASE,adjacent_vintage_bridge,2019-12,2020-01,2015-02-01,-0.069529560977859,-0.06575642787296765,0.0037731331048913574
1,MONETARY_BASE__2020-01__AMBSL__to__BOGMBASE,MONETARY_BASE,2020-01,AMBSL,BOGMBASE,adjacent_vintage_bridge,2019-12,2020-01,2015-03-01,0.09293759021890757,0.09329779829200291,0.0003602080730953361
1,MONETARY_BASE__2020-01__AMBSL__to__BOGMBASE,MONETARY_BASE,2020-01,AMBSL,BOGMBASE,adjacent_vintage_bridge,2019-12,2020-01,2015-04-01,-0.05221348127757075,-0.04122440780205672,0.010989073475514033
1,MONETARY_BASE__2020-01__AMBSL__to__BOGMBASE,MONETARY_BASE,2020-01,AMBSL,BOGMBASE,adjacent_vintage_bridge,2019-12,2020-01,2015-05-01,-0.034201375865075434,-0.03457778265111955,-0.0003764067860441145
1,MONETARY_BASE__2020-01__AMBSL__to__BOGMBASE,MONETARY_BASE,2020-01,AMBSL,BOGMBASE,adjacent_vintage_bridge,2019-12,2020-01,2015-06-01,0.030345227529517516,0.019917725647619733,-0.010427501881897783
1,MONETARY_BASE__2020-01__AMBSL__to__BOGMBASE,MONETARY_BASE,2020-01,AMBSL,BOGMBASE,adjacent_vintage_bridge,2019-12,2020-01,2015-07-01,0.011658671413060873,0.018103662261980347,0.006444990848919474
1,MONETARY_BASE__2020-01__AMBSL__to__BOGMBASE,MONETARY_BASE,2020-01,AMBSL,BOGMBASE,adjacent_vintage_bridge,2019-12,2020-01,2015-08-01,-0.00621170301594276,-0.004809384804891792,0.001402318211050968
1,MONETARY_BASE__2020-01__AMBSL__to__BOGMBASE,MONETARY_BASE,2020-01,AMBSL,BOGMBASE,adjacent_vintage_bridge,2019-12,2020-01,2015-09-01,0.008032180703830605,0.005359706700183153,-0.0026724740036474515
1,MONETARY_BASE__2020-01__AMBSL__to__BOGMBASE,MONETARY_BASE,2020-01,AMBSL,BOGMBASE,adjacent_vintage_bridge,2019-12,2020-01,2015-10-01,0.0006297019053249642,-0.0031916530096012252,-0.0038213549149261894
1,MONETARY_BASE__2020-01__AMBSL__to__BOGMBASE,MONETARY_BASE,2020-01,AMBSL,BOGMBASE,adjacent_vintage_bridge,2019-12,2020-01,2015-11-01,-0.030088908463877573,-0.0212321459754925,0.008856762488385073
1,MONETARY_BASE__2020-01__AMBSL__to__BOGMBASE,MONETARY_BASE,2020-01,AMBSL,BOGMBASE,adjacent_vintage_bridge,2019-12,2020-01,2015-12-01,-0.03559677337110401,-0.030269289585669767,0.005327483785434239
1,MONETARY_BASE__2020-01__AMBSL__to__BOGMBASE,MONETARY_BASE,2020-01,AMBSL,BOGMBASE,adjacent_vintage_bridge,2019-12,2020-01,2016-01-01,0.04401333876155533,0.0322971801101648,-0.01171615865139053
1,MONETARY_BASE__2020-01__AMBSL__to__BOGMBASE,MONETARY_BASE,2020-01,AMBSL,BOGMBASE,adjacent_vintage_bridge,2019-12,2020-01,2016-02-01,0.04313430609455793,0.03210806685243561,-0.011026239242122315
1,MONETARY_BASE__2020-01__AMBSL__to__BOGMBASE,MONETARY_BASE,2020-01,AMBSL,BOGMBASE,adjacent_vintage_bridge,2019-12,2020-01,2016-03-01,-0.029017863395159438,-0.0141334114691265,0.014884451926032938
1,MONETARY_BASE__2020-01__AMBSL__to__BOGMBASE,MONETARY_BASE,2020-01,AMBSL,BOGMBASE,adjacent_vintage_bridge,2019-12,2020-01,2016-04-01,-0.008254390588012583,-0.013238517075574663,-0.004984126487562079
1,MONETARY_BASE__2020-01__AMBSL__to__BOGMBASE,MONETARY_BASE,2020-01,AMBSL,BOGMBASE,adjacent_vintage_bridge,2019-12,2020-01,2016-05-01,-0.01014360890217958,-0.0028856010158104795,0.0072580078863691
1,MONETARY_BASE__2020-01__AMBSL__to__BOGMBASE,MONETARY_BASE,2020-01,AMBSL,BOGMBASE,adjacent_vintage_bridge,2019-12,2020-01,2016-06-01,0.010654774395698396,0.006554174210341657,-0.00410060018535674
1,MONETARY_BASE__2020-01__AMBSL__to__BOGMBASE,MONETARY_BASE,2020-01,AMBSL,BOGMBASE,adjacent_vintage_bridge,2019-12,2020-01,2016-07-01,-0.011860436590858114,-0.011035111124039432,0.0008253254668186827
1,MONETARY_BASE__2020-01__AMBSL__to__BOGMBASE,MONETARY_BASE,2020-01,AMBSL,BOGMBASE,adjacent_vintage_bridge,2019-12,2020-01,2016-08-01,0.029238754109897513,0.025570205997272666,-0.0036685481126248476
1,MONETARY_BASE__2020-01__AMBSL__to__BOGMBASE,MONETARY_BASE,2020-01,AMBSL,BOGMBASE,adjacent_vintage_bridge,2019-12,2020-01,2016-09-01,-0.03867346299814223,-0.03305085785009254,0.005622605148049686
1,MONETARY_BASE__2020-01__AMBSL__to__BOGMBASE,MONETARY_BASE,2020-01,AMBSL,BOGMBASE,adjacent_vintage_bridge,2019-12,2020-01,2016-10-01,-0.014135631420526096,-0.023415479179366372,-0.009279847758840276
1,MONETARY_BASE__2020-01__AMBSL__to__BOGMBASE,MONETARY_BASE,2020-01,AMBSL,BOGMBASE,adjacent_vintage_bridge,2019-12,2020-01,2016-11-01,0.04988084251944791,0.060829593880709965,0.010948751361262055
1,MONETARY_BASE__2020-01__AMBSL__to__BOGMBASE,MONETARY_BASE,2020-01,AMBSL,BOGMBASE,adjacent_vintage_bridge,2019-12,2020-01,2016-12-01,-0.05015429691888329,-0.04343483888281163,0.006719458036071657
1,MONETARY_BASE__2020-01__AMBSL__to__BOGMBASE,MONETARY_BASE,2020-01,AMBSL,BOGMBASE,adjacent_vintage_bridge,2019-12,2020-01,2017-01-01,0.06266143600931784,0.045357602277290354,-0.017303833732027485
1,MONETARY_BASE__2020-01__AMBSL__to__BOGMBASE,MONETARY_BASE,2020-01,AMBSL,BOGMBASE,adjacent_vintage_bridge,2019-12,2020-01,2017-02-01,0.026985214211073583,0.023197534067184833,-0.0037876801438887497
1,MONETARY_BASE__2020-01__AMBSL__to__BOGMBASE,MONETARY_BASE,2020-01,AMBSL,BOGMBASE,adjacent_vintage_bridge,2019-12,2020-01,2017-03-01,-0.023059195984693304,-0.01221967725975226,0.010839518724941044
1,MONETARY_BASE__2020-01__AMBSL__to__BOGMBASE,MONETARY_BASE,2020-01,AMBSL,BOGMBASE,adjacent_vintage_bridge,2019-12,2020-01,2017-04-01,-0.03666594897953246,-0.03791752779964064,-0.001251578820108179
1,MONETARY_BASE__2020-01__AMBSL__to__BOGMBASE,MONETARY_BASE,2020-01,AMBSL,BOGMBASE,adjacent_vintage_bridge,2019-12,2020-01,2017-05-01,-0.005663963476354894,-0.003439717202233794,0.0022242462741211
1,MONETARY_BASE__2020-01__AMBSL__to__BOGMBASE,MONETARY_BASE,2020-01,AMBSL,BOGMBASE,adjacent_vintage_bridge,2019-12,2020-01,2017-06-01,0.014645947977845353,0.009363392762175238,-0.005282555215670115
1,MONETARY_BASE__2020-01__AMBSL__to__BOGMBASE,MONETARY_BASE,2020-01,AMBSL,BOGMBASE,adjacent_vintage_bridge,2019-12,2020-01,2017-07-01,0.001605147825790354,0.01172622856976524,0.010121080743974886
1,MONETARY_BASE__2020-01__AMBSL__to__BOGMBASE,MONETARY_BASE,2020-01,AMBSL,BOGMBASE,adjacent_vintage_bridge,2019-12,2020-01,2017-08-01,0.03089636238474469,0.02110562366720181,-0.00979073871754288
1,MONETARY_BASE__2020-01__AMBSL__to__BOGMBASE,MONETARY_BASE,2020-01,AMBSL,BOGMBASE,adjacent_vintage_bridge,2019-12,2020-01,2017-09-01,-0.04351645141658089,-0.03887424850776178,0.004642202908819115
1,MONETARY_BASE__2020-01__AMBSL__to__BOGMBASE,MONETARY_BASE,2020-01,AMBSL,BOGMBASE,adjacent_vintage_bridge,2019-12,2020-01,2017-10-01,0.007280459123768068,-0.002443777678841741,-0.00972423680260981
1,MONETARY_BASE__2020-01__AMBSL__to__BOGMBASE,MONETARY_BASE,2020-01,AMBSL,BOGMBASE,adjacent_vintage_bridge,2019-12,2020-01,2017-11-01,0.01757403124212331,0.03168935505653714,0.014115323814413827
1,MONETARY_BASE__2020-01__AMBSL__to__BOGMBASE,MONETARY_BASE,2020-01,AMBSL,BOGMBASE,adjacent_vintage_bridge,2019-12,2020-01,2017-12-01,-0.04018051991010729,-0.03474973535500858,0.005430784555098711
1,MONETARY_BASE__2020-01__AMBSL__to__BOGMBASE,MONETARY_BASE,2020-01,AMBSL,BOGMBASE,adjacent_vintage_bridge,2019-12,2020-01,2018-01-01,0.02667997433974456,0.007813183444691063,-0.018866790895053498
1,MONETARY_BASE__2020-01__AMBSL__to__BOGMBASE,MONETARY_BASE,2020-01,AMBSL,BOGMBASE,adjacent_vintage_bridge,2019-12,2020-01,2018-02-01,0.0167915667408316,0.014700596299809021,-0.002090970441022577
1,MONETARY_BASE__2020-01__AMBSL__to__BOGMBASE,MONETARY_BASE,2020-01,AMBSL,BOGMBASE,adjacent_vintage_bridge,2019-12,2020-01,2018-03-01,-0.032146654420580845,-0.02210514199254554,0.010041512428035304
1,MONETARY_BASE__2020-01__AMBSL__to__BOGMBASE,MONETARY_BASE,2020-01,AMBSL,BOGMBASE,adjacent_vintage_bridge,2019-12,2020-01,2018-04-01,-0.005365479472171586,-0.005301025215835864,6.4454256335722e-05
1,MONETARY_BASE__2020-01__AMBSL__to__BOGMBASE,MONETARY_BASE,2020-01,AMBSL,BOGMBASE,adjacent_vintage_bridge,2019-12,2020-01,2018-05-01,0.004097341023600265,0.005376419403626542,0.0012790783800262773
1,MONETARY_BASE__2020-01__AMBSL__to__BOGMBASE,MONETARY_BASE,2020-01,AMBSL,BOGMBASE,adjacent_vintage_bridge,2019-12,2020-01,2018-06-01,0.01116195138254028,0.0075226570807203075,-0.003639294301819973
1,MONETARY_BASE__2020-01__AMBSL__to__BOGMBASE,MONETARY_BASE,2020-01,AMBSL,BOGMBASE,adjacent_vintage_bridge,2019-12,2020-01,2018-07-01,-0.007361995127155296,-0.0022370433784644206,0.005124951748690876
1,MONETARY_BASE__2020-01__AMBSL__to__BOGMBASE,MONETARY_BASE,2020-01,AMBSL,BOGMBASE,adjacent_vintage_bridge,2019-12,2020-01,2018-08-01,0.004862176730162204,-0.0005280468629980106,-0.005390223593160215
1,MONETARY_BASE__2020-01__AMBSL__to__BOGMBASE,MONETARY_BASE,2020-01,AMBSL,BOGMBASE,adjacent_vintage_bridge,2019-12,2020-01,2018-09-01,-0.0011575407155621775,0.002498702361235061,0.0036562430767972387
1,MONETARY_BASE__2020-01__AMBSL__to__BOGMBASE,MONETARY_BASE,2020-01,AMBSL,BOGMBASE,adjacent_vintage_bridge,2019-12,2020-01,2018-10-01,0.005380815200030753,-0.004113282898183357,-0.00949409809821411
1,MONETARY_BASE__2020-01__AMBSL__to__BOGMBASE,MONETARY_BASE,2020-01,AMBSL,BOGMBASE,adjacent_vintage_bridge,2019-12,2020-01,2018-11-01,-0.01572707648400673,-0.0017228913345608277,0.014004185149445902
1,MONETARY_BASE__2020-01__AMBSL__to__BOGMBASE,MONETARY_BASE,2020-01,AMBSL,BOGMBASE,adjacent_vintage_bridge,2019-12,2020-01,2018-12-01,-0.01580085218068561,-0.009253035823752143,0.006547816356933467
1,MONETARY_BASE__2020-01__AMBSL__to__BOGMBASE,MONETARY_BASE,2020-01,AMBSL,BOGMBASE,adjacent_vintage_bridge,2019-12,2020-01,2019-01-01,0.02594787012174571,0.006015182658456908,-0.0199326874632888
1,MONETARY_BASE__2020-01__AMBSL__to__BOGMBASE,MONETARY_BASE,2020-01,AMBSL,BOGMBASE,adjacent_vintage_bridge,2019-12,2020-01,2019-02-01,0.02110516430220777,0.01793330982074437,-0.0031718544814633987
1,MONETARY_BASE__2020-01__AMBSL__to__BOGMBASE,MONETARY_BASE,2020-01,AMBSL,BOGMBASE,adjacent_vintage_bridge,2019-12,2020-01,2019-03-01,-0.004345205843140576,0.006344887950509914,0.01069009379365049
1,MONETARY_BASE__2020-01__AMBSL__to__BOGMBASE,MONETARY_BASE,2020-01,AMBSL,BOGMBASE,adjacent_vintage_bridge,2019-12,2020-01,2019-04-01,-0.03640508105122464,-0.03674863549754015,-0.00034355444631550824
1,MONETARY_BASE__2020-01__AMBSL__to__BOGMBASE,MONETARY_BASE,2020-01,AMBSL,BOGMBASE,adjacent_vintage_bridge,2019-12,2020-01,2019-05-01,0.013847315532794724,0.015517398808373883,0.0016700832755791595
1,MONETARY_BASE__2020-01__AMBSL__to__BOGMBASE,MONETARY_BASE,2020-01,AMBSL,BOGMBASE,adjacent_vintage_bridge,2019-12,2020-01,2019-06-01,0.02358418678127805,0.022235388590525318,-0.0013487981907527313
1,MONETARY_BASE__2020-01__AMBSL__to__BOGMBASE,MONETARY_BASE,2020-01,AMBSL,BOGMBASE,adjacent_vintage_bridge,2019-12,2020-01,2019-07-01,-0.015745068371042947,-0.013755815446637953,0.001989252924404994
1,MONETARY_BASE__2020-01__AMBSL__to__BOGMBASE,MONETARY_BASE,2020-01,AMBSL,BOGMBASE,adjacent_vintage_bridge,2019-12,2020-01,2019-08-01,0.012587028460687932,0.007827489022515621,-0.004759539438172311
1,MONETARY_BASE__2020-01__AMBSL__to__BOGMBASE,MONETARY_BASE,2020-01,AMBSL,BOGMBASE,adjacent_vintage_bridge,2019-12,2020-01,2019-09-01,-0.03021901900031132,-0.024614270114705405,0.005604748885605915
1,MONETARY_BASE__2020-01__AMBSL__to__BOGMBASE,MONETARY_BASE,2020-01,AMBSL,BOGMBASE,adjacent_vintage_bridge,2019-12,2020-01,2019-10-01,0.04735482601645735,0.03676119389343313,-0.010593632123024221
1,MONETARY_BASE__2020-01__AMBSL__to__BOGMBASE,MONETARY_BASE,2020-01,AMBSL,BOGMBASE,adjacent_vintage_bridge,2019-12,2020-01,2019-11-01,-0.008824065229553923,0.00357140466945971,0.012395469899013634
2,PPI_FINISHED_CONSUMER_GOODS__2016-03__PPIFCG__to__WPSFD49502,PPI_FINISHED_CONSUMER_GOODS,2016-03,PPIFCG,WPSFD49502,adjacent_vintage_bridge,2016-02,2016-03,1959-03-01,-0.00299850299625648,-0.00299850299625648,0.0
2,PPI_FINISHED_CONSUMER_GOODS__2016-03__PPIFCG__to__WPSFD49502,PPI_FINISHED_CONSUMER_GOODS,2016-03,PPIFCG,WPSFD49502,adjacent_vintage_bridge,2016-02,2016-03,1959-04-01,0.00599700599251296,0.00599700599251296,0.0
2,PPI_FINISHED_CONSUMER_GOODS__2016-03__PPIFCG__to__WPSFD49502,PPI_FINISHED_CONSUMER_GOODS,2016-03,PPIFCG,WPSFD49502,adjacent_vintage_bridge,2016-02,2016-03,1959-05-01,-0.00599700599251296,-0.00599700599251296,0.0
2,PPI_FINISHED_CONSUMER_GOODS__2016-03__PPIFCG__to__WPSFD49502,PPI_FINISHED_CONSUMER_GOODS,2016-03,PPIFCG,WPSFD49502,adjacent_vintage_bridge,2016-02,2016-03,1959-06-01,0.00599700599251296,0.00599700599251296,0.0
2,PPI_FINISHED_CONSUMER_GOODS__2016-03__PPIFCG__to__WPSFD49502,PPI_FINISHED_CONSUMER_GOODS,2016-03,PPIFCG,WPSFD49502,adjacent_vintage_bridge,2016-02,2016-03,1959-07-01,-0.00599700599251296,-0.00599700599251296,0.0
2,PPI_FINISHED_CONSUMER_GOODS__2016-03__PPIFCG__to__WPSFD49502,PPI_FINISHED_CONSUMER_GOODS,2016-03,PPIFCG,WPSFD49502,adjacent_vintage_bridge,2016-02,2016-03,1959-08-01,-0.0030256116071241124,-0.0030256116071241124,0.0
2,PPI_FINISHED_CONSUMER_GOODS__2016-03__PPIFCG__to__WPSFD49502,PPI_FINISHED_CONSUMER_GOODS,2016-03,PPIFCG,WPSFD49502,adjacent_vintage_bridge,2016-02,2016-03,1959-09-01,0.021016899189521876,0.021016899189521876,0.0
2,PPI_FINISHED_CONSUMER_GOODS__2016-03__PPIFCG__to__WPSFD49502,PPI_FINISHED_CONSUMER_GOODS,2016-03,PPIFCG,WPSFD49502,adjacent_vintage_bridge,2016-02,2016-03,1959-10-01,-0.02696897563285683,-0.02696897563285683,0.0
2,PPI_FINISHED_CONSUMER_GOODS__2016-03__PPIFCG__to__WPSFD49502,PPI_FINISHED_CONSUMER_GOODS,2016-03,PPIFCG,WPSFD49502,adjacent_vintage_bridge,2016-02,2016-03,1959-11-01,0.008959597507289807,0.008959597507289807,0.0
2,PPI_FINISHED_CONSUMER_GOODS__2016-03__PPIFCG__to__WPSFD49502,PPI_FINISHED_CONSUMER_GOODS,2016-03,PPIFCG,WPSFD49502,adjacent_vintage_bridge,2016-02,2016-03,1959-12-01,0.003016593539425738,0.003016593539425738,0.0
2,PPI_FINISHED_CONSUMER_GOODS__2016-03__PPIFCG__to__WPSFD49502,PPI_FINISHED_CONSUMER_GOODS,2016-03,PPIFCG,WPSFD49502,adjacent_vintage_bridge,2016-02,2016-03,1960-01-01,0.003016593539425738,0.003016593539425738,0.0
2,PPI_FINISHED_CONSUMER_GOODS__2016-03__PPIFCG__to__WPSFD49502,PPI_FINISHED_CONSUMER_GOODS,2016-03,PPIFCG,WPSFD49502,adjacent_vintage_bridge,2016-02,2016-03,1960-02-01,-0.003016593539425738,-0.003016593539425738,0.0
2,PPI_FINISHED_CONSUMER_GOODS__2016-03__PPIFCG__to__WPSFD49502,PPI_FINISHED_CONSUMER_GOODS,2016-03,PPIFCG,WPSFD49502,adjacent_vintage_bridge,2016-02,2016-03,1960-03-01,0.011976191046715545,0.011976191046715545,0.0
2,PPI_FINISHED_CONSUMER_GOODS__2016-03__PPIFCG__to__WPSFD49502,PPI_FINISHED_CONSUMER_GOODS,2016-03,PPIFCG,WPSFD49502,adjacent_vintage_bridge,2016-02,2016-03,1960-04-01,-0.011976191046715545,-0.011976191046715545,0.0
2,PPI_FINISHED_CONSUMER_GOODS__2016-03__PPIFCG__to__WPSFD49502,PPI_FINISHED_CONSUMER_GOODS,2016-03,PPIFCG,WPSFD49502,adjacent_vintage_bridge,2016-02,2016-03,1960-05-01,0.0,0.0,0.0
2,PPI_FINISHED_CONSUMER_GOODS__2016-03__PPIFCG__to__WPSFD49502,PPI_FINISHED_CONSUMER_GOODS,2016-03,PPIFCG,WPSFD49502,adjacent_vintage_bridge,2016-02,2016-03,1960-06-01,0.0,0.0,0.0
2,PPI_FINISHED_CONSUMER_GOODS__2016-03__PPIFCG__to__WPSFD49502,PPI_FINISHED_CONSUMER_GOODS,2016-03,PPIFCG,WPSFD49502,adjacent_vintage_bridge,2016-02,2016-03,1960-07-01,0.002971770389157413,0.002971770389157413,0.0
2,PPI_FINISHED_CONSUMER_GOODS__2016-03__PPIFCG__to__WPSFD49502,PPI_FINISHED_CONSUMER_GOODS,2016-03,PPIFCG,WPSFD49502,adjacent_vintage_bridge,2016-02,2016-03,1960-08-01,-0.005943540778314826,-0.005943540778314826,0.0
2,PPI_FINISHED_CONSUMER_GOODS__2016-03__PPIFCG__to__WPSFD49502,PPI_FINISHED_CONSUMER_GOODS,2016-03,PPIFCG,WPSFD49502,adjacent_vintage_bridge,2016-02,2016-03,1960-09-01,0.005943540778314826,0.005943540778314826,0.0
2,PPI_FINISHED_CONSUMER_GOODS__2016-03__PPIFCG__to__WPSFD49502,PPI_FINISHED_CONSUMER_GOODS,2016-03,PPIFCG,WPSFD49502,adjacent_vintage_bridge,2016-02,2016-03,1960-10-01,0.005890916868688034,0.005890916868688034,0.0
2,PPI_FINISHED_CONSUMER_GOODS__2016-03__PPIFCG__to__WPSFD49502,PPI_FINISHED_CONSUMER_GOODS,2016-03,PPIFCG,WPSFD49502,adjacent_vintage_bridge,2016-02,2016-03,1960-11-01,-0.008862687257845447,-0.008862687257845447,0.0
2,PPI_FINISHED_CONSUMER_GOODS__2016-03__PPIFCG__to__WPSFD49502,PPI_FINISHED_CONSUMER_GOODS,2016-03,PPIFCG,WPSFD49502,adjacent_vintage_bridge,2016-02,2016-03,1960-12-01,-0.005899722127188589,-0.005899722127188589,0.0
2,PPI_FINISHED_CONSUMER_GOODS__2016-03__PPIFCG__to__WPSFD49502,PPI_FINISHED_CONSUMER_GOODS,2016-03,PPIFCG,WPSFD49502,adjacent_vintage_bridge,2016-02,2016-03,1961-01-01,0.005899722127188589,0.005899722127188589,0.0
2,PPI_FINISHED_CONSUMER_GOODS__2016-03__PPIFCG__to__WPSFD49502,PPI_FINISHED_CONSUMER_GOODS,2016-03,PPIFCG,WPSFD49502,adjacent_vintage_bridge,2016-02,2016-03,1961-02-01,0.005899722127188589,0.005899722127188589,0.0
2,PPI_FINISHED_CONSUMER_GOODS__2016-03__PPIFCG__to__WPSFD49502,PPI_FINISHED_CONSUMER_GOODS,2016-03,PPIFCG,WPSFD49502,adjacent_vintage_bridge,2016-02,2016-03,1961-03-01,-0.011799444254377178,-0.011799444254377178,0.0
2,PPI_FINISHED_CONSUMER_GOODS__2016-03__PPIFCG__to__WPSFD49502,PPI_FINISHED_CONSUMER_GOODS,2016-03,PPIFCG,WPSFD49502,adjacent_vintage_bridge,2016-02,2016-03,1961-04-01,-3.501339262568237e-05,-3.501339262568237e-05,0.0
2,PPI_FINISHED_CONSUMER_GOODS__2016-03__PPIFCG__to__WPSFD49502,PPI_FINISHED_CONSUMER_GOODS,2016-03,PPIFCG,WPSFD49502,adjacent_vintage_bridge,2016-02,2016-03,1961-05-01,-3.543146668993913e-05,-3.543146668993913e-05,0.0
2,PPI_FINISHED_CONSUMER_GOODS__2016-03__PPIFCG__to__WPSFD49502,PPI_FINISHED_CONSUMER_GOODS,2016-03,PPIFCG,WPSFD49502,adjacent_vintage_bridge,2016-02,2016-03,1961-06-01,0.005970166986504211,0.005970166986504211,0.0
2,PPI_FINISHED_CONSUMER_GOODS__2016-03__PPIFCG__to__WPSFD49502,PPI_FINISHED_CONSUMER_GOODS,2016-03,PPIFCG,WPSFD49502,adjacent_vintage_bridge,2016-02,2016-03,1961-07-01,0.00298953884836628,0.00298953884836628,0.0
2,PPI_FINISHED_CONSUMER_GOODS__2016-03__PPIFCG__to__WPSFD49502,PPI_FINISHED_CONSUMER_GOODS,2016-03,PPIFCG,WPSFD49502,adjacent_vintage_bridge,2016-02,2016-03,1961-08-01,-0.00298953884836628,-0.00298953884836628,0.0
2,PPI_FINISHED_CONSUMER_GOODS__2016-03__PPIFCG__to__WPSFD49502,PPI_FINISHED_CONSUMER_GOODS,2016-03,PPIFCG,WPSFD49502,adjacent_vintage_bridge,2016-02,2016-03,1961-09-01,0.0,0.0,0.0
2,PPI_FINISHED_CONSUMER_GOODS__2016-03__PPIFCG__to__WPSFD49502,PPI_FINISHED_CONSUMER_GOODS,2016-03,PPIFCG,WPSFD49502,adjacent_vintage_bridge,2016-02,2016-03,1961-10-01,-0.00298953884836628,-0.00298953884836628,0.0
2,PPI_FINISHED_CONSUMER_GOODS__2016-03__PPIFCG__to__WPSFD49502,PPI_FINISHED_CONSUMER_GOODS,2016-03,PPIFCG,WPSFD49502,adjacent_vintage_bridge,2016-02,2016-03,1961-11-01,0.00597907769673256,0.00597907769673256,0.0
2,PPI_FINISHED_CONSUMER_GOODS__2016-03__PPIFCG__to__WPSFD49502,PPI_FINISHED_CONSUMER_GOODS,2016-03,PPIFCG,WPSFD49502,adjacent_vintage_bridge,2016-02,2016-03,1961-12-01,-8.910710228349217e-06,-8.910710228349217e-06,0.0
2,PPI_FINISHED_CONSUMER_GOODS__2016-03__PPIFCG__to__WPSFD49502,PPI_FINISHED_CONSUMER_GOODS,2016-03,PPIFCG,WPSFD49502,adjacent_vintage_bridge,2016-02,2016-03,1962-01-01,-8.857748980517499e-06,-8.857748980517499e-06,0.0
2,PPI_FINISHED_CONSUMER_GOODS__2016-03__PPIFCG__to__WPSFD49502,PPI_FINISHED_CONSUMER_GOODS,2016-03,PPIFCG,WPSFD49502,adjacent_vintage_bridge,2016-02,2016-03,1962-02-01,-8.805258500554913e-06,-8.805258500554913e-06,0.0
2,PPI_FINISHED_CONSUMER_GOODS__2016-03__PPIFCG__to__WPSFD49502,PPI_FINISHED_CONSUMER_GOODS,2016-03,PPIFCG,WPSFD49502,adjacent_vintage_bridge,2016-02,2016-03,1962-03-01,-0.005925930261313717,-0.005925930261313717,0.0
2,PPI_FINISHED_CONSUMER_GOODS__2016-03__PPIFCG__to__WPSFD49502,PPI_FINISHED_CONSUMER_GOODS,2016-03,PPIFCG,WPSFD49502,adjacent_vintage_bridge,2016-02,2016-03,1962-04-01,-8.805258500554913e-06,-8.805258500554913e-06,0.0
2,PPI_FINISHED_CONSUMER_GOODS__2016-03__PPIFCG__to__WPSFD49502,PPI_FINISHED_CONSUMER_GOODS,2016-03,PPIFCG,WPSFD49502,adjacent_vintage_bridge,2016-02,2016-03,1962-05-01,-8.857748980517499e-06,-8.857748980517499e-06,0.0
2,PPI_FINISHED_CONSUMER_GOODS__2016-03__PPIFCG__to__WPSFD49502,PPI_FINISHED_CONSUMER_GOODS,2016-03,PPIFCG,WPSFD49502,adjacent_vintage_bridge,2016-02,2016-03,1962-06-01,0.0029806281381379307,0.0029806281381379307,0.0
2,PPI_FINISHED_CONSUMER_GOODS__2016-03__PPIFCG__to__WPSFD49502,PPI_FINISHED_CONSUMER_GOODS,2016-03,PPIFCG,WPSFD49502,adjacent_vintage_bridge,2016-02,2016-03,1962-07-01,-0.00298953884836628,-0.00298953884836628,0.0
2,PPI_FINISHED_CONSUMER_GOODS__2016-03__PPIFCG__to__WPSFD49502,PPI_FINISHED_CONSUMER_GOODS,2016-03,PPIFCG,WPSFD49502,adjacent_vintage_bridge,2016-02,2016-03,1962-08-01,0.00895970583487049,0.00895970583487049,0.0
2,PPI_FINISHED_CONSUMER_GOODS__2016-03__PPIFCG__to__WPSFD49502,PPI_FINISHED_CONSUMER_GOODS,2016-03,PPIFCG,WPSFD49502,adjacent_vintage_bridge,2016-02,2016-03,1962-09-01,0.00586429066049865,0.00586429066049865,0.0
2,PPI_FINISHED_CONSUMER_GOODS__2016-03__PPIFCG__to__WPSFD49502,PPI_FINISHED_CONSUMER_GOODS,2016-03,PPIFCG,WPSFD49502,adjacent_vintage_bridge,2016-02,2016-03,1962-10-01,-0.020697144904848308,-0.020697144904848308,0.0
2,PPI_FINISHED_CONSUMER_GOODS__2016-03__PPIFCG__to__WPSFD49502,PPI_FINISHED_CONSUMER_GOODS,2016-03,PPIFCG,WPSFD49502,adjacent_vintage_bridge,2016-02,2016-03,1962-11-01,0.011825652388502306,0.011825652388502306,0.0
2,PPI_FINISHED_CONSUMER_GOODS__2016-03__PPIFCG__to__WPSFD49502,PPI_FINISHED_CONSUMER_GOODS,2016-03,PPIFCG,WPSFD49502,adjacent_vintage_bridge,2016-02,2016-03,1962-12-01,-0.00889770065047113,-0.00889770065047113,0.0
2,PPI_FINISHED_CONSUMER_GOODS__2016-03__PPIFCG__to__WPSFD49502,PPI_FINISHED_CONSUMER_GOODS,2016-03,PPIFCG,WPSFD49502,adjacent_vintage_bridge,2016-02,2016-03,1963-01-01,0.0059347355198142715,0.0059347355198142715,0.0
2,PPI_FINISHED_CONSUMER_GOODS__2016-03__PPIFCG__to__WPSFD49502,PPI_FINISHED_CONSUMER_GOODS,2016-03,PPIFCG,WPSFD49502,adjacent_vintage_bridge,2016-02,2016-03,1963-02-01,0.0,0.0,0.0
2,PPI_FINISHED_CONSUMER_GOODS__2016-03__PPIFCG__to__WPSFD49502,PPI_FINISHED_CONSUMER_GOODS,2016-03,PPIFCG,WPSFD49502,adjacent_vintage_bridge,2016-02,2016-03,1963-03-01,-0.00896866998276069,-0.00896866998276069,0.0
2,PPI_FINISHED_CONSUMER_GOODS__2016-03__PPIFCG__to__WPSFD49502,PPI_FINISHED_CONSUMER_GOODS,2016-03,PPIFCG,WPSFD49502,adjacent_vintage_bridge,2016-02,2016-03,1963-04-01,0.00896866998276069,0.00896866998276069,0.0
2,PPI_FINISHED_CONSUMER_GOODS__2016-03__PPIFCG__to__WPSFD49502,PPI_FINISHED_CONSUMER_GOODS,2016-03,PPIFCG,WPSFD49502,adjacent_vintage_bridge,2016-02,2016-03,1963-05-01,0.00598804184462276,0.00598804184462276,0.0
2,PPI_FINISHED_CONSUMER_GOODS__2016-03__PPIFCG__to__WPSFD49502,PPI_FINISHED_CONSUMER_GOODS,2016-03,PPIFCG,WPSFD49502,adjacent_vintage_bridge,2016-02,2016-03,1963-06-01,-0.0030074137064848294,-0.0030074137064848294,0.0
2,PPI_FINISHED_CONSUMER_GOODS__2016-03__PPIFCG__to__WPSFD49502,PPI_FINISHED_CONSUMER_GOODS,2016-03,PPIFCG,WPSFD49502,adjacent_vintage_bridge,2016-02,2016-03,1963-07-01,-0.0029806281381379307,-0.0029806281381379307,0.0
2,PPI_FINISHED_CONSUMER_GOODS__2016-03__PPIFCG__to__WPSFD49502,PPI_FINISHED_CONSUMER_GOODS,2016-03,PPIFCG,WPSFD49502,adjacent_vintage_bridge,2016-02,2016-03,1963-08-01,-0.0029806281381379307,-0.0029806281381379307,0.0
2,PPI_FINISHED_CONSUMER_GOODS__2016-03__PPIFCG__to__WPSFD49502,PPI_FINISHED_CONSUMER_GOODS,2016-03,PPIFCG,WPSFD49502,adjacent_vintage_bridge,2016-02,2016-03,1963-09-01,0.0029806281381379307,0.0029806281381379307,0.0
2,PPI_FINISHED_CONSUMER_GOODS__2016-03__PPIFCG__to__WPSFD49502,PPI_FINISHED_CONSUMER_GOODS,2016-03,PPIFCG,WPSFD49502,adjacent_vintage_bridge,2016-02,2016-03,1963-10-01,0.0029806281381379307,0.0029806281381379307,0.0
2,PPI_FINISHED_CONSUMER_GOODS__2016-03__PPIFCG__to__WPSFD49502,PPI_FINISHED_CONSUMER_GOODS,2016-03,PPIFCG,WPSFD49502,adjacent_vintage_bridge,2016-02,2016-03,1963-11-01,-0.005961256276275861,-0.005961256276275861,0.0
2,PPI_FINISHED_CONSUMER_GOODS__2016-03__PPIFCG__to__WPSFD49502,PPI_FINISHED_CONSUMER_GOODS,2016-03,PPIFCG,WPSFD49502,adjacent_vintage_bridge,2016-02,2016-03,1963-12-01,0.0029806281381379307,0.0029806281381379307,0.0
2,PPI_FINISHED_CONSUMER_GOODS__2016-03__PPIFCG__to__WPSFD49502,PPI_FINISHED_CONSUMER_GOODS,2016-03,PPIFCG,WPSFD49502,adjacent_vintage_bridge,2016-02,2016-03,1964-01-01,0.005952398527295344,0.005952398527295344,0.0
2,PPI_FINISHED_CONSUMER_GOODS__2016-03__PPIFCG__to__WPSFD49502,PPI_FINISHED_CONSUMER_GOODS,2016-03,PPIFCG,WPSFD49502,adjacent_vintage_bridge,2016-02,2016-03,1964-02-01,-0.014894335902956968,-0.014894335902956968,0.0
2,PPI_FINISHED_CONSUMER_GOODS__2016-03__PPIFCG__to__WPSFD49502,PPI_FINISHED_CONSUMER_GOODS,2016-03,PPIFCG,WPSFD49502,adjacent_vintage_bridge,2016-02,2016-03,1964-03-01,0.011931476224027904,0.011931476224027904,0.0
2,PPI_FINISHED_CONSUMER_GOODS__2016-03__PPIFCG__to__WPSFD49502,PPI_FINISHED_CONSUMER_GOODS,2016-03,PPIFCG,WPSFD49502,adjacent_vintage_bridge,2016-02,2016-03,1964-04-01,-0.00597907769673256,-0.00597907769673256,0.0
2,PPI_FINISHED_CONSUMER_GOODS__2016-03__PPIFCG__to__WPSFD49502,PPI_FINISHED_CONSUMER_GOODS,2016-03,PPIFCG,WPSFD49502,adjacent_vintage_bridge,2016-02,2016-03,1964-05-01,0.00298953884836628,0.00298953884836628,0.0
2,PPI_FINISHED_CONSUMER_GOODS__2016-03__PPIFCG__to__WPSFD49502,PPI_FINISHED_CONSUMER_GOODS,2016-03,PPIFCG,WPSFD49502,adjacent_vintage_bridge,2016-02,2016-03,1964-06-01,0.00298953884836628,0.00298953884836628,0.0
2,PPI_FINISHED_CONSUMER_GOODS__2016-03__PPIFCG__to__WPSFD49502,PPI_FINISHED_CONSUMER_GOODS,2016-03,PPIFCG,WPSFD49502,adjacent_vintage_bridge,2016-02,2016-03,1964-07-01,-8.910710228349217e-06,-8.910710228349217e-06,0.0
2,PPI_FINISHED_CONSUMER_GOODS__2016-03__PPIFCG__to__WPSFD49502,PPI_FINISHED_CONSUMER_GOODS,2016-03,PPIFCG,WPSFD49502,adjacent_vintage_bridge,2016-02,2016-03,1964-08-01,-0.0029806281381379307,-0.0029806281381379307,0.0
2,PPI_FINISHED_CONSUMER_GOODS__2016-03__PPIFCG__to__WPSFD49502,PPI_FINISHED_CONSUMER_GOODS,2016-03,PPIFCG,WPSFD49502,adjacent_vintage_bridge,2016-02,2016-03,1964-09-01,0.0,0.0,0.0
2,PPI_FINISHED_CONSUMER_GOODS__2016-03__PPIFCG__to__WPSFD49502,PPI_FINISHED_CONSUMER_GOODS,2016-03,PPIFCG,WPSFD49502,adjacent_vintage_bridge,2016-02,2016-03,1964-10-01,0.002971770389157413,0.002971770389157413,0.0
2,PPI_FINISHED_CONSUMER_GOODS__2016-03__PPIFCG__to__WPSFD49502,PPI_FINISHED_CONSUMER_GOODS,2016-03,PPIFCG,WPSFD49502,adjacent_vintage_bridge,2016-02,2016-03,1964-11-01,-0.005943540778314826,-0.005943540778314826,0.0
2,PPI_FINISHED_CONSUMER_GOODS__2016-03__PPIFCG__to__WPSFD49502,PPI_FINISHED_CONSUMER_GOODS,2016-03,PPIFCG,WPSFD49502,adjacent_vintage_bridge,2016-02,2016-03,1964-12-01,-8.857748980517499e-06,-8.857748980517499e-06,0.0
2,PPI_FINISHED_CONSUMER_GOODS__2016-03__PPIFCG__to__WPSFD49502,PPI_FINISHED_CONSUMER_GOODS,2016-03,PPIFCG,WPSFD49502,adjacent_vintage_bridge,2016-02,2016-03,1965-01-01,0.008933026665433275,0.008933026665433275,0.0
2,PPI_FINISHED_CONSUMER_GOODS__2016-03__PPIFCG__to__WPSFD49502,PPI_FINISHED_CONSUMER_GOODS,2016-03,PPIFCG,WPSFD49502,adjacent_vintage_bridge,2016-02,2016-03,1965-02-01,-0.005952398527295344,-0.005952398527295344,0.0
2,PPI_FINISHED_CONSUMER_GOODS__2016-03__PPIFCG__to__WPSFD49502,PPI_FINISHED_CONSUMER_GOODS,2016-03,PPIFCG,WPSFD49502,adjacent_vintage_bridge,2016-02,2016-03,1965-03-01,0.0,0.0,0.0
2,PPI_FINISHED_CONSUMER_GOODS__2016-03__PPIFCG__to__WPSFD49502,PPI_FINISHED_CONSUMER_GOODS,2016-03,PPIFCG,WPSFD49502,adjacent_vintage_bridge,2016-02,2016-03,1965-04-01,0.008862687257845447,0.008862687257845447,0.0
2,PPI_FINISHED_CONSUMER_GOODS__2016-03__PPIFCG__to__WPSFD49502,PPI_FINISHED_CONSUMER_GOODS,2016-03,PPIFCG,WPSFD49502,adjacent_vintage_bridge,2016-02,2016-03,1965-05-01,-0.00592582758453597,-0.00592582758453597,0.0
2,PPI_FINISHED_CONSUMER_GOODS__2016-03__PPIFCG__to__WPSFD49502,PPI_FINISHED_CONSUMER_GOODS,2016-03,PPIFCG,WPSFD49502,adjacent_vintage_bridge,2016-02,2016-03,1965-06-01,0.002911110209113499,0.002911110209113499,0.0
2,PPI_FINISHED_CONSUMER_GOODS__2016-03__PPIFCG__to__WPSFD49502,PPI_FINISHED_CONSUMER_GOODS,2016-03,PPIFCG,WPSFD49502,adjacent_vintage_bridge,2016-02,2016-03,1965-07-01,-0.0058479698824229764,-0.0058479698824229764,0.0
2,PPI_FINISHED_CONSUMER_GOODS__2016-03__PPIFCG__to__WPSFD49502,PPI_FINISHED_CONSUMER_GOODS,2016-03,PPIFCG,WPSFD49502,adjacent_vintage_bridge,2016-02,2016-03,1965-08-01,0.0,0.0,0.0
2,PPI_FINISHED_CONSUMER_GOODS__2016-03__PPIFCG__to__WPSFD49502,PPI_FINISHED_CONSUMER_GOODS,2016-03,PPIFCG,WPSFD49502,adjacent_vintage_bridge,2016-02,2016-03,1965-09-01,0.0,0.0,0.0
2,PPI_FINISHED_CONSUMER_GOODS__2016-03__PPIFCG__to__WPSFD49502,PPI_FINISHED_CONSUMER_GOODS,2016-03,PPIFCG,WPSFD49502,adjacent_vintage_bridge,2016-02,2016-03,1965-10-01,0.005813969865420265,0.005813969865420265,0.0
2,PPI_FINISHED_CONSUMER_GOODS__2016-03__PPIFCG__to__WPSFD49502,PPI_FINISHED_CONSUMER_GOODS,2016-03,PPIFCG,WPSFD49502,adjacent_vintage_bridge,2016-02,2016-03,1965-11-01,-3.360694992116109e-05,-3.360694992116109e-05,0.0
2,PPI_FINISHED_CONSUMER_GOODS__2016-03__PPIFCG__to__WPSFD49502,PPI_FINISHED_CONSUMER_GOODS,2016-03,PPIFCG,WPSFD49502,adjacent_vintage_bridge,2016-02,2016-03,1965-12-01,-3.32206599309437e-05,-3.32206599309437e-05,0.0
2,PPI_FINISHED_CONSUMER_GOODS__2016-03__PPIFCG__to__WPSFD49502,PPI_FINISHED_CONSUMER_GOODS,2016-03,PPIFCG,WPSFD49502,adjacent_vintage_bridge,2016-02,2016-03,1966-01-01,-0.002885909974536194,-0.002885909974536194,0.0
2,PPI_FINISHED_CONSUMER_GOODS__2016-03__PPIFCG__to__WPSFD49502,PPI_FINISHED_CONSUMER_GOODS,2016-03,PPIFCG,WPSFD49502,adjacent_vintage_bridge,2016-02,2016-03,1966-02-01,0.0056736701688056,0.0056736701688056,0.0
2,PPI_FINISHED_CONSUMER_GOODS__2016-03__PPIFCG__to__WPSFD49502,PPI_FINISHED_CONSUMER_GOODS,2016-03,PPIFCG,WPSFD49502,adjacent_vintage_bridge,2016-02,2016-03,1966-03-01,-0.008534902449837567,-0.008534902449837567,0.0
2,PPI_FINISHED_CONSUMER_GOODS__2016-03__PPIFCG__to__WPSFD49502,PPI_FINISHED_CONSUMER_GOODS,2016-03,PPIFCG,WPSFD49502,adjacent_vintage_bridge,2016-02,2016-03,1966-04-01,0.0,0.0,0.0
2,PPI_FINISHED_CONSUMER_GOODS__2016-03__PPIFCG__to__WPSFD49502,PPI_FINISHED_CONSUMER_GOODS,2016-03,PPIFCG,WPSFD49502,adjacent_vintage_bridge,2016-02,2016-03,1966-05-01,-0.00283688133519977,-0.00283688133519977,0.0
2,PPI_FINISHED_CONSUMER_GOODS__2016-03__PPIFCG__to__WPSFD49502,PPI_FINISHED_CONSUMER_GOODS,2016-03,PPIFCG,WPSFD49502,adjacent_vintage_bridge,2016-02,2016-03,1966-06-01,-8.070797031578536e-06,-8.070797031578536e-06,0.0
2,PPI_FINISHED_CONSUMER_GOODS__2016-03__PPIFCG__to__WPSFD49502,PPI_FINISHED_CONSUMER_GOODS,2016-03,PPIFCG,WPSFD49502,adjacent_vintage_bridge,2016-02,2016-03,1966-07-01,0.005689904264462697,0.005689904264462697,0.0
2,PPI_FINISHED_CONSUMER_GOODS__2016-03__PPIFCG__to__WPSFD49502,PPI_FINISHED_CONSUMER_GOODS,2016-03,PPIFCG,WPSFD49502,adjacent_vintage_bridge,2016-02,2016-03,1966-08-01,0.00845460312170232,0.00845460312170232,0.0
2,PPI_FINISHED_CONSUMER_GOODS__2016-03__PPIFCG__to__WPSFD49502,PPI_FINISHED_CONSUMER_GOODS,2016-03,PPIFCG,WPSFD49502,adjacent_vintage_bridge,2016-02,2016-03,1966-09-01,-0.00849450432632537,-0.00849450432632537,0.0
2,PPI_FINISHED_CONSUMER_GOODS__2016-03__PPIFCG__to__WPSFD49502,PPI_FINISHED_CONSUMER_GOODS,2016-03,PPIFCG,WPSFD49502,adjacent_vintage_bridge,2016-02,2016-03,1966-10-01,-0.002805050927608299,-0.002805050927608299,0.0
2,PPI_FINISHED_CONSUMER_GOODS__2016-03__PPIFCG__to__WPSFD49502,PPI_FINISHED_CONSUMER_GOODS,2016-03,PPIFCG,WPSFD49502,adjacent_vintage_bridge,2016-02,2016-03,1966-11-01,-0.002805050927608299,-0.002805050927608299,0.0
2,PPI_FINISHED_CONSUMER_GOODS__2016-03__PPIFCG__to__WPSFD49502,PPI_FINISHED_CONSUMER_GOODS,2016-03,PPIFCG,WPSFD49502,adjacent_vintage_bridge,2016-02,2016-03,1966-12-01,-0.0028287667906479186,-0.0028287667906479186,0.0
2,PPI_FINISHED_CONSUMER_GOODS__2016-03__PPIFCG__to__WPSFD49502,PPI_FINISHED_CONSUMER_GOODS,2016-03,PPIFCG,WPSFD49502,adjacent_vintage_bridge,2016-02,2016-03,1967-01-01,0.005633817718256218,0.005633817718256218,0.0
2,PPI_FINISHED_CONSUMER_GOODS__2016-03__PPIFCG__to__WPSFD49502,PPI_FINISHED_CONSUMER_GOODS,2016-03,PPIFCG,WPSFD49502,adjacent_vintage_bridge,2016-02,2016-03,1967-02-01,-0.0028288562004776807,-0.0028288562004776807,0.0
2,PPI_FINISHED_CONSUMER_GOODS__2016-03__PPIFCG__to__WPSFD49502,PPI_FINISHED_CONSUMER_GOODS,2016-03,PPIFCG,WPSFD49502,adjacent_vintage_bridge,2016-02,2016-03,1967-03-01,-8.025134722089433e-06,-8.025134722089433e-06,0.0
2,PPI_FINISHED_CONSUMER_GOODS__2016-03__PPIFCG__to__WPSFD49502,PPI_FINISHED_CONSUMER_GOODS,2016-03,PPIFCG,WPSFD49502,adjacent_vintage_bridge,2016-02,2016-03,1967-04-01,0.00567376267039954,0.00567376267039954,0.0
2,PPI_FINISHED_CONSUMER_GOODS__2016-03__PPIFCG__to__WPSFD49502,PPI_FINISHED_CONSUMER_GOODS,2016-03,PPIFCG,WPSFD49502,adjacent_vintage_bridge,2016-02,2016-03,1967-05-01,-8.025134722089433e-06,-8.025134722089433e-06,0.0
2,PPI_FINISHED_CONSUMER_GOODS__2016-03__PPIFCG__to__WPSFD49502,PPI_FINISHED_CONSUMER_GOODS,2016-03,PPIFCG,WPSFD49502,adjacent_vintage_bridge,2016-02,2016-03,1967-06-01,0.005610012445386836,0.005610012445386836,0.0
2,PPI_FINISHED_CONSUMER_GOODS__2016-03__PPIFCG__to__WPSFD49502,PPI_FINISHED_CONSUMER_GOODS,2016-03,PPIFCG,WPSFD49502,adjacent_vintage_bridge,2016-02,2016-03,1967-07-01,-0.011243919573472816,-0.011243919573472816,0.0
2,PPI_FINISHED_CONSUMER_GOODS__2016-03__PPIFCG__to__WPSFD49502,PPI_FINISHED_CONSUMER_GOODS,2016-03,PPIFCG,WPSFD49502,adjacent_vintage_bridge,2016-02,2016-03,1967-08-01,0.005610101855216598,0.005610101855216598,0.0
2,PPI_FINISHED_CONSUMER_GOODS__2016-03__PPIFCG__to__WPSFD49502,PPI_FINISHED_CONSUMER_GOODS,2016-03,PPIFCG,WPSFD49502,adjacent_vintage_bridge,2016-02,2016-03,1967-09-01,-7.846306547154569e-06,-7.846306547154569e-06,0.0
2,PPI_FINISHED_CONSUMER_GOODS__2016-03__PPIFCG__to__WPSFD49502,PPI_FINISHED_CONSUMER_GOODS,2016-03,PPIFCG,WPSFD49502,adjacent_vintage_bridge,2016-02,2016-03,1967-10-01,-0.0027972046210611445,-0.0027972046210611445,0.0
2,PPI_FINISHED_CONSUMER_GOODS__2016-03__PPIFCG__to__WPSFD49502,PPI_FINISHED_CONSUMER_GOODS,2016-03,PPIFCG,WPSFD49502,adjacent_vintage_bridge,2016-02,2016-03,1967-11-01,0.0027894020875787184,0.0027894020875787184,0.0
2,PPI_FINISHED_CONSUMER_GOODS__2016-03__PPIFCG__to__WPSFD49502,PPI_FINISHED_CONSUMER_GOODS,2016-03,PPIFCG,WPSFD49502,adjacent_vintage_bridge,2016-02,2016-03,1967-12-01,-0.0027894020875787184,-0.0027894020875787184,0.0
2,PPI_FINISHED_CONSUMER_GOODS__2016-03__PPIFCG__to__WPSFD49502,PPI_FINISHED_CONSUMER_GOODS,2016-03,PPIFCG,WPSFD49502,adjacent_vintage_bridge,2016-02,2016-03,1968-01-01,0.0,0.0,0.0
2,PPI_FINISHED_CONSUMER_GOODS__2016-03__PPIFCG__to__WPSFD49502,PPI_FINISHED_CONSUMER_GOODS,2016-03,PPIFCG,WPSFD49502,adjacent_vintage_bridge,2016-02,2016-03,1968-02-01,0.005555569844601926,0.005555569844601926,0.0
2,PPI_FINISHED_CONSUMER_GOODS__2016-03__PPIFCG__to__WPSFD49502,PPI_FINISHED_CONSUMER_GOODS,2016-03,PPIFCG,WPSFD49502,adjacent_vintage_bridge,2016-02,2016-03,1968-03-01,-0.002789316351711424,-0.002789316351711424,0.0
2,PPI_FINISHED_CONSUMER_GOODS__2016-03__PPIFCG__to__WPSFD49502,PPI_FINISHED_CONSUMER_GOODS,2016-03,PPIFCG,WPSFD49502,adjacent_vintage_bridge,2016-02,2016-03,1968-04-01,0.0027434023180790135,0.0027434023180790135,0.0
2,PPI_FINISHED_CONSUMER_GOODS__2016-03__PPIFCG__to__WPSFD49502,PPI_FINISHED_CONSUMER_GOODS,2016-03,PPIFCG,WPSFD49502,adjacent_vintage_bridge,2016-02,2016-03,1968-05-01,-0.005509655810969516,-0.005509655810969516,0.0
2,PPI_FINISHED_CONSUMER_GOODS__2016-03__PPIFCG__to__WPSFD49502,PPI_FINISHED_CONSUMER_GOODS,2016-03,PPIFCG,WPSFD49502,adjacent_vintage_bridge,2016-02,2016-03,1968-06-01,0.002743485945750912,0.002743485945750912,0.0
2,PPI_FINISHED_CONSUMER_GOODS__2016-03__PPIFCG__to__WPSFD49502,PPI_FINISHED_CONSUMER_GOODS,2016-03,PPIFCG,WPSFD49502,adjacent_vintage_bridge,2016-02,2016-03,1968-07-01,-7.5061268764997635e-06,-7.5061268764997635e-06,0.0
2,PPI_FINISHED_CONSUMER_GOODS__2016-03__PPIFCG__to__WPSFD49502,PPI_FINISHED_CONSUMER_GOODS,2016-03,PPIFCG,WPSFD49502,adjacent_vintage_bridge,2016-02,2016-03,1968-08-01,-7.4651656700730484e-06,-7.4651656700730484e-06,0.0
2,PPI_FINISHED_CONSUMER_GOODS__2016-03__PPIFCG__to__WPSFD49502,PPI_FINISHED_CONSUMER_GOODS,2016-03,PPIFCG,WPSFD49502,adjacent_vintage_bridge,2016-02,2016-03,1968-09-01,0.002706281332752525,0.002706281332752525,0.0
2,PPI_FINISHED_CONSUMER_GOODS__2016-03__PPIFCG__to__WPSFD49502,PPI_FINISHED_CONSUMER_GOODS,2016-03,PPIFCG,WPSFD49502,adjacent_vintage_bridge,2016-02,2016-03,1968-10-01,-0.0027284343882141293,-0.0027284343882141293,0.0
2,PPI_FINISHED_CONSUMER_GOODS__2016-03__PPIFCG__to__WPSFD49502,PPI_FINISHED_CONSUMER_GOODS,2016-03,PPIFCG,WPSFD49502,adjacent_vintage_bridge,2016-02,2016-03,1968-11-01,-0.0027063615977427347,-0.0027063615977427347,0.0
2,PPI_FINISHED_CONSUMER_GOODS__2016-03__PPIFCG__to__WPSFD49502,PPI_FINISHED_CONSUMER_GOODS,2016-03,PPIFCG,WPSFD49502,adjacent_vintage_bridge,2016-02,2016-03,1968-12-01,0.0,0.0,0.0
2,PPI_FINISHED_CONSUMER_GOODS__2016-03__PPIFCG__to__WPSFD49502,PPI_FINISHED_CONSUMER_GOODS,2016-03,PPIFCG,WPSFD49502,adjacent_vintage_bridge,2016-02,2016-03,1969-01-01,0.005390848634876821,0.005390848634876821,0.0
2,PPI_FINISHED_CONSUMER_GOODS__2016-03__PPIFCG__to__WPSFD49502,PPI_FINISHED_CONSUMER_GOODS,2016-03,PPIFCG,WPSFD49502,adjacent_vintage_bridge,2016-02,2016-03,1969-02-01,-0.008082640300588473,-0.008082640300588473,0.0
2,PPI_FINISHED_CONSUMER_GOODS__2016-03__PPIFCG__to__WPSFD49502,PPI_FINISHED_CONSUMER_GOODS,2016-03,PPIFCG,WPSFD49502,adjacent_vintage_bridge,2016-02,2016-03,1969-03-01,0.008068148702091715,0.008068148702091715,0.0
2,PPI_FINISHED_CONSUMER_GOODS__2016-03__PPIFCG__to__WPSFD49502,PPI_FINISHED_CONSUMER_GOODS,2016-03,PPIFCG,WPSFD49502,adjacent_vintage_bridge,2016-02,2016-03,1969-04-01,-2.8750709784475248e-05,-2.8750709784475248e-05,0.0
2,PPI_FINISHED_CONSUMER_GOODS__2016-03__PPIFCG__to__WPSFD49502,PPI_FINISHED_CONSUMER_GOODS,2016-03,PPIFCG,WPSFD49502,adjacent_vintage_bridge,2016-02,2016-03,1969-05-01,0.002620563322581315,0.002620563322581315,0.0
2,PPI_FINISHED_CONSUMER_GOODS__2016-03__PPIFCG__to__WPSFD49502,PPI_FINISHED_CONSUMER_GOODS,2016-03,PPIFCG,WPSFD49502,adjacent_vintage_bridge,2016-02,2016-03,1969-06-01,-0.0026911125483333187,-0.0026911125483333187,0.0
2,PPI_FINISHED_CONSUMER_GOODS__2016-03__PPIFCG__to__WPSFD49502,PPI_FINISHED_CONSUMER_GOODS,2016-03,PPIFCG,WPSFD49502,adjacent_vintage_bridge,2016-02,2016-03,1969-07-01,-0.005277057100843585,-0.005277057100843585,0.0
2,PPI_FINISHED_CONSUMER_GOODS__2016-03__PPIFCG__to__WPSFD49502,PPI_FINISHED_CONSUMER_GOODS,2016-03,PPIFCG,WPSFD49502,adjacent_vintage_bridge,2016-02,2016-03,1969-08-01,0.0026281224062696396,0.0026281224062696396,0.0
2,PPI_FINISHED_CONSUMER_GOODS__2016-03__PPIFCG__to__WPSFD49502,PPI_FINISHED_CONSUMER_GOODS,2016-03,PPIFCG,WPSFD49502,adjacent_vintage_bridge,2016-02,2016-03,1969-09-01,-6.888926395554051e-06,-6.888926395554051e-06,0.0
2,PPI_FINISHED_CONSUMER_GOODS__2016-03__PPIFCG__to__WPSFD49502,PPI_FINISHED_CONSUMER_GOODS,2016-03,PPIFCG,WPSFD49502,adjacent_vintage_bridge,2016-02,2016-03,1969-10-01,0.005201492201335256,0.005201492201335256,0.0
2,PPI_FINISHED_CONSUMER_GOODS__2016-03__PPIFCG__to__WPSFD49502,PPI_FINISHED_CONSUMER_GOODS,2016-03,PPIFCG,WPSFD49502,adjacent_vintage_bridge,2016-02,2016-03,1969-11-01,-6.072034572035534e-05,-6.072034572035534e-05,0.0
2,PPI_FINISHED_CONSUMER_GOODS__2016-03__PPIFCG__to__WPSFD49502,PPI_FINISHED_CONSUMER_GOODS,2016-03,PPIFCG,WPSFD49502,adjacent_vintage_bridge,2016-02,2016-03,1969-12-01,-0.007762005335488986,-0.007762005335488986,0.0
2,PPI_FINISHED_CONSUMER_GOODS__2016-03__PPIFCG__to__WPSFD49502,PPI_FINISHED_CONSUMER_GOODS,2016-03,PPIFCG,WPSFD49502,adjacent_vintage_bridge,2016-02,2016-03,1970-01-01,0.005141399500418586,0.005141399500418586,0.0
2,PPI_FINISHED_CONSUMER_GOODS__2016-03__PPIFCG__to__WPSFD49502,PPI_FINISHED_CONSUMER_GOODS,2016-03,PPIFCG,WPSFD49502,adjacent_vintage_bridge,2016-02,2016-03,1970-02-01,-0.007708795005664459,-0.007708795005664459,0.0
2,PPI_FINISHED_CONSUMER_GOODS__2016-03__PPIFCG__to__WPSFD49502,PPI_FINISHED_CONSUMER_GOODS,2016-03,PPIFCG,WPSFD49502,adjacent_vintage_bridge,2016-02,2016-03,1970-03-01,0.005134791010491746,0.005134791010491746,0.0
2,PPI_FINISHED_CONSUMER_GOODS__2016-03__PPIFCG__to__WPSFD49502,PPI_FINISHED_CONSUMER_GOODS,2016-03,PPIFCG,WPSFD49502,adjacent_vintage_bridge,2016-02,2016-03,1970-04-01,-0.002567395505245873,-0.002567395505245873,0.0
2,PPI_FINISHED_CONSUMER_GOODS__2016-03__PPIFCG__to__WPSFD49502,PPI_FINISHED_CONSUMER_GOODS,2016-03,PPIFCG,WPSFD49502,adjacent_vintage_bridge,2016-02,2016-03,1970-05-01,-0.002567395505245873,-0.002567395505245873,0.0
2,PPI_FINISHED_CONSUMER_GOODS__2016-03__PPIFCG__to__WPSFD49502,PPI_FINISHED_CONSUMER_GOODS,2016-03,PPIFCG,WPSFD49502,adjacent_vintage_bridge,2016-02,2016-03,1970-06-01,0.005134791010491746,0.005134791010491746,0.0
2,PPI_FINISHED_CONSUMER_GOODS__2016-03__PPIFCG__to__WPSFD49502,PPI_FINISHED_CONSUMER_GOODS,2016-03,PPIFCG,WPSFD49502,adjacent_vintage_bridge,2016-02,2016-03,1970-07-01,-0.002567395505245873,-0.002567395505245873,0.0
2,PPI_FINISHED_CONSUMER_GOODS__2016-03__PPIFCG__to__WPSFD49502,PPI_FINISHED_CONSUMER_GOODS,2016-03,PPIFCG,WPSFD49502,adjacent_vintage_bridge,2016-02,2016-03,1970-08-01,0.0,0.0,0.0
2,PPI_FINISHED_CONSUMER_GOODS__2016-03__PPIFCG__to__WPSFD49502,PPI_FINISHED_CONSUMER_GOODS,2016-03,PPIFCG,WPSFD49502,adjacent_vintage_bridge,2016-02,2016-03,1970-09-01,0.010204170174241689,0.010204170174241689,0.0
2,PPI_FINISHED_CONSUMER_GOODS__2016-03__PPIFCG__to__WPSFD49502,PPI_FINISHED_CONSUMER_GOODS,2016-03,PPIFCG,WPSFD49502,adjacent_vintage_bridge,2016-02,2016-03,1970-10-01,-0.012745467602914395,-0.012745467602914395,0.0
2,PPI_FINISHED_CONSUMER_GOODS__2016-03__PPIFCG__to__WPSFD49502,PPI_FINISHED_CONSUMER_GOODS,2016-03,PPIFCG,WPSFD49502,adjacent_vintage_bridge,2016-02,2016-03,1970-11-01,0.007617450460533526,0.007617450460533526,0.0
2,PPI_FINISHED_CONSUMER_GOODS__2016-03__PPIFCG__to__WPSFD49502,PPI_FINISHED_CONSUMER_GOODS,2016-03,PPIFCG,WPSFD49502,adjacent_vintage_bridge,2016-02,2016-03,1970-12-01,-0.0076110086350489325,-0.0076110086350489325,0.0
2,PPI_FINISHED_CONSUMER_GOODS__2016-03__PPIFCG__to__WPSFD49502,PPI_FINISHED_CONSUMER_GOODS,2016-03,PPIFCG,WPSFD49502,adjacent_vintage_bridge,2016-02,2016-03,1971-01-01,0.005069711206376226,0.005069711206376226,0.0
2,PPI_FINISHED_CONSUMER_GOODS__2016-03__PPIFCG__to__WPSFD49502,PPI_FINISHED_CONSUMER_GOODS,2016-03,PPIFCG,WPSFD49502,adjacent_vintage_bridge,2016-02,2016-03,1971-02-01,0.00251566018288063,0.00251566018288063,0.0
2,PPI_FINISHED_CONSUMER_GOODS__2016-03__PPIFCG__to__WPSFD49502,PPI_FINISHED_CONSUMER_GOODS,2016-03,PPIFCG,WPSFD49502,adjacent_vintage_bridge,2016-02,2016-03,1971-03-01,-0.0025347911888218277,-0.0025347911888218277,0.0
2,PPI_FINISHED_CONSUMER_GOODS__2016-03__PPIFCG__to__WPSFD49502,PPI_FINISHED_CONSUMER_GOODS,2016-03,PPIFCG,WPSFD49502,adjacent_vintage_bridge,2016-02,2016-03,1971-04-01,0.0024968172262975763,0.0024968172262975763,0.0
2,PPI_FINISHED_CONSUMER_GOODS__2016-03__PPIFCG__to__WPSFD49502,PPI_FINISHED_CONSUMER_GOODS,2016-03,PPIFCG,WPSFD49502,adjacent_vintage_bridge,2016-02,2016-03,1971-05-01,-0.0025156616249573105,-0.0025156616249573105,0.0
2,PPI_FINISHED_CONSUMER_GOODS__2016-03__PPIFCG__to__WPSFD49502,PPI_FINISHED_CONSUMER_GOODS,2016-03,PPIFCG,WPSFD49502,adjacent_vintage_bridge,2016-02,2016-03,1971-06-01,0.002478254441526495,0.002478254441526495,0.0
2,PPI_FINISHED_CONSUMER_GOODS__2016-03__PPIFCG__to__WPSFD49502,PPI_FINISHED_CONSUMER_GOODS,2016-03,PPIFCG,WPSFD49502,adjacent_vintage_bridge,2016-02,2016-03,1971-07-01,-0.009950269280227353,-0.009950269280227353,0.0
2,PPI_FINISHED_CONSUMER_GOODS__2016-03__PPIFCG__to__WPSFD49502,PPI_FINISHED_CONSUMER_GOODS,2016-03,PPIFCG,WPSFD49502,adjacent_vintage_bridge,2016-02,2016-03,1971-08-01,0.012428585294694816,0.012428585294694816,0.0
2,PPI_FINISHED_CONSUMER_GOODS__2016-03__PPIFCG__to__WPSFD49502,PPI_FINISHED_CONSUMER_GOODS,2016-03,PPIFCG,WPSFD49502,adjacent_vintage_bridge,2016-02,2016-03,1971-09-01,-0.009931766669048603,-0.009931766669048603,0.0
2,PPI_FINISHED_CONSUMER_GOODS__2016-03__PPIFCG__to__WPSFD49502,PPI_FINISHED_CONSUMER_GOODS,2016-03,PPIFCG,WPSFD49502,adjacent_vintage_bridge,2016-02,2016-03,1971-10-01,0.004956632028934926,0.004956632028934926,0.0
2,PPI_FINISHED_CONSUMER_GOODS__2016-03__PPIFCG__to__WPSFD49502,PPI_FINISHED_CONSUMER_GOODS,2016-03,PPIFCG,WPSFD49502,adjacent_vintage_bridge,2016-02,2016-03,1971-11-01,0.002459965626115057,0.002459965626115057,0.0
2,PPI_FINISHED_CONSUMER_GOODS__2016-03__PPIFCG__to__WPSFD49502,PPI_FINISHED_CONSUMER_GOODS,2016-03,PPIFCG,WPSFD49502,adjacent_vintage_bridge,2016-02,2016-03,1971-12-01,0.0024237148004861986,0.0024237148004861986,0.0
2,PPI_FINISHED_CONSUMER_GOODS__2016-03__PPIFCG__to__WPSFD49502,PPI_FINISHED_CONSUMER_GOODS,2016-03,PPIFCG,WPSFD49502,adjacent_vintage_bridge,2016-02,2016-03,1972-01-01,-0.01226396704127497,-0.01226396704127497,0.0
2,PPI_FINISHED_CONSUMER_GOODS__2016-03__PPIFCG__to__WPSFD49502,PPI_FINISHED_CONSUMER_GOODS,2016-03,PPIFCG,WPSFD49502,adjacent_vintage_bridge,2016-02,2016-03,1972-02-01,0.009803941200412503,0.009803941200412503,0.0
2,PPI_FINISHED_CONSUMER_GOODS__2016-03__PPIFCG__to__WPSFD49502,PPI_FINISHED_CONSUMER_GOODS,2016-03,PPIFCG,WPSFD49502,adjacent_vintage_bridge,2016-02,2016-03,1972-03-01,-0.004901970600206251,-0.004901970600206251,0.0
2,PPI_FINISHED_CONSUMER_GOODS__2016-03__PPIFCG__to__WPSFD49502,PPI_FINISHED_CONSUMER_GOODS,2016-03,PPIFCG,WPSFD49502,adjacent_vintage_bridge,2016-02,2016-03,1972-04-01,0.0,0.0,0.0
2,PPI_FINISHED_CONSUMER_GOODS__2016-03__PPIFCG__to__WPSFD49502,PPI_FINISHED_CONSUMER_GOODS,2016-03,PPIFCG,WPSFD49502,adjacent_vintage_bridge,2016-02,2016-03,1972-05-01,0.004878058453433365,0.004878058453433365,0.0
2,PPI_FINISHED_CONSUMER_GOODS__2016-03__PPIFCG__to__WPSFD49502,PPI_FINISHED_CONSUMER_GOODS,2016-03,PPIFCG,WPSFD49502,adjacent_vintage_bridge,2016-02,2016-03,1972-06-01,0.002394700875646194,0.002394700875646194,0.0
2,PPI_FINISHED_CONSUMER_GOODS__2016-03__PPIFCG__to__WPSFD49502,PPI_FINISHED_CONSUMER_GOODS,2016-03,PPIFCG,WPSFD49502,adjacent_vintage_bridge,2016-02,2016-03,1972-07-01,-0.0024534728931304706,-0.0024534728931304706,0.0
2,PPI_FINISHED_CONSUMER_GOODS__2016-03__PPIFCG__to__WPSFD49502,PPI_FINISHED_CONSUMER_GOODS,2016-03,PPIFCG,WPSFD49502,adjacent_vintage_bridge,2016-02,2016-03,1972-08-01,-0.002418324898410873,-0.002418324898410873,0.0
2,PPI_FINISHED_CONSUMER_GOODS__2016-03__PPIFCG__to__WPSFD49502,PPI_FINISHED_CONSUMER_GOODS,2016-03,PPIFCG,WPSFD49502,adjacent_vintage_bridge,2016-02,2016-03,1972-09-01,0.004767527941074157,0.004767527941074157,0.0
2,PPI_FINISHED_CONSUMER_GOODS__2016-03__PPIFCG__to__WPSFD49502,PPI_FINISHED_CONSUMER_GOODS,2016-03,PPIFCG,WPSFD49502,adjacent_vintage_bridge,2016-02,2016-03,1972-10-01,-0.009552280833888815,-0.009552280833888815,0.0
2,PPI_FINISHED_CONSUMER_GOODS__2016-03__PPIFCG__to__WPSFD49502,PPI_FINISHED_CONSUMER_GOODS,2016-03,PPIFCG,WPSFD49502,adjacent_vintage_bridge,2016-02,2016-03,1972-11-01,0.007145705115520151,0.007145705115520151,0.0
2,PPI_FINISHED_CONSUMER_GOODS__2016-03__PPIFCG__to__WPSFD49502,PPI_FINISHED_CONSUMER_GOODS,2016-03,PPIFCG,WPSFD49502,adjacent_vintage_bridge,2016-02,2016-03,1972-12-01,0.007044598826745574,0.007044598826745574,0.0
2,PPI_FINISHED_CONSUMER_GOODS__2016-03__PPIFCG__to__WPSFD49502,PPI_FINISHED_CONSUMER_GOODS,2016-03,PPIFCG,WPSFD49502,adjacent_vintage_bridge,2016-02,2016-03,1973-01-01,-0.0024606501687518545,-0.0024606501687518545,0.0
2,PPI_FINISHED_CONSUMER_GOODS__2016-03__PPIFCG__to__WPSFD49502,PPI_FINISHED_CONSUMER_GOODS,2016-03,PPIFCG,WPSFD49502,adjacent_vintage_bridge,2016-02,2016-03,1973-02-01,0.0022149599828384936,0.0022149599828384936,0.0
2,PPI_FINISHED_CONSUMER_GOODS__2016-03__PPIFCG__to__WPSFD49502,PPI_FINISHED_CONSUMER_GOODS,2016-03,PPIFCG,WPSFD49502,adjacent_vintage_bridge,2016-02,2016-03,1973-03-01,0.01565174112380907,0.01565174112380907,0.0
2,PPI_FINISHED_CONSUMER_GOODS__2016-03__PPIFCG__to__WPSFD49502,PPI_FINISHED_CONSUMER_GOODS,2016-03,PPIFCG,WPSFD49502,adjacent_vintage_bridge,2016-02,2016-03,1973-04-01,-0.020523575374088665,-0.020523575374088665,0.0
2,PPI_FINISHED_CONSUMER_GOODS__2016-03__PPIFCG__to__WPSFD49502,PPI_FINISHED_CONSUMER_GOODS,2016-03,PPIFCG,WPSFD49502,adjacent_vintage_bridge,2016-02,2016-03,1973-05-01,-4.4445432127560025e-05,-4.4445432127560025e-05,0.0
2,PPI_FINISHED_CONSUMER_GOODS__2016-03__PPIFCG__to__WPSFD49502,PPI_FINISHED_CONSUMER_GOODS,2016-03,PPIFCG,WPSFD49502,adjacent_vintage_bridge,2016-02,2016-03,1973-06-01,0.006513541858842231,0.006513541858842231,0.0
2,PPI_FINISHED_CONSUMER_GOODS__2016-03__PPIFCG__to__WPSFD49502,PPI_FINISHED_CONSUMER_GOODS,2016-03,PPIFCG,WPSFD49502,adjacent_vintage_bridge,2016-02,2016-03,1973-07-01,-0.017524903743851183,-0.017524903743851183,0.0
2,PPI_FINISHED_CONSUMER_GOODS__2016-03__PPIFCG__to__WPSFD49502,PPI_FINISHED_CONSUMER_GOODS,2016-03,PPIFCG,WPSFD49502,adjacent_vintage_bridge,2016-02,2016-03,1973-08-01,0.04719991916047661,0.04719991916047661,0.0
2,PPI_FINISHED_CONSUMER_GOODS__2016-03__PPIFCG__to__WPSFD49502,PPI_FINISHED_CONSUMER_GOODS,2016-03,PPIFCG,WPSFD49502,adjacent_vintage_bridge,2016-02,2016-03,1973-09-01,-0.047034786847836685,-0.047034786847836685,0.0
2,PPI_FINISHED_CONSUMER_GOODS__2016-03__PPIFCG__to__WPSFD49502,PPI_FINISHED_CONSUMER_GOODS,2016-03,PPIFCG,WPSFD49502,adjacent_vintage_bridge,2016-02,2016-03,1973-10-01,0.002094204514135889,0.002094204514135889,0.0
2,PPI_FINISHED_CONSUMER_GOODS__2016-03__PPIFCG__to__WPSFD49502,PPI_FINISHED_CONSUMER_GOODS,2016-03,PPIFCG,WPSFD49502,adjacent_vintage_bridge,2016-02,2016-03,1973-11-01,0.012600758055402839,0.012600758055402839,0.0
2,PPI_FINISHED_CONSUMER_GOODS__2016-03__PPIFCG__to__WPSFD49502,PPI_FINISHED_CONSUMER_GOODS,2016-03,PPIFCG,WPSFD49502,adjacent_vintage_bridge,2016-02,2016-03,1973-12-01,-0.002177219474181147,-0.002177219474181147,0.0
2,PPI_FINISHED_CONSUMER_GOODS__2016-03__PPIFCG__to__WPSFD49502,PPI_FINISHED_CONSUMER_GOODS,2016-03,PPIFCG,WPSFD49502,adjacent_vintage_bridge,2016-02,2016-03,1974-01-01,0.01824321683069785,0.01824321683069785,0.0
2,PPI_FINISHED_CONSUMER_GOODS__2016-03__PPIFCG__to__WPSFD49502,PPI_FINISHED_CONSUMER_GOODS,2016-03,PPIFCG,WPSFD49502,adjacent_vintage_bridge,2016-02,2016-03,1974-02-01,-0.004624196206099551,-0.004624196206099551,0.0
2,PPI_FINISHED_CONSUMER_GOODS__2016-03__PPIFCG__to__WPSFD49502,PPI_FINISHED_CONSUMER_GOODS,2016-03,PPIFCG,WPSFD49502,adjacent_vintage_bridge,2016-02,2016-03,1974-03-01,-0.014076490253734253,-0.014076490253734253,0.0
2,PPI_FINISHED_CONSUMER_GOODS__2016-03__PPIFCG__to__WPSFD49502,PPI_FINISHED_CONSUMER_GOODS,2016-03,PPIFCG,WPSFD49502,adjacent_vintage_bridge,2016-02,2016-03,1974-04-01,-6.127615248985308e-05,-6.127615248985308e-05,0.0
2,PPI_FINISHED_CONSUMER_GOODS__2016-03__PPIFCG__to__WPSFD49502,PPI_FINISHED_CONSUMER_GOODS,2016-03,PPIFCG,WPSFD49502,adjacent_vintage_bridge,2016-02,2016-03,1974-05-01,0.0018646004517055559,0.0018646004517055559,0.0
2,PPI_FINISHED_CONSUMER_GOODS__2016-03__PPIFCG__to__WPSFD49502,PPI_FINISHED_CONSUMER_GOODS,2016-03,PPIFCG,WPSFD49502,adjacent_vintage_bridge,2016-02,2016-03,1974-06-01,-0.013515480227727306,-0.013515480227727306,0.0
2,PPI_FINISHED_CONSUMER_GOODS__2016-03__PPIFCG__to__WPSFD49502,PPI_FINISHED_CONSUMER_GOODS,2016-03,PPIFCG,WPSFD49502,adjacent_vintage_bridge,2016-02,2016-03,1974-07-01,0.030521816398151547,0.030521816398151547,0.0
2,PPI_FINISHED_CONSUMER_GOODS__2016-03__PPIFCG__to__WPSFD49502,PPI_FINISHED_CONSUMER_GOODS,2016-03,PPIFCG,WPSFD49502,adjacent_vintage_bridge,2016-02,2016-03,1974-08-01,-0.009892457577324265,-0.009892457577324265,0.0
2,PPI_FINISHED_CONSUMER_GOODS__2016-03__PPIFCG__to__WPSFD49502,PPI_FINISHED_CONSUMER_GOODS,2016-03,PPIFCG,WPSFD49502,adjacent_vintage_bridge,2016-02,2016-03,1974-09-01,-0.007576092606413454,-0.007576092606413454,0.0
2,PPI_FINISHED_CONSUMER_GOODS__2016-03__PPIFCG__to__WPSFD49502,PPI_FINISHED_CONSUMER_GOODS,2016-03,PPIFCG,WPSFD49502,adjacent_vintage_bridge,2016-02,2016-03,1974-10-01,0.008949621607253544,0.008949621607253544,0.0
2,PPI_FINISHED_CONSUMER_GOODS__2016-03__PPIFCG__to__WPSFD49502,PPI_FINISHED_CONSUMER_GOODS,2016-03,PPIFCG,WPSFD49502,adjacent_vintage_bridge,2016-02,2016-03,1974-11-01,0.0014416909714931592,0.0014416909714931592,0.0
2,PPI_FINISHED_CONSUMER_GOODS__2016-03__PPIFCG__to__WPSFD49502,PPI_FINISHED_CONSUMER_GOODS,2016-03,PPIFCG,WPSFD49502,adjacent_vintage_bridge,2016-02,2016-03,1974-12-01,-0.021356235001739776,-0.021356235001739776,0.0
2,PPI_FINISHED_CONSUMER_GOODS__2016-03__PPIFCG__to__WPSFD49502,PPI_FINISHED_CONSUMER_GOODS,2016-03,PPIFCG,WPSFD49502,adjacent_vintage_bridge,2016-02,2016-03,1975-01-01,0.005292566042538027,0.005292566042538027,0.0
2,PPI_FINISHED_CONSUMER_GOODS__2016-03__PPIFCG__to__WPSFD49502,PPI_FINISHED_CONSUMER_GOODS,2016-03,PPIFCG,WPSFD49502,adjacent_vintage_bridge,2016-02,2016-03,1975-02-01,-0.007054681035937094,-0.007054681035937094,0.0
2,PPI_FINISHED_CONSUMER_GOODS__2016-03__PPIFCG__to__WPSFD49502,PPI_FINISHED_CONSUMER_GOODS,2016-03,PPIFCG,WPSFD49502,adjacent_vintage_bridge,2016-02,2016-03,1975-03-01,-1.2486187155325013e-05,-1.2486187155325013e-05,0.0
2,PPI_FINISHED_CONSUMER_GOODS__2016-03__PPIFCG__to__WPSFD49502,PPI_FINISHED_CONSUMER_GOODS,2016-03,PPIFCG,WPSFD49502,adjacent_vintage_bridge,2016-02,2016-03,1975-04-01,0.012366009333395489,0.012366009333395489,0.0
2,PPI_FINISHED_CONSUMER_GOODS__2016-03__PPIFCG__to__WPSFD49502,PPI_FINISHED_CONSUMER_GOODS,2016-03,PPIFCG,WPSFD49502,adjacent_vintage_bridge,2016-02,2016-03,1975-05-01,-0.0018209000398625719,-0.0018209000398625719,0.0
2,PPI_FINISHED_CONSUMER_GOODS__2016-03__PPIFCG__to__WPSFD49502,PPI_FINISHED_CONSUMER_GOODS,2016-03,PPIFCG,WPSFD49502,adjacent_vintage_bridge,2016-02,2016-03,1975-06-01,0.00168286936922879,0.00168286936922879,0.0
2,PPI_FINISHED_CONSUMER_GOODS__2016-03__PPIFCG__to__WPSFD49502,PPI_FINISHED_CONSUMER_GOODS,2016-03,PPIFCG,WPSFD49502,adjacent_vintage_bridge,2016-02,2016-03,1975-07-01,0.0016389621982115798,0.0016389621982115798,0.0
2,PPI_FINISHED_CONSUMER_GOODS__2016-03__PPIFCG__to__WPSFD49502,PPI_FINISHED_CONSUMER_GOODS,2016-03,PPIFCG,WPSFD49502,adjacent_vintage_bridge,2016-02,2016-03,1975-08-01,-0.00010556008431095165,-0.00010556008431095165,0.0
2,PPI_FINISHED_CONSUMER_GOODS__2016-03__PPIFCG__to__WPSFD49502,PPI_FINISHED_CONSUMER_GOODS,2016-03,PPIFCG,WPSFD49502,adjacent_vintage_bridge,2016-02,2016-03,1975-09-01,-0.0034647716086588787,-0.0034647716086588787,0.0
2,PPI_FINISHED_CONSUMER_GOODS__2016-03__PPIFCG__to__WPSFD49502,PPI_FINISHED_CONSUMER_GOODS,2016-03,PPIFCG,WPSFD49502,adjacent_vintage_bridge,2016-02,2016-03,1975-10-01,0.0016254962899244774,0.0016254962899244774,0.0
2,PPI_FINISHED_CONSUMER_GOODS__2016-03__PPIFCG__to__WPSFD49502,PPI_FINISHED_CONSUMER_GOODS,2016-03,PPIFCG,WPSFD49502,adjacent_vintage_bridge,2016-02,2016-03,1975-11-01,-0.005048942333045758,-0.005048942333045758,0.0
2,PPI_FINISHED_CONSUMER_GOODS__2016-03__PPIFCG__to__WPSFD49502,PPI_FINISHED_CONSUMER_GOODS,2016-03,PPIFCG,WPSFD49502,adjacent_vintage_bridge,2016-02,2016-03,1975-12-01,-0.0033333364197583037,-0.0033333364197583037,0.0
2,PPI_FINISHED_CONSUMER_GOODS__2016-03__PPIFCG__to__WPSFD49502,PPI_FINISHED_CONSUMER_GOODS,2016-03,PPIFCG,WPSFD49502,adjacent_vintage_bridge,2016-02,2016-03,1976-01-01,-0.0033333364197583037,-0.0033333364197583037,0.0
2,PPI_FINISHED_CONSUMER_GOODS__2016-03__PPIFCG__to__WPSFD49502,PPI_FINISHED_CONSUMER_GOODS,2016-03,PPIFCG,WPSFD49502,adjacent_vintage_bridge,2016-02,2016-03,1976-02-01,-0.0016875946303409606,-0.0016875946303409606,0.0
2,PPI_FINISHED_CONSUMER_GOODS__2016-03__PPIFCG__to__WPSFD49502,PPI_FINISHED_CONSUMER_GOODS,2016-03,PPIFCG,WPSFD49502,adjacent_vintage_bridge,2016-02,2016-03,1976-03-01,0.005020931050099264,0.005020931050099264,0.0
2,PPI_FINISHED_CONSUMER_GOODS__2016-03__PPIFCG__to__WPSFD49502,PPI_FINISHED_CONSUMER_GOODS,2016-03,PPIFCG,WPSFD49502,adjacent_vintage_bridge,2016-02,2016-03,1976-04-01,0.006688988150796327,0.006688988150796327,0.0
2,PPI_FINISHED_CONSUMER_GOODS__2016-03__PPIFCG__to__WPSFD49502,PPI_FINISHED_CONSUMER_GOODS,2016-03,PPIFCG,WPSFD49502,adjacent_vintage_bridge,2016-02,2016-03,1976-05-01,-0.006688988150796327,-0.006688988150796327,0.0
2,PPI_FINISHED_CONSUMER_GOODS__2016-03__PPIFCG__to__WPSFD49502,PPI_FINISHED_CONSUMER_GOODS,2016-03,PPIFCG,WPSFD49502,adjacent_vintage_bridge,2016-02,2016-03,1976-06-01,0.0016652793190612414,0.0016652793190612414,0.0
2,PPI_FINISHED_CONSUMER_GOODS__2016-03__PPIFCG__to__WPSFD49502,PPI_FINISHED_CONSUMER_GOODS,2016-03,PPIFCG,WPSFD49502,adjacent_vintage_bridge,2016-02,2016-03,1976-07-01,0.0016569828729169345,0.0016569828729169345,0.0
2,PPI_FINISHED_CONSUMER_GOODS__2016-03__PPIFCG__to__WPSFD49502,PPI_FINISHED_CONSUMER_GOODS,2016-03,PPIFCG,WPSFD49502,adjacent_vintage_bridge,2016-02,2016-03,1976-08-01,-0.0016652609843488264,-0.0016652609843488264,0.0
2,PPI_FINISHED_CONSUMER_GOODS__2016-03__PPIFCG__to__WPSFD49502,PPI_FINISHED_CONSUMER_GOODS,2016-03,PPIFCG,WPSFD49502,adjacent_vintage_bridge,2016-02,2016-03,1976-09-01,-2.7411116025888305e-06,-2.7411116025888305e-06,0.0
2,PPI_FINISHED_CONSUMER_GOODS__2016-03__PPIFCG__to__WPSFD49502,PPI_FINISHED_CONSUMER_GOODS,2016-03,PPIFCG,WPSFD49502,adjacent_vintage_bridge,2016-02,2016-03,1976-10-01,0.004935549583028553,0.004935549583028553,0.0
2,PPI_FINISHED_CONSUMER_GOODS__2016-03__PPIFCG__to__WPSFD49502,PPI_FINISHED_CONSUMER_GOODS,2016-03,PPIFCG,WPSFD49502,adjacent_vintage_bridge,2016-02,2016-03,1976-11-01,0.0015868507581897617,0.0015868507581897617,0.0
2,PPI_FINISHED_CONSUMER_GOODS__2016-03__PPIFCG__to__WPSFD49502,PPI_FINISHED_CONSUMER_GOODS,2016-03,PPIFCG,WPSFD49502,adjacent_vintage_bridge,2016-02,2016-03,1976-12-01,-6.631589979111396e-05,-6.631589979111396e-05,0.0
2,PPI_FINISHED_CONSUMER_GOODS__2016-03__PPIFCG__to__WPSFD49502,PPI_FINISHED_CONSUMER_GOODS,2016-03,PPIFCG,WPSFD49502,adjacent_vintage_bridge,2016-02,2016-03,1977-01-01,-0.004884535288571357,-0.004884535288571357,0.0
2,PPI_FINISHED_CONSUMER_GOODS__2016-03__PPIFCG__to__WPSFD49502,PPI_FINISHED_CONSUMER_GOODS,2016-03,PPIFCG,WPSFD49502,adjacent_vintage_bridge,2016-02,2016-03,1977-02-01,0.007983275285837088,0.007983275285837088,0.0
2,PPI_FINISHED_CONSUMER_GOODS__2016-03__PPIFCG__to__WPSFD49502,PPI_FINISHED_CONSUMER_GOODS,2016-03,PPIFCG,WPSFD49502,adjacent_vintage_bridge,2016-02,2016-03,1977-03-01,-0.0017002965656924829,-0.0017002965656924829,0.0
2,PPI_FINISHED_CONSUMER_GOODS__2016-03__PPIFCG__to__WPSFD49502,PPI_FINISHED_CONSUMER_GOODS,2016-03,PPIFCG,WPSFD49502,adjacent_vintage_bridge,2016-02,2016-03,1977-04-01,-0.004788086834089711,-0.004788086834089711,0.0
2,PPI_FINISHED_CONSUMER_GOODS__2016-03__PPIFCG__to__WPSFD49502,PPI_FINISHED_CONSUMER_GOODS,2016-03,PPIFCG,WPSFD49502,adjacent_vintage_bridge,2016-02,2016-03,1977-05-01,0.0030979469828604778,0.0030979469828604778,0.0
2,PPI_FINISHED_CONSUMER_GOODS__2016-03__PPIFCG__to__WPSFD49502,PPI_FINISHED_CONSUMER_GOODS,2016-03,PPIFCG,WPSFD49502,adjacent_vintage_bridge,2016-02,2016-03,1977-06-01,-0.007818648117797977,-0.007818648117797977,0.0
2,PPI_FINISHED_CONSUMER_GOODS__2016-03__PPIFCG__to__WPSFD49502,PPI_FINISHED_CONSUMER_GOODS,2016-03,PPIFCG,WPSFD49502,adjacent_vintage_bridge,2016-02,2016-03,1977-07-01,0.004662013105811269,0.004662013105811269,0.0
2,PPI_FINISHED_CONSUMER_GOODS__2016-03__PPIFCG__to__WPSFD49502,PPI_FINISHED_CONSUMER_GOODS,2016-03,PPIFCG,WPSFD49502,adjacent_vintage_bridge,2016-02,2016-03,1977-08-01,-2.1633549309285627e-05,-2.1633549309285627e-05,0.0
2,PPI_FINISHED_CONSUMER_GOODS__2016-03__PPIFCG__to__WPSFD49502,PPI_FINISHED_CONSUMER_GOODS,2016-03,PPIFCG,WPSFD49502,adjacent_vintage_bridge,2016-02,2016-03,1977-09-01,-0.001558713019093716,-0.001558713019093716,0.0
2,PPI_FINISHED_CONSUMER_GOODS__2016-03__PPIFCG__to__WPSFD49502,PPI_FINISHED_CONSUMER_GOODS,2016-03,PPIFCG,WPSFD49502,adjacent_vintage_bridge,2016-02,2016-03,1977-10-01,0.0015230998493400705,0.0015230998493400705,0.0
2,PPI_FINISHED_CONSUMER_GOODS__2016-03__PPIFCG__to__WPSFD49502,PPI_FINISHED_CONSUMER_GOODS,2016-03,PPIFCG,WPSFD49502,adjacent_vintage_bridge,2016-02,2016-03,1977-11-01,0.0030230356621379073,0.0030230356621379073,0.0
2,PPI_FINISHED_CONSUMER_GOODS__2016-03__PPIFCG__to__WPSFD49502,PPI_FINISHED_CONSUMER_GOODS,2016-03,PPIFCG,WPSFD49502,adjacent_vintage_bridge,2016-02,2016-03,1977-12-01,-0.003078893522516779,-0.003078893522516779,0.0
2,PPI_FINISHED_CONSUMER_GOODS__2016-03__PPIFCG__to__WPSFD49502,PPI_FINISHED_CONSUMER_GOODS,2016-03,PPIFCG,WPSFD49502,adjacent_vintage_bridge,2016-02,2016-03,1978-01-01,-2.0598901621760035e-05,-2.0598901621760035e-05,0.0
2,PPI_FINISHED_CONSUMER_GOODS__2016-03__PPIFCG__to__WPSFD49502,PPI_FINISHED_CONSUMER_GOODS,2016-03,PPIFCG,WPSFD49502,adjacent_vintage_bridge,2016-02,2016-03,1978-02-01,0.0029736010270466906,0.0029736010270466906,0.0
2,PPI_FINISHED_CONSUMER_GOODS__2016-03__PPIFCG__to__WPSFD49502,PPI_FINISHED_CONSUMER_GOODS,2016-03,PPIFCG,WPSFD49502,adjacent_vintage_bridge,2016-02,2016-03,1978-03-01,-0.0015406411352953953,-0.0015406411352953953,0.0
2,PPI_FINISHED_CONSUMER_GOODS__2016-03__PPIFCG__to__WPSFD49502,PPI_FINISHED_CONSUMER_GOODS,2016-03,PPIFCG,WPSFD49502,adjacent_vintage_bridge,2016-02,2016-03,1978-04-01,0.007323058682235484,0.007323058682235484,0.0
2,PPI_FINISHED_CONSUMER_GOODS__2016-03__PPIFCG__to__WPSFD49502,PPI_FINISHED_CONSUMER_GOODS,2016-03,PPIFCG,WPSFD49502,adjacent_vintage_bridge,2016-02,2016-03,1978-05-01,-0.007436358316311065,-0.007436358316311065,0.0
2,PPI_FINISHED_CONSUMER_GOODS__2016-03__PPIFCG__to__WPSFD49502,PPI_FINISHED_CONSUMER_GOODS,2016-03,PPIFCG,WPSFD49502,adjacent_vintage_bridge,2016-02,2016-03,1978-06-01,0.004304401581594064,0.004304401581594064,0.0
2,PPI_FINISHED_CONSUMER_GOODS__2016-03__PPIFCG__to__WPSFD49502,PPI_FINISHED_CONSUMER_GOODS,2016-03,PPIFCG,WPSFD49502,adjacent_vintage_bridge,2016-02,2016-03,1978-07-01,-0.0015316284201105645,-0.0015316284201105645,0.0
2,PPI_FINISHED_CONSUMER_GOODS__2016-03__PPIFCG__to__WPSFD49502,PPI_FINISHED_CONSUMER_GOODS,2016-03,PPIFCG,WPSFD49502,adjacent_vintage_bridge,2016-02,2016-03,1978-08-01,-0.00862074304390692,-0.00862074304390692,0.0
2,PPI_FINISHED_CONSUMER_GOODS__2016-03__PPIFCG__to__WPSFD49502,PPI_FINISHED_CONSUMER_GOODS,2016-03,PPIFCG,WPSFD49502,adjacent_vintage_bridge,2016-02,2016-03,1978-09-01,0.009964495259431772,0.009964495259431772,0.0
2,PPI_FINISHED_CONSUMER_GOODS__2016-03__PPIFCG__to__WPSFD49502,PPI_FINISHED_CONSUMER_GOODS,2016-03,PPIFCG,WPSFD49502,adjacent_vintage_bridge,2016-02,2016-03,1978-10-01,-0.004314762717312348,-0.004314762717312348,0.0
2,PPI_FINISHED_CONSUMER_GOODS__2016-03__PPIFCG__to__WPSFD49502,PPI_FINISHED_CONSUMER_GOODS,2016-03,PPIFCG,WPSFD49502,adjacent_vintage_bridge,2016-02,2016-03,1978-11-01,0.0013678401165266862,0.0013678401165266862,0.0
2,PPI_FINISHED_CONSUMER_GOODS__2016-03__PPIFCG__to__WPSFD49502,PPI_FINISHED_CONSUMER_GOODS,2016-03,PPIFCG,WPSFD49502,adjacent_vintage_bridge,2016-02,2016-03,1978-12-01,0.006871539502021129,0.006871539502021129,0.0
2,PPI_FINISHED_CONSUMER_GOODS__2016-03__PPIFCG__to__WPSFD49502,PPI_FINISHED_CONSUMER_GOODS,2016-03,PPIFCG,WPSFD49502,adjacent_vintage_bridge,2016-02,2016-03,1979-01-01,-0.0029150651286906637,-0.0029150651286906637,0.0
2,PPI_FINISHED_CONSUMER_GOODS__2016-03__PPIFCG__to__WPSFD49502,PPI_FINISHED_CONSUMER_GOODS,2016-03,PPIFCG,WPSFD49502,adjacent_vintage_bridge,2016-02,2016-03,1979-02-01,0.0012294942487525162,0.0012294942487525162,0.0
2,PPI_FINISHED_CONSUMER_GOODS__2016-03__PPIFCG__to__WPSFD49502,PPI_FINISHED_CONSUMER_GOODS,2016-03,PPIFCG,WPSFD49502,adjacent_vintage_bridge,2016-02,2016-03,1979-03-01,-0.004149806473631834,-0.004149806473631834,0.0
2,PPI_FINISHED_CONSUMER_GOODS__2016-03__PPIFCG__to__WPSFD49502,PPI_FINISHED_CONSUMER_GOODS,2016-03,PPIFCG,WPSFD49502,adjacent_vintage_bridge,2016-02,2016-03,1979-04-01,0.0025846633979584865,0.0025846633979584865,0.0
2,PPI_FINISHED_CONSUMER_GOODS__2016-03__PPIFCG__to__WPSFD49502,PPI_FINISHED_CONSUMER_GOODS,2016-03,PPIFCG,WPSFD49502,adjacent_vintage_bridge,2016-02,2016-03,1979-05-01,-0.006677996988958768,-0.006677996988958768,0.0
2,PPI_FINISHED_CONSUMER_GOODS__2016-03__PPIFCG__to__WPSFD49502,PPI_FINISHED_CONSUMER_GOODS,2016-03,PPIFCG,WPSFD49502,adjacent_vintage_bridge,2016-02,2016-03,1979-06-01,0.0026056105547933583,0.0026056105547933583,0.0
2,PPI_FINISHED_CONSUMER_GOODS__2016-03__PPIFCG__to__WPSFD49502,PPI_FINISHED_CONSUMER_GOODS,2016-03,PPIFCG,WPSFD49502,adjacent_vintage_bridge,2016-02,2016-03,1979-07-01,0.005145247650011342,0.005145247650011342,0.0
2,PPI_FINISHED_CONSUMER_GOODS__2016-03__PPIFCG__to__WPSFD49502,PPI_FINISHED_CONSUMER_GOODS,2016-03,PPIFCG,WPSFD49502,adjacent_vintage_bridge,2016-02,2016-03,1979-08-01,0.0011423879824796757,0.0011423879824796757,0.0
2,PPI_FINISHED_CONSUMER_GOODS__2016-03__PPIFCG__to__WPSFD49502,PPI_FINISHED_CONSUMER_GOODS,2016-03,PPIFCG,WPSFD49502,adjacent_vintage_bridge,2016-02,2016-03,1979-09-01,0.0061222540556240546,0.0061222540556240546,0.0
2,PPI_FINISHED_CONSUMER_GOODS__2016-03__PPIFCG__to__WPSFD49502,PPI_FINISHED_CONSUMER_GOODS,2016-03,PPIFCG,WPSFD49502,adjacent_vintage_bridge,2016-02,2016-03,1979-10-01,-0.009000756402185672,-0.009000756402185672,0.0
2,PPI_FINISHED_CONSUMER_GOODS__2016-03__PPIFCG__to__WPSFD49502,PPI_FINISHED_CONSUMER_GOODS,2016-03,PPIFCG,WPSFD49502,adjacent_vintage_bridge,2016-02,2016-03,1979-11-01,0.004803449039298968,0.004803449039298968,0.0
2,PPI_FINISHED_CONSUMER_GOODS__2016-03__PPIFCG__to__WPSFD49502,PPI_FINISHED_CONSUMER_GOODS,2016-03,PPIFCG,WPSFD49502,adjacent_vintage_bridge,2016-02,2016-03,1979-12-01,-0.0050461571778877,-0.0050461571778877,0.0
2,PPI_FINISHED_CONSUMER_GOODS__2016-03__PPIFCG__to__WPSFD49502,PPI_FINISHED_CONSUMER_GOODS,2016-03,PPIFCG,WPSFD49502,adjacent_vintage_bridge,2016-02,2016-03,1980-01-01,0.005883496027997204,0.005883496027997204,0.0
2,PPI_FINISHED_CONSUMER_GOODS__2016-03__PPIFCG__to__WPSFD49502,PPI_FINISHED_CONSUMER_GOODS,2016-03,PPIFCG,WPSFD49502,adjacent_vintage_bridge,2016-02,2016-03,1980-02-01,-0.0002401125841187124,-0.0002401125841187124,0.0
2,PPI_FINISHED_CONSUMER_GOODS__2016-03__PPIFCG__to__WPSFD49502,PPI_FINISHED_CONSUMER_GOODS,2016-03,PPIFCG,WPSFD49502,adjacent_vintage_bridge,2016-02,2016-03,1980-03-01,-0.004867842763695229,-0.004867842763695229,0.0
2,PPI_FINISHED_CONSUMER_GOODS__2016-03__PPIFCG__to__WPSFD49502,PPI_FINISHED_CONSUMER_GOODS,2016-03,PPIFCG,WPSFD49502,adjacent_vintage_bridge,2016-02,2016-03,1980-04-01,-0.0035635052456024496,-0.0035635052456024496,0.0
2,PPI_FINISHED_CONSUMER_GOODS__2016-03__PPIFCG__to__WPSFD49502,PPI_FINISHED_CONSUMER_GOODS,2016-03,PPIFCG,WPSFD49502,adjacent_vintage_bridge,2016-02,2016-03,1980-05-01,-0.0023414722808512423,-0.0023414722808512423,0.0
2,PPI_FINISHED_CONSUMER_GOODS__2016-03__PPIFCG__to__WPSFD49502,PPI_FINISHED_CONSUMER_GOODS,2016-03,PPIFCG,WPSFD49502,adjacent_vintage_bridge,2016-02,2016-03,1980-06-01,0.004539920760714189,0.004539920760714189,0.0
2,PPI_FINISHED_CONSUMER_GOODS__2016-03__PPIFCG__to__WPSFD49502,PPI_FINISHED_CONSUMER_GOODS,2016-03,PPIFCG,WPSFD49502,adjacent_vintage_bridge,2016-02,2016-03,1980-07-01,0.007777956655662166,0.007777956655662166,0.0
2,PPI_FINISHED_CONSUMER_GOODS__2016-03__PPIFCG__to__WPSFD49502,PPI_FINISHED_CONSUMER_GOODS,2016-03,PPIFCG,WPSFD49502,adjacent_vintage_bridge,2016-02,2016-03,1980-08-01,-0.004691708961924945,-0.004691708961924945,0.0
2,PPI_FINISHED_CONSUMER_GOODS__2016-03__PPIFCG__to__WPSFD49502,PPI_FINISHED_CONSUMER_GOODS,2016-03,PPIFCG,WPSFD49502,adjacent_vintage_bridge,2016-02,2016-03,1980-09-01,-0.008919733625044834,-0.008919733625044834,0.0
2,PPI_FINISHED_CONSUMER_GOODS__2016-03__PPIFCG__to__WPSFD49502,PPI_FINISHED_CONSUMER_GOODS,2016-03,PPIFCG,WPSFD49502,adjacent_vintage_bridge,2016-02,2016-03,1980-10-01,0.00218206709230806,0.00218206709230806,0.0
2,PPI_FINISHED_CONSUMER_GOODS__2016-03__PPIFCG__to__WPSFD49502,PPI_FINISHED_CONSUMER_GOODS,2016-03,PPIFCG,WPSFD49502,adjacent_vintage_bridge,2016-02,2016-03,1980-11-01,0.0021462874544422306,0.0021462874544422306,0.0
2,PPI_FINISHED_CONSUMER_GOODS__2016-03__PPIFCG__to__WPSFD49502,PPI_FINISHED_CONSUMER_GOODS,2016-03,PPIFCG,WPSFD49502,adjacent_vintage_bridge,2016-02,2016-03,1980-12-01,-0.003299387849519775,-0.003299387849519775,0.0
2,PPI_FINISHED_CONSUMER_GOODS__2016-03__PPIFCG__to__WPSFD49502,PPI_FINISHED_CONSUMER_GOODS,2016-03,PPIFCG,WPSFD49502,adjacent_vintage_bridge,2016-02,2016-03,1981-01-01,0.005354727607062237,0.005354727607062237,0.0
2,PPI_FINISHED_CONSUMER_GOODS__2016-03__PPIFCG__to__WPSFD49502,PPI_FINISHED_CONSUMER_GOODS,2016-03,PPIFCG,WPSFD49502,adjacent_vintage_bridge,2016-02,2016-03,1981-02-01,-0.0011551904676236902,-0.0011551904676236902,0.0
2,PPI_FINISHED_CONSUMER_GOODS__2016-03__PPIFCG__to__WPSFD49502,PPI_FINISHED_CONSUMER_GOODS,2016-03,PPIFCG,WPSFD49502,adjacent_vintage_bridge,2016-02,2016-03,1981-03-01,0.004133825330786323,0.004133825330786323,0.0
2,PPI_FINISHED_CONSUMER_GOODS__2016-03__PPIFCG__to__WPSFD49502,PPI_FINISHED_CONSUMER_GOODS,2016-03,PPIFCG,WPSFD49502,adjacent_vintage_bridge,2016-02,2016-03,1981-04-01,-0.0011953731124796363,-0.0011953731124796363,0.0
2,PPI_FINISHED_CONSUMER_GOODS__2016-03__PPIFCG__to__WPSFD49502,PPI_FINISHED_CONSUMER_GOODS,2016-03,PPIFCG,WPSFD49502,adjacent_vintage_bridge,2016-02,2016-03,1981-05-01,-0.009403851354369941,-0.009403851354369941,0.0
2,PPI_FINISHED_CONSUMER_GOODS__2016-03__PPIFCG__to__WPSFD49502,PPI_FINISHED_CONSUMER_GOODS,2016-03,PPIFCG,WPSFD49502,adjacent_vintage_bridge,2016-02,2016-03,1981-06-01,0.0020596976829372338,0.0020596976829372338,0.0
2,PPI_FINISHED_CONSUMER_GOODS__2016-03__PPIFCG__to__WPSFD49502,PPI_FINISHED_CONSUMER_GOODS,2016-03,PPIFCG,WPSFD49502,adjacent_vintage_bridge,2016-02,2016-03,1981-07-01,-0.0031018404910136965,-0.0031018404910136965,0.0
2,PPI_FINISHED_CONSUMER_GOODS__2016-03__PPIFCG__to__WPSFD49502,PPI_FINISHED_CONSUMER_GOODS,2016-03,PPIFCG,WPSFD49502,adjacent_vintage_bridge,2016-02,2016-03,1981-08-01,-0.001030396793896493,-0.001030396793896493,0.0
2,PPI_FINISHED_CONSUMER_GOODS__2016-03__PPIFCG__to__WPSFD49502,PPI_FINISHED_CONSUMER_GOODS,2016-03,PPIFCG,WPSFD49502,adjacent_vintage_bridge,2016-02,2016-03,1981-09-01,0.004111002706522093,0.004111002706522093,0.0
2,PPI_FINISHED_CONSUMER_GOODS__2016-03__PPIFCG__to__WPSFD49502,PPI_FINISHED_CONSUMER_GOODS,2016-03,PPIFCG,WPSFD49502,adjacent_vintage_bridge,2016-02,2016-03,1981-10-01,-0.001038803669551669,-0.001038803669551669,0.0
2,PPI_FINISHED_CONSUMER_GOODS__2016-03__PPIFCG__to__WPSFD49502,PPI_FINISHED_CONSUMER_GOODS,2016-03,PPIFCG,WPSFD49502,adjacent_vintage_bridge,2016-02,2016-03,1981-11-01,-0.001029297407169949,-0.001029297407169949,0.0
2,PPI_FINISHED_CONSUMER_GOODS__2016-03__PPIFCG__to__WPSFD49502,PPI_FINISHED_CONSUMER_GOODS,2016-03,PPIFCG,WPSFD49502,adjacent_vintage_bridge,2016-02,2016-03,1981-12-01,0.0020304237578345763,0.0020304237578345763,0.0
2,PPI_FINISHED_CONSUMER_GOODS__2016-03__PPIFCG__to__WPSFD49502,PPI_FINISHED_CONSUMER_GOODS,2016-03,PPIFCG,WPSFD49502,adjacent_vintage_bridge,2016-02,2016-03,1982-01-01,0.002005720688747381,0.002005720688747381,0.0
2,PPI_FINISHED_CONSUMER_GOODS__2016-03__PPIFCG__to__WPSFD49502,PPI_FINISHED_CONSUMER_GOODS,2016-03,PPIFCG,WPSFD49502,adjacent_vintage_bridge,2016-02,2016-03,1982-02-01,-0.006079046076382433,-0.006079046076382433,0.0
2,PPI_FINISHED_CONSUMER_GOODS__2016-03__PPIFCG__to__WPSFD49502,PPI_FINISHED_CONSUMER_GOODS,2016-03,PPIFCG,WPSFD49502,adjacent_vintage_bridge,2016-02,2016-03,1982-03-01,-0.002022245380767451,-0.002022245380767451,0.0
2,PPI_FINISHED_CONSUMER_GOODS__2016-03__PPIFCG__to__WPSFD49502,PPI_FINISHED_CONSUMER_GOODS,2016-03,PPIFCG,WPSFD49502,adjacent_vintage_bridge,2016-02,2016-03,1982-04-01,0.0030338792556117156,0.0030338792556117156,0.0
2,PPI_FINISHED_CONSUMER_GOODS__2016-03__PPIFCG__to__WPSFD49502,PPI_FINISHED_CONSUMER_GOODS,2016-03,PPIFCG,WPSFD49502,adjacent_vintage_bridge,2016-02,2016-03,1982-05-01,-0.0020232677496885287,-0.0020232677496885287,0.0
2,PPI_FINISHED_CONSUMER_GOODS__2016-03__PPIFCG__to__WPSFD49502,PPI_FINISHED_CONSUMER_GOODS,2016-03,PPIFCG,WPSFD49502,adjacent_vintage_bridge,2016-02,2016-03,1982-06-01,0.011082212438440209,0.011082212438440209,0.0
2,PPI_FINISHED_CONSUMER_GOODS__2016-03__PPIFCG__to__WPSFD49502,PPI_FINISHED_CONSUMER_GOODS,2016-03,PPIFCG,WPSFD49502,adjacent_vintage_bridge,2016-02,2016-03,1982-07-01,-0.00706907555983971,-0.00706907555983971,0.0
2,PPI_FINISHED_CONSUMER_GOODS__2016-03__PPIFCG__to__WPSFD49502,PPI_FINISHED_CONSUMER_GOODS,2016-03,PPIFCG,WPSFD49502,adjacent_vintage_bridge,2016-02,2016-03,1982-08-01,0.0009865381741995805,0.0009865381741995805,0.0
2,PPI_FINISHED_CONSUMER_GOODS__2016-03__PPIFCG__to__WPSFD49502,PPI_FINISHED_CONSUMER_GOODS,2016-03,PPIFCG,WPSFD49502,adjacent_vintage_bridge,2016-02,2016-03,1982-09-01,-0.0019999689525693753,-0.0019999689525693753,0.0
2,PPI_FINISHED_CONSUMER_GOODS__2016-03__PPIFCG__to__WPSFD49502,PPI_FINISHED_CONSUMER_GOODS,2016-03,PPIFCG,WPSFD49502,adjacent_vintage_bridge,2016-02,2016-03,1982-10-01,0.0009866448913564696,0.0009866448913564696,0.0
2,PPI_FINISHED_CONSUMER_GOODS__2016-03__PPIFCG__to__WPSFD49502,PPI_FINISHED_CONSUMER_GOODS,2016-03,PPIFCG,WPSFD49502,adjacent_vintage_bridge,2016-02,2016-03,1982-11-01,0.0009778571990803897,0.0009778571990803897,0.0
2,PPI_FINISHED_CONSUMER_GOODS__2016-03__PPIFCG__to__WPSFD49502,PPI_FINISHED_CONSUMER_GOODS,2016-03,PPIFCG,WPSFD49502,adjacent_vintage_bridge,2016-02,2016-03,1982-12-01,-0.0009983624183922402,-0.0009983624183922402,0.0
2,PPI_FINISHED_CONSUMER_GOODS__2016-03__PPIFCG__to__WPSFD49502,PPI_FINISHED_CONSUMER_GOODS,2016-03,PPIFCG,WPSFD49502,adjacent_vintage_bridge,2016-02,2016-03,1983-01-01,-0.011843159314676832,-0.011843159314676832,0.0
2,PPI_FINISHED_CONSUMER_GOODS__2016-03__PPIFCG__to__WPSFD49502,PPI_FINISHED_CONSUMER_GOODS,2016-03,PPIFCG,WPSFD49502,adjacent_vintage_bridge,2016-02,2016-03,1983-02-01,0.008888947417245774,0.008888947417245774,0.0
2,PPI_FINISHED_CONSUMER_GOODS__2016-03__PPIFCG__to__WPSFD49502,PPI_FINISHED_CONSUMER_GOODS,2016-03,PPIFCG,WPSFD49502,adjacent_vintage_bridge,2016-02,2016-03,1983-03-01,-0.0009925559127514916,-0.0009925559127514916,0.0
2,PPI_FINISHED_CONSUMER_GOODS__2016-03__PPIFCG__to__WPSFD49502,PPI_FINISHED_CONSUMER_GOODS,2016-03,PPIFCG,WPSFD49502,adjacent_vintage_bridge,2016-02,2016-03,1983-04-01,0.0009925559127514916,0.0009925559127514916,0.0
2,PPI_FINISHED_CONSUMER_GOODS__2016-03__PPIFCG__to__WPSFD49502,PPI_FINISHED_CONSUMER_GOODS,2016-03,PPIFCG,WPSFD49502,adjacent_vintage_bridge,2016-02,2016-03,1983-05-01,0.0029747171167429087,0.0029747171167429087,0.0
2,PPI_FINISHED_CONSUMER_GOODS__2016-03__PPIFCG__to__WPSFD49502,PPI_FINISHED_CONSUMER_GOODS,2016-03,PPIFCG,WPSFD49502,adjacent_vintage_bridge,2016-02,2016-03,1983-06-01,-8.822703365218842e-06,-8.822703365218842e-06,0.0
2,PPI_FINISHED_CONSUMER_GOODS__2016-03__PPIFCG__to__WPSFD49502,PPI_FINISHED_CONSUMER_GOODS,2016-03,PPIFCG,WPSFD49502,adjacent_vintage_bridge,2016-02,2016-03,1983-07-01,-0.00296589441337769,-0.00296589441337769,0.0
2,PPI_FINISHED_CONSUMER_GOODS__2016-03__PPIFCG__to__WPSFD49502,PPI_FINISHED_CONSUMER_GOODS,2016-03,PPIFCG,WPSFD49502,adjacent_vintage_bridge,2016-02,2016-03,1983-08-01,0.0029571238897441177,0.0029571238897441177,0.0
2,PPI_FINISHED_CONSUMER_GOODS__2016-03__PPIFCG__to__WPSFD49502,PPI_FINISHED_CONSUMER_GOODS,2016-03,PPIFCG,WPSFD49502,adjacent_vintage_bridge,2016-02,2016-03,1983-09-01,-0.0009905549177036121,-0.0009905549177036121,0.0
2,PPI_FINISHED_CONSUMER_GOODS__2016-03__PPIFCG__to__WPSFD49502,PPI_FINISHED_CONSUMER_GOODS,2016-03,PPIFCG,WPSFD49502,adjacent_vintage_bridge,2016-02,2016-03,1983-10-01,-0.0009847328597833993,-0.0009847328597833993,0.0
2,PPI_FINISHED_CONSUMER_GOODS__2016-03__PPIFCG__to__WPSFD49502,PPI_FINISHED_CONSUMER_GOODS,2016-03,PPIFCG,WPSFD49502,adjacent_vintage_bridge,2016-02,2016-03,1983-11-01,-0.004914977859094449,-0.004914977859094449,0.0
2,PPI_FINISHED_CONSUMER_GOODS__2016-03__PPIFCG__to__WPSFD49502,PPI_FINISHED_CONSUMER_GOODS,2016-03,PPIFCG,WPSFD49502,adjacent_vintage_bridge,2016-02,2016-03,1983-12-01,0.007866283493674686,0.007866283493674686,0.0
2,PPI_FINISHED_CONSUMER_GOODS__2016-03__PPIFCG__to__WPSFD49502,PPI_FINISHED_CONSUMER_GOODS,2016-03,PPIFCG,WPSFD49502,adjacent_vintage_bridge,2016-02,2016-03,1984-01-01,0.0038870349589963382,0.0038870349589963382,0.0
2,PPI_FINISHED_CONSUMER_GOODS__2016-03__PPIFCG__to__WPSFD49502,PPI_FINISHED_CONSUMER_GOODS,2016-03,PPIFCG,WPSFD49502,adjacent_vintage_bridge,2016-02,2016-03,1984-02-01,-0.003932902617432177,-0.003932902617432177,0.0
2,PPI_FINISHED_CONSUMER_GOODS__2016-03__PPIFCG__to__WPSFD49502,PPI_FINISHED_CONSUMER_GOODS,2016-03,PPIFCG,WPSFD49502,adjacent_vintage_bridge,2016-02,2016-03,1984-03-01,0.0009506647140664626,0.0009506647140664626,0.0
2,PPI_FINISHED_CONSUMER_GOODS__2016-03__PPIFCG__to__WPSFD49502,PPI_FINISHED_CONSUMER_GOODS,2016-03,PPIFCG,WPSFD49502,adjacent_vintage_bridge,2016-02,2016-03,1984-04-01,-0.00580365592242682,-0.00580365592242682,0.0
2,PPI_FINISHED_CONSUMER_GOODS__2016-03__PPIFCG__to__WPSFD49502,PPI_FINISHED_CONSUMER_GOODS,2016-03,PPIFCG,WPSFD49502,adjacent_vintage_bridge,2016-02,2016-03,1984-05-01,0.0009657171199588532,0.0009657171199588532,0.0
2,PPI_FINISHED_CONSUMER_GOODS__2016-03__PPIFCG__to__WPSFD49502,PPI_FINISHED_CONSUMER_GOODS,2016-03,PPIFCG,WPSFD49502,adjacent_vintage_bridge,2016-02,2016-03,1984-06-01,-0.0009666506310948009,-0.0009666506310948009,0.0
2,PPI_FINISHED_CONSUMER_GOODS__2016-03__PPIFCG__to__WPSFD49502,PPI_FINISHED_CONSUMER_GOODS,2016-03,PPIFCG,WPSFD49502,adjacent_vintage_bridge,2016-02,2016-03,1984-07-01,0.002899018382148455,0.002899018382148455,0.0
2,PPI_FINISHED_CONSUMER_GOODS__2016-03__PPIFCG__to__WPSFD49502,PPI_FINISHED_CONSUMER_GOODS,2016-03,PPIFCG,WPSFD49502,adjacent_vintage_bridge,2016-02,2016-03,1984-08-01,-0.004832321450843224,-0.004832321450843224,0.0
2,PPI_FINISHED_CONSUMER_GOODS__2016-03__PPIFCG__to__WPSFD49502,PPI_FINISHED_CONSUMER_GOODS,2016-03,PPIFCG,WPSFD49502,adjacent_vintage_bridge,2016-02,2016-03,1984-09-01,0.0019314306216591248,0.0019314306216591248,0.0
2,PPI_FINISHED_CONSUMER_GOODS__2016-03__PPIFCG__to__WPSFD49502,PPI_FINISHED_CONSUMER_GOODS,2016-03,PPIFCG,WPSFD49502,adjacent_vintage_bridge,2016-02,2016-03,1984-10-01,-9.389464175058038e-07,-9.389464175058038e-07,0.0
2,PPI_FINISHED_CONSUMER_GOODS__2016-03__PPIFCG__to__WPSFD49502,PPI_FINISHED_CONSUMER_GOODS,2016-03,PPIFCG,WPSFD49502,adjacent_vintage_bridge,2016-02,2016-03,1984-11-01,0.003875033075962264,0.003875033075962264,0.0
2,PPI_FINISHED_CONSUMER_GOODS__2016-03__PPIFCG__to__WPSFD49502,PPI_FINISHED_CONSUMER_GOODS,2016-03,PPIFCG,WPSFD49502,adjacent_vintage_bridge,2016-02,2016-03,1984-12-01,-0.001938920420319512,-0.001938920420319512,0.0
2,PPI_FINISHED_CONSUMER_GOODS__2016-03__PPIFCG__to__WPSFD49502,PPI_FINISHED_CONSUMER_GOODS,2016-03,PPIFCG,WPSFD49502,adjacent_vintage_bridge,2016-02,2016-03,1985-01-01,-0.0019333012621896017,-0.0019333012621896017,0.0
2,PPI_FINISHED_CONSUMER_GOODS__2016-03__PPIFCG__to__WPSFD49502,PPI_FINISHED_CONSUMER_GOODS,2016-03,PPIFCG,WPSFD49502,adjacent_vintage_bridge,2016-02,2016-03,1985-02-01,0.0009666506310948009,0.0009666506310948009,0.0
2,PPI_FINISHED_CONSUMER_GOODS__2016-03__PPIFCG__to__WPSFD49502,PPI_FINISHED_CONSUMER_GOODS,2016-03,PPIFCG,WPSFD49502,adjacent_vintage_bridge,2016-02,2016-03,1985-03-01,-0.0009675859487359162,-0.0009675859487359162,0.0
2,PPI_FINISHED_CONSUMER_GOODS__2016-03__PPIFCG__to__WPSFD49502,PPI_FINISHED_CONSUMER_GOODS,2016-03,PPIFCG,WPSFD49502,adjacent_vintage_bridge,2016-02,2016-03,1985-04-01,0.006759107928324681,0.006759107928324681,0.0
2,PPI_FINISHED_CONSUMER_GOODS__2016-03__PPIFCG__to__WPSFD49502,PPI_FINISHED_CONSUMER_GOODS,2016-03,PPIFCG,WPSFD49502,adjacent_vintage_bridge,2016-02,2016-03,1985-05-01,-0.002908290765503807,-0.002908290765503807,0.0
2,PPI_FINISHED_CONSUMER_GOODS__2016-03__PPIFCG__to__WPSFD49502,PPI_FINISHED_CONSUMER_GOODS,2016-03,PPIFCG,WPSFD49502,adjacent_vintage_bridge,2016-02,2016-03,1985-06-01,-0.006729389801563457,-0.006729389801563457,0.0
2,PPI_FINISHED_CONSUMER_GOODS__2016-03__PPIFCG__to__WPSFD49502,PPI_FINISHED_CONSUMER_GOODS,2016-03,PPIFCG,WPSFD49502,adjacent_vintage_bridge,2016-02,2016-03,1985-07-01,0.0038461585874784987,0.0038461585874784987,0.0
2,PPI_FINISHED_CONSUMER_GOODS__2016-03__PPIFCG__to__WPSFD49502,PPI_FINISHED_CONSUMER_GOODS,2016-03,PPIFCG,WPSFD49502,adjacent_vintage_bridge,2016-02,2016-03,1985-08-01,-0.0019286409064056542,-0.0019286409064056542,0.0
2,PPI_FINISHED_CONSUMER_GOODS__2016-03__PPIFCG__to__WPSFD49502,PPI_FINISHED_CONSUMER_GOODS,2016-03,PPIFCG,WPSFD49502,adjacent_vintage_bridge,2016-02,2016-03,1985-09-01,-0.00485104607897302,-0.00485104607897302,0.0
2,PPI_FINISHED_CONSUMER_GOODS__2016-03__PPIFCG__to__WPSFD49502,PPI_FINISHED_CONSUMER_GOODS,2016-03,PPIFCG,WPSFD49502,adjacent_vintage_bridge,2016-02,2016-03,1985-10-01,0.016450942250556544,0.016450942250556544,0.0
2,PPI_FINISHED_CONSUMER_GOODS__2016-03__PPIFCG__to__WPSFD49502,PPI_FINISHED_CONSUMER_GOODS,2016-03,PPIFCG,WPSFD49502,adjacent_vintage_bridge,2016-02,2016-03,1985-11-01,-0.0029566017395366018,-0.0029566017395366018,0.0
2,PPI_FINISHED_CONSUMER_GOODS__2016-03__PPIFCG__to__WPSFD49502,PPI_FINISHED_CONSUMER_GOODS,2016-03,PPIFCG,WPSFD49502,adjacent_vintage_bridge,2016-02,2016-03,1985-12-01,-4.478601653445935e-05,-4.478601653445935e-05,0.0
2,PPI_FINISHED_CONSUMER_GOODS__2016-03__PPIFCG__to__WPSFD49502,PPI_FINISHED_CONSUMER_GOODS,2016-03,PPIFCG,WPSFD49502,adjacent_vintage_bridge,2016-02,2016-03,1986-01-01,-0.013339735018213617,-0.013339735018213617,0.0
2,PPI_FINISHED_CONSUMER_GOODS__2016-03__PPIFCG__to__WPSFD49502,PPI_FINISHED_CONSUMER_GOODS,2016-03,PPIFCG,WPSFD49502,adjacent_vintage_bridge,2016-02,2016-03,1986-02-01,-0.010688331100650927,-0.010688331100650927,0.0
2,PPI_FINISHED_CONSUMER_GOODS__2016-03__PPIFCG__to__WPSFD49502,PPI_FINISHED_CONSUMER_GOODS,2016-03,PPIFCG,WPSFD49502,adjacent_vintage_bridge,2016-02,2016-03,1986-03-01,-0.0003066375700475632,-0.0003066375700475632,0.0
2,PPI_FINISHED_CONSUMER_GOODS__2016-03__PPIFCG__to__WPSFD49502,PPI_FINISHED_CONSUMER_GOODS,2016-03,PPIFCG,WPSFD49502,adjacent_vintage_bridge,2016-02,2016-03,1986-04-01,0.010710014306435589,0.010710014306435589,0.0
2,PPI_FINISHED_CONSUMER_GOODS__2016-03__PPIFCG__to__WPSFD49502,PPI_FINISHED_CONSUMER_GOODS,2016-03,PPIFCG,WPSFD49502,adjacent_vintage_bridge,2016-02,2016-03,1986-05-01,0.01390964374673942,0.01390964374673942,0.0
2,PPI_FINISHED_CONSUMER_GOODS__2016-03__PPIFCG__to__WPSFD49502,PPI_FINISHED_CONSUMER_GOODS,2016-03,PPIFCG,WPSFD49502,adjacent_vintage_bridge,2016-02,2016-03,1986-06-01,-0.004976581861264151,-0.004976581861264151,0.0
2,PPI_FINISHED_CONSUMER_GOODS__2016-03__PPIFCG__to__WPSFD49502,PPI_FINISHED_CONSUMER_GOODS,2016-03,PPIFCG,WPSFD49502,adjacent_vintage_bridge,2016-02,2016-03,1986-07-01,-0.011908808214706745,-0.011908808214706745,0.0
2,PPI_FINISHED_CONSUMER_GOODS__2016-03__PPIFCG__to__WPSFD49502,PPI_FINISHED_CONSUMER_GOODS,2016-03,PPIFCG,WPSFD49502,adjacent_vintage_bridge,2016-02,2016-03,1986-08-01,0.014908179276353906,0.014908179276353906,0.0
2,PPI_FINISHED_CONSUMER_GOODS__2016-03__PPIFCG__to__WPSFD49502,PPI_FINISHED_CONSUMER_GOODS,2016-03,PPIFCG,WPSFD49502,adjacent_vintage_bridge,2016-02,2016-03,1986-09-01,-0.0029934834387059794,-0.0029934834387059794,0.0
2,PPI_FINISHED_CONSUMER_GOODS__2016-03__PPIFCG__to__WPSFD49502,PPI_FINISHED_CONSUMER_GOODS,2016-03,PPIFCG,WPSFD49502,adjacent_vintage_bridge,2016-02,2016-03,1986-10-01,0.003944743487231506,0.003944743487231506,0.0
2,PPI_FINISHED_CONSUMER_GOODS__2016-03__PPIFCG__to__WPSFD49502,PPI_FINISHED_CONSUMER_GOODS,2016-03,PPIFCG,WPSFD49502,adjacent_vintage_bridge,2016-02,2016-03,1986-11-01,-0.006914578447037023,-0.006914578447037023,0.0
2,PPI_FINISHED_CONSUMER_GOODS__2016-03__PPIFCG__to__WPSFD49502,PPI_FINISHED_CONSUMER_GOODS,2016-03,PPIFCG,WPSFD49502,adjacent_vintage_bridge,2016-02,2016-03,1986-12-01,0.0019714146495175555,0.0019714146495175555,0.0
2,PPI_FINISHED_CONSUMER_GOODS__2016-03__PPIFCG__to__WPSFD49502,PPI_FINISHED_CONSUMER_GOODS,2016-03,PPIFCG,WPSFD49502,adjacent_vintage_bridge,2016-02,2016-03,1987-01-01,0.004908219364018862,0.004908219364018862,0.0
2,PPI_FINISHED_CONSUMER_GOODS__2016-03__PPIFCG__to__WPSFD49502,PPI_FINISHED_CONSUMER_GOODS,2016-03,PPIFCG,WPSFD49502,adjacent_vintage_bridge,2016-02,2016-03,1987-02-01,-0.001983853280933978,-0.001983853280933978,0.0
2,PPI_FINISHED_CONSUMER_GOODS__2016-03__PPIFCG__to__WPSFD49502,PPI_FINISHED_CONSUMER_GOODS,2016-03,PPIFCG,WPSFD49502,adjacent_vintage_bridge,2016-02,2016-03,1987-03-01,-0.0029349392496378357,-0.0029349392496378357,0.0
2,PPI_FINISHED_CONSUMER_GOODS__2016-03__PPIFCG__to__WPSFD49502,PPI_FINISHED_CONSUMER_GOODS,2016-03,PPIFCG,WPSFD49502,adjacent_vintage_bridge,2016-02,2016-03,1987-04-01,0.005824309230717972,0.005824309230717972,0.0
2,PPI_FINISHED_CONSUMER_GOODS__2016-03__PPIFCG__to__WPSFD49502,PPI_FINISHED_CONSUMER_GOODS,2016-03,PPIFCG,WPSFD49502,adjacent_vintage_bridge,2016-02,2016-03,1987-05-01,-0.005831857440187882,-0.005831857440187882,0.0
2,PPI_FINISHED_CONSUMER_GOODS__2016-03__PPIFCG__to__WPSFD49502,PPI_FINISHED_CONSUMER_GOODS,2016-03,PPIFCG,WPSFD49502,adjacent_vintage_bridge,2016-02,2016-03,1987-06-01,0.002893422708723392,0.002893422708723392,0.0
2,PPI_FINISHED_CONSUMER_GOODS__2016-03__PPIFCG__to__WPSFD49502,PPI_FINISHED_CONSUMER_GOODS,2016-03,PPIFCG,WPSFD49502,adjacent_vintage_bridge,2016-02,2016-03,1987-07-01,-0.0019360802478747274,-0.0019360802478747274,0.0
2,PPI_FINISHED_CONSUMER_GOODS__2016-03__PPIFCG__to__WPSFD49502,PPI_FINISHED_CONSUMER_GOODS,2016-03,PPIFCG,WPSFD49502,adjacent_vintage_bridge,2016-02,2016-03,1987-08-01,-3.6982316906630786e-06,-3.6982316906630786e-06,0.0
2,PPI_FINISHED_CONSUMER_GOODS__2016-03__PPIFCG__to__WPSFD49502,PPI_FINISHED_CONSUMER_GOODS,2016-03,PPIFCG,WPSFD49502,adjacent_vintage_bridge,2016-02,2016-03,1987-09-01,0.0009537119077052125,0.0009537119077052125,0.0
2,PPI_FINISHED_CONSUMER_GOODS__2016-03__PPIFCG__to__WPSFD49502,PPI_FINISHED_CONSUMER_GOODS,2016-03,PPIFCG,WPSFD49502,adjacent_vintage_bridge,2016-02,2016-03,1987-10-01,-0.0038323380419260644,-0.0038323380419260644,0.0
2,PPI_FINISHED_CONSUMER_GOODS__2016-03__PPIFCG__to__WPSFD49502,PPI_FINISHED_CONSUMER_GOODS,2016-03,PPIFCG,WPSFD49502,adjacent_vintage_bridge,2016-02,2016-03,1987-11-01,-9.174854849192116e-07,-9.174854849192116e-07,0.0
2,PPI_FINISHED_CONSUMER_GOODS__2016-03__PPIFCG__to__WPSFD49502,PPI_FINISHED_CONSUMER_GOODS,2016-03,PPIFCG,WPSFD49502,adjacent_vintage_bridge,2016-02,2016-03,1987-12-01,-0.0009610729439915033,-0.0009610729439915033,0.0
2,PPI_FINISHED_CONSUMER_GOODS__2016-03__PPIFCG__to__WPSFD49502,PPI_FINISHED_CONSUMER_GOODS,2016-03,PPIFCG,WPSFD49502,adjacent_vintage_bridge,2016-02,2016-03,1988-01-01,0.00671096239570268,0.00671096239570268,0.0
2,PPI_FINISHED_CONSUMER_GOODS__2016-03__PPIFCG__to__WPSFD49502,PPI_FINISHED_CONSUMER_GOODS,2016-03,PPIFCG,WPSFD49502,adjacent_vintage_bridge,2016-02,2016-03,1988-02-01,-0.0067054521921834365,-0.0067054521921834365,0.0
2,PPI_FINISHED_CONSUMER_GOODS__2016-03__PPIFCG__to__WPSFD49502,PPI_FINISHED_CONSUMER_GOODS,2016-03,PPIFCG,WPSFD49502,adjacent_vintage_bridge,2016-02,2016-03,1988-03-01,0.00478331861023662,0.00478331861023662,0.0
2,PPI_FINISHED_CONSUMER_GOODS__2016-03__PPIFCG__to__WPSFD49502,PPI_FINISHED_CONSUMER_GOODS,2016-03,PPIFCG,WPSFD49502,adjacent_vintage_bridge,2016-02,2016-03,1988-04-01,0.0018947399991660063,0.0018947399991660063,0.0
2,PPI_FINISHED_CONSUMER_GOODS__2016-03__PPIFCG__to__WPSFD49502,PPI_FINISHED_CONSUMER_GOODS,2016-03,PPIFCG,WPSFD49502,adjacent_vintage_bridge,2016-02,2016-03,1988-05-01,-0.0028648466234661996,-0.0028648466234661996,0.0
2,PPI_FINISHED_CONSUMER_GOODS__2016-03__PPIFCG__to__WPSFD49502,PPI_FINISHED_CONSUMER_GOODS,2016-03,PPIFCG,WPSFD49502,adjacent_vintage_bridge,2016-02,2016-03,1988-06-01,0.0009429209652775938,0.0009429209652775938,0.0
2,PPI_FINISHED_CONSUMER_GOODS__2016-03__PPIFCG__to__WPSFD49502,PPI_FINISHED_CONSUMER_GOODS,2016-03,PPIFCG,WPSFD49502,adjacent_vintage_bridge,2016-02,2016-03,1988-07-01,0.005636362086621993,0.005636362086621993,0.0
2,PPI_FINISHED_CONSUMER_GOODS__2016-03__PPIFCG__to__WPSFD49502,PPI_FINISHED_CONSUMER_GOODS,2016-03,PPIFCG,WPSFD49502,adjacent_vintage_bridge,2016-02,2016-03,1988-08-01,-0.003799153133592803,-0.003799153133592803,0.0
2,PPI_FINISHED_CONSUMER_GOODS__2016-03__PPIFCG__to__WPSFD49502,PPI_FINISHED_CONSUMER_GOODS,2016-03,PPIFCG,WPSFD49502,adjacent_vintage_bridge,2016-02,2016-03,1988-09-01,-0.002813793539009346,-0.002813793539009346,0.0
2,PPI_FINISHED_CONSUMER_GOODS__2016-03__PPIFCG__to__WPSFD49502,PPI_FINISHED_CONSUMER_GOODS,2016-03,PPIFCG,WPSFD49502,adjacent_vintage_bridge,2016-02,2016-03,1988-10-01,-3.474251885293711e-06,-3.474251885293711e-06,0.0
2,PPI_FINISHED_CONSUMER_GOODS__2016-03__PPIFCG__to__WPSFD49502,PPI_FINISHED_CONSUMER_GOODS,2016-03,PPIFCG,WPSFD49502,adjacent_vintage_bridge,2016-02,2016-03,1988-11-01,0.0018518267653071518,0.0018518267653071518,0.0
2,PPI_FINISHED_CONSUMER_GOODS__2016-03__PPIFCG__to__WPSFD49502,PPI_FINISHED_CONSUMER_GOODS,2016-03,PPIFCG,WPSFD49502,adjacent_vintage_bridge,2016-02,2016-03,1988-12-01,-1.374295351563859e-05,-1.374295351563859e-05,0.0
2,PPI_FINISHED_CONSUMER_GOODS__2016-03__PPIFCG__to__WPSFD49502,PPI_FINISHED_CONSUMER_GOODS,2016-03,PPIFCG,WPSFD49502,adjacent_vintage_bridge,2016-02,2016-03,1989-01-01,0.0073191135067549595,0.0073191135067549595,0.0
2,PPI_FINISHED_CONSUMER_GOODS__2016-03__PPIFCG__to__WPSFD49502,PPI_FINISHED_CONSUMER_GOODS,2016-03,PPIFCG,WPSFD49502,adjacent_vintage_bridge,2016-02,2016-03,1989-02-01,-0.0019284235483585377,-0.0019284235483585377,0.0
2,PPI_FINISHED_CONSUMER_GOODS__2016-03__PPIFCG__to__WPSFD49502,PPI_FINISHED_CONSUMER_GOODS,2016-03,PPIFCG,WPSFD49502,adjacent_vintage_bridge,2016-02,2016-03,1989-03-01,-0.005477598302738862,-0.005477598302738862,0.0
2,PPI_FINISHED_CONSUMER_GOODS__2016-03__PPIFCG__to__WPSFD49502,PPI_FINISHED_CONSUMER_GOODS,2016-03,PPIFCG,WPSFD49502,adjacent_vintage_bridge,2016-02,2016-03,1989-04-01,0.005363347563045018,0.005363347563045018,0.0
2,PPI_FINISHED_CONSUMER_GOODS__2016-03__PPIFCG__to__WPSFD49502,PPI_FINISHED_CONSUMER_GOODS,2016-03,PPIFCG,WPSFD49502,adjacent_vintage_bridge,2016-02,2016-03,1989-05-01,-7.986512382185396e-05,-7.986512382185396e-05,0.0
2,PPI_FINISHED_CONSUMER_GOODS__2016-03__PPIFCG__to__WPSFD49502,PPI_FINISHED_CONSUMER_GOODS,2016-03,PPIFCG,WPSFD49502,adjacent_vintage_bridge,2016-02,2016-03,1989-06-01,-0.010669905947622738,-0.010669905947622738,0.0
2,PPI_FINISHED_CONSUMER_GOODS__2016-03__PPIFCG__to__WPSFD49502,PPI_FINISHED_CONSUMER_GOODS,2016-03,PPIFCG,WPSFD49502,adjacent_vintage_bridge,2016-02,2016-03,1989-07-01,-0.0008924334762534514,-0.0008924334762534514,0.0
2,PPI_FINISHED_CONSUMER_GOODS__2016-03__PPIFCG__to__WPSFD49502,PPI_FINISHED_CONSUMER_GOODS,2016-03,PPIFCG,WPSFD49502,adjacent_vintage_bridge,2016-02,2016-03,1989-08-01,-0.003581747798296675,-0.003581747798296675,0.0
2,PPI_FINISHED_CONSUMER_GOODS__2016-03__PPIFCG__to__WPSFD49502,PPI_FINISHED_CONSUMER_GOODS,2016-03,PPIFCG,WPSFD49502,adjacent_vintage_bridge,2016-02,2016-03,1989-09-01,0.013383746953755882,0.013383746953755882,0.0
2,PPI_FINISHED_CONSUMER_GOODS__2016-03__PPIFCG__to__WPSFD49502,PPI_FINISHED_CONSUMER_GOODS,2016-03,PPIFCG,WPSFD49502,adjacent_vintage_bridge,2016-02,2016-03,1989-10-01,-0.0018173540917194586,-0.0018173540917194586,0.0
2,PPI_FINISHED_CONSUMER_GOODS__2016-03__PPIFCG__to__WPSFD49502,PPI_FINISHED_CONSUMER_GOODS,2016-03,PPIFCG,WPSFD49502,adjacent_vintage_bridge,2016-02,2016-03,1989-11-01,-0.00443537883059264,-0.00443537883059264,0.0
2,PPI_FINISHED_CONSUMER_GOODS__2016-03__PPIFCG__to__WPSFD49502,PPI_FINISHED_CONSUMER_GOODS,2016-03,PPIFCG,WPSFD49502,adjacent_vintage_bridge,2016-02,2016-03,1989-12-01,0.00703530845193967,0.00703530845193967,0.0
2,PPI_FINISHED_CONSUMER_GOODS__2016-03__PPIFCG__to__WPSFD49502,PPI_FINISHED_CONSUMER_GOODS,2016-03,PPIFCG,WPSFD49502,adjacent_vintage_bridge,2016-02,2016-03,1990-01-01,0.016324520511045826,0.016324520511045826,0.0
2,PPI_FINISHED_CONSUMER_GOODS__2016-03__PPIFCG__to__WPSFD49502,PPI_FINISHED_CONSUMER_GOODS,2016-03,PPIFCG,WPSFD49502,adjacent_vintage_bridge,2016-02,2016-03,1990-02-01,-0.025955940795506116,-0.025955940795506116,0.0
2,PPI_FINISHED_CONSUMER_GOODS__2016-03__PPIFCG__to__WPSFD49502,PPI_FINISHED_CONSUMER_GOODS,2016-03,PPIFCG,WPSFD49502,adjacent_vintage_bridge,2016-02,2016-03,1990-03-01,-0.0017211505823784279,-0.0017211505823784279,0.0
2,PPI_FINISHED_CONSUMER_GOODS__2016-03__PPIFCG__to__WPSFD49502,PPI_FINISHED_CONSUMER_GOODS,2016-03,PPIFCG,WPSFD49502,adjacent_vintage_bridge,2016-02,2016-03,1990-04-01,0.0017123089471189346,0.0017123089471189346,0.0
2,PPI_FINISHED_CONSUMER_GOODS__2016-03__PPIFCG__to__WPSFD49502,PPI_FINISHED_CONSUMER_GOODS,2016-03,PPIFCG,WPSFD49502,adjacent_vintage_bridge,2016-02,2016-03,1990-05-01,0.0034423416415449992,0.0034423416415449992,0.0
2,PPI_FINISHED_CONSUMER_GOODS__2016-03__PPIFCG__to__WPSFD49502,PPI_FINISHED_CONSUMER_GOODS,2016-03,PPIFCG,WPSFD49502,adjacent_vintage_bridge,2016-02,2016-03,1990-06-01,-0.0017211708207724996,-0.0017211708207724996,0.0
2,PPI_FINISHED_CONSUMER_GOODS__2016-03__PPIFCG__to__WPSFD49502,PPI_FINISHED_CONSUMER_GOODS,2016-03,PPIFCG,WPSFD49502,adjacent_vintage_bridge,2016-02,2016-03,1990-07-01,0.002576214391773135,0.002576214391773135,0.0
2,PPI_FINISHED_CONSUMER_GOODS__2016-03__PPIFCG__to__WPSFD49502,PPI_FINISHED_CONSUMER_GOODS,2016-03,PPIFCG,WPSFD49502,adjacent_vintage_bridge,2016-02,2016-03,1990-08-01,0.01105261666383317,0.01105261666383317,0.0
2,PPI_FINISHED_CONSUMER_GOODS__2016-03__PPIFCG__to__WPSFD49502,PPI_FINISHED_CONSUMER_GOODS,2016-03,PPIFCG,WPSFD49502,adjacent_vintage_bridge,2016-02,2016-03,1990-09-01,0.0014848067544415144,0.0014848067544415144,0.0
2,PPI_FINISHED_CONSUMER_GOODS__2016-03__PPIFCG__to__WPSFD49502,PPI_FINISHED_CONSUMER_GOODS,2016-03,PPIFCG,WPSFD49502,adjacent_vintage_bridge,2016-02,2016-03,1990-10-01,-0.002691117811490784,-0.002691117811490784,0.0
2,PPI_FINISHED_CONSUMER_GOODS__2016-03__PPIFCG__to__WPSFD49502,PPI_FINISHED_CONSUMER_GOODS,2016-03,PPIFCG,WPSFD49502,adjacent_vintage_bridge,2016-02,2016-03,1990-11-01,-0.005859740086033405,-0.005859740086033405,0.0
2,PPI_FINISHED_CONSUMER_GOODS__2016-03__PPIFCG__to__WPSFD49502,PPI_FINISHED_CONSUMER_GOODS,2016-03,PPIFCG,WPSFD49502,adjacent_vintage_bridge,2016-02,2016-03,1990-12-01,-0.01394894398025226,-0.01394894398025226,0.0
2,PPI_FINISHED_CONSUMER_GOODS__2016-03__PPIFCG__to__WPSFD49502,PPI_FINISHED_CONSUMER_GOODS,2016-03,PPIFCG,WPSFD49502,adjacent_vintage_bridge,2016-02,2016-03,1991-01-01,0.012316330175587531,0.012316330175587531,0.0
2,PPI_FINISHED_CONSUMER_GOODS__2016-03__PPIFCG__to__WPSFD49502,PPI_FINISHED_CONSUMER_GOODS,2016-03,PPIFCG,WPSFD49502,adjacent_vintage_bridge,2016-02,2016-03,1991-02-01,-0.014814925340401075,-0.014814925340401075,0.0
2,PPI_FINISHED_CONSUMER_GOODS__2016-03__PPIFCG__to__WPSFD49502,PPI_FINISHED_CONSUMER_GOODS,2016-03,PPIFCG,WPSFD49502,adjacent_vintage_bridge,2016-02,2016-03,1991-03-01,0.004905495832934648,0.004905495832934648,0.0
2,PPI_FINISHED_CONSUMER_GOODS__2016-03__PPIFCG__to__WPSFD49502,PPI_FINISHED_CONSUMER_GOODS,2016-03,PPIFCG,WPSFD49502,adjacent_vintage_bridge,2016-02,2016-03,1991-04-01,0.004979263399607525,0.004979263399607525,0.0
2,PPI_FINISHED_CONSUMER_GOODS__2016-03__PPIFCG__to__WPSFD49502,PPI_FINISHED_CONSUMER_GOODS,2016-03,PPIFCG,WPSFD49502,adjacent_vintage_bridge,2016-02,2016-03,1991-05-01,0.001662510773613235,0.001662510773613235,0.0
2,PPI_FINISHED_CONSUMER_GOODS__2016-03__PPIFCG__to__WPSFD49502,PPI_FINISHED_CONSUMER_GOODS,2016-03,PPIFCG,WPSFD49502,adjacent_vintage_bridge,2016-02,2016-03,1991-06-01,-0.004157314562395875,-0.004157314562395875,0.0
2,PPI_FINISHED_CONSUMER_GOODS__2016-03__PPIFCG__to__WPSFD49502,PPI_FINISHED_CONSUMER_GOODS,2016-03,PPIFCG,WPSFD49502,adjacent_vintage_bridge,2016-02,2016-03,1991-07-01,-0.0016770837806232564,-0.0016770837806232564,0.0
2,PPI_FINISHED_CONSUMER_GOODS__2016-03__PPIFCG__to__WPSFD49502,PPI_FINISHED_CONSUMER_GOODS,2016-03,PPIFCG,WPSFD49502,adjacent_vintage_bridge,2016-02,2016-03,1991-08-01,0.006677108086342365,0.006677108086342365,0.0
2,PPI_FINISHED_CONSUMER_GOODS__2016-03__PPIFCG__to__WPSFD49502,PPI_FINISHED_CONSUMER_GOODS,2016-03,PPIFCG,WPSFD49502,adjacent_vintage_bridge,2016-02,2016-03,1991-09-01,-0.00083855346446704,-0.00083855346446704,0.0
2,PPI_FINISHED_CONSUMER_GOODS__2016-03__PPIFCG__to__WPSFD49502,PPI_FINISHED_CONSUMER_GOODS,2016-03,PPIFCG,WPSFD49502,adjacent_vintage_bridge,2016-02,2016-03,1991-10-01,0.0016583567923023068,0.0016583567923023068,0.0
2,PPI_FINISHED_CONSUMER_GOODS__2016-03__PPIFCG__to__WPSFD49502,PPI_FINISHED_CONSUMER_GOODS,2016-03,PPIFCG,WPSFD49502,adjacent_vintage_bridge,2016-02,2016-03,1991-11-01,0.000815768821260221,0.000815768821260221,0.0
2,PPI_FINISHED_CONSUMER_GOODS__2016-03__PPIFCG__to__WPSFD49502,PPI_FINISHED_CONSUMER_GOODS,2016-03,PPIFCG,WPSFD49502,adjacent_vintage_bridge,2016-02,2016-03,1991-12-01,-0.005795052762058717,-0.005795052762058717,0.0
2,PPI_FINISHED_CONSUMER_GOODS__2016-03__PPIFCG__to__WPSFD49502,PPI_FINISHED_CONSUMER_GOODS,2016-03,PPIFCG,WPSFD49502,adjacent_vintage_bridge,2016-02,2016-03,1992-01-01,-0.0016624925299675297,-0.0016624925299675297,0.0
2,PPI_FINISHED_CONSUMER_GOODS__2016-03__PPIFCG__to__WPSFD49502,PPI_FINISHED_CONSUMER_GOODS,2016-03,PPIFCG,WPSFD49502,adjacent_vintage_bridge,2016-02,2016-03,1992-02-01,0.006633505251988581,0.006633505251988581,0.0
2,PPI_FINISHED_CONSUMER_GOODS__2016-03__PPIFCG__to__WPSFD49502,PPI_FINISHED_CONSUMER_GOODS,2016-03,PPIFCG,WPSFD49502,adjacent_vintage_bridge,2016-02,2016-03,1992-03-01,-0.0033167526259942903,-0.0033167526259942903,0.0
2,PPI_FINISHED_CONSUMER_GOODS__2016-03__PPIFCG__to__WPSFD49502,PPI_FINISHED_CONSUMER_GOODS,2016-03,PPIFCG,WPSFD49502,adjacent_vintage_bridge,2016-02,2016-03,1992-04-01,0.0008274721200320911,0.0008274721200320911,0.0
2,PPI_FINISHED_CONSUMER_GOODS__2016-03__PPIFCG__to__WPSFD49502,PPI_FINISHED_CONSUMER_GOODS,2016-03,PPIFCG,WPSFD49502,adjacent_vintage_bridge,2016-02,2016-03,1992-05-01,0.0032996488846190886,0.0032996488846190886,0.0
2,PPI_FINISHED_CONSUMER_GOODS__2016-03__PPIFCG__to__WPSFD49502,PPI_FINISHED_CONSUMER_GOODS,2016-03,PPIFCG,WPSFD49502,adjacent_vintage_bridge,2016-02,2016-03,1992-06-01,-1.696314282284561e-05,-1.696314282284561e-05,0.0
2,PPI_FINISHED_CONSUMER_GOODS__2016-03__PPIFCG__to__WPSFD49502,PPI_FINISHED_CONSUMER_GOODS,2016-03,PPIFCG,WPSFD49502,adjacent_vintage_bridge,2016-02,2016-03,1992-07-01,-0.004110157861828334,-0.004110157861828334,0.0
2,PPI_FINISHED_CONSUMER_GOODS__2016-03__PPIFCG__to__WPSFD49502,PPI_FINISHED_CONSUMER_GOODS,2016-03,PPIFCG,WPSFD49502,adjacent_vintage_bridge,2016-02,2016-03,1992-08-01,0.0,0.0,0.0
2,PPI_FINISHED_CONSUMER_GOODS__2016-03__PPIFCG__to__WPSFD49502,PPI_FINISHED_CONSUMER_GOODS,2016-03,PPIFCG,WPSFD49502,adjacent_vintage_bridge,2016-02,2016-03,1992-09-01,0.003276006205900295,0.003276006205900295,0.0
2,PPI_FINISHED_CONSUMER_GOODS__2016-03__PPIFCG__to__WPSFD49502,PPI_FINISHED_CONSUMER_GOODS,2016-03,PPIFCG,WPSFD49502,adjacent_vintage_bridge,2016-02,2016-03,1992-10-01,0.0008039668140149558,0.0008039668140149558,0.0
2,PPI_FINISHED_CONSUMER_GOODS__2016-03__PPIFCG__to__WPSFD49502,PPI_FINISHED_CONSUMER_GOODS,2016-03,PPIFCG,WPSFD49502,adjacent_vintage_bridge,2016-02,2016-03,1992-11-01,-0.0057099652308458815,-0.0057099652308458815,0.0
2,PPI_FINISHED_CONSUMER_GOODS__2016-03__PPIFCG__to__WPSFD49502,PPI_FINISHED_CONSUMER_GOODS,2016-03,PPIFCG,WPSFD49502,adjacent_vintage_bridge,2016-02,2016-03,1992-12-01,0.002445320425684905,0.002445320425684905,0.0
2,PPI_FINISHED_CONSUMER_GOODS__2016-03__PPIFCG__to__WPSFD49502,PPI_FINISHED_CONSUMER_GOODS,2016-03,PPIFCG,WPSFD49502,adjacent_vintage_bridge,2016-02,2016-03,1993-01-01,0.0008133366403697551,0.0008133366403697551,0.0
2,PPI_FINISHED_CONSUMER_GOODS__2016-03__PPIFCG__to__WPSFD49502,PPI_FINISHED_CONSUMER_GOODS,2016-03,PPIFCG,WPSFD49502,adjacent_vintage_bridge,2016-02,2016-03,1993-02-01,0.0008093696723063815,0.0008093696723063815,0.0
2,PPI_FINISHED_CONSUMER_GOODS__2016-03__PPIFCG__to__WPSFD49502,PPI_FINISHED_CONSUMER_GOODS,2016-03,PPIFCG,WPSFD49502,adjacent_vintage_bridge,2016-02,2016-03,1993-03-01,-0.0008159741555626709,-0.0008159741555626709,0.0
2,PPI_FINISHED_CONSUMER_GOODS__2016-03__PPIFCG__to__WPSFD49502,PPI_FINISHED_CONSUMER_GOODS,2016-03,PPIFCG,WPSFD49502,adjacent_vintage_bridge,2016-02,2016-03,1993-04-01,0.005644826673510295,0.005644826673510295,0.0
2,PPI_FINISHED_CONSUMER_GOODS__2016-03__PPIFCG__to__WPSFD49502,PPI_FINISHED_CONSUMER_GOODS,2016-03,PPIFCG,WPSFD49502,adjacent_vintage_bridge,2016-02,2016-03,1993-05-01,-0.006462705256964796,-0.006462705256964796,0.0
2,PPI_FINISHED_CONSUMER_GOODS__2016-03__PPIFCG__to__WPSFD49502,PPI_FINISHED_CONSUMER_GOODS,2016-03,PPIFCG,WPSFD49502,adjacent_vintage_bridge,2016-02,2016-03,1993-06-01,-0.006447082695049566,-0.006447082695049566,0.0
2,PPI_FINISHED_CONSUMER_GOODS__2016-03__PPIFCG__to__WPSFD49502,PPI_FINISHED_CONSUMER_GOODS,2016-03,PPIFCG,WPSFD49502,adjacent_vintage_bridge,2016-02,2016-03,1993-07-01,0.003214732979481383,0.003214732979481383,0.0
2,PPI_FINISHED_CONSUMER_GOODS__2016-03__PPIFCG__to__WPSFD49502,PPI_FINISHED_CONSUMER_GOODS,2016-03,PPIFCG,WPSFD49502,adjacent_vintage_bridge,2016-02,2016-03,1993-08-01,-0.009801907056906423,-0.009801907056906423,0.0
2,PPI_FINISHED_CONSUMER_GOODS__2016-03__PPIFCG__to__WPSFD49502,PPI_FINISHED_CONSUMER_GOODS,2016-03,PPIFCG,WPSFD49502,adjacent_vintage_bridge,2016-02,2016-03,1993-09-01,0.01386941961349386,0.01386941961349386,0.0
2,PPI_FINISHED_CONSUMER_GOODS__2016-03__PPIFCG__to__WPSFD49502,PPI_FINISHED_CONSUMER_GOODS,2016-03,PPIFCG,WPSFD49502,adjacent_vintage_bridge,2016-02,2016-03,1993-10-01,-2.6830529646915124e-06,-2.6830529646915124e-06,0.0
2,PPI_FINISHED_CONSUMER_GOODS__2016-03__PPIFCG__to__WPSFD49502,PPI_FINISHED_CONSUMER_GOODS,2016-03,PPIFCG,WPSFD49502,adjacent_vintage_bridge,2016-02,2016-03,1993-11-01,-0.0016366615764678016,-0.0016366615764678016,0.0
2,PPI_FINISHED_CONSUMER_GOODS__2016-03__PPIFCG__to__WPSFD49502,PPI_FINISHED_CONSUMER_GOODS,2016-03,PPIFCG,WPSFD49502,adjacent_vintage_bridge,2016-02,2016-03,1993-12-01,0.0,0.0,0.0
2,PPI_FINISHED_CONSUMER_GOODS__2016-03__PPIFCG__to__WPSFD49502,PPI_FINISHED_CONSUMER_GOODS,2016-03,PPIFCG,WPSFD49502,adjacent_vintage_bridge,2016-02,2016-03,1994-01-01,0.00244998080898462,0.00244998080898462,0.0
2,PPI_FINISHED_CONSUMER_GOODS__2016-03__PPIFCG__to__WPSFD49502,PPI_FINISHED_CONSUMER_GOODS,2016-03,PPIFCG,WPSFD49502,adjacent_vintage_bridge,2016-02,2016-03,1994-02-01,-5.987739106316781e-06,-5.987739106316781e-06,0.0
2,PPI_FINISHED_CONSUMER_GOODS__2016-03__PPIFCG__to__WPSFD49502,PPI_FINISHED_CONSUMER_GOODS,2016-03,PPIFCG,WPSFD49502,adjacent_vintage_bridge,2016-02,2016-03,1994-03-01,-0.002443993069878303,-0.002443993069878303,0.0
2,PPI_FINISHED_CONSUMER_GOODS__2016-03__PPIFCG__to__WPSFD49502,PPI_FINISHED_CONSUMER_GOODS,2016-03,PPIFCG,WPSFD49502,adjacent_vintage_bridge,2016-02,2016-03,1994-04-01,0.0,0.0,0.0
2,PPI_FINISHED_CONSUMER_GOODS__2016-03__PPIFCG__to__WPSFD49502,PPI_FINISHED_CONSUMER_GOODS,2016-03,PPIFCG,WPSFD49502,adjacent_vintage_bridge,2016-02,2016-03,1994-05-01,-0.001628664855124029,-0.001628664855124029,0.0
2,PPI_FINISHED_CONSUMER_GOODS__2016-03__PPIFCG__to__WPSFD49502,PPI_FINISHED_CONSUMER_GOODS,2016-03,PPIFCG,WPSFD49502,adjacent_vintage_bridge,2016-02,2016-03,1994-06-01,0.002443328851300386,0.002443328851300386,0.0
2,PPI_FINISHED_CONSUMER_GOODS__2016-03__PPIFCG__to__WPSFD49502,PPI_FINISHED_CONSUMER_GOODS,2016-03,PPIFCG,WPSFD49502,adjacent_vintage_bridge,2016-02,2016-03,1994-07-01,0.004059431762069465,0.004059431762069465,0.0
2,PPI_FINISHED_CONSUMER_GOODS__2016-03__PPIFCG__to__WPSFD49502,PPI_FINISHED_CONSUMER_GOODS,2016-03,PPIFCG,WPSFD49502,adjacent_vintage_bridge,2016-02,2016-03,1994-08-01,-2.364162449630669e-05,-2.364162449630669e-05,0.0
2,PPI_FINISHED_CONSUMER_GOODS__2016-03__PPIFCG__to__WPSFD49502,PPI_FINISHED_CONSUMER_GOODS,2016-03,PPIFCG,WPSFD49502,adjacent_vintage_bridge,2016-02,2016-03,1994-09-01,-0.008890863670754534,-0.008890863670754534,0.0
2,PPI_FINISHED_CONSUMER_GOODS__2016-03__PPIFCG__to__WPSFD49502,PPI_FINISHED_CONSUMER_GOODS,2016-03,PPIFCG,WPSFD49502,adjacent_vintage_bridge,2016-02,2016-03,1994-10-01,0.0007962866593809181,0.0007962866593809181,0.0
2,PPI_FINISHED_CONSUMER_GOODS__2016-03__PPIFCG__to__WPSFD49502,PPI_FINISHED_CONSUMER_GOODS,2016-03,PPIFCG,WPSFD49502,adjacent_vintage_bridge,2016-02,2016-03,1994-11-01,0.009721878322312527,0.009721878322312527,0.0
2,PPI_FINISHED_CONSUMER_GOODS__2016-03__PPIFCG__to__WPSFD49502,PPI_FINISHED_CONSUMER_GOODS,2016-03,PPIFCG,WPSFD49502,adjacent_vintage_bridge,2016-02,2016-03,1994-12-01,-0.002450363774705977,-0.002450363774705977,0.0
2,PPI_FINISHED_CONSUMER_GOODS__2016-03__PPIFCG__to__WPSFD49502,PPI_FINISHED_CONSUMER_GOODS,2016-03,PPIFCG,WPSFD49502,adjacent_vintage_bridge,2016-02,2016-03,1995-01-01,-0.0024209656217086817,-0.0024209656217086817,0.0
2,PPI_FINISHED_CONSUMER_GOODS__2016-03__PPIFCG__to__WPSFD49502,PPI_FINISHED_CONSUMER_GOODS,2016-03,PPIFCG,WPSFD49502,adjacent_vintage_bridge,2016-02,2016-03,1995-02-01,0.0007983847299053437,0.0007983847299053437,0.0
2,PPI_FINISHED_CONSUMER_GOODS__2016-03__PPIFCG__to__WPSFD49502,PPI_FINISHED_CONSUMER_GOODS,2016-03,PPIFCG,WPSFD49502,adjacent_vintage_bridge,2016-02,2016-03,1995-03-01,-0.0008048104368452158,-0.0008048104368452158,0.0
2,PPI_FINISHED_CONSUMER_GOODS__2016-03__PPIFCG__to__WPSFD49502,PPI_FINISHED_CONSUMER_GOODS,2016-03,PPIFCG,WPSFD49502,adjacent_vintage_bridge,2016-02,2016-03,1995-04-01,0.0007952103846209368,0.0007952103846209368,0.0
2,PPI_FINISHED_CONSUMER_GOODS__2016-03__PPIFCG__to__WPSFD49502,PPI_FINISHED_CONSUMER_GOODS,2016-03,PPIFCG,WPSFD49502,adjacent_vintage_bridge,2016-02,2016-03,1995-05-01,-0.001598080352936293,-0.001598080352936293,0.0
2,PPI_FINISHED_CONSUMER_GOODS__2016-03__PPIFCG__to__WPSFD49502,PPI_FINISHED_CONSUMER_GOODS,2016-03,PPIFCG,WPSFD49502,adjacent_vintage_bridge,2016-02,2016-03,1995-06-01,-0.0007971303730185397,-0.0007971303730185397,0.0
2,PPI_FINISHED_CONSUMER_GOODS__2016-03__PPIFCG__to__WPSFD49502,PPI_FINISHED_CONSUMER_GOODS,2016-03,PPIFCG,WPSFD49502,adjacent_vintage_bridge,2016-02,2016-03,1995-07-01,0.000796495462259017,0.000796495462259017,0.0
2,PPI_FINISHED_CONSUMER_GOODS__2016-03__PPIFCG__to__WPSFD49502,PPI_FINISHED_CONSUMER_GOODS,2016-03,PPIFCG,WPSFD49502,adjacent_vintage_bridge,2016-02,2016-03,1995-08-01,-0.001592990924518034,-0.001592990924518034,0.0
2,PPI_FINISHED_CONSUMER_GOODS__2016-03__PPIFCG__to__WPSFD49502,PPI_FINISHED_CONSUMER_GOODS,2016-03,PPIFCG,WPSFD49502,adjacent_vintage_bridge,2016-02,2016-03,1995-09-01,0.0031840811567604987,0.0031840811567604987,0.0
2,PPI_FINISHED_CONSUMER_GOODS__2016-03__PPIFCG__to__WPSFD49502,PPI_FINISHED_CONSUMER_GOODS,2016-03,PPIFCG,WPSFD49502,adjacent_vintage_bridge,2016-02,2016-03,1995-10-01,-0.0007990230093639639,-0.0007990230093639639,0.0
2,PPI_FINISHED_CONSUMER_GOODS__2016-03__PPIFCG__to__WPSFD49502,PPI_FINISHED_CONSUMER_GOODS,2016-03,PPIFCG,WPSFD49502,adjacent_vintage_bridge,2016-02,2016-03,1995-11-01,-2.5195295023650033e-06,-2.5195295023650033e-06,0.0
2,PPI_FINISHED_CONSUMER_GOODS__2016-03__PPIFCG__to__WPSFD49502,PPI_FINISHED_CONSUMER_GOODS,2016-03,PPIFCG,WPSFD49502,adjacent_vintage_bridge,2016-02,2016-03,1995-12-01,0.004733093195842919,0.004733093195842919,0.0
2,PPI_FINISHED_CONSUMER_GOODS__2016-03__PPIFCG__to__WPSFD49502,PPI_FINISHED_CONSUMER_GOODS,2016-03,PPIFCG,WPSFD49502,adjacent_vintage_bridge,2016-02,2016-03,1996-01-01,-0.0016058518993800064,-0.0016058518993800064,0.0
2,PPI_FINISHED_CONSUMER_GOODS__2016-03__PPIFCG__to__WPSFD49502,PPI_FINISHED_CONSUMER_GOODS,2016-03,PPIFCG,WPSFD49502,adjacent_vintage_bridge,2016-02,2016-03,1996-02-01,-0.005497290764306051,-0.005497290764306051,0.0
2,PPI_FINISHED_CONSUMER_GOODS__2016-03__PPIFCG__to__WPSFD49502,PPI_FINISHED_CONSUMER_GOODS,2016-03,PPIFCG,WPSFD49502,adjacent_vintage_bridge,2016-02,2016-03,1996-03-01,0.009374453517245307,0.009374453517245307,0.0
2,PPI_FINISHED_CONSUMER_GOODS__2016-03__PPIFCG__to__WPSFD49502,PPI_FINISHED_CONSUMER_GOODS,2016-03,PPIFCG,WPSFD49502,adjacent_vintage_bridge,2016-02,2016-03,1996-04-01,-0.005484854646883974,-0.005484854646883974,0.0
2,PPI_FINISHED_CONSUMER_GOODS__2016-03__PPIFCG__to__WPSFD49502,PPI_FINISHED_CONSUMER_GOODS,2016-03,PPIFCG,WPSFD49502,adjacent_vintage_bridge,2016-02,2016-03,1996-05-01,-0.0023306990672287142,-0.0023306990672287142,0.0
2,PPI_FINISHED_CONSUMER_GOODS__2016-03__PPIFCG__to__WPSFD49502,PPI_FINISHED_CONSUMER_GOODS,2016-03,PPIFCG,WPSFD49502,adjacent_vintage_bridge,2016-02,2016-03,1996-06-01,0.002318689796071638,0.002318689796071638,0.0
2,PPI_FINISHED_CONSUMER_GOODS__2016-03__PPIFCG__to__WPSFD49502,PPI_FINISHED_CONSUMER_GOODS,2016-03,PPIFCG,WPSFD49502,adjacent_vintage_bridge,2016-02,2016-03,1996-07-01,-0.0038660823597886917,-0.0038660823597886917,0.0
2,PPI_FINISHED_CONSUMER_GOODS__2016-03__PPIFCG__to__WPSFD49502,PPI_FINISHED_CONSUMER_GOODS,2016-03,PPIFCG,WPSFD49502,adjacent_vintage_bridge,2016-02,2016-03,1996-08-01,0.004629040682545771,0.004629040682545771,0.0
2,PPI_FINISHED_CONSUMER_GOODS__2016-03__PPIFCG__to__WPSFD49502,PPI_FINISHED_CONSUMER_GOODS,2016-03,PPIFCG,WPSFD49502,adjacent_vintage_bridge,2016-02,2016-03,1996-09-01,-0.0030870148307249323,-0.0030870148307249323,0.0
2,PPI_FINISHED_CONSUMER_GOODS__2016-03__PPIFCG__to__WPSFD49502,PPI_FINISHED_CONSUMER_GOODS,2016-03,PPIFCG,WPSFD49502,adjacent_vintage_bridge,2016-02,2016-03,1996-10-01,0.006129695681243774,0.006129695681243774,0.0
2,PPI_FINISHED_CONSUMER_GOODS__2016-03__PPIFCG__to__WPSFD49502,PPI_FINISHED_CONSUMER_GOODS,2016-03,PPIFCG,WPSFD49502,adjacent_vintage_bridge,2016-02,2016-03,1996-11-01,-0.005372504606472539,-0.005372504606472539,0.0
2,PPI_FINISHED_CONSUMER_GOODS__2016-03__PPIFCG__to__WPSFD49502,PPI_FINISHED_CONSUMER_GOODS,2016-03,PPIFCG,WPSFD49502,adjacent_vintage_bridge,2016-02,2016-03,1996-12-01,0.0022799102677630856,0.0022799102677630856,0.0
2,PPI_FINISHED_CONSUMER_GOODS__2016-03__PPIFCG__to__WPSFD49502,PPI_FINISHED_CONSUMER_GOODS,2016-03,PPIFCG,WPSFD49502,adjacent_vintage_bridge,2016-02,2016-03,1997-01-01,-0.003047038263543911,-0.003047038263543911,0.0
2,PPI_FINISHED_CONSUMER_GOODS__2016-03__PPIFCG__to__WPSFD49502,PPI_FINISHED_CONSUMER_GOODS,2016-03,PPIFCG,WPSFD49502,adjacent_vintage_bridge,2016-02,2016-03,1997-02-01,-0.004563322097266287,-0.004563322097266287,0.0
2,PPI_FINISHED_CONSUMER_GOODS__2016-03__PPIFCG__to__WPSFD49502,PPI_FINISHED_CONSUMER_GOODS,2016-03,PPIFCG,WPSFD49502,adjacent_vintage_bridge,2016-02,2016-03,1997-03-01,0.0038037322392474593,0.0038037322392474593,0.0
2,PPI_FINISHED_CONSUMER_GOODS__2016-03__PPIFCG__to__WPSFD49502,PPI_FINISHED_CONSUMER_GOODS,2016-03,PPIFCG,WPSFD49502,adjacent_vintage_bridge,2016-02,2016-03,1997-04-01,-0.007651146735519809,-0.007651146735519809,0.0
2,PPI_FINISHED_CONSUMER_GOODS__2016-03__PPIFCG__to__WPSFD49502,PPI_FINISHED_CONSUMER_GOODS,2016-03,PPIFCG,WPSFD49502,adjacent_vintage_bridge,2016-02,2016-03,1997-05-01,0.004574221231041342,0.004574221231041342,0.0
2,PPI_FINISHED_CONSUMER_GOODS__2016-03__PPIFCG__to__WPSFD49502,PPI_FINISHED_CONSUMER_GOODS,2016-03,PPIFCG,WPSFD49502,adjacent_vintage_bridge,2016-02,2016-03,1997-06-01,0.0007630023740814451,0.0007630023740814451,0.0
2,PPI_FINISHED_CONSUMER_GOODS__2016-03__PPIFCG__to__WPSFD49502,PPI_FINISHED_CONSUMER_GOODS,2016-03,PPIFCG,WPSFD49502,adjacent_vintage_bridge,2016-02,2016-03,1997-07-01,-0.0007796601565992489,-0.0007796601565992489,0.0
2,PPI_FINISHED_CONSUMER_GOODS__2016-03__PPIFCG__to__WPSFD49502,PPI_FINISHED_CONSUMER_GOODS,2016-03,PPIFCG,WPSFD49502,adjacent_vintage_bridge,2016-02,2016-03,1997-08-01,0.007730376756797774,0.007730376756797774,0.0
2,PPI_FINISHED_CONSUMER_GOODS__2016-03__PPIFCG__to__WPSFD49502,PPI_FINISHED_CONSUMER_GOODS,2016-03,PPIFCG,WPSFD49502,adjacent_vintage_bridge,2016-02,2016-03,1997-09-01,-0.002326434336617389,-0.002326434336617389,0.0
2,PPI_FINISHED_CONSUMER_GOODS__2016-03__PPIFCG__to__WPSFD49502,PPI_FINISHED_CONSUMER_GOODS,2016-03,PPIFCG,WPSFD49502,adjacent_vintage_bridge,2016-02,2016-03,1997-10-01,0.00076183990378631,0.00076183990378631,0.0
2,PPI_FINISHED_CONSUMER_GOODS__2016-03__PPIFCG__to__WPSFD49502,PPI_FINISHED_CONSUMER_GOODS,2016-03,PPIFCG,WPSFD49502,adjacent_vintage_bridge,2016-02,2016-03,1997-11-01,-0.005375463011063175,-0.005375463011063175,0.0
2,PPI_FINISHED_CONSUMER_GOODS__2016-03__PPIFCG__to__WPSFD49502,PPI_FINISHED_CONSUMER_GOODS,2016-03,PPIFCG,WPSFD49502,adjacent_vintage_bridge,2016-02,2016-03,1997-12-01,0.0007648021321866594,0.0007648021321866594,0.0
2,PPI_FINISHED_CONSUMER_GOODS__2016-03__PPIFCG__to__WPSFD49502,PPI_FINISHED_CONSUMER_GOODS,2016-03,PPIFCG,WPSFD49502,adjacent_vintage_bridge,2016-02,2016-03,1998-01-01,-0.006189551889505651,-0.006189551889505651,0.0
2,PPI_FINISHED_CONSUMER_GOODS__2016-03__PPIFCG__to__WPSFD49502,PPI_FINISHED_CONSUMER_GOODS,2016-03,PPIFCG,WPSFD49502,adjacent_vintage_bridge,2016-02,2016-03,1998-02-01,0.006951917456523127,0.006951917456523127,0.0
2,PPI_FINISHED_CONSUMER_GOODS__2016-03__PPIFCG__to__WPSFD49502,PPI_FINISHED_CONSUMER_GOODS,2016-03,PPIFCG,WPSFD49502,adjacent_vintage_bridge,2016-02,2016-03,1998-03-01,-6.027932837326944e-07,-6.027932837326944e-07,0.0
2,PPI_FINISHED_CONSUMER_GOODS__2016-03__PPIFCG__to__WPSFD49502,PPI_FINISHED_CONSUMER_GOODS,2016-03,PPIFCG,WPSFD49502,adjacent_vintage_bridge,2016-02,2016-03,1998-04-01,0.0023294944112333127,0.0023294944112333127,0.0
2,PPI_FINISHED_CONSUMER_GOODS__2016-03__PPIFCG__to__WPSFD49502,PPI_FINISHED_CONSUMER_GOODS,2016-03,PPIFCG,WPSFD49502,adjacent_vintage_bridge,2016-02,2016-03,1998-05-01,-0.00232889161794958,-0.00232889161794958,0.0
2,PPI_FINISHED_CONSUMER_GOODS__2016-03__PPIFCG__to__WPSFD49502,PPI_FINISHED_CONSUMER_GOODS,2016-03,PPIFCG,WPSFD49502,adjacent_vintage_bridge,2016-02,2016-03,1998-06-01,-6.027932837326944e-07,-6.027932837326944e-07,0.0
2,PPI_FINISHED_CONSUMER_GOODS__2016-03__PPIFCG__to__WPSFD49502,PPI_FINISHED_CONSUMER_GOODS,2016-03,PPIFCG,WPSFD49502,adjacent_vintage_bridge,2016-02,2016-03,1998-07-01,0.003104988827763222,0.003104988827763222,0.0
2,PPI_FINISHED_CONSUMER_GOODS__2016-03__PPIFCG__to__WPSFD49502,PPI_FINISHED_CONSUMER_GOODS,2016-03,PPIFCG,WPSFD49502,adjacent_vintage_bridge,2016-02,2016-03,1998-08-01,-0.004656579519181747,-0.004656579519181747,0.0
2,PPI_FINISHED_CONSUMER_GOODS__2016-03__PPIFCG__to__WPSFD49502,PPI_FINISHED_CONSUMER_GOODS,2016-03,PPIFCG,WPSFD49502,adjacent_vintage_bridge,2016-02,2016-03,1998-09-01,0.0015509869610284,0.0015509869610284,0.0
2,PPI_FINISHED_CONSUMER_GOODS__2016-03__PPIFCG__to__WPSFD49502,PPI_FINISHED_CONSUMER_GOODS,2016-03,PPIFCG,WPSFD49502,adjacent_vintage_bridge,2016-02,2016-03,1998-10-01,0.005432082343545197,0.005432082343545197,0.0
2,PPI_FINISHED_CONSUMER_GOODS__2016-03__PPIFCG__to__WPSFD49502,PPI_FINISHED_CONSUMER_GOODS,2016-03,PPIFCG,WPSFD49502,adjacent_vintage_bridge,2016-02,2016-03,1998-11-01,-0.0054290730408874666,-0.0054290730408874666,0.0
2,PPI_FINISHED_CONSUMER_GOODS__2016-03__PPIFCG__to__WPSFD49502,PPI_FINISHED_CONSUMER_GOODS,2016-03,PPIFCG,WPSFD49502,adjacent_vintage_bridge,2016-02,2016-03,1998-12-01,0.006181799913298036,0.006181799913298036,0.0
2,PPI_FINISHED_CONSUMER_GOODS__2016-03__PPIFCG__to__WPSFD49502,PPI_FINISHED_CONSUMER_GOODS,2016-03,PPIFCG,WPSFD49502,adjacent_vintage_bridge,2016-02,2016-03,1999-01-01,-0.0015628265565839072,-0.0015628265565839072,0.0
2,PPI_FINISHED_CONSUMER_GOODS__2016-03__PPIFCG__to__WPSFD49502,PPI_FINISHED_CONSUMER_GOODS,2016-03,PPIFCG,WPSFD49502,adjacent_vintage_bridge,2016-02,2016-03,1999-02-01,-0.010003282852015793,-0.010003282852015793,0.0
2,PPI_FINISHED_CONSUMER_GOODS__2016-03__PPIFCG__to__WPSFD49502,PPI_FINISHED_CONSUMER_GOODS,2016-03,PPIFCG,WPSFD49502,adjacent_vintage_bridge,2016-02,2016-03,1999-03-01,0.010012172307195755,0.010012172307195755,0.0
2,PPI_FINISHED_CONSUMER_GOODS__2016-03__PPIFCG__to__WPSFD49502,PPI_FINISHED_CONSUMER_GOODS,2016-03,PPIFCG,WPSFD49502,adjacent_vintage_bridge,2016-02,2016-03,1999-04-01,0.002281419251526806,0.002281419251526806,0.0
2,PPI_FINISHED_CONSUMER_GOODS__2016-03__PPIFCG__to__WPSFD49502,PPI_FINISHED_CONSUMER_GOODS,2016-03,PPIFCG,WPSFD49502,adjacent_vintage_bridge,2016-02,2016-03,1999-05-01,-0.0046071043894633235,-0.0046071043894633235,0.0
2,PPI_FINISHED_CONSUMER_GOODS__2016-03__PPIFCG__to__WPSFD49502,PPI_FINISHED_CONSUMER_GOODS,2016-03,PPIFCG,WPSFD49502,adjacent_vintage_bridge,2016-02,2016-03,1999-06-01,0.0007595739295469528,0.0007595739295469528,0.0
2,PPI_FINISHED_CONSUMER_GOODS__2016-03__PPIFCG__to__WPSFD49502,PPI_FINISHED_CONSUMER_GOODS,2016-03,PPIFCG,WPSFD49502,adjacent_vintage_bridge,2016-02,2016-03,1999-07-01,0.0007543693328848633,0.0007543693328848633,0.0
2,PPI_FINISHED_CONSUMER_GOODS__2016-03__PPIFCG__to__WPSFD49502,PPI_FINISHED_CONSUMER_GOODS,2016-03,PPIFCG,WPSFD49502,adjacent_vintage_bridge,2016-02,2016-03,1999-08-01,0.00452250514844188,0.00452250514844188,0.0
2,PPI_FINISHED_CONSUMER_GOODS__2016-03__PPIFCG__to__WPSFD49502,PPI_FINISHED_CONSUMER_GOODS,2016-03,PPIFCG,WPSFD49502,adjacent_vintage_bridge,2016-02,2016-03,1999-09-01,0.002184526023822464,0.002184526023822464,0.0
2,PPI_FINISHED_CONSUMER_GOODS__2016-03__PPIFCG__to__WPSFD49502,PPI_FINISHED_CONSUMER_GOODS,2016-03,PPIFCG,WPSFD49502,adjacent_vintage_bridge,2016-02,2016-03,1999-10-01,-0.011242510869531763,-0.011242510869531763,0.0
2,PPI_FINISHED_CONSUMER_GOODS__2016-03__PPIFCG__to__WPSFD49502,PPI_FINISHED_CONSUMER_GOODS,2016-03,PPIFCG,WPSFD49502,adjacent_vintage_bridge,2016-02,2016-03,1999-11-01,0.005967932651703478,0.005967932651703478,0.0
2,PPI_FINISHED_CONSUMER_GOODS__2016-03__PPIFCG__to__WPSFD49502,PPI_FINISHED_CONSUMER_GOODS,2016-03,PPIFCG,WPSFD49502,adjacent_vintage_bridge,2016-02,2016-03,1999-12-01,-0.0015025100057632912,-0.0015025100057632912,0.0
2,PPI_FINISHED_CONSUMER_GOODS__2016-03__PPIFCG__to__WPSFD49502,PPI_FINISHED_CONSUMER_GOODS,2016-03,PPIFCG,WPSFD49502,adjacent_vintage_bridge,2016-02,2016-03,2000-01-01,-0.003713885451045229,-0.003713885451045229,0.0
2,PPI_FINISHED_CONSUMER_GOODS__2016-03__PPIFCG__to__WPSFD49502,PPI_FINISHED_CONSUMER_GOODS,2016-03,PPIFCG,WPSFD49502,adjacent_vintage_bridge,2016-02,2016-03,2000-02-01,0.014016646270583522,0.014016646270583522,0.0
2,PPI_FINISHED_CONSUMER_GOODS__2016-03__PPIFCG__to__WPSFD49502,PPI_FINISHED_CONSUMER_GOODS,2016-03,PPIFCG,WPSFD49502,adjacent_vintage_bridge,2016-02,2016-03,2000-03-01,-0.006702766045461495,-0.006702766045461495,0.0
2,PPI_FINISHED_CONSUMER_GOODS__2016-03__PPIFCG__to__WPSFD49502,PPI_FINISHED_CONSUMER_GOODS,2016-03,PPIFCG,WPSFD49502,adjacent_vintage_bridge,2016-02,2016-03,2000-04-01,-0.010217412657079095,-0.010217412657079095,0.0
2,PPI_FINISHED_CONSUMER_GOODS__2016-03__PPIFCG__to__WPSFD49502,PPI_FINISHED_CONSUMER_GOODS,2016-03,PPIFCG,WPSFD49502,adjacent_vintage_bridge,2016-02,2016-03,2000-05-01,0.0036456474938448835,0.0036456474938448835,0.0
2,PPI_FINISHED_CONSUMER_GOODS__2016-03__PPIFCG__to__WPSFD49502,PPI_FINISHED_CONSUMER_GOODS,2016-03,PPIFCG,WPSFD49502,adjacent_vintage_bridge,2016-02,2016-03,2000-06-01,0.010897310889165901,0.010897310889165901,0.0
2,PPI_FINISHED_CONSUMER_GOODS__2016-03__PPIFCG__to__WPSFD49502,PPI_FINISHED_CONSUMER_GOODS,2016-03,PPIFCG,WPSFD49502,adjacent_vintage_bridge,2016-02,2016-03,2000-07-01,-0.01162011540202279,-0.01162011540202279,0.0
2,PPI_FINISHED_CONSUMER_GOODS__2016-03__PPIFCG__to__WPSFD49502,PPI_FINISHED_CONSUMER_GOODS,2016-03,PPIFCG,WPSFD49502,adjacent_vintage_bridge,2016-02,2016-03,2000-08-01,-0.0014487490006507286,-0.0014487490006507286,0.0
2,PPI_FINISHED_CONSUMER_GOODS__2016-03__PPIFCG__to__WPSFD49502,PPI_FINISHED_CONSUMER_GOODS,2016-03,PPIFCG,WPSFD49502,adjacent_vintage_bridge,2016-02,2016-03,2000-09-01,0.012265366682726153,0.012265366682726153,0.0
2,PPI_FINISHED_CONSUMER_GOODS__2016-03__PPIFCG__to__WPSFD49502,PPI_FINISHED_CONSUMER_GOODS,2016-03,PPIFCG,WPSFD49502,adjacent_vintage_bridge,2016-02,2016-03,2000-10-01,-0.005798888886338283,-0.005798888886338283,0.0
2,PPI_FINISHED_CONSUMER_GOODS__2016-03__PPIFCG__to__WPSFD49502,PPI_FINISHED_CONSUMER_GOODS,2016-03,PPIFCG,WPSFD49502,adjacent_vintage_bridge,2016-02,2016-03,2000-11-01,0.0021130720124507008,0.0021130720124507008,0.0
2,PPI_FINISHED_CONSUMER_GOODS__2016-03__PPIFCG__to__WPSFD49502,PPI_FINISHED_CONSUMER_GOODS,2016-03,PPIFCG,WPSFD49502,adjacent_vintage_bridge,2016-02,2016-03,2000-12-01,-0.00428109014082434,-0.00428109014082434,0.0
2,PPI_FINISHED_CONSUMER_GOODS__2016-03__PPIFCG__to__WPSFD49502,PPI_FINISHED_CONSUMER_GOODS,2016-03,PPIFCG,WPSFD49502,adjacent_vintage_bridge,2016-02,2016-03,2001-01-01,0.009140818691836472,0.009140818691836472,0.0
2,PPI_FINISHED_CONSUMER_GOODS__2016-03__PPIFCG__to__WPSFD49502,PPI_FINISHED_CONSUMER_GOODS,2016-03,PPIFCG,WPSFD49502,adjacent_vintage_bridge,2016-02,2016-03,2001-02-01,-0.008470520225282385,-0.008470520225282385,0.0
2,PPI_FINISHED_CONSUMER_GOODS__2016-03__PPIFCG__to__WPSFD49502,PPI_FINISHED_CONSUMER_GOODS,2016-03,PPIFCG,WPSFD49502,adjacent_vintage_bridge,2016-02,2016-03,2001-03-01,-0.009804941778465803,-0.009804941778465803,0.0
2,PPI_FINISHED_CONSUMER_GOODS__2016-03__PPIFCG__to__WPSFD49502,PPI_FINISHED_CONSUMER_GOODS,2016-03,PPIFCG,WPSFD49502,adjacent_vintage_bridge,2016-02,2016-03,2001-04-01,0.013316906350669733,0.013316906350669733,0.0
2,PPI_FINISHED_CONSUMER_GOODS__2016-03__PPIFCG__to__WPSFD49502,PPI_FINISHED_CONSUMER_GOODS,2016-03,PPIFCG,WPSFD49502,adjacent_vintage_bridge,2016-02,2016-03,2001-05-01,-0.0028211991415458826,-0.0028211991415458826,0.0
2,PPI_FINISHED_CONSUMER_GOODS__2016-03__PPIFCG__to__WPSFD49502,PPI_FINISHED_CONSUMER_GOODS,2016-03,PPIFCG,WPSFD49502,adjacent_vintage_bridge,2016-02,2016-03,2001-06-01,-0.009074576760357722,-0.009074576760357722,0.0
2,PPI_FINISHED_CONSUMER_GOODS__2016-03__PPIFCG__to__WPSFD49502,PPI_FINISHED_CONSUMER_GOODS,2016-03,PPIFCG,WPSFD49502,adjacent_vintage_bridge,2016-02,2016-03,2001-07-01,-0.009939463820280992,-0.009939463820280992,0.0
2,PPI_FINISHED_CONSUMER_GOODS__2016-03__PPIFCG__to__WPSFD49502,PPI_FINISHED_CONSUMER_GOODS,2016-03,PPIFCG,WPSFD49502,adjacent_vintage_bridge,2016-02,2016-03,2001-08-01,0.02049238084283722,0.02049238084283722,0.0
2,PPI_FINISHED_CONSUMER_GOODS__2016-03__PPIFCG__to__WPSFD49502,PPI_FINISHED_CONSUMER_GOODS,2016-03,PPIFCG,WPSFD49502,adjacent_vintage_bridge,2016-02,2016-03,2001-09-01,0.0006794350986556452,0.0006794350986556452,0.0
2,PPI_FINISHED_CONSUMER_GOODS__2016-03__PPIFCG__to__WPSFD49502,PPI_FINISHED_CONSUMER_GOODS,2016-03,PPIFCG,WPSFD49502,adjacent_vintage_bridge,2016-02,2016-03,2001-10-01,-0.024829282189203994,-0.024829282189203994,0.0
2,PPI_FINISHED_CONSUMER_GOODS__2016-03__PPIFCG__to__WPSFD49502,PPI_FINISHED_CONSUMER_GOODS,2016-03,PPIFCG,WPSFD49502,adjacent_vintage_bridge,2016-02,2016-03,2001-11-01,0.014149365770993683,0.014149365770993683,0.0
2,PPI_FINISHED_CONSUMER_GOODS__2016-03__PPIFCG__to__WPSFD49502,PPI_FINISHED_CONSUMER_GOODS,2016-03,PPIFCG,WPSFD49502,adjacent_vintage_bridge,2016-02,2016-03,2001-12-01,-2.5471157943712797e-05,-2.5471157943712797e-05,0.0
2,PPI_FINISHED_CONSUMER_GOODS__2016-03__PPIFCG__to__WPSFD49502,PPI_FINISHED_CONSUMER_GOODS,2016-03,PPIFCG,WPSFD49502,adjacent_vintage_bridge,2016-02,2016-03,2002-01-01,0.0021568825056190732,0.0021568825056190732,0.0
2,PPI_FINISHED_CONSUMER_GOODS__2016-03__PPIFCG__to__WPSFD49502,PPI_FINISHED_CONSUMER_GOODS,2016-03,PPIFCG,WPSFD49502,adjacent_vintage_bridge,2016-02,2016-03,2002-02-01,0.005805519315924101,0.005805519315924101,0.0
2,PPI_FINISHED_CONSUMER_GOODS__2016-03__PPIFCG__to__WPSFD49502,PPI_FINISHED_CONSUMER_GOODS,2016-03,PPIFCG,WPSFD49502,adjacent_vintage_bridge,2016-02,2016-03,2002-03-01,0.0057553030851522635,0.0057553030851522635,0.0
2,PPI_FINISHED_CONSUMER_GOODS__2016-03__PPIFCG__to__WPSFD49502,PPI_FINISHED_CONSUMER_GOODS,2016-03,PPIFCG,WPSFD49502,adjacent_vintage_bridge,2016-02,2016-03,2002-04-01,-0.009376711714036645,-0.009376711714036645,0.0
2,PPI_FINISHED_CONSUMER_GOODS__2016-03__PPIFCG__to__WPSFD49502,PPI_FINISHED_CONSUMER_GOODS,2016-03,PPIFCG,WPSFD49502,adjacent_vintage_bridge,2016-02,2016-03,2002-05-01,-0.0021611226376885284,-0.0021611226376885284,0.0
2,PPI_FINISHED_CONSUMER_GOODS__2016-03__PPIFCG__to__WPSFD49502,PPI_FINISHED_CONSUMER_GOODS,2016-03,PPIFCG,WPSFD49502,adjacent_vintage_bridge,2016-02,2016-03,2002-06-01,0.005759543217221719,0.005759543217221719,0.0
2,PPI_FINISHED_CONSUMER_GOODS__2016-03__PPIFCG__to__WPSFD49502,PPI_FINISHED_CONSUMER_GOODS,2016-03,PPIFCG,WPSFD49502,adjacent_vintage_bridge,2016-02,2016-03,2002-07-01,-0.0021611226376885284,-0.0021611226376885284,0.0
2,PPI_FINISHED_CONSUMER_GOODS__2016-03__PPIFCG__to__WPSFD49502,PPI_FINISHED_CONSUMER_GOODS,2016-03,PPIFCG,WPSFD49502,adjacent_vintage_bridge,2016-02,2016-03,2002-08-01,-5.160854819052929e-07,-5.160854819052929e-07,0.0
2,PPI_FINISHED_CONSUMER_GOODS__2016-03__PPIFCG__to__WPSFD49502,PPI_FINISHED_CONSUMER_GOODS,2016-03,PPIFCG,WPSFD49502,adjacent_vintage_bridge,2016-02,2016-03,2002-09-01,0.0028648161285094176,0.0028648161285094176,0.0
2,PPI_FINISHED_CONSUMER_GOODS__2016-03__PPIFCG__to__WPSFD49502,PPI_FINISHED_CONSUMER_GOODS,2016-03,PPIFCG,WPSFD49502,adjacent_vintage_bridge,2016-02,2016-03,2002-10-01,0.004254640090975315,0.004254640090975315,0.0
2,PPI_FINISHED_CONSUMER_GOODS__2016-03__PPIFCG__to__WPSFD49502,PPI_FINISHED_CONSUMER_GOODS,2016-03,PPIFCG,WPSFD49502,adjacent_vintage_bridge,2016-02,2016-03,2002-11-01,-0.007837589104925158,-0.007837589104925158,0.0
2,PPI_FINISHED_CONSUMER_GOODS__2016-03__PPIFCG__to__WPSFD49502,PPI_FINISHED_CONSUMER_GOODS,2016-03,PPIFCG,WPSFD49502,adjacent_vintage_bridge,2016-02,2016-03,2002-12-01,-0.002131439528070267,-0.002131439528070267,0.0
2,PPI_FINISHED_CONSUMER_GOODS__2016-03__PPIFCG__to__WPSFD49502,PPI_FINISHED_CONSUMER_GOODS,2016-03,PPIFCG,WPSFD49502,adjacent_vintage_bridge,2016-02,2016-03,2003-01-01,0.01555445986021109,0.01555445986021109,0.0
2,PPI_FINISHED_CONSUMER_GOODS__2016-03__PPIFCG__to__WPSFD49502,PPI_FINISHED_CONSUMER_GOODS,2016-03,PPIFCG,WPSFD49502,adjacent_vintage_bridge,2016-02,2016-03,2003-02-01,0.0012062896838180848,0.0012062896838180848,0.0
2,PPI_FINISHED_CONSUMER_GOODS__2016-03__PPIFCG__to__WPSFD49502,PPI_FINISHED_CONSUMER_GOODS,2016-03,PPIFCG,WPSFD49502,adjacent_vintage_bridge,2016-02,2016-03,2003-03-01,-0.0036250724249446975,-0.0036250724249446975,0.0
2,PPI_FINISHED_CONSUMER_GOODS__2016-03__PPIFCG__to__WPSFD49502,PPI_FINISHED_CONSUMER_GOODS,2016-03,PPIFCG,WPSFD49502,adjacent_vintage_bridge,2016-02,2016-03,2003-04-01,-0.02686117101337082,-0.02686117101337082,0.0
2,PPI_FINISHED_CONSUMER_GOODS__2016-03__PPIFCG__to__WPSFD49502,PPI_FINISHED_CONSUMER_GOODS,2016-03,PPIFCG,WPSFD49502,adjacent_vintage_bridge,2016-02,2016-03,2003-05-01,0.01307335472871074,0.01307335472871074,0.0
2,PPI_FINISHED_CONSUMER_GOODS__2016-03__PPIFCG__to__WPSFD49502,PPI_FINISHED_CONSUMER_GOODS,2016-03,PPIFCG,WPSFD49502,adjacent_vintage_bridge,2016-02,2016-03,2003-06-01,0.010419853218634145,0.010419853218634145,0.0
2,PPI_FINISHED_CONSUMER_GOODS__2016-03__PPIFCG__to__WPSFD49502,PPI_FINISHED_CONSUMER_GOODS,2016-03,PPIFCG,WPSFD49502,adjacent_vintage_bridge,2016-02,2016-03,2003-07-01,-0.006944950612214562,-0.006944950612214562,0.0
2,PPI_FINISHED_CONSUMER_GOODS__2016-03__PPIFCG__to__WPSFD49502,PPI_FINISHED_CONSUMER_GOODS,2016-03,PPIFCG,WPSFD49502,adjacent_vintage_bridge,2016-02,2016-03,2003-08-01,0.0068818620243460416,0.0068818620243460416,0.0
2,PPI_FINISHED_CONSUMER_GOODS__2016-03__PPIFCG__to__WPSFD49502,PPI_FINISHED_CONSUMER_GOODS,2016-03,PPIFCG,WPSFD49502,adjacent_vintage_bridge,2016-02,2016-03,2003-09-01,-0.005517686755023732,-0.005517686755023732,0.0
2,PPI_FINISHED_CONSUMER_GOODS__2016-03__PPIFCG__to__WPSFD49502,PPI_FINISHED_CONSUMER_GOODS,2016-03,PPIFCG,WPSFD49502,adjacent_vintage_bridge,2016-02,2016-03,2003-10-01,0.004765809668642262,0.004765809668642262,0.0
2,PPI_FINISHED_CONSUMER_GOODS__2016-03__PPIFCG__to__WPSFD49502,PPI_FINISHED_CONSUMER_GOODS,2016-03,PPIFCG,WPSFD49502,adjacent_vintage_bridge,2016-02,2016-03,2003-11-01,-0.008862820277714789,-0.008862820277714789,0.0
2,PPI_FINISHED_CONSUMER_GOODS__2016-03__PPIFCG__to__WPSFD49502,PPI_FINISHED_CONSUMER_GOODS,2016-03,PPIFCG,WPSFD49502,adjacent_vintage_bridge,2016-02,2016-03,2003-12-01,0.0074763074129329254,0.0074763074129329254,0.0
2,PPI_FINISHED_CONSUMER_GOODS__2016-03__PPIFCG__to__WPSFD49502,PPI_FINISHED_CONSUMER_GOODS,2016-03,PPIFCG,WPSFD49502,adjacent_vintage_bridge,2016-02,2016-03,2004-01-01,0.0013174241313302915,0.0013174241313302915,0.0
2,PPI_FINISHED_CONSUMER_GOODS__2016-03__PPIFCG__to__WPSFD49502,PPI_FINISHED_CONSUMER_GOODS,2016-03,PPIFCG,WPSFD49502,adjacent_vintage_bridge,2016-02,2016-03,2004-02-01,-0.006752220117286711,-0.006752220117286711,0.0
2,PPI_FINISHED_CONSUMER_GOODS__2016-03__PPIFCG__to__WPSFD49502,PPI_FINISHED_CONSUMER_GOODS,2016-03,PPIFCG,WPSFD49502,adjacent_vintage_bridge,2016-02,2016-03,2004-03-01,0.002688173661800519,0.002688173661800519,0.0
2,PPI_FINISHED_CONSUMER_GOODS__2016-03__PPIFCG__to__WPSFD49502,PPI_FINISHED_CONSUMER_GOODS,2016-03,PPIFCG,WPSFD49502,adjacent_vintage_bridge,2016-02,2016-03,2004-04-01,0.0053332597227742085,0.0053332597227742085,0.0
2,PPI_FINISHED_CONSUMER_GOODS__2016-03__PPIFCG__to__WPSFD49502,PPI_FINISHED_CONSUMER_GOODS,2016-03,PPIFCG,WPSFD49502,adjacent_vintage_bridge,2016-02,2016-03,2004-05-01,0.0019157136398781915,0.0019157136398781915,0.0
2,PPI_FINISHED_CONSUMER_GOODS__2016-03__PPIFCG__to__WPSFD49502,PPI_FINISHED_CONSUMER_GOODS,2016-03,PPIFCG,WPSFD49502,adjacent_vintage_bridge,2016-02,2016-03,2004-06-01,-0.011256408429516362,-0.011256408429516362,0.0
2,PPI_FINISHED_CONSUMER_GOODS__2016-03__PPIFCG__to__WPSFD49502,PPI_FINISHED_CONSUMER_GOODS,2016-03,PPIFCG,WPSFD49502,adjacent_vintage_bridge,2016-02,2016-03,2004-07-01,-1.742750050048869e-06,-1.742750050048869e-06,0.0
2,PPI_FINISHED_CONSUMER_GOODS__2016-03__PPIFCG__to__WPSFD49502,PPI_FINISHED_CONSUMER_GOODS,2016-03,PPIFCG,WPSFD49502,adjacent_vintage_bridge,2016-02,2016-03,2004-08-01,0.003301856569074779,0.003301856569074779,0.0
2,PPI_FINISHED_CONSUMER_GOODS__2016-03__PPIFCG__to__WPSFD49502,PPI_FINISHED_CONSUMER_GOODS,2016-03,PPIFCG,WPSFD49502,adjacent_vintage_bridge,2016-02,2016-03,2004-09-01,-0.0006624606607026351,-0.0006624606607026351,0.0
2,PPI_FINISHED_CONSUMER_GOODS__2016-03__PPIFCG__to__WPSFD49502,PPI_FINISHED_CONSUMER_GOODS,2016-03,PPIFCG,WPSFD49502,adjacent_vintage_bridge,2016-02,2016-03,2004-10-01,0.018897490708034148,0.018897490708034148,0.0
2,PPI_FINISHED_CONSUMER_GOODS__2016-03__PPIFCG__to__WPSFD49502,PPI_FINISHED_CONSUMER_GOODS,2016-03,PPIFCG,WPSFD49502,adjacent_vintage_bridge,2016-02,2016-03,2004-11-01,-0.012498802362729045,-0.012498802362729045,0.0
2,PPI_FINISHED_CONSUMER_GOODS__2016-03__PPIFCG__to__WPSFD49502,PPI_FINISHED_CONSUMER_GOODS,2016-03,PPIFCG,WPSFD49502,adjacent_vintage_bridge,2016-02,2016-03,2004-12-01,-0.01478879070070338,-0.01478879070070338,0.0
2,PPI_FINISHED_CONSUMER_GOODS__2016-03__PPIFCG__to__WPSFD49502,PPI_FINISHED_CONSUMER_GOODS,2016-03,PPIFCG,WPSFD49502,adjacent_vintage_bridge,2016-02,2016-03,2005-01-01,0.010292325302181382,0.010292325302181382,0.0
2,PPI_FINISHED_CONSUMER_GOODS__2016-03__PPIFCG__to__WPSFD49502,PPI_FINISHED_CONSUMER_GOODS,2016-03,PPIFCG,WPSFD49502,adjacent_vintage_bridge,2016-02,2016-03,2005-02-01,0.003828437237372029,0.003828437237372029,0.0
2,PPI_FINISHED_CONSUMER_GOODS__2016-03__PPIFCG__to__WPSFD49502,PPI_FINISHED_CONSUMER_GOODS,2016-03,PPIFCG,WPSFD49502,adjacent_vintage_bridge,2016-02,2016-03,2005-03-01,0.0005845729176581216,0.0005845729176581216,0.0
2,PPI_FINISHED_CONSUMER_GOODS__2016-03__PPIFCG__to__WPSFD49502,PPI_FINISHED_CONSUMER_GOODS,2016-03,PPIFCG,WPSFD49502,adjacent_vintage_bridge,2016-02,2016-03,2005-04-01,-0.003838553886520657,-0.003838553886520657,0.0
2,PPI_FINISHED_CONSUMER_GOODS__2016-03__PPIFCG__to__WPSFD49502,PPI_FINISHED_CONSUMER_GOODS,2016-03,PPIFCG,WPSFD49502,adjacent_vintage_bridge,2016-02,2016-03,2005-05-01,-0.007590141937102501,-0.007590141937102501,0.0
2,PPI_FINISHED_CONSUMER_GOODS__2016-03__PPIFCG__to__WPSFD49502,PPI_FINISHED_CONSUMER_GOODS,2016-03,PPIFCG,WPSFD49502,adjacent_vintage_bridge,2016-02,2016-03,2005-06-01,0.0044285838183730775,0.0044285838183730775,0.0
2,PPI_FINISHED_CONSUMER_GOODS__2016-03__PPIFCG__to__WPSFD49502,PPI_FINISHED_CONSUMER_GOODS,2016-03,PPIFCG,WPSFD49502,adjacent_vintage_bridge,2016-02,2016-03,2005-07-01,0.008193782804585048,0.008193782804585048,0.0
2,PPI_FINISHED_CONSUMER_GOODS__2016-03__PPIFCG__to__WPSFD49502,PPI_FINISHED_CONSUMER_GOODS,2016-03,PPIFCG,WPSFD49502,adjacent_vintage_bridge,2016-02,2016-03,2005-08-01,0.0017878524140533258,0.0017878524140533258,0.0
2,PPI_FINISHED_CONSUMER_GOODS__2016-03__PPIFCG__to__WPSFD49502,PPI_FINISHED_CONSUMER_GOODS,2016-03,PPIFCG,WPSFD49502,adjacent_vintage_bridge,2016-02,2016-03,2005-09-01,0.010282969569156641,0.010282969569156641,0.0
2,PPI_FINISHED_CONSUMER_GOODS__2016-03__PPIFCG__to__WPSFD49502,PPI_FINISHED_CONSUMER_GOODS,2016-03,PPIFCG,WPSFD49502,adjacent_vintage_bridge,2016-02,2016-03,2005-10-01,-0.007004810502948544,-0.007004810502948544,0.0
2,PPI_FINISHED_CONSUMER_GOODS__2016-03__PPIFCG__to__WPSFD49502,PPI_FINISHED_CONSUMER_GOODS,2016-03,PPIFCG,WPSFD49502,adjacent_vintage_bridge,2016-02,2016-03,2005-11-01,-0.027786614269336596,-0.027786614269336596,0.0
2,PPI_FINISHED_CONSUMER_GOODS__2016-03__PPIFCG__to__WPSFD49502,PPI_FINISHED_CONSUMER_GOODS,2016-03,PPIFCG,WPSFD49502,adjacent_vintage_bridge,2016-02,2016-03,2005-12-01,0.021166066463747413,0.021166066463747413,0.0
2,PPI_FINISHED_CONSUMER_GOODS__2016-03__PPIFCG__to__WPSFD49502,PPI_FINISHED_CONSUMER_GOODS,2016-03,PPIFCG,WPSFD49502,adjacent_vintage_bridge,2016-02,2016-03,2006-01-01,-0.0006522115234899317,-0.0006522115234899317,0.0
2,PPI_FINISHED_CONSUMER_GOODS__2016-03__PPIFCG__to__WPSFD49502,PPI_FINISHED_CONSUMER_GOODS,2016-03,PPIFCG,WPSFD49502,adjacent_vintage_bridge,2016-02,2016-03,2006-02-01,-0.022949909738138707,-0.022949909738138707,0.0
2,PPI_FINISHED_CONSUMER_GOODS__2016-03__PPIFCG__to__WPSFD49502,PPI_FINISHED_CONSUMER_GOODS,2016-03,PPIFCG,WPSFD49502,adjacent_vintage_bridge,2016-02,2016-03,2006-03-01,0.021195551583722327,0.021195551583722327,0.0
2,PPI_FINISHED_CONSUMER_GOODS__2016-03__PPIFCG__to__WPSFD49502,PPI_FINISHED_CONSUMER_GOODS,2016-03,PPIFCG,WPSFD49502,adjacent_vintage_bridge,2016-02,2016-03,2006-04-01,0.004795721260563823,0.004795721260563823,0.0
2,PPI_FINISHED_CONSUMER_GOODS__2016-03__PPIFCG__to__WPSFD49502,PPI_FINISHED_CONSUMER_GOODS,2016-03,PPIFCG,WPSFD49502,adjacent_vintage_bridge,2016-02,2016-03,2006-05-01,-0.010263053099962782,-0.010263053099962782,0.0
2,PPI_FINISHED_CONSUMER_GOODS__2016-03__PPIFCG__to__WPSFD49502,PPI_FINISHED_CONSUMER_GOODS,2016-03,PPIFCG,WPSFD49502,adjacent_vintage_bridge,2016-02,2016-03,2006-06-01,0.0065963639821227105,0.0065963639821227105,0.0
2,PPI_FINISHED_CONSUMER_GOODS__2016-03__PPIFCG__to__WPSFD49502,PPI_FINISHED_CONSUMER_GOODS,2016-03,PPIFCG,WPSFD49502,adjacent_vintage_bridge,2016-02,2016-03,2006-07-01,-0.007790017369919688,-0.007790017369919688,0.0
2,PPI_FINISHED_CONSUMER_GOODS__2016-03__PPIFCG__to__WPSFD49502,PPI_FINISHED_CONSUMER_GOODS,2016-03,PPIFCG,WPSFD49502,adjacent_vintage_bridge,2016-02,2016-03,2006-08-01,0.009549084356027748,0.009549084356027748,0.0
2,PPI_FINISHED_CONSUMER_GOODS__2016-03__PPIFCG__to__WPSFD49502,PPI_FINISHED_CONSUMER_GOODS,2016-03,PPIFCG,WPSFD49502,adjacent_vintage_bridge,2016-02,2016-03,2006-09-01,-0.023927148025605582,-0.023927148025605582,0.0
2,PPI_FINISHED_CONSUMER_GOODS__2016-03__PPIFCG__to__WPSFD49502,PPI_FINISHED_CONSUMER_GOODS,2016-03,PPIFCG,WPSFD49502,adjacent_vintage_bridge,2016-02,2016-03,2006-10-01,0.004633101671530859,0.004633101671530859,0.0
2,PPI_FINISHED_CONSUMER_GOODS__2016-03__PPIFCG__to__WPSFD49502,PPI_FINISHED_CONSUMER_GOODS,2016-03,PPIFCG,WPSFD49502,adjacent_vintage_bridge,2016-02,2016-03,2006-11-01,0.01944974709756142,0.01944974709756142,0.0
2,PPI_FINISHED_CONSUMER_GOODS__2016-03__PPIFCG__to__WPSFD49502,PPI_FINISHED_CONSUMER_GOODS,2016-03,PPIFCG,WPSFD49502,adjacent_vintage_bridge,2016-02,2016-03,2006-12-01,0.0005390649630365729,0.0005390649630365729,0.0
2,PPI_FINISHED_CONSUMER_GOODS__2016-03__PPIFCG__to__WPSFD49502,PPI_FINISHED_CONSUMER_GOODS,2016-03,PPIFCG,WPSFD49502,adjacent_vintage_bridge,2016-02,2016-03,2007-01-01,-0.010253566254387003,-0.010253566254387003,0.0
2,PPI_FINISHED_CONSUMER_GOODS__2016-03__PPIFCG__to__WPSFD49502,PPI_FINISHED_CONSUMER_GOODS,2016-03,PPIFCG,WPSFD49502,adjacent_vintage_bridge,2016-02,2016-03,2007-02-01,0.014962596345370116,0.014962596345370116,0.0
2,PPI_FINISHED_CONSUMER_GOODS__2016-03__PPIFCG__to__WPSFD49502,PPI_FINISHED_CONSUMER_GOODS,2016-03,PPIFCG,WPSFD49502,adjacent_vintage_bridge,2016-02,2016-03,2007-03-01,-0.0013445981056285916,-0.0013445981056285916,0.0
2,PPI_FINISHED_CONSUMER_GOODS__2016-03__PPIFCG__to__WPSFD49502,PPI_FINISHED_CONSUMER_GOODS,2016-03,PPIFCG,WPSFD49502,adjacent_vintage_bridge,2016-02,2016-03,2007-04-01,-0.0024621617517208705,-0.0024621617517208705,0.0
2,PPI_FINISHED_CONSUMER_GOODS__2016-03__PPIFCG__to__WPSFD49502,PPI_FINISHED_CONSUMER_GOODS,2016-03,PPIFCG,WPSFD49502,adjacent_vintage_bridge,2016-02,2016-03,2007-05-01,-0.004129380739009925,-0.004129380739009925,0.0
2,PPI_FINISHED_CONSUMER_GOODS__2016-03__PPIFCG__to__WPSFD49502,PPI_FINISHED_CONSUMER_GOODS,2016-03,PPIFCG,WPSFD49502,adjacent_vintage_bridge,2016-02,2016-03,2007-06-01,-0.005221943981151611,-0.005221943981151611,0.0
2,PPI_FINISHED_CONSUMER_GOODS__2016-03__PPIFCG__to__WPSFD49502,PPI_FINISHED_CONSUMER_GOODS,2016-03,PPIFCG,WPSFD49502,adjacent_vintage_bridge,2016-02,2016-03,2007-07-01,0.008069208048446797,0.008069208048446797,0.0
2,PPI_FINISHED_CONSUMER_GOODS__2016-03__PPIFCG__to__WPSFD49502,PPI_FINISHED_CONSUMER_GOODS,2016-03,PPIFCG,WPSFD49502,adjacent_vintage_bridge,2016-02,2016-03,2007-08-01,-0.017876035995434414,-0.017876035995434414,0.0
2,PPI_FINISHED_CONSUMER_GOODS__2016-03__PPIFCG__to__WPSFD49502,PPI_FINISHED_CONSUMER_GOODS,2016-03,PPIFCG,WPSFD49502,adjacent_vintage_bridge,2016-02,2016-03,2007-09-01,0.023052054697007662,0.023052054697007662,0.0
2,PPI_FINISHED_CONSUMER_GOODS__2016-03__PPIFCG__to__WPSFD49502,PPI_FINISHED_CONSUMER_GOODS,2016-03,PPIFCG,WPSFD49502,adjacent_vintage_bridge,2016-02,2016-03,2007-10-01,-0.0018685397679121252,-0.0018685397679121252,0.0
2,PPI_FINISHED_CONSUMER_GOODS__2016-03__PPIFCG__to__WPSFD49502,PPI_FINISHED_CONSUMER_GOODS,2016-03,PPIFCG,WPSFD49502,adjacent_vintage_bridge,2016-02,2016-03,2007-11-01,0.010995610772425835,0.010995610772425835,0.0
2,PPI_FINISHED_CONSUMER_GOODS__2016-03__PPIFCG__to__WPSFD49502,PPI_FINISHED_CONSUMER_GOODS,2016-03,PPIFCG,WPSFD49502,adjacent_vintage_bridge,2016-02,2016-03,2007-12-01,-0.02736260475612262,-0.02736260475612262,0.0
2,PPI_FINISHED_CONSUMER_GOODS__2016-03__PPIFCG__to__WPSFD49502,PPI_FINISHED_CONSUMER_GOODS,2016-03,PPIFCG,WPSFD49502,adjacent_vintage_bridge,2016-02,2016-03,2008-01-01,0.016595853121896376,0.016595853121896376,0.0
2,PPI_FINISHED_CONSUMER_GOODS__2016-03__PPIFCG__to__WPSFD49502,PPI_FINISHED_CONSUMER_GOODS,2016-03,PPIFCG,WPSFD49502,adjacent_vintage_bridge,2016-02,2016-03,2008-02-01,-0.008862060174556596,-0.008862060174556596,0.0
2,PPI_FINISHED_CONSUMER_GOODS__2016-03__PPIFCG__to__WPSFD49502,PPI_FINISHED_CONSUMER_GOODS,2016-03,PPIFCG,WPSFD49502,adjacent_vintage_bridge,2016-02,2016-03,2008-03-01,0.008155804512284703,0.008155804512284703,0.0
2,PPI_FINISHED_CONSUMER_GOODS__2016-03__PPIFCG__to__WPSFD49502,PPI_FINISHED_CONSUMER_GOODS,2016-03,PPIFCG,WPSFD49502,adjacent_vintage_bridge,2016-02,2016-03,2008-04-01,-0.00819292886029288,-0.00819292886029288,0.0
2,PPI_FINISHED_CONSUMER_GOODS__2016-03__PPIFCG__to__WPSFD49502,PPI_FINISHED_CONSUMER_GOODS,2016-03,PPIFCG,WPSFD49502,adjacent_vintage_bridge,2016-02,2016-03,2008-05-01,0.014443040475212499,0.014443040475212499,0.0
2,PPI_FINISHED_CONSUMER_GOODS__2016-03__PPIFCG__to__WPSFD49502,PPI_FINISHED_CONSUMER_GOODS,2016-03,PPIFCG,WPSFD49502,adjacent_vintage_bridge,2016-02,2016-03,2008-06-01,0.002319773789419166,0.002319773789419166,0.0
2,PPI_FINISHED_CONSUMER_GOODS__2016-03__PPIFCG__to__WPSFD49502,PPI_FINISHED_CONSUMER_GOODS,2016-03,PPIFCG,WPSFD49502,adjacent_vintage_bridge,2016-02,2016-03,2008-07-01,-0.00498366649787485,-0.00498366649787485,0.0
2,PPI_FINISHED_CONSUMER_GOODS__2016-03__PPIFCG__to__WPSFD49502,PPI_FINISHED_CONSUMER_GOODS,2016-03,PPIFCG,WPSFD49502,adjacent_vintage_bridge,2016-02,2016-03,2008-08-01,-0.025329922378627856,-0.025329922378627856,0.0
2,PPI_FINISHED_CONSUMER_GOODS__2016-03__PPIFCG__to__WPSFD49502,PPI_FINISHED_CONSUMER_GOODS,2016-03,PPIFCG,WPSFD49502,adjacent_vintage_bridge,2016-02,2016-03,2008-09-01,0.014472299864388027,0.014472299864388027,0.0
2,PPI_FINISHED_CONSUMER_GOODS__2016-03__PPIFCG__to__WPSFD49502,PPI_FINISHED_CONSUMER_GOODS,2016-03,PPIFCG,WPSFD49502,adjacent_vintage_bridge,2016-02,2016-03,2008-10-01,-0.03836822251686822,-0.03836822251686822,0.0
2,PPI_FINISHED_CONSUMER_GOODS__2016-03__PPIFCG__to__WPSFD49502,PPI_FINISHED_CONSUMER_GOODS,2016-03,PPIFCG,WPSFD49502,adjacent_vintage_bridge,2016-02,2016-03,2008-11-01,-0.004587506952734799,-0.004587506952734799,0.0
2,PPI_FINISHED_CONSUMER_GOODS__2016-03__PPIFCG__to__WPSFD49502,PPI_FINISHED_CONSUMER_GOODS,2016-03,PPIFCG,WPSFD49502,adjacent_vintage_bridge,2016-02,2016-03,2008-12-01,0.013367016715566393,0.013367016715566393,0.0
2,PPI_FINISHED_CONSUMER_GOODS__2016-03__PPIFCG__to__WPSFD49502,PPI_FINISHED_CONSUMER_GOODS,2016-03,PPIFCG,WPSFD49502,adjacent_vintage_bridge,2016-02,2016-03,2009-01-01,0.035633732049079825,0.035633732049079825,0.0
2,PPI_FINISHED_CONSUMER_GOODS__2016-03__PPIFCG__to__WPSFD49502,PPI_FINISHED_CONSUMER_GOODS,2016-03,PPIFCG,WPSFD49502,adjacent_vintage_bridge,2016-02,2016-03,2009-02-01,-0.010806050742471207,-0.010806050742471207,0.0
2,PPI_FINISHED_CONSUMER_GOODS__2016-03__PPIFCG__to__WPSFD49502,PPI_FINISHED_CONSUMER_GOODS,2016-03,PPIFCG,WPSFD49502,adjacent_vintage_bridge,2016-02,2016-03,2009-03-01,-0.011416934557120229,-0.011416934557120229,0.0
2,PPI_FINISHED_CONSUMER_GOODS__2016-03__PPIFCG__to__WPSFD49502,PPI_FINISHED_CONSUMER_GOODS,2016-03,PPIFCG,WPSFD49502,adjacent_vintage_bridge,2016-02,2016-03,2009-04-01,0.019985057641807025,0.019985057641807025,0.0
2,PPI_FINISHED_CONSUMER_GOODS__2016-03__PPIFCG__to__WPSFD49502,PPI_FINISHED_CONSUMER_GOODS,2016-03,PPIFCG,WPSFD49502,adjacent_vintage_bridge,2016-02,2016-03,2009-05-01,-0.004022005891279434,-0.004022005891279434,0.0
2,PPI_FINISHED_CONSUMER_GOODS__2016-03__PPIFCG__to__WPSFD49502,PPI_FINISHED_CONSUMER_GOODS,2016-03,PPIFCG,WPSFD49502,adjacent_vintage_bridge,2016-02,2016-03,2009-06-01,0.020157142110872606,0.020157142110872606,0.0
2,PPI_FINISHED_CONSUMER_GOODS__2016-03__PPIFCG__to__WPSFD49502,PPI_FINISHED_CONSUMER_GOODS,2016-03,PPIFCG,WPSFD49502,adjacent_vintage_bridge,2016-02,2016-03,2009-07-01,-0.03809550975577736,-0.03809550975577736,0.0
2,PPI_FINISHED_CONSUMER_GOODS__2016-03__PPIFCG__to__WPSFD49502,PPI_FINISHED_CONSUMER_GOODS,2016-03,PPIFCG,WPSFD49502,adjacent_vintage_bridge,2016-02,2016-03,2009-08-01,0.03292569115388577,0.03292569115388577,0.0
2,PPI_FINISHED_CONSUMER_GOODS__2016-03__PPIFCG__to__WPSFD49502,PPI_FINISHED_CONSUMER_GOODS,2016-03,PPIFCG,WPSFD49502,adjacent_vintage_bridge,2016-02,2016-03,2009-09-01,-0.02116654959811015,-0.02116654959811015,0.0
2,PPI_FINISHED_CONSUMER_GOODS__2016-03__PPIFCG__to__WPSFD49502,PPI_FINISHED_CONSUMER_GOODS,2016-03,PPIFCG,WPSFD49502,adjacent_vintage_bridge,2016-02,2016-03,2009-10-01,0.009392451122079315,0.009392451122079315,0.0
2,PPI_FINISHED_CONSUMER_GOODS__2016-03__PPIFCG__to__WPSFD49502,PPI_FINISHED_CONSUMER_GOODS,2016-03,PPIFCG,WPSFD49502,adjacent_vintage_bridge,2016-02,2016-03,2009-11-01,0.009749714173879376,0.009749714173879376,0.0
2,PPI_FINISHED_CONSUMER_GOODS__2016-03__PPIFCG__to__WPSFD49502,PPI_FINISHED_CONSUMER_GOODS,2016-03,PPIFCG,WPSFD49502,adjacent_vintage_bridge,2016-02,2016-03,2009-12-01,-0.012053916960772959,-0.012053916960772959,0.0
2,PPI_FINISHED_CONSUMER_GOODS__2016-03__PPIFCG__to__WPSFD49502,PPI_FINISHED_CONSUMER_GOODS,2016-03,PPIFCG,WPSFD49502,adjacent_vintage_bridge,2016-02,2016-03,2010-01-01,0.009065085940163975,0.009065085940163975,0.0
2,PPI_FINISHED_CONSUMER_GOODS__2016-03__PPIFCG__to__WPSFD49502,PPI_FINISHED_CONSUMER_GOODS,2016-03,PPIFCG,WPSFD49502,adjacent_vintage_bridge,2016-02,2016-03,2010-02-01,-0.021934141360918424,-0.021934141360918424,0.0
2,PPI_FINISHED_CONSUMER_GOODS__2016-03__PPIFCG__to__WPSFD49502,PPI_FINISHED_CONSUMER_GOODS,2016-03,PPIFCG,WPSFD49502,adjacent_vintage_bridge,2016-02,2016-03,2010-03-01,0.017094121156917552,0.017094121156917552,0.0
2,PPI_FINISHED_CONSUMER_GOODS__2016-03__PPIFCG__to__WPSFD49502,PPI_FINISHED_CONSUMER_GOODS,2016-03,PPIFCG,WPSFD49502,adjacent_vintage_bridge,2016-02,2016-03,2010-04-01,-0.009079116988988112,-0.009079116988988112,0.0
2,PPI_FINISHED_CONSUMER_GOODS__2016-03__PPIFCG__to__WPSFD49502,PPI_FINISHED_CONSUMER_GOODS,2016-03,PPIFCG,WPSFD49502,adjacent_vintage_bridge,2016-02,2016-03,2010-05-01,-2.8323472811564443e-07,-2.8323472811564443e-07,0.0
2,PPI_FINISHED_CONSUMER_GOODS__2016-03__PPIFCG__to__WPSFD49502,PPI_FINISHED_CONSUMER_GOODS,2016-03,PPIFCG,WPSFD49502,adjacent_vintage_bridge,2016-02,2016-03,2010-06-01,-0.003736610274318153,-0.004271512667387789,-0.0005349023930696362
2,PPI_FINISHED_CONSUMER_GOODS__2016-03__PPIFCG__to__WPSFD49502,PPI_FINISHED_CONSUMER_GOODS,2016-03,PPIFCG,WPSFD49502,adjacent_vintage_bridge,2016-02,2016-03,2010-07-01,0.005871942515031314,0.006407701894620033,0.0005357593795887183
2,PPI_FINISHED_CONSUMER_GOODS__2016-03__PPIFCG__to__WPSFD49502,PPI_FINISHED_CONSUMER_GOODS,2016-03,PPIFCG,WPSFD49502,adjacent_vintage_bridge,2016-02,2016-03,2010-08-01,0.004783404842567229,0.005316593262598701,0.0005331884200314718
2,PPI_FINISHED_CONSUMER_GOODS__2016-03__PPIFCG__to__WPSFD49502,PPI_FINISHED_CONSUMER_GOODS,2016-03,PPIFCG,WPSFD49502,adjacent_vintage_bridge,2016-02,2016-03,2010-09-01,-0.0021513461108115806,-0.0026853915173621346,-0.000534045406550554
2,PPI_FINISHED_CONSUMER_GOODS__2016-03__PPIFCG__to__WPSFD49502,PPI_FINISHED_CONSUMER_GOODS,2016-03,PPIFCG,WPSFD49502,adjacent_vintage_bridge,2016-02,2016-03,2010-10-01,0.007841755994271615,0.007841755994271615,0.0
2,PPI_FINISHED_CONSUMER_GOODS__2016-03__PPIFCG__to__WPSFD49502,PPI_FINISHED_CONSUMER_GOODS,2016-03,PPIFCG,WPSFD49502,adjacent_vintage_bridge,2016-02,2016-03,2010-11-01,-0.00583329068179772,-0.00583329068179772,0.0
2,PPI_FINISHED_CONSUMER_GOODS__2016-03__PPIFCG__to__WPSFD49502,PPI_FINISHED_CONSUMER_GOODS,2016-03,PPIFCG,WPSFD49502,adjacent_vintage_bridge,2016-02,2016-03,2010-12-01,0.004589707697384426,0.005102659747616478,0.0005129520502320517
2,PPI_FINISHED_CONSUMER_GOODS__2016-03__PPIFCG__to__WPSFD49502,PPI_FINISHED_CONSUMER_GOODS,2016-03,PPIFCG,WPSFD49502,adjacent_vintage_bridge,2016-02,2016-03,2011-01-01,-0.001131846232431677,-0.0026660095560355757,-0.0015341633236038987
2,PPI_FINISHED_CONSUMER_GOODS__2016-03__PPIFCG__to__WPSFD49502,PPI_FINISHED_CONSUMER_GOODS,2016-03,PPIFCG,WPSFD49502,adjacent_vintage_bridge,2016-02,2016-03,2011-02-01,0.0034234948049469693,0.004952965301458612,0.0015294704965116424
2,PPI_FINISHED_CONSUMER_GOODS__2016-03__PPIFCG__to__WPSFD49502,PPI_FINISHED_CONSUMER_GOODS,2016-03,PPIFCG,WPSFD49502,adjacent_vintage_bridge,2016-02,2016-03,2011-03-01,-0.004635433658716437,-0.004149657014716368,0.0004857766440000688
2,PPI_FINISHED_CONSUMER_GOODS__2016-03__PPIFCG__to__WPSFD49502,PPI_FINISHED_CONSUMER_GOODS,2016-03,PPIFCG,WPSFD49502,adjacent_vintage_bridge,2016-02,2016-03,2011-04-01,0.0009142430123123546,0.001386197118895538,0.0004719541065831834
2,PPI_FINISHED_CONSUMER_GOODS__2016-03__PPIFCG__to__WPSFD49502,PPI_FINISHED_CONSUMER_GOODS,2016-03,PPIFCG,WPSFD49502,adjacent_vintage_bridge,2016-02,2016-03,2011-05-01,-0.0025308029754187444,-0.00401362187469978,-0.0014828188992810354
2,PPI_FINISHED_CONSUMER_GOODS__2016-03__PPIFCG__to__WPSFD49502,PPI_FINISHED_CONSUMER_GOODS,2016-03,PPIFCG,WPSFD49502,adjacent_vintage_bridge,2016-02,2016-03,2011-06-01,-0.011777254002852011,-0.012729782374298004,-0.0009525283714459931
2,PPI_FINISHED_CONSUMER_GOODS__2016-03__PPIFCG__to__WPSFD49502,PPI_FINISHED_CONSUMER_GOODS,2016-03,PPIFCG,WPSFD49502,adjacent_vintage_bridge,2016-02,2016-03,2011-07-01,0.009319392924206582,0.010282262296859912,0.00096286937265333
2,PPI_FINISHED_CONSUMER_GOODS__2016-03__PPIFCG__to__WPSFD49502,PPI_FINISHED_CONSUMER_GOODS,2016-03,PPIFCG,WPSFD49502,adjacent_vintage_bridge,2016-02,2016-03,2011-08-01,-0.006374842452283147,-0.0073453899580764315,-0.0009705475057932844
2,PPI_FINISHED_CONSUMER_GOODS__2016-03__PPIFCG__to__WPSFD49502,PPI_FINISHED_CONSUMER_GOODS,2016-03,PPIFCG,WPSFD49502,adjacent_vintage_bridge,2016-02,2016-03,2011-09-01,0.012691634559169884,0.013663437411953971,0.0009718028527840872
2,PPI_FINISHED_CONSUMER_GOODS__2016-03__PPIFCG__to__WPSFD49502,PPI_FINISHED_CONSUMER_GOODS,2016-03,PPIFCG,WPSFD49502,adjacent_vintage_bridge,2016-02,2016-03,2011-10-01,-0.013647264276126947,-0.014127115385213607,-0.00047985110908665973
2,PPI_FINISHED_CONSUMER_GOODS__2016-03__PPIFCG__to__WPSFD49502,PPI_FINISHED_CONSUMER_GOODS,2016-03,PPIFCG,WPSFD49502,adjacent_vintage_bridge,2016-02,2016-03,2011-11-01,0.005830907920246986,0.006801075293140002,0.000970167372893016
2,PPI_FINISHED_CONSUMER_GOODS__2016-03__PPIFCG__to__WPSFD49502,PPI_FINISHED_CONSUMER_GOODS,2016-03,PPIFCG,WPSFD49502,adjacent_vintage_bridge,2016-02,2016-03,2011-12-01,-0.004858145197625063,-0.0053422858294807085,-0.00048414063185564515
2,PPI_FINISHED_CONSUMER_GOODS__2016-03__PPIFCG__to__WPSFD49502,PPI_FINISHED_CONSUMER_GOODS,2016-03,PPIFCG,WPSFD49502,adjacent_vintage_bridge,2016-02,2016-03,2012-01-01,0.0053399281859976,0.005821481468499812,0.00048155328250221174
2,PPI_FINISHED_CONSUMER_GOODS__2016-03__PPIFCG__to__WPSFD49502,PPI_FINISHED_CONSUMER_GOODS,2016-03,PPIFCG,WPSFD49502,adjacent_vintage_bridge,2016-02,2016-03,2012-02-01,-0.0009776858044059367,-0.000979779585799534,-2.0937813935972827e-06
2,PPI_FINISHED_CONSUMER_GOODS__2016-03__PPIFCG__to__WPSFD49502,PPI_FINISHED_CONSUMER_GOODS,2016-03,PPIFCG,WPSFD49502,adjacent_vintage_bridge,2016-02,2016-03,2012-03-01,-0.0014533674940491181,-0.0024174446433828933,-0.0009640771493337752
2,PPI_FINISHED_CONSUMER_GOODS__2016-03__PPIFCG__to__WPSFD49502,PPI_FINISHED_CONSUMER_GOODS,2016-03,PPIFCG,WPSFD49502,adjacent_vintage_bridge,2016-02,2016-03,2012-04-01,-0.0038675396504919135,-0.0024139437466432767,0.0014535959038486368
2,PPI_FINISHED_CONSUMER_GOODS__2016-03__PPIFCG__to__WPSFD49502,PPI_FINISHED_CONSUMER_GOODS,2016-03,PPIFCG,WPSFD49502,adjacent_vintage_bridge,2016-02,2016-03,2012-05-01,-0.003413943104022543,-0.005344852566802949,-0.0019309094627804058
2,PPI_FINISHED_CONSUMER_GOODS__2016-03__PPIFCG__to__WPSFD49502,PPI_FINISHED_CONSUMER_GOODS,2016-03,PPIFCG,WPSFD49502,adjacent_vintage_bridge,2016-02,2016-03,2012-06-01,0.0019196876314353517,0.0019064915861575216,-1.3196045277830137e-05
2,PPI_FINISHED_CONSUMER_GOODS__2016-03__PPIFCG__to__WPSFD49502,PPI_FINISHED_CONSUMER_GOODS,2016-03,PPIFCG,WPSFD49502,adjacent_vintage_bridge,2016-02,2016-03,2012-07-01,0.00537408513231874,0.006348269330162637,0.000974184197843897
2,PPI_FINISHED_CONSUMER_GOODS__2016-03__PPIFCG__to__WPSFD49502,PPI_FINISHED_CONSUMER_GOODS,2016-03,PPIFCG,WPSFD49502,adjacent_vintage_bridge,2016-02,2016-03,2012-08-01,0.015510745721829977,0.015029629522989474,-0.0004811161988405033
2,PPI_FINISHED_CONSUMER_GOODS__2016-03__PPIFCG__to__WPSFD49502,PPI_FINISHED_CONSUMER_GOODS,2016-03,PPIFCG,WPSFD49502,adjacent_vintage_bridge,2016-02,2016-03,2012-09-01,-0.0035858145452030143,-0.0021488610372539796,0.0014369535079490348
2,PPI_FINISHED_CONSUMER_GOODS__2016-03__PPIFCG__to__WPSFD49502,PPI_FINISHED_CONSUMER_GOODS,2016-03,PPIFCG,WPSFD49502,adjacent_vintage_bridge,2016-02,2016-03,2012-10-01,-0.011005871059715844,-0.012910475470429894,-0.0019046044107140503
2,PPI_FINISHED_CONSUMER_GOODS__2016-03__PPIFCG__to__WPSFD49502,PPI_FINISHED_CONSUMER_GOODS,2016-03,PPIFCG,WPSFD49502,adjacent_vintage_bridge,2016-02,2016-03,2012-11-01,-0.011421415287447445,-0.008564224707360957,0.0028571905800864883
2,PPI_FINISHED_CONSUMER_GOODS__2016-03__PPIFCG__to__WPSFD49502,PPI_FINISHED_CONSUMER_GOODS,2016-03,PPIFCG,WPSFD49502,adjacent_vintage_bridge,2016-02,2016-03,2012-12-01,0.008566485554928782,0.005223684589304334,-0.0033428009656244484
2,PPI_FINISHED_CONSUMER_GOODS__2016-03__PPIFCG__to__WPSFD49502,PPI_FINISHED_CONSUMER_GOODS,2016-03,PPIFCG,WPSFD49502,adjacent_vintage_bridge,2016-02,2016-03,2013-01-01,0.005258477855717203,0.008122448152454886,0.0028639702967376834
2,PPI_FINISHED_CONSUMER_GOODS__2016-03__PPIFCG__to__WPSFD49502,PPI_FINISHED_CONSUMER_GOODS,2016-03,PPIFCG,WPSFD49502,adjacent_vintage_bridge,2016-02,2016-03,2013-02-01,0.002352935047010618,0.0013867930598800982,-0.0009661419871305199
2,PPI_FINISHED_CONSUMER_GOODS__2016-03__PPIFCG__to__WPSFD49502,PPI_FINISHED_CONSUMER_GOODS,2016-03,PPIFCG,WPSFD49502,adjacent_vintage_bridge,2016-02,2016-03,2013-03-01,-0.013308033892801774,-0.015187770293001002,-0.0018797364001992278
2,PPI_FINISHED_CONSUMER_GOODS__2016-03__PPIFCG__to__WPSFD49502,PPI_FINISHED_CONSUMER_GOODS,2016-03,PPIFCG,WPSFD49502,adjacent_vintage_bridge,2016-02,2016-03,2013-04-01,-0.003410769669740077,-6.566003847119362e-05,0.0033451096312688833
2,PPI_FINISHED_CONSUMER_GOODS__2016-03__PPIFCG__to__WPSFD49502,PPI_FINISHED_CONSUMER_GOODS,2016-03,PPIFCG,WPSFD49502,adjacent_vintage_bridge,2016-02,2016-03,2013-05-01,0.01917537468659969,0.0157951670708929,-0.0033802076157067873
2,PPI_FINISHED_CONSUMER_GOODS__2016-03__PPIFCG__to__WPSFD49502,PPI_FINISHED_CONSUMER_GOODS,2016-03,PPIFCG,WPSFD49502,adjacent_vintage_bridge,2016-02,2016-03,2013-06-01,-0.0072031006060635505,-0.007659204508285278,-0.00045610390222172725
2,PPI_FINISHED_CONSUMER_GOODS__2016-03__PPIFCG__to__WPSFD49502,PPI_FINISHED_CONSUMER_GOODS,2016-03,PPIFCG,WPSFD49502,adjacent_vintage_bridge,2016-02,2016-03,2013-07-01,-0.002384018328785764,-0.00047698546098740024,0.001907032867798364
2,PPI_FINISHED_CONSUMER_GOODS__2016-03__PPIFCG__to__WPSFD49502,PPI_FINISHED_CONSUMER_GOODS,2016-03,PPIFCG,WPSFD49502,adjacent_vintage_bridge,2016-02,2016-03,2013-08-01,0.005231651569401308,0.005711353824243481,0.00047970225484217366
2,PPI_FINISHED_CONSUMER_GOODS__2016-03__PPIFCG__to__WPSFD49502,PPI_FINISHED_CONSUMER_GOODS,2016-03,PPIFCG,WPSFD49502,adjacent_vintage_bridge,2016-02,2016-03,2013-09-01,-0.005704337672343129,-0.006659208309844011,-0.000954870637500882
2,PPI_FINISHED_CONSUMER_GOODS__2016-03__PPIFCG__to__WPSFD49502,PPI_FINISHED_CONSUMER_GOODS,2016-03,PPIFCG,WPSFD49502,adjacent_vintage_bridge,2016-02,2016-03,2013-10-01,0.0033205721217326456,0.0033241757502402436,3.603628507597989e-06
2,PPI_FINISHED_CONSUMER_GOODS__2016-03__PPIFCG__to__WPSFD49502,PPI_FINISHED_CONSUMER_GOODS,2016-03,PPIFCG,WPSFD49502,adjacent_vintage_bridge,2016-02,2016-03,2013-11-01,-0.0047427103088004685,-0.0009510189947929959,0.0037916913140074726
2,PPI_FINISHED_CONSUMER_GOODS__2016-03__PPIFCG__to__WPSFD49502,PPI_FINISHED_CONSUMER_GOODS,2016-03,PPIFCG,WPSFD49502,adjacent_vintage_bridge,2016-02,2016-03,2013-12-01,0.00899703012653763,0.004722775894956399,-0.0042742542315812315
2,PPI_FINISHED_CONSUMER_GOODS__2016-03__PPIFCG__to__WPSFD49502,PPI_FINISHED_CONSUMER_GOODS,2016-03,PPIFCG,WPSFD49502,adjacent_vintage_bridge,2016-02,2016-03,2014-01-01,-4.361077649672751e-05,0.0023082972046619687,0.0023519079811586963
2,PPI_FINISHED_CONSUMER_GOODS__2016-03__PPIFCG__to__WPSFD49502,PPI_FINISHED_CONSUMER_GOODS,2016-03,PPIFCG,WPSFD49502,adjacent_vintage_bridge,2016-02,2016-03,2014-02-01,-0.005645295977253717,-0.007044810401200863,-0.0013995144239471458
2,PPI_FINISHED_CONSUMER_GOODS__2016-03__PPIFCG__to__WPSFD49502,PPI_FINISHED_CONSUMER_GOODS,2016-03,PPIFCG,WPSFD49502,adjacent_vintage_bridge,2016-02,2016-03,2014-03-01,0.0018682827092213472,-8.726233824418728e-07,-0.001869155332603789
2,PPI_FINISHED_CONSUMER_GOODS__2016-03__PPIFCG__to__WPSFD49502,PPI_FINISHED_CONSUMER_GOODS,2016-03,PPIFCG,WPSFD49502,adjacent_vintage_bridge,2016-02,2016-03,2014-04-01,0.0023171954290610586,0.006967798320739682,0.0046506028916786235
2,PPI_FINISHED_CONSUMER_GOODS__2016-03__PPIFCG__to__WPSFD49502,PPI_FINISHED_CONSUMER_GOODS,2016-03,PPIFCG,WPSFD49502,adjacent_vintage_bridge,2016-02,2016-03,2014-05-01,-0.0032660973318758835,-0.008364575368037919,-0.005098478036162035
2,PPI_FINISHED_CONSUMER_GOODS__2016-03__PPIFCG__to__WPSFD49502,PPI_FINISHED_CONSUMER_GOODS,2016-03,PPIFCG,WPSFD49502,adjacent_vintage_bridge,2016-02,2016-03,2014-06-01,0.0032305671455867824,0.0027762796149692903,-0.00045428753061749205
2,PPI_FINISHED_CONSUMER_GOODS__2016-03__PPIFCG__to__WPSFD49502,PPI_FINISHED_CONSUMER_GOODS,2016-03,PPIFCG,WPSFD49502,adjacent_vintage_bridge,2016-02,2016-03,2014-07-01,-0.006009651168981556,-0.0027754234648789122,0.0032342277041026435
2,PPI_FINISHED_CONSUMER_GOODS__2016-03__PPIFCG__to__WPSFD49502,PPI_FINISHED_CONSUMER_GOODS,2016-03,PPIFCG,WPSFD49502,adjacent_vintage_bridge,2016-02,2016-03,2014-08-01,-0.0013881360554481859,-0.001388781424938479,-6.453694902930351e-07
2,PPI_FINISHED_CONSUMER_GOODS__2016-03__PPIFCG__to__WPSFD49502,PPI_FINISHED_CONSUMER_GOODS,2016-03,PPIFCG,WPSFD49502,adjacent_vintage_bridge,2016-02,2016-03,2014-09-01,0.0009218603652429991,0.00046049695233296717,-0.0004613634129100319
2,PPI_FINISHED_CONSUMER_GOODS__2016-03__PPIFCG__to__WPSFD49502,PPI_FINISHED_CONSUMER_GOODS,2016-03,PPIFCG,WPSFD49502,adjacent_vintage_bridge,2016-02,2016-03,2014-10-01,-0.0023248140075651236,-0.0032585103523254944,-0.0009336963447603708
2,PPI_FINISHED_CONSUMER_GOODS__2016-03__PPIFCG__to__WPSFD49502,PPI_FINISHED_CONSUMER_GOODS,2016-03,PPIFCG,WPSFD49502,adjacent_vintage_bridge,2016-02,2016-03,2014-11-01,-0.007511537523443579,-0.002365282253782297,0.005146255269661282
2,PPI_FINISHED_CONSUMER_GOODS__2016-03__PPIFCG__to__WPSFD49502,PPI_FINISHED_CONSUMER_GOODS,2016-03,PPIFCG,WPSFD49502,adjacent_vintage_bridge,2016-02,2016-03,2014-12-01,-0.005374297253443849,-0.01050094957610792,-0.0051266523226640714
2,PPI_FINISHED_CONSUMER_GOODS__2016-03__PPIFCG__to__WPSFD49502,PPI_FINISHED_CONSUMER_GOODS,2016-03,PPIFCG,WPSFD49502,adjacent_vintage_bridge,2016-02,2016-03,2015-01-01,-0.010546742078679117,-0.009101380187892083,0.0014453618907870336
2,PPI_FINISHED_CONSUMER_GOODS__2016-03__PPIFCG__to__WPSFD49502,PPI_FINISHED_CONSUMER_GOODS,2016-03,PPIFCG,WPSFD49502,adjacent_vintage_bridge,2016-02,2016-03,2015-02-01,0.026655080283747523,0.02612606406424156,-0.0005290162195059622
2,PPI_FINISHED_CONSUMER_GOODS__2016-03__PPIFCG__to__WPSFD49502,PPI_FINISHED_CONSUMER_GOODS,2016-03,PPIFCG,WPSFD49502,adjacent_vintage_bridge,2016-02,2016-03,2015-03-01,0.001965360886491574,0.0004905567917852238,-0.00147480409470635
2,PPI_FINISHED_CONSUMER_GOODS__2016-03__PPIFCG__to__WPSFD49502,PPI_FINISHED_CONSUMER_GOODS,2016-03,PPIFCG,WPSFD49502,adjacent_vintage_bridge,2016-02,2016-03,2015-04-01,-0.00935953844148596,-0.005412067330670567,0.003947471110815393
2,PPI_FINISHED_CONSUMER_GOODS__2016-03__PPIFCG__to__WPSFD49502,PPI_FINISHED_CONSUMER_GOODS,2016-03,PPIFCG,WPSFD49502,adjacent_vintage_bridge,2016-02,2016-03,2015-05-01,0.02942348681469742,0.024953480560439445,-0.004470006254257974
2,PPI_FINISHED_CONSUMER_GOODS__2016-03__PPIFCG__to__WPSFD49502,PPI_FINISHED_CONSUMER_GOODS,2016-03,PPIFCG,WPSFD49502,adjacent_vintage_bridge,2016-02,2016-03,2015-06-01,-0.01141965782592802,-0.012791146517902696,-0.001371488691974676
2,PPI_FINISHED_CONSUMER_GOODS__2016-03__PPIFCG__to__WPSFD49502,PPI_FINISHED_CONSUMER_GOODS,2016-03,PPIFCG,WPSFD49502,adjacent_vintage_bridge,2016-02,2016-03,2015-07-01,-0.013960594067129684,-0.010601980669720845,0.0033586133974088384
2,PPI_FINISHED_CONSUMER_GOODS__2016-03__PPIFCG__to__WPSFD49502,PPI_FINISHED_CONSUMER_GOODS,2016-03,PPIFCG,WPSFD49502,adjacent_vintage_bridge,2016-02,2016-03,2015-08-01,-0.0024332023624937804,-0.0014687339010199807,0.0009644684614737997
2,PPI_FINISHED_CONSUMER_GOODS__2016-03__PPIFCG__to__WPSFD49502,PPI_FINISHED_CONSUMER_GOODS,2016-03,PPIFCG,WPSFD49502,adjacent_vintage_bridge,2016-02,2016-03,2015-09-01,-0.009834030432721796,-0.009827655137645941,6.375295075855547e-06
2,PPI_FINISHED_CONSUMER_GOODS__2016-03__PPIFCG__to__WPSFD49502,PPI_FINISHED_CONSUMER_GOODS,2016-03,PPIFCG,WPSFD49502,adjacent_vintage_bridge,2016-02,2016-03,2015-10-01,0.012658867539028229,0.011695571823492124,-0.0009632957155361055
2,PPI_FINISHED_CONSUMER_GOODS__2016-03__PPIFCG__to__WPSFD49502,PPI_FINISHED_CONSUMER_GOODS,2016-03,PPIFCG,WPSFD49502,adjacent_vintage_bridge,2016-02,2016-03,2015-11-01,0.0044379960690923426,0.00739730946404471,0.0029593133949523676
2,PPI_FINISHED_CONSUMER_GOODS__2016-03__PPIFCG__to__WPSFD49502,PPI_FINISHED_CONSUMER_GOODS,2016-03,PPIFCG,WPSFD49502,adjacent_vintage_bridge,2016-02,2016-03,2015-12-01,-0.011401344841478256,-0.014830585936267404,-0.0034292410947891483
3,PPI_FINISHED_GOODS__2016-03__PPIFGS__to__WPSFD49207,PPI_FINISHED_GOODS,2016-03,PPIFGS,WPSFD49207,adjacent_vintage_bridge,2016-02,2016-03,1959-03-01,-0.003016593539425738,-0.003016593539425738,0.0
3,PPI_FINISHED_GOODS__2016-03__PPIFGS__to__WPSFD49207,PPI_FINISHED_GOODS,2016-03,PPIFGS,WPSFD49207,adjacent_vintage_bridge,2016-02,2016-03,1959-04-01,0.0,0.0,0.0
3,PPI_FINISHED_GOODS__2016-03__PPIFGS__to__WPSFD49207,PPI_FINISHED_GOODS,2016-03,PPIFGS,WPSFD49207,adjacent_vintage_bridge,2016-02,2016-03,1959-05-01,0.0030075210639548544,0.0030075210639548544,0.0
3,PPI_FINISHED_GOODS__2016-03__PPIFGS__to__WPSFD49207,PPI_FINISHED_GOODS,2016-03,PPIFGS,WPSFD49207,adjacent_vintage_bridge,2016-02,2016-03,1959-06-01,-0.006015042127909709,-0.006015042127909709,0.0
3,PPI_FINISHED_GOODS__2016-03__PPIFGS__to__WPSFD49207,PPI_FINISHED_GOODS,2016-03,PPIFGS,WPSFD49207,adjacent_vintage_bridge,2016-02,2016-03,1959-07-01,-9.072475470883745e-06,-9.072475470883745e-06,0.0
3,PPI_FINISHED_GOODS__2016-03__PPIFGS__to__WPSFD49207,PPI_FINISHED_GOODS,2016-03,PPIFGS,WPSFD49207,adjacent_vintage_bridge,2016-02,2016-03,1959-08-01,-9.12737711145084e-06,-9.12737711145084e-06,0.0
3,PPI_FINISHED_GOODS__2016-03__PPIFGS__to__WPSFD49207,PPI_FINISHED_GOODS,2016-03,PPIFGS,WPSFD49207,adjacent_vintage_bridge,2016-02,2016-03,1959-09-01,0.01507405943271145,0.01507405943271145,0.0
3,PPI_FINISHED_GOODS__2016-03__PPIFGS__to__WPSFD49207,PPI_FINISHED_GOODS,2016-03,PPIFGS,WPSFD49207,adjacent_vintage_bridge,2016-02,2016-03,1959-10-01,-0.021070956115811335,-0.021070956115811335,0.0
3,PPI_FINISHED_GOODS__2016-03__PPIFGS__to__WPSFD49207,PPI_FINISHED_GOODS,2016-03,PPIFGS,WPSFD49207,adjacent_vintage_bridge,2016-02,2016-03,1959-11-01,0.005996896683099884,0.005996896683099884,0.0
3,PPI_FINISHED_GOODS__2016-03__PPIFGS__to__WPSFD49207,PPI_FINISHED_GOODS,2016-03,PPIFGS,WPSFD49207,adjacent_vintage_bridge,2016-02,2016-03,1959-12-01,0.003025720916537189,0.003025720916537189,0.0
3,PPI_FINISHED_GOODS__2016-03__PPIFGS__to__WPSFD49207,PPI_FINISHED_GOODS,2016-03,PPIFGS,WPSFD49207,adjacent_vintage_bridge,2016-02,2016-03,1960-01-01,0.003025720916537189,0.003025720916537189,0.0
3,PPI_FINISHED_GOODS__2016-03__PPIFGS__to__WPSFD49207,PPI_FINISHED_GOODS,2016-03,PPIFGS,WPSFD49207,adjacent_vintage_bridge,2016-02,2016-03,1960-02-01,-0.003025720916537189,-0.003025720916537189,0.0
3,PPI_FINISHED_GOODS__2016-03__PPIFGS__to__WPSFD49207,PPI_FINISHED_GOODS,2016-03,PPIFGS,WPSFD49207,adjacent_vintage_bridge,2016-02,2016-03,1960-03-01,0.009022617599637073,0.009022617599637073,0.0
3,PPI_FINISHED_GOODS__2016-03__PPIFGS__to__WPSFD49207,PPI_FINISHED_GOODS,2016-03,PPIFGS,WPSFD49207,adjacent_vintage_bridge,2016-02,2016-03,1960-04-01,-0.009022617599637073,-0.009022617599637073,0.0
3,PPI_FINISHED_GOODS__2016-03__PPIFGS__to__WPSFD49207,PPI_FINISHED_GOODS,2016-03,PPIFGS,WPSFD49207,adjacent_vintage_bridge,2016-02,2016-03,1960-05-01,0.0,0.0,0.0
3,PPI_FINISHED_GOODS__2016-03__PPIFGS__to__WPSFD49207,PPI_FINISHED_GOODS,2016-03,PPIFGS,WPSFD49207,adjacent_vintage_bridge,2016-02,2016-03,1960-06-01,0.0,0.0,0.0
3,PPI_FINISHED_GOODS__2016-03__PPIFGS__to__WPSFD49207,PPI_FINISHED_GOODS,2016-03,PPIFGS,WPSFD49207,adjacent_vintage_bridge,2016-02,2016-03,1960-07-01,0.00298953884836628,0.00298953884836628,0.0
3,PPI_FINISHED_GOODS__2016-03__PPIFGS__to__WPSFD49207,PPI_FINISHED_GOODS,2016-03,PPIFGS,WPSFD49207,adjacent_vintage_bridge,2016-02,2016-03,1960-08-01,-0.00597907769673256,-0.00597907769673256,0.0
3,PPI_FINISHED_GOODS__2016-03__PPIFGS__to__WPSFD49207,PPI_FINISHED_GOODS,2016-03,PPIFGS,WPSFD49207,adjacent_vintage_bridge,2016-02,2016-03,1960-09-01,0.00298953884836628,0.00298953884836628,0.0
3,PPI_FINISHED_GOODS__2016-03__PPIFGS__to__WPSFD49207,PPI_FINISHED_GOODS,2016-03,PPIFGS,WPSFD49207,adjacent_vintage_bridge,2016-02,2016-03,1960-10-01,0.008941937375661624,0.008941937375661624,0.0
3,PPI_FINISHED_GOODS__2016-03__PPIFGS__to__WPSFD49207,PPI_FINISHED_GOODS,2016-03,PPIFGS,WPSFD49207,adjacent_vintage_bridge,2016-02,2016-03,1960-11-01,-0.008941937375661624,-0.008941937375661624,0.0
3,PPI_FINISHED_GOODS__2016-03__PPIFGS__to__WPSFD49207,PPI_FINISHED_GOODS,2016-03,PPIFGS,WPSFD49207,adjacent_vintage_bridge,2016-02,2016-03,1960-12-01,-0.002971770389157413,-0.002971770389157413,0.0
3,PPI_FINISHED_GOODS__2016-03__PPIFGS__to__WPSFD49207,PPI_FINISHED_GOODS,2016-03,PPIFGS,WPSFD49207,adjacent_vintage_bridge,2016-02,2016-03,1961-01-01,0.002971770389157413,0.002971770389157413,0.0
3,PPI_FINISHED_GOODS__2016-03__PPIFGS__to__WPSFD49207,PPI_FINISHED_GOODS,2016-03,PPIFGS,WPSFD49207,adjacent_vintage_bridge,2016-02,2016-03,1961-02-01,0.002971770389157413,0.002971770389157413,0.0
3,PPI_FINISHED_GOODS__2016-03__PPIFGS__to__WPSFD49207,PPI_FINISHED_GOODS,2016-03,PPIFGS,WPSFD49207,adjacent_vintage_bridge,2016-02,2016-03,1961-03-01,-0.005943540778314826,-0.005943540778314826,0.0
3,PPI_FINISHED_GOODS__2016-03__PPIFGS__to__WPSFD49207,PPI_FINISHED_GOODS,2016-03,PPIFGS,WPSFD49207,adjacent_vintage_bridge,2016-02,2016-03,1961-04-01,-0.0029983965973467974,-0.0029983965973467974,0.0
3,PPI_FINISHED_GOODS__2016-03__PPIFGS__to__WPSFD49207,PPI_FINISHED_GOODS,2016-03,PPIFGS,WPSFD49207,adjacent_vintage_bridge,2016-02,2016-03,1961-05-01,0.0029716639902477304,0.0029716639902477304,0.0
3,PPI_FINISHED_GOODS__2016-03__PPIFGS__to__WPSFD49207,PPI_FINISHED_GOODS,2016-03,PPIFGS,WPSFD49207,adjacent_vintage_bridge,2016-02,2016-03,1961-06-01,0.00299850299625648,0.00299850299625648,0.0
3,PPI_FINISHED_GOODS__2016-03__PPIFGS__to__WPSFD49207,PPI_FINISHED_GOODS,2016-03,PPIFGS,WPSFD49207,adjacent_vintage_bridge,2016-02,2016-03,1961-07-01,0.0,0.0,0.0
3,PPI_FINISHED_GOODS__2016-03__PPIFGS__to__WPSFD49207,PPI_FINISHED_GOODS,2016-03,PPIFGS,WPSFD49207,adjacent_vintage_bridge,2016-02,2016-03,1961-08-01,0.00299850299625648,0.00299850299625648,0.0
3,PPI_FINISHED_GOODS__2016-03__PPIFGS__to__WPSFD49207,PPI_FINISHED_GOODS,2016-03,PPIFGS,WPSFD49207,adjacent_vintage_bridge,2016-02,2016-03,1961-09-01,-0.00599700599251296,-0.00599700599251296,0.0
3,PPI_FINISHED_GOODS__2016-03__PPIFGS__to__WPSFD49207,PPI_FINISHED_GOODS,2016-03,PPIFGS,WPSFD49207,adjacent_vintage_bridge,2016-02,2016-03,1961-10-01,0.00299850299625648,0.00299850299625648,0.0
3,PPI_FINISHED_GOODS__2016-03__PPIFGS__to__WPSFD49207,PPI_FINISHED_GOODS,2016-03,PPIFGS,WPSFD49207,adjacent_vintage_bridge,2016-02,2016-03,1961-11-01,0.00299850299625648,0.00299850299625648,0.0
3,PPI_FINISHED_GOODS__2016-03__PPIFGS__to__WPSFD49207,PPI_FINISHED_GOODS,2016-03,PPIFGS,WPSFD49207,adjacent_vintage_bridge,2016-02,2016-03,1961-12-01,-0.00299850299625648,-0.00299850299625648,0.0
3,PPI_FINISHED_GOODS__2016-03__PPIFGS__to__WPSFD49207,PPI_FINISHED_GOODS,2016-03,PPIFGS,WPSFD49207,adjacent_vintage_bridge,2016-02,2016-03,1962-01-01,0.00298953884836628,0.00298953884836628,0.0
3,PPI_FINISHED_GOODS__2016-03__PPIFGS__to__WPSFD49207,PPI_FINISHED_GOODS,2016-03,PPIFGS,WPSFD49207,adjacent_vintage_bridge,2016-02,2016-03,1962-02-01,-8.910710228349217e-06,-8.910710228349217e-06,0.0
3,PPI_FINISHED_GOODS__2016-03__PPIFGS__to__WPSFD49207,PPI_FINISHED_GOODS,2016-03,PPIFGS,WPSFD49207,adjacent_vintage_bridge,2016-02,2016-03,1962-03-01,-0.005961256276275861,-0.005961256276275861,0.0
3,PPI_FINISHED_GOODS__2016-03__PPIFGS__to__WPSFD49207,PPI_FINISHED_GOODS,2016-03,PPIFGS,WPSFD49207,adjacent_vintage_bridge,2016-02,2016-03,1962-04-01,0.0029806281381379307,0.0029806281381379307,0.0
3,PPI_FINISHED_GOODS__2016-03__PPIFGS__to__WPSFD49207,PPI_FINISHED_GOODS,2016-03,PPIFGS,WPSFD49207,adjacent_vintage_bridge,2016-02,2016-03,1962-05-01,-0.00298953884836628,-0.00298953884836628,0.0
3,PPI_FINISHED_GOODS__2016-03__PPIFGS__to__WPSFD49207,PPI_FINISHED_GOODS,2016-03,PPIFGS,WPSFD49207,adjacent_vintage_bridge,2016-02,2016-03,1962-06-01,0.00298953884836628,0.00298953884836628,0.0
3,PPI_FINISHED_GOODS__2016-03__PPIFGS__to__WPSFD49207,PPI_FINISHED_GOODS,2016-03,PPIFGS,WPSFD49207,adjacent_vintage_bridge,2016-02,2016-03,1962-07-01,0.0,0.0,0.0
3,PPI_FINISHED_GOODS__2016-03__PPIFGS__to__WPSFD49207,PPI_FINISHED_GOODS,2016-03,PPIFGS,WPSFD49207,adjacent_vintage_bridge,2016-02,2016-03,1962-08-01,0.00298953884836628,0.00298953884836628,0.0
3,PPI_FINISHED_GOODS__2016-03__PPIFGS__to__WPSFD49207,PPI_FINISHED_GOODS,2016-03,PPIFGS,WPSFD49207,adjacent_vintage_bridge,2016-02,2016-03,1962-09-01,0.005925824809585922,0.005925824809585922,0.0
3,PPI_FINISHED_GOODS__2016-03__PPIFGS__to__WPSFD49207,PPI_FINISHED_GOODS,2016-03,PPIFGS,WPSFD49207,adjacent_vintage_bridge,2016-02,2016-03,1962-10-01,-0.014850099177766474,-0.014850099177766474,0.0
3,PPI_FINISHED_GOODS__2016-03__PPIFGS__to__WPSFD49207,PPI_FINISHED_GOODS,2016-03,PPIFGS,WPSFD49207,adjacent_vintage_bridge,2016-02,2016-03,1962-11-01,0.0059347355198142715,0.0059347355198142715,0.0
3,PPI_FINISHED_GOODS__2016-03__PPIFGS__to__WPSFD49207,PPI_FINISHED_GOODS,2016-03,PPIFGS,WPSFD49207,adjacent_vintage_bridge,2016-02,2016-03,1962-12-01,-0.0029806281381379307,-0.0029806281381379307,0.0
3,PPI_FINISHED_GOODS__2016-03__PPIFGS__to__WPSFD49207,PPI_FINISHED_GOODS,2016-03,PPIFGS,WPSFD49207,adjacent_vintage_bridge,2016-02,2016-03,1963-01-01,-8.910710228349217e-06,-8.910710228349217e-06,0.0
3,PPI_FINISHED_GOODS__2016-03__PPIFGS__to__WPSFD49207,PPI_FINISHED_GOODS,2016-03,PPIFGS,WPSFD49207,adjacent_vintage_bridge,2016-02,2016-03,1963-02-01,0.00298953884836628,0.00298953884836628,0.0
3,PPI_FINISHED_GOODS__2016-03__PPIFGS__to__WPSFD49207,PPI_FINISHED_GOODS,2016-03,PPIFGS,WPSFD49207,adjacent_vintage_bridge,2016-02,2016-03,1963-03-01,-0.00299850299625648,-0.00299850299625648,0.0
3,PPI_FINISHED_GOODS__2016-03__PPIFGS__to__WPSFD49207,PPI_FINISHED_GOODS,2016-03,PPIFGS,WPSFD49207,adjacent_vintage_bridge,2016-02,2016-03,1963-04-01,0.00299850299625648,0.00299850299625648,0.0
3,PPI_FINISHED_GOODS__2016-03__PPIFGS__to__WPSFD49207,PPI_FINISHED_GOODS,2016-03,PPIFGS,WPSFD49207,adjacent_vintage_bridge,2016-02,2016-03,1963-05-01,0.00299850299625648,0.00299850299625648,0.0
3,PPI_FINISHED_GOODS__2016-03__PPIFGS__to__WPSFD49207,PPI_FINISHED_GOODS,2016-03,PPIFGS,WPSFD49207,adjacent_vintage_bridge,2016-02,2016-03,1963-06-01,-8.96414789020028e-06,-8.96414789020028e-06,0.0
3,PPI_FINISHED_GOODS__2016-03__PPIFGS__to__WPSFD49207,PPI_FINISHED_GOODS,2016-03,PPIFGS,WPSFD49207,adjacent_vintage_bridge,2016-02,2016-03,1963-07-01,-0.00597907769673256,-0.00597907769673256,0.0
3,PPI_FINISHED_GOODS__2016-03__PPIFGS__to__WPSFD49207,PPI_FINISHED_GOODS,2016-03,PPIFGS,WPSFD49207,adjacent_vintage_bridge,2016-02,2016-03,1963-08-01,0.00298953884836628,0.00298953884836628,0.0
3,PPI_FINISHED_GOODS__2016-03__PPIFGS__to__WPSFD49207,PPI_FINISHED_GOODS,2016-03,PPIFGS,WPSFD49207,adjacent_vintage_bridge,2016-02,2016-03,1963-09-01,0.0,0.0,0.0
3,PPI_FINISHED_GOODS__2016-03__PPIFGS__to__WPSFD49207,PPI_FINISHED_GOODS,2016-03,PPIFGS,WPSFD49207,adjacent_vintage_bridge,2016-02,2016-03,1963-10-01,0.00298953884836628,0.00298953884836628,0.0
3,PPI_FINISHED_GOODS__2016-03__PPIFGS__to__WPSFD49207,PPI_FINISHED_GOODS,2016-03,PPIFGS,WPSFD49207,adjacent_vintage_bridge,2016-02,2016-03,1963-11-01,-0.00298953884836628,-0.00298953884836628,0.0
3,PPI_FINISHED_GOODS__2016-03__PPIFGS__to__WPSFD49207,PPI_FINISHED_GOODS,2016-03,PPIFGS,WPSFD49207,adjacent_vintage_bridge,2016-02,2016-03,1963-12-01,-0.00298953884836628,-0.00298953884836628,0.0
3,PPI_FINISHED_GOODS__2016-03__PPIFGS__to__WPSFD49207,PPI_FINISHED_GOODS,2016-03,PPIFGS,WPSFD49207,adjacent_vintage_bridge,2016-02,2016-03,1964-01-01,0.00597907769673256,0.00597907769673256,0.0
3,PPI_FINISHED_GOODS__2016-03__PPIFGS__to__WPSFD49207,PPI_FINISHED_GOODS,2016-03,PPIFGS,WPSFD49207,adjacent_vintage_bridge,2016-02,2016-03,1964-02-01,-0.00298953884836628,-0.00298953884836628,0.0
3,PPI_FINISHED_GOODS__2016-03__PPIFGS__to__WPSFD49207,PPI_FINISHED_GOODS,2016-03,PPIFGS,WPSFD49207,adjacent_vintage_bridge,2016-02,2016-03,1964-03-01,-0.00298953884836628,-0.00298953884836628,0.0
3,PPI_FINISHED_GOODS__2016-03__PPIFGS__to__WPSFD49207,PPI_FINISHED_GOODS,2016-03,PPIFGS,WPSFD49207,adjacent_vintage_bridge,2016-02,2016-03,1964-04-01,0.00597907769673256,0.00597907769673256,0.0
3,PPI_FINISHED_GOODS__2016-03__PPIFGS__to__WPSFD49207,PPI_FINISHED_GOODS,2016-03,PPIFGS,WPSFD49207,adjacent_vintage_bridge,2016-02,2016-03,1964-05-01,-0.00298953884836628,-0.00298953884836628,0.0
3,PPI_FINISHED_GOODS__2016-03__PPIFGS__to__WPSFD49207,PPI_FINISHED_GOODS,2016-03,PPIFGS,WPSFD49207,adjacent_vintage_bridge,2016-02,2016-03,1964-06-01,0.0,0.0,0.0
3,PPI_FINISHED_GOODS__2016-03__PPIFGS__to__WPSFD49207,PPI_FINISHED_GOODS,2016-03,PPIFGS,WPSFD49207,adjacent_vintage_bridge,2016-02,2016-03,1964-07-01,0.0,0.0,0.0
3,PPI_FINISHED_GOODS__2016-03__PPIFGS__to__WPSFD49207,PPI_FINISHED_GOODS,2016-03,PPIFGS,WPSFD49207,adjacent_vintage_bridge,2016-02,2016-03,1964-08-01,0.0029806281381379307,0.0029806281381379307,0.0
3,PPI_FINISHED_GOODS__2016-03__PPIFGS__to__WPSFD49207,PPI_FINISHED_GOODS,2016-03,PPIFGS,WPSFD49207,adjacent_vintage_bridge,2016-02,2016-03,1964-09-01,-0.0029806281381379307,-0.0029806281381379307,0.0
3,PPI_FINISHED_GOODS__2016-03__PPIFGS__to__WPSFD49207,PPI_FINISHED_GOODS,2016-03,PPIFGS,WPSFD49207,adjacent_vintage_bridge,2016-02,2016-03,1964-10-01,0.0,0.0,0.0
3,PPI_FINISHED_GOODS__2016-03__PPIFGS__to__WPSFD49207,PPI_FINISHED_GOODS,2016-03,PPIFGS,WPSFD49207,adjacent_vintage_bridge,2016-02,2016-03,1964-11-01,0.0,0.0,0.0
3,PPI_FINISHED_GOODS__2016-03__PPIFGS__to__WPSFD49207,PPI_FINISHED_GOODS,2016-03,PPIFGS,WPSFD49207,adjacent_vintage_bridge,2016-02,2016-03,1964-12-01,0.0,0.0,0.0
3,PPI_FINISHED_GOODS__2016-03__PPIFGS__to__WPSFD49207,PPI_FINISHED_GOODS,2016-03,PPIFGS,WPSFD49207,adjacent_vintage_bridge,2016-02,2016-03,1965-01-01,0.0,0.0,0.0
3,PPI_FINISHED_GOODS__2016-03__PPIFGS__to__WPSFD49207,PPI_FINISHED_GOODS,2016-03,PPIFGS,WPSFD49207,adjacent_vintage_bridge,2016-02,2016-03,1965-02-01,0.002971770389157413,0.002971770389157413,0.0
3,PPI_FINISHED_GOODS__2016-03__PPIFGS__to__WPSFD49207,PPI_FINISHED_GOODS,2016-03,PPIFGS,WPSFD49207,adjacent_vintage_bridge,2016-02,2016-03,1965-03-01,-0.002971770389157413,-0.002971770389157413,0.0
3,PPI_FINISHED_GOODS__2016-03__PPIFGS__to__WPSFD49207,PPI_FINISHED_GOODS,2016-03,PPIFGS,WPSFD49207,adjacent_vintage_bridge,2016-02,2016-03,1965-04-01,0.008862687257845447,0.008862687257845447,0.0
3,PPI_FINISHED_GOODS__2016-03__PPIFGS__to__WPSFD49207,PPI_FINISHED_GOODS,2016-03,PPIFGS,WPSFD49207,adjacent_vintage_bridge,2016-02,2016-03,1965-05-01,-0.00592582758453597,-0.00592582758453597,0.0
3,PPI_FINISHED_GOODS__2016-03__PPIFGS__to__WPSFD49207,PPI_FINISHED_GOODS,2016-03,PPIFGS,WPSFD49207,adjacent_vintage_bridge,2016-02,2016-03,1965-06-01,-8.599894220751025e-06,-8.599894220751025e-06,0.0
3,PPI_FINISHED_GOODS__2016-03__PPIFGS__to__WPSFD49207,PPI_FINISHED_GOODS,2016-03,PPIFGS,WPSFD49207,adjacent_vintage_bridge,2016-02,2016-03,1965-07-01,-0.005856519558177453,-0.005856519558177453,0.0
3,PPI_FINISHED_GOODS__2016-03__PPIFGS__to__WPSFD49207,PPI_FINISHED_GOODS,2016-03,PPIFGS,WPSFD49207,adjacent_vintage_bridge,2016-02,2016-03,1965-08-01,0.005856519558177453,0.005856519558177453,0.0
3,PPI_FINISHED_GOODS__2016-03__PPIFGS__to__WPSFD49207,PPI_FINISHED_GOODS,2016-03,PPIFGS,WPSFD49207,adjacent_vintage_bridge,2016-02,2016-03,1965-09-01,-8.549675754476738e-06,-8.549675754476738e-06,0.0
3,PPI_FINISHED_GOODS__2016-03__PPIFGS__to__WPSFD49207,PPI_FINISHED_GOODS,2016-03,PPIFGS,WPSFD49207,adjacent_vintage_bridge,2016-02,2016-03,1965-10-01,-8.49989587559108e-06,-8.49989587559108e-06,0.0
3,PPI_FINISHED_GOODS__2016-03__PPIFGS__to__WPSFD49207,PPI_FINISHED_GOODS,2016-03,PPIFGS,WPSFD49207,adjacent_vintage_bridge,2016-02,2016-03,1965-11-01,-8.450549497052151e-06,-8.450549497052151e-06,0.0
3,PPI_FINISHED_GOODS__2016-03__PPIFGS__to__WPSFD49207,PPI_FINISHED_GOODS,2016-03,PPIFGS,WPSFD49207,adjacent_vintage_bridge,2016-02,2016-03,1965-12-01,0.0028776032575374977,0.0028776032575374977,0.0
3,PPI_FINISHED_GOODS__2016-03__PPIFGS__to__WPSFD49207,PPI_FINISHED_GOODS,2016-03,PPIFGS,WPSFD49207,adjacent_vintage_bridge,2016-02,2016-03,1966-01-01,-0.005780362915499104,-0.005780362915499104,0.0
3,PPI_FINISHED_GOODS__2016-03__PPIFGS__to__WPSFD49207,PPI_FINISHED_GOODS,2016-03,PPIFGS,WPSFD49207,adjacent_vintage_bridge,2016-02,2016-03,1966-02-01,0.008608374536600127,0.008608374536600127,0.0
3,PPI_FINISHED_GOODS__2016-03__PPIFGS__to__WPSFD49207,PPI_FINISHED_GOODS,2016-03,PPIFGS,WPSFD49207,adjacent_vintage_bridge,2016-02,2016-03,1966-03-01,-0.008608374536600127,-0.008608374536600127,0.0
3,PPI_FINISHED_GOODS__2016-03__PPIFGS__to__WPSFD49207,PPI_FINISHED_GOODS,2016-03,PPIFGS,WPSFD49207,adjacent_vintage_bridge,2016-02,2016-03,1966-04-01,0.002853068982406448,0.002853068982406448,0.0
3,PPI_FINISHED_GOODS__2016-03__PPIFGS__to__WPSFD49207,PPI_FINISHED_GOODS,2016-03,PPIFGS,WPSFD49207,adjacent_vintage_bridge,2016-02,2016-03,1966-05-01,-0.002853068982406448,-0.002853068982406448,0.0
3,PPI_FINISHED_GOODS__2016-03__PPIFGS__to__WPSFD49207,PPI_FINISHED_GOODS,2016-03,PPIFGS,WPSFD49207,adjacent_vintage_bridge,2016-02,2016-03,1966-06-01,-0.005714301263438415,-0.005714301263438415,0.0
3,PPI_FINISHED_GOODS__2016-03__PPIFGS__to__WPSFD49207,PPI_FINISHED_GOODS,2016-03,PPIFGS,WPSFD49207,adjacent_vintage_bridge,2016-02,2016-03,1966-07-01,0.01142860252687683,0.01142860252687683,0.0
3,PPI_FINISHED_GOODS__2016-03__PPIFGS__to__WPSFD49207,PPI_FINISHED_GOODS,2016-03,PPIFGS,WPSFD49207,adjacent_vintage_bridge,2016-02,2016-03,1966-08-01,0.0027963884044703846,0.0027963884044703846,0.0
3,PPI_FINISHED_GOODS__2016-03__PPIFGS__to__WPSFD49207,PPI_FINISHED_GOODS,2016-03,PPIFGS,WPSFD49207,adjacent_vintage_bridge,2016-02,2016-03,1966-09-01,-0.002876871949652582,-0.002876871949652582,0.0
3,PPI_FINISHED_GOODS__2016-03__PPIFGS__to__WPSFD49207,PPI_FINISHED_GOODS,2016-03,PPIFGS,WPSFD49207,adjacent_vintage_bridge,2016-02,2016-03,1966-10-01,-0.008446759094871137,-0.008446759094871137,0.0
3,PPI_FINISHED_GOODS__2016-03__PPIFGS__to__WPSFD49207,PPI_FINISHED_GOODS,2016-03,PPIFGS,WPSFD49207,adjacent_vintage_bridge,2016-02,2016-03,1966-11-01,0.002812941376614919,0.002812941376614919,0.0
3,PPI_FINISHED_GOODS__2016-03__PPIFGS__to__WPSFD49207,PPI_FINISHED_GOODS,2016-03,PPIFGS,WPSFD49207,adjacent_vintage_bridge,2016-02,2016-03,1966-12-01,-0.0028208763416412985,-0.0028208763416412985,0.0
3,PPI_FINISHED_GOODS__2016-03__PPIFGS__to__WPSFD49207,PPI_FINISHED_GOODS,2016-03,PPIFGS,WPSFD49207,adjacent_vintage_bridge,2016-02,2016-03,1967-01-01,0.0028208763416412985,0.0028208763416412985,0.0
3,PPI_FINISHED_GOODS__2016-03__PPIFGS__to__WPSFD49207,PPI_FINISHED_GOODS,2016-03,PPIFGS,WPSFD49207,adjacent_vintage_bridge,2016-02,2016-03,1967-02-01,-0.0028288562004776807,-0.0028288562004776807,0.0
3,PPI_FINISHED_GOODS__2016-03__PPIFGS__to__WPSFD49207,PPI_FINISHED_GOODS,2016-03,PPIFGS,WPSFD49207,adjacent_vintage_bridge,2016-02,2016-03,1967-03-01,0.0028288562004776807,0.0028288562004776807,0.0
3,PPI_FINISHED_GOODS__2016-03__PPIFGS__to__WPSFD49207,PPI_FINISHED_GOODS,2016-03,PPIFGS,WPSFD49207,adjacent_vintage_bridge,2016-02,2016-03,1967-04-01,0.0,0.0,0.0
3,PPI_FINISHED_GOODS__2016-03__PPIFGS__to__WPSFD49207,PPI_FINISHED_GOODS,2016-03,PPIFGS,WPSFD49207,adjacent_vintage_bridge,2016-02,2016-03,1967-05-01,0.0028288562004776807,0.0028288562004776807,0.0
3,PPI_FINISHED_GOODS__2016-03__PPIFGS__to__WPSFD49207,PPI_FINISHED_GOODS,2016-03,PPIFGS,WPSFD49207,adjacent_vintage_bridge,2016-02,2016-03,1967-06-01,0.005610012445386836,0.005610012445386836,0.0
3,PPI_FINISHED_GOODS__2016-03__PPIFGS__to__WPSFD49207,PPI_FINISHED_GOODS,2016-03,PPIFGS,WPSFD49207,adjacent_vintage_bridge,2016-02,2016-03,1967-07-01,-0.008438868645864517,-0.008438868645864517,0.0
3,PPI_FINISHED_GOODS__2016-03__PPIFGS__to__WPSFD49207,PPI_FINISHED_GOODS,2016-03,PPIFGS,WPSFD49207,adjacent_vintage_bridge,2016-02,2016-03,1967-08-01,0.0027972046210611445,0.0027972046210611445,0.0
3,PPI_FINISHED_GOODS__2016-03__PPIFGS__to__WPSFD49207,PPI_FINISHED_GOODS,2016-03,PPIFGS,WPSFD49207,adjacent_vintage_bridge,2016-02,2016-03,1967-09-01,-0.0027972046210611445,-0.0027972046210611445,0.0
3,PPI_FINISHED_GOODS__2016-03__PPIFGS__to__WPSFD49207,PPI_FINISHED_GOODS,2016-03,PPIFGS,WPSFD49207,adjacent_vintage_bridge,2016-02,2016-03,1967-10-01,0.0027894020875787184,0.0027894020875787184,0.0
3,PPI_FINISHED_GOODS__2016-03__PPIFGS__to__WPSFD49207,PPI_FINISHED_GOODS,2016-03,PPIFGS,WPSFD49207,adjacent_vintage_bridge,2016-02,2016-03,1967-11-01,-0.0027894020875787184,-0.0027894020875787184,0.0
3,PPI_FINISHED_GOODS__2016-03__PPIFGS__to__WPSFD49207,PPI_FINISHED_GOODS,2016-03,PPIFGS,WPSFD49207,adjacent_vintage_bridge,2016-02,2016-03,1967-12-01,0.0027816429618767735,0.0027816429618767735,0.0
3,PPI_FINISHED_GOODS__2016-03__PPIFGS__to__WPSFD49207,PPI_FINISHED_GOODS,2016-03,PPIFGS,WPSFD49207,adjacent_vintage_bridge,2016-02,2016-03,1968-01-01,-7.716079151620647e-06,-7.716079151620647e-06,0.0
3,PPI_FINISHED_GOODS__2016-03__PPIFGS__to__WPSFD49207,PPI_FINISHED_GOODS,2016-03,PPIFGS,WPSFD49207,adjacent_vintage_bridge,2016-02,2016-03,1968-02-01,-7.67338983465038e-06,-7.67338983465038e-06,0.0
3,PPI_FINISHED_GOODS__2016-03__PPIFGS__to__WPSFD49207,PPI_FINISHED_GOODS,2016-03,PPIFGS,WPSFD49207,adjacent_vintage_bridge,2016-02,2016-03,1968-03-01,-7.63105381107465e-06,-7.63105381107465e-06,0.0
3,PPI_FINISHED_GOODS__2016-03__PPIFGS__to__WPSFD49207,PPI_FINISHED_GOODS,2016-03,PPIFGS,WPSFD49207,adjacent_vintage_bridge,2016-02,2016-03,1968-04-01,0.0027358968785615723,0.0027358968785615723,0.0
3,PPI_FINISHED_GOODS__2016-03__PPIFGS__to__WPSFD49207,PPI_FINISHED_GOODS,2016-03,PPIFGS,WPSFD49207,adjacent_vintage_bridge,2016-02,2016-03,1968-05-01,-0.005494519317641,-0.005494519317641,0.0
3,PPI_FINISHED_GOODS__2016-03__PPIFGS__to__WPSFD49207,PPI_FINISHED_GOODS,2016-03,PPIFGS,WPSFD49207,adjacent_vintage_bridge,2016-02,2016-03,1968-06-01,0.0027359798188744122,0.0027359798188744122,0.0
3,PPI_FINISHED_GOODS__2016-03__PPIFGS__to__WPSFD49207,PPI_FINISHED_GOODS,2016-03,PPIFGS,WPSFD49207,adjacent_vintage_bridge,2016-02,2016-03,1968-07-01,-7.4651656700730484e-06,-7.4651656700730484e-06,0.0
3,PPI_FINISHED_GOODS__2016-03__PPIFGS__to__WPSFD49207,PPI_FINISHED_GOODS,2016-03,PPIFGS,WPSFD49207,adjacent_vintage_bridge,2016-02,2016-03,1968-08-01,-7.4245388437255144e-06,-7.4245388437255144e-06,0.0
3,PPI_FINISHED_GOODS__2016-03__PPIFGS__to__WPSFD49207,PPI_FINISHED_GOODS,2016-03,PPIFGS,WPSFD49207,adjacent_vintage_bridge,2016-02,2016-03,1968-09-01,0.0026989773549783713,0.0026989773549783713,0.0
3,PPI_FINISHED_GOODS__2016-03__PPIFGS__to__WPSFD49207,PPI_FINISHED_GOODS,2016-03,PPIFGS,WPSFD49207,adjacent_vintage_bridge,2016-02,2016-03,1968-10-01,-0.005420067469338985,-0.005420067469338985,0.0
3,PPI_FINISHED_GOODS__2016-03__PPIFGS__to__WPSFD49207,PPI_FINISHED_GOODS,2016-03,PPIFGS,WPSFD49207,adjacent_vintage_bridge,2016-02,2016-03,1968-11-01,0.00269905696916517,0.00269905696916517,0.0
3,PPI_FINISHED_GOODS__2016-03__PPIFGS__to__WPSFD49207,PPI_FINISHED_GOODS,2016-03,PPIFGS,WPSFD49207,adjacent_vintage_bridge,2016-02,2016-03,1968-12-01,-0.00269905696916517,-0.00269905696916517,0.0
3,PPI_FINISHED_GOODS__2016-03__PPIFGS__to__WPSFD49207,PPI_FINISHED_GOODS,2016-03,PPIFGS,WPSFD49207,adjacent_vintage_bridge,2016-02,2016-03,1969-01-01,0.0026917916657116514,0.0026917916657116514,0.0
3,PPI_FINISHED_GOODS__2016-03__PPIFGS__to__WPSFD49207,PPI_FINISHED_GOODS,2016-03,PPIFGS,WPSFD49207,adjacent_vintage_bridge,2016-02,2016-03,1969-02-01,-0.0026917916657116514,-0.0026917916657116514,0.0
3,PPI_FINISHED_GOODS__2016-03__PPIFGS__to__WPSFD49207,PPI_FINISHED_GOODS,2016-03,PPIFGS,WPSFD49207,adjacent_vintage_bridge,2016-02,2016-03,1969-03-01,0.0053619431413851615,0.0053619431413851615,0.0
3,PPI_FINISHED_GOODS__2016-03__PPIFGS__to__WPSFD49207,PPI_FINISHED_GOODS,2016-03,PPIFGS,WPSFD49207,adjacent_vintage_bridge,2016-02,2016-03,1969-04-01,-2.8597166022770182e-05,-2.8597166022770182e-05,0.0
3,PPI_FINISHED_GOODS__2016-03__PPIFGS__to__WPSFD49207,PPI_FINISHED_GOODS,2016-03,PPIFGS,WPSFD49207,adjacent_vintage_bridge,2016-02,2016-03,1969-05-01,-2.8293745669039083e-05,-2.8293745669039083e-05,0.0
3,PPI_FINISHED_GOODS__2016-03__PPIFGS__to__WPSFD49207,PPI_FINISHED_GOODS,2016-03,PPIFGS,WPSFD49207,adjacent_vintage_bridge,2016-02,2016-03,1969-06-01,-2.799512884976707e-05,-2.799512884976707e-05,0.0
3,PPI_FINISHED_GOODS__2016-03__PPIFGS__to__WPSFD49207,PPI_FINISHED_GOODS,2016-03,PPIFGS,WPSFD49207,adjacent_vintage_bridge,2016-02,2016-03,1969-07-01,-0.0026489346945739456,-0.0026489346945739456,0.0
3,PPI_FINISHED_GOODS__2016-03__PPIFGS__to__WPSFD49207,PPI_FINISHED_GOODS,2016-03,PPIFGS,WPSFD49207,adjacent_vintage_bridge,2016-02,2016-03,1969-08-01,-6.888926395554051e-06,-6.888926395554051e-06,0.0
3,PPI_FINISHED_GOODS__2016-03__PPIFGS__to__WPSFD49207,PPI_FINISHED_GOODS,2016-03,PPIFGS,WPSFD49207,adjacent_vintage_bridge,2016-02,2016-03,1969-09-01,-6.852905803267362e-06,-6.852905803267362e-06,0.0
3,PPI_FINISHED_GOODS__2016-03__PPIFGS__to__WPSFD49207,PPI_FINISHED_GOODS,2016-03,PPIFGS,WPSFD49207,adjacent_vintage_bridge,2016-02,2016-03,1969-10-01,0.0025939645330677052,0.0025939645330677052,0.0
3,PPI_FINISHED_GOODS__2016-03__PPIFGS__to__WPSFD49207,PPI_FINISHED_GOODS,2016-03,PPIFGS,WPSFD49207,adjacent_vintage_bridge,2016-02,2016-03,1969-11-01,0.002553660228350463,0.002553660228350463,0.0
3,PPI_FINISHED_GOODS__2016-03__PPIFGS__to__WPSFD49207,PPI_FINISHED_GOODS,2016-03,PPIFGS,WPSFD49207,adjacent_vintage_bridge,2016-02,2016-03,1969-12-01,-0.005188001340316273,-0.005188001340316273,0.0
3,PPI_FINISHED_GOODS__2016-03__PPIFGS__to__WPSFD49207,PPI_FINISHED_GOODS,2016-03,PPIFGS,WPSFD49207,adjacent_vintage_bridge,2016-02,2016-03,1970-01-01,0.0025542123717468,0.0025542123717468,0.0
3,PPI_FINISHED_GOODS__2016-03__PPIFGS__to__WPSFD49207,PPI_FINISHED_GOODS,2016-03,PPIFGS,WPSFD49207,adjacent_vintage_bridge,2016-02,2016-03,1970-02-01,-0.007689037228593154,-0.007689037228593154,0.0
3,PPI_FINISHED_GOODS__2016-03__PPIFGS__to__WPSFD49207,PPI_FINISHED_GOODS,2016-03,PPIFGS,WPSFD49207,adjacent_vintage_bridge,2016-02,2016-03,1970-03-01,0.005121641723347281,0.005121641723347281,0.0
3,PPI_FINISHED_GOODS__2016-03__PPIFGS__to__WPSFD49207,PPI_FINISHED_GOODS,2016-03,PPIFGS,WPSFD49207,adjacent_vintage_bridge,2016-02,2016-03,1970-04-01,-0.0025608208616736405,-0.0025608208616736405,0.0
3,PPI_FINISHED_GOODS__2016-03__PPIFGS__to__WPSFD49207,PPI_FINISHED_GOODS,2016-03,PPIFGS,WPSFD49207,adjacent_vintage_bridge,2016-02,2016-03,1970-05-01,0.0,0.0,0.0
3,PPI_FINISHED_GOODS__2016-03__PPIFGS__to__WPSFD49207,PPI_FINISHED_GOODS,2016-03,PPIFGS,WPSFD49207,adjacent_vintage_bridge,2016-02,2016-03,1970-06-01,0.002554279805096815,0.002554279805096815,0.0
3,PPI_FINISHED_GOODS__2016-03__PPIFGS__to__WPSFD49207,PPI_FINISHED_GOODS,2016-03,PPIFGS,WPSFD49207,adjacent_vintage_bridge,2016-02,2016-03,1970-07-01,-0.002554279805096815,-0.002554279805096815,0.0
3,PPI_FINISHED_GOODS__2016-03__PPIFGS__to__WPSFD49207,PPI_FINISHED_GOODS,2016-03,PPIFGS,WPSFD49207,adjacent_vintage_bridge,2016-02,2016-03,1970-08-01,0.0,0.0,0.0
3,PPI_FINISHED_GOODS__2016-03__PPIFGS__to__WPSFD49207,PPI_FINISHED_GOODS,2016-03,PPIFGS,WPSFD49207,adjacent_vintage_bridge,2016-02,2016-03,1970-09-01,0.010152371464017929,0.010152371464017929,0.0
3,PPI_FINISHED_GOODS__2016-03__PPIFGS__to__WPSFD49207,PPI_FINISHED_GOODS,2016-03,PPIFGS,WPSFD49207,adjacent_vintage_bridge,2016-02,2016-03,1970-10-01,-0.010152371464017929,-0.010152371464017929,0.0
3,PPI_FINISHED_GOODS__2016-03__PPIFGS__to__WPSFD49207,PPI_FINISHED_GOODS,2016-03,PPIFGS,WPSFD49207,adjacent_vintage_bridge,2016-02,2016-03,1970-11-01,0.005037794029957077,0.005037794029957077,0.0
3,PPI_FINISHED_GOODS__2016-03__PPIFGS__to__WPSFD49207,PPI_FINISHED_GOODS,2016-03,PPIFGS,WPSFD49207,adjacent_vintage_bridge,2016-02,2016-03,1970-12-01,-0.005037794029957077,-0.005037794029957077,0.0
3,PPI_FINISHED_GOODS__2016-03__PPIFGS__to__WPSFD49207,PPI_FINISHED_GOODS,2016-03,PPIFGS,WPSFD49207,adjacent_vintage_bridge,2016-02,2016-03,1971-01-01,0.0025094116054260596,0.0025094116054260596,0.0
3,PPI_FINISHED_GOODS__2016-03__PPIFGS__to__WPSFD49207,PPI_FINISHED_GOODS,2016-03,PPIFGS,WPSFD49207,adjacent_vintage_bridge,2016-02,2016-03,1971-02-01,0.002490598811279554,0.002490598811279554,0.0
3,PPI_FINISHED_GOODS__2016-03__PPIFGS__to__WPSFD49207,PPI_FINISHED_GOODS,2016-03,PPIFGS,WPSFD49207,adjacent_vintage_bridge,2016-02,2016-03,1971-03-01,-0.0025093491042533778,-0.0025093491042533778,0.0
3,PPI_FINISHED_GOODS__2016-03__PPIFGS__to__WPSFD49207,PPI_FINISHED_GOODS,2016-03,PPIFGS,WPSFD49207,adjacent_vintage_bridge,2016-02,2016-03,1971-04-01,-6.187984790795298e-06,-6.187984790795298e-06,0.0
3,PPI_FINISHED_GOODS__2016-03__PPIFGS__to__WPSFD49207,PPI_FINISHED_GOODS,2016-03,PPIFGS,WPSFD49207,adjacent_vintage_bridge,2016-02,2016-03,1971-05-01,0.002466031832194737,0.002466031832194737,0.0
3,PPI_FINISHED_GOODS__2016-03__PPIFGS__to__WPSFD49207,PPI_FINISHED_GOODS,2016-03,PPIFGS,WPSFD49207,adjacent_vintage_bridge,2016-02,2016-03,1971-06-01,-0.002484412664662372,-0.002484412664662372,0.0
3,PPI_FINISHED_GOODS__2016-03__PPIFGS__to__WPSFD49207,PPI_FINISHED_GOODS,2016-03,PPIFGS,WPSFD49207,adjacent_vintage_bridge,2016-02,2016-03,1971-07-01,-0.007404374135776326,-0.007404374135776326,0.0
3,PPI_FINISHED_GOODS__2016-03__PPIFGS__to__WPSFD49207,PPI_FINISHED_GOODS,2016-03,PPIFGS,WPSFD49207,adjacent_vintage_bridge,2016-02,2016-03,1971-08-01,0.012336589122027508,0.012336589122027508,0.0
3,PPI_FINISHED_GOODS__2016-03__PPIFGS__to__WPSFD49207,PPI_FINISHED_GOODS,2016-03,PPIFGS,WPSFD49207,adjacent_vintage_bridge,2016-02,2016-03,1971-09-01,-0.007398307481444988,-0.007398307481444988,0.0
3,PPI_FINISHED_GOODS__2016-03__PPIFGS__to__WPSFD49207,PPI_FINISHED_GOODS,2016-03,PPIFGS,WPSFD49207,adjacent_vintage_bridge,2016-02,2016-03,1971-10-01,0.0,0.0,0.0
3,PPI_FINISHED_GOODS__2016-03__PPIFGS__to__WPSFD49207,PPI_FINISHED_GOODS,2016-03,PPIFGS,WPSFD49207,adjacent_vintage_bridge,2016-02,2016-03,1971-11-01,0.0024539889615664556,0.0024539889615664556,0.0
3,PPI_FINISHED_GOODS__2016-03__PPIFGS__to__WPSFD49207,PPI_FINISHED_GOODS,2016-03,PPIFGS,WPSFD49207,adjacent_vintage_bridge,2016-02,2016-03,1971-12-01,0.004872051130506705,0.004872051130506705,0.0
3,PPI_FINISHED_GOODS__2016-03__PPIFGS__to__WPSFD49207,PPI_FINISHED_GOODS,2016-03,PPIFGS,WPSFD49207,adjacent_vintage_bridge,2016-02,2016-03,1972-01-01,-0.009762094889954387,-0.009762094889954387,0.0
3,PPI_FINISHED_GOODS__2016-03__PPIFGS__to__WPSFD49207,PPI_FINISHED_GOODS,2016-03,PPIFGS,WPSFD49207,adjacent_vintage_bridge,2016-02,2016-03,1972-02-01,0.00972648806056009,0.00972648806056009,0.0
3,PPI_FINISHED_GOODS__2016-03__PPIFGS__to__WPSFD49207,PPI_FINISHED_GOODS,2016-03,PPIFGS,WPSFD49207,adjacent_vintage_bridge,2016-02,2016-03,1972-03-01,-0.007290433262678864,-0.007290433262678864,0.0
3,PPI_FINISHED_GOODS__2016-03__PPIFGS__to__WPSFD49207,PPI_FINISHED_GOODS,2016-03,PPIFGS,WPSFD49207,adjacent_vintage_bridge,2016-02,2016-03,1972-04-01,0.0,0.0,0.0
3,PPI_FINISHED_GOODS__2016-03__PPIFGS__to__WPSFD49207,PPI_FINISHED_GOODS,2016-03,PPIFGS,WPSFD49207,adjacent_vintage_bridge,2016-02,2016-03,1972-05-01,0.004830927269665608,0.004830927269665608,0.0
3,PPI_FINISHED_GOODS__2016-03__PPIFGS__to__WPSFD49207,PPI_FINISHED_GOODS,2016-03,PPIFGS,WPSFD49207,adjacent_vintage_bridge,2016-02,2016-03,1972-06-01,-2.3225701561990775e-05,-2.3225701561990775e-05,0.0
3,PPI_FINISHED_GOODS__2016-03__PPIFGS__to__WPSFD49207,PPI_FINISHED_GOODS,2016-03,PPIFGS,WPSFD49207,adjacent_vintage_bridge,2016-02,2016-03,1972-07-01,-0.0024124908421492286,-0.0024124908421492286,0.0
3,PPI_FINISHED_GOODS__2016-03__PPIFGS__to__WPSFD49207,PPI_FINISHED_GOODS,2016-03,PPIFGS,WPSFD49207,adjacent_vintage_bridge,2016-02,2016-03,1972-08-01,0.0023780680267035947,0.0023780680267035947,0.0
3,PPI_FINISHED_GOODS__2016-03__PPIFGS__to__WPSFD49207,PPI_FINISHED_GOODS,2016-03,PPIFGS,WPSFD49207,adjacent_vintage_bridge,2016-02,2016-03,1972-09-01,-2.267599406025056e-05,-2.267599406025056e-05,0.0
3,PPI_FINISHED_GOODS__2016-03__PPIFGS__to__WPSFD49207,PPI_FINISHED_GOODS,2016-03,PPIFGS,WPSFD49207,adjacent_vintage_bridge,2016-02,2016-03,1972-10-01,-0.009501205517195466,-0.009501205517195466,0.0
3,PPI_FINISHED_GOODS__2016-03__PPIFGS__to__WPSFD49207,PPI_FINISHED_GOODS,2016-03,PPIFGS,WPSFD49207,adjacent_vintage_bridge,2016-02,2016-03,1972-11-01,0.011868070527461416,0.011868070527461416,0.0
3,PPI_FINISHED_GOODS__2016-03__PPIFGS__to__WPSFD49207,PPI_FINISHED_GOODS,2016-03,PPIFGS,WPSFD49207,adjacent_vintage_bridge,2016-02,2016-03,1972-12-01,0.0022943664134831288,0.0022943664134831288,0.0
3,PPI_FINISHED_GOODS__2016-03__PPIFGS__to__WPSFD49207,PPI_FINISHED_GOODS,2016-03,PPIFGS,WPSFD49207,adjacent_vintage_bridge,2016-02,2016-03,1973-01-01,-0.002410638723363334,-0.002410638723363334,0.0
3,PPI_FINISHED_GOODS__2016-03__PPIFGS__to__WPSFD49207,PPI_FINISHED_GOODS,2016-03,PPIFGS,WPSFD49207,adjacent_vintage_bridge,2016-02,2016-03,1973-02-01,0.004559626942092443,0.004559626942092443,0.0
3,PPI_FINISHED_GOODS__2016-03__PPIFGS__to__WPSFD49207,PPI_FINISHED_GOODS,2016-03,PPIFGS,WPSFD49207,adjacent_vintage_bridge,2016-02,2016-03,1973-03-01,0.008917708942465019,0.008917708942465019,0.0
3,PPI_FINISHED_GOODS__2016-03__PPIFGS__to__WPSFD49207,PPI_FINISHED_GOODS,2016-03,PPIFGS,WPSFD49207,adjacent_vintage_bridge,2016-02,2016-03,1973-04-01,-0.013744499162196888,-0.013744499162196888,0.0
3,PPI_FINISHED_GOODS__2016-03__PPIFGS__to__WPSFD49207,PPI_FINISHED_GOODS,2016-03,PPIFGS,WPSFD49207,adjacent_vintage_bridge,2016-02,2016-03,1973-05-01,-4.50440305477251e-05,-4.50440305477251e-05,0.0
3,PPI_FINISHED_GOODS__2016-03__PPIFGS__to__WPSFD49207,PPI_FINISHED_GOODS,2016-03,PPIFGS,WPSFD49207,adjacent_vintage_bridge,2016-02,2016-03,1973-06-01,0.004360848035788845,0.004360848035788845,0.0
3,PPI_FINISHED_GOODS__2016-03__PPIFGS__to__WPSFD49207,PPI_FINISHED_GOODS,2016-03,PPIFGS,WPSFD49207,adjacent_vintage_bridge,2016-02,2016-03,1973-07-01,-0.01325005709618754,-0.01325005709618754,0.0
3,PPI_FINISHED_GOODS__2016-03__PPIFGS__to__WPSFD49207,PPI_FINISHED_GOODS,2016-03,PPIFGS,WPSFD49207,adjacent_vintage_bridge,2016-02,2016-03,1973-08-01,0.03683571757235837,0.03683571757235837,0.0
3,PPI_FINISHED_GOODS__2016-03__PPIFGS__to__WPSFD49207,PPI_FINISHED_GOODS,2016-03,PPIFGS,WPSFD49207,adjacent_vintage_bridge,2016-02,2016-03,1973-09-01,-0.036765422920580715,-0.036765422920580715,0.0
3,PPI_FINISHED_GOODS__2016-03__PPIFGS__to__WPSFD49207,PPI_FINISHED_GOODS,2016-03,PPIFGS,WPSFD49207,adjacent_vintage_bridge,2016-02,2016-03,1973-10-01,-4.5462708078147784e-06,-4.5462708078147784e-06,0.0
3,PPI_FINISHED_GOODS__2016-03__PPIFGS__to__WPSFD49207,PPI_FINISHED_GOODS,2016-03,PPIFGS,WPSFD49207,adjacent_vintage_bridge,2016-02,2016-03,1973-11-01,0.01064516219654088,0.01064516219654088,0.0
3,PPI_FINISHED_GOODS__2016-03__PPIFGS__to__WPSFD49207,PPI_FINISHED_GOODS,2016-03,PPIFGS,WPSFD49207,adjacent_vintage_bridge,2016-02,2016-03,1973-12-01,-7.182102204339458e-05,-7.182102204339458e-05,0.0
3,PPI_FINISHED_GOODS__2016-03__PPIFGS__to__WPSFD49207,PPI_FINISHED_GOODS,2016-03,PPIFGS,WPSFD49207,adjacent_vintage_bridge,2016-02,2016-03,1974-01-01,0.01645868297586217,0.01645868297586217,0.0
3,PPI_FINISHED_GOODS__2016-03__PPIFGS__to__WPSFD49207,PPI_FINISHED_GOODS,2016-03,PPIFGS,WPSFD49207,adjacent_vintage_bridge,2016-02,2016-03,1974-02-01,-0.006622931378245767,-0.006622931378245767,0.0
3,PPI_FINISHED_GOODS__2016-03__PPIFGS__to__WPSFD49207,PPI_FINISHED_GOODS,2016-03,PPIFGS,WPSFD49207,adjacent_vintage_bridge,2016-02,2016-03,1974-03-01,-0.008264526648380954,-0.008264526648380954,0.0
3,PPI_FINISHED_GOODS__2016-03__PPIFGS__to__WPSFD49207,PPI_FINISHED_GOODS,2016-03,PPIFGS,WPSFD49207,adjacent_vintage_bridge,2016-02,2016-03,1974-04-01,-9.920969564625182e-05,-9.920969564625182e-05,0.0
3,PPI_FINISHED_GOODS__2016-03__PPIFGS__to__WPSFD49207,PPI_FINISHED_GOODS,2016-03,PPIFGS,WPSFD49207,adjacent_vintage_bridge,2016-02,2016-03,1974-05-01,0.00185395768013219,0.00185395768013219,0.0
3,PPI_FINISHED_GOODS__2016-03__PPIFGS__to__WPSFD49207,PPI_FINISHED_GOODS,2016-03,PPIFGS,WPSFD49207,adjacent_vintage_bridge,2016-02,2016-03,1974-06-01,-0.01176484157958635,-0.01176484157958635,0.0
3,PPI_FINISHED_GOODS__2016-03__PPIFGS__to__WPSFD49207,PPI_FINISHED_GOODS,2016-03,PPIFGS,WPSFD49207,adjacent_vintage_bridge,2016-02,2016-03,1974-07-01,0.026924703370592606,0.026924703370592606,0.0
3,PPI_FINISHED_GOODS__2016-03__PPIFGS__to__WPSFD49207,PPI_FINISHED_GOODS,2016-03,PPIFGS,WPSFD49207,adjacent_vintage_bridge,2016-02,2016-03,1974-08-01,-0.008127157403090113,-0.008127157403090113,0.0
3,PPI_FINISHED_GOODS__2016-03__PPIFGS__to__WPSFD49207,PPI_FINISHED_GOODS,2016-03,PPIFGS,WPSFD49207,adjacent_vintage_bridge,2016-02,2016-03,1974-09-01,-0.00768632054243179,-0.00768632054243179,0.0
3,PPI_FINISHED_GOODS__2016-03__PPIFGS__to__WPSFD49207,PPI_FINISHED_GOODS,2016-03,PPIFGS,WPSFD49207,adjacent_vintage_bridge,2016-02,2016-03,1974-10-01,0.007137456163328615,0.007137456163328615,0.0
3,PPI_FINISHED_GOODS__2016-03__PPIFGS__to__WPSFD49207,PPI_FINISHED_GOODS,2016-03,PPIFGS,WPSFD49207,adjacent_vintage_bridge,2016-02,2016-03,1974-11-01,0.00144756838732496,0.00144756838732496,0.0
3,PPI_FINISHED_GOODS__2016-03__PPIFGS__to__WPSFD49207,PPI_FINISHED_GOODS,2016-03,PPIFGS,WPSFD49207,adjacent_vintage_bridge,2016-02,2016-03,1974-12-01,-0.019696249975724278,-0.019696249975724278,0.0
3,PPI_FINISHED_GOODS__2016-03__PPIFGS__to__WPSFD49207,PPI_FINISHED_GOODS,2016-03,PPIFGS,WPSFD49207,adjacent_vintage_bridge,2016-02,2016-03,1975-01-01,0.005305052229693352,0.005305052229693352,0.0
3,PPI_FINISHED_GOODS__2016-03__PPIFGS__to__WPSFD49207,PPI_FINISHED_GOODS,2016-03,PPIFGS,WPSFD49207,adjacent_vintage_bridge,2016-02,2016-03,1975-02-01,-0.0070702777542628326,-0.0070702777542628326,0.0
3,PPI_FINISHED_GOODS__2016-03__PPIFGS__to__WPSFD49207,PPI_FINISHED_GOODS,2016-03,PPIFGS,WPSFD49207,adjacent_vintage_bridge,2016-02,2016-03,1975-03-01,0.0017652255245694803,0.0017652255245694803,0.0
3,PPI_FINISHED_GOODS__2016-03__PPIFGS__to__WPSFD49207,PPI_FINISHED_GOODS,2016-03,PPIFGS,WPSFD49207,adjacent_vintage_bridge,2016-02,2016-03,1975-04-01,0.008795131452827398,0.008795131452827398,0.0
3,PPI_FINISHED_GOODS__2016-03__PPIFGS__to__WPSFD49207,PPI_FINISHED_GOODS,2016-03,PPIFGS,WPSFD49207,adjacent_vintage_bridge,2016-02,2016-03,1975-05-01,-0.0035549447892710972,-0.0035549447892710972,0.0
3,PPI_FINISHED_GOODS__2016-03__PPIFGS__to__WPSFD49207,PPI_FINISHED_GOODS,2016-03,PPIFGS,WPSFD49207,adjacent_vintage_bridge,2016-02,2016-03,1975-06-01,0.003432894589872504,0.003432894589872504,0.0
3,PPI_FINISHED_GOODS__2016-03__PPIFGS__to__WPSFD49207,PPI_FINISHED_GOODS,2016-03,PPIFGS,WPSFD49207,adjacent_vintage_bridge,2016-02,2016-03,1975-07-01,-7.457599819726823e-05,-7.457599819726823e-05,0.0
3,PPI_FINISHED_GOODS__2016-03__PPIFGS__to__WPSFD49207,PPI_FINISHED_GOODS,2016-03,PPIFGS,WPSFD49207,adjacent_vintage_bridge,2016-02,2016-03,1975-08-01,-7.330443187214541e-05,-7.330443187214541e-05,0.0
3,PPI_FINISHED_GOODS__2016-03__PPIFGS__to__WPSFD49207,PPI_FINISHED_GOODS,2016-03,PPIFGS,WPSFD49207,adjacent_vintage_bridge,2016-02,2016-03,1975-09-01,-0.001756985477220141,-0.001756985477220141,0.0
3,PPI_FINISHED_GOODS__2016-03__PPIFGS__to__WPSFD49207,PPI_FINISHED_GOODS,2016-03,PPIFGS,WPSFD49207,adjacent_vintage_bridge,2016-02,2016-03,1975-10-01,0.0016281396067672205,0.0016281396067672205,0.0
3,PPI_FINISHED_GOODS__2016-03__PPIFGS__to__WPSFD49207,PPI_FINISHED_GOODS,2016-03,PPIFGS,WPSFD49207,adjacent_vintage_bridge,2016-02,2016-03,1975-11-01,-0.00505745368739241,-0.00505745368739241,0.0
3,PPI_FINISHED_GOODS__2016-03__PPIFGS__to__WPSFD49207,PPI_FINISHED_GOODS,2016-03,PPIFGS,WPSFD49207,adjacent_vintage_bridge,2016-02,2016-03,1975-12-01,-0.001673621946452819,-0.001673621946452819,0.0
3,PPI_FINISHED_GOODS__2016-03__PPIFGS__to__WPSFD49207,PPI_FINISHED_GOODS,2016-03,PPIFGS,WPSFD49207,adjacent_vintage_bridge,2016-02,2016-03,1976-01-01,-0.0033305586381224828,-0.0033305586381224828,0.0
3,PPI_FINISHED_GOODS__2016-03__PPIFGS__to__WPSFD49207,PPI_FINISHED_GOODS,2016-03,PPIFGS,WPSFD49207,adjacent_vintage_bridge,2016-02,2016-03,1976-02-01,-2.777781635820986e-06,-2.777781635820986e-06,0.0
3,PPI_FINISHED_GOODS__2016-03__PPIFGS__to__WPSFD49207,PPI_FINISHED_GOODS,2016-03,PPIFGS,WPSFD49207,adjacent_vintage_bridge,2016-02,2016-03,1976-03-01,0.0033361142013941247,0.0033361142013941247,0.0
3,PPI_FINISHED_GOODS__2016-03__PPIFGS__to__WPSFD49207,PPI_FINISHED_GOODS,2016-03,PPIFGS,WPSFD49207,adjacent_vintage_bridge,2016-02,2016-03,1976-04-01,0.003319484410342355,0.003319484410342355,0.0
3,PPI_FINISHED_GOODS__2016-03__PPIFGS__to__WPSFD49207,PPI_FINISHED_GOODS,2016-03,PPIFGS,WPSFD49207,adjacent_vintage_bridge,2016-02,2016-03,1976-05-01,-0.003330540303410068,-0.003330540303410068,0.0
3,PPI_FINISHED_GOODS__2016-03__PPIFGS__to__WPSFD49207,PPI_FINISHED_GOODS,2016-03,PPIFGS,WPSFD49207,adjacent_vintage_bridge,2016-02,2016-03,1976-06-01,-2.7411116025888305e-06,-2.7411116025888305e-06,0.0
3,PPI_FINISHED_GOODS__2016-03__PPIFGS__to__WPSFD49207,PPI_FINISHED_GOODS,2016-03,PPIFGS,WPSFD49207,adjacent_vintage_bridge,2016-02,2016-03,1976-07-01,0.0016460729326297496,0.0016460729326297496,0.0
3,PPI_FINISHED_GOODS__2016-03__PPIFGS__to__WPSFD49207,PPI_FINISHED_GOODS,2016-03,PPIFGS,WPSFD49207,adjacent_vintage_bridge,2016-02,2016-03,1976-08-01,-1.0856378257706467e-05,-1.0856378257706467e-05,0.0
3,PPI_FINISHED_GOODS__2016-03__PPIFGS__to__WPSFD49207,PPI_FINISHED_GOODS,2016-03,PPIFGS,WPSFD49207,adjacent_vintage_bridge,2016-02,2016-03,1976-09-01,-1.0785188700346282e-05,-1.0785188700346282e-05,0.0
3,PPI_FINISHED_GOODS__2016-03__PPIFGS__to__WPSFD49207,PPI_FINISHED_GOODS,2016-03,PPIFGS,WPSFD49207,adjacent_vintage_bridge,2016-02,2016-03,1976-10-01,0.0016192775138481608,0.0016192775138481608,0.0
3,PPI_FINISHED_GOODS__2016-03__PPIFGS__to__WPSFD49207,PPI_FINISHED_GOODS,2016-03,PPIFGS,WPSFD49207,adjacent_vintage_bridge,2016-02,2016-03,1976-11-01,0.0032123755619073435,0.0032123755619073435,0.0
3,PPI_FINISHED_GOODS__2016-03__PPIFGS__to__WPSFD49207,PPI_FINISHED_GOODS,2016-03,PPIFGS,WPSFD49207,adjacent_vintage_bridge,2016-02,2016-03,1976-12-01,-6.524885262226832e-05,-6.524885262226832e-05,0.0
3,PPI_FINISHED_GOODS__2016-03__PPIFGS__to__WPSFD49207,PPI_FINISHED_GOODS,2016-03,PPIFGS,WPSFD49207,adjacent_vintage_bridge,2016-02,2016-03,1977-01-01,-0.006443814317857566,-0.006443814317857566,0.0
3,PPI_FINISHED_GOODS__2016-03__PPIFGS__to__WPSFD49207,PPI_FINISHED_GOODS,2016-03,PPIFGS,WPSFD49207,adjacent_vintage_bridge,2016-02,2016-03,1977-02-01,0.009536463043481547,0.009536463043481547,0.0
3,PPI_FINISHED_GOODS__2016-03__PPIFGS__to__WPSFD49207,PPI_FINISHED_GOODS,2016-03,PPIFGS,WPSFD49207,adjacent_vintage_bridge,2016-02,2016-03,1977-03-01,-0.003257482985150162,-0.003257482985150162,0.0
3,PPI_FINISHED_GOODS__2016-03__PPIFGS__to__WPSFD49207,PPI_FINISHED_GOODS,2016-03,PPIFGS,WPSFD49207,adjacent_vintage_bridge,2016-02,2016-03,1977-04-01,-0.0031817406437513185,-0.0031817406437513185,0.0
3,PPI_FINISHED_GOODS__2016-03__PPIFGS__to__WPSFD49207,PPI_FINISHED_GOODS,2016-03,PPIFGS,WPSFD49207,adjacent_vintage_bridge,2016-02,2016-03,1977-05-01,0.001532028969082333,0.001532028969082333,0.0
3,PPI_FINISHED_GOODS__2016-03__PPIFGS__to__WPSFD49207,PPI_FINISHED_GOODS,2016-03,PPIFGS,WPSFD49207,adjacent_vintage_bridge,2016-02,2016-03,1977-06-01,-0.0031297720723886258,-0.0031297720723886258,0.0
3,PPI_FINISHED_GOODS__2016-03__PPIFGS__to__WPSFD49207,PPI_FINISHED_GOODS,2016-03,PPIFGS,WPSFD49207,adjacent_vintage_bridge,2016-02,2016-03,1977-07-01,-9.585108575294043e-06,-9.585108575294043e-06,0.0
3,PPI_FINISHED_GOODS__2016-03__PPIFGS__to__WPSFD49207,PPI_FINISHED_GOODS,2016-03,PPIFGS,WPSFD49207,adjacent_vintage_bridge,2016-02,2016-03,1977-08-01,0.0030626730047060846,0.0030626730047060846,0.0
3,PPI_FINISHED_GOODS__2016-03__PPIFGS__to__WPSFD49207,PPI_FINISHED_GOODS,2016-03,PPIFGS,WPSFD49207,adjacent_vintage_bridge,2016-02,2016-03,1977-09-01,-0.0015631918657792454,-0.0015631918657792454,0.0
3,PPI_FINISHED_GOODS__2016-03__PPIFGS__to__WPSFD49207,PPI_FINISHED_GOODS,2016-03,PPIFGS,WPSFD49207,adjacent_vintage_bridge,2016-02,2016-03,1977-10-01,0.001497625158655147,0.001497625158655147,0.0
3,PPI_FINISHED_GOODS__2016-03__PPIFGS__to__WPSFD49207,PPI_FINISHED_GOODS,2016-03,PPIFGS,WPSFD49207,adjacent_vintage_bridge,2016-02,2016-03,1977-11-01,0.0014703161066726977,0.0014703161066726977,0.0
3,PPI_FINISHED_GOODS__2016-03__PPIFGS__to__WPSFD49207,PPI_FINISHED_GOODS,2016-03,PPIFGS,WPSFD49207,adjacent_vintage_bridge,2016-02,2016-03,1977-12-01,-0.0030507185347374843,-0.0030507185347374843,0.0
3,PPI_FINISHED_GOODS__2016-03__PPIFGS__to__WPSFD49207,PPI_FINISHED_GOODS,2016-03,PPIFGS,WPSFD49207,adjacent_vintage_bridge,2016-02,2016-03,1978-01-01,-2.0229969802443293e-05,-2.0229969802443293e-05,0.0
3,PPI_FINISHED_GOODS__2016-03__PPIFGS__to__WPSFD49207,PPI_FINISHED_GOODS,2016-03,PPIFGS,WPSFD49207,adjacent_vintage_bridge,2016-02,2016-03,1978-02-01,0.002947312018131143,0.002947312018131143,0.0
3,PPI_FINISHED_GOODS__2016-03__PPIFGS__to__WPSFD49207,PPI_FINISHED_GOODS,2016-03,PPIFGS,WPSFD49207,adjacent_vintage_bridge,2016-02,2016-03,1978-03-01,-0.0030003814196533085,-0.0030003814196533085,0.0
3,PPI_FINISHED_GOODS__2016-03__PPIFGS__to__WPSFD49207,PPI_FINISHED_GOODS,2016-03,PPIFGS,WPSFD49207,adjacent_vintage_bridge,2016-02,2016-03,1978-04-01,0.007295742717625231,0.007295742717625231,0.0
3,PPI_FINISHED_GOODS__2016-03__PPIFGS__to__WPSFD49207,PPI_FINISHED_GOODS,2016-03,PPIFGS,WPSFD49207,adjacent_vintage_bridge,2016-02,2016-03,1978-05-01,-0.004468143743705966,-0.004468143743705966,0.0
3,PPI_FINISHED_GOODS__2016-03__PPIFGS__to__WPSFD49207,PPI_FINISHED_GOODS,2016-03,PPIFGS,WPSFD49207,adjacent_vintage_bridge,2016-02,2016-03,1978-06-01,0.0013833909510694298,0.0013833909510694298,0.0
3,PPI_FINISHED_GOODS__2016-03__PPIFGS__to__WPSFD49207,PPI_FINISHED_GOODS,2016-03,PPIFGS,WPSFD49207,adjacent_vintage_bridge,2016-02,2016-03,1978-07-01,-7.410594271295423e-05,-7.410594271295423e-05,0.0
3,PPI_FINISHED_GOODS__2016-03__PPIFGS__to__WPSFD49207,PPI_FINISHED_GOODS,2016-03,PPIFGS,WPSFD49207,adjacent_vintage_bridge,2016-02,2016-03,1978-08-01,-0.00715001670276294,-0.00715001670276294,0.0
3,PPI_FINISHED_GOODS__2016-03__PPIFGS__to__WPSFD49207,PPI_FINISHED_GOODS,2016-03,PPIFGS,WPSFD49207,adjacent_vintage_bridge,2016-02,2016-03,1978-09-01,0.008472609297819567,0.008472609297819567,0.0
3,PPI_FINISHED_GOODS__2016-03__PPIFGS__to__WPSFD49207,PPI_FINISHED_GOODS,2016-03,PPIFGS,WPSFD49207,adjacent_vintage_bridge,2016-02,2016-03,1978-10-01,-0.005683541108853163,-0.005683541108853163,0.0
3,PPI_FINISHED_GOODS__2016-03__PPIFGS__to__WPSFD49207,PPI_FINISHED_GOODS,2016-03,PPIFGS,WPSFD49207,adjacent_vintage_bridge,2016-02,2016-03,1978-11-01,0.00415771713417179,0.00415771713417179,0.0
3,PPI_FINISHED_GOODS__2016-03__PPIFGS__to__WPSFD49207,PPI_FINISHED_GOODS,2016-03,PPIFGS,WPSFD49207,adjacent_vintage_bridge,2016-02,2016-03,1978-12-01,0.002681586516068535,0.002681586516068535,0.0
3,PPI_FINISHED_GOODS__2016-03__PPIFGS__to__WPSFD49207,PPI_FINISHED_GOODS,2016-03,PPIFGS,WPSFD49207,adjacent_vintage_bridge,2016-02,2016-03,1979-01-01,0.0012370078060666145,0.0012370078060666145,0.0
3,PPI_FINISHED_GOODS__2016-03__PPIFGS__to__WPSFD49207,PPI_FINISHED_GOODS,2016-03,PPIFGS,WPSFD49207,adjacent_vintage_bridge,2016-02,2016-03,1979-02-01,-0.002833701348896156,-0.002833701348896156,0.0
3,PPI_FINISHED_GOODS__2016-03__PPIFGS__to__WPSFD49207,PPI_FINISHED_GOODS,2016-03,PPIFGS,WPSFD49207,adjacent_vintage_bridge,2016-02,2016-03,1979-03-01,-0.0014209709464916287,-0.0014209709464916287,0.0
3,PPI_FINISHED_GOODS__2016-03__PPIFGS__to__WPSFD49207,PPI_FINISHED_GOODS,2016-03,PPIFGS,WPSFD49207,adjacent_vintage_bridge,2016-02,2016-03,1979-04-01,0.002578007414752115,0.002578007414752115,0.0
3,PPI_FINISHED_GOODS__2016-03__PPIFGS__to__WPSFD49207,PPI_FINISHED_GOODS,2016-03,PPIFGS,WPSFD49207,adjacent_vintage_bridge,2016-02,2016-03,1979-05-01,-0.005347009067740771,-0.005347009067740771,0.0
3,PPI_FINISHED_GOODS__2016-03__PPIFGS__to__WPSFD49207,PPI_FINISHED_GOODS,2016-03,PPIFGS,WPSFD49207,adjacent_vintage_bridge,2016-02,2016-03,1979-06-01,-2.7555990330441205e-05,-2.7555990330441205e-05,0.0
3,PPI_FINISHED_GOODS__2016-03__PPIFGS__to__WPSFD49207,PPI_FINISHED_GOODS,2016-03,PPIFGS,WPSFD49207,adjacent_vintage_bridge,2016-02,2016-03,1979-07-01,0.00515408979519183,0.00515408979519183,0.0
3,PPI_FINISHED_GOODS__2016-03__PPIFGS__to__WPSFD49207,PPI_FINISHED_GOODS,2016-03,PPIFGS,WPSFD49207,adjacent_vintage_bridge,2016-02,2016-03,1979-08-01,-0.00010683689355239778,-0.00010683689355239778,0.0
3,PPI_FINISHED_GOODS__2016-03__PPIFGS__to__WPSFD49207,PPI_FINISHED_GOODS,2016-03,PPIFGS,WPSFD49207,adjacent_vintage_bridge,2016-02,2016-03,1979-09-01,0.0062045071534369,0.0062045071534369,0.0
3,PPI_FINISHED_GOODS__2016-03__PPIFGS__to__WPSFD49207,PPI_FINISHED_GOODS,2016-03,PPIFGS,WPSFD49207,adjacent_vintage_bridge,2016-02,2016-03,1979-10-01,-0.0052302195843862975,-0.0052302195843862975,0.0
3,PPI_FINISHED_GOODS__2016-03__PPIFGS__to__WPSFD49207,PPI_FINISHED_GOODS,2016-03,PPIFGS,WPSFD49207,adjacent_vintage_bridge,2016-02,2016-03,1979-11-01,0.0011039422989398417,0.0011039422989398417,0.0
3,PPI_FINISHED_GOODS__2016-03__PPIFGS__to__WPSFD49207,PPI_FINISHED_GOODS,2016-03,PPIFGS,WPSFD49207,adjacent_vintage_bridge,2016-02,2016-03,1979-12-01,-0.0025810677699347195,-0.0025810677699347195,0.0
3,PPI_FINISHED_GOODS__2016-03__PPIFGS__to__WPSFD49207,PPI_FINISHED_GOODS,2016-03,PPIFGS,WPSFD49207,adjacent_vintage_bridge,2016-02,2016-03,1980-01-01,0.004712978248926802,0.004712978248926802,0.0
3,PPI_FINISHED_GOODS__2016-03__PPIFGS__to__WPSFD49207,PPI_FINISHED_GOODS,2016-03,PPIFGS,WPSFD49207,adjacent_vintage_bridge,2016-02,2016-03,1980-02-01,-0.00020705005508947494,-0.00020705005508947494,0.0
3,PPI_FINISHED_GOODS__2016-03__PPIFGS__to__WPSFD49207,PPI_FINISHED_GOODS,2016-03,PPIFGS,WPSFD49207,adjacent_vintage_bridge,2016-02,2016-03,1980-03-01,-0.0037038479169400063,-0.0037038479169400063,0.0
3,PPI_FINISHED_GOODS__2016-03__PPIFGS__to__WPSFD49207,PPI_FINISHED_GOODS,2016-03,PPIFGS,WPSFD49207,adjacent_vintage_bridge,2016-02,2016-03,1980-04-01,-0.0024283076036040185,-0.0024283076036040185,0.0
3,PPI_FINISHED_GOODS__2016-03__PPIFGS__to__WPSFD49207,PPI_FINISHED_GOODS,2016-03,PPIFGS,WPSFD49207,adjacent_vintage_bridge,2016-02,2016-03,1980-05-01,-0.00352416382819154,-0.00352416382819154,0.0
3,PPI_FINISHED_GOODS__2016-03__PPIFGS__to__WPSFD49207,PPI_FINISHED_GOODS,2016-03,PPIFGS,WPSFD49207,adjacent_vintage_bridge,2016-02,2016-03,1980-06-01,0.003421009378426376,0.003421009378426376,0.0
3,PPI_FINISHED_GOODS__2016-03__PPIFGS__to__WPSFD49207,PPI_FINISHED_GOODS,2016-03,PPIFGS,WPSFD49207,adjacent_vintage_bridge,2016-02,2016-03,1980-07-01,0.007858779192809529,0.007858779192809529,0.0
3,PPI_FINISHED_GOODS__2016-03__PPIFGS__to__WPSFD49207,PPI_FINISHED_GOODS,2016-03,PPIFGS,WPSFD49207,adjacent_vintage_bridge,2016-02,2016-03,1980-08-01,-0.004698546720761421,-0.004698546720761421,0.0
3,PPI_FINISHED_GOODS__2016-03__PPIFGS__to__WPSFD49207,PPI_FINISHED_GOODS,2016-03,PPIFGS,WPSFD49207,adjacent_vintage_bridge,2016-02,2016-03,1980-09-01,-0.00676148419967415,-0.00676148419967415,0.0
3,PPI_FINISHED_GOODS__2016-03__PPIFGS__to__WPSFD49207,PPI_FINISHED_GOODS,2016-03,PPIFGS,WPSFD49207,adjacent_vintage_bridge,2016-02,2016-03,1980-10-01,0.0032897254434143264,0.0032897254434143264,0.0
3,PPI_FINISHED_GOODS__2016-03__PPIFGS__to__WPSFD49207,PPI_FINISHED_GOODS,2016-03,PPIFGS,WPSFD49207,adjacent_vintage_bridge,2016-02,2016-03,1980-11-01,-0.001152928140099263,-0.001152928140099263,0.0
3,PPI_FINISHED_GOODS__2016-03__PPIFGS__to__WPSFD49207,PPI_FINISHED_GOODS,2016-03,PPIFGS,WPSFD49207,adjacent_vintage_bridge,2016-02,2016-03,1980-12-01,-0.0022193736865165903,-0.0022193736865165903,0.0
3,PPI_FINISHED_GOODS__2016-03__PPIFGS__to__WPSFD49207,PPI_FINISHED_GOODS,2016-03,PPIFGS,WPSFD49207,adjacent_vintage_bridge,2016-02,2016-03,1981-01-01,0.0064675229993698125,0.0064675229993698125,0.0
3,PPI_FINISHED_GOODS__2016-03__PPIFGS__to__WPSFD49207,PPI_FINISHED_GOODS,2016-03,PPIFGS,WPSFD49207,adjacent_vintage_bridge,2016-02,2016-03,1981-02-01,-0.0022505984743181884,-0.0022505984743181884,0.0
3,PPI_FINISHED_GOODS__2016-03__PPIFGS__to__WPSFD49207,PPI_FINISHED_GOODS,2016-03,PPIFGS,WPSFD49207,adjacent_vintage_bridge,2016-02,2016-03,1981-03-01,0.0030998730170939126,0.0030998730170939126,0.0
3,PPI_FINISHED_GOODS__2016-03__PPIFGS__to__WPSFD49207,PPI_FINISHED_GOODS,2016-03,PPIFGS,WPSFD49207,adjacent_vintage_bridge,2016-02,2016-03,1981-04-01,-0.001179318441609567,-0.001179318441609567,0.0
3,PPI_FINISHED_GOODS__2016-03__PPIFGS__to__WPSFD49207,PPI_FINISHED_GOODS,2016-03,PPIFGS,WPSFD49207,adjacent_vintage_bridge,2016-02,2016-03,1981-05-01,-0.007374405257948524,-0.007374405257948524,0.0
3,PPI_FINISHED_GOODS__2016-03__PPIFGS__to__WPSFD49207,PPI_FINISHED_GOODS,2016-03,PPIFGS,WPSFD49207,adjacent_vintage_bridge,2016-02,2016-03,1981-06-01,0.0020649238681764714,0.0020649238681764714,0.0
3,PPI_FINISHED_GOODS__2016-03__PPIFGS__to__WPSFD49207,PPI_FINISHED_GOODS,2016-03,PPIFGS,WPSFD49207,adjacent_vintage_bridge,2016-02,2016-03,1981-07-01,-0.0031244227627960086,-0.0031244227627960086,0.0
3,PPI_FINISHED_GOODS__2016-03__PPIFGS__to__WPSFD49207,PPI_FINISHED_GOODS,2016-03,PPIFGS,WPSFD49207,adjacent_vintage_bridge,2016-02,2016-03,1981-08-01,-0.0010368022910247632,-0.0010368022910247632,0.0
3,PPI_FINISHED_GOODS__2016-03__PPIFGS__to__WPSFD49207,PPI_FINISHED_GOODS,2016-03,PPIFGS,WPSFD49207,adjacent_vintage_bridge,2016-02,2016-03,1981-09-01,0.0030901253605781775,0.0030901253605781775,0.0
3,PPI_FINISHED_GOODS__2016-03__PPIFGS__to__WPSFD49207,PPI_FINISHED_GOODS,2016-03,PPIFGS,WPSFD49207,adjacent_vintage_bridge,2016-02,2016-03,1981-10-01,-1.6935231207604318e-05,-1.6935231207604318e-05,0.0
3,PPI_FINISHED_GOODS__2016-03__PPIFGS__to__WPSFD49207,PPI_FINISHED_GOODS,2016-03,PPIFGS,WPSFD49207,adjacent_vintage_bridge,2016-02,2016-03,1981-11-01,-0.001037725835236536,-0.001037725835236536,0.0
3,PPI_FINISHED_GOODS__2016-03__PPIFGS__to__WPSFD49207,PPI_FINISHED_GOODS,2016-03,PPIFGS,WPSFD49207,adjacent_vintage_bridge,2016-02,2016-03,1981-12-01,0.001008421499238743,0.001008421499238743,0.0
3,PPI_FINISHED_GOODS__2016-03__PPIFGS__to__WPSFD49207,PPI_FINISHED_GOODS,2016-03,PPIFGS,WPSFD49207,adjacent_vintage_bridge,2016-02,2016-03,1982-01-01,0.0020077338588899707,0.0020077338588899707,0.0
3,PPI_FINISHED_GOODS__2016-03__PPIFGS__to__WPSFD49207,PPI_FINISHED_GOODS,2016-03,PPIFGS,WPSFD49207,adjacent_vintage_bridge,2016-02,2016-03,1982-02-01,-0.007096845350390346,-0.007096845350390346,0.0
3,PPI_FINISHED_GOODS__2016-03__PPIFGS__to__WPSFD49207,PPI_FINISHED_GOODS,2016-03,PPIFGS,WPSFD49207,adjacent_vintage_bridge,2016-02,2016-03,1982-03-01,0.0010116338748442644,0.0010116338748442644,0.0
3,PPI_FINISHED_GOODS__2016-03__PPIFGS__to__WPSFD49207,PPI_FINISHED_GOODS,2016-03,PPIFGS,WPSFD49207,adjacent_vintage_bridge,2016-02,2016-03,1982-04-01,0.002022245380767451,0.002022245380767451,0.0
3,PPI_FINISHED_GOODS__2016-03__PPIFGS__to__WPSFD49207,PPI_FINISHED_GOODS,2016-03,PPIFGS,WPSFD49207,adjacent_vintage_bridge,2016-02,2016-03,1982-05-01,-0.002022245380767451,-0.002022245380767451,0.0
3,PPI_FINISHED_GOODS__2016-03__PPIFGS__to__WPSFD49207,PPI_FINISHED_GOODS,2016-03,PPIFGS,WPSFD49207,adjacent_vintage_bridge,2016-02,2016-03,1982-06-01,0.008048333182828493,0.008048333182828493,0.0
3,PPI_FINISHED_GOODS__2016-03__PPIFGS__to__WPSFD49207,PPI_FINISHED_GOODS,2016-03,PPIFGS,WPSFD49207,adjacent_vintage_bridge,2016-02,2016-03,1982-07-01,-0.004048327849482725,-0.004048327849482725,0.0
3,PPI_FINISHED_GOODS__2016-03__PPIFGS__to__WPSFD49207,PPI_FINISHED_GOODS,2016-03,PPIFGS,WPSFD49207,adjacent_vintage_bridge,2016-02,2016-03,1982-08-01,-1.5936318471077016e-05,-1.5936318471077016e-05,0.0
3,PPI_FINISHED_GOODS__2016-03__PPIFGS__to__WPSFD49207,PPI_FINISHED_GOODS,2016-03,PPIFGS,WPSFD49207,adjacent_vintage_bridge,2016-02,2016-03,1982-09-01,-0.002990526955996664,-0.002990526955996664,0.0
3,PPI_FINISHED_GOODS__2016-03__PPIFGS__to__WPSFD49207,PPI_FINISHED_GOODS,2016-03,PPIFGS,WPSFD49207,adjacent_vintage_bridge,2016-02,2016-03,1982-10-01,0.0019811750578648812,0.0019811750578648812,0.0
3,PPI_FINISHED_GOODS__2016-03__PPIFGS__to__WPSFD49207,PPI_FINISHED_GOODS,2016-03,PPIFGS,WPSFD49207,adjacent_vintage_bridge,2016-02,2016-03,1982-11-01,0.0009778571990803897,0.0009778571990803897,0.0
3,PPI_FINISHED_GOODS__2016-03__PPIFGS__to__WPSFD49207,PPI_FINISHED_GOODS,2016-03,PPIFGS,WPSFD49207,adjacent_vintage_bridge,2016-02,2016-03,1982-12-01,-1.5561356484283806e-05,-1.5561356484283806e-05,0.0
3,PPI_FINISHED_GOODS__2016-03__PPIFGS__to__WPSFD49207,PPI_FINISHED_GOODS,2016-03,PPIFGS,WPSFD49207,adjacent_vintage_bridge,2016-02,2016-03,1983-01-01,-0.011826600234501328,-0.011826600234501328,0.0
3,PPI_FINISHED_GOODS__2016-03__PPIFGS__to__WPSFD49207,PPI_FINISHED_GOODS,2016-03,PPIFGS,WPSFD49207,adjacent_vintage_bridge,2016-02,2016-03,1983-02-01,0.008879196460328309,0.008879196460328309,0.0
3,PPI_FINISHED_GOODS__2016-03__PPIFGS__to__WPSFD49207,PPI_FINISHED_GOODS,2016-03,PPIFGS,WPSFD49207,adjacent_vintage_bridge,2016-02,2016-03,1983-03-01,-0.001979218370331992,-0.001979218370331992,0.0
3,PPI_FINISHED_GOODS__2016-03__PPIFGS__to__WPSFD49207,PPI_FINISHED_GOODS,2016-03,PPIFGS,WPSFD49207,adjacent_vintage_bridge,2016-02,2016-03,1983-04-01,0.001979218370331992,0.001979218370331992,0.0
3,PPI_FINISHED_GOODS__2016-03__PPIFGS__to__WPSFD49207,PPI_FINISHED_GOODS,2016-03,PPIFGS,WPSFD49207,adjacent_vintage_bridge,2016-02,2016-03,1983-05-01,0.0019733559454913063,0.0019733559454913063,0.0
3,PPI_FINISHED_GOODS__2016-03__PPIFGS__to__WPSFD49207,PPI_FINISHED_GOODS,2016-03,PPIFGS,WPSFD49207,adjacent_vintage_bridge,2016-02,2016-03,1983-06-01,-0.0009925211433587933,-0.0009925211433587933,0.0
3,PPI_FINISHED_GOODS__2016-03__PPIFGS__to__WPSFD49207,PPI_FINISHED_GOODS,2016-03,PPIFGS,WPSFD49207,adjacent_vintage_bridge,2016-02,2016-03,1983-07-01,-0.001970443987298509,-0.001970443987298509,0.0
3,PPI_FINISHED_GOODS__2016-03__PPIFGS__to__WPSFD49207,PPI_FINISHED_GOODS,2016-03,PPIFGS,WPSFD49207,adjacent_vintage_bridge,2016-02,2016-03,1983-08-01,0.0029484050842976117,0.0029484050842976117,0.0
3,PPI_FINISHED_GOODS__2016-03__PPIFGS__to__WPSFD49207,PPI_FINISHED_GOODS,2016-03,PPIFGS,WPSFD49207,adjacent_vintage_bridge,2016-02,2016-03,1983-09-01,-8.66754337280895e-06,-8.66754337280895e-06,0.0
3,PPI_FINISHED_GOODS__2016-03__PPIFGS__to__WPSFD49207,PPI_FINISHED_GOODS,2016-03,PPIFGS,WPSFD49207,adjacent_vintage_bridge,2016-02,2016-03,1983-10-01,-0.0029397375409248028,-0.0029397375409248028,0.0
3,PPI_FINISHED_GOODS__2016-03__PPIFGS__to__WPSFD49207,PPI_FINISHED_GOODS,2016-03,PPIFGS,WPSFD49207,adjacent_vintage_bridge,2016-02,2016-03,1983-11-01,-0.0019588644853332227,-0.0019588644853332227,0.0
3,PPI_FINISHED_GOODS__2016-03__PPIFGS__to__WPSFD49207,PPI_FINISHED_GOODS,2016-03,PPIFGS,WPSFD49207,adjacent_vintage_bridge,2016-02,2016-03,1983-12-01,0.0048957241586435885,0.0048957241586435885,0.0
3,PPI_FINISHED_GOODS__2016-03__PPIFGS__to__WPSFD49207,PPI_FINISHED_GOODS,2016-03,PPIFGS,WPSFD49207,adjacent_vintage_bridge,2016-02,2016-03,1984-01-01,0.00388245559874445,0.00388245559874445,0.0
3,PPI_FINISHED_GOODS__2016-03__PPIFGS__to__WPSFD49207,PPI_FINISHED_GOODS,2016-03,PPIFGS,WPSFD49207,adjacent_vintage_bridge,2016-02,2016-03,1984-02-01,-0.0029433414273620784,-0.0029433414273620784,0.0
3,PPI_FINISHED_GOODS__2016-03__PPIFGS__to__WPSFD49207,PPI_FINISHED_GOODS,2016-03,PPIFGS,WPSFD49207,adjacent_vintage_bridge,2016-02,2016-03,1984-03-01,-1.4965187233428878e-05,-1.4965187233428878e-05,0.0
3,PPI_FINISHED_GOODS__2016-03__PPIFGS__to__WPSFD49207,PPI_FINISHED_GOODS,2016-03,PPIFGS,WPSFD49207,adjacent_vintage_bridge,2016-02,2016-03,1984-04-01,-0.0028980812840657677,-0.0028980812840657677,0.0
3,PPI_FINISHED_GOODS__2016-03__PPIFGS__to__WPSFD49207,PPI_FINISHED_GOODS,2016-03,PPIFGS,WPSFD49207,adjacent_vintage_bridge,2016-02,2016-03,1984-05-01,-0.0019258547467870812,-0.0019258547467870812,0.0
3,PPI_FINISHED_GOODS__2016-03__PPIFGS__to__WPSFD49207,PPI_FINISHED_GOODS,2016-03,PPIFGS,WPSFD49207,adjacent_vintage_bridge,2016-02,2016-03,1984-06-01,0.0009629273733935406,0.0009629273733935406,0.0
3,PPI_FINISHED_GOODS__2016-03__PPIFGS__to__WPSFD49207,PPI_FINISHED_GOODS,2016-03,PPIFGS,WPSFD49207,adjacent_vintage_bridge,2016-02,2016-03,1984-07-01,0.0019249284095845809,0.0019249284095845809,0.0
3,PPI_FINISHED_GOODS__2016-03__PPIFGS__to__WPSFD49207,PPI_FINISHED_GOODS,2016-03,PPIFGS,WPSFD49207,adjacent_vintage_bridge,2016-02,2016-03,1984-08-01,-0.0038498568191691618,-0.0038498568191691618,0.0
3,PPI_FINISHED_GOODS__2016-03__PPIFGS__to__WPSFD49207,PPI_FINISHED_GOODS,2016-03,PPIFGS,WPSFD49207,adjacent_vintage_bridge,2016-02,2016-03,1984-09-01,0.0019249284095845809,0.0019249284095845809,0.0
3,PPI_FINISHED_GOODS__2016-03__PPIFGS__to__WPSFD49207,PPI_FINISHED_GOODS,2016-03,PPIFGS,WPSFD49207,adjacent_vintage_bridge,2016-02,2016-03,1984-10-01,-0.0019286409064056542,-0.0019286409064056542,0.0
3,PPI_FINISHED_GOODS__2016-03__PPIFGS__to__WPSFD49207,PPI_FINISHED_GOODS,2016-03,PPIFGS,WPSFD49207,adjacent_vintage_bridge,2016-02,2016-03,1984-11-01,0.005782210222395889,0.005782210222395889,0.0
3,PPI_FINISHED_GOODS__2016-03__PPIFGS__to__WPSFD49207,PPI_FINISHED_GOODS,2016-03,PPIFGS,WPSFD49207,adjacent_vintage_bridge,2016-02,2016-03,1984-12-01,-0.003853569315990235,-0.003853569315990235,0.0
3,PPI_FINISHED_GOODS__2016-03__PPIFGS__to__WPSFD49207,PPI_FINISHED_GOODS,2016-03,PPIFGS,WPSFD49207,adjacent_vintage_bridge,2016-02,2016-03,1985-01-01,0.0,0.0,0.0
3,PPI_FINISHED_GOODS__2016-03__PPIFGS__to__WPSFD49207,PPI_FINISHED_GOODS,2016-03,PPIFGS,WPSFD49207,adjacent_vintage_bridge,2016-02,2016-03,1985-02-01,0.0009610764795509041,0.0009610764795509041,0.0
3,PPI_FINISHED_GOODS__2016-03__PPIFGS__to__WPSFD49207,PPI_FINISHED_GOODS,2016-03,PPIFGS,WPSFD49207,adjacent_vintage_bridge,2016-02,2016-03,1985-03-01,-0.0009610764795509041,-0.0009610764795509041,0.0
3,PPI_FINISHED_GOODS__2016-03__PPIFGS__to__WPSFD49207,PPI_FINISHED_GOODS,2016-03,PPIFGS,WPSFD49207,adjacent_vintage_bridge,2016-02,2016-03,1985-04-01,0.004791576009899323,0.004791576009899323,0.0
3,PPI_FINISHED_GOODS__2016-03__PPIFGS__to__WPSFD49207,PPI_FINISHED_GOODS,2016-03,PPIFGS,WPSFD49207,adjacent_vintage_bridge,2016-02,2016-03,1985-05-01,-0.0019276122384708216,-0.0019276122384708216,0.0
3,PPI_FINISHED_GOODS__2016-03__PPIFGS__to__WPSFD49207,PPI_FINISHED_GOODS,2016-03,PPIFGS,WPSFD49207,adjacent_vintage_bridge,2016-02,2016-03,1985-06-01,-0.005727927542857003,-0.005727927542857003,0.0
3,PPI_FINISHED_GOODS__2016-03__PPIFGS__to__WPSFD49207,PPI_FINISHED_GOODS,2016-03,PPIFGS,WPSFD49207,adjacent_vintage_bridge,2016-02,2016-03,1985-07-01,0.003819530017096895,0.003819530017096895,0.0
3,PPI_FINISHED_GOODS__2016-03__PPIFGS__to__WPSFD49207,PPI_FINISHED_GOODS,2016-03,PPIFGS,WPSFD49207,adjacent_vintage_bridge,2016-02,2016-03,1985-08-01,-0.002867612717293966,-0.002867612717293966,0.0
3,PPI_FINISHED_GOODS__2016-03__PPIFGS__to__WPSFD49207,PPI_FINISHED_GOODS,2016-03,PPIFGS,WPSFD49207,adjacent_vintage_bridge,2016-02,2016-03,1985-09-01,-0.0048090542014520565,-0.0048090542014520565,0.0
3,PPI_FINISHED_GOODS__2016-03__PPIFGS__to__WPSFD49207,PPI_FINISHED_GOODS,2016-03,PPIFGS,WPSFD49207,adjacent_vintage_bridge,2016-02,2016-03,1985-10-01,0.01726264534354094,0.01726264534354094,0.0
3,PPI_FINISHED_GOODS__2016-03__PPIFGS__to__WPSFD49207,PPI_FINISHED_GOODS,2016-03,PPIFGS,WPSFD49207,adjacent_vintage_bridge,2016-02,2016-03,1985-11-01,-0.004838107156593274,-0.004838107156593274,0.0
3,PPI_FINISHED_GOODS__2016-03__PPIFGS__to__WPSFD49207,PPI_FINISHED_GOODS,2016-03,PPIFGS,WPSFD49207,adjacent_vintage_bridge,2016-02,2016-03,1985-12-01,-0.0009752963179243679,-0.0009752963179243679,0.0
3,PPI_FINISHED_GOODS__2016-03__PPIFGS__to__WPSFD49207,PPI_FINISHED_GOODS,2016-03,PPIFGS,WPSFD49207,adjacent_vintage_bridge,2016-02,2016-03,1986-01-01,-0.009456282391891335,-0.009456282391891335,0.0
3,PPI_FINISHED_GOODS__2016-03__PPIFGS__to__WPSFD49207,PPI_FINISHED_GOODS,2016-03,PPIFGS,WPSFD49207,adjacent_vintage_bridge,2016-02,2016-03,1986-02-01,-0.008630836099252193,-0.008630836099252193,0.0
3,PPI_FINISHED_GOODS__2016-03__PPIFGS__to__WPSFD49207,PPI_FINISHED_GOODS,2016-03,PPIFGS,WPSFD49207,adjacent_vintage_bridge,2016-02,2016-03,1986-03-01,0.0007923546953394478,0.0007923546953394478,0.0
3,PPI_FINISHED_GOODS__2016-03__PPIFGS__to__WPSFD49207,PPI_FINISHED_GOODS,2016-03,PPIFGS,WPSFD49207,adjacent_vintage_bridge,2016-02,2016-03,1986-04-01,0.007690942536374479,0.007690942536374479,0.0
3,PPI_FINISHED_GOODS__2016-03__PPIFGS__to__WPSFD49207,PPI_FINISHED_GOODS,2016-03,PPIFGS,WPSFD49207,adjacent_vintage_bridge,2016-02,2016-03,1986-05-01,0.009751360126967867,0.009751360126967867,0.0
3,PPI_FINISHED_GOODS__2016-03__PPIFGS__to__WPSFD49207,PPI_FINISHED_GOODS,2016-03,PPIFGS,WPSFD49207,adjacent_vintage_bridge,2016-02,2016-03,1986-06-01,-0.0019616420616346275,-0.0019616420616346275,0.0
3,PPI_FINISHED_GOODS__2016-03__PPIFGS__to__WPSFD49207,PPI_FINISHED_GOODS,2016-03,PPIFGS,WPSFD49207,adjacent_vintage_bridge,2016-02,2016-03,1986-07-01,-0.010703756067182546,-0.010703756067182546,0.0
3,PPI_FINISHED_GOODS__2016-03__PPIFGS__to__WPSFD49207,PPI_FINISHED_GOODS,2016-03,PPIFGS,WPSFD49207,adjacent_vintage_bridge,2016-02,2016-03,1986-08-01,0.011692162042264975,0.011692162042264975,0.0
3,PPI_FINISHED_GOODS__2016-03__PPIFGS__to__WPSFD49207,PPI_FINISHED_GOODS,2016-03,PPIFGS,WPSFD49207,adjacent_vintage_bridge,2016-02,2016-03,1986-09-01,-0.0019569180714409384,-0.0019569180714409384,0.0
3,PPI_FINISHED_GOODS__2016-03__PPIFGS__to__WPSFD49207,PPI_FINISHED_GOODS,2016-03,PPIFGS,WPSFD49207,adjacent_vintage_bridge,2016-02,2016-03,1986-10-01,0.0038684439599290243,0.0038684439599290243,0.0
3,PPI_FINISHED_GOODS__2016-03__PPIFGS__to__WPSFD49207,PPI_FINISHED_GOODS,2016-03,PPIFGS,WPSFD49207,adjacent_vintage_bridge,2016-02,2016-03,1986-11-01,-0.006780620496514622,-0.006780620496514622,0.0
3,PPI_FINISHED_GOODS__2016-03__PPIFGS__to__WPSFD49207,PPI_FINISHED_GOODS,2016-03,PPIFGS,WPSFD49207,adjacent_vintage_bridge,2016-02,2016-03,1986-12-01,0.002899018382148455,0.002899018382148455,0.0
3,PPI_FINISHED_GOODS__2016-03__PPIFGS__to__WPSFD49207,PPI_FINISHED_GOODS,2016-03,PPIFGS,WPSFD49207,adjacent_vintage_bridge,2016-02,2016-03,1987-01-01,0.002882278044487485,0.002882278044487485,0.0
3,PPI_FINISHED_GOODS__2016-03__PPIFGS__to__WPSFD49207,PPI_FINISHED_GOODS,2016-03,PPIFGS,WPSFD49207,adjacent_vintage_bridge,2016-02,2016-03,1987-02-01,-0.0019369459679259293,-0.0019369459679259293,0.0
3,PPI_FINISHED_GOODS__2016-03__PPIFGS__to__WPSFD49207,PPI_FINISHED_GOODS,2016-03,PPIFGS,WPSFD49207,adjacent_vintage_bridge,2016-02,2016-03,1987-03-01,-0.0019203038712882758,-0.0019203038712882758,0.0
3,PPI_FINISHED_GOODS__2016-03__PPIFGS__to__WPSFD49207,PPI_FINISHED_GOODS,2016-03,PPIFGS,WPSFD49207,adjacent_vintage_bridge,2016-02,2016-03,1987-04-01,0.004767810521713045,0.004767810521713045,0.0
3,PPI_FINISHED_GOODS__2016-03__PPIFGS__to__WPSFD49207,PPI_FINISHED_GOODS,2016-03,PPIFGS,WPSFD49207,adjacent_vintage_bridge,2016-02,2016-03,1987-05-01,-0.004774184057335873,-0.004774184057335873,0.0
3,PPI_FINISHED_GOODS__2016-03__PPIFGS__to__WPSFD49207,PPI_FINISHED_GOODS,2016-03,PPIFGS,WPSFD49207,adjacent_vintage_bridge,2016-02,2016-03,1987-06-01,0.0018966301918075246,0.0018966301918075246,0.0
3,PPI_FINISHED_GOODS__2016-03__PPIFGS__to__WPSFD49207,PPI_FINISHED_GOODS,2016-03,PPIFGS,WPSFD49207,adjacent_vintage_bridge,2016-02,2016-03,1987-07-01,-0.0009537126524410411,-0.0009537126524410411,0.0
3,PPI_FINISHED_GOODS__2016-03__PPIFGS__to__WPSFD49207,PPI_FINISHED_GOODS,2016-03,PPIFGS,WPSFD49207,adjacent_vintage_bridge,2016-02,2016-03,1987-08-01,-3.5802289017894395e-06,-3.5802289017894395e-06,0.0
3,PPI_FINISHED_GOODS__2016-03__PPIFGS__to__WPSFD49207,PPI_FINISHED_GOODS,2016-03,PPIFGS,WPSFD49207,adjacent_vintage_bridge,2016-02,2016-03,1987-09-01,0.0009384964693088804,0.0009384964693088804,0.0
3,PPI_FINISHED_GOODS__2016-03__PPIFGS__to__WPSFD49207,PPI_FINISHED_GOODS,2016-03,PPIFGS,WPSFD49207,adjacent_vintage_bridge,2016-02,2016-03,1987-10-01,-0.004713870896249084,-0.004713870896249084,0.0
3,PPI_FINISHED_GOODS__2016-03__PPIFGS__to__WPSFD49207,PPI_FINISHED_GOODS,2016-03,PPIFGS,WPSFD49207,adjacent_vintage_bridge,2016-02,2016-03,1987-11-01,0.0018850146957714031,0.0018850146957714031,0.0
3,PPI_FINISHED_GOODS__2016-03__PPIFGS__to__WPSFD49207,PPI_FINISHED_GOODS,2016-03,PPIFGS,WPSFD49207,adjacent_vintage_bridge,2016-02,2016-03,1987-12-01,-0.001888574687868072,-0.001888574687868072,0.0
3,PPI_FINISHED_GOODS__2016-03__PPIFGS__to__WPSFD49207,PPI_FINISHED_GOODS,2016-03,PPIFGS,WPSFD49207,adjacent_vintage_bridge,2016-02,2016-03,1988-01-01,0.007543632171213233,0.007543632171213233,0.0
3,PPI_FINISHED_GOODS__2016-03__PPIFGS__to__WPSFD49207,PPI_FINISHED_GOODS,2016-03,PPIFGS,WPSFD49207,adjacent_vintage_bridge,2016-02,2016-03,1988-02-01,-0.0065953490429873085,-0.0065953490429873085,0.0
3,PPI_FINISHED_GOODS__2016-03__PPIFGS__to__WPSFD49207,PPI_FINISHED_GOODS,2016-03,PPIFGS,WPSFD49207,adjacent_vintage_bridge,2016-02,2016-03,1988-03-01,0.00375851794348403,0.00375851794348403,0.0
3,PPI_FINISHED_GOODS__2016-03__PPIFGS__to__WPSFD49207,PPI_FINISHED_GOODS,2016-03,PPIFGS,WPSFD49207,adjacent_vintage_bridge,2016-02,2016-03,1988-04-01,0.0009270963463201554,0.0009270963463201554,0.0
3,PPI_FINISHED_GOODS__2016-03__PPIFGS__to__WPSFD49207,PPI_FINISHED_GOODS,2016-03,PPIFGS,WPSFD49207,adjacent_vintage_bridge,2016-02,2016-03,1988-05-01,-0.0018779085553664032,-0.0018779085553664032,0.0
3,PPI_FINISHED_GOODS__2016-03__PPIFGS__to__WPSFD49207,PPI_FINISHED_GOODS,2016-03,PPIFGS,WPSFD49207,adjacent_vintage_bridge,2016-02,2016-03,1988-06-01,0.0009271847562200008,0.0009271847562200008,0.0
3,PPI_FINISHED_GOODS__2016-03__PPIFGS__to__WPSFD49207,PPI_FINISHED_GOODS,2016-03,PPIFGS,WPSFD49207,adjacent_vintage_bridge,2016-02,2016-03,1988-07-01,0.0055426425068132446,0.0055426425068132446,0.0
3,PPI_FINISHED_GOODS__2016-03__PPIFGS__to__WPSFD49207,PPI_FINISHED_GOODS,2016-03,PPIFGS,WPSFD49207,adjacent_vintage_bridge,2016-02,2016-03,1988-08-01,-0.0046539960215321585,-0.0046539960215321585,0.0
3,PPI_FINISHED_GOODS__2016-03__PPIFGS__to__WPSFD49207,PPI_FINISHED_GOODS,2016-03,PPIFGS,WPSFD49207,adjacent_vintage_bridge,2016-02,2016-03,1988-09-01,-0.0018466976089959175,-0.0018466976089959175,0.0
3,PPI_FINISHED_GOODS__2016-03__PPIFGS__to__WPSFD49207,PPI_FINISHED_GOODS,2016-03,PPIFGS,WPSFD49207,adjacent_vintage_bridge,2016-02,2016-03,1988-10-01,-3.366725639608603e-06,-3.366725639608603e-06,0.0
3,PPI_FINISHED_GOODS__2016-03__PPIFGS__to__WPSFD49207,PPI_FINISHED_GOODS,2016-03,PPIFGS,WPSFD49207,adjacent_vintage_bridge,2016-02,2016-03,1988-11-01,0.0018231301214495232,0.0018231301214495232,0.0
3,PPI_FINISHED_GOODS__2016-03__PPIFGS__to__WPSFD49207,PPI_FINISHED_GOODS,2016-03,PPIFGS,WPSFD49207,adjacent_vintage_bridge,2016-02,2016-03,1988-12-01,-1.3319924609511702e-05,-1.3319924609511702e-05,0.0
3,PPI_FINISHED_GOODS__2016-03__PPIFGS__to__WPSFD49207,PPI_FINISHED_GOODS,2016-03,PPIFGS,WPSFD49207,adjacent_vintage_bridge,2016-02,2016-03,1989-01-01,0.0063073395746666705,0.0063073395746666705,0.0
3,PPI_FINISHED_GOODS__2016-03__PPIFGS__to__WPSFD49207,PPI_FINISHED_GOODS,2016-03,PPIFGS,WPSFD49207,adjacent_vintage_bridge,2016-02,2016-03,1989-02-01,-0.0027754121808722942,-0.0027754121808722942,0.0
3,PPI_FINISHED_GOODS__2016-03__PPIFGS__to__WPSFD49207,PPI_FINISHED_GOODS,2016-03,PPIFGS,WPSFD49207,adjacent_vintage_bridge,2016-02,2016-03,1989-03-01,-0.003606672245777709,-0.003606672245777709,0.0
3,PPI_FINISHED_GOODS__2016-03__PPIFGS__to__WPSFD49207,PPI_FINISHED_GOODS,2016-03,PPIFGS,WPSFD49207,adjacent_vintage_bridge,2016-02,2016-03,1989-04-01,0.003530274951159207,0.003530274951159207,0.0
3,PPI_FINISHED_GOODS__2016-03__PPIFGS__to__WPSFD49207,PPI_FINISHED_GOODS,2016-03,PPIFGS,WPSFD49207,adjacent_vintage_bridge,2016-02,2016-03,1989-05-01,0.0008275438947435987,0.0008275438947435987,0.0
3,PPI_FINISHED_GOODS__2016-03__PPIFGS__to__WPSFD49207,PPI_FINISHED_GOODS,2016-03,PPIFGS,WPSFD49207,adjacent_vintage_bridge,2016-02,2016-03,1989-06-01,-0.00792606527242068,-0.00792606527242068,0.0
3,PPI_FINISHED_GOODS__2016-03__PPIFGS__to__WPSFD49207,PPI_FINISHED_GOODS,2016-03,PPIFGS,WPSFD49207,adjacent_vintage_bridge,2016-02,2016-03,1989-07-01,-0.0017559267022653202,-0.0017559267022653202,0.0
3,PPI_FINISHED_GOODS__2016-03__PPIFGS__to__WPSFD49207,PPI_FINISHED_GOODS,2016-03,PPIFGS,WPSFD49207,adjacent_vintage_bridge,2016-02,2016-03,1989-08-01,-0.0017652036963129447,-0.0017652036963129447,0.0
3,PPI_FINISHED_GOODS__2016-03__PPIFGS__to__WPSFD49207,PPI_FINISHED_GOODS,2016-03,PPIFGS,WPSFD49207,adjacent_vintage_bridge,2016-02,2016-03,1989-09-01,0.00879818749942185,0.00879818749942185,0.0
3,PPI_FINISHED_GOODS__2016-03__PPIFGS__to__WPSFD49207,PPI_FINISHED_GOODS,2016-03,PPIFGS,WPSFD49207,adjacent_vintage_bridge,2016-02,2016-03,1989-10-01,-2.770121469986009e-05,-2.770121469986009e-05,0.0
3,PPI_FINISHED_GOODS__2016-03__PPIFGS__to__WPSFD49207,PPI_FINISHED_GOODS,2016-03,PPIFGS,WPSFD49207,adjacent_vintage_bridge,2016-02,2016-03,1989-11-01,-0.0035056762813168163,-0.0035056762813168163,0.0
3,PPI_FINISHED_GOODS__2016-03__PPIFGS__to__WPSFD49207,PPI_FINISHED_GOODS,2016-03,PPIFGS,WPSFD49207,adjacent_vintage_bridge,2016-02,2016-03,1989-12-01,0.004335366471554636,0.004335366471554636,0.0
3,PPI_FINISHED_GOODS__2016-03__PPIFGS__to__WPSFD49207,PPI_FINISHED_GOODS,2016-03,PPIFGS,WPSFD49207,adjacent_vintage_bridge,2016-02,2016-03,1990-01-01,0.012789438228002048,0.012789438228002048,0.0
3,PPI_FINISHED_GOODS__2016-03__PPIFGS__to__WPSFD49207,PPI_FINISHED_GOODS,2016-03,PPIFGS,WPSFD49207,adjacent_vintage_bridge,2016-02,2016-03,1990-02-01,-0.019718463106088713,-0.019718463106088713,0.0
3,PPI_FINISHED_GOODS__2016-03__PPIFGS__to__WPSFD49207,PPI_FINISHED_GOODS,2016-03,PPIFGS,WPSFD49207,adjacent_vintage_bridge,2016-02,2016-03,1990-03-01,-7.230786076561913e-07,-7.230786076561913e-07,0.0
3,PPI_FINISHED_GOODS__2016-03__PPIFGS__to__WPSFD49207,PPI_FINISHED_GOODS,2016-03,PPIFGS,WPSFD49207,adjacent_vintage_bridge,2016-02,2016-03,1990-04-01,-7.243099044984547e-07,-7.243099044984547e-07,0.0
3,PPI_FINISHED_GOODS__2016-03__PPIFGS__to__WPSFD49207,PPI_FINISHED_GOODS,2016-03,PPIFGS,WPSFD49207,adjacent_vintage_bridge,2016-02,2016-03,1990-05-01,0.0017028523804345497,0.0017028523804345497,0.0
3,PPI_FINISHED_GOODS__2016-03__PPIFGS__to__WPSFD49207,PPI_FINISHED_GOODS,2016-03,PPIFGS,WPSFD49207,adjacent_vintage_bridge,2016-02,2016-03,1990-06-01,-7.243099044984547e-07,-7.243099044984547e-07,0.0
3,PPI_FINISHED_GOODS__2016-03__PPIFGS__to__WPSFD49207,PPI_FINISHED_GOODS,2016-03,PPIFGS,WPSFD49207,adjacent_vintage_bridge,2016-02,2016-03,1990-07-01,0.0016970701984861947,0.0016970701984861947,0.0
3,PPI_FINISHED_GOODS__2016-03__PPIFGS__to__WPSFD49207,PPI_FINISHED_GOODS,2016-03,PPIFGS,WPSFD49207,adjacent_vintage_bridge,2016-02,2016-03,1990-08-01,0.008418175009125228,0.008418175009125228,0.0
3,PPI_FINISHED_GOODS__2016-03__PPIFGS__to__WPSFD49207,PPI_FINISHED_GOODS,2016-03,PPIFGS,WPSFD49207,adjacent_vintage_bridge,2016-02,2016-03,1990-09-01,0.001539426384312037,0.001539426384312037,0.0
3,PPI_FINISHED_GOODS__2016-03__PPIFGS__to__WPSFD49207,PPI_FINISHED_GOODS,2016-03,PPIFGS,WPSFD49207,adjacent_vintage_bridge,2016-02,2016-03,1990-10-01,-0.0026124650884957745,-0.0026124650884957745,0.0
3,PPI_FINISHED_GOODS__2016-03__PPIFGS__to__WPSFD49207,PPI_FINISHED_GOODS,2016-03,PPIFGS,WPSFD49207,adjacent_vintage_bridge,2016-02,2016-03,1990-11-01,-0.004166921368855547,-0.004166921368855547,0.0
3,PPI_FINISHED_GOODS__2016-03__PPIFGS__to__WPSFD49207,PPI_FINISHED_GOODS,2016-03,PPIFGS,WPSFD49207,adjacent_vintage_bridge,2016-02,2016-03,1990-12-01,-0.010631965783739261,-0.010631965783739261,0.0
3,PPI_FINISHED_GOODS__2016-03__PPIFGS__to__WPSFD49207,PPI_FINISHED_GOODS,2016-03,PPIFGS,WPSFD49207,adjacent_vintage_bridge,2016-02,2016-03,1991-01-01,0.009811957537708693,0.009811957537708693,0.0
3,PPI_FINISHED_GOODS__2016-03__PPIFGS__to__WPSFD49207,PPI_FINISHED_GOODS,2016-03,PPIFGS,WPSFD49207,adjacent_vintage_bridge,2016-02,2016-03,1991-02-01,-0.011452646995168791,-0.011452646995168791,0.0
3,PPI_FINISHED_GOODS__2016-03__PPIFGS__to__WPSFD49207,PPI_FINISHED_GOODS,2016-03,PPIFGS,WPSFD49207,adjacent_vintage_bridge,2016-02,2016-03,1991-03-01,0.0024331289005221635,0.0024331289005221635,0.0
3,PPI_FINISHED_GOODS__2016-03__PPIFGS__to__WPSFD49207,PPI_FINISHED_GOODS,2016-03,PPIFGS,WPSFD49207,adjacent_vintage_bridge,2016-02,2016-03,1991-04-01,0.004113539325792281,0.004113539325792281,0.0
3,PPI_FINISHED_GOODS__2016-03__PPIFGS__to__WPSFD49207,PPI_FINISHED_GOODS,2016-03,PPIFGS,WPSFD49207,adjacent_vintage_bridge,2016-02,2016-03,1991-05-01,0.0024701535820623732,0.0024701535820623732,0.0
3,PPI_FINISHED_GOODS__2016-03__PPIFGS__to__WPSFD49207,PPI_FINISHED_GOODS,2016-03,PPIFGS,WPSFD49207,adjacent_vintage_bridge,2016-02,2016-03,1991-06-01,-0.004116244488731269,-0.004116244488731269,0.0
3,PPI_FINISHED_GOODS__2016-03__PPIFGS__to__WPSFD49207,PPI_FINISHED_GOODS,2016-03,PPIFGS,WPSFD49207,adjacent_vintage_bridge,2016-02,2016-03,1991-07-01,-0.0008281371596821074,-0.0008281371596821074,0.0
3,PPI_FINISHED_GOODS__2016-03__PPIFGS__to__WPSFD49207,PPI_FINISHED_GOODS,2016-03,PPIFGS,WPSFD49207,adjacent_vintage_bridge,2016-02,2016-03,1991-08-01,0.004124393457308528,0.004124393457308528,0.0
3,PPI_FINISHED_GOODS__2016-03__PPIFGS__to__WPSFD49207,PPI_FINISHED_GOODS,2016-03,PPIFGS,WPSFD49207,adjacent_vintage_bridge,2016-02,2016-03,1991-09-01,-2.7185603590496044e-06,-2.7185603590496044e-06,0.0
3,PPI_FINISHED_GOODS__2016-03__PPIFGS__to__WPSFD49207,PPI_FINISHED_GOODS,2016-03,PPIFGS,WPSFD49207,adjacent_vintage_bridge,2016-02,2016-03,1991-10-01,0.0016393268760248603,0.0016393268760248603,0.0
3,PPI_FINISHED_GOODS__2016-03__PPIFGS__to__WPSFD49207,PPI_FINISHED_GOODS,2016-03,PPIFGS,WPSFD49207,adjacent_vintage_bridge,2016-02,2016-03,1991-11-01,0.0008065598843760569,0.0008065598843760569,0.0
3,PPI_FINISHED_GOODS__2016-03__PPIFGS__to__WPSFD49207,PPI_FINISHED_GOODS,2016-03,PPIFGS,WPSFD49207,adjacent_vintage_bridge,2016-02,2016-03,1991-12-01,-0.004910660976098491,-0.004910660976098491,0.0
3,PPI_FINISHED_GOODS__2016-03__PPIFGS__to__WPSFD49207,PPI_FINISHED_GOODS,2016-03,PPIFGS,WPSFD49207,adjacent_vintage_bridge,2016-02,2016-03,1992-01-01,-0.0016386705747706287,-0.0016386705747706287,0.0
3,PPI_FINISHED_GOODS__2016-03__PPIFGS__to__WPSFD49207,PPI_FINISHED_GOODS,2016-03,PPIFGS,WPSFD49207,adjacent_vintage_bridge,2016-02,2016-03,1992-02-01,0.004911995919739454,0.004911995919739454,0.0
3,PPI_FINISHED_GOODS__2016-03__PPIFGS__to__WPSFD49207,PPI_FINISHED_GOODS,2016-03,PPIFGS,WPSFD49207,adjacent_vintage_bridge,2016-02,2016-03,1992-03-01,-0.0016386705747706287,-0.0016386705747706287,0.0
3,PPI_FINISHED_GOODS__2016-03__PPIFGS__to__WPSFD49207,PPI_FINISHED_GOODS,2016-03,PPIFGS,WPSFD49207,adjacent_vintage_bridge,2016-02,2016-03,1992-04-01,-6.674785426596941e-07,-6.674785426596941e-07,0.0
3,PPI_FINISHED_GOODS__2016-03__PPIFGS__to__WPSFD49207,PPI_FINISHED_GOODS,2016-03,PPIFGS,WPSFD49207,adjacent_vintage_bridge,2016-02,2016-03,1992-05-01,0.002443326680650948,0.002443326680650948,0.0
3,PPI_FINISHED_GOODS__2016-03__PPIFGS__to__WPSFD49207,PPI_FINISHED_GOODS,2016-03,PPIFGS,WPSFD49207,adjacent_vintage_bridge,2016-02,2016-03,1992-06-01,0.0008001083120907637,0.0008001083120907637,0.0
3,PPI_FINISHED_GOODS__2016-03__PPIFGS__to__WPSFD49207,PPI_FINISHED_GOODS,2016-03,PPIFGS,WPSFD49207,adjacent_vintage_bridge,2016-02,2016-03,1992-07-01,-0.004870796200287408,-0.004870796200287408,0.0
3,PPI_FINISHED_GOODS__2016-03__PPIFGS__to__WPSFD49207,PPI_FINISHED_GOODS,2016-03,PPIFGS,WPSFD49207,adjacent_vintage_bridge,2016-02,2016-03,1992-08-01,0.0016214026019785166,0.0016214026019785166,0.0
3,PPI_FINISHED_GOODS__2016-03__PPIFGS__to__WPSFD49207,PPI_FINISHED_GOODS,2016-03,PPIFGS,WPSFD49207,adjacent_vintage_bridge,2016-02,2016-03,1992-09-01,0.0016174666261656867,0.0016174666261656867,0.0
3,PPI_FINISHED_GOODS__2016-03__PPIFGS__to__WPSFD49207,PPI_FINISHED_GOODS,2016-03,PPIFGS,WPSFD49207,adjacent_vintage_bridge,2016-02,2016-03,1992-10-01,0.0016057221737808547,0.0016057221737808547,0.0
3,PPI_FINISHED_GOODS__2016-03__PPIFGS__to__WPSFD49207,PPI_FINISHED_GOODS,2016-03,PPIFGS,WPSFD49207,adjacent_vintage_bridge,2016-02,2016-03,1992-11-01,-0.00483936738975288,-0.00483936738975288,0.0
3,PPI_FINISHED_GOODS__2016-03__PPIFGS__to__WPSFD49207,PPI_FINISHED_GOODS,2016-03,PPIFGS,WPSFD49207,adjacent_vintage_bridge,2016-02,2016-03,1992-12-01,0.0016109545776341605,0.0016109545776341605,0.0
3,PPI_FINISHED_GOODS__2016-03__PPIFGS__to__WPSFD49207,PPI_FINISHED_GOODS,2016-03,PPIFGS,WPSFD49207,adjacent_vintage_bridge,2016-02,2016-03,1993-01-01,0.0008035335168834479,0.0008035335168834479,0.0
3,PPI_FINISHED_GOODS__2016-03__PPIFGS__to__WPSFD49207,PPI_FINISHED_GOODS,2016-03,PPIFGS,WPSFD49207,adjacent_vintage_bridge,2016-02,2016-03,1993-02-01,0.0007996615752112746,0.0007996615752112746,0.0
3,PPI_FINISHED_GOODS__2016-03__PPIFGS__to__WPSFD49207,PPI_FINISHED_GOODS,2016-03,PPIFGS,WPSFD49207,adjacent_vintage_bridge,2016-02,2016-03,1993-03-01,-5.7877646009174555e-06,-5.7877646009174555e-06,0.0
3,PPI_FINISHED_GOODS__2016-03__PPIFGS__to__WPSFD49207,PPI_FINISHED_GOODS,2016-03,PPIFGS,WPSFD49207,adjacent_vintage_bridge,2016-02,2016-03,1993-04-01,0.003181493677589131,0.003181493677589131,0.0
3,PPI_FINISHED_GOODS__2016-03__PPIFGS__to__WPSFD49207,PPI_FINISHED_GOODS,2016-03,PPIFGS,WPSFD49207,adjacent_vintage_bridge,2016-02,2016-03,1993-05-01,-0.005584378293900016,-0.005584378293900016,0.0
3,PPI_FINISHED_GOODS__2016-03__PPIFGS__to__WPSFD49207,PPI_FINISHED_GOODS,2016-03,PPIFGS,WPSFD49207,adjacent_vintage_bridge,2016-02,2016-03,1993-06-01,-0.003985656930203696,-0.003985656930203696,0.0
3,PPI_FINISHED_GOODS__2016-03__PPIFGS__to__WPSFD49207,PPI_FINISHED_GOODS,2016-03,PPIFGS,WPSFD49207,adjacent_vintage_bridge,2016-02,2016-03,1993-07-01,0.003186615737071463,0.003186615737071463,0.0
3,PPI_FINISHED_GOODS__2016-03__PPIFGS__to__WPSFD49207,PPI_FINISHED_GOODS,2016-03,PPIFGS,WPSFD49207,adjacent_vintage_bridge,2016-02,2016-03,1993-08-01,-0.008839587644636993,-0.008839587644636993,0.0
3,PPI_FINISHED_GOODS__2016-03__PPIFGS__to__WPSFD49207,PPI_FINISHED_GOODS,2016-03,PPIFGS,WPSFD49207,adjacent_vintage_bridge,2016-02,2016-03,1993-09-01,0.011251532413234067,0.011251532413234067,0.0
3,PPI_FINISHED_GOODS__2016-03__PPIFGS__to__WPSFD49207,PPI_FINISHED_GOODS,2016-03,PPIFGS,WPSFD49207,adjacent_vintage_bridge,2016-02,2016-03,1993-10-01,-0.0008074262866477611,-0.0008074262866477611,0.0
3,PPI_FINISHED_GOODS__2016-03__PPIFGS__to__WPSFD49207,PPI_FINISHED_GOODS,2016-03,PPIFGS,WPSFD49207,adjacent_vintage_bridge,2016-02,2016-03,1993-11-01,0.0008035335168834479,0.0008035335168834479,0.0
3,PPI_FINISHED_GOODS__2016-03__PPIFGS__to__WPSFD49207,PPI_FINISHED_GOODS,2016-03,PPIFGS,WPSFD49207,adjacent_vintage_bridge,2016-02,2016-03,1993-12-01,-0.0016090108057005281,-0.0016090108057005281,0.0
3,PPI_FINISHED_GOODS__2016-03__PPIFGS__to__WPSFD49207,PPI_FINISHED_GOODS,2016-03,PPIFGS,WPSFD49207,adjacent_vintage_bridge,2016-02,2016-03,1994-01-01,0.0032102756302485602,0.0032102756302485602,0.0
3,PPI_FINISHED_GOODS__2016-03__PPIFGS__to__WPSFD49207,PPI_FINISHED_GOODS,2016-03,PPIFGS,WPSFD49207,adjacent_vintage_bridge,2016-02,2016-03,1994-02-01,-0.0016089942632744325,-0.0016089942632744325,0.0
3,PPI_FINISHED_GOODS__2016-03__PPIFGS__to__WPSFD49207,PPI_FINISHED_GOODS,2016-03,PPIFGS,WPSFD49207,adjacent_vintage_bridge,2016-02,2016-03,1994-03-01,-0.00080160119641004,-0.00080160119641004,0.0
3,PPI_FINISHED_GOODS__2016-03__PPIFGS__to__WPSFD49207,PPI_FINISHED_GOODS,2016-03,PPIFGS,WPSFD49207,adjacent_vintage_bridge,2016-02,2016-03,1994-04-01,-0.0007996801705640877,-0.0007996801705640877,0.0
3,PPI_FINISHED_GOODS__2016-03__PPIFGS__to__WPSFD49207,PPI_FINISHED_GOODS,2016-03,PPIFGS,WPSFD49207,adjacent_vintage_bridge,2016-02,2016-03,1994-05-01,0.0,0.0,0.0
3,PPI_FINISHED_GOODS__2016-03__PPIFGS__to__WPSFD49207,PPI_FINISHED_GOODS,2016-03,PPIFGS,WPSFD49207,adjacent_vintage_bridge,2016-02,2016-03,1994-06-01,0.0007990411931322328,0.0007990411931322328,0.0
3,PPI_FINISHED_GOODS__2016-03__PPIFGS__to__WPSFD49207,PPI_FINISHED_GOODS,2016-03,PPIFGS,WPSFD49207,adjacent_vintage_bridge,2016-02,2016-03,1994-07-01,0.003186615737071463,0.003186615737071463,0.0
3,PPI_FINISHED_GOODS__2016-03__PPIFGS__to__WPSFD49207,PPI_FINISHED_GOODS,2016-03,PPIFGS,WPSFD49207,adjacent_vintage_bridge,2016-02,2016-03,1994-08-01,-1.582241929209971e-05,-1.582241929209971e-05,0.0
3,PPI_FINISHED_GOODS__2016-03__PPIFGS__to__WPSFD49207,PPI_FINISHED_GOODS,2016-03,PPIFGS,WPSFD49207,adjacent_vintage_bridge,2016-02,2016-03,1994-09-01,-0.00634984356772339,-0.00634984356772339,0.0
3,PPI_FINISHED_GOODS__2016-03__PPIFGS__to__WPSFD49207,PPI_FINISHED_GOODS,2016-03,PPIFGS,WPSFD49207,adjacent_vintage_bridge,2016-02,2016-03,1994-10-01,-0.0008021734216505649,-0.0008021734216505649,0.0
3,PPI_FINISHED_GOODS__2016-03__PPIFGS__to__WPSFD49207,PPI_FINISHED_GOODS,2016-03,PPIFGS,WPSFD49207,adjacent_vintage_bridge,2016-02,2016-03,1994-11-01,0.007951666877497487,0.007951666877497487,0.0
3,PPI_FINISHED_GOODS__2016-03__PPIFGS__to__WPSFD49207,PPI_FINISHED_GOODS,2016-03,PPIFGS,WPSFD49207,adjacent_vintage_bridge,2016-02,2016-03,1994-12-01,-0.000812217659833081,-0.000812217659833081,0.0
3,PPI_FINISHED_GOODS__2016-03__PPIFGS__to__WPSFD49207,PPI_FINISHED_GOODS,2016-03,PPIFGS,WPSFD49207,adjacent_vintage_bridge,2016-02,2016-03,1995-01-01,-0.0015904017289365413,-0.0015904017289365413,0.0
3,PPI_FINISHED_GOODS__2016-03__PPIFGS__to__WPSFD49207,PPI_FINISHED_GOODS,2016-03,PPIFGS,WPSFD49207,adjacent_vintage_bridge,2016-02,2016-03,1995-02-01,-5.5888245853452645e-06,-5.5888245853452645e-06,0.0
3,PPI_FINISHED_GOODS__2016-03__PPIFGS__to__WPSFD49207,PPI_FINISHED_GOODS,2016-03,PPIFGS,WPSFD49207,adjacent_vintage_bridge,2016-02,2016-03,1995-03-01,-0.0007901839536392785,-0.0007901839536392785,0.0
3,PPI_FINISHED_GOODS__2016-03__PPIFGS__to__WPSFD49207,PPI_FINISHED_GOODS,2016-03,PPIFGS,WPSFD49207,adjacent_vintage_bridge,2016-02,2016-03,1995-04-01,0.0007809276683898858,0.0007809276683898858,0.0
3,PPI_FINISHED_GOODS__2016-03__PPIFGS__to__WPSFD49207,PPI_FINISHED_GOODS,2016-03,PPIFGS,WPSFD49207,adjacent_vintage_bridge,2016-02,2016-03,1995-05-01,-0.001569240995490162,-0.001569240995490162,0.0
3,PPI_FINISHED_GOODS__2016-03__PPIFGS__to__WPSFD49207,PPI_FINISHED_GOODS,2016-03,PPIFGS,WPSFD49207,adjacent_vintage_bridge,2016-02,2016-03,1995-06-01,-0.0007827789049406064,-0.0007827789049406064,0.0
3,PPI_FINISHED_GOODS__2016-03__PPIFGS__to__WPSFD49207,PPI_FINISHED_GOODS,2016-03,PPIFGS,WPSFD49207,adjacent_vintage_bridge,2016-02,2016-03,1995-07-01,0.0015637219761828192,0.0015637219761828192,0.0
3,PPI_FINISHED_GOODS__2016-03__PPIFGS__to__WPSFD49207,PPI_FINISHED_GOODS,2016-03,PPIFGS,WPSFD49207,adjacent_vintage_bridge,2016-02,2016-03,1995-08-01,-0.002345277311002647,-0.002345277311002647,0.0
3,PPI_FINISHED_GOODS__2016-03__PPIFGS__to__WPSFD49207,PPI_FINISHED_GOODS,2016-03,PPIFGS,WPSFD49207,adjacent_vintage_bridge,2016-02,2016-03,1995-09-01,0.002344055652711674,0.002344055652711674,0.0
3,PPI_FINISHED_GOODS__2016-03__PPIFGS__to__WPSFD49207,PPI_FINISHED_GOODS,2016-03,PPIFGS,WPSFD49207,adjacent_vintage_bridge,2016-02,2016-03,1995-10-01,0.0007766820352799186,0.0007766820352799186,0.0
3,PPI_FINISHED_GOODS__2016-03__PPIFGS__to__WPSFD49207,PPI_FINISHED_GOODS,2016-03,PPIFGS,WPSFD49207,adjacent_vintage_bridge,2016-02,2016-03,1995-11-01,-5.459006951369361e-06,-5.459006951369361e-06,0.0
3,PPI_FINISHED_GOODS__2016-03__PPIFGS__to__WPSFD49207,PPI_FINISHED_GOODS,2016-03,PPIFGS,WPSFD49207,adjacent_vintage_bridge,2016-02,2016-03,1995-12-01,0.0023174478295100442,0.0023174478295100442,0.0
3,PPI_FINISHED_GOODS__2016-03__PPIFGS__to__WPSFD49207,PPI_FINISHED_GOODS,2016-03,PPIFGS,WPSFD49207,adjacent_vintage_bridge,2016-02,2016-03,1996-01-01,-0.0015623656311438694,-0.0015623656311438694,0.0
3,PPI_FINISHED_GOODS__2016-03__PPIFGS__to__WPSFD49207,PPI_FINISHED_GOODS,2016-03,PPIFGS,WPSFD49207,adjacent_vintage_bridge,2016-02,2016-03,1996-02-01,-0.0030888055445865703,-0.0030888055445865703,0.0
3,PPI_FINISHED_GOODS__2016-03__PPIFGS__to__WPSFD49207,PPI_FINISHED_GOODS,2016-03,PPIFGS,WPSFD49207,adjacent_vintage_bridge,2016-02,2016-03,1996-03-01,0.0061491354403502285,0.0061491354403502285,0.0
3,PPI_FINISHED_GOODS__2016-03__PPIFGS__to__WPSFD49207,PPI_FINISHED_GOODS,2016-03,PPIFGS,WPSFD49207,adjacent_vintage_bridge,2016-02,2016-03,1996-04-01,-0.0030886892872441507,-0.0030886892872441507,0.0
3,PPI_FINISHED_GOODS__2016-03__PPIFGS__to__WPSFD49207,PPI_FINISHED_GOODS,2016-03,PPIFGS,WPSFD49207,adjacent_vintage_bridge,2016-02,2016-03,1996-05-01,-0.003060446153106078,-0.003060446153106078,0.0
3,PPI_FINISHED_GOODS__2016-03__PPIFGS__to__WPSFD49207,PPI_FINISHED_GOODS,2016-03,PPIFGS,WPSFD49207,adjacent_vintage_bridge,2016-02,2016-03,1996-06-01,0.003051108392896573,0.003051108392896573,0.0
3,PPI_FINISHED_GOODS__2016-03__PPIFGS__to__WPSFD49207,PPI_FINISHED_GOODS,2016-03,PPIFGS,WPSFD49207,adjacent_vintage_bridge,2016-02,2016-03,1996-07-01,-0.003813013191659387,-0.003813013191659387,0.0
3,PPI_FINISHED_GOODS__2016-03__PPIFGS__to__WPSFD49207,PPI_FINISHED_GOODS,2016-03,PPIFGS,WPSFD49207,adjacent_vintage_bridge,2016-02,2016-03,1996-08-01,0.0038060471799914453,0.0038060471799914453,0.0
3,PPI_FINISHED_GOODS__2016-03__PPIFGS__to__WPSFD49207,PPI_FINISHED_GOODS,2016-03,PPIFGS,WPSFD49207,adjacent_vintage_bridge,2016-02,2016-03,1996-09-01,-0.002284552523209804,-0.002284552523209804,0.0
3,PPI_FINISHED_GOODS__2016-03__PPIFGS__to__WPSFD49207,PPI_FINISHED_GOODS,2016-03,PPIFGS,WPSFD49207,adjacent_vintage_bridge,2016-02,2016-03,1996-10-01,0.004541444895653335,0.004541444895653335,0.0
3,PPI_FINISHED_GOODS__2016-03__PPIFGS__to__WPSFD49207,PPI_FINISHED_GOODS,2016-03,PPIFGS,WPSFD49207,adjacent_vintage_bridge,2016-02,2016-03,1996-11-01,-0.004546032830303304,-0.004546032830303304,0.0
3,PPI_FINISHED_GOODS__2016-03__PPIFGS__to__WPSFD49207,PPI_FINISHED_GOODS,2016-03,PPIFGS,WPSFD49207,adjacent_vintage_bridge,2016-02,2016-03,1996-12-01,0.0022593183695542862,0.0022593183695542862,0.0
3,PPI_FINISHED_GOODS__2016-03__PPIFGS__to__WPSFD49207,PPI_FINISHED_GOODS,2016-03,PPIFGS,WPSFD49207,adjacent_vintage_bridge,2016-02,2016-03,1997-01-01,-0.0022621577903692014,-0.0022621577903692014,0.0
3,PPI_FINISHED_GOODS__2016-03__PPIFGS__to__WPSFD49207,PPI_FINISHED_GOODS,2016-03,PPIFGS,WPSFD49207,adjacent_vintage_bridge,2016-02,2016-03,1997-02-01,-0.0030103493861455277,-0.0030103493861455277,0.0
3,PPI_FINISHED_GOODS__2016-03__PPIFGS__to__WPSFD49207,PPI_FINISHED_GOODS,2016-03,PPIFGS,WPSFD49207,adjacent_vintage_bridge,2016-02,2016-03,1997-03-01,0.0015043232971914122,0.0015043232971914122,0.0
3,PPI_FINISHED_GOODS__2016-03__PPIFGS__to__WPSFD49207,PPI_FINISHED_GOODS,2016-03,PPIFGS,WPSFD49207,adjacent_vintage_bridge,2016-02,2016-03,1997-04-01,-0.005297592096955128,-0.005297592096955128,0.0
3,PPI_FINISHED_GOODS__2016-03__PPIFGS__to__WPSFD49207,PPI_FINISHED_GOODS,2016-03,PPIFGS,WPSFD49207,adjacent_vintage_bridge,2016-02,2016-03,1997-05-01,0.0037726852327679694,0.0037726852327679694,0.0
3,PPI_FINISHED_GOODS__2016-03__PPIFGS__to__WPSFD49207,PPI_FINISHED_GOODS,2016-03,PPIFGS,WPSFD49207,adjacent_vintage_bridge,2016-02,2016-03,1997-06-01,0.0007567001415189623,0.0007567001415189623,0.0
3,PPI_FINISHED_GOODS__2016-03__PPIFGS__to__WPSFD49207,PPI_FINISHED_GOODS,2016-03,PPIFGS,WPSFD49207,adjacent_vintage_bridge,2016-02,2016-03,1997-07-01,-0.0015290380838282047,-0.0015290380838282047,0.0
3,PPI_FINISHED_GOODS__2016-03__PPIFGS__to__WPSFD49207,PPI_FINISHED_GOODS,2016-03,PPIFGS,WPSFD49207,adjacent_vintage_bridge,2016-02,2016-03,1997-08-01,0.006863541527552641,0.006863541527552641,0.0
3,PPI_FINISHED_GOODS__2016-03__PPIFGS__to__WPSFD49207,PPI_FINISHED_GOODS,2016-03,PPIFGS,WPSFD49207,adjacent_vintage_bridge,2016-02,2016-03,1997-09-01,-0.0022915202939497448,-0.0022915202939497448,0.0
3,PPI_FINISHED_GOODS__2016-03__PPIFGS__to__WPSFD49207,PPI_FINISHED_GOODS,2016-03,PPIFGS,WPSFD49207,adjacent_vintage_bridge,2016-02,2016-03,1997-10-01,0.000756127991345501,0.000756127991345501,0.0
3,PPI_FINISHED_GOODS__2016-03__PPIFGS__to__WPSFD49207,PPI_FINISHED_GOODS,2016-03,PPIFGS,WPSFD49207,adjacent_vintage_bridge,2016-02,2016-03,1997-11-01,-0.0045540816641036486,-0.0045540816641036486,0.0
3,PPI_FINISHED_GOODS__2016-03__PPIFGS__to__WPSFD49207,PPI_FINISHED_GOODS,2016-03,PPIFGS,WPSFD49207,adjacent_vintage_bridge,2016-02,2016-03,1997-12-01,0.000756127991345501,0.000756127991345501,0.0
3,PPI_FINISHED_GOODS__2016-03__PPIFGS__to__WPSFD49207,PPI_FINISHED_GOODS,2016-03,PPIFGS,WPSFD49207,adjacent_vintage_bridge,2016-02,2016-03,1998-01-01,-0.003820572579628312,-0.003820572579628312,0.0
3,PPI_FINISHED_GOODS__2016-03__PPIFGS__to__WPSFD49207,PPI_FINISHED_GOODS,2016-03,PPIFGS,WPSFD49207,adjacent_vintage_bridge,2016-02,2016-03,1998-02-01,0.004576081632489348,0.004576081632489348,0.0
3,PPI_FINISHED_GOODS__2016-03__PPIFGS__to__WPSFD49207,PPI_FINISHED_GOODS,2016-03,PPIFGS,WPSFD49207,adjacent_vintage_bridge,2016-02,2016-03,1998-03-01,-5.86291736937028e-07,-5.86291736937028e-07,0.0
3,PPI_FINISHED_GOODS__2016-03__PPIFGS__to__WPSFD49207,PPI_FINISHED_GOODS,2016-03,PPIFGS,WPSFD49207,adjacent_vintage_bridge,2016-02,2016-03,1998-04-01,0.0022973839470097346,0.0022973839470097346,0.0
3,PPI_FINISHED_GOODS__2016-03__PPIFGS__to__WPSFD49207,PPI_FINISHED_GOODS,2016-03,PPIFGS,WPSFD49207,adjacent_vintage_bridge,2016-02,2016-03,1998-05-01,-0.0030627877348550214,-0.0030627877348550214,0.0
3,PPI_FINISHED_GOODS__2016-03__PPIFGS__to__WPSFD49207,PPI_FINISHED_GOODS,2016-03,PPIFGS,WPSFD49207,adjacent_vintage_bridge,2016-02,2016-03,1998-06-01,0.000764816597231821,0.000764816597231821,0.0
3,PPI_FINISHED_GOODS__2016-03__PPIFGS__to__WPSFD49207,PPI_FINISHED_GOODS,2016-03,PPIFGS,WPSFD49207,adjacent_vintage_bridge,2016-02,2016-03,1998-07-01,0.00306454840781889,0.00306454840781889,0.0
3,PPI_FINISHED_GOODS__2016-03__PPIFGS__to__WPSFD49207,PPI_FINISHED_GOODS,2016-03,PPIFGS,WPSFD49207,adjacent_vintage_bridge,2016-02,2016-03,1998-08-01,-0.004595942275246401,-0.004595942275246401,0.0
3,PPI_FINISHED_GOODS__2016-03__PPIFGS__to__WPSFD49207,PPI_FINISHED_GOODS,2016-03,PPIFGS,WPSFD49207,adjacent_vintage_bridge,2016-02,2016-03,1998-09-01,0.0022979711376232004,0.0022979711376232004,0.0
3,PPI_FINISHED_GOODS__2016-03__PPIFGS__to__WPSFD49207,PPI_FINISHED_GOODS,2016-03,PPIFGS,WPSFD49207,adjacent_vintage_bridge,2016-02,2016-03,1998-10-01,0.0038270234233017675,0.0038270234233017675,0.0
3,PPI_FINISHED_GOODS__2016-03__PPIFGS__to__WPSFD49207,PPI_FINISHED_GOODS,2016-03,PPIFGS,WPSFD49207,adjacent_vintage_bridge,2016-02,2016-03,1998-11-01,-0.004591257316057806,-0.004591257316057806,0.0
3,PPI_FINISHED_GOODS__2016-03__PPIFGS__to__WPSFD49207,PPI_FINISHED_GOODS,2016-03,PPIFGS,WPSFD49207,adjacent_vintage_bridge,2016-02,2016-03,1998-12-01,0.004579576178408651,0.004579576178408651,0.0
3,PPI_FINISHED_GOODS__2016-03__PPIFGS__to__WPSFD49207,PPI_FINISHED_GOODS,2016-03,PPIFGS,WPSFD49207,adjacent_vintage_bridge,2016-02,2016-03,1999-01-01,-0.0007735148451679663,-0.0007735148451679663,0.0
3,PPI_FINISHED_GOODS__2016-03__PPIFGS__to__WPSFD49207,PPI_FINISHED_GOODS,2016-03,PPIFGS,WPSFD49207,adjacent_vintage_bridge,2016-02,2016-03,1999-02-01,-0.006845559679732105,-0.006845559679732105,0.0
3,PPI_FINISHED_GOODS__2016-03__PPIFGS__to__WPSFD49207,PPI_FINISHED_GOODS,2016-03,PPIFGS,WPSFD49207,adjacent_vintage_bridge,2016-02,2016-03,1999-03-01,0.006087707347078641,0.006087707347078641,0.0
3,PPI_FINISHED_GOODS__2016-03__PPIFGS__to__WPSFD49207,PPI_FINISHED_GOODS,2016-03,PPIFGS,WPSFD49207,adjacent_vintage_bridge,2016-02,2016-03,1999-04-01,0.002268384802628809,0.002268384802628809,0.0
3,PPI_FINISHED_GOODS__2016-03__PPIFGS__to__WPSFD49207,PPI_FINISHED_GOODS,2016-03,PPIFGS,WPSFD49207,adjacent_vintage_bridge,2016-02,2016-03,1999-05-01,-0.00303950031782918,-0.00303950031782918,0.0
3,PPI_FINISHED_GOODS__2016-03__PPIFGS__to__WPSFD49207,PPI_FINISHED_GOODS,2016-03,PPIFGS,WPSFD49207,adjacent_vintage_bridge,2016-02,2016-03,1999-06-01,-0.000757287210633173,-0.000757287210633173,0.0
3,PPI_FINISHED_GOODS__2016-03__PPIFGS__to__WPSFD49207,PPI_FINISHED_GOODS,2016-03,PPIFGS,WPSFD49207,adjacent_vintage_bridge,2016-02,2016-03,1999-07-01,0.0015077254532567252,0.0015077254532567252,0.0
3,PPI_FINISHED_GOODS__2016-03__PPIFGS__to__WPSFD49207,PPI_FINISHED_GOODS,2016-03,PPIFGS,WPSFD49207,adjacent_vintage_bridge,2016-02,2016-03,1999-08-01,0.0037472386668877533,0.0037472386668877533,0.0
3,PPI_FINISHED_GOODS__2016-03__PPIFGS__to__WPSFD49207,PPI_FINISHED_GOODS,2016-03,PPIFGS,WPSFD49207,adjacent_vintage_bridge,2016-02,2016-03,1999-09-01,0.0014521846994473009,0.0014521846994473009,0.0
3,PPI_FINISHED_GOODS__2016-03__PPIFGS__to__WPSFD49207,PPI_FINISHED_GOODS,2016-03,PPIFGS,WPSFD49207,adjacent_vintage_bridge,2016-02,2016-03,1999-10-01,-0.00820649215443403,-0.00820649215443403,0.0
3,PPI_FINISHED_GOODS__2016-03__PPIFGS__to__WPSFD49207,PPI_FINISHED_GOODS,2016-03,PPIFGS,WPSFD49207,adjacent_vintage_bridge,2016-02,2016-03,1999-11-01,0.0044571060775053795,0.0044571060775053795,0.0
3,PPI_FINISHED_GOODS__2016-03__PPIFGS__to__WPSFD49207,PPI_FINISHED_GOODS,2016-03,PPIFGS,WPSFD49207,adjacent_vintage_bridge,2016-02,2016-03,1999-12-01,-0.0014919347295068164,-0.0014919347295068164,0.0
3,PPI_FINISHED_GOODS__2016-03__PPIFGS__to__WPSFD49207,PPI_FINISHED_GOODS,2016-03,PPIFGS,WPSFD49207,adjacent_vintage_bridge,2016-02,2016-03,2000-01-01,-0.0022214003951539496,-0.0022214003951539496,0.0
3,PPI_FINISHED_GOODS__2016-03__PPIFGS__to__WPSFD49207,PPI_FINISHED_GOODS,2016-03,PPIFGS,WPSFD49207,adjacent_vintage_bridge,2016-02,2016-03,2000-02-01,0.010301783527825847,0.010301783527825847,0.0
3,PPI_FINISHED_GOODS__2016-03__PPIFGS__to__WPSFD49207,PPI_FINISHED_GOODS,2016-03,PPIFGS,WPSFD49207,adjacent_vintage_bridge,2016-02,2016-03,2000-03-01,-0.005190417890590382,-0.005190417890590382,0.0
3,PPI_FINISHED_GOODS__2016-03__PPIFGS__to__WPSFD49207,PPI_FINISHED_GOODS,2016-03,PPIFGS,WPSFD49207,adjacent_vintage_bridge,2016-02,2016-03,2000-04-01,-0.008028946116756863,-0.008028946116756863,0.0
3,PPI_FINISHED_GOODS__2016-03__PPIFGS__to__WPSFD49207,PPI_FINISHED_GOODS,2016-03,PPIFGS,WPSFD49207,adjacent_vintage_bridge,2016-02,2016-03,2000-05-01,0.0036477740132427883,0.0036477740132427883,0.0
3,PPI_FINISHED_GOODS__2016-03__PPIFGS__to__WPSFD49207,PPI_FINISHED_GOODS,2016-03,PPIFGS,WPSFD49207,adjacent_vintage_bridge,2016-02,2016-03,2000-06-01,0.007266941053400089,0.007266941053400089,0.0
3,PPI_FINISHED_GOODS__2016-03__PPIFGS__to__WPSFD49207,PPI_FINISHED_GOODS,2016-03,PPIFGS,WPSFD49207,adjacent_vintage_bridge,2016-02,2016-03,2000-07-01,-0.007273283668798314,-0.007273283668798314,0.0
3,PPI_FINISHED_GOODS__2016-03__PPIFGS__to__WPSFD49207,PPI_FINISHED_GOODS,2016-03,PPIFGS,WPSFD49207,adjacent_vintage_bridge,2016-02,2016-03,2000-08-01,-0.0028969774526368397,-0.0028969774526368397,0.0
3,PPI_FINISHED_GOODS__2016-03__PPIFGS__to__WPSFD49207,PPI_FINISHED_GOODS,2016-03,PPIFGS,WPSFD49207,adjacent_vintage_bridge,2016-02,2016-03,2000-09-01,0.010118274865749122,0.010118274865749122,0.0
3,PPI_FINISHED_GOODS__2016-03__PPIFGS__to__WPSFD49207,PPI_FINISHED_GOODS,2016-03,PPIFGS,WPSFD49207,adjacent_vintage_bridge,2016-02,2016-03,2000-10-01,-0.004354480200706945,-0.004354480200706945,0.0
3,PPI_FINISHED_GOODS__2016-03__PPIFGS__to__WPSFD49207,PPI_FINISHED_GOODS,2016-03,PPIFGS,WPSFD49207,adjacent_vintage_bridge,2016-02,2016-03,2000-11-01,0.0014147052083410827,0.0014147052083410827,0.0
3,PPI_FINISHED_GOODS__2016-03__PPIFGS__to__WPSFD49207,PPI_FINISHED_GOODS,2016-03,PPIFGS,WPSFD49207,adjacent_vintage_bridge,2016-02,2016-03,2000-12-01,-0.0028678591657582686,-0.0028678591657582686,0.0
3,PPI_FINISHED_GOODS__2016-03__PPIFGS__to__WPSFD49207,PPI_FINISHED_GOODS,2016-03,PPIFGS,WPSFD49207,adjacent_vintage_bridge,2016-02,2016-03,2001-01-01,0.006367143749522519,0.006367143749522519,0.0
3,PPI_FINISHED_GOODS__2016-03__PPIFGS__to__WPSFD49207,PPI_FINISHED_GOODS,2016-03,PPIFGS,WPSFD49207,adjacent_vintage_bridge,2016-02,2016-03,2001-02-01,-0.007094220453471856,-0.007094220453471856,0.0
3,PPI_FINISHED_GOODS__2016-03__PPIFGS__to__WPSFD49207,PPI_FINISHED_GOODS,2016-03,PPIFGS,WPSFD49207,adjacent_vintage_bridge,2016-02,2016-03,2001-03-01,-0.006355696576217262,-0.006355696576217262,0.0
3,PPI_FINISHED_GOODS__2016-03__PPIFGS__to__WPSFD49207,PPI_FINISHED_GOODS,2016-03,PPIFGS,WPSFD49207,adjacent_vintage_bridge,2016-02,2016-03,2001-04-01,0.010594991648974705,0.010594991648974705,0.0
3,PPI_FINISHED_GOODS__2016-03__PPIFGS__to__WPSFD49207,PPI_FINISHED_GOODS,2016-03,PPIFGS,WPSFD49207,adjacent_vintage_bridge,2016-02,2016-03,2001-05-01,-0.003539285047573948,-0.003539285047573948,0.0
3,PPI_FINISHED_GOODS__2016-03__PPIFGS__to__WPSFD49207,PPI_FINISHED_GOODS,2016-03,PPIFGS,WPSFD49207,adjacent_vintage_bridge,2016-02,2016-03,2001-06-01,-0.00563033849232486,-0.00563033849232486,0.0
3,PPI_FINISHED_GOODS__2016-03__PPIFGS__to__WPSFD49207,PPI_FINISHED_GOODS,2016-03,PPIFGS,WPSFD49207,adjacent_vintage_bridge,2016-02,2016-03,2001-07-01,-0.008541269757285974,-0.008541269757285974,0.0
3,PPI_FINISHED_GOODS__2016-03__PPIFGS__to__WPSFD49207,PPI_FINISHED_GOODS,2016-03,PPIFGS,WPSFD49207,adjacent_vintage_bridge,2016-02,2016-03,2001-08-01,0.016334671532447054,0.016334671532447054,0.0
3,PPI_FINISHED_GOODS__2016-03__PPIFGS__to__WPSFD49207,PPI_FINISHED_GOODS,2016-03,PPIFGS,WPSFD49207,adjacent_vintage_bridge,2016-02,2016-03,2001-09-01,-1.8185207243170964e-05,-1.8185207243170964e-05,0.0
3,PPI_FINISHED_GOODS__2016-03__PPIFGS__to__WPSFD49207,PPI_FINISHED_GOODS,2016-03,PPIFGS,WPSFD49207,adjacent_vintage_bridge,2016-02,2016-03,2001-10-01,-0.020666682129928837,-0.020666682129928837,0.0
3,PPI_FINISHED_GOODS__2016-03__PPIFGS__to__WPSFD49207,PPI_FINISHED_GOODS,2016-03,PPIFGS,WPSFD49207,adjacent_vintage_bridge,2016-02,2016-03,2001-11-01,0.012807749056491957,0.012807749056491957,0.0
3,PPI_FINISHED_GOODS__2016-03__PPIFGS__to__WPSFD49207,PPI_FINISHED_GOODS,2016-03,PPIFGS,WPSFD49207,adjacent_vintage_bridge,2016-02,2016-03,2001-12-01,-1.3032966889703346e-05,-1.3032966889703346e-05,0.0
3,PPI_FINISHED_GOODS__2016-03__PPIFGS__to__WPSFD49207,PPI_FINISHED_GOODS,2016-03,PPIFGS,WPSFD49207,adjacent_vintage_bridge,2016-02,2016-03,2002-01-01,0.0014403610475923756,0.0014403610475923756,0.0
3,PPI_FINISHED_GOODS__2016-03__PPIFGS__to__WPSFD49207,PPI_FINISHED_GOODS,2016-03,PPIFGS,WPSFD49207,adjacent_vintage_bridge,2016-02,2016-03,2002-02-01,0.004352558845191368,0.004352558845191368,0.0
3,PPI_FINISHED_GOODS__2016-03__PPIFGS__to__WPSFD49207,PPI_FINISHED_GOODS,2016-03,PPIFGS,WPSFD49207,adjacent_vintage_bridge,2016-02,2016-03,2002-03-01,0.0036040834929034204,0.0036040834929034204,0.0
3,PPI_FINISHED_GOODS__2016-03__PPIFGS__to__WPSFD49207,PPI_FINISHED_GOODS,2016-03,PPIFGS,WPSFD49207,adjacent_vintage_bridge,2016-02,2016-03,2002-04-01,-0.006501083667417085,-0.006501083667417085,0.0
3,PPI_FINISHED_GOODS__2016-03__PPIFGS__to__WPSFD49207,PPI_FINISHED_GOODS,2016-03,PPIFGS,WPSFD49207,adjacent_vintage_bridge,2016-02,2016-03,2002-05-01,-0.0014445633852986361,-0.0014445633852986361,0.0
3,PPI_FINISHED_GOODS__2016-03__PPIFGS__to__WPSFD49207,PPI_FINISHED_GOODS,2016-03,PPIFGS,WPSFD49207,adjacent_vintage_bridge,2016-02,2016-03,2002-06-01,0.005051289026351213,0.005051289026351213,0.0
3,PPI_FINISHED_GOODS__2016-03__PPIFGS__to__WPSFD49207,PPI_FINISHED_GOODS,2016-03,PPIFGS,WPSFD49207,adjacent_vintage_bridge,2016-02,2016-03,2002-07-01,-0.004327966206036038,-0.004327966206036038,0.0
3,PPI_FINISHED_GOODS__2016-03__PPIFGS__to__WPSFD49207,PPI_FINISHED_GOODS,2016-03,PPIFGS,WPSFD49207,adjacent_vintage_bridge,2016-02,2016-03,2002-08-01,0.002163201881884902,0.002163201881884902,0.0
3,PPI_FINISHED_GOODS__2016-03__PPIFGS__to__WPSFD49207,PPI_FINISHED_GOODS,2016-03,PPIFGS,WPSFD49207,adjacent_vintage_bridge,2016-02,2016-03,2002-09-01,0.0028771800145497295,0.0028771800145497295,0.0
3,PPI_FINISHED_GOODS__2016-03__PPIFGS__to__WPSFD49207,PPI_FINISHED_GOODS,2016-03,PPIFGS,WPSFD49207,adjacent_vintage_bridge,2016-02,2016-03,2002-10-01,0.002132254129451283,0.002132254129451283,0.0
3,PPI_FINISHED_GOODS__2016-03__PPIFGS__to__WPSFD49207,PPI_FINISHED_GOODS,2016-03,PPIFGS,WPSFD49207,adjacent_vintage_bridge,2016-02,2016-03,2002-11-01,-0.005730674708984473,-0.005730674708984473,0.0
3,PPI_FINISHED_GOODS__2016-03__PPIFGS__to__WPSFD49207,PPI_FINISHED_GOODS,2016-03,PPIFGS,WPSFD49207,adjacent_vintage_bridge,2016-02,2016-03,2002-12-01,-0.0021451563463878998,-0.0021451563463878998,0.0
3,PPI_FINISHED_GOODS__2016-03__PPIFGS__to__WPSFD49207,PPI_FINISHED_GOODS,2016-03,PPIFGS,WPSFD49207,adjacent_vintage_bridge,2016-02,2016-03,2003-01-01,0.012116748942240463,0.012116748942240463,0.0
3,PPI_FINISHED_GOODS__2016-03__PPIFGS__to__WPSFD49207,PPI_FINISHED_GOODS,2016-03,PPIFGS,WPSFD49207,adjacent_vintage_bridge,2016-02,2016-03,2003-02-01,0.0013040730281694835,0.0013040730281694835,0.0
3,PPI_FINISHED_GOODS__2016-03__PPIFGS__to__WPSFD49207,PPI_FINISHED_GOODS,2016-03,PPIFGS,WPSFD49207,adjacent_vintage_bridge,2016-02,2016-03,2003-03-01,-0.0022068905308119113,-0.0022068905308119113,0.0
3,PPI_FINISHED_GOODS__2016-03__PPIFGS__to__WPSFD49207,PPI_FINISHED_GOODS,2016-03,PPIFGS,WPSFD49207,adjacent_vintage_bridge,2016-02,2016-03,2003-04-01,-0.02164755730007073,-0.02164755730007073,0.0
3,PPI_FINISHED_GOODS__2016-03__PPIFGS__to__WPSFD49207,PPI_FINISHED_GOODS,2016-03,PPIFGS,WPSFD49207,adjacent_vintage_bridge,2016-02,2016-03,2003-05-01,0.010466849003717194,0.010466849003717194,0.0
3,PPI_FINISHED_GOODS__2016-03__PPIFGS__to__WPSFD49207,PPI_FINISHED_GOODS,2016-03,PPIFGS,WPSFD49207,adjacent_vintage_bridge,2016-02,2016-03,2003-06-01,0.007733873519937262,0.007733873519937262,0.0
3,PPI_FINISHED_GOODS__2016-03__PPIFGS__to__WPSFD49207,PPI_FINISHED_GOODS,2016-03,PPIFGS,WPSFD49207,adjacent_vintage_bridge,2016-02,2016-03,2003-07-01,-0.004921414894099918,-0.004921414894099918,0.0
3,PPI_FINISHED_GOODS__2016-03__PPIFGS__to__WPSFD49207,PPI_FINISHED_GOODS,2016-03,PPIFGS,WPSFD49207,adjacent_vintage_bridge,2016-02,2016-03,2003-08-01,0.005582217756800567,0.005582217756800567,0.0
3,PPI_FINISHED_GOODS__2016-03__PPIFGS__to__WPSFD49207,PPI_FINISHED_GOODS,2016-03,PPIFGS,WPSFD49207,adjacent_vintage_bridge,2016-02,2016-03,2003-09-01,-0.004197236688472827,-0.004197236688472827,0.0
3,PPI_FINISHED_GOODS__2016-03__PPIFGS__to__WPSFD49207,PPI_FINISHED_GOODS,2016-03,PPIFGS,WPSFD49207,adjacent_vintage_bridge,2016-02,2016-03,2003-10-01,0.003454673884593973,0.003454673884593973,0.0
3,PPI_FINISHED_GOODS__2016-03__PPIFGS__to__WPSFD49207,PPI_FINISHED_GOODS,2016-03,PPIFGS,WPSFD49207,adjacent_vintage_bridge,2016-02,2016-03,2003-11-01,-0.0069223506025677395,-0.0069223506025677395,0.0
3,PPI_FINISHED_GOODS__2016-03__PPIFGS__to__WPSFD49207,PPI_FINISHED_GOODS,2016-03,PPIFGS,WPSFD49207,adjacent_vintage_bridge,2016-02,2016-03,2003-12-01,0.00483402039242975,0.00483402039242975,0.0
3,PPI_FINISHED_GOODS__2016-03__PPIFGS__to__WPSFD49207,PPI_FINISHED_GOODS,2016-03,PPIFGS,WPSFD49207,adjacent_vintage_bridge,2016-02,2016-03,2004-01-01,0.002046445473120606,0.002046445473120606,0.0
3,PPI_FINISHED_GOODS__2016-03__PPIFGS__to__WPSFD49207,PPI_FINISHED_GOODS,2016-03,PPIFGS,WPSFD49207,adjacent_vintage_bridge,2016-02,2016-03,2004-02-01,-0.006183931592780745,-0.006183931592780745,0.0
3,PPI_FINISHED_GOODS__2016-03__PPIFGS__to__WPSFD49207,PPI_FINISHED_GOODS,2016-03,PPIFGS,WPSFD49207,adjacent_vintage_bridge,2016-02,2016-03,2004-03-01,0.0034253636953032185,0.0034253636953032185,0.0
3,PPI_FINISHED_GOODS__2016-03__PPIFGS__to__WPSFD49207,PPI_FINISHED_GOODS,2016-03,PPIFGS,WPSFD49207,adjacent_vintage_bridge,2016-02,2016-03,2004-04-01,0.004076931237976922,0.004076931237976922,0.0
3,PPI_FINISHED_GOODS__2016-03__PPIFGS__to__WPSFD49207,PPI_FINISHED_GOODS,2016-03,PPIFGS,WPSFD49207,adjacent_vintage_bridge,2016-02,2016-03,2004-05-01,0.0013024654594060436,0.0013024654594060436,0.0
3,PPI_FINISHED_GOODS__2016-03__PPIFGS__to__WPSFD49207,PPI_FINISHED_GOODS,2016-03,PPIFGS,WPSFD49207,adjacent_vintage_bridge,2016-02,2016-03,2004-06-01,-0.008119124438503711,-0.008119124438503711,0.0
3,PPI_FINISHED_GOODS__2016-03__PPIFGS__to__WPSFD49207,PPI_FINISHED_GOODS,2016-03,PPIFGS,WPSFD49207,adjacent_vintage_bridge,2016-02,2016-03,2004-07-01,-0.0013486178712938113,-0.0013486178712938113,0.0
3,PPI_FINISHED_GOODS__2016-03__PPIFGS__to__WPSFD49207,PPI_FINISHED_GOODS,2016-03,PPIFGS,WPSFD49207,adjacent_vintage_bridge,2016-02,2016-03,2004-08-01,0.004044037292966429,0.004044037292966429,0.0
3,PPI_FINISHED_GOODS__2016-03__PPIFGS__to__WPSFD49207,PPI_FINISHED_GOODS,2016-03,PPIFGS,WPSFD49207,adjacent_vintage_bridge,2016-02,2016-03,2004-09-01,-0.0013504293063393291,-0.0013504293063393291,0.0
3,PPI_FINISHED_GOODS__2016-03__PPIFGS__to__WPSFD49207,PPI_FINISHED_GOODS,2016-03,PPIFGS,WPSFD49207,adjacent_vintage_bridge,2016-02,2016-03,2004-10-01,0.014655351231107616,0.014655351231107616,0.0
3,PPI_FINISHED_GOODS__2016-03__PPIFGS__to__WPSFD49207,PPI_FINISHED_GOODS,2016-03,PPIFGS,WPSFD49207,adjacent_vintage_bridge,2016-02,2016-03,2004-11-01,-0.010065605826627078,-0.010065605826627078,0.0
3,PPI_FINISHED_GOODS__2016-03__PPIFGS__to__WPSFD49207,PPI_FINISHED_GOODS,2016-03,PPIFGS,WPSFD49207,adjacent_vintage_bridge,2016-02,2016-03,2004-12-01,-0.010547593781711662,-0.010547593781711662,0.0
3,PPI_FINISHED_GOODS__2016-03__PPIFGS__to__WPSFD49207,PPI_FINISHED_GOODS,2016-03,PPIFGS,WPSFD49207,adjacent_vintage_bridge,2016-02,2016-03,2005-01-01,0.00790992686027625,0.00790992686027625,0.0
3,PPI_FINISHED_GOODS__2016-03__PPIFGS__to__WPSFD49207,PPI_FINISHED_GOODS,2016-03,PPIFGS,WPSFD49207,adjacent_vintage_bridge,2016-02,2016-03,2005-02-01,0.001955734024480904,0.001955734024480904,0.0
3,PPI_FINISHED_GOODS__2016-03__PPIFGS__to__WPSFD49207,PPI_FINISHED_GOODS,2016-03,PPIFGS,WPSFD49207,adjacent_vintage_bridge,2016-02,2016-03,2005-03-01,0.0012746356971042871,0.0012746356971042871,0.0
3,PPI_FINISHED_GOODS__2016-03__PPIFGS__to__WPSFD49207,PPI_FINISHED_GOODS,2016-03,PPIFGS,WPSFD49207,adjacent_vintage_bridge,2016-02,2016-03,2005-04-01,-0.0032796277352851178,-0.0032796277352851178,0.0
3,PPI_FINISHED_GOODS__2016-03__PPIFGS__to__WPSFD49207,PPI_FINISHED_GOODS,2016-03,PPIFGS,WPSFD49207,adjacent_vintage_bridge,2016-02,2016-03,2005-05-01,-0.005195230869073697,-0.005195230869073697,0.0
3,PPI_FINISHED_GOODS__2016-03__PPIFGS__to__WPSFD49207,PPI_FINISHED_GOODS,2016-03,PPIFGS,WPSFD49207,adjacent_vintage_bridge,2016-02,2016-03,2005-06-01,0.001947420284395207,0.001947420284395207,0.0
3,PPI_FINISHED_GOODS__2016-03__PPIFGS__to__WPSFD49207,PPI_FINISHED_GOODS,2016-03,PPIFGS,WPSFD49207,adjacent_vintage_bridge,2016-02,2016-03,2005-07-01,0.007122076074413286,0.007122076074413286,0.0
3,PPI_FINISHED_GOODS__2016-03__PPIFGS__to__WPSFD49207,PPI_FINISHED_GOODS,2016-03,PPIFGS,WPSFD49207,adjacent_vintage_bridge,2016-02,2016-03,2005-08-01,0.0012300444337709493,0.0012300444337709493,0.0
3,PPI_FINISHED_GOODS__2016-03__PPIFGS__to__WPSFD49207,PPI_FINISHED_GOODS,2016-03,PPIFGS,WPSFD49207,adjacent_vintage_bridge,2016-02,2016-03,2005-09-01,0.007516190877420392,0.007516190877420392,0.0
3,PPI_FINISHED_GOODS__2016-03__PPIFGS__to__WPSFD49207,PPI_FINISHED_GOODS,2016-03,PPIFGS,WPSFD49207,adjacent_vintage_bridge,2016-02,2016-03,2005-10-01,-0.005219917628569881,-0.005219917628569881,0.0
3,PPI_FINISHED_GOODS__2016-03__PPIFGS__to__WPSFD49207,PPI_FINISHED_GOODS,2016-03,PPIFGS,WPSFD49207,adjacent_vintage_bridge,2016-02,2016-03,2005-11-01,-0.02192670879474168,-0.02192670879474168,0.0
3,PPI_FINISHED_GOODS__2016-03__PPIFGS__to__WPSFD49207,PPI_FINISHED_GOODS,2016-03,PPIFGS,WPSFD49207,adjacent_vintage_bridge,2016-02,2016-03,2005-12-01,0.016933372521052092,0.016933372521052092,0.0
3,PPI_FINISHED_GOODS__2016-03__PPIFGS__to__WPSFD49207,PPI_FINISHED_GOODS,2016-03,PPIFGS,WPSFD49207,adjacent_vintage_bridge,2016-02,2016-03,2006-01-01,-3.1799928983389236e-05,-3.1799928983389236e-05,0.0
3,PPI_FINISHED_GOODS__2016-03__PPIFGS__to__WPSFD49207,PPI_FINISHED_GOODS,2016-03,PPIFGS,WPSFD49207,adjacent_vintage_bridge,2016-02,2016-03,2006-02-01,-0.016901572592068703,-0.016901572592068703,0.0
3,PPI_FINISHED_GOODS__2016-03__PPIFGS__to__WPSFD49207,PPI_FINISHED_GOODS,2016-03,PPIFGS,WPSFD49207,adjacent_vintage_bridge,2016-02,2016-03,2006-03-01,0.015051904421346407,0.015051904421346407,0.0
3,PPI_FINISHED_GOODS__2016-03__PPIFGS__to__WPSFD49207,PPI_FINISHED_GOODS,2016-03,PPIFGS,WPSFD49207,adjacent_vintage_bridge,2016-02,2016-03,2006-04-01,0.004353995213018713,0.004353995213018713,0.0
3,PPI_FINISHED_GOODS__2016-03__PPIFGS__to__WPSFD49207,PPI_FINISHED_GOODS,2016-03,PPIFGS,WPSFD49207,adjacent_vintage_bridge,2016-02,2016-03,2006-05-01,-0.008127584596658188,-0.008127584596658188,0.0
3,PPI_FINISHED_GOODS__2016-03__PPIFGS__to__WPSFD49207,PPI_FINISHED_GOODS,2016-03,PPIFGS,WPSFD49207,adjacent_vintage_bridge,2016-02,2016-03,2006-06-01,0.004968954323187447,0.004968954323187447,0.0
3,PPI_FINISHED_GOODS__2016-03__PPIFGS__to__WPSFD49207,PPI_FINISHED_GOODS,2016-03,PPIFGS,WPSFD49207,adjacent_vintage_bridge,2016-02,2016-03,2006-07-01,-0.007450345174572881,-0.007450345174572881,0.0
3,PPI_FINISHED_GOODS__2016-03__PPIFGS__to__WPSFD49207,PPI_FINISHED_GOODS,2016-03,PPIFGS,WPSFD49207,adjacent_vintage_bridge,2016-02,2016-03,2006-08-01,0.0092904546085526,0.0092904546085526,0.0
3,PPI_FINISHED_GOODS__2016-03__PPIFGS__to__WPSFD49207,PPI_FINISHED_GOODS,2016-03,PPIFGS,WPSFD49207,adjacent_vintage_bridge,2016-02,2016-03,2006-09-01,-0.018599457864538316,-0.018599457864538316,0.0
3,PPI_FINISHED_GOODS__2016-03__PPIFGS__to__WPSFD49207,PPI_FINISHED_GOODS,2016-03,PPIFGS,WPSFD49207,adjacent_vintage_bridge,2016-02,2016-03,2006-10-01,0.0023829870054754565,0.0023829870054754565,0.0
3,PPI_FINISHED_GOODS__2016-03__PPIFGS__to__WPSFD49207,PPI_FINISHED_GOODS,2016-03,PPIFGS,WPSFD49207,adjacent_vintage_bridge,2016-02,2016-03,2006-11-01,0.01756559480335884,0.01756559480335884,0.0
3,PPI_FINISHED_GOODS__2016-03__PPIFGS__to__WPSFD49207,PPI_FINISHED_GOODS,2016-03,PPIFGS,WPSFD49207,adjacent_vintage_bridge,2016-02,2016-03,2006-12-01,-0.001306712752360717,-0.001306712752360717,0.0
3,PPI_FINISHED_GOODS__2016-03__PPIFGS__to__WPSFD49207,PPI_FINISHED_GOODS,2016-03,PPIFGS,WPSFD49207,adjacent_vintage_bridge,2016-02,2016-03,2007-01-01,-0.008093711133693837,-0.008093711133693837,0.0
3,PPI_FINISHED_GOODS__2016-03__PPIFGS__to__WPSFD49207,PPI_FINISHED_GOODS,2016-03,PPIFGS,WPSFD49207,adjacent_vintage_bridge,2016-02,2016-03,2007-02-01,0.012367196411245729,0.012367196411245729,0.0
3,PPI_FINISHED_GOODS__2016-03__PPIFGS__to__WPSFD49207,PPI_FINISHED_GOODS,2016-03,PPIFGS,WPSFD49207,adjacent_vintage_bridge,2016-02,2016-03,2007-03-01,-0.002556976355601037,-0.002556976355601037,0.0
3,PPI_FINISHED_GOODS__2016-03__PPIFGS__to__WPSFD49207,PPI_FINISHED_GOODS,2016-03,PPIFGS,WPSFD49207,adjacent_vintage_bridge,2016-02,2016-03,2007-04-01,-0.0012819771401195723,-0.0012819771401195723,0.0
3,PPI_FINISHED_GOODS__2016-03__PPIFGS__to__WPSFD49207,PPI_FINISHED_GOODS,2016-03,PPIFGS,WPSFD49207,adjacent_vintage_bridge,2016-02,2016-03,2007-05-01,-0.0030602232013690056,-0.0030602232013690056,0.0
3,PPI_FINISHED_GOODS__2016-03__PPIFGS__to__WPSFD49207,PPI_FINISHED_GOODS,2016-03,PPIFGS,WPSFD49207,adjacent_vintage_bridge,2016-02,2016-03,2007-06-01,-0.003623555266859313,-0.003623555266859313,0.0
3,PPI_FINISHED_GOODS__2016-03__PPIFGS__to__WPSFD49207,PPI_FINISHED_GOODS,2016-03,PPIFGS,WPSFD49207,adjacent_vintage_bridge,2016-02,2016-03,2007-07-01,0.005998455768646771,0.005998455768646771,0.0
3,PPI_FINISHED_GOODS__2016-03__PPIFGS__to__WPSFD49207,PPI_FINISHED_GOODS,2016-03,PPIFGS,WPSFD49207,adjacent_vintage_bridge,2016-02,2016-03,2007-08-01,-0.013803596325409728,-0.013803596325409728,0.0
3,PPI_FINISHED_GOODS__2016-03__PPIFGS__to__WPSFD49207,PPI_FINISHED_GOODS,2016-03,PPIFGS,WPSFD49207,adjacent_vintage_bridge,2016-02,2016-03,2007-09-01,0.01679531198549622,0.01679531198549622,0.0
3,PPI_FINISHED_GOODS__2016-03__PPIFGS__to__WPSFD49207,PPI_FINISHED_GOODS,2016-03,PPIFGS,WPSFD49207,adjacent_vintage_bridge,2016-02,2016-03,2007-10-01,0.0004997013996685951,0.0004997013996685951,0.0
3,PPI_FINISHED_GOODS__2016-03__PPIFGS__to__WPSFD49207,PPI_FINISHED_GOODS,2016-03,PPIFGS,WPSFD49207,adjacent_vintage_bridge,2016-02,2016-03,2007-11-01,0.008052967999396365,0.008052967999396365,0.0
3,PPI_FINISHED_GOODS__2016-03__PPIFGS__to__WPSFD49207,PPI_FINISHED_GOODS,2016-03,PPIFGS,WPSFD49207,adjacent_vintage_bridge,2016-02,2016-03,2007-12-01,-0.022213659416666864,-0.022213659416666864,0.0
3,PPI_FINISHED_GOODS__2016-03__PPIFGS__to__WPSFD49207,PPI_FINISHED_GOODS,2016-03,PPIFGS,WPSFD49207,adjacent_vintage_bridge,2016-02,2016-03,2008-01-01,0.013344019144294172,0.013344019144294172,0.0
3,PPI_FINISHED_GOODS__2016-03__PPIFGS__to__WPSFD49207,PPI_FINISHED_GOODS,2016-03,PPIFGS,WPSFD49207,adjacent_vintage_bridge,2016-02,2016-03,2008-02-01,-0.0058192041794544735,-0.0058192041794544735,0.0
3,PPI_FINISHED_GOODS__2016-03__PPIFGS__to__WPSFD49207,PPI_FINISHED_GOODS,2016-03,PPIFGS,WPSFD49207,adjacent_vintage_bridge,2016-02,2016-03,2008-03-01,0.005132433939168735,0.005132433939168735,0.0
3,PPI_FINISHED_GOODS__2016-03__PPIFGS__to__WPSFD49207,PPI_FINISHED_GOODS,2016-03,PPIFGS,WPSFD49207,adjacent_vintage_bridge,2016-02,2016-03,2008-04-01,-0.005742086772415611,-0.005742086772415611,0.0
3,PPI_FINISHED_GOODS__2016-03__PPIFGS__to__WPSFD49207,PPI_FINISHED_GOODS,2016-03,PPIFGS,WPSFD49207,adjacent_vintage_bridge,2016-02,2016-03,2008-05-01,0.011265996596967476,0.011265996596967476,0.0
3,PPI_FINISHED_GOODS__2016-03__PPIFGS__to__WPSFD49207,PPI_FINISHED_GOODS,2016-03,PPIFGS,WPSFD49207,adjacent_vintage_bridge,2016-02,2016-03,2008-06-01,0.0014606050605729948,0.0014606050605729948,0.0
3,PPI_FINISHED_GOODS__2016-03__PPIFGS__to__WPSFD49207,PPI_FINISHED_GOODS,2016-03,PPIFGS,WPSFD49207,adjacent_vintage_bridge,2016-02,2016-03,2008-07-01,-0.0035050072494851037,-0.0035050072494851037,0.0
3,PPI_FINISHED_GOODS__2016-03__PPIFGS__to__WPSFD49207,PPI_FINISHED_GOODS,2016-03,PPIFGS,WPSFD49207,adjacent_vintage_bridge,2016-02,2016-03,2008-08-01,-0.019731038959053926,-0.019731038959053926,0.0
3,PPI_FINISHED_GOODS__2016-03__PPIFGS__to__WPSFD49207,PPI_FINISHED_GOODS,2016-03,PPIFGS,WPSFD49207,adjacent_vintage_bridge,2016-02,2016-03,2008-09-01,0.011501649052735097,0.011501649052735097,0.0
3,PPI_FINISHED_GOODS__2016-03__PPIFGS__to__WPSFD49207,PPI_FINISHED_GOODS,2016-03,PPIFGS,WPSFD49207,adjacent_vintage_bridge,2016-02,2016-03,2008-10-01,-0.02821671482203225,-0.02821671482203225,0.0
3,PPI_FINISHED_GOODS__2016-03__PPIFGS__to__WPSFD49207,PPI_FINISHED_GOODS,2016-03,PPIFGS,WPSFD49207,adjacent_vintage_bridge,2016-02,2016-03,2008-11-01,-0.006376193664983987,-0.006376193664983987,0.0
3,PPI_FINISHED_GOODS__2016-03__PPIFGS__to__WPSFD49207,PPI_FINISHED_GOODS,2016-03,PPIFGS,WPSFD49207,adjacent_vintage_bridge,2016-02,2016-03,2008-12-01,0.01207291173078584,0.01207291173078584,0.0
3,PPI_FINISHED_GOODS__2016-03__PPIFGS__to__WPSFD49207,PPI_FINISHED_GOODS,2016-03,PPIFGS,WPSFD49207,adjacent_vintage_bridge,2016-02,2016-03,2009-01-01,0.025142329563353272,0.025142329563353272,0.0
3,PPI_FINISHED_GOODS__2016-03__PPIFGS__to__WPSFD49207,PPI_FINISHED_GOODS,2016-03,PPIFGS,WPSFD49207,adjacent_vintage_bridge,2016-02,2016-03,2009-02-01,-0.0076327554111799145,-0.0076327554111799145,0.0
3,PPI_FINISHED_GOODS__2016-03__PPIFGS__to__WPSFD49207,PPI_FINISHED_GOODS,2016-03,PPIFGS,WPSFD49207,adjacent_vintage_bridge,2016-02,2016-03,2009-03-01,-0.0076597328561529565,-0.0076597328561529565,0.0
3,PPI_FINISHED_GOODS__2016-03__PPIFGS__to__WPSFD49207,PPI_FINISHED_GOODS,2016-03,PPIFGS,WPSFD49207,adjacent_vintage_bridge,2016-02,2016-03,2009-04-01,0.014139560298771059,0.014139560298771059,0.0
3,PPI_FINISHED_GOODS__2016-03__PPIFGS__to__WPSFD49207,PPI_FINISHED_GOODS,2016-03,PPIFGS,WPSFD49207,adjacent_vintage_bridge,2016-02,2016-03,2009-05-01,-0.003545030527346782,-0.003545030527346782,0.0
3,PPI_FINISHED_GOODS__2016-03__PPIFGS__to__WPSFD49207,PPI_FINISHED_GOODS,2016-03,PPIFGS,WPSFD49207,adjacent_vintage_bridge,2016-02,2016-03,2009-06-01,0.016852861099891037,0.016852861099891037,0.0
3,PPI_FINISHED_GOODS__2016-03__PPIFGS__to__WPSFD49207,PPI_FINISHED_GOODS,2016-03,PPIFGS,WPSFD49207,adjacent_vintage_bridge,2016-02,2016-03,2009-07-01,-0.030210344499190356,-0.030210344499190356,0.0
3,PPI_FINISHED_GOODS__2016-03__PPIFGS__to__WPSFD49207,PPI_FINISHED_GOODS,2016-03,PPIFGS,WPSFD49207,adjacent_vintage_bridge,2016-02,2016-03,2009-08-01,0.025491487535161284,0.025491487535161284,0.0
3,PPI_FINISHED_GOODS__2016-03__PPIFGS__to__WPSFD49207,PPI_FINISHED_GOODS,2016-03,PPIFGS,WPSFD49207,adjacent_vintage_bridge,2016-02,2016-03,2009-09-01,-0.01619997672756579,-0.01619997672756579,0.0
3,PPI_FINISHED_GOODS__2016-03__PPIFGS__to__WPSFD49207,PPI_FINISHED_GOODS,2016-03,PPIFGS,WPSFD49207,adjacent_vintage_bridge,2016-02,2016-03,2009-10-01,0.006903175112384474,0.006903175112384474,0.0
3,PPI_FINISHED_GOODS__2016-03__PPIFGS__to__WPSFD49207,PPI_FINISHED_GOODS,2016-03,PPIFGS,WPSFD49207,adjacent_vintage_bridge,2016-02,2016-03,2009-11-01,0.008508982504823237,0.008508982504823237,0.0
3,PPI_FINISHED_GOODS__2016-03__PPIFGS__to__WPSFD49207,PPI_FINISHED_GOODS,2016-03,PPIFGS,WPSFD49207,adjacent_vintage_bridge,2016-02,2016-03,2009-12-01,-0.010282079024955593,-0.010282079024955593,0.0
3,PPI_FINISHED_GOODS__2016-03__PPIFGS__to__WPSFD49207,PPI_FINISHED_GOODS,2016-03,PPIFGS,WPSFD49207,adjacent_vintage_bridge,2016-02,2016-03,2010-01-01,0.007285189106957191,0.007285189106957191,0.0
3,PPI_FINISHED_GOODS__2016-03__PPIFGS__to__WPSFD49207,PPI_FINISHED_GOODS,2016-03,PPIFGS,WPSFD49207,adjacent_vintage_bridge,2016-02,2016-03,2010-02-01,-0.01684270107995367,-0.01684270107995367,0.0
3,PPI_FINISHED_GOODS__2016-03__PPIFGS__to__WPSFD49207,PPI_FINISHED_GOODS,2016-03,PPIFGS,WPSFD49207,adjacent_vintage_bridge,2016-02,2016-03,2010-03-01,0.013460510708135587,0.013460510708135587,0.0
3,PPI_FINISHED_GOODS__2016-03__PPIFGS__to__WPSFD49207,PPI_FINISHED_GOODS,2016-03,PPIFGS,WPSFD49207,adjacent_vintage_bridge,2016-02,2016-03,2010-04-01,-0.006730255354067793,-0.006730255354067793,0.0
3,PPI_FINISHED_GOODS__2016-03__PPIFGS__to__WPSFD49207,PPI_FINISHED_GOODS,2016-03,PPIFGS,WPSFD49207,adjacent_vintage_bridge,2016-02,2016-03,2010-05-01,0.0,0.0,0.0
3,PPI_FINISHED_GOODS__2016-03__PPIFGS__to__WPSFD49207,PPI_FINISHED_GOODS,2016-03,PPIFGS,WPSFD49207,adjacent_vintage_bridge,2016-02,2016-03,2010-06-01,-0.003359465645578652,-0.003359465645578652,0.0
3,PPI_FINISHED_GOODS__2016-03__PPIFGS__to__WPSFD49207,PPI_FINISHED_GOODS,2016-03,PPIFGS,WPSFD49207,adjacent_vintage_bridge,2016-02,2016-03,2010-07-01,0.004480541996176868,0.004480541996176868,0.0
3,PPI_FINISHED_GOODS__2016-03__PPIFGS__to__WPSFD49207,PPI_FINISHED_GOODS,2016-03,PPIFGS,WPSFD49207,adjacent_vintage_bridge,2016-02,2016-03,2010-08-01,0.003908272054403916,0.004465530358041647,0.000557258303637731
3,PPI_FINISHED_GOODS__2016-03__PPIFGS__to__WPSFD49207,PPI_FINISHED_GOODS,2016-03,PPIFGS,WPSFD49207,adjacent_vintage_bridge,2016-02,2016-03,2010-09-01,-0.0011350458477874525,-0.0022495624550629145,-0.001114516607275462
3,PPI_FINISHED_GOODS__2016-03__PPIFGS__to__WPSFD49207,PPI_FINISHED_GOODS,2016-03,PPIFGS,WPSFD49207,adjacent_vintage_bridge,2016-02,2016-03,2010-10-01,0.004399911428068393,0.004957169731706124,0.000557258303637731
3,PPI_FINISHED_GOODS__2016-03__PPIFGS__to__WPSFD49207,PPI_FINISHED_GOODS,2016-03,PPIFGS,WPSFD49207,adjacent_vintage_bridge,2016-02,2016-03,2010-11-01,-0.003898602512244942,-0.003898602512244942,0.0
3,PPI_FINISHED_GOODS__2016-03__PPIFGS__to__WPSFD49207,PPI_FINISHED_GOODS,2016-03,PPIFGS,WPSFD49207,adjacent_vintage_bridge,2016-02,2016-03,2010-12-01,0.003794442497006223,0.004338068495716385,0.0005436259987101622
3,PPI_FINISHED_GOODS__2016-03__PPIFGS__to__WPSFD49207,PPI_FINISHED_GOODS,2016-03,PPIFGS,WPSFD49207,adjacent_vintage_bridge,2016-02,2016-03,2011-01-01,-6.65324485655816e-05,-0.001153784445985906,-0.0010872519974203243
3,PPI_FINISHED_GOODS__2016-03__PPIFGS__to__WPSFD49207,PPI_FINISHED_GOODS,2016-03,PPIFGS,WPSFD49207,adjacent_vintage_bridge,2016-02,2016-03,2011-02-01,0.002072434796809297,0.0031498211497984485,0.0010773863529891514
3,PPI_FINISHED_GOODS__2016-03__PPIFGS__to__WPSFD49207,PPI_FINISHED_GOODS,2016-03,PPIFGS,WPSFD49207,adjacent_vintage_bridge,2016-02,2016-03,2011-03-01,-0.003279195568973492,-0.0032868327654878016,-7.637196514309608e-06
3,PPI_FINISHED_GOODS__2016-03__PPIFGS__to__WPSFD49207,PPI_FINISHED_GOODS,2016-03,PPIFGS,WPSFD49207,adjacent_vintage_bridge,2016-02,2016-03,2011-04-01,0.001531019162618108,0.0015210569482757563,-9.962214342351672e-06
3,PPI_FINISHED_GOODS__2016-03__PPIFGS__to__WPSFD49207,PPI_FINISHED_GOODS,2016-03,PPIFGS,WPSFD49207,adjacent_vintage_bridge,2016-02,2016-03,2011-05-01,-0.003203929405922068,-0.003728326801410553,-0.0005243973954884851
3,PPI_FINISHED_GOODS__2016-03__PPIFGS__to__WPSFD49207,PPI_FINISHED_GOODS,2016-03,PPIFGS,WPSFD49207,adjacent_vintage_bridge,2016-02,2016-03,2011-06-01,-0.008386859903209753,-0.0088976636604583,-0.0005108037572485458
3,PPI_FINISHED_GOODS__2016-03__PPIFGS__to__WPSFD49207,PPI_FINISHED_GOODS,2016-03,PPIFGS,WPSFD49207,adjacent_vintage_bridge,2016-02,2016-03,2011-07-01,0.006808894623304695,0.007846156129087234,0.0010372615057825385
3,PPI_FINISHED_GOODS__2016-03__PPIFGS__to__WPSFD49207,PPI_FINISHED_GOODS,2016-03,PPIFGS,WPSFD49207,adjacent_vintage_bridge,2016-02,2016-03,2011-08-01,-0.0047119104260850975,-0.006797120813105906,-0.0020852103870208083
3,PPI_FINISHED_GOODS__2016-03__PPIFGS__to__WPSFD49207,PPI_FINISHED_GOODS,2016-03,PPIFGS,WPSFD49207,adjacent_vintage_bridge,2016-02,2016-03,2011-09-01,0.009383749374072714,0.011469545220750277,0.002085795846677563
3,PPI_FINISHED_GOODS__2016-03__PPIFGS__to__WPSFD49207,PPI_FINISHED_GOODS,2016-03,PPIFGS,WPSFD49207,adjacent_vintage_bridge,2016-02,2016-03,2011-10-01,-0.009895761362807676,-0.010933374875056856,-0.0010376135122491803
3,PPI_FINISHED_GOODS__2016-03__PPIFGS__to__WPSFD49207,PPI_FINISHED_GOODS,2016-03,PPIFGS,WPSFD49207,adjacent_vintage_bridge,2016-02,2016-03,2011-11-01,0.0036348811335535913,0.004672225624916315,0.0010373444913627239
3,PPI_FINISHED_GOODS__2016-03__PPIFGS__to__WPSFD49207,PPI_FINISHED_GOODS,2016-03,PPIFGS,WPSFD49207,adjacent_vintage_bridge,2016-02,2016-03,2011-12-01,-0.003114726757258879,-0.0036327261714399484,-0.0005179994141810695
3,PPI_FINISHED_GOODS__2016-03__PPIFGS__to__WPSFD49207,PPI_FINISHED_GOODS,2016-03,PPIFGS,WPSFD49207,adjacent_vintage_bridge,2016-02,2016-03,2012-01-01,0.004148305226811644,0.0041461552853272465,-2.1499414843972886e-06
3,PPI_FINISHED_GOODS__2016-03__PPIFGS__to__WPSFD49207,PPI_FINISHED_GOODS,2016-03,PPIFGS,WPSFD49207,adjacent_vintage_bridge,2016-02,2016-03,2012-02-01,-0.0005257737798585183,-9.63475964343985e-06,0.0005161390202150784
3,PPI_FINISHED_GOODS__2016-03__PPIFGS__to__WPSFD49207,PPI_FINISHED_GOODS,2016-03,PPIFGS,WPSFD49207,adjacent_vintage_bridge,2016-02,2016-03,2012-03-01,-0.0015526567988777273,-0.0025835792195989526,-0.0010309224207212253
3,PPI_FINISHED_GOODS__2016-03__PPIFGS__to__WPSFD49207,PPI_FINISHED_GOODS,2016-03,PPIFGS,WPSFD49207,adjacent_vintage_bridge,2016-02,2016-03,2012-04-01,-0.0030970416144251445,-0.0010311936294442603,0.002065847984980884
3,PPI_FINISHED_GOODS__2016-03__PPIFGS__to__WPSFD49207,PPI_FINISHED_GOODS,2016-03,PPIFGS,WPSFD49207,adjacent_vintage_bridge,2016-02,2016-03,2012-05-01,-0.002077887270746537,-0.005173583257438885,-0.0030956959866923484
3,PPI_FINISHED_GOODS__2016-03__PPIFGS__to__WPSFD49207,PPI_FINISHED_GOODS,2016-03,PPIFGS,WPSFD49207,adjacent_vintage_bridge,2016-02,2016-03,2012-06-01,0.0010244314037066715,0.0020518676702270255,0.001027436266520354
3,PPI_FINISHED_GOODS__2016-03__PPIFGS__to__WPSFD49207,PPI_FINISHED_GOODS,2016-03,PPIFGS,WPSFD49207,adjacent_vintage_bridge,2016-02,2016-03,2012-07-01,0.004678974102904299,0.005197780859028889,0.0005188067561245902
3,PPI_FINISHED_GOODS__2016-03__PPIFGS__to__WPSFD49207,PPI_FINISHED_GOODS,2016-03,PPIFGS,WPSFD49207,adjacent_vintage_bridge,2016-02,2016-03,2012-08-01,0.01032290568945271,0.01032290568945271,0.0
3,PPI_FINISHED_GOODS__2016-03__PPIFGS__to__WPSFD49207,PPI_FINISHED_GOODS,2016-03,PPIFGS,WPSFD49207,adjacent_vintage_bridge,2016-02,2016-03,2012-09-01,-0.0021720788116352807,-0.0021720788116352807,0.0
3,PPI_FINISHED_GOODS__2016-03__PPIFGS__to__WPSFD49207,PPI_FINISHED_GOODS,2016-03,PPIFGS,WPSFD49207,adjacent_vintage_bridge,2016-02,2016-03,2012-10-01,-0.008186517402898552,-0.008694518429825493,-0.0005080010269269408
3,PPI_FINISHED_GOODS__2016-03__PPIFGS__to__WPSFD49207,PPI_FINISHED_GOODS,2016-03,PPIFGS,WPSFD49207,adjacent_vintage_bridge,2016-02,2016-03,2012-11-01,-0.008660384151673028,-0.006111031426829783,0.0025493527248432457
3,PPI_FINISHED_GOODS__2016-03__PPIFGS__to__WPSFD49207,PPI_FINISHED_GOODS,2016-03,PPIFGS,WPSFD49207,adjacent_vintage_bridge,2016-02,2016-03,2012-12-01,0.0061120646768717535,0.0030492640340158417,-0.003062800642855912
3,PPI_FINISHED_GOODS__2016-03__PPIFGS__to__WPSFD49207,PPI_FINISHED_GOODS,2016-03,PPIFGS,WPSFD49207,adjacent_vintage_bridge,2016-02,2016-03,2013-01-01,0.004601362890671368,0.0066403521614599725,0.002038989270788605
3,PPI_FINISHED_GOODS__2016-03__PPIFGS__to__WPSFD49207,PPI_FINISHED_GOODS,2016-03,PPIFGS,WPSFD49207,adjacent_vintage_bridge,2016-02,2016-03,2013-02-01,0.0020187335802734907,0.0004859500724210264,-0.0015327835078524643
3,PPI_FINISHED_GOODS__2016-03__PPIFGS__to__WPSFD49207,PPI_FINISHED_GOODS,2016-03,PPIFGS,WPSFD49207,adjacent_vintage_bridge,2016-02,2016-03,2013-03-01,-0.010683035884531122,-0.010672177643460401,1.085824107072142e-05
3,PPI_FINISHED_GOODS__2016-03__PPIFGS__to__WPSFD49207,PPI_FINISHED_GOODS,2016-03,PPIFGS,WPSFD49207,adjacent_vintage_bridge,2016-02,2016-03,2013-04-01,-0.0020783398677730602,-3.143360489055169e-05,0.0020469062628825085
3,PPI_FINISHED_GOODS__2016-03__PPIFGS__to__WPSFD49207,PPI_FINISHED_GOODS,2016-03,PPIFGS,WPSFD49207,adjacent_vintage_bridge,2016-02,2016-03,2013-05-01,0.014329641648293645,0.011244599004394118,-0.003085042643899527
3,PPI_FINISHED_GOODS__2016-03__PPIFGS__to__WPSFD49207,PPI_FINISHED_GOODS,2016-03,PPIFGS,WPSFD49207,adjacent_vintage_bridge,2016-02,2016-03,2013-06-01,-0.005636158106081979,-0.005112745351044445,0.0005234127550375334
3,PPI_FINISHED_GOODS__2016-03__PPIFGS__to__WPSFD49207,PPI_FINISHED_GOODS,2016-03,PPIFGS,WPSFD49207,adjacent_vintage_bridge,2016-02,2016-03,2013-07-01,-0.0015286627180648438,-0.0010191083023052272,0.0005095544157596166
3,PPI_FINISHED_GOODS__2016-03__PPIFGS__to__WPSFD49207,PPI_FINISHED_GOODS,2016-03,PPIFGS,WPSFD49207,adjacent_vintage_bridge,2016-02,2016-03,2013-08-01,0.003050332817623236,0.00457873575787815,0.0015284029402549137
3,PPI_FINISHED_GOODS__2016-03__PPIFGS__to__WPSFD49207,PPI_FINISHED_GOODS,2016-03,PPIFGS,WPSFD49207,adjacent_vintage_bridge,2016-02,2016-03,2013-09-01,-0.003050332817623236,-0.004576924699634333,-0.0015265918820110969
3,PPI_FINISHED_GOODS__2016-03__PPIFGS__to__WPSFD49207,PPI_FINISHED_GOODS,2016-03,PPIFGS,WPSFD49207,adjacent_vintage_bridge,2016-02,2016-03,2013-10-01,0.002028398261392894,0.002030199616363859,1.8013549709650079e-06
3,PPI_FINISHED_GOODS__2016-03__PPIFGS__to__WPSFD49207,PPI_FINISHED_GOODS,2016-03,PPIFGS,WPSFD49207,adjacent_vintage_bridge,2016-02,2016-03,2013-11-01,-0.0035493111021001056,-0.000508771692608434,0.0030405394094916716
3,PPI_FINISHED_GOODS__2016-03__PPIFGS__to__WPSFD49207,PPI_FINISHED_GOODS,2016-03,PPIFGS,WPSFD49207,adjacent_vintage_bridge,2016-02,2016-03,2013-12-01,0.007086320577920802,0.00403938302054474,-0.0030469375573760615
3,PPI_FINISHED_GOODS__2016-03__PPIFGS__to__WPSFD49207,PPI_FINISHED_GOODS,2016-03,PPIFGS,WPSFD49207,adjacent_vintage_bridge,2016-02,2016-03,2014-01-01,-3.08024143524932e-05,0.001477977719605228,0.0015087801339577211
3,PPI_FINISHED_GOODS__2016-03__PPIFGS__to__WPSFD49207,PPI_FINISHED_GOODS,2016-03,PPIFGS,WPSFD49207,adjacent_vintage_bridge,2016-02,2016-03,2014-02-01,-0.004531596211691635,-0.005530044486411256,-0.000998448274719621
3,PPI_FINISHED_GOODS__2016-03__PPIFGS__to__WPSFD49207,PPI_FINISHED_GOODS,2016-03,PPIFGS,WPSFD49207,adjacent_vintage_bridge,2016-02,2016-03,2014-03-01,0.0015001211069485265,-0.0005008760429037196,-0.002000997149852246
3,PPI_FINISHED_GOODS__2016-03__PPIFGS__to__WPSFD49207,PPI_FINISHED_GOODS,2016-03,PPIFGS,WPSFD49207,adjacent_vintage_bridge,2016-02,2016-03,2014-04-01,0.001488891051419472,0.005481946635866208,0.003993055584446736
3,PPI_FINISHED_GOODS__2016-03__PPIFGS__to__WPSFD49207,PPI_FINISHED_GOODS,2016-03,PPIFGS,WPSFD49207,adjacent_vintage_bridge,2016-02,2016-03,2014-05-01,-0.0024991123085049693,-0.005982071677547829,-0.0034829593690428595
3,PPI_FINISHED_GOODS__2016-03__PPIFGS__to__WPSFD49207,PPI_FINISHED_GOODS,2016-03,PPIFGS,WPSFD49207,adjacent_vintage_bridge,2016-02,2016-03,2014-06-01,0.0024773195791532032,0.001986097971629519,-0.0004912216075236842
3,PPI_FINISHED_GOODS__2016-03__PPIFGS__to__WPSFD49207,PPI_FINISHED_GOODS,2016-03,PPIFGS,WPSFD49207,adjacent_vintage_bridge,2016-02,2016-03,2014-07-01,-0.004465645939468743,-0.001986097971629519,0.002479547967839224
3,PPI_FINISHED_GOODS__2016-03__PPIFGS__to__WPSFD49207,PPI_FINISHED_GOODS,2016-03,PPIFGS,WPSFD49207,adjacent_vintage_bridge,2016-02,2016-03,2014-08-01,-0.000992309133487801,-0.0009925559127514916,-2.4677926369065517e-07
3,PPI_FINISHED_GOODS__2016-03__PPIFGS__to__WPSFD49207,PPI_FINISHED_GOODS,2016-03,PPIFGS,WPSFD49207,adjacent_vintage_bridge,2016-02,2016-03,2014-09-01,0.0004946777917789191,-9.86146126535914e-07,-0.000495663937905455
3,PPI_FINISHED_GOODS__2016-03__PPIFGS__to__WPSFD49207,PPI_FINISHED_GOODS,2016-03,PPIFGS,WPSFD49207,adjacent_vintage_bridge,2016-02,2016-03,2014-10-01,-0.001493896087180424,-0.001993020638870746,-0.000499124551690322
3,PPI_FINISHED_GOODS__2016-03__PPIFGS__to__WPSFD49207,PPI_FINISHED_GOODS,2016-03,PPIFGS,WPSFD49207,adjacent_vintage_bridge,2016-02,2016-03,2014-11-01,-0.005513097838903747,-0.00251207650016827,0.0030010213387354767
3,PPI_FINISHED_GOODS__2016-03__PPIFGS__to__WPSFD49207,PPI_FINISHED_GOODS,2016-03,PPIFGS,WPSFD49207,adjacent_vintage_bridge,2016-02,2016-03,2014-12-01,-0.00462957708840861,-0.007619611486921585,-0.002990034398512975
3,PPI_FINISHED_GOODS__2016-03__PPIFGS__to__WPSFD49207,PPI_FINISHED_GOODS,2016-03,PPIFGS,WPSFD49207,adjacent_vintage_bridge,2016-02,2016-03,2015-01-01,-0.006878185727845043,-0.0053343487459560635,0.0015438369818889797
3,PPI_FINISHED_GOODS__2016-03__PPIFGS__to__WPSFD49207,PPI_FINISHED_GOODS,2016-03,PPIFGS,WPSFD49207,adjacent_vintage_bridge,2016-02,2016-03,2015-02-01,0.020026074476532152,0.01845259943079469,-0.0015734750457374602
3,PPI_FINISHED_GOODS__2016-03__PPIFGS__to__WPSFD49207,PPI_FINISHED_GOODS,2016-03,PPIFGS,WPSFD49207,adjacent_vintage_bridge,2016-02,2016-03,2015-03-01,0.0010349283161970035,0.0005171968049086928,-0.0005177315112883107
3,PPI_FINISHED_GOODS__2016-03__PPIFGS__to__WPSFD49207,PPI_FINISHED_GOODS,2016-03,PPIFGS,WPSFD49207,adjacent_vintage_bridge,2016-02,2016-03,2015-04-01,-0.007260086987492365,-0.004143204403781908,0.0031168825837104563
3,PPI_FINISHED_GOODS__2016-03__PPIFGS__to__WPSFD49207,PPI_FINISHED_GOODS,2016-03,PPIFGS,WPSFD49207,adjacent_vintage_bridge,2016-02,2016-03,2015-05-01,0.022219132750583626,0.018051811603973178,-0.004167321146610448
3,PPI_FINISHED_GOODS__2016-03__PPIFGS__to__WPSFD49207,PPI_FINISHED_GOODS,2016-03,PPIFGS,WPSFD49207,adjacent_vintage_bridge,2016-02,2016-03,2015-06-01,-0.00937299806302061,-0.00932375212120462,4.9245941815989625e-05
3,PPI_FINISHED_GOODS__2016-03__PPIFGS__to__WPSFD49207,PPI_FINISHED_GOODS,2016-03,PPIFGS,WPSFD49207,adjacent_vintage_bridge,2016-02,2016-03,2015-07-01,-0.00917383370725755,-0.007649823962694313,0.0015240097445632372
3,PPI_FINISHED_GOODS__2016-03__PPIFGS__to__WPSFD49207,PPI_FINISHED_GOODS,2016-03,PPIFGS,WPSFD49207,adjacent_vintage_bridge,2016-02,2016-03,2015-08-01,-0.0030700676138950556,-0.001542213172725404,0.0015278544411696515
3,PPI_FINISHED_GOODS__2016-03__PPIFGS__to__WPSFD49207,PPI_FINISHED_GOODS,2016-03,PPIFGS,WPSFD49207,adjacent_vintage_bridge,2016-02,2016-03,2015-09-01,-0.0067358938625314835,-0.007244499822582462,-0.0005086059600509785
3,PPI_FINISHED_GOODS__2016-03__PPIFGS__to__WPSFD49207,PPI_FINISHED_GOODS,2016-03,PPIFGS,WPSFD49207,adjacent_vintage_bridge,2016-02,2016-03,2015-10-01,0.008728514467584603,0.008740449897060465,1.1935429475862236e-05
3,PPI_FINISHED_GOODS__2016-03__PPIFGS__to__WPSFD49207,PPI_FINISHED_GOODS,2016-03,PPIFGS,WPSFD49207,adjacent_vintage_bridge,2016-02,2016-03,2015-11-01,0.004150457399110685,0.005706070883675807,0.0015556134845651215
3,PPI_FINISHED_GOODS__2016-03__PPIFGS__to__WPSFD49207,PPI_FINISHED_GOODS,2016-03,PPIFGS,WPSFD49207,adjacent_vintage_bridge,2016-02,2016-03,2015-12-01,-0.008852996495501309,-0.010910359604338282,-0.0020573631088369737
4,PPI_PROCESSED_INTERMEDIATE_GOODS__2016-03__PPIITM__to__WPSID61,PPI_PROCESSED_INTERMEDIATE_GOODS,2016-03,PPIITM,WPSID61,adjacent_vintage_bridge,2016-02,2016-03,1959-03-01,-0.0032626456348161526,-0.0032626456348161526,0.0
4,PPI_PROCESSED_INTERMEDIATE_GOODS__2016-03__PPIITM__to__WPSID61,PPI_PROCESSED_INTERMEDIATE_GOODS,2016-03,PPIITM,WPSID61,adjacent_vintage_bridge,2016-02,2016-03,1959-04-01,0.0,0.0,0.0
4,PPI_PROCESSED_INTERMEDIATE_GOODS__2016-03__PPIITM__to__WPSID61,PPI_PROCESSED_INTERMEDIATE_GOODS,2016-03,PPIITM,WPSID61,adjacent_vintage_bridge,2016-02,2016-03,1959-05-01,0.006493529310548141,0.006493529310548141,0.0
4,PPI_PROCESSED_INTERMEDIATE_GOODS__2016-03__PPIITM__to__WPSID61,PPI_PROCESSED_INTERMEDIATE_GOODS,2016-03,PPIITM,WPSID61,adjacent_vintage_bridge,2016-02,2016-03,1959-06-01,-0.006493529310548141,-0.006493529310548141,0.0
4,PPI_PROCESSED_INTERMEDIATE_GOODS__2016-03__PPIITM__to__WPSID61,PPI_PROCESSED_INTERMEDIATE_GOODS,2016-03,PPIITM,WPSID61,adjacent_vintage_bridge,2016-02,2016-03,1959-07-01,-0.003241493924170502,-0.003241493924170502,0.0
4,PPI_PROCESSED_INTERMEDIATE_GOODS__2016-03__PPIITM__to__WPSID61,PPI_PROCESSED_INTERMEDIATE_GOODS,2016-03,PPIITM,WPSID61,adjacent_vintage_bridge,2016-02,2016-03,1959-08-01,0.003241493924170502,0.003241493924170502,0.0
4,PPI_PROCESSED_INTERMEDIATE_GOODS__2016-03__PPIITM__to__WPSID61,PPI_PROCESSED_INTERMEDIATE_GOODS,2016-03,PPIITM,WPSID61,adjacent_vintage_bridge,2016-02,2016-03,1959-09-01,0.0,0.0,0.0
4,PPI_PROCESSED_INTERMEDIATE_GOODS__2016-03__PPIITM__to__WPSID61,PPI_PROCESSED_INTERMEDIATE_GOODS,2016-03,PPIITM,WPSID61,adjacent_vintage_bridge,2016-02,2016-03,1959-10-01,0.0,0.0,0.0
4,PPI_PROCESSED_INTERMEDIATE_GOODS__2016-03__PPIITM__to__WPSID61,PPI_PROCESSED_INTERMEDIATE_GOODS,2016-03,PPIITM,WPSID61,adjacent_vintage_bridge,2016-02,2016-03,1959-11-01,0.003241493924170502,0.003241493924170502,0.0
4,PPI_PROCESSED_INTERMEDIATE_GOODS__2016-03__PPIITM__to__WPSID61,PPI_PROCESSED_INTERMEDIATE_GOODS,2016-03,PPIITM,WPSID61,adjacent_vintage_bridge,2016-02,2016-03,1959-12-01,-0.003241493924170502,-0.003241493924170502,0.0
4,PPI_PROCESSED_INTERMEDIATE_GOODS__2016-03__PPIITM__to__WPSID61,PPI_PROCESSED_INTERMEDIATE_GOODS,2016-03,PPIITM,WPSID61,adjacent_vintage_bridge,2016-02,2016-03,1960-01-01,-0.003241493924170502,-0.003241493924170502,0.0
4,PPI_PROCESSED_INTERMEDIATE_GOODS__2016-03__PPIITM__to__WPSID61,PPI_PROCESSED_INTERMEDIATE_GOODS,2016-03,PPIITM,WPSID61,adjacent_vintage_bridge,2016-02,2016-03,1960-02-01,0.006482987848341004,0.006482987848341004,0.0
4,PPI_PROCESSED_INTERMEDIATE_GOODS__2016-03__PPIITM__to__WPSID61,PPI_PROCESSED_INTERMEDIATE_GOODS,2016-03,PPIITM,WPSID61,adjacent_vintage_bridge,2016-02,2016-03,1960-03-01,-0.003241493924170502,-0.003241493924170502,0.0
4,PPI_PROCESSED_INTERMEDIATE_GOODS__2016-03__PPIITM__to__WPSID61,PPI_PROCESSED_INTERMEDIATE_GOODS,2016-03,PPIITM,WPSID61,adjacent_vintage_bridge,2016-02,2016-03,1960-04-01,-0.003241493924170502,-0.003241493924170502,0.0
4,PPI_PROCESSED_INTERMEDIATE_GOODS__2016-03__PPIITM__to__WPSID61,PPI_PROCESSED_INTERMEDIATE_GOODS,2016-03,PPIITM,WPSID61,adjacent_vintage_bridge,2016-02,2016-03,1960-05-01,0.003241493924170502,0.003241493924170502,0.0
4,PPI_PROCESSED_INTERMEDIATE_GOODS__2016-03__PPIITM__to__WPSID61,PPI_PROCESSED_INTERMEDIATE_GOODS,2016-03,PPIITM,WPSID61,adjacent_vintage_bridge,2016-02,2016-03,1960-06-01,0.003241493924170502,0.003241493924170502,0.0
4,PPI_PROCESSED_INTERMEDIATE_GOODS__2016-03__PPIITM__to__WPSID61,PPI_PROCESSED_INTERMEDIATE_GOODS,2016-03,PPIITM,WPSID61,adjacent_vintage_bridge,2016-02,2016-03,1960-07-01,-0.006482987848341004,-0.006482987848341004,0.0
4,PPI_PROCESSED_INTERMEDIATE_GOODS__2016-03__PPIITM__to__WPSID61,PPI_PROCESSED_INTERMEDIATE_GOODS,2016-03,PPIITM,WPSID61,adjacent_vintage_bridge,2016-02,2016-03,1960-08-01,0.003241493924170502,0.003241493924170502,0.0
4,PPI_PROCESSED_INTERMEDIATE_GOODS__2016-03__PPIITM__to__WPSID61,PPI_PROCESSED_INTERMEDIATE_GOODS,2016-03,PPIITM,WPSID61,adjacent_vintage_bridge,2016-02,2016-03,1960-09-01,0.0,0.0,0.0
4,PPI_PROCESSED_INTERMEDIATE_GOODS__2016-03__PPIITM__to__WPSID61,PPI_PROCESSED_INTERMEDIATE_GOODS,2016-03,PPIITM,WPSID61,adjacent_vintage_bridge,2016-02,2016-03,1960-10-01,0.0,0.0,0.0
4,PPI_PROCESSED_INTERMEDIATE_GOODS__2016-03__PPIITM__to__WPSID61,PPI_PROCESSED_INTERMEDIATE_GOODS,2016-03,PPIITM,WPSID61,adjacent_vintage_bridge,2016-02,2016-03,1960-11-01,-0.0032520353863776386,-0.0032520353863776386,0.0
4,PPI_PROCESSED_INTERMEDIATE_GOODS__2016-03__PPIITM__to__WPSID61,PPI_PROCESSED_INTERMEDIATE_GOODS,2016-03,PPIITM,WPSID61,adjacent_vintage_bridge,2016-02,2016-03,1960-12-01,0.0032520353863776386,0.0032520353863776386,0.0
4,PPI_PROCESSED_INTERMEDIATE_GOODS__2016-03__PPIITM__to__WPSID61,PPI_PROCESSED_INTERMEDIATE_GOODS,2016-03,PPIITM,WPSID61,adjacent_vintage_bridge,2016-02,2016-03,1961-01-01,-0.0032626456348161526,-0.0032626456348161526,0.0
4,PPI_PROCESSED_INTERMEDIATE_GOODS__2016-03__PPIITM__to__WPSID61,PPI_PROCESSED_INTERMEDIATE_GOODS,2016-03,PPIITM,WPSID61,adjacent_vintage_bridge,2016-02,2016-03,1961-02-01,0.006525291269632305,0.006525291269632305,0.0
4,PPI_PROCESSED_INTERMEDIATE_GOODS__2016-03__PPIITM__to__WPSID61,PPI_PROCESSED_INTERMEDIATE_GOODS,2016-03,PPIITM,WPSID61,adjacent_vintage_bridge,2016-02,2016-03,1961-03-01,-1.0610248438513992e-05,-1.0610248438513992e-05,0.0
4,PPI_PROCESSED_INTERMEDIATE_GOODS__2016-03__PPIITM__to__WPSID61,PPI_PROCESSED_INTERMEDIATE_GOODS,2016-03,PPIITM,WPSID61,adjacent_vintage_bridge,2016-02,2016-03,1961-04-01,-0.006504070772755277,-0.006504070772755277,0.0
4,PPI_PROCESSED_INTERMEDIATE_GOODS__2016-03__PPIITM__to__WPSID61,PPI_PROCESSED_INTERMEDIATE_GOODS,2016-03,PPIITM,WPSID61,adjacent_vintage_bridge,2016-02,2016-03,1961-05-01,-1.0610248438513992e-05,-1.0610248438513992e-05,0.0
4,PPI_PROCESSED_INTERMEDIATE_GOODS__2016-03__PPIITM__to__WPSID61,PPI_PROCESSED_INTERMEDIATE_GOODS,2016-03,PPIITM,WPSID61,adjacent_vintage_bridge,2016-02,2016-03,1961-06-01,-1.0679710153116417e-05,-1.0679710153116417e-05,0.0
4,PPI_PROCESSED_INTERMEDIATE_GOODS__2016-03__PPIITM__to__WPSID61,PPI_PROCESSED_INTERMEDIATE_GOODS,2016-03,PPIITM,WPSID61,adjacent_vintage_bridge,2016-02,2016-03,1961-07-01,0.003273325344969269,0.003273325344969269,0.0
4,PPI_PROCESSED_INTERMEDIATE_GOODS__2016-03__PPIITM__to__WPSID61,PPI_PROCESSED_INTERMEDIATE_GOODS,2016-03,PPIITM,WPSID61,adjacent_vintage_bridge,2016-02,2016-03,1961-08-01,0.0,0.0,0.0
4,PPI_PROCESSED_INTERMEDIATE_GOODS__2016-03__PPIITM__to__WPSID61,PPI_PROCESSED_INTERMEDIATE_GOODS,2016-03,PPIITM,WPSID61,adjacent_vintage_bridge,2016-02,2016-03,1961-09-01,0.0,0.0,0.0
4,PPI_PROCESSED_INTERMEDIATE_GOODS__2016-03__PPIITM__to__WPSID61,PPI_PROCESSED_INTERMEDIATE_GOODS,2016-03,PPIITM,WPSID61,adjacent_vintage_bridge,2016-02,2016-03,1961-10-01,-0.0032840752011900065,-0.0032840752011900065,0.0
4,PPI_PROCESSED_INTERMEDIATE_GOODS__2016-03__PPIITM__to__WPSID61,PPI_PROCESSED_INTERMEDIATE_GOODS,2016-03,PPIITM,WPSID61,adjacent_vintage_bridge,2016-02,2016-03,1961-11-01,0.006568150402380013,0.006568150402380013,0.0
4,PPI_PROCESSED_INTERMEDIATE_GOODS__2016-03__PPIITM__to__WPSID61,PPI_PROCESSED_INTERMEDIATE_GOODS,2016-03,PPIITM,WPSID61,adjacent_vintage_bridge,2016-02,2016-03,1961-12-01,-1.0749856220737541e-05,-1.0749856220737541e-05,0.0
4,PPI_PROCESSED_INTERMEDIATE_GOODS__2016-03__PPIITM__to__WPSID61,PPI_PROCESSED_INTERMEDIATE_GOODS,2016-03,PPIITM,WPSID61,adjacent_vintage_bridge,2016-02,2016-03,1962-01-01,-0.006546650689938538,-0.006546650689938538,0.0
4,PPI_PROCESSED_INTERMEDIATE_GOODS__2016-03__PPIITM__to__WPSID61,PPI_PROCESSED_INTERMEDIATE_GOODS,2016-03,PPIITM,WPSID61,adjacent_vintage_bridge,2016-02,2016-03,1962-02-01,0.006546650689938538,0.006546650689938538,0.0
4,PPI_PROCESSED_INTERMEDIATE_GOODS__2016-03__PPIITM__to__WPSID61,PPI_PROCESSED_INTERMEDIATE_GOODS,2016-03,PPIITM,WPSID61,adjacent_vintage_bridge,2016-02,2016-03,1962-03-01,-0.003273325344969269,-0.003273325344969269,0.0
4,PPI_PROCESSED_INTERMEDIATE_GOODS__2016-03__PPIITM__to__WPSID61,PPI_PROCESSED_INTERMEDIATE_GOODS,2016-03,PPIITM,WPSID61,adjacent_vintage_bridge,2016-02,2016-03,1962-04-01,0.0,0.0,0.0
4,PPI_PROCESSED_INTERMEDIATE_GOODS__2016-03__PPIITM__to__WPSID61,PPI_PROCESSED_INTERMEDIATE_GOODS,2016-03,PPIITM,WPSID61,adjacent_vintage_bridge,2016-02,2016-03,1962-05-01,0.0,0.0,0.0
4,PPI_PROCESSED_INTERMEDIATE_GOODS__2016-03__PPIITM__to__WPSID61,PPI_PROCESSED_INTERMEDIATE_GOODS,2016-03,PPIITM,WPSID61,adjacent_vintage_bridge,2016-02,2016-03,1962-06-01,0.0,0.0,0.0
4,PPI_PROCESSED_INTERMEDIATE_GOODS__2016-03__PPIITM__to__WPSID61,PPI_PROCESSED_INTERMEDIATE_GOODS,2016-03,PPIITM,WPSID61,adjacent_vintage_bridge,2016-02,2016-03,1962-07-01,0.0,0.0,0.0
4,PPI_PROCESSED_INTERMEDIATE_GOODS__2016-03__PPIITM__to__WPSID61,PPI_PROCESSED_INTERMEDIATE_GOODS,2016-03,PPIITM,WPSID61,adjacent_vintage_bridge,2016-02,2016-03,1962-08-01,0.0,0.0,0.0
4,PPI_PROCESSED_INTERMEDIATE_GOODS__2016-03__PPIITM__to__WPSID61,PPI_PROCESSED_INTERMEDIATE_GOODS,2016-03,PPIITM,WPSID61,adjacent_vintage_bridge,2016-02,2016-03,1962-09-01,0.0,0.0,0.0
4,PPI_PROCESSED_INTERMEDIATE_GOODS__2016-03__PPIITM__to__WPSID61,PPI_PROCESSED_INTERMEDIATE_GOODS,2016-03,PPIITM,WPSID61,adjacent_vintage_bridge,2016-02,2016-03,1962-10-01,-0.003273325344969269,-0.003273325344969269,0.0
4,PPI_PROCESSED_INTERMEDIATE_GOODS__2016-03__PPIITM__to__WPSID61,PPI_PROCESSED_INTERMEDIATE_GOODS,2016-03,PPIITM,WPSID61,adjacent_vintage_bridge,2016-02,2016-03,1962-11-01,0.003273325344969269,0.003273325344969269,0.0
4,PPI_PROCESSED_INTERMEDIATE_GOODS__2016-03__PPIITM__to__WPSID61,PPI_PROCESSED_INTERMEDIATE_GOODS,2016-03,PPIITM,WPSID61,adjacent_vintage_bridge,2016-02,2016-03,1962-12-01,0.0,0.0,0.0
4,PPI_PROCESSED_INTERMEDIATE_GOODS__2016-03__PPIITM__to__WPSID61,PPI_PROCESSED_INTERMEDIATE_GOODS,2016-03,PPIITM,WPSID61,adjacent_vintage_bridge,2016-02,2016-03,1963-01-01,0.0,0.0,0.0
4,PPI_PROCESSED_INTERMEDIATE_GOODS__2016-03__PPIITM__to__WPSID61,PPI_PROCESSED_INTERMEDIATE_GOODS,2016-03,PPIITM,WPSID61,adjacent_vintage_bridge,2016-02,2016-03,1963-02-01,0.0,0.0,0.0
4,PPI_PROCESSED_INTERMEDIATE_GOODS__2016-03__PPIITM__to__WPSID61,PPI_PROCESSED_INTERMEDIATE_GOODS,2016-03,PPIITM,WPSID61,adjacent_vintage_bridge,2016-02,2016-03,1963-03-01,0.0,0.0,0.0
4,PPI_PROCESSED_INTERMEDIATE_GOODS__2016-03__PPIITM__to__WPSID61,PPI_PROCESSED_INTERMEDIATE_GOODS,2016-03,PPIITM,WPSID61,adjacent_vintage_bridge,2016-02,2016-03,1963-04-01,0.0,0.0,0.0
4,PPI_PROCESSED_INTERMEDIATE_GOODS__2016-03__PPIITM__to__WPSID61,PPI_PROCESSED_INTERMEDIATE_GOODS,2016-03,PPIITM,WPSID61,adjacent_vintage_bridge,2016-02,2016-03,1963-05-01,0.0065359709797854215,0.0065359709797854215,0.0
4,PPI_PROCESSED_INTERMEDIATE_GOODS__2016-03__PPIITM__to__WPSID61,PPI_PROCESSED_INTERMEDIATE_GOODS,2016-03,PPIITM,WPSID61,adjacent_vintage_bridge,2016-02,2016-03,1963-06-01,-0.0065359709797854215,-0.0065359709797854215,0.0
4,PPI_PROCESSED_INTERMEDIATE_GOODS__2016-03__PPIITM__to__WPSID61,PPI_PROCESSED_INTERMEDIATE_GOODS,2016-03,PPIITM,WPSID61,adjacent_vintage_bridge,2016-02,2016-03,1963-07-01,0.0,0.0,0.0
4,PPI_PROCESSED_INTERMEDIATE_GOODS__2016-03__PPIITM__to__WPSID61,PPI_PROCESSED_INTERMEDIATE_GOODS,2016-03,PPIITM,WPSID61,adjacent_vintage_bridge,2016-02,2016-03,1963-08-01,0.0,0.0,0.0
4,PPI_PROCESSED_INTERMEDIATE_GOODS__2016-03__PPIITM__to__WPSID61,PPI_PROCESSED_INTERMEDIATE_GOODS,2016-03,PPIITM,WPSID61,adjacent_vintage_bridge,2016-02,2016-03,1963-09-01,0.0,0.0,0.0
4,PPI_PROCESSED_INTERMEDIATE_GOODS__2016-03__PPIITM__to__WPSID61,PPI_PROCESSED_INTERMEDIATE_GOODS,2016-03,PPIITM,WPSID61,adjacent_vintage_bridge,2016-02,2016-03,1963-10-01,0.0032520353863776386,0.0032520353863776386,0.0
4,PPI_PROCESSED_INTERMEDIATE_GOODS__2016-03__PPIITM__to__WPSID61,PPI_PROCESSED_INTERMEDIATE_GOODS,2016-03,PPIITM,WPSID61,adjacent_vintage_bridge,2016-02,2016-03,1963-11-01,-0.0032520353863776386,-0.0032520353863776386,0.0
4,PPI_PROCESSED_INTERMEDIATE_GOODS__2016-03__PPIITM__to__WPSID61,PPI_PROCESSED_INTERMEDIATE_GOODS,2016-03,PPIITM,WPSID61,adjacent_vintage_bridge,2016-02,2016-03,1963-12-01,0.0,0.0,0.0
4,PPI_PROCESSED_INTERMEDIATE_GOODS__2016-03__PPIITM__to__WPSID61,PPI_PROCESSED_INTERMEDIATE_GOODS,2016-03,PPIITM,WPSID61,adjacent_vintage_bridge,2016-02,2016-03,1964-01-01,0.0,0.0,0.0
4,PPI_PROCESSED_INTERMEDIATE_GOODS__2016-03__PPIITM__to__WPSID61,PPI_PROCESSED_INTERMEDIATE_GOODS,2016-03,PPIITM,WPSID61,adjacent_vintage_bridge,2016-02,2016-03,1964-02-01,0.0,0.0,0.0
4,PPI_PROCESSED_INTERMEDIATE_GOODS__2016-03__PPIITM__to__WPSID61,PPI_PROCESSED_INTERMEDIATE_GOODS,2016-03,PPIITM,WPSID61,adjacent_vintage_bridge,2016-02,2016-03,1964-03-01,0.0,0.0,0.0
4,PPI_PROCESSED_INTERMEDIATE_GOODS__2016-03__PPIITM__to__WPSID61,PPI_PROCESSED_INTERMEDIATE_GOODS,2016-03,PPIITM,WPSID61,adjacent_vintage_bridge,2016-02,2016-03,1964-04-01,0.0,0.0,0.0
4,PPI_PROCESSED_INTERMEDIATE_GOODS__2016-03__PPIITM__to__WPSID61,PPI_PROCESSED_INTERMEDIATE_GOODS,2016-03,PPIITM,WPSID61,adjacent_vintage_bridge,2016-02,2016-03,1964-05-01,-0.0032520353863776386,-0.0032520353863776386,0.0
4,PPI_PROCESSED_INTERMEDIATE_GOODS__2016-03__PPIITM__to__WPSID61,PPI_PROCESSED_INTERMEDIATE_GOODS,2016-03,PPIITM,WPSID61,adjacent_vintage_bridge,2016-02,2016-03,1964-06-01,-1.0610248438513992e-05,-1.0610248438513992e-05,0.0
4,PPI_PROCESSED_INTERMEDIATE_GOODS__2016-03__PPIITM__to__WPSID61,PPI_PROCESSED_INTERMEDIATE_GOODS,2016-03,PPIITM,WPSID61,adjacent_vintage_bridge,2016-02,2016-03,1964-07-01,0.006525291269632305,0.006525291269632305,0.0
4,PPI_PROCESSED_INTERMEDIATE_GOODS__2016-03__PPIITM__to__WPSID61,PPI_PROCESSED_INTERMEDIATE_GOODS,2016-03,PPIITM,WPSID61,adjacent_vintage_bridge,2016-02,2016-03,1964-08-01,-0.006525291269632305,-0.006525291269632305,0.0
4,PPI_PROCESSED_INTERMEDIATE_GOODS__2016-03__PPIITM__to__WPSID61,PPI_PROCESSED_INTERMEDIATE_GOODS,2016-03,PPIITM,WPSID61,adjacent_vintage_bridge,2016-02,2016-03,1964-09-01,0.006525291269632305,0.006525291269632305,0.0
4,PPI_PROCESSED_INTERMEDIATE_GOODS__2016-03__PPIITM__to__WPSID61,PPI_PROCESSED_INTERMEDIATE_GOODS,2016-03,PPIITM,WPSID61,adjacent_vintage_bridge,2016-02,2016-03,1964-10-01,-1.0610248438513992e-05,-1.0610248438513992e-05,0.0
4,PPI_PROCESSED_INTERMEDIATE_GOODS__2016-03__PPIITM__to__WPSID61,PPI_PROCESSED_INTERMEDIATE_GOODS,2016-03,PPIITM,WPSID61,adjacent_vintage_bridge,2016-02,2016-03,1964-11-01,-0.0032520353863776386,-0.0032520353863776386,0.0
4,PPI_PROCESSED_INTERMEDIATE_GOODS__2016-03__PPIITM__to__WPSID61,PPI_PROCESSED_INTERMEDIATE_GOODS,2016-03,PPIITM,WPSID61,adjacent_vintage_bridge,2016-02,2016-03,1964-12-01,0.003241493924170502,0.003241493924170502,0.0
4,PPI_PROCESSED_INTERMEDIATE_GOODS__2016-03__PPIITM__to__WPSID61,PPI_PROCESSED_INTERMEDIATE_GOODS,2016-03,PPIITM,WPSID61,adjacent_vintage_bridge,2016-02,2016-03,1965-01-01,-0.003241493924170502,-0.003241493924170502,0.0
4,PPI_PROCESSED_INTERMEDIATE_GOODS__2016-03__PPIITM__to__WPSID61,PPI_PROCESSED_INTERMEDIATE_GOODS,2016-03,PPIITM,WPSID61,adjacent_vintage_bridge,2016-02,2016-03,1965-02-01,0.0,0.0,0.0
4,PPI_PROCESSED_INTERMEDIATE_GOODS__2016-03__PPIITM__to__WPSID61,PPI_PROCESSED_INTERMEDIATE_GOODS,2016-03,PPIITM,WPSID61,adjacent_vintage_bridge,2016-02,2016-03,1965-03-01,0.003231020581446753,0.003231020581446753,0.0
4,PPI_PROCESSED_INTERMEDIATE_GOODS__2016-03__PPIITM__to__WPSID61,PPI_PROCESSED_INTERMEDIATE_GOODS,2016-03,PPIITM,WPSID61,adjacent_vintage_bridge,2016-02,2016-03,1965-04-01,-1.0405881404551565e-05,-1.0405881404551565e-05,0.0
4,PPI_PROCESSED_INTERMEDIATE_GOODS__2016-03__PPIITM__to__WPSID61,PPI_PROCESSED_INTERMEDIATE_GOODS,2016-03,PPIITM,WPSID61,adjacent_vintage_bridge,2016-02,2016-03,1965-05-01,-0.0032206147000422014,-0.0032206147000422014,0.0
4,PPI_PROCESSED_INTERMEDIATE_GOODS__2016-03__PPIITM__to__WPSID61,PPI_PROCESSED_INTERMEDIATE_GOODS,2016-03,PPIITM,WPSID61,adjacent_vintage_bridge,2016-02,2016-03,1965-06-01,0.003210275630248116,0.003210275630248116,0.0
4,PPI_PROCESSED_INTERMEDIATE_GOODS__2016-03__PPIITM__to__WPSID61,PPI_PROCESSED_INTERMEDIATE_GOODS,2016-03,PPIITM,WPSID61,adjacent_vintage_bridge,2016-02,2016-03,1965-07-01,-0.003210275630248116,-0.003210275630248116,0.0
4,PPI_PROCESSED_INTERMEDIATE_GOODS__2016-03__PPIITM__to__WPSID61,PPI_PROCESSED_INTERMEDIATE_GOODS,2016-03,PPIITM,WPSID61,adjacent_vintage_bridge,2016-02,2016-03,1965-08-01,0.0032000027306708922,0.0032000027306708922,0.0
4,PPI_PROCESSED_INTERMEDIATE_GOODS__2016-03__PPIITM__to__WPSID61,PPI_PROCESSED_INTERMEDIATE_GOODS,2016-03,PPIITM,WPSID61,adjacent_vintage_bridge,2016-02,2016-03,1965-09-01,-0.0032000027306708922,-0.0032000027306708922,0.0
4,PPI_PROCESSED_INTERMEDIATE_GOODS__2016-03__PPIITM__to__WPSID61,PPI_PROCESSED_INTERMEDIATE_GOODS,2016-03,PPIITM,WPSID61,adjacent_vintage_bridge,2016-02,2016-03,1965-10-01,0.0,0.0,0.0
4,PPI_PROCESSED_INTERMEDIATE_GOODS__2016-03__PPIITM__to__WPSID61,PPI_PROCESSED_INTERMEDIATE_GOODS,2016-03,PPIITM,WPSID61,adjacent_vintage_bridge,2016-02,2016-03,1965-11-01,0.0031897953681001567,0.0031897953681001567,0.0
4,PPI_PROCESSED_INTERMEDIATE_GOODS__2016-03__PPIITM__to__WPSID61,PPI_PROCESSED_INTERMEDIATE_GOODS,2016-03,PPIITM,WPSID61,adjacent_vintage_bridge,2016-02,2016-03,1965-12-01,-0.0031897953681001567,-0.0031897953681001567,0.0
4,PPI_PROCESSED_INTERMEDIATE_GOODS__2016-03__PPIITM__to__WPSID61,PPI_PROCESSED_INTERMEDIATE_GOODS,2016-03,PPIITM,WPSID61,adjacent_vintage_bridge,2016-02,2016-03,1966-01-01,0.0,0.0,0.0
4,PPI_PROCESSED_INTERMEDIATE_GOODS__2016-03__PPIITM__to__WPSID61,PPI_PROCESSED_INTERMEDIATE_GOODS,2016-03,PPIITM,WPSID61,adjacent_vintage_bridge,2016-02,2016-03,1966-02-01,0.006349227678658753,0.006349227678658753,0.0
4,PPI_PROCESSED_INTERMEDIATE_GOODS__2016-03__PPIITM__to__WPSID61,PPI_PROCESSED_INTERMEDIATE_GOODS,2016-03,PPIITM,WPSID61,adjacent_vintage_bridge,2016-02,2016-03,1966-03-01,-0.003189667388290296,-0.003189667388290296,0.0
4,PPI_PROCESSED_INTERMEDIATE_GOODS__2016-03__PPIITM__to__WPSID61,PPI_PROCESSED_INTERMEDIATE_GOODS,2016-03,PPIITM,WPSID61,adjacent_vintage_bridge,2016-02,2016-03,1966-04-01,-9.951387472284523e-06,-9.951387472284523e-06,0.0
4,PPI_PROCESSED_INTERMEDIATE_GOODS__2016-03__PPIITM__to__WPSID61,PPI_PROCESSED_INTERMEDIATE_GOODS,2016-03,PPIITM,WPSID61,adjacent_vintage_bridge,2016-02,2016-03,1966-05-01,0.003120004110699348,0.003120004110699348,0.0
4,PPI_PROCESSED_INTERMEDIATE_GOODS__2016-03__PPIITM__to__WPSID61,PPI_PROCESSED_INTERMEDIATE_GOODS,2016-03,PPIITM,WPSID61,adjacent_vintage_bridge,2016-02,2016-03,1966-06-01,-0.006269613013595521,-0.006269613013595521,0.0
4,PPI_PROCESSED_INTERMEDIATE_GOODS__2016-03__PPIITM__to__WPSID61,PPI_PROCESSED_INTERMEDIATE_GOODS,2016-03,PPIITM,WPSID61,adjacent_vintage_bridge,2016-02,2016-03,1966-07-01,0.006230549750636083,0.006230549750636083,0.0
4,PPI_PROCESSED_INTERMEDIATE_GOODS__2016-03__PPIITM__to__WPSID61,PPI_PROCESSED_INTERMEDIATE_GOODS,2016-03,PPIITM,WPSID61,adjacent_vintage_bridge,2016-02,2016-03,1966-08-01,-0.0031297720723877376,-0.0031297720723877376,0.0
4,PPI_PROCESSED_INTERMEDIATE_GOODS__2016-03__PPIITM__to__WPSID61,PPI_PROCESSED_INTERMEDIATE_GOODS,2016-03,PPIITM,WPSID61,adjacent_vintage_bridge,2016-02,2016-03,1966-09-01,-0.006201555356496691,-0.006201555356496691,0.0
4,PPI_PROCESSED_INTERMEDIATE_GOODS__2016-03__PPIITM__to__WPSID61,PPI_PROCESSED_INTERMEDIATE_GOODS,2016-03,PPIITM,WPSID61,adjacent_vintage_bridge,2016-02,2016-03,1966-10-01,-9.644736143954447e-06,-9.644736143954447e-06,0.0
4,PPI_PROCESSED_INTERMEDIATE_GOODS__2016-03__PPIITM__to__WPSID61,PPI_PROCESSED_INTERMEDIATE_GOODS,2016-03,PPIITM,WPSID61,adjacent_vintage_bridge,2016-02,2016-03,1966-11-01,0.0062208448287846,0.0062208448287846,0.0
4,PPI_PROCESSED_INTERMEDIATE_GOODS__2016-03__PPIITM__to__WPSID61,PPI_PROCESSED_INTERMEDIATE_GOODS,2016-03,PPIITM,WPSID61,adjacent_vintage_bridge,2016-02,2016-03,1966-12-01,-0.0031104224143923,-0.0031104224143923,0.0
4,PPI_PROCESSED_INTERMEDIATE_GOODS__2016-03__PPIITM__to__WPSID61,PPI_PROCESSED_INTERMEDIATE_GOODS,2016-03,PPIITM,WPSID61,adjacent_vintage_bridge,2016-02,2016-03,1967-01-01,0.0,0.0,0.0
4,PPI_PROCESSED_INTERMEDIATE_GOODS__2016-03__PPIITM__to__WPSID61,PPI_PROCESSED_INTERMEDIATE_GOODS,2016-03,PPIITM,WPSID61,adjacent_vintage_bridge,2016-02,2016-03,1967-02-01,-0.0031104224143923,-0.0031104224143923,0.0
4,PPI_PROCESSED_INTERMEDIATE_GOODS__2016-03__PPIITM__to__WPSID61,PPI_PROCESSED_INTERMEDIATE_GOODS,2016-03,PPIITM,WPSID61,adjacent_vintage_bridge,2016-02,2016-03,1967-03-01,0.0031104224143923,0.0031104224143923,0.0
4,PPI_PROCESSED_INTERMEDIATE_GOODS__2016-03__PPIITM__to__WPSID61,PPI_PROCESSED_INTERMEDIATE_GOODS,2016-03,PPIITM,WPSID61,adjacent_vintage_bridge,2016-02,2016-03,1967-04-01,0.0,0.0,0.0
4,PPI_PROCESSED_INTERMEDIATE_GOODS__2016-03__PPIITM__to__WPSID61,PPI_PROCESSED_INTERMEDIATE_GOODS,2016-03,PPIITM,WPSID61,adjacent_vintage_bridge,2016-02,2016-03,1967-05-01,0.0,0.0,0.0
4,PPI_PROCESSED_INTERMEDIATE_GOODS__2016-03__PPIITM__to__WPSID61,PPI_PROCESSED_INTERMEDIATE_GOODS,2016-03,PPIITM,WPSID61,adjacent_vintage_bridge,2016-02,2016-03,1967-06-01,0.0031104224143923,0.0031104224143923,0.0
4,PPI_PROCESSED_INTERMEDIATE_GOODS__2016-03__PPIITM__to__WPSID61,PPI_PROCESSED_INTERMEDIATE_GOODS,2016-03,PPIITM,WPSID61,adjacent_vintage_bridge,2016-02,2016-03,1967-07-01,-0.0031104224143923,-0.0031104224143923,0.0
4,PPI_PROCESSED_INTERMEDIATE_GOODS__2016-03__PPIITM__to__WPSID61,PPI_PROCESSED_INTERMEDIATE_GOODS,2016-03,PPIITM,WPSID61,adjacent_vintage_bridge,2016-02,2016-03,1967-08-01,0.0,0.0,0.0
4,PPI_PROCESSED_INTERMEDIATE_GOODS__2016-03__PPIITM__to__WPSID61,PPI_PROCESSED_INTERMEDIATE_GOODS,2016-03,PPIITM,WPSID61,adjacent_vintage_bridge,2016-02,2016-03,1967-09-01,0.0031007776782483454,0.0031007776782483454,0.0
4,PPI_PROCESSED_INTERMEDIATE_GOODS__2016-03__PPIITM__to__WPSID61,PPI_PROCESSED_INTERMEDIATE_GOODS,2016-03,PPIITM,WPSID61,adjacent_vintage_bridge,2016-02,2016-03,1967-10-01,-0.0031007776782483454,-0.0031007776782483454,0.0
4,PPI_PROCESSED_INTERMEDIATE_GOODS__2016-03__PPIITM__to__WPSID61,PPI_PROCESSED_INTERMEDIATE_GOODS,2016-03,PPIITM,WPSID61,adjacent_vintage_bridge,2016-02,2016-03,1967-11-01,0.0030911925696726072,0.0030911925696726072,0.0
4,PPI_PROCESSED_INTERMEDIATE_GOODS__2016-03__PPIITM__to__WPSID61,PPI_PROCESSED_INTERMEDIATE_GOODS,2016-03,PPIITM,WPSID61,adjacent_vintage_bridge,2016-02,2016-03,1967-12-01,0.0030626730047056405,0.0030626730047056405,0.0
4,PPI_PROCESSED_INTERMEDIATE_GOODS__2016-03__PPIITM__to__WPSID61,PPI_PROCESSED_INTERMEDIATE_GOODS,2016-03,PPIITM,WPSID61,adjacent_vintage_bridge,2016-02,2016-03,1968-01-01,-0.006153865574378248,-0.006153865574378248,0.0
4,PPI_PROCESSED_INTERMEDIATE_GOODS__2016-03__PPIITM__to__WPSID61,PPI_PROCESSED_INTERMEDIATE_GOODS,2016-03,PPIITM,WPSID61,adjacent_vintage_bridge,2016-02,2016-03,1968-02-01,0.0030627895305461728,0.0030627895305461728,0.0
4,PPI_PROCESSED_INTERMEDIATE_GOODS__2016-03__PPIITM__to__WPSID61,PPI_PROCESSED_INTERMEDIATE_GOODS,2016-03,PPIITM,WPSID61,adjacent_vintage_bridge,2016-02,2016-03,1968-03-01,-9.35204365637432e-06,-9.35204365637432e-06,0.0
4,PPI_PROCESSED_INTERMEDIATE_GOODS__2016-03__PPIITM__to__WPSID61,PPI_PROCESSED_INTERMEDIATE_GOODS,2016-03,PPIITM,WPSID61,adjacent_vintage_bridge,2016-02,2016-03,1968-04-01,-0.0030534374868897984,-0.0030534374868897984,0.0
4,PPI_PROCESSED_INTERMEDIATE_GOODS__2016-03__PPIITM__to__WPSID61,PPI_PROCESSED_INTERMEDIATE_GOODS,2016-03,PPIITM,WPSID61,adjacent_vintage_bridge,2016-02,2016-03,1968-05-01,0.0,0.0,0.0
4,PPI_PROCESSED_INTERMEDIATE_GOODS__2016-03__PPIITM__to__WPSID61,PPI_PROCESSED_INTERMEDIATE_GOODS,2016-03,PPIITM,WPSID61,adjacent_vintage_bridge,2016-02,2016-03,1968-06-01,0.0030441423812281876,0.0030441423812281876,0.0
4,PPI_PROCESSED_INTERMEDIATE_GOODS__2016-03__PPIITM__to__WPSID61,PPI_PROCESSED_INTERMEDIATE_GOODS,2016-03,PPIITM,WPSID61,adjacent_vintage_bridge,2016-02,2016-03,1968-07-01,-9.238686073942404e-06,-9.238686073942404e-06,0.0
4,PPI_PROCESSED_INTERMEDIATE_GOODS__2016-03__PPIITM__to__WPSID61,PPI_PROCESSED_INTERMEDIATE_GOODS,2016-03,PPIITM,WPSID61,adjacent_vintage_bridge,2016-02,2016-03,1968-08-01,-0.003034903695154245,-0.003034903695154245,0.0
4,PPI_PROCESSED_INTERMEDIATE_GOODS__2016-03__PPIITM__to__WPSID61,PPI_PROCESSED_INTERMEDIATE_GOODS,2016-03,PPIITM,WPSID61,adjacent_vintage_bridge,2016-02,2016-03,1968-09-01,0.003025720916537189,0.003025720916537189,0.0
4,PPI_PROCESSED_INTERMEDIATE_GOODS__2016-03__PPIITM__to__WPSID61,PPI_PROCESSED_INTERMEDIATE_GOODS,2016-03,PPIITM,WPSID61,adjacent_vintage_bridge,2016-02,2016-03,1968-10-01,-9.12737711145084e-06,-9.12737711145084e-06,0.0
4,PPI_PROCESSED_INTERMEDIATE_GOODS__2016-03__PPIITM__to__WPSID61,PPI_PROCESSED_INTERMEDIATE_GOODS,2016-03,PPIITM,WPSID61,adjacent_vintage_bridge,2016-02,2016-03,1968-11-01,-0.003016593539425738,-0.003016593539425738,0.0
4,PPI_PROCESSED_INTERMEDIATE_GOODS__2016-03__PPIITM__to__WPSID61,PPI_PROCESSED_INTERMEDIATE_GOODS,2016-03,PPIITM,WPSID61,adjacent_vintage_bridge,2016-02,2016-03,1968-12-01,0.006006024060211335,0.006006024060211335,0.0
4,PPI_PROCESSED_INTERMEDIATE_GOODS__2016-03__PPIITM__to__WPSID61,PPI_PROCESSED_INTERMEDIATE_GOODS,2016-03,PPIITM,WPSID61,adjacent_vintage_bridge,2016-02,2016-03,1969-01-01,-3.585707370712399e-05,-3.585707370712399e-05,0.0
4,PPI_PROCESSED_INTERMEDIATE_GOODS__2016-03__PPIITM__to__WPSID61,PPI_PROCESSED_INTERMEDIATE_GOODS,2016-03,PPIITM,WPSID61,adjacent_vintage_bridge,2016-02,2016-03,1969-02-01,-0.0029983965973467974,-0.0029983965973467974,0.0
4,PPI_PROCESSED_INTERMEDIATE_GOODS__2016-03__PPIITM__to__WPSID61,PPI_PROCESSED_INTERMEDIATE_GOODS,2016-03,PPIITM,WPSID61,adjacent_vintage_bridge,2016-02,2016-03,1969-03-01,0.0029454066389309475,0.0029454066389309475,0.0
4,PPI_PROCESSED_INTERMEDIATE_GOODS__2016-03__PPIITM__to__WPSID61,PPI_PROCESSED_INTERMEDIATE_GOODS,2016-03,PPIITM,WPSID61,adjacent_vintage_bridge,2016-02,2016-03,1969-04-01,-0.008871388925519863,-0.008871388925519863,0.0
4,PPI_PROCESSED_INTERMEDIATE_GOODS__2016-03__PPIITM__to__WPSID61,PPI_PROCESSED_INTERMEDIATE_GOODS,2016-03,PPIITM,WPSID61,adjacent_vintage_bridge,2016-02,2016-03,1969-05-01,0.005908423794863005,0.005908423794863005,0.0
4,PPI_PROCESSED_INTERMEDIATE_GOODS__2016-03__PPIITM__to__WPSID61,PPI_PROCESSED_INTERMEDIATE_GOODS,2016-03,PPIITM,WPSID61,adjacent_vintage_bridge,2016-02,2016-03,1969-06-01,-8.701667674415603e-06,-8.701667674415603e-06,0.0
4,PPI_PROCESSED_INTERMEDIATE_GOODS__2016-03__PPIITM__to__WPSID61,PPI_PROCESSED_INTERMEDIATE_GOODS,2016-03,PPIITM,WPSID61,adjacent_vintage_bridge,2016-02,2016-03,1969-07-01,-0.0029455102297570868,-0.0029455102297570868,0.0
4,PPI_PROCESSED_INTERMEDIATE_GOODS__2016-03__PPIITM__to__WPSID61,PPI_PROCESSED_INTERMEDIATE_GOODS,2016-03,PPIITM,WPSID61,adjacent_vintage_bridge,2016-02,2016-03,1969-08-01,0.005865119452398204,0.005865119452398204,0.0
4,PPI_PROCESSED_INTERMEDIATE_GOODS__2016-03__PPIITM__to__WPSID61,PPI_PROCESSED_INTERMEDIATE_GOODS,2016-03,PPIITM,WPSID61,adjacent_vintage_bridge,2016-02,2016-03,1969-09-01,-0.005865119452398204,-0.005865119452398204,0.0
4,PPI_PROCESSED_INTERMEDIATE_GOODS__2016-03__PPIITM__to__WPSID61,PPI_PROCESSED_INTERMEDIATE_GOODS,2016-03,PPIITM,WPSID61,adjacent_vintage_bridge,2016-02,2016-03,1969-10-01,0.005830920310792909,0.005830920310792909,0.0
4,PPI_PROCESSED_INTERMEDIATE_GOODS__2016-03__PPIITM__to__WPSID61,PPI_PROCESSED_INTERMEDIATE_GOODS,2016-03,PPIITM,WPSID61,adjacent_vintage_bridge,2016-02,2016-03,1969-11-01,-3.380262646679455e-05,-3.380262646679455e-05,0.0
4,PPI_PROCESSED_INTERMEDIATE_GOODS__2016-03__PPIITM__to__WPSID61,PPI_PROCESSED_INTERMEDIATE_GOODS,2016-03,PPIITM,WPSID61,adjacent_vintage_bridge,2016-02,2016-03,1969-12-01,-0.0029111127951915172,-0.0029111127951915172,0.0
4,PPI_PROCESSED_INTERMEDIATE_GOODS__2016-03__PPIITM__to__WPSID61,PPI_PROCESSED_INTERMEDIATE_GOODS,2016-03,PPIITM,WPSID61,adjacent_vintage_bridge,2016-02,2016-03,1970-01-01,0.0057223696474655306,0.0057223696474655306,0.0
4,PPI_PROCESSED_INTERMEDIATE_GOODS__2016-03__PPIITM__to__WPSID61,PPI_PROCESSED_INTERMEDIATE_GOODS,2016-03,PPIITM,WPSID61,adjacent_vintage_bridge,2016-02,2016-03,1970-02-01,-0.008608374536600127,-0.008608374536600127,0.0
4,PPI_PROCESSED_INTERMEDIATE_GOODS__2016-03__PPIITM__to__WPSID61,PPI_PROCESSED_INTERMEDIATE_GOODS,2016-03,PPIITM,WPSID61,adjacent_vintage_bridge,2016-02,2016-03,1970-03-01,-0.002861232281031967,-0.002861232281031967,0.0
4,PPI_PROCESSED_INTERMEDIATE_GOODS__2016-03__PPIITM__to__WPSID61,PPI_PROCESSED_INTERMEDIATE_GOODS,2016-03,PPIITM,WPSID61,adjacent_vintage_bridge,2016-02,2016-03,1970-04-01,0.008575533544470382,0.008575533544470382,0.0
4,PPI_PROCESSED_INTERMEDIATE_GOODS__2016-03__PPIITM__to__WPSID61,PPI_PROCESSED_INTERMEDIATE_GOODS,2016-03,PPIITM,WPSID61,adjacent_vintage_bridge,2016-02,2016-03,1970-05-01,-0.0028693491312070663,-0.0028693491312070663,0.0
4,PPI_PROCESSED_INTERMEDIATE_GOODS__2016-03__PPIITM__to__WPSID61,PPI_PROCESSED_INTERMEDIATE_GOODS,2016-03,PPIITM,WPSID61,adjacent_vintage_bridge,2016-02,2016-03,1970-06-01,-8.070797031578536e-06,-8.070797031578536e-06,0.0
4,PPI_PROCESSED_INTERMEDIATE_GOODS__2016-03__PPIITM__to__WPSID61,PPI_PROCESSED_INTERMEDIATE_GOODS,2016-03,PPIITM,WPSID61,adjacent_vintage_bridge,2016-02,2016-03,1970-07-01,0.002812851206919209,0.002812851206919209,0.0
4,PPI_PROCESSED_INTERMEDIATE_GOODS__2016-03__PPIITM__to__WPSID61,PPI_PROCESSED_INTERMEDIATE_GOODS,2016-03,PPIITM,WPSID61,adjacent_vintage_bridge,2016-02,2016-03,1970-08-01,-0.005649732542118979,-0.005649732542118979,0.0
4,PPI_PROCESSED_INTERMEDIATE_GOODS__2016-03__PPIITM__to__WPSID61,PPI_PROCESSED_INTERMEDIATE_GOODS,2016-03,PPIITM,WPSID61,adjacent_vintage_bridge,2016-02,2016-03,1970-09-01,0.002812941376614919,0.002812941376614919,0.0
4,PPI_PROCESSED_INTERMEDIATE_GOODS__2016-03__PPIITM__to__WPSID61,PPI_PROCESSED_INTERMEDIATE_GOODS,2016-03,PPIITM,WPSID61,adjacent_vintage_bridge,2016-02,2016-03,1970-10-01,0.0027893141720545245,0.0027893141720545245,0.0
4,PPI_PROCESSED_INTERMEDIATE_GOODS__2016-03__PPIITM__to__WPSID61,PPI_PROCESSED_INTERMEDIATE_GOODS,2016-03,PPIITM,WPSID61,adjacent_vintage_bridge,2016-02,2016-03,1970-11-01,-0.002812853461090725,-0.002812853461090725,0.0
4,PPI_PROCESSED_INTERMEDIATE_GOODS__2016-03__PPIITM__to__WPSID61,PPI_PROCESSED_INTERMEDIATE_GOODS,2016-03,PPIITM,WPSID61,adjacent_vintage_bridge,2016-02,2016-03,1970-12-01,-0.0027894020875787184,-0.0027894020875787184,0.0
4,PPI_PROCESSED_INTERMEDIATE_GOODS__2016-03__PPIITM__to__WPSID61,PPI_PROCESSED_INTERMEDIATE_GOODS,2016-03,PPIITM,WPSID61,adjacent_vintage_bridge,2016-02,2016-03,1971-01-01,0.0027816429618767735,0.0027816429618767735,0.0
4,PPI_PROCESSED_INTERMEDIATE_GOODS__2016-03__PPIITM__to__WPSID61,PPI_PROCESSED_INTERMEDIATE_GOODS,2016-03,PPIITM,WPSID61,adjacent_vintage_bridge,2016-02,2016-03,1971-02-01,-7.716079151620647e-06,-7.716079151620647e-06,0.0
4,PPI_PROCESSED_INTERMEDIATE_GOODS__2016-03__PPIITM__to__WPSID61,PPI_PROCESSED_INTERMEDIATE_GOODS,2016-03,PPIITM,WPSID61,adjacent_vintage_bridge,2016-02,2016-03,1971-03-01,0.0027509490492447775,0.0027509490492447775,0.0
4,PPI_PROCESSED_INTERMEDIATE_GOODS__2016-03__PPIITM__to__WPSID61,PPI_PROCESSED_INTERMEDIATE_GOODS,2016-03,PPIITM,WPSID61,adjacent_vintage_bridge,2016-02,2016-03,1971-04-01,-0.00552487593196993,-0.00552487593196993,0.0
4,PPI_PROCESSED_INTERMEDIATE_GOODS__2016-03__PPIITM__to__WPSID61,PPI_PROCESSED_INTERMEDIATE_GOODS,2016-03,PPIITM,WPSID61,adjacent_vintage_bridge,2016-02,2016-03,1971-05-01,0.005494519317641,0.005494519317641,0.0
4,PPI_PROCESSED_INTERMEDIATE_GOODS__2016-03__PPIITM__to__WPSID61,PPI_PROCESSED_INTERMEDIATE_GOODS,2016-03,PPIITM,WPSID61,adjacent_vintage_bridge,2016-02,2016-03,1971-06-01,-3.0024845562248714e-05,-3.0024845562248714e-05,0.0
4,PPI_PROCESSED_INTERMEDIATE_GOODS__2016-03__PPIITM__to__WPSID61,PPI_PROCESSED_INTERMEDIATE_GOODS,2016-03,PPIITM,WPSID61,adjacent_vintage_bridge,2016-02,2016-03,1971-07-01,-2.9698486121887413e-05,-2.9698486121887413e-05,0.0
4,PPI_PROCESSED_INTERMEDIATE_GOODS__2016-03__PPIITM__to__WPSID61,PPI_PROCESSED_INTERMEDIATE_GOODS,2016-03,PPIITM,WPSID61,adjacent_vintage_bridge,2016-02,2016-03,1971-08-01,0.002662414246662692,0.002662414246662692,0.0
4,PPI_PROCESSED_INTERMEDIATE_GOODS__2016-03__PPIITM__to__WPSID61,PPI_PROCESSED_INTERMEDIATE_GOODS,2016-03,PPIITM,WPSID61,adjacent_vintage_bridge,2016-02,2016-03,1971-09-01,-0.008097210232619556,-0.008097210232619556,0.0
4,PPI_PROCESSED_INTERMEDIATE_GOODS__2016-03__PPIITM__to__WPSID61,PPI_PROCESSED_INTERMEDIATE_GOODS,2016-03,PPIITM,WPSID61,adjacent_vintage_bridge,2016-02,2016-03,1971-10-01,-0.0026917916657116514,-0.0026917916657116514,0.0
4,PPI_PROCESSED_INTERMEDIATE_GOODS__2016-03__PPIITM__to__WPSID61,PPI_PROCESSED_INTERMEDIATE_GOODS,2016-03,PPIITM,WPSID61,adjacent_vintage_bridge,2016-02,2016-03,1971-11-01,0.005383583331423303,0.005383583331423303,0.0
4,PPI_PROCESSED_INTERMEDIATE_GOODS__2016-03__PPIITM__to__WPSID61,PPI_PROCESSED_INTERMEDIATE_GOODS,2016-03,PPIITM,WPSID61,adjacent_vintage_bridge,2016-02,2016-03,1971-12-01,0.00267015147567351,0.00267015147567351,0.0
4,PPI_PROCESSED_INTERMEDIATE_GOODS__2016-03__PPIITM__to__WPSID61,PPI_PROCESSED_INTERMEDIATE_GOODS,2016-03,PPIITM,WPSID61,adjacent_vintage_bridge,2016-02,2016-03,1972-01-01,-0.002691714585506322,-0.002691714585506322,0.0
4,PPI_PROCESSED_INTERMEDIATE_GOODS__2016-03__PPIITM__to__WPSID61,PPI_PROCESSED_INTERMEDIATE_GOODS,2016-03,PPIITM,WPSID61,adjacent_vintage_bridge,2016-02,2016-03,1972-02-01,0.00264893292172097,0.00264893292172097,0.0
4,PPI_PROCESSED_INTERMEDIATE_GOODS__2016-03__PPIITM__to__WPSID61,PPI_PROCESSED_INTERMEDIATE_GOODS,2016-03,PPIITM,WPSID61,adjacent_vintage_bridge,2016-02,2016-03,1972-03-01,-0.0026701533060227156,-0.0026701533060227156,0.0
4,PPI_PROCESSED_INTERMEDIATE_GOODS__2016-03__PPIITM__to__WPSID61,PPI_PROCESSED_INTERMEDIATE_GOODS,2016-03,PPIITM,WPSID61,adjacent_vintage_bridge,2016-02,2016-03,1972-04-01,-6.998708738326087e-06,-6.998708738326087e-06,0.0
4,PPI_PROCESSED_INTERMEDIATE_GOODS__2016-03__PPIITM__to__WPSID61,PPI_PROCESSED_INTERMEDIATE_GOODS,2016-03,PPIITM,WPSID61,adjacent_vintage_bridge,2016-02,2016-03,1972-05-01,-6.961824833950914e-06,-6.961824833950914e-06,0.0
4,PPI_PROCESSED_INTERMEDIATE_GOODS__2016-03__PPIITM__to__WPSID61,PPI_PROCESSED_INTERMEDIATE_GOODS,2016-03,PPIITM,WPSID61,adjacent_vintage_bridge,2016-02,2016-03,1972-06-01,-0.002635047638004817,-0.002635047638004817,0.0
4,PPI_PROCESSED_INTERMEDIATE_GOODS__2016-03__PPIITM__to__WPSID61,PPI_PROCESSED_INTERMEDIATE_GOODS,2016-03,PPIITM,WPSID61,adjacent_vintage_bridge,2016-02,2016-03,1972-07-01,0.0026281224062696396,0.0026281224062696396,0.0
4,PPI_PROCESSED_INTERMEDIATE_GOODS__2016-03__PPIITM__to__WPSID61,PPI_PROCESSED_INTERMEDIATE_GOODS,2016-03,PPIITM,WPSID61,adjacent_vintage_bridge,2016-02,2016-03,1972-08-01,-6.888926395554051e-06,-6.888926395554051e-06,0.0
4,PPI_PROCESSED_INTERMEDIATE_GOODS__2016-03__PPIITM__to__WPSID61,PPI_PROCESSED_INTERMEDIATE_GOODS,2016-03,PPIITM,WPSID61,adjacent_vintage_bridge,2016-02,2016-03,1972-09-01,0.005201492201335256,0.005201492201335256,0.0
4,PPI_PROCESSED_INTERMEDIATE_GOODS__2016-03__PPIITM__to__WPSID61,PPI_PROCESSED_INTERMEDIATE_GOODS,2016-03,PPIITM,WPSID61,adjacent_vintage_bridge,2016-02,2016-03,1972-10-01,-0.00264136693921202,-0.00264136693921202,0.0
4,PPI_PROCESSED_INTERMEDIATE_GOODS__2016-03__PPIITM__to__WPSID61,PPI_PROCESSED_INTERMEDIATE_GOODS,2016-03,PPIITM,WPSID61,adjacent_vintage_bridge,2016-02,2016-03,1972-11-01,0.002540687351912929,0.002540687351912929,0.0
4,PPI_PROCESSED_INTERMEDIATE_GOODS__2016-03__PPIITM__to__WPSID61,PPI_PROCESSED_INTERMEDIATE_GOODS,2016-03,PPIITM,WPSID61,adjacent_vintage_bridge,2016-02,2016-03,1972-12-01,0.007545426036878133,0.007545426036878133,0.0
4,PPI_PROCESSED_INTERMEDIATE_GOODS__2016-03__PPIITM__to__WPSID61,PPI_PROCESSED_INTERMEDIATE_GOODS,2016-03,PPIITM,WPSID61,adjacent_vintage_bridge,2016-02,2016-03,1973-01-01,-0.010229678100831308,-0.010229678100831308,0.0
4,PPI_PROCESSED_INTERMEDIATE_GOODS__2016-03__PPIITM__to__WPSID61,PPI_PROCESSED_INTERMEDIATE_GOODS,2016-03,PPIITM,WPSID61,adjacent_vintage_bridge,2016-02,2016-03,1973-02-01,0.009925078646755736,0.009925078646755736,0.0
4,PPI_PROCESSED_INTERMEDIATE_GOODS__2016-03__PPIITM__to__WPSID61,PPI_PROCESSED_INTERMEDIATE_GOODS,2016-03,PPIITM,WPSID61,adjacent_vintage_bridge,2016-02,2016-03,1973-03-01,0.002215463858371791,0.002215463858371791,0.0
4,PPI_PROCESSED_INTERMEDIATE_GOODS__2016-03__PPIITM__to__WPSID61,PPI_PROCESSED_INTERMEDIATE_GOODS,2016-03,PPIITM,WPSID61,adjacent_vintage_bridge,2016-02,2016-03,1973-04-01,-0.012323958070286967,-0.012323958070286967,0.0
4,PPI_PROCESSED_INTERMEDIATE_GOODS__2016-03__PPIITM__to__WPSID61,PPI_PROCESSED_INTERMEDIATE_GOODS,2016-03,PPIITM,WPSID61,adjacent_vintage_bridge,2016-02,2016-03,1973-05-01,0.016703342610181693,0.016703342610181693,0.0
4,PPI_PROCESSED_INTERMEDIATE_GOODS__2016-03__PPIITM__to__WPSID61,PPI_PROCESSED_INTERMEDIATE_GOODS,2016-03,PPIITM,WPSID61,adjacent_vintage_bridge,2016-02,2016-03,1973-06-01,-0.0027778264233830896,-0.0027778264233830896,0.0
4,PPI_PROCESSED_INTERMEDIATE_GOODS__2016-03__PPIITM__to__WPSID61,PPI_PROCESSED_INTERMEDIATE_GOODS,2016-03,PPIITM,WPSID61,adjacent_vintage_bridge,2016-02,2016-03,1973-07-01,-0.03519292429292653,-0.03519292429292653,0.0
4,PPI_PROCESSED_INTERMEDIATE_GOODS__2016-03__PPIITM__to__WPSID61,PPI_PROCESSED_INTERMEDIATE_GOODS,2016-03,PPIITM,WPSID61,adjacent_vintage_bridge,2016-02,2016-03,1973-08-01,0.0443868816837365,0.0443868816837365,0.0
4,PPI_PROCESSED_INTERMEDIATE_GOODS__2016-03__PPIITM__to__WPSID61,PPI_PROCESSED_INTERMEDIATE_GOODS,2016-03,PPIITM,WPSID61,adjacent_vintage_bridge,2016-02,2016-03,1973-09-01,-0.03953467444348213,-0.03953467444348213,0.0
4,PPI_PROCESSED_INTERMEDIATE_GOODS__2016-03__PPIITM__to__WPSID61,PPI_PROCESSED_INTERMEDIATE_GOODS,2016-03,PPIITM,WPSID61,adjacent_vintage_bridge,2016-02,2016-03,1973-10-01,0.020820147813872758,0.020820147813872758,0.0
4,PPI_PROCESSED_INTERMEDIATE_GOODS__2016-03__PPIITM__to__WPSID61,PPI_PROCESSED_INTERMEDIATE_GOODS,2016-03,PPIITM,WPSID61,adjacent_vintage_bridge,2016-02,2016-03,1973-11-01,-8.494913675560767e-05,-8.494913675560767e-05,0.0
4,PPI_PROCESSED_INTERMEDIATE_GOODS__2016-03__PPIITM__to__WPSID61,PPI_PROCESSED_INTERMEDIATE_GOODS,2016-03,PPIITM,WPSID61,adjacent_vintage_bridge,2016-02,2016-03,1973-12-01,0.013399945762497811,0.013399945762497811,0.0
4,PPI_PROCESSED_INTERMEDIATE_GOODS__2016-03__PPIITM__to__WPSID61,PPI_PROCESSED_INTERMEDIATE_GOODS,2016-03,PPIITM,WPSID61,adjacent_vintage_bridge,2016-02,2016-03,1974-01-01,0.0016826556070208554,0.0016826556070208554,0.0
4,PPI_PROCESSED_INTERMEDIATE_GOODS__2016-03__PPIITM__to__WPSID61,PPI_PROCESSED_INTERMEDIATE_GOODS,2016-03,PPIITM,WPSID61,adjacent_vintage_bridge,2016-02,2016-03,1974-02-01,-0.004838891788458088,-0.004838891788458088,0.0
4,PPI_PROCESSED_INTERMEDIATE_GOODS__2016-03__PPIITM__to__WPSID61,PPI_PROCESSED_INTERMEDIATE_GOODS,2016-03,PPIITM,WPSID61,adjacent_vintage_bridge,2016-02,2016-03,1974-03-01,0.007980888331012626,0.007980888331012626,0.0
4,PPI_PROCESSED_INTERMEDIATE_GOODS__2016-03__PPIITM__to__WPSID61,PPI_PROCESSED_INTERMEDIATE_GOODS,2016-03,PPIITM,WPSID61,adjacent_vintage_bridge,2016-02,2016-03,1974-04-01,-0.008860853189203599,-0.008860853189203599,0.0
4,PPI_PROCESSED_INTERMEDIATE_GOODS__2016-03__PPIITM__to__WPSID61,PPI_PROCESSED_INTERMEDIATE_GOODS,2016-03,PPIITM,WPSID61,adjacent_vintage_bridge,2016-02,2016-03,1974-05-01,0.013593157183882543,0.013593157183882543,0.0
4,PPI_PROCESSED_INTERMEDIATE_GOODS__2016-03__PPIITM__to__WPSID61,PPI_PROCESSED_INTERMEDIATE_GOODS,2016-03,PPIITM,WPSID61,adjacent_vintage_bridge,2016-02,2016-03,1974-06-01,-0.014501046806522755,-0.014501046806522755,0.0
4,PPI_PROCESSED_INTERMEDIATE_GOODS__2016-03__PPIITM__to__WPSID61,PPI_PROCESSED_INTERMEDIATE_GOODS,2016-03,PPIITM,WPSID61,adjacent_vintage_bridge,2016-02,2016-03,1974-07-01,0.018598706920188057,0.018598706920188057,0.0
4,PPI_PROCESSED_INTERMEDIATE_GOODS__2016-03__PPIITM__to__WPSID61,PPI_PROCESSED_INTERMEDIATE_GOODS,2016-03,PPIITM,WPSID61,adjacent_vintage_bridge,2016-02,2016-03,1974-08-01,0.007734185124657067,0.007734185124657067,0.0
4,PPI_PROCESSED_INTERMEDIATE_GOODS__2016-03__PPIITM__to__WPSID61,PPI_PROCESSED_INTERMEDIATE_GOODS,2016-03,PPIITM,WPSID61,adjacent_vintage_bridge,2016-02,2016-03,1974-09-01,-0.04217261264732741,-0.04217261264732741,0.0
4,PPI_PROCESSED_INTERMEDIATE_GOODS__2016-03__PPIITM__to__WPSID61,PPI_PROCESSED_INTERMEDIATE_GOODS,2016-03,PPIITM,WPSID61,adjacent_vintage_bridge,2016-02,2016-03,1974-10-01,0.0211990074509103,0.0211990074509103,0.0
4,PPI_PROCESSED_INTERMEDIATE_GOODS__2016-03__PPIITM__to__WPSID61,PPI_PROCESSED_INTERMEDIATE_GOODS,2016-03,PPIITM,WPSID61,adjacent_vintage_bridge,2016-02,2016-03,1974-11-01,-0.012554640932118666,-0.012554640932118666,0.0
4,PPI_PROCESSED_INTERMEDIATE_GOODS__2016-03__PPIITM__to__WPSID61,PPI_PROCESSED_INTERMEDIATE_GOODS,2016-03,PPIITM,WPSID61,adjacent_vintage_bridge,2016-02,2016-03,1974-12-01,-0.01043487729257997,-0.01043487729257997,0.0
4,PPI_PROCESSED_INTERMEDIATE_GOODS__2016-03__PPIITM__to__WPSID61,PPI_PROCESSED_INTERMEDIATE_GOODS,2016-03,PPIITM,WPSID61,adjacent_vintage_bridge,2016-02,2016-03,1975-01-01,0.003454234868087269,0.003454234868087269,0.0
4,PPI_PROCESSED_INTERMEDIATE_GOODS__2016-03__PPIITM__to__WPSID61,PPI_PROCESSED_INTERMEDIATE_GOODS,2016-03,PPIITM,WPSID61,adjacent_vintage_bridge,2016-02,2016-03,1975-02-01,-0.006908469736174538,-0.006908469736174538,0.0
4,PPI_PROCESSED_INTERMEDIATE_GOODS__2016-03__PPIITM__to__WPSID61,PPI_PROCESSED_INTERMEDIATE_GOODS,2016-03,PPIITM,WPSID61,adjacent_vintage_bridge,2016-02,2016-03,1975-03-01,-0.0034902374847236572,-0.0034902374847236572,0.0
4,PPI_PROCESSED_INTERMEDIATE_GOODS__2016-03__PPIITM__to__WPSID61,PPI_PROCESSED_INTERMEDIATE_GOODS,2016-03,PPIITM,WPSID61,adjacent_vintage_bridge,2016-02,2016-03,1975-04-01,0.008685116830594808,0.008685116830594808,0.0
4,PPI_PROCESSED_INTERMEDIATE_GOODS__2016-03__PPIITM__to__WPSID61,PPI_PROCESSED_INTERMEDIATE_GOODS,2016-03,PPIITM,WPSID61,adjacent_vintage_bridge,2016-02,2016-03,1975-05-01,-0.005224968560394672,-0.005224968560394672,0.0
4,PPI_PROCESSED_INTERMEDIATE_GOODS__2016-03__PPIITM__to__WPSID61,PPI_PROCESSED_INTERMEDIATE_GOODS,2016-03,PPIITM,WPSID61,adjacent_vintage_bridge,2016-02,2016-03,1975-06-01,0.00348432408261079,0.00348432408261079,0.0
4,PPI_PROCESSED_INTERMEDIATE_GOODS__2016-03__PPIITM__to__WPSID61,PPI_PROCESSED_INTERMEDIATE_GOODS,2016-03,PPIITM,WPSID61,adjacent_vintage_bridge,2016-02,2016-03,1975-07-01,0.00348432408261079,0.00348432408261079,0.0
4,PPI_PROCESSED_INTERMEDIATE_GOODS__2016-03__PPIITM__to__WPSID61,PPI_PROCESSED_INTERMEDIATE_GOODS,2016-03,PPIITM,WPSID61,adjacent_vintage_bridge,2016-02,2016-03,1975-08-01,0.005173738660503524,0.005173738660503524,0.0
4,PPI_PROCESSED_INTERMEDIATE_GOODS__2016-03__PPIITM__to__WPSID61,PPI_PROCESSED_INTERMEDIATE_GOODS,2016-03,PPIITM,WPSID61,adjacent_vintage_bridge,2016-02,2016-03,1975-09-01,-0.005215718552141091,-0.005215718552141091,0.0
4,PPI_PROCESSED_INTERMEDIATE_GOODS__2016-03__PPIITM__to__WPSID61,PPI_PROCESSED_INTERMEDIATE_GOODS,2016-03,PPIITM,WPSID61,adjacent_vintage_bridge,2016-02,2016-03,1975-10-01,0.006814155976215375,0.006814155976215375,0.0
4,PPI_PROCESSED_INTERMEDIATE_GOODS__2016-03__PPIITM__to__WPSID61,PPI_PROCESSED_INTERMEDIATE_GOODS,2016-03,PPIITM,WPSID61,adjacent_vintage_bridge,2016-02,2016-03,1975-11-01,-0.00686091116604981,-0.00686091116604981,0.0
4,PPI_PROCESSED_INTERMEDIATE_GOODS__2016-03__PPIITM__to__WPSID61,PPI_PROCESSED_INTERMEDIATE_GOODS,2016-03,PPIITM,WPSID61,adjacent_vintage_bridge,2016-02,2016-03,1975-12-01,-1.1491016898013129e-05,-1.1491016898013129e-05,0.0
4,PPI_PROCESSED_INTERMEDIATE_GOODS__2016-03__PPIITM__to__WPSID61,PPI_PROCESSED_INTERMEDIATE_GOODS,2016-03,PPIITM,WPSID61,adjacent_vintage_bridge,2016-02,2016-03,1976-01-01,-1.1413505601964857e-05,-1.1413505601964857e-05,0.0
4,PPI_PROCESSED_INTERMEDIATE_GOODS__2016-03__PPIITM__to__WPSID61,PPI_PROCESSED_INTERMEDIATE_GOODS,2016-03,PPIITM,WPSID61,adjacent_vintage_bridge,2016-02,2016-03,1976-02-01,-1.1336775934012167e-05,-1.1336775934012167e-05,0.0
4,PPI_PROCESSED_INTERMEDIATE_GOODS__2016-03__PPIITM__to__WPSID61,PPI_PROCESSED_INTERMEDIATE_GOODS,2016-03,PPIITM,WPSID61,adjacent_vintage_bridge,2016-02,2016-03,1976-03-01,-1.1260817422531488e-05,-1.1260817422531488e-05,0.0
4,PPI_PROCESSED_INTERMEDIATE_GOODS__2016-03__PPIITM__to__WPSID61,PPI_PROCESSED_INTERMEDIATE_GOODS,2016-03,PPIITM,WPSID61,adjacent_vintage_bridge,2016-02,2016-03,1976-04-01,-1.1185619768205868e-05,-1.1185619768205868e-05,0.0
4,PPI_PROCESSED_INTERMEDIATE_GOODS__2016-03__PPIITM__to__WPSID61,PPI_PROCESSED_INTERMEDIATE_GOODS,2016-03,PPIITM,WPSID61,adjacent_vintage_bridge,2016-02,2016-03,1976-05-01,0.0016486402455253568,0.0016486402455253568,0.0
4,PPI_PROCESSED_INTERMEDIATE_GOODS__2016-03__PPIITM__to__WPSID61,PPI_PROCESSED_INTERMEDIATE_GOODS,2016-03,PPIITM,WPSID61,adjacent_vintage_bridge,2016-02,2016-03,1976-06-01,0.0032701437279420986,0.0032701437279420986,0.0
4,PPI_PROCESSED_INTERMEDIATE_GOODS__2016-03__PPIITM__to__WPSID61,PPI_PROCESSED_INTERMEDIATE_GOODS,2016-03,PPIITM,WPSID61,adjacent_vintage_bridge,2016-02,2016-03,1976-07-01,-0.00333560803355315,-0.00333560803355315,0.0
4,PPI_PROCESSED_INTERMEDIATE_GOODS__2016-03__PPIITM__to__WPSID61,PPI_PROCESSED_INTERMEDIATE_GOODS,2016-03,PPIITM,WPSID61,adjacent_vintage_bridge,2016-02,2016-03,1976-08-01,-0.0016541004408123783,-0.0016541004408123783,0.0
4,PPI_PROCESSED_INTERMEDIATE_GOODS__2016-03__PPIITM__to__WPSID61,PPI_PROCESSED_INTERMEDIATE_GOODS,2016-03,PPIITM,WPSID61,adjacent_vintage_bridge,2016-02,2016-03,1976-09-01,0.006472359983768605,0.006472359983768605,0.0
4,PPI_PROCESSED_INTERMEDIATE_GOODS__2016-03__PPIITM__to__WPSID61,PPI_PROCESSED_INTERMEDIATE_GOODS,2016-03,PPIITM,WPSID61,adjacent_vintage_bridge,2016-02,2016-03,1976-10-01,-0.008126131393843217,-0.008126131393843217,0.0
4,PPI_PROCESSED_INTERMEDIATE_GOODS__2016-03__PPIITM__to__WPSID61,PPI_PROCESSED_INTERMEDIATE_GOODS,2016-03,PPIITM,WPSID61,adjacent_vintage_bridge,2016-02,2016-03,1976-11-01,0.004816684975748942,0.004816684975748942,0.0
4,PPI_PROCESSED_INTERMEDIATE_GOODS__2016-03__PPIITM__to__WPSID61,PPI_PROCESSED_INTERMEDIATE_GOODS,2016-03,PPIITM,WPSID61,adjacent_vintage_bridge,2016-02,2016-03,1976-12-01,-4.109223151971264e-05,-4.109223151971264e-05,0.0
4,PPI_PROCESSED_INTERMEDIATE_GOODS__2016-03__PPIITM__to__WPSID61,PPI_PROCESSED_INTERMEDIATE_GOODS,2016-03,PPIITM,WPSID61,adjacent_vintage_bridge,2016-02,2016-03,1977-01-01,-0.0032101451813906223,-0.0032101451813906223,0.0
4,PPI_PROCESSED_INTERMEDIATE_GOODS__2016-03__PPIITM__to__WPSID61,PPI_PROCESSED_INTERMEDIATE_GOODS,2016-03,PPIITM,WPSID61,adjacent_vintage_bridge,2016-02,2016-03,1977-02-01,0.0015709498412181944,0.0015709498412181944,0.0
4,PPI_PROCESSED_INTERMEDIATE_GOODS__2016-03__PPIITM__to__WPSID61,PPI_PROCESSED_INTERMEDIATE_GOODS,2016-03,PPIITM,WPSID61,adjacent_vintage_bridge,2016-02,2016-03,1977-03-01,0.004683429474759748,0.004683429474759748,0.0
4,PPI_PROCESSED_INTERMEDIATE_GOODS__2016-03__PPIITM__to__WPSID61,PPI_PROCESSED_INTERMEDIATE_GOODS,2016-03,PPIITM,WPSID61,adjacent_vintage_bridge,2016-02,2016-03,1977-04-01,-0.001639760506538579,-0.001639760506538579,0.0
4,PPI_PROCESSED_INTERMEDIATE_GOODS__2016-03__PPIITM__to__WPSID61,PPI_PROCESSED_INTERMEDIATE_GOODS,2016-03,PPIITM,WPSID61,adjacent_vintage_bridge,2016-02,2016-03,1977-05-01,-6.0281127082895125e-05,-6.0281127082895125e-05,0.0
4,PPI_PROCESSED_INTERMEDIATE_GOODS__2016-03__PPIITM__to__WPSID61,PPI_PROCESSED_INTERMEDIATE_GOODS,2016-03,PPIITM,WPSID61,adjacent_vintage_bridge,2016-02,2016-03,1977-06-01,-0.007733990599736451,-0.007733990599736451,0.0
4,PPI_PROCESSED_INTERMEDIATE_GOODS__2016-03__PPIITM__to__WPSID61,PPI_PROCESSED_INTERMEDIATE_GOODS,2016-03,PPIITM,WPSID61,adjacent_vintage_bridge,2016-02,2016-03,1977-07-01,0.0030769255044793553,0.0030769255044793553,0.0
4,PPI_PROCESSED_INTERMEDIATE_GOODS__2016-03__PPIITM__to__WPSID61,PPI_PROCESSED_INTERMEDIATE_GOODS,2016-03,PPIITM,WPSID61,adjacent_vintage_bridge,2016-02,2016-03,1977-08-01,0.0015207837441497674,0.0015207837441497674,0.0
4,PPI_PROCESSED_INTERMEDIATE_GOODS__2016-03__PPIITM__to__WPSID61,PPI_PROCESSED_INTERMEDIATE_GOODS,2016-03,PPIITM,WPSID61,adjacent_vintage_bridge,2016-02,2016-03,1977-09-01,-2.1042221217015822e-05,-2.1042221217015822e-05,0.0
4,PPI_PROCESSED_INTERMEDIATE_GOODS__2016-03__PPIITM__to__WPSID61,PPI_PROCESSED_INTERMEDIATE_GOODS,2016-03,PPIITM,WPSID61,adjacent_vintage_bridge,2016-02,2016-03,1977-10-01,-0.0030557541867057836,-0.0030557541867057836,0.0
4,PPI_PROCESSED_INTERMEDIATE_GOODS__2016-03__PPIITM__to__WPSID61,PPI_PROCESSED_INTERMEDIATE_GOODS,2016-03,PPIITM,WPSID61,adjacent_vintage_bridge,2016-02,2016-03,1977-11-01,0.006049146019838858,0.006049146019838858,0.0
4,PPI_PROCESSED_INTERMEDIATE_GOODS__2016-03__PPIITM__to__WPSID61,PPI_PROCESSED_INTERMEDIATE_GOODS,2016-03,PPIITM,WPSID61,adjacent_vintage_bridge,2016-02,2016-03,1977-12-01,-0.003055378506018336,-0.003055378506018336,0.0
4,PPI_PROCESSED_INTERMEDIATE_GOODS__2016-03__PPIITM__to__WPSID61,PPI_PROCESSED_INTERMEDIATE_GOODS,2016-03,PPIITM,WPSID61,adjacent_vintage_bridge,2016-02,2016-03,1978-01-01,-2.029076668730312e-05,-2.029076668730312e-05,0.0
4,PPI_PROCESSED_INTERMEDIATE_GOODS__2016-03__PPIITM__to__WPSID61,PPI_PROCESSED_INTERMEDIATE_GOODS,2016-03,PPIITM,WPSID61,adjacent_vintage_bridge,2016-02,2016-03,1978-02-01,0.0029516611962385753,0.0029516611962385753,0.0
4,PPI_PROCESSED_INTERMEDIATE_GOODS__2016-03__PPIITM__to__WPSID61,PPI_PROCESSED_INTERMEDIATE_GOODS,2016-03,PPIITM,WPSID61,adjacent_vintage_bridge,2016-02,2016-03,1978-03-01,-0.001528873755989757,-0.001528873755989757,0.0
4,PPI_PROCESSED_INTERMEDIATE_GOODS__2016-03__PPIITM__to__WPSID61,PPI_PROCESSED_INTERMEDIATE_GOODS,2016-03,PPIITM,WPSID61,adjacent_vintage_bridge,2016-02,2016-03,1978-04-01,-0.0015021588189707558,-0.0015021588189707558,0.0
4,PPI_PROCESSED_INTERMEDIATE_GOODS__2016-03__PPIITM__to__WPSID61,PPI_PROCESSED_INTERMEDIATE_GOODS,2016-03,PPIITM,WPSID61,adjacent_vintage_bridge,2016-02,2016-03,1978-05-01,0.004356967863719419,0.004356967863719419,0.0
4,PPI_PROCESSED_INTERMEDIATE_GOODS__2016-03__PPIITM__to__WPSID61,PPI_PROCESSED_INTERMEDIATE_GOODS,2016-03,PPIITM,WPSID61,adjacent_vintage_bridge,2016-02,2016-03,1978-06-01,-0.0015203226775168943,-0.0015203226775168943,0.0
4,PPI_PROCESSED_INTERMEDIATE_GOODS__2016-03__PPIITM__to__WPSID61,PPI_PROCESSED_INTERMEDIATE_GOODS,2016-03,PPIITM,WPSID61,adjacent_vintage_bridge,2016-02,2016-03,1978-07-01,-0.004365658506185532,-0.004365658506185532,0.0
4,PPI_PROCESSED_INTERMEDIATE_GOODS__2016-03__PPIITM__to__WPSID61,PPI_PROCESSED_INTERMEDIATE_GOODS,2016-03,PPIITM,WPSID61,adjacent_vintage_bridge,2016-02,2016-03,1978-08-01,0.004292776837870882,0.004292776837870882,0.0
4,PPI_PROCESSED_INTERMEDIATE_GOODS__2016-03__PPIITM__to__WPSID61,PPI_PROCESSED_INTERMEDIATE_GOODS,2016-03,PPIITM,WPSID61,adjacent_vintage_bridge,2016-02,2016-03,1978-09-01,0.0013682788514532973,0.0013682788514532973,0.0
4,PPI_PROCESSED_INTERMEDIATE_GOODS__2016-03__PPIITM__to__WPSID61,PPI_PROCESSED_INTERMEDIATE_GOODS,2016-03,PPIITM,WPSID61,adjacent_vintage_bridge,2016-02,2016-03,1978-10-01,0.0027365570235682313,0.0027365570235682313,0.0
4,PPI_PROCESSED_INTERMEDIATE_GOODS__2016-03__PPIITM__to__WPSID61,PPI_PROCESSED_INTERMEDIATE_GOODS,2016-03,PPIITM,WPSID61,adjacent_vintage_bridge,2016-02,2016-03,1978-11-01,-0.00290368029527599,-0.00290368029527599,0.0
4,PPI_PROCESSED_INTERMEDIATE_GOODS__2016-03__PPIITM__to__WPSID61,PPI_PROCESSED_INTERMEDIATE_GOODS,2016-03,PPIITM,WPSID61,adjacent_vintage_bridge,2016-02,2016-03,1978-12-01,-0.0014499026420811134,-0.0014499026420811134,0.0
4,PPI_PROCESSED_INTERMEDIATE_GOODS__2016-03__PPIITM__to__WPSID61,PPI_PROCESSED_INTERMEDIATE_GOODS,2016-03,PPIITM,WPSID61,adjacent_vintage_bridge,2016-02,2016-03,1979-01-01,0.0026920326993922217,0.0026920326993922217,0.0
4,PPI_PROCESSED_INTERMEDIATE_GOODS__2016-03__PPIITM__to__WPSID61,PPI_PROCESSED_INTERMEDIATE_GOODS,2016-03,PPIITM,WPSID61,adjacent_vintage_bridge,2016-02,2016-03,1979-02-01,-0.0014476349245038378,-0.0014476349245038378,0.0
4,PPI_PROCESSED_INTERMEDIATE_GOODS__2016-03__PPIITM__to__WPSID61,PPI_PROCESSED_INTERMEDIATE_GOODS,2016-03,PPIITM,WPSID61,adjacent_vintage_bridge,2016-02,2016-03,1979-03-01,0.0039632755748657544,0.0039632755748657544,0.0
4,PPI_PROCESSED_INTERMEDIATE_GOODS__2016-03__PPIITM__to__WPSID61,PPI_PROCESSED_INTERMEDIATE_GOODS,2016-03,PPIITM,WPSID61,adjacent_vintage_bridge,2016-02,2016-03,1979-04-01,0.0024999452192639993,0.0024999452192639993,0.0
4,PPI_PROCESSED_INTERMEDIATE_GOODS__2016-03__PPIITM__to__WPSID61,PPI_PROCESSED_INTERMEDIATE_GOODS,2016-03,PPIITM,WPSID61,adjacent_vintage_bridge,2016-02,2016-03,1979-05-01,-0.0028187369305463505,-0.0028187369305463505,0.0
4,PPI_PROCESSED_INTERMEDIATE_GOODS__2016-03__PPIITM__to__WPSID61,PPI_PROCESSED_INTERMEDIATE_GOODS,2016-03,PPIITM,WPSID61,adjacent_vintage_bridge,2016-02,2016-03,1979-06-01,-0.00013805669038546853,-0.00013805669038546853,0.0
4,PPI_PROCESSED_INTERMEDIATE_GOODS__2016-03__PPIITM__to__WPSID61,PPI_PROCESSED_INTERMEDIATE_GOODS,2016-03,PPIITM,WPSID61,adjacent_vintage_bridge,2016-02,2016-03,1979-07-01,0.0036843594512996347,0.0036843594512996347,0.0
4,PPI_PROCESSED_INTERMEDIATE_GOODS__2016-03__PPIITM__to__WPSID61,PPI_PROCESSED_INTERMEDIATE_GOODS,2016-03,PPIITM,WPSID61,adjacent_vintage_bridge,2016-02,2016-03,1979-08-01,-0.0014848700316498764,-0.0014848700316498764,0.0
4,PPI_PROCESSED_INTERMEDIATE_GOODS__2016-03__PPIITM__to__WPSID61,PPI_PROCESSED_INTERMEDIATE_GOODS,2016-03,PPIITM,WPSID61,adjacent_vintage_bridge,2016-02,2016-03,1979-09-01,0.002279107633198052,0.002279107633198052,0.0
4,PPI_PROCESSED_INTERMEDIATE_GOODS__2016-03__PPIITM__to__WPSID61,PPI_PROCESSED_INTERMEDIATE_GOODS,2016-03,PPIITM,WPSID61,adjacent_vintage_bridge,2016-02,2016-03,1979-10-01,-0.0002569808715451316,-0.0002569808715451316,0.0
4,PPI_PROCESSED_INTERMEDIATE_GOODS__2016-03__PPIITM__to__WPSID61,PPI_PROCESSED_INTERMEDIATE_GOODS,2016-03,PPIITM,WPSID61,adjacent_vintage_bridge,2016-02,2016-03,1979-11-01,-0.006240564882322275,-0.006240564882322275,0.0
4,PPI_PROCESSED_INTERMEDIATE_GOODS__2016-03__PPIITM__to__WPSID61,PPI_PROCESSED_INTERMEDIATE_GOODS,2016-03,PPIITM,WPSID61,adjacent_vintage_bridge,2016-02,2016-03,1979-12-01,-9.245989558603895e-05,-9.245989558603895e-05,0.0
4,PPI_PROCESSED_INTERMEDIATE_GOODS__2016-03__PPIITM__to__WPSID61,PPI_PROCESSED_INTERMEDIATE_GOODS,2016-03,PPIITM,WPSID61,adjacent_vintage_bridge,2016-02,2016-03,1980-01-01,0.013961046394043386,0.013961046394043386,0.0
4,PPI_PROCESSED_INTERMEDIATE_GOODS__2016-03__PPIITM__to__WPSID61,PPI_PROCESSED_INTERMEDIATE_GOODS,2016-03,PPIITM,WPSID61,adjacent_vintage_bridge,2016-02,2016-03,1980-02-01,-0.005096795721355463,-0.005096795721355463,0.0
4,PPI_PROCESSED_INTERMEDIATE_GOODS__2016-03__PPIITM__to__WPSID61,PPI_PROCESSED_INTERMEDIATE_GOODS,2016-03,PPIITM,WPSID61,adjacent_vintage_bridge,2016-02,2016-03,1980-03-01,-0.011607736618438835,-0.011607736618438835,0.0
4,PPI_PROCESSED_INTERMEDIATE_GOODS__2016-03__PPIITM__to__WPSID61,PPI_PROCESSED_INTERMEDIATE_GOODS,2016-03,PPIITM,WPSID61,adjacent_vintage_bridge,2016-02,2016-03,1980-04-01,-0.0034303760692617757,-0.0034303760692617757,0.0
4,PPI_PROCESSED_INTERMEDIATE_GOODS__2016-03__PPIITM__to__WPSID61,PPI_PROCESSED_INTERMEDIATE_GOODS,2016-03,PPIITM,WPSID61,adjacent_vintage_bridge,2016-02,2016-03,1980-05-01,0.002238228717118318,0.002238228717118318,0.0
4,PPI_PROCESSED_INTERMEDIATE_GOODS__2016-03__PPIITM__to__WPSID61,PPI_PROCESSED_INTERMEDIATE_GOODS,2016-03,PPIITM,WPSID61,adjacent_vintage_bridge,2016-02,2016-03,1980-06-01,0.0033147878577581835,0.0033147878577581835,0.0
4,PPI_PROCESSED_INTERMEDIATE_GOODS__2016-03__PPIITM__to__WPSID61,PPI_PROCESSED_INTERMEDIATE_GOODS,2016-03,PPIITM,WPSID61,adjacent_vintage_bridge,2016-02,2016-03,1980-07-01,-0.0011837301782877674,-0.0011837301782877674,0.0
4,PPI_PROCESSED_INTERMEDIATE_GOODS__2016-03__PPIITM__to__WPSID61,PPI_PROCESSED_INTERMEDIATE_GOODS,2016-03,PPIITM,WPSID61,adjacent_vintage_bridge,2016-02,2016-03,1980-08-01,0.0032242461778686504,0.0032242461778686504,0.0
4,PPI_PROCESSED_INTERMEDIATE_GOODS__2016-03__PPIITM__to__WPSID61,PPI_PROCESSED_INTERMEDIATE_GOODS,2016-03,PPIITM,WPSID61,adjacent_vintage_bridge,2016-02,2016-03,1980-09-01,-0.00662706449542938,-0.00662706449542938,0.0
4,PPI_PROCESSED_INTERMEDIATE_GOODS__2016-03__PPIITM__to__WPSID61,PPI_PROCESSED_INTERMEDIATE_GOODS,2016-03,PPIITM,WPSID61,adjacent_vintage_bridge,2016-02,2016-03,1980-10-01,0.0053835533503470145,0.0053835533503470145,0.0
4,PPI_PROCESSED_INTERMEDIATE_GOODS__2016-03__PPIITM__to__WPSID61,PPI_PROCESSED_INTERMEDIATE_GOODS,2016-03,PPIITM,WPSID61,adjacent_vintage_bridge,2016-02,2016-03,1980-11-01,-0.002230813928026265,-0.002230813928026265,0.0
4,PPI_PROCESSED_INTERMEDIATE_GOODS__2016-03__PPIITM__to__WPSID61,PPI_PROCESSED_INTERMEDIATE_GOODS,2016-03,PPIITM,WPSID61,adjacent_vintage_bridge,2016-02,2016-03,1980-12-01,0.002064840354327302,0.002064840354327302,0.0
4,PPI_PROCESSED_INTERMEDIATE_GOODS__2016-03__PPIITM__to__WPSID61,PPI_PROCESSED_INTERMEDIATE_GOODS,2016-03,PPIITM,WPSID61,adjacent_vintage_bridge,2016-02,2016-03,1981-01-01,0.003052110049086565,0.003052110049086565,0.0
4,PPI_PROCESSED_INTERMEDIATE_GOODS__2016-03__PPIITM__to__WPSID61,PPI_PROCESSED_INTERMEDIATE_GOODS,2016-03,PPIITM,WPSID61,adjacent_vintage_bridge,2016-02,2016-03,1981-02-01,-0.007415250987009792,-0.007415250987009792,0.0
4,PPI_PROCESSED_INTERMEDIATE_GOODS__2016-03__PPIITM__to__WPSID61,PPI_PROCESSED_INTERMEDIATE_GOODS,2016-03,PPIITM,WPSID61,adjacent_vintage_bridge,2016-02,2016-03,1981-03-01,0.0051355634021419405,0.0051355634021419405,0.0
4,PPI_PROCESSED_INTERMEDIATE_GOODS__2016-03__PPIITM__to__WPSID61,PPI_PROCESSED_INTERMEDIATE_GOODS,2016-03,PPIITM,WPSID61,adjacent_vintage_bridge,2016-02,2016-03,1981-04-01,0.0019305925348085395,0.0019305925348085395,0.0
4,PPI_PROCESSED_INTERMEDIATE_GOODS__2016-03__PPIITM__to__WPSID61,PPI_PROCESSED_INTERMEDIATE_GOODS,2016-03,PPIITM,WPSID61,adjacent_vintage_bridge,2016-02,2016-03,1981-05-01,-0.008221732569525741,-0.008221732569525741,0.0
4,PPI_PROCESSED_INTERMEDIATE_GOODS__2016-03__PPIITM__to__WPSID61,PPI_PROCESSED_INTERMEDIATE_GOODS,2016-03,PPIITM,WPSID61,adjacent_vintage_bridge,2016-02,2016-03,1981-06-01,-0.0010260155911616664,-0.0010260155911616664,0.0
4,PPI_PROCESSED_INTERMEDIATE_GOODS__2016-03__PPIITM__to__WPSID61,PPI_PROCESSED_INTERMEDIATE_GOODS,2016-03,PPIITM,WPSID61,adjacent_vintage_bridge,2016-02,2016-03,1981-07-01,-0.0010167395389162337,-0.0010167395389162337,0.0
4,PPI_PROCESSED_INTERMEDIATE_GOODS__2016-03__PPIITM__to__WPSID61,PPI_PROCESSED_INTERMEDIATE_GOODS,2016-03,PPIITM,WPSID61,adjacent_vintage_bridge,2016-02,2016-03,1981-08-01,0.003009498520727405,0.003009498520727405,0.0
4,PPI_PROCESSED_INTERMEDIATE_GOODS__2016-03__PPIITM__to__WPSID61,PPI_PROCESSED_INTERMEDIATE_GOODS,2016-03,PPIITM,WPSID61,adjacent_vintage_bridge,2016-02,2016-03,1981-09-01,-0.005027662676964972,-0.005027662676964972,0.0
4,PPI_PROCESSED_INTERMEDIATE_GOODS__2016-03__PPIITM__to__WPSID61,PPI_PROCESSED_INTERMEDIATE_GOODS,2016-03,PPIITM,WPSID61,adjacent_vintage_bridge,2016-02,2016-03,1981-10-01,0.0010025063496259534,0.0010025063496259534,0.0
4,PPI_PROCESSED_INTERMEDIATE_GOODS__2016-03__PPIITM__to__WPSID61,PPI_PROCESSED_INTERMEDIATE_GOODS,2016-03,PPIITM,WPSID61,adjacent_vintage_bridge,2016-02,2016-03,1981-11-01,-1.004012536220955e-06,-1.004012536220955e-06,0.0
4,PPI_PROCESSED_INTERMEDIATE_GOODS__2016-03__PPIITM__to__WPSID61,PPI_PROCESSED_INTERMEDIATE_GOODS,2016-03,PPIITM,WPSID61,adjacent_vintage_bridge,2016-02,2016-03,1981-12-01,-1.0020035059454813e-06,-1.0020035059454813e-06,0.0
4,PPI_PROCESSED_INTERMEDIATE_GOODS__2016-03__PPIITM__to__WPSID61,PPI_PROCESSED_INTERMEDIATE_GOODS,2016-03,PPIITM,WPSID61,adjacent_vintage_bridge,2016-02,2016-03,1982-01-01,0.002991520935953673,0.002991520935953673,0.0
4,PPI_PROCESSED_INTERMEDIATE_GOODS__2016-03__PPIITM__to__WPSID61,PPI_PROCESSED_INTERMEDIATE_GOODS,2016-03,PPIITM,WPSID61,adjacent_vintage_bridge,2016-02,2016-03,1982-02-01,-0.004988533559276753,-0.004988533559276753,0.0
4,PPI_PROCESSED_INTERMEDIATE_GOODS__2016-03__PPIITM__to__WPSID61,PPI_PROCESSED_INTERMEDIATE_GOODS,2016-03,PPIITM,WPSID61,adjacent_vintage_bridge,2016-02,2016-03,1982-03-01,-0.002999497023642661,-0.002999497023642661,0.0
4,PPI_PROCESSED_INTERMEDIATE_GOODS__2016-03__PPIITM__to__WPSID61,PPI_PROCESSED_INTERMEDIATE_GOODS,2016-03,PPIITM,WPSID61,adjacent_vintage_bridge,2016-02,2016-03,1982-04-01,0.001992000626666268,0.001992000626666268,0.0
4,PPI_PROCESSED_INTERMEDIATE_GOODS__2016-03__PPIITM__to__WPSID61,PPI_PROCESSED_INTERMEDIATE_GOODS,2016-03,PPIITM,WPSID61,adjacent_vintage_bridge,2016-02,2016-03,1982-05-01,0.002004008686715686,0.002004008686715686,0.0
4,PPI_PROCESSED_INTERMEDIATE_GOODS__2016-03__PPIITM__to__WPSID61,PPI_PROCESSED_INTERMEDIATE_GOODS,2016-03,PPIITM,WPSID61,adjacent_vintage_bridge,2016-02,2016-03,1982-06-01,0.0010025063496259534,0.0010025063496259534,0.0
4,PPI_PROCESSED_INTERMEDIATE_GOODS__2016-03__PPIITM__to__WPSID61,PPI_PROCESSED_INTERMEDIATE_GOODS,2016-03,PPIITM,WPSID61,adjacent_vintage_bridge,2016-02,2016-03,1982-07-01,0.000999496321047566,0.000999496321047566,0.0
4,PPI_PROCESSED_INTERMEDIATE_GOODS__2016-03__PPIITM__to__WPSID61,PPI_PROCESSED_INTERMEDIATE_GOODS,2016-03,PPIITM,WPSID61,adjacent_vintage_bridge,2016-02,2016-03,1982-08-01,-0.0030025030042573064,-0.0030025030042573064,0.0
4,PPI_PROCESSED_INTERMEDIATE_GOODS__2016-03__PPIITM__to__WPSID61,PPI_PROCESSED_INTERMEDIATE_GOODS,2016-03,PPIITM,WPSID61,adjacent_vintage_bridge,2016-02,2016-03,1982-09-01,0.002001000667167574,0.002001000667167574,0.0
4,PPI_PROCESSED_INTERMEDIATE_GOODS__2016-03__PPIITM__to__WPSID61,PPI_PROCESSED_INTERMEDIATE_GOODS,2016-03,PPIITM,WPSID61,adjacent_vintage_bridge,2016-02,2016-03,1982-10-01,-0.002001000667167574,-0.002001000667167574,0.0
4,PPI_PROCESSED_INTERMEDIATE_GOODS__2016-03__PPIITM__to__WPSID61,PPI_PROCESSED_INTERMEDIATE_GOODS,2016-03,PPIITM,WPSID61,adjacent_vintage_bridge,2016-02,2016-03,1982-11-01,0.0030005010002502885,0.0030005010002502885,0.0
4,PPI_PROCESSED_INTERMEDIATE_GOODS__2016-03__PPIITM__to__WPSID61,PPI_PROCESSED_INTERMEDIATE_GOODS,2016-03,PPIITM,WPSID61,adjacent_vintage_bridge,2016-02,2016-03,1982-12-01,-0.0020000006666665016,-0.0020000006666665016,0.0
4,PPI_PROCESSED_INTERMEDIATE_GOODS__2016-03__PPIITM__to__WPSID61,PPI_PROCESSED_INTERMEDIATE_GOODS,2016-03,PPIITM,WPSID61,adjacent_vintage_bridge,2016-02,2016-03,1983-01-01,-0.003001503003756234,-0.003001503003756234,0.0
4,PPI_PROCESSED_INTERMEDIATE_GOODS__2016-03__PPIITM__to__WPSID61,PPI_PROCESSED_INTERMEDIATE_GOODS,2016-03,PPIITM,WPSID61,adjacent_vintage_bridge,2016-02,2016-03,1983-02-01,0.0050035056744297535,0.0050035056744297535,0.0
4,PPI_PROCESSED_INTERMEDIATE_GOODS__2016-03__PPIITM__to__WPSID61,PPI_PROCESSED_INTERMEDIATE_GOODS,2016-03,PPIITM,WPSID61,adjacent_vintage_bridge,2016-02,2016-03,1983-03-01,-0.005006511690972992,-0.005006511690972992,0.0
4,PPI_PROCESSED_INTERMEDIATE_GOODS__2016-03__PPIITM__to__WPSID61,PPI_PROCESSED_INTERMEDIATE_GOODS,2016-03,PPIITM,WPSID61,adjacent_vintage_bridge,2016-02,2016-03,1983-04-01,0.0009964762170540098,0.0009964762170540098,0.0
4,PPI_PROCESSED_INTERMEDIATE_GOODS__2016-03__PPIITM__to__WPSID61,PPI_PROCESSED_INTERMEDIATE_GOODS,2016-03,PPIITM,WPSID61,adjacent_vintage_bridge,2016-02,2016-03,1983-05-01,0.0050185719561168796,0.0050185719561168796,0.0
4,PPI_PROCESSED_INTERMEDIATE_GOODS__2016-03__PPIITM__to__WPSID61,PPI_PROCESSED_INTERMEDIATE_GOODS,2016-03,PPIITM,WPSID61,adjacent_vintage_bridge,2016-02,2016-03,1983-06-01,0.000989466180474352,0.000989466180474352,0.0
4,PPI_PROCESSED_INTERMEDIATE_GOODS__2016-03__PPIITM__to__WPSID61,PPI_PROCESSED_INTERMEDIATE_GOODS,2016-03,PPIITM,WPSID61,adjacent_vintage_bridge,2016-02,2016-03,1983-07-01,-0.0010104664849794887,-0.0010104664849794887,0.0
4,PPI_PROCESSED_INTERMEDIATE_GOODS__2016-03__PPIITM__to__WPSID61,PPI_PROCESSED_INTERMEDIATE_GOODS,2016-03,PPIITM,WPSID61,adjacent_vintage_bridge,2016-02,2016-03,1983-08-01,0.0009826610120668988,0.0009826610120668988,0.0
4,PPI_PROCESSED_INTERMEDIATE_GOODS__2016-03__PPIITM__to__WPSID61,PPI_PROCESSED_INTERMEDIATE_GOODS,2016-03,PPIITM,WPSID61,adjacent_vintage_bridge,2016-02,2016-03,1983-09-01,0.002941407924384798,0.002941407924384798,0.0
4,PPI_PROCESSED_INTERMEDIATE_GOODS__2016-03__PPIITM__to__WPSID61,PPI_PROCESSED_INTERMEDIATE_GOODS,2016-03,PPIITM,WPSID61,adjacent_vintage_bridge,2016-02,2016-03,1983-10-01,-0.0059298398746854275,-0.0059298398746854275,0.0
4,PPI_PROCESSED_INTERMEDIATE_GOODS__2016-03__PPIITM__to__WPSID61,PPI_PROCESSED_INTERMEDIATE_GOODS,2016-03,PPIITM,WPSID61,adjacent_vintage_bridge,2016-02,2016-03,1983-11-01,-9.66848224592809e-07,-9.66848224592809e-07,0.0
4,PPI_PROCESSED_INTERMEDIATE_GOODS__2016-03__PPIITM__to__WPSID61,PPI_PROCESSED_INTERMEDIATE_GOODS,2016-03,PPIITM,WPSID61,adjacent_vintage_bridge,2016-02,2016-03,1983-12-01,-9.649496508501443e-07,-9.649496508501443e-07,0.0
4,PPI_PROCESSED_INTERMEDIATE_GOODS__2016-03__PPIITM__to__WPSID61,PPI_PROCESSED_INTERMEDIATE_GOODS,2016-03,PPIITM,WPSID61,adjacent_vintage_bridge,2016-02,2016-03,1984-01-01,0.0009789488296831905,0.0009789488296831905,0.0
4,PPI_PROCESSED_INTERMEDIATE_GOODS__2016-03__PPIITM__to__WPSID61,PPI_PROCESSED_INTERMEDIATE_GOODS,2016-03,PPIITM,WPSID61,adjacent_vintage_bridge,2016-02,2016-03,1984-02-01,0.001949288465903365,0.001949288465903365,0.0
4,PPI_PROCESSED_INTERMEDIATE_GOODS__2016-03__PPIITM__to__WPSID61,PPI_PROCESSED_INTERMEDIATE_GOODS,2016-03,PPIITM,WPSID61,adjacent_vintage_bridge,2016-02,2016-03,1984-03-01,0.0009561162433291415,0.0009561162433291415,0.0
4,PPI_PROCESSED_INTERMEDIATE_GOODS__2016-03__PPIITM__to__WPSID61,PPI_PROCESSED_INTERMEDIATE_GOODS,2016-03,PPIITM,WPSID61,adjacent_vintage_bridge,2016-02,2016-03,1984-04-01,-0.0029263248333464276,-0.0029263248333464276,0.0
4,PPI_PROCESSED_INTERMEDIATE_GOODS__2016-03__PPIITM__to__WPSID61,PPI_PROCESSED_INTERMEDIATE_GOODS,2016-03,PPIITM,WPSID61,adjacent_vintage_bridge,2016-02,2016-03,1984-05-01,-3.755790960013883e-06,-3.755790960013883e-06,0.0
4,PPI_PROCESSED_INTERMEDIATE_GOODS__2016-03__PPIITM__to__WPSID61,PPI_PROCESSED_INTERMEDIATE_GOODS,2016-03,PPIITM,WPSID61,adjacent_vintage_bridge,2016-02,2016-03,1984-06-01,-3.7412758127075563e-06,-3.7412758127075563e-06,0.0
4,PPI_PROCESSED_INTERMEDIATE_GOODS__2016-03__PPIITM__to__WPSID61,PPI_PROCESSED_INTERMEDIATE_GOODS,2016-03,PPIITM,WPSID61,adjacent_vintage_bridge,2016-02,2016-03,1984-07-01,-0.003864735502107308,-0.003864735502107308,0.0
4,PPI_PROCESSED_INTERMEDIATE_GOODS__2016-03__PPIITM__to__WPSID61,PPI_PROCESSED_INTERMEDIATE_GOODS,2016-03,PPIITM,WPSID61,adjacent_vintage_bridge,2016-02,2016-03,1984-08-01,-3.7412758127075563e-06,-3.7412758127075563e-06,0.0
4,PPI_PROCESSED_INTERMEDIATE_GOODS__2016-03__PPIITM__to__WPSID61,PPI_PROCESSED_INTERMEDIATE_GOODS,2016-03,PPIITM,WPSID61,adjacent_vintage_bridge,2016-02,2016-03,1984-09-01,0.0009666470023184104,0.0009666470023184104,0.0
4,PPI_PROCESSED_INTERMEDIATE_GOODS__2016-03__PPIITM__to__WPSID61,PPI_PROCESSED_INTERMEDIATE_GOODS,2016-03,PPIITM,WPSID61,adjacent_vintage_bridge,2016-02,2016-03,1984-10-01,0.0019389240490959025,0.0019389240490959025,0.0
4,PPI_PROCESSED_INTERMEDIATE_GOODS__2016-03__PPIITM__to__WPSID61,PPI_PROCESSED_INTERMEDIATE_GOODS,2016-03,PPIITM,WPSID61,adjacent_vintage_bridge,2016-02,2016-03,1984-11-01,-9.389464175058038e-07,-9.389464175058038e-07,0.0
4,PPI_PROCESSED_INTERMEDIATE_GOODS__2016-03__PPIITM__to__WPSID61,PPI_PROCESSED_INTERMEDIATE_GOODS,2016-03,PPIITM,WPSID61,adjacent_vintage_bridge,2016-02,2016-03,1984-12-01,-0.001937046156260891,-0.001937046156260891,0.0
4,PPI_PROCESSED_INTERMEDIATE_GOODS__2016-03__PPIITM__to__WPSID61,PPI_PROCESSED_INTERMEDIATE_GOODS,2016-03,PPIITM,WPSID61,adjacent_vintage_bridge,2016-02,2016-03,1985-01-01,-9.389464175058038e-07,-9.389464175058038e-07,0.0
4,PPI_PROCESSED_INTERMEDIATE_GOODS__2016-03__PPIITM__to__WPSID61,PPI_PROCESSED_INTERMEDIATE_GOODS,2016-03,PPIITM,WPSID61,adjacent_vintage_bridge,2016-02,2016-03,1985-02-01,-0.001944575977301355,-0.001944575977301355,0.0
4,PPI_PROCESSED_INTERMEDIATE_GOODS__2016-03__PPIITM__to__WPSID61,PPI_PROCESSED_INTERMEDIATE_GOODS,2016-03,PPIITM,WPSID61,adjacent_vintage_bridge,2016-02,2016-03,1985-03-01,0.0019408019152971079,0.0019408019152971079,0.0
4,PPI_PROCESSED_INTERMEDIATE_GOODS__2016-03__PPIITM__to__WPSID61,PPI_PROCESSED_INTERMEDIATE_GOODS,2016-03,PPIITM,WPSID61,adjacent_vintage_bridge,2016-02,2016-03,1985-04-01,0.0029187619920429952,0.0029187619920429952,0.0
4,PPI_PROCESSED_INTERMEDIATE_GOODS__2016-03__PPIITM__to__WPSID61,PPI_PROCESSED_INTERMEDIATE_GOODS,2016-03,PPIITM,WPSID61,adjacent_vintage_bridge,2016-02,2016-03,1985-05-01,0.0009656843019678618,0.0009656843019678618,0.0
4,PPI_PROCESSED_INTERMEDIATE_GOODS__2016-03__PPIITM__to__WPSID61,PPI_PROCESSED_INTERMEDIATE_GOODS,2016-03,PPIITM,WPSID61,adjacent_vintage_bridge,2016-02,2016-03,1985-06-01,-0.008742130518252011,-0.008742130518252011,0.0
4,PPI_PROCESSED_INTERMEDIATE_GOODS__2016-03__PPIITM__to__WPSID61,PPI_PROCESSED_INTERMEDIATE_GOODS,2016-03,PPIITM,WPSID61,adjacent_vintage_bridge,2016-02,2016-03,1985-07-01,0.0029026605317055143,0.0029026605317055143,0.0
4,PPI_PROCESSED_INTERMEDIATE_GOODS__2016-03__PPIITM__to__WPSID61,PPI_PROCESSED_INTERMEDIATE_GOODS,2016-03,PPIITM,WPSID61,adjacent_vintage_bridge,2016-02,2016-03,1985-08-01,0.0029282597790878384,0.0029282597790878384,0.0
4,PPI_PROCESSED_INTERMEDIATE_GOODS__2016-03__PPIITM__to__WPSID61,PPI_PROCESSED_INTERMEDIATE_GOODS,2016-03,PPIITM,WPSID61,adjacent_vintage_bridge,2016-02,2016-03,1985-09-01,-0.0009779951879771431,-0.0009779951879771431,0.0
4,PPI_PROCESSED_INTERMEDIATE_GOODS__2016-03__PPIITM__to__WPSID61,PPI_PROCESSED_INTERMEDIATE_GOODS,2016-03,PPIITM,WPSID61,adjacent_vintage_bridge,2016-02,2016-03,1985-10-01,0.0019559903759542863,0.0019559903759542863,0.0
4,PPI_PROCESSED_INTERMEDIATE_GOODS__2016-03__PPIITM__to__WPSID61,PPI_PROCESSED_INTERMEDIATE_GOODS,2016-03,PPIITM,WPSID61,adjacent_vintage_bridge,2016-02,2016-03,1985-11-01,0.0009751304329048693,0.0009751304329048693,0.0
4,PPI_PROCESSED_INTERMEDIATE_GOODS__2016-03__PPIITM__to__WPSID61,PPI_PROCESSED_INTERMEDIATE_GOODS,2016-03,PPIITM,WPSID61,adjacent_vintage_bridge,2016-02,2016-03,1985-12-01,0.0019417186406585074,0.0019417186406585074,0.0
4,PPI_PROCESSED_INTERMEDIATE_GOODS__2016-03__PPIITM__to__WPSID61,PPI_PROCESSED_INTERMEDIATE_GOODS,2016-03,PPIITM,WPSID61,adjacent_vintage_bridge,2016-02,2016-03,1986-01-01,-0.008765774496136913,-0.008765774496136913,0.0
4,PPI_PROCESSED_INTERMEDIATE_GOODS__2016-03__PPIITM__to__WPSID61,PPI_PROCESSED_INTERMEDIATE_GOODS,2016-03,PPIITM,WPSID61,adjacent_vintage_bridge,2016-02,2016-03,1986-02-01,-0.006917025517445552,-0.006917025517445552,0.0
4,PPI_PROCESSED_INTERMEDIATE_GOODS__2016-03__PPIITM__to__WPSID61,PPI_PROCESSED_INTERMEDIATE_GOODS,2016-03,PPIITM,WPSID61,adjacent_vintage_bridge,2016-02,2016-03,1986-03-01,-0.0011411154468152773,-0.0011411154468152773,0.0
4,PPI_PROCESSED_INTERMEDIATE_GOODS__2016-03__PPIITM__to__WPSID61,PPI_PROCESSED_INTERMEDIATE_GOODS,2016-03,PPIITM,WPSID61,adjacent_vintage_bridge,2016-02,2016-03,1986-04-01,0.00286862417301581,0.00286862417301581,0.0
4,PPI_PROCESSED_INTERMEDIATE_GOODS__2016-03__PPIITM__to__WPSID61,PPI_PROCESSED_INTERMEDIATE_GOODS,2016-03,PPIITM,WPSID61,adjacent_vintage_bridge,2016-02,2016-03,1986-05-01,0.008036154836610798,0.008036154836610798,0.0
4,PPI_PROCESSED_INTERMEDIATE_GOODS__2016-03__PPIITM__to__WPSID61,PPI_PROCESSED_INTERMEDIATE_GOODS,2016-03,PPIITM,WPSID61,adjacent_vintage_bridge,2016-02,2016-03,1986-06-01,0.0010106073583839859,0.0010106073583839859,0.0
4,PPI_PROCESSED_INTERMEDIATE_GOODS__2016-03__PPIITM__to__WPSID61,PPI_PROCESSED_INTERMEDIATE_GOODS,2016-03,PPIITM,WPSID61,adjacent_vintage_bridge,2016-02,2016-03,1986-07-01,-0.0050900981071704265,-0.0050900981071704265,0.0
4,PPI_PROCESSED_INTERMEDIATE_GOODS__2016-03__PPIITM__to__WPSID61,PPI_PROCESSED_INTERMEDIATE_GOODS,2016-03,PPIITM,WPSID61,adjacent_vintage_bridge,2016-02,2016-03,1986-08-01,0.006103782938017055,0.006103782938017055,0.0
4,PPI_PROCESSED_INTERMEDIATE_GOODS__2016-03__PPIITM__to__WPSID61,PPI_PROCESSED_INTERMEDIATE_GOODS,2016-03,PPIITM,WPSID61,adjacent_vintage_bridge,2016-02,2016-03,1986-09-01,0.005089069507470789,0.005089069507470789,0.0
4,PPI_PROCESSED_INTERMEDIATE_GOODS__2016-03__PPIITM__to__WPSID61,PPI_PROCESSED_INTERMEDIATE_GOODS,2016-03,PPIITM,WPSID61,adjacent_vintage_bridge,2016-02,2016-03,1986-10-01,-0.007121590532393363,-0.007121590532393363,0.0
4,PPI_PROCESSED_INTERMEDIATE_GOODS__2016-03__PPIITM__to__WPSID61,PPI_PROCESSED_INTERMEDIATE_GOODS,2016-03,PPIITM,WPSID61,adjacent_vintage_bridge,2016-02,2016-03,1986-11-01,0.0020325210249225734,0.0020325210249225734,0.0
4,PPI_PROCESSED_INTERMEDIATE_GOODS__2016-03__PPIITM__to__WPSID61,PPI_PROCESSED_INTERMEDIATE_GOODS,2016-03,PPIITM,WPSID61,adjacent_vintage_bridge,2016-02,2016-03,1986-12-01,0.0020325210249225734,0.0020325210249225734,0.0
4,PPI_PROCESSED_INTERMEDIATE_GOODS__2016-03__PPIITM__to__WPSID61,PPI_PROCESSED_INTERMEDIATE_GOODS,2016-03,PPIITM,WPSID61,adjacent_vintage_bridge,2016-02,2016-03,1987-01-01,0.003030780931624122,0.003030780931624122,0.0
4,PPI_PROCESSED_INTERMEDIATE_GOODS__2016-03__PPIITM__to__WPSID61,PPI_PROCESSED_INTERMEDIATE_GOODS,2016-03,PPIITM,WPSID61,adjacent_vintage_bridge,2016-02,2016-03,1987-02-01,0.002985031226281798,0.002985031226281798,0.0
4,PPI_PROCESSED_INTERMEDIATE_GOODS__2016-03__PPIITM__to__WPSID61,PPI_PROCESSED_INTERMEDIATE_GOODS,2016-03,PPIITM,WPSID61,adjacent_vintage_bridge,2016-02,2016-03,1987-03-01,-0.007046830845738761,-0.007046830845738761,0.0
4,PPI_PROCESSED_INTERMEDIATE_GOODS__2016-03__PPIITM__to__WPSID61,PPI_PROCESSED_INTERMEDIATE_GOODS,2016-03,PPIITM,WPSID61,adjacent_vintage_bridge,2016-02,2016-03,1987-04-01,0.0029945069762922216,0.0029945069762922216,0.0
4,PPI_PROCESSED_INTERMEDIATE_GOODS__2016-03__PPIITM__to__WPSID61,PPI_PROCESSED_INTERMEDIATE_GOODS,2016-03,PPIITM,WPSID61,adjacent_vintage_bridge,2016-02,2016-03,1987-05-01,0.0009766513559963386,0.0009766513559963386,0.0
4,PPI_PROCESSED_INTERMEDIATE_GOODS__2016-03__PPIITM__to__WPSID61,PPI_PROCESSED_INTERMEDIATE_GOODS,2016-03,PPIITM,WPSID61,adjacent_vintage_bridge,2016-02,2016-03,1987-06-01,0.0009620748504364229,0.0009620748504364229,0.0
4,PPI_PROCESSED_INTERMEDIATE_GOODS__2016-03__PPIITM__to__WPSID61,PPI_PROCESSED_INTERMEDIATE_GOODS,2016-03,PPIITM,WPSID61,adjacent_vintage_bridge,2016-02,2016-03,1987-07-01,-0.0010158864482185948,-0.0010158864482185948,0.0
4,PPI_PROCESSED_INTERMEDIATE_GOODS__2016-03__PPIITM__to__WPSID61,PPI_PROCESSED_INTERMEDIATE_GOODS,2016-03,PPIITM,WPSID61,adjacent_vintage_bridge,2016-02,2016-03,1987-08-01,-2.4076694868035986e-05,-2.4076694868035986e-05,0.0
4,PPI_PROCESSED_INTERMEDIATE_GOODS__2016-03__PPIITM__to__WPSID61,PPI_PROCESSED_INTERMEDIATE_GOODS,2016-03,PPIITM,WPSID61,adjacent_vintage_bridge,2016-02,2016-03,1987-09-01,-0.0029435522454663854,-0.0029435522454663854,0.0
4,PPI_PROCESSED_INTERMEDIATE_GOODS__2016-03__PPIITM__to__WPSID61,PPI_PROCESSED_INTERMEDIATE_GOODS,2016-03,PPIITM,WPSID61,adjacent_vintage_bridge,2016-02,2016-03,1987-10-01,0.002910238154983702,0.002910238154983702,0.0
4,PPI_PROCESSED_INTERMEDIATE_GOODS__2016-03__PPIITM__to__WPSID61,PPI_PROCESSED_INTERMEDIATE_GOODS,2016-03,PPIITM,WPSID61,adjacent_vintage_bridge,2016-02,2016-03,1987-11-01,-0.0009892366037362876,-0.0009892366037362876,0.0
4,PPI_PROCESSED_INTERMEDIATE_GOODS__2016-03__PPIITM__to__WPSID61,PPI_PROCESSED_INTERMEDIATE_GOODS,2016-03,PPIITM,WPSID61,adjacent_vintage_bridge,2016-02,2016-03,1987-12-01,-0.0009778636561446064,-0.0009778636561446064,0.0
4,PPI_PROCESSED_INTERMEDIATE_GOODS__2016-03__PPIITM__to__WPSID61,PPI_PROCESSED_INTERMEDIATE_GOODS,2016-03,PPIITM,WPSID61,adjacent_vintage_bridge,2016-02,2016-03,1988-01-01,-8.353137229022423e-06,-8.353137229022423e-06,0.0
4,PPI_PROCESSED_INTERMEDIATE_GOODS__2016-03__PPIITM__to__WPSID61,PPI_PROCESSED_INTERMEDIATE_GOODS,2016-03,PPIITM,WPSID61,adjacent_vintage_bridge,2016-02,2016-03,1988-02-01,-8.305061520275103e-06,-8.305061520275103e-06,0.0
4,PPI_PROCESSED_INTERMEDIATE_GOODS__2016-03__PPIITM__to__WPSID61,PPI_PROCESSED_INTERMEDIATE_GOODS,2016-03,PPIITM,WPSID61,adjacent_vintage_bridge,2016-02,2016-03,1988-03-01,0.0009463966107876587,0.0009463966107876587,0.0
4,PPI_PROCESSED_INTERMEDIATE_GOODS__2016-03__PPIITM__to__WPSID61,PPI_PROCESSED_INTERMEDIATE_GOODS,2016-03,PPIITM,WPSID61,adjacent_vintage_bridge,2016-02,2016-03,1988-04-01,0.002833084590776913,0.002833084590776913,0.0
4,PPI_PROCESSED_INTERMEDIATE_GOODS__2016-03__PPIITM__to__WPSID61,PPI_PROCESSED_INTERMEDIATE_GOODS,2016-03,PPIITM,WPSID61,adjacent_vintage_bridge,2016-02,2016-03,1988-05-01,-4.402513746271097e-05,-4.402513746271097e-05,0.0
4,PPI_PROCESSED_INTERMEDIATE_GOODS__2016-03__PPIITM__to__WPSID61,PPI_PROCESSED_INTERMEDIATE_GOODS,2016-03,PPIITM,WPSID61,adjacent_vintage_bridge,2016-02,2016-03,1988-06-01,0.004622917375209035,0.004622917375209035,0.0
4,PPI_PROCESSED_INTERMEDIATE_GOODS__2016-03__PPIITM__to__WPSID61,PPI_PROCESSED_INTERMEDIATE_GOODS,2016-03,PPIITM,WPSID61,adjacent_vintage_bridge,2016-02,2016-03,1988-07-01,-0.0028911013347459047,-0.0028911013347459047,0.0
4,PPI_PROCESSED_INTERMEDIATE_GOODS__2016-03__PPIITM__to__WPSID61,PPI_PROCESSED_INTERMEDIATE_GOODS,2016-03,PPIITM,WPSID61,adjacent_vintage_bridge,2016-02,2016-03,1988-08-01,-0.0064999529586105,-0.0064999529586105,0.0
4,PPI_PROCESSED_INTERMEDIATE_GOODS__2016-03__PPIITM__to__WPSID61,PPI_PROCESSED_INTERMEDIATE_GOODS,2016-03,PPIITM,WPSID61,adjacent_vintage_bridge,2016-02,2016-03,1988-09-01,-3.3978269202705746e-06,-3.3978269202705746e-06,0.0
4,PPI_PROCESSED_INTERMEDIATE_GOODS__2016-03__PPIITM__to__WPSID61,PPI_PROCESSED_INTERMEDIATE_GOODS,2016-03,PPIITM,WPSID61,adjacent_vintage_bridge,2016-02,2016-03,1988-10-01,-0.002762007773978503,-0.002762007773978503,0.0
4,PPI_PROCESSED_INTERMEDIATE_GOODS__2016-03__PPIITM__to__WPSID61,PPI_PROCESSED_INTERMEDIATE_GOODS,2016-03,PPIITM,WPSID61,adjacent_vintage_bridge,2016-02,2016-03,1988-11-01,0.0027603135493370345,0.0027603135493370345,0.0
4,PPI_PROCESSED_INTERMEDIATE_GOODS__2016-03__PPIITM__to__WPSID61,PPI_PROCESSED_INTERMEDIATE_GOODS,2016-03,PPIITM,WPSID61,adjacent_vintage_bridge,2016-02,2016-03,1988-12-01,0.003659628644030022,0.003659628644030022,0.0
4,PPI_PROCESSED_INTERMEDIATE_GOODS__2016-03__PPIITM__to__WPSID61,PPI_PROCESSED_INTERMEDIATE_GOODS,2016-03,PPIITM,WPSID61,adjacent_vintage_bridge,2016-02,2016-03,1989-01-01,0.007216328759264812,0.007216328759264812,0.0
4,PPI_PROCESSED_INTERMEDIATE_GOODS__2016-03__PPIITM__to__WPSID61,PPI_PROCESSED_INTERMEDIATE_GOODS,2016-03,PPIITM,WPSID61,adjacent_vintage_bridge,2016-02,2016-03,1989-02-01,-0.008213400356987144,-0.008213400356987144,0.0
4,PPI_PROCESSED_INTERMEDIATE_GOODS__2016-03__PPIITM__to__WPSID61,PPI_PROCESSED_INTERMEDIATE_GOODS,2016-03,PPIITM,WPSID61,adjacent_vintage_bridge,2016-02,2016-03,1989-03-01,0.0008738730680653006,0.0008738730680653006,0.0
4,PPI_PROCESSED_INTERMEDIATE_GOODS__2016-03__PPIITM__to__WPSID61,PPI_PROCESSED_INTERMEDIATE_GOODS,2016-03,PPIITM,WPSID61,adjacent_vintage_bridge,2016-02,2016-03,1989-04-01,-2.8750709786251605e-05,-2.8750709786251605e-05,0.0
4,PPI_PROCESSED_INTERMEDIATE_GOODS__2016-03__PPIITM__to__WPSID61,PPI_PROCESSED_INTERMEDIATE_GOODS,2016-03,PPIITM,WPSID61,adjacent_vintage_bridge,2016-02,2016-03,1989-05-01,-0.004459112265479348,-0.004459112265479348,0.0
4,PPI_PROCESSED_INTERMEDIATE_GOODS__2016-03__PPIITM__to__WPSID61,PPI_PROCESSED_INTERMEDIATE_GOODS,2016-03,PPIITM,WPSID61,adjacent_vintage_bridge,2016-02,2016-03,1989-06-01,-0.001776988122230705,-0.001776988122230705,0.0
4,PPI_PROCESSED_INTERMEDIATE_GOODS__2016-03__PPIITM__to__WPSID61,PPI_PROCESSED_INTERMEDIATE_GOODS,2016-03,PPIITM,WPSID61,adjacent_vintage_bridge,2016-02,2016-03,1989-07-01,-0.0017817344947630431,-0.0017817344947630431,0.0
4,PPI_PROCESSED_INTERMEDIATE_GOODS__2016-03__PPIITM__to__WPSID61,PPI_PROCESSED_INTERMEDIATE_GOODS,2016-03,PPIITM,WPSID61,adjacent_vintage_bridge,2016-02,2016-03,1989-08-01,-0.00090120381171932,-0.00090120381171932,0.0
4,PPI_PROCESSED_INTERMEDIATE_GOODS__2016-03__PPIITM__to__WPSID61,PPI_PROCESSED_INTERMEDIATE_GOODS,2016-03,PPIITM,WPSID61,adjacent_vintage_bridge,2016-02,2016-03,1989-09-01,0.006251201724713162,0.006251201724713162,0.0
4,PPI_PROCESSED_INTERMEDIATE_GOODS__2016-03__PPIITM__to__WPSID61,PPI_PROCESSED_INTERMEDIATE_GOODS,2016-03,PPIITM,WPSID61,adjacent_vintage_bridge,2016-02,2016-03,1989-10-01,-0.0017881063466331781,-0.0017881063466331781,0.0
4,PPI_PROCESSED_INTERMEDIATE_GOODS__2016-03__PPIITM__to__WPSID61,PPI_PROCESSED_INTERMEDIATE_GOODS,2016-03,PPIITM,WPSID61,adjacent_vintage_bridge,2016-02,2016-03,1989-11-01,-0.002675784803984449,-0.002675784803984449,0.0
4,PPI_PROCESSED_INTERMEDIATE_GOODS__2016-03__PPIITM__to__WPSID61,PPI_PROCESSED_INTERMEDIATE_GOODS,2016-03,PPIITM,WPSID61,adjacent_vintage_bridge,2016-02,2016-03,1989-12-01,0.0035682435870043605,0.0035682435870043605,0.0
4,PPI_PROCESSED_INTERMEDIATE_GOODS__2016-03__PPIITM__to__WPSID61,PPI_PROCESSED_INTERMEDIATE_GOODS,2016-03,PPIITM,WPSID61,adjacent_vintage_bridge,2016-02,2016-03,1990-01-01,0.011496285874391887,0.011496285874391887,0.0
4,PPI_PROCESSED_INTERMEDIATE_GOODS__2016-03__PPIITM__to__WPSID61,PPI_PROCESSED_INTERMEDIATE_GOODS,2016-03,PPIITM,WPSID61,adjacent_vintage_bridge,2016-02,2016-03,1990-02-01,-0.021227469360425744,-0.021227469360425744,0.0
4,PPI_PROCESSED_INTERMEDIATE_GOODS__2016-03__PPIITM__to__WPSID61,PPI_PROCESSED_INTERMEDIATE_GOODS,2016-03,PPIITM,WPSID61,adjacent_vintage_bridge,2016-02,2016-03,1990-03-01,0.008833193784189675,0.008833193784189675,0.0
4,PPI_PROCESSED_INTERMEDIATE_GOODS__2016-03__PPIITM__to__WPSID61,PPI_PROCESSED_INTERMEDIATE_GOODS,2016-03,PPIITM,WPSID61,adjacent_vintage_bridge,2016-02,2016-03,1990-04-01,0.0008837798748002612,0.0008837798748002612,0.0
4,PPI_PROCESSED_INTERMEDIATE_GOODS__2016-03__PPIITM__to__WPSID61,PPI_PROCESSED_INTERMEDIATE_GOODS,2016-03,PPIITM,WPSID61,adjacent_vintage_bridge,2016-02,2016-03,1990-05-01,-0.0017699119664582597,-0.0017699119664582597,0.0
4,PPI_PROCESSED_INTERMEDIATE_GOODS__2016-03__PPIITM__to__WPSID61,PPI_PROCESSED_INTERMEDIATE_GOODS,2016-03,PPIITM,WPSID61,adjacent_vintage_bridge,2016-02,2016-03,1990-06-01,-0.0017699119664582597,-0.0017699119664582597,0.0
4,PPI_PROCESSED_INTERMEDIATE_GOODS__2016-03__PPIITM__to__WPSID61,PPI_PROCESSED_INTERMEDIATE_GOODS,2016-03,PPIITM,WPSID61,adjacent_vintage_bridge,2016-02,2016-03,1990-07-01,0.0008837798748002612,0.0008837798748002612,0.0
4,PPI_PROCESSED_INTERMEDIATE_GOODS__2016-03__PPIITM__to__WPSID61,PPI_PROCESSED_INTERMEDIATE_GOODS,2016-03,PPIITM,WPSID61,adjacent_vintage_bridge,2016-02,2016-03,1990-08-01,0.011468241422194936,0.011468241422194936,0.0
4,PPI_PROCESSED_INTERMEDIATE_GOODS__2016-03__PPIITM__to__WPSID61,PPI_PROCESSED_INTERMEDIATE_GOODS,2016-03,PPIITM,WPSID61,adjacent_vintage_bridge,2016-02,2016-03,1990-09-01,0.005084007413862501,0.005084007413862501,0.0
4,PPI_PROCESSED_INTERMEDIATE_GOODS__2016-03__PPIITM__to__WPSID61,PPI_PROCESSED_INTERMEDIATE_GOODS,2016-03,PPIITM,WPSID61,adjacent_vintage_bridge,2016-02,2016-03,1990-10-01,-0.0019437744892982778,-0.0019437744892982778,0.0
4,PPI_PROCESSED_INTERMEDIATE_GOODS__2016-03__PPIITM__to__WPSID61,PPI_PROCESSED_INTERMEDIATE_GOODS,2016-03,PPIITM,WPSID61,adjacent_vintage_bridge,2016-02,2016-03,1990-11-01,-0.01117023538286599,-0.01117023538286599,0.0
4,PPI_PROCESSED_INTERMEDIATE_GOODS__2016-03__PPIITM__to__WPSID61,PPI_PROCESSED_INTERMEDIATE_GOODS,2016-03,PPIITM,WPSID61,adjacent_vintage_bridge,2016-02,2016-03,1990-12-01,-0.009372252660443614,-0.009372252660443614,0.0
4,PPI_PROCESSED_INTERMEDIATE_GOODS__2016-03__PPIITM__to__WPSID61,PPI_PROCESSED_INTERMEDIATE_GOODS,2016-03,PPIITM,WPSID61,adjacent_vintage_bridge,2016-02,2016-03,1991-01-01,0.006820145788208443,0.006820145788208443,0.0
4,PPI_PROCESSED_INTERMEDIATE_GOODS__2016-03__PPIITM__to__WPSID61,PPI_PROCESSED_INTERMEDIATE_GOODS,2016-03,PPIITM,WPSID61,adjacent_vintage_bridge,2016-02,2016-03,1991-02-01,-0.008591118132317277,-0.008591118132317277,0.0
4,PPI_PROCESSED_INTERMEDIATE_GOODS__2016-03__PPIITM__to__WPSID61,PPI_PROCESSED_INTERMEDIATE_GOODS,2016-03,PPIITM,WPSID61,adjacent_vintage_bridge,2016-02,2016-03,1991-03-01,-0.0018166080780632754,-0.0018166080780632754,0.0
4,PPI_PROCESSED_INTERMEDIATE_GOODS__2016-03__PPIITM__to__WPSID61,PPI_PROCESSED_INTERMEDIATE_GOODS,2016-03,PPIITM,WPSID61,adjacent_vintage_bridge,2016-02,2016-03,1991-04-01,0.006038999296965386,0.006038999296965386,0.0
4,PPI_PROCESSED_INTERMEDIATE_GOODS__2016-03__PPIITM__to__WPSID61,PPI_PROCESSED_INTERMEDIATE_GOODS,2016-03,PPIITM,WPSID61,adjacent_vintage_bridge,2016-02,2016-03,1991-05-01,0.003492686559535052,0.003492686559535052,0.0
4,PPI_PROCESSED_INTERMEDIATE_GOODS__2016-03__PPIITM__to__WPSID61,PPI_PROCESSED_INTERMEDIATE_GOODS,2016-03,PPIITM,WPSID61,adjacent_vintage_bridge,2016-02,2016-03,1991-06-01,-0.0008783460610128913,-0.0008783460610128913,0.0
4,PPI_PROCESSED_INTERMEDIATE_GOODS__2016-03__PPIITM__to__WPSID61,PPI_PROCESSED_INTERMEDIATE_GOODS,2016-03,PPIITM,WPSID61,adjacent_vintage_bridge,2016-02,2016-03,1991-07-01,-0.0008829777511927261,-0.0008829777511927261,0.0
4,PPI_PROCESSED_INTERMEDIATE_GOODS__2016-03__PPIITM__to__WPSID61,PPI_PROCESSED_INTERMEDIATE_GOODS,2016-03,PPIITM,WPSID61,adjacent_vintage_bridge,2016-02,2016-03,1991-08-01,0.00439637957126493,0.00439637957126493,0.0
4,PPI_PROCESSED_INTERMEDIATE_GOODS__2016-03__PPIITM__to__WPSID61,PPI_PROCESSED_INTERMEDIATE_GOODS,2016-03,PPIITM,WPSID61,adjacent_vintage_bridge,2016-02,2016-03,1991-09-01,-3.088702913878194e-06,-3.088702913878194e-06,0.0
4,PPI_PROCESSED_INTERMEDIATE_GOODS__2016-03__PPIITM__to__WPSID61,PPI_PROCESSED_INTERMEDIATE_GOODS,2016-03,PPIITM,WPSID61,adjacent_vintage_bridge,2016-02,2016-03,1991-10-01,-0.0017559267022653202,-0.0017559267022653202,0.0
4,PPI_PROCESSED_INTERMEDIATE_GOODS__2016-03__PPIITM__to__WPSID61,PPI_PROCESSED_INTERMEDIATE_GOODS,2016-03,PPIITM,WPSID61,adjacent_vintage_bridge,2016-02,2016-03,1991-11-01,0.0008768084735342185,0.0008768084735342185,0.0
4,PPI_PROCESSED_INTERMEDIATE_GOODS__2016-03__PPIITM__to__WPSID61,PPI_PROCESSED_INTERMEDIATE_GOODS,2016-03,PPIITM,WPSID61,adjacent_vintage_bridge,2016-02,2016-03,1991-12-01,-0.001753616947068437,-0.001753616947068437,0.0
4,PPI_PROCESSED_INTERMEDIATE_GOODS__2016-03__PPIITM__to__WPSID61,PPI_PROCESSED_INTERMEDIATE_GOODS,2016-03,PPIITM,WPSID61,adjacent_vintage_bridge,2016-02,2016-03,1992-01-01,-0.004400248627309367,-0.004400248627309367,0.0
4,PPI_PROCESSED_INTERMEDIATE_GOODS__2016-03__PPIITM__to__WPSID61,PPI_PROCESSED_INTERMEDIATE_GOODS,2016-03,PPIITM,WPSID61,adjacent_vintage_bridge,2016-02,2016-03,1992-02-01,0.00879818749942185,0.00879818749942185,0.0
4,PPI_PROCESSED_INTERMEDIATE_GOODS__2016-03__PPIITM__to__WPSID61,PPI_PROCESSED_INTERMEDIATE_GOODS,2016-03,PPIITM,WPSID61,adjacent_vintage_bridge,2016-02,2016-03,1992-03-01,-0.0026427816376717317,-0.0026427816376717317,0.0
4,PPI_PROCESSED_INTERMEDIATE_GOODS__2016-03__PPIITM__to__WPSID61,PPI_PROCESSED_INTERMEDIATE_GOODS,2016-03,PPIITM,WPSID61,adjacent_vintage_bridge,2016-02,2016-03,1992-04-01,0.0008760376539864723,0.0008760376539864723,0.0
4,PPI_PROCESSED_INTERMEDIATE_GOODS__2016-03__PPIITM__to__WPSID61,PPI_PROCESSED_INTERMEDIATE_GOODS,2016-03,PPIITM,WPSID61,adjacent_vintage_bridge,2016-02,2016-03,1992-05-01,0.0017451797113716694,0.0017451797113716694,0.0
4,PPI_PROCESSED_INTERMEDIATE_GOODS__2016-03__PPIITM__to__WPSID61,PPI_PROCESSED_INTERMEDIATE_GOODS,2016-03,PPIITM,WPSID61,adjacent_vintage_bridge,2016-02,2016-03,1992-06-01,0.00172692660727769,0.00172692660727769,0.0
4,PPI_PROCESSED_INTERMEDIATE_GOODS__2016-03__PPIITM__to__WPSID61,PPI_PROCESSED_INTERMEDIATE_GOODS,2016-03,PPIITM,WPSID61,adjacent_vintage_bridge,2016-02,2016-03,1992-07-01,-0.004358060199588287,-0.004358060199588287,0.0
4,PPI_PROCESSED_INTERMEDIATE_GOODS__2016-03__PPIITM__to__WPSID61,PPI_PROCESSED_INTERMEDIATE_GOODS,2016-03,PPIITM,WPSID61,adjacent_vintage_bridge,2016-02,2016-03,1992-08-01,-0.0017368650679081554,-0.0017368650679081554,0.0
4,PPI_PROCESSED_INTERMEDIATE_GOODS__2016-03__PPIITM__to__WPSID61,PPI_PROCESSED_INTERMEDIATE_GOODS,2016-03,PPIITM,WPSID61,adjacent_vintage_bridge,2016-02,2016-03,1992-09-01,0.0026045440811302,0.0026045440811302,0.0
4,PPI_PROCESSED_INTERMEDIATE_GOODS__2016-03__PPIITM__to__WPSID61,PPI_PROCESSED_INTERMEDIATE_GOODS,2016-03,PPIITM,WPSID61,adjacent_vintage_bridge,2016-02,2016-03,1992-10-01,-0.0017361115471761224,-0.0017361115471761224,0.0
4,PPI_PROCESSED_INTERMEDIATE_GOODS__2016-03__PPIITM__to__WPSID61,PPI_PROCESSED_INTERMEDIATE_GOODS,2016-03,PPIITM,WPSID61,adjacent_vintage_bridge,2016-02,2016-03,1992-11-01,-0.0017361115471761224,-0.0017361115471761224,0.0
4,PPI_PROCESSED_INTERMEDIATE_GOODS__2016-03__PPIITM__to__WPSID61,PPI_PROCESSED_INTERMEDIATE_GOODS,2016-03,PPIITM,WPSID61,adjacent_vintage_bridge,2016-02,2016-03,1992-12-01,0.0017361115471761224,0.0017361115471761224,0.0
4,PPI_PROCESSED_INTERMEDIATE_GOODS__2016-03__PPIITM__to__WPSID61,PPI_PROCESSED_INTERMEDIATE_GOODS,2016-03,PPIITM,WPSID61,adjacent_vintage_bridge,2016-02,2016-03,1993-01-01,0.0026030383461623785,0.0026030383461623785,0.0
4,PPI_PROCESSED_INTERMEDIATE_GOODS__2016-03__PPIITM__to__WPSID61,PPI_PROCESSED_INTERMEDIATE_GOODS,2016-03,PPIITM,WPSID61,adjacent_vintage_bridge,2016-02,2016-03,1993-02-01,0.001720357925544036,0.001720357925544036,0.0
4,PPI_PROCESSED_INTERMEDIATE_GOODS__2016-03__PPIITM__to__WPSID61,PPI_PROCESSED_INTERMEDIATE_GOODS,2016-03,PPIITM,WPSID61,adjacent_vintage_bridge,2016-02,2016-03,1993-03-01,-0.000878087092793578,-0.000878087092793578,0.0
4,PPI_PROCESSED_INTERMEDIATE_GOODS__2016-03__PPIITM__to__WPSID61,PPI_PROCESSED_INTERMEDIATE_GOODS,2016-03,PPIITM,WPSID61,adjacent_vintage_bridge,2016-02,2016-03,1993-04-01,-0.0008690947871397015,-0.0008690947871397015,0.0
4,PPI_PROCESSED_INTERMEDIATE_GOODS__2016-03__PPIITM__to__WPSID61,PPI_PROCESSED_INTERMEDIATE_GOODS,2016-03,PPIITM,WPSID61,adjacent_vintage_bridge,2016-02,2016-03,1993-05-01,-0.00515242878354627,-0.00515242878354627,0.0
4,PPI_PROCESSED_INTERMEDIATE_GOODS__2016-03__PPIITM__to__WPSID61,PPI_PROCESSED_INTERMEDIATE_GOODS,2016-03,PPIITM,WPSID61,adjacent_vintage_bridge,2016-02,2016-03,1993-06-01,0.002576214391773135,0.002576214391773135,0.0
4,PPI_PROCESSED_INTERMEDIATE_GOODS__2016-03__PPIITM__to__WPSID61,PPI_PROCESSED_INTERMEDIATE_GOODS,2016-03,PPIITM,WPSID61,adjacent_vintage_bridge,2016-02,2016-03,1993-07-01,0.0,0.0,0.0
4,PPI_PROCESSED_INTERMEDIATE_GOODS__2016-03__PPIITM__to__WPSID61,PPI_PROCESSED_INTERMEDIATE_GOODS,2016-03,PPIITM,WPSID61,adjacent_vintage_bridge,2016-02,2016-03,1993-08-01,-0.0008602151068073383,-0.0008602151068073383,0.0
4,PPI_PROCESSED_INTERMEDIATE_GOODS__2016-03__PPIITM__to__WPSID61,PPI_PROCESSED_INTERMEDIATE_GOODS,2016-03,PPIITM,WPSID61,adjacent_vintage_bridge,2016-02,2016-03,1993-09-01,0.0017204302136146765,0.0017204302136146765,0.0
4,PPI_PROCESSED_INTERMEDIATE_GOODS__2016-03__PPIITM__to__WPSID61,PPI_PROCESSED_INTERMEDIATE_GOODS,2016-03,PPIITM,WPSID61,adjacent_vintage_bridge,2016-02,2016-03,1993-10-01,-7.393340881733934e-07,-7.393340881733934e-07,0.0
4,PPI_PROCESSED_INTERMEDIATE_GOODS__2016-03__PPIITM__to__WPSID61,PPI_PROCESSED_INTERMEDIATE_GOODS,2016-03,PPIITM,WPSID61,adjacent_vintage_bridge,2016-02,2016-03,1993-11-01,-7.380643012311339e-07,-7.380643012311339e-07,0.0
4,PPI_PROCESSED_INTERMEDIATE_GOODS__2016-03__PPIITM__to__WPSID61,PPI_PROCESSED_INTERMEDIATE_GOODS,2016-03,PPIITM,WPSID61,adjacent_vintage_bridge,2016-02,2016-03,1993-12-01,-0.0034371662963623706,-0.0034371662963623706,0.0
4,PPI_PROCESSED_INTERMEDIATE_GOODS__2016-03__PPIITM__to__WPSID61,PPI_PROCESSED_INTERMEDIATE_GOODS,2016-03,PPIITM,WPSID61,adjacent_vintage_bridge,2016-02,2016-03,1994-01-01,0.005156857175888874,0.005156857175888874,0.0
4,PPI_PROCESSED_INTERMEDIATE_GOODS__2016-03__PPIITM__to__WPSID61,PPI_PROCESSED_INTERMEDIATE_GOODS,2016-03,PPIITM,WPSID61,adjacent_vintage_bridge,2016-02,2016-03,1994-02-01,0.000849166884322905,0.000849166884322905,0.0
4,PPI_PROCESSED_INTERMEDIATE_GOODS__2016-03__PPIITM__to__WPSID61,PPI_PROCESSED_INTERMEDIATE_GOODS,2016-03,PPIITM,WPSID61,adjacent_vintage_bridge,2016-02,2016-03,1994-03-01,-0.0017181933466190458,-0.0017181933466190458,0.0
4,PPI_PROCESSED_INTERMEDIATE_GOODS__2016-03__PPIITM__to__WPSID61,PPI_PROCESSED_INTERMEDIATE_GOODS,2016-03,PPIITM,WPSID61,adjacent_vintage_bridge,2016-02,2016-03,1994-04-01,-0.001709402125648296,-0.001709402125648296,0.0
4,PPI_PROCESSED_INTERMEDIATE_GOODS__2016-03__PPIITM__to__WPSID61,PPI_PROCESSED_INTERMEDIATE_GOODS,2016-03,PPIITM,WPSID61,adjacent_vintage_bridge,2016-02,2016-03,1994-05-01,0.0008536065392412695,0.0008536065392412695,0.0
4,PPI_PROCESSED_INTERMEDIATE_GOODS__2016-03__PPIITM__to__WPSID61,PPI_PROCESSED_INTERMEDIATE_GOODS,2016-03,PPIITM,WPSID61,adjacent_vintage_bridge,2016-02,2016-03,1994-06-01,0.004252787535332203,0.004252787535332203,0.0
4,PPI_PROCESSED_INTERMEDIATE_GOODS__2016-03__PPIITM__to__WPSID61,PPI_PROCESSED_INTERMEDIATE_GOODS,2016-03,PPIITM,WPSID61,adjacent_vintage_bridge,2016-02,2016-03,1994-07-01,-0.0008708943077184728,-0.0008708943077184728,0.0
4,PPI_PROCESSED_INTERMEDIATE_GOODS__2016-03__PPIITM__to__WPSID61,PPI_PROCESSED_INTERMEDIATE_GOODS,2016-03,PPIITM,WPSID61,adjacent_vintage_bridge,2016-02,2016-03,1994-08-01,0.00250420561005793,0.00250420561005793,0.0
4,PPI_PROCESSED_INTERMEDIATE_GOODS__2016-03__PPIITM__to__WPSID61,PPI_PROCESSED_INTERMEDIATE_GOODS,2016-03,PPIITM,WPSID61,adjacent_vintage_bridge,2016-02,2016-03,1994-09-01,-0.002550340221635139,-0.002550340221635139,0.0
4,PPI_PROCESSED_INTERMEDIATE_GOODS__2016-03__PPIITM__to__WPSID61,PPI_PROCESSED_INTERMEDIATE_GOODS,2016-03,PPIITM,WPSID61,adjacent_vintage_bridge,2016-02,2016-03,1994-10-01,-1.747758587189452e-05,-1.747758587189452e-05,0.0
4,PPI_PROCESSED_INTERMEDIATE_GOODS__2016-03__PPIITM__to__WPSID61,PPI_PROCESSED_INTERMEDIATE_GOODS,2016-03,PPIITM,WPSID61,adjacent_vintage_bridge,2016-02,2016-03,1994-11-01,0.0032939289413977946,0.0032939289413977946,0.0
4,PPI_PROCESSED_INTERMEDIATE_GOODS__2016-03__PPIITM__to__WPSID61,PPI_PROCESSED_INTERMEDIATE_GOODS,2016-03,PPIITM,WPSID61,adjacent_vintage_bridge,2016-02,2016-03,1994-12-01,-0.003342099326942183,-0.003342099326942183,0.0
4,PPI_PROCESSED_INTERMEDIATE_GOODS__2016-03__PPIITM__to__WPSID61,PPI_PROCESSED_INTERMEDIATE_GOODS,2016-03,PPIITM,WPSID61,adjacent_vintage_bridge,2016-02,2016-03,1995-01-01,0.006519035748577373,0.006519035748577373,0.0
4,PPI_PROCESSED_INTERMEDIATE_GOODS__2016-03__PPIITM__to__WPSID61,PPI_PROCESSED_INTERMEDIATE_GOODS,2016-03,PPIITM,WPSID61,adjacent_vintage_bridge,2016-02,2016-03,1995-02-01,-0.0033404892470381142,-0.0033404892470381142,0.0
4,PPI_PROCESSED_INTERMEDIATE_GOODS__2016-03__PPIITM__to__WPSID61,PPI_PROCESSED_INTERMEDIATE_GOODS,2016-03,PPIITM,WPSID61,adjacent_vintage_bridge,2016-02,2016-03,1995-03-01,-0.002463544567177678,-0.002463544567177678,0.0
4,PPI_PROCESSED_INTERMEDIATE_GOODS__2016-03__PPIITM__to__WPSID61,PPI_PROCESSED_INTERMEDIATE_GOODS,2016-03,PPIITM,WPSID61,adjacent_vintage_bridge,2016-02,2016-03,1995-04-01,0.0007770196674128371,0.0007770196674128371,0.0
4,PPI_PROCESSED_INTERMEDIATE_GOODS__2016-03__PPIITM__to__WPSID61,PPI_PROCESSED_INTERMEDIATE_GOODS,2016-03,PPIITM,WPSID61,adjacent_vintage_bridge,2016-02,2016-03,1995-05-01,-0.004017017421939606,-0.004017017421939606,0.0
4,PPI_PROCESSED_INTERMEDIATE_GOODS__2016-03__PPIITM__to__WPSID61,PPI_PROCESSED_INTERMEDIATE_GOODS,2016-03,PPIITM,WPSID61,adjacent_vintage_bridge,2016-02,2016-03,1995-06-01,0.0007945785421448193,0.0007945785421448193,0.0
4,PPI_PROCESSED_INTERMEDIATE_GOODS__2016-03__PPIITM__to__WPSID61,PPI_PROCESSED_INTERMEDIATE_GOODS,2016-03,PPIITM,WPSID61,adjacent_vintage_bridge,2016-02,2016-03,1995-07-01,-0.0015968044435821227,-0.0015968044435821227,0.0
4,PPI_PROCESSED_INTERMEDIATE_GOODS__2016-03__PPIITM__to__WPSID61,PPI_PROCESSED_INTERMEDIATE_GOODS,2016-03,PPIITM,WPSID61,adjacent_vintage_bridge,2016-02,2016-03,1995-08-01,-0.000796495462259017,-0.000796495462259017,0.0
4,PPI_PROCESSED_INTERMEDIATE_GOODS__2016-03__PPIITM__to__WPSID61,PPI_PROCESSED_INTERMEDIATE_GOODS,2016-03,PPIITM,WPSID61,adjacent_vintage_bridge,2016-02,2016-03,1995-09-01,-0.000796495462259017,-0.000796495462259017,0.0
4,PPI_PROCESSED_INTERMEDIATE_GOODS__2016-03__PPIITM__to__WPSID61,PPI_PROCESSED_INTERMEDIATE_GOODS,2016-03,PPIITM,WPSID61,adjacent_vintage_bridge,2016-02,2016-03,1995-10-01,-6.34910759522711e-07,-6.34910759522711e-07,0.0
4,PPI_PROCESSED_INTERMEDIATE_GOODS__2016-03__PPIITM__to__WPSID61,PPI_PROCESSED_INTERMEDIATE_GOODS,2016-03,PPIITM,WPSID61,adjacent_vintage_bridge,2016-02,2016-03,1995-11-01,-0.0007990391598040603,-0.0007990391598040603,0.0
4,PPI_PROCESSED_INTERMEDIATE_GOODS__2016-03__PPIITM__to__WPSID61,PPI_PROCESSED_INTERMEDIATE_GOODS,2016-03,PPIITM,WPSID61,adjacent_vintage_bridge,2016-02,2016-03,1995-12-01,0.0031923390656452,0.0031923390656452,0.0
4,PPI_PROCESSED_INTERMEDIATE_GOODS__2016-03__PPIITM__to__WPSID61,PPI_PROCESSED_INTERMEDIATE_GOODS,2016-03,PPIITM,WPSID61,adjacent_vintage_bridge,2016-02,2016-03,1996-01-01,-0.0007990391598040603,-0.0007990391598040603,0.0
4,PPI_PROCESSED_INTERMEDIATE_GOODS__2016-03__PPIITM__to__WPSID61,PPI_PROCESSED_INTERMEDIATE_GOODS,2016-03,PPIITM,WPSID61,adjacent_vintage_bridge,2016-02,2016-03,1996-02-01,-0.004789151642556,-0.004789151642556,0.0
4,PPI_PROCESSED_INTERMEDIATE_GOODS__2016-03__PPIITM__to__WPSID61,PPI_PROCESSED_INTERMEDIATE_GOODS,2016-03,PPIITM,WPSID61,adjacent_vintage_bridge,2016-02,2016-03,1996-03-01,0.006389145869258428,0.006389145869258428,0.0
4,PPI_PROCESSED_INTERMEDIATE_GOODS__2016-03__PPIITM__to__WPSID61,PPI_PROCESSED_INTERMEDIATE_GOODS,2016-03,PPIITM,WPSID61,adjacent_vintage_bridge,2016-02,2016-03,1996-04-01,0.0007901290944580808,0.0007901290944580808,0.0
4,PPI_PROCESSED_INTERMEDIATE_GOODS__2016-03__PPIITM__to__WPSID61,PPI_PROCESSED_INTERMEDIATE_GOODS,2016-03,PPIITM,WPSID61,adjacent_vintage_bridge,2016-02,2016-03,1996-05-01,0.0007825808167325476,0.0007825808167325476,0.0
4,PPI_PROCESSED_INTERMEDIATE_GOODS__2016-03__PPIITM__to__WPSID61,PPI_PROCESSED_INTERMEDIATE_GOODS,2016-03,PPIITM,WPSID61,adjacent_vintage_bridge,2016-02,2016-03,1996-06-01,-0.007144440351684267,-0.007144440351684267,0.0
4,PPI_PROCESSED_INTERMEDIATE_GOODS__2016-03__PPIITM__to__WPSID61,PPI_PROCESSED_INTERMEDIATE_GOODS,2016-03,PPIITM,WPSID61,adjacent_vintage_bridge,2016-02,2016-03,1996-07-01,0.000787020146271189,0.000787020146271189,0.0
4,PPI_PROCESSED_INTERMEDIATE_GOODS__2016-03__PPIITM__to__WPSID61,PPI_PROCESSED_INTERMEDIATE_GOODS,2016-03,PPIITM,WPSID61,adjacent_vintage_bridge,2016-02,2016-03,1996-08-01,0.0031840811567604987,0.0031840811567604987,0.0
4,PPI_PROCESSED_INTERMEDIATE_GOODS__2016-03__PPIITM__to__WPSID61,PPI_PROCESSED_INTERMEDIATE_GOODS,2016-03,PPIITM,WPSID61,adjacent_vintage_bridge,2016-02,2016-03,1996-09-01,0.0031764934745170947,0.0031764934745170947,0.0
4,PPI_PROCESSED_INTERMEDIATE_GOODS__2016-03__PPIITM__to__WPSID61,PPI_PROCESSED_INTERMEDIATE_GOODS,2016-03,PPIITM,WPSID61,adjacent_vintage_bridge,2016-02,2016-03,1996-10-01,-0.004766324956172241,-0.004766324956172241,0.0
4,PPI_PROCESSED_INTERMEDIATE_GOODS__2016-03__PPIITM__to__WPSID61,PPI_PROCESSED_INTERMEDIATE_GOODS,2016-03,PPIITM,WPSID61,adjacent_vintage_bridge,2016-02,2016-03,1996-11-01,-0.0007952266657413887,-0.0007952266657413887,0.0
4,PPI_PROCESSED_INTERMEDIATE_GOODS__2016-03__PPIITM__to__WPSID61,PPI_PROCESSED_INTERMEDIATE_GOODS,2016-03,PPIITM,WPSID61,adjacent_vintage_bridge,2016-02,2016-03,1996-12-01,0.00634670013155425,0.00634670013155425,0.0
4,PPI_PROCESSED_INTERMEDIATE_GOODS__2016-03__PPIITM__to__WPSID61,PPI_PROCESSED_INTERMEDIATE_GOODS,2016-03,PPIITM,WPSID61,adjacent_vintage_bridge,2016-02,2016-03,1997-01-01,-0.0031771094490977703,-0.0031771094490977703,0.0
4,PPI_PROCESSED_INTERMEDIATE_GOODS__2016-03__PPIITM__to__WPSID61,PPI_PROCESSED_INTERMEDIATE_GOODS,2016-03,PPIITM,WPSID61,adjacent_vintage_bridge,2016-02,2016-03,1997-02-01,-0.0023712295398201633,-0.0023712295398201633,0.0
4,PPI_PROCESSED_INTERMEDIATE_GOODS__2016-03__PPIITM__to__WPSID61,PPI_PROCESSED_INTERMEDIATE_GOODS,2016-03,PPIITM,WPSID61,adjacent_vintage_bridge,2016-02,2016-03,1997-03-01,-0.0023768636541996457,-0.0023768636541996457,0.0
4,PPI_PROCESSED_INTERMEDIATE_GOODS__2016-03__PPIITM__to__WPSID61,PPI_PROCESSED_INTERMEDIATE_GOODS,2016-03,PPIITM,WPSID61,adjacent_vintage_bridge,2016-02,2016-03,1997-04-01,-0.000805923740075265,-0.000805923740075265,0.0
4,PPI_PROCESSED_INTERMEDIATE_GOODS__2016-03__PPIITM__to__WPSID61,PPI_PROCESSED_INTERMEDIATE_GOODS,2016-03,PPIITM,WPSID61,adjacent_vintage_bridge,2016-02,2016-03,1997-05-01,0.002379363101498555,0.002379363101498555,0.0
4,PPI_PROCESSED_INTERMEDIATE_GOODS__2016-03__PPIITM__to__WPSID61,PPI_PROCESSED_INTERMEDIATE_GOODS,2016-03,PPIITM,WPSID61,adjacent_vintage_bridge,2016-02,2016-03,1997-06-01,0.0015936258352775567,0.0015936258352775567,0.0
4,PPI_PROCESSED_INTERMEDIATE_GOODS__2016-03__PPIITM__to__WPSID61,PPI_PROCESSED_INTERMEDIATE_GOODS,2016-03,PPIITM,WPSID61,adjacent_vintage_bridge,2016-02,2016-03,1997-07-01,-0.0023952107259548328,-0.0023952107259548328,0.0
4,PPI_PROCESSED_INTERMEDIATE_GOODS__2016-03__PPIITM__to__WPSID61,PPI_PROCESSED_INTERMEDIATE_GOODS,2016-03,PPIITM,WPSID61,adjacent_vintage_bridge,2016-02,2016-03,1997-08-01,0.003992655155111713,0.003992655155111713,0.0
4,PPI_PROCESSED_INTERMEDIATE_GOODS__2016-03__PPIITM__to__WPSID61,PPI_PROCESSED_INTERMEDIATE_GOODS,2016-03,PPIITM,WPSID61,adjacent_vintage_bridge,2016-02,2016-03,1997-09-01,-2.5477593403877563e-06,-2.5477593403877563e-06,0.0
4,PPI_PROCESSED_INTERMEDIATE_GOODS__2016-03__PPIITM__to__WPSID61,PPI_PROCESSED_INTERMEDIATE_GOODS,2016-03,PPIITM,WPSID61,adjacent_vintage_bridge,2016-02,2016-03,1997-10-01,-0.002392027042835032,-0.002392027042835032,0.0
4,PPI_PROCESSED_INTERMEDIATE_GOODS__2016-03__PPIITM__to__WPSID61,PPI_PROCESSED_INTERMEDIATE_GOODS,2016-03,PPIITM,WPSID61,adjacent_vintage_bridge,2016-02,2016-03,1997-11-01,0.0023907562082960965,0.0023907562082960965,0.0
4,PPI_PROCESSED_INTERMEDIATE_GOODS__2016-03__PPIITM__to__WPSID61,PPI_PROCESSED_INTERMEDIATE_GOODS,2016-03,PPIITM,WPSID61,adjacent_vintage_bridge,2016-02,2016-03,1997-12-01,-0.0031872516705551135,-0.0031872516705551135,0.0
4,PPI_PROCESSED_INTERMEDIATE_GOODS__2016-03__PPIITM__to__WPSID61,PPI_PROCESSED_INTERMEDIATE_GOODS,2016-03,PPIITM,WPSID61,adjacent_vintage_bridge,2016-02,2016-03,1998-01-01,-0.004806396010190284,-0.004806396010190284,0.0
4,PPI_PROCESSED_INTERMEDIATE_GOODS__2016-03__PPIITM__to__WPSID61,PPI_PROCESSED_INTERMEDIATE_GOODS,2016-03,PPIITM,WPSID61,adjacent_vintage_bridge,2016-02,2016-03,1998-02-01,0.0031845849914935442,0.0031845849914935442,0.0
4,PPI_PROCESSED_INTERMEDIATE_GOODS__2016-03__PPIITM__to__WPSID61,PPI_PROCESSED_INTERMEDIATE_GOODS,2016-03,PPIITM,WPSID61,adjacent_vintage_bridge,2016-02,2016-03,1998-03-01,-0.0008184532469615036,-0.0008184532469615036,0.0
4,PPI_PROCESSED_INTERMEDIATE_GOODS__2016-03__PPIITM__to__WPSID61,PPI_PROCESSED_INTERMEDIATE_GOODS,2016-03,PPIITM,WPSID61,adjacent_vintage_bridge,2016-02,2016-03,1998-04-01,0.0032251557260840613,0.0032251557260840613,0.0
4,PPI_PROCESSED_INTERMEDIATE_GOODS__2016-03__PPIITM__to__WPSID61,PPI_PROCESSED_INTERMEDIATE_GOODS,2016-03,PPIITM,WPSID61,adjacent_vintage_bridge,2016-02,2016-03,1998-05-01,-6.545807069713305e-07,-6.545807069713305e-07,0.0
4,PPI_PROCESSED_INTERMEDIATE_GOODS__2016-03__PPIITM__to__WPSID61,PPI_PROCESSED_INTERMEDIATE_GOODS,2016-03,PPIITM,WPSID61,adjacent_vintage_bridge,2016-02,2016-03,1998-06-01,-0.0024347339220653907,-0.0024347339220653907,0.0
4,PPI_PROCESSED_INTERMEDIATE_GOODS__2016-03__PPIITM__to__WPSID61,PPI_PROCESSED_INTERMEDIATE_GOODS,2016-03,PPIITM,WPSID61,adjacent_vintage_bridge,2016-02,2016-03,1998-07-01,0.0024314450596332193,0.0024314450596332193,0.0
4,PPI_PROCESSED_INTERMEDIATE_GOODS__2016-03__PPIITM__to__WPSID61,PPI_PROCESSED_INTERMEDIATE_GOODS,2016-03,PPIITM,WPSID61,adjacent_vintage_bridge,2016-02,2016-03,1998-08-01,-0.0016293258375608133,-0.0016293258375608133,0.0
4,PPI_PROCESSED_INTERMEDIATE_GOODS__2016-03__PPIITM__to__WPSID61,PPI_PROCESSED_INTERMEDIATE_GOODS,2016-03,PPIITM,WPSID61,adjacent_vintage_bridge,2016-02,2016-03,1998-09-01,-0.0008233053681871993,-0.0008233053681871993,0.0
4,PPI_PROCESSED_INTERMEDIATE_GOODS__2016-03__PPIITM__to__WPSID61,PPI_PROCESSED_INTERMEDIATE_GOODS,2016-03,PPIITM,WPSID61,adjacent_vintage_bridge,2016-02,2016-03,1998-10-01,0.002447313068107526,0.002447313068107526,0.0
4,PPI_PROCESSED_INTERMEDIATE_GOODS__2016-03__PPIITM__to__WPSID61,PPI_PROCESSED_INTERMEDIATE_GOODS,2016-03,PPIITM,WPSID61,adjacent_vintage_bridge,2016-02,2016-03,1998-11-01,-0.0008200060486069916,-0.0008200060486069916,0.0
4,PPI_PROCESSED_INTERMEDIATE_GOODS__2016-03__PPIITM__to__WPSID61,PPI_PROCESSED_INTERMEDIATE_GOODS,2016-03,PPIITM,WPSID61,adjacent_vintage_bridge,2016-02,2016-03,1998-12-01,-0.0041162267790140206,-0.0041162267790140206,0.0
4,PPI_PROCESSED_INTERMEDIATE_GOODS__2016-03__PPIITM__to__WPSID61,PPI_PROCESSED_INTERMEDIATE_GOODS,2016-03,PPIITM,WPSID61,adjacent_vintage_bridge,2016-02,2016-03,1999-01-01,0.004929486468461697,0.004929486468461697,0.0
4,PPI_PROCESSED_INTERMEDIATE_GOODS__2016-03__PPIITM__to__WPSID61,PPI_PROCESSED_INTERMEDIATE_GOODS,2016-03,PPIITM,WPSID61,adjacent_vintage_bridge,2016-02,2016-03,1999-02-01,-0.0024810458197084273,-0.0024810458197084273,0.0
4,PPI_PROCESSED_INTERMEDIATE_GOODS__2016-03__PPIITM__to__WPSID61,PPI_PROCESSED_INTERMEDIATE_GOODS,2016-03,PPIITM,WPSID61,adjacent_vintage_bridge,2016-02,2016-03,1999-03-01,0.005786153192831378,0.005786153192831378,0.0
4,PPI_PROCESSED_INTERMEDIATE_GOODS__2016-03__PPIITM__to__WPSID61,PPI_PROCESSED_INTERMEDIATE_GOODS,2016-03,PPIITM,WPSID61,adjacent_vintage_bridge,2016-02,2016-03,1999-04-01,0.004104020869847069,0.004104020869847069,0.0
4,PPI_PROCESSED_INTERMEDIATE_GOODS__2016-03__PPIITM__to__WPSID61,PPI_PROCESSED_INTERMEDIATE_GOODS,2016-03,PPIITM,WPSID61,adjacent_vintage_bridge,2016-02,2016-03,1999-05-01,-0.00412637567791041,-0.00412637567791041,0.0
4,PPI_PROCESSED_INTERMEDIATE_GOODS__2016-03__PPIITM__to__WPSID61,PPI_PROCESSED_INTERMEDIATE_GOODS,2016-03,PPIITM,WPSID61,adjacent_vintage_bridge,2016-02,2016-03,1999-06-01,0.0008099665143470602,0.0008099665143470602,0.0
4,PPI_PROCESSED_INTERMEDIATE_GOODS__2016-03__PPIITM__to__WPSID61,PPI_PROCESSED_INTERMEDIATE_GOODS,2016-03,PPIITM,WPSID61,adjacent_vintage_bridge,2016-02,2016-03,1999-07-01,0.0032361112045604656,0.0032361112045604656,0.0
4,PPI_PROCESSED_INTERMEDIATE_GOODS__2016-03__PPIITM__to__WPSID61,PPI_PROCESSED_INTERMEDIATE_GOODS,2016-03,PPIITM,WPSID61,adjacent_vintage_bridge,2016-02,2016-03,1999-08-01,-0.0008475072299027886,-0.0008475072299027886,0.0
4,PPI_PROCESSED_INTERMEDIATE_GOODS__2016-03__PPIITM__to__WPSID61,PPI_PROCESSED_INTERMEDIATE_GOODS,2016-03,PPIITM,WPSID61,adjacent_vintage_bridge,2016-02,2016-03,1999-09-01,-0.001635666596482288,-0.001635666596482288,0.0
4,PPI_PROCESSED_INTERMEDIATE_GOODS__2016-03__PPIITM__to__WPSID61,PPI_PROCESSED_INTERMEDIATE_GOODS,2016-03,PPIITM,WPSID61,adjacent_vintage_bridge,2016-02,2016-03,1999-10-01,-0.0016161033646122647,-0.0016161033646122647,0.0
4,PPI_PROCESSED_INTERMEDIATE_GOODS__2016-03__PPIITM__to__WPSID61,PPI_PROCESSED_INTERMEDIATE_GOODS,2016-03,PPIITM,WPSID61,adjacent_vintage_bridge,2016-02,2016-03,1999-11-01,0.001590400289109617,0.001590400289109617,0.0
4,PPI_PROCESSED_INTERMEDIATE_GOODS__2016-03__PPIITM__to__WPSID61,PPI_PROCESSED_INTERMEDIATE_GOODS,2016-03,PPIITM,WPSID61,adjacent_vintage_bridge,2016-02,2016-03,1999-12-01,-0.0008104949997687072,-0.0008104949997687072,0.0
4,PPI_PROCESSED_INTERMEDIATE_GOODS__2016-03__PPIITM__to__WPSID61,PPI_PROCESSED_INTERMEDIATE_GOODS,2016-03,PPIITM,WPSID61,adjacent_vintage_bridge,2016-02,2016-03,2000-01-01,0.001573421378896711,0.001573421378896711,0.0
4,PPI_PROCESSED_INTERMEDIATE_GOODS__2016-03__PPIITM__to__WPSID61,PPI_PROCESSED_INTERMEDIATE_GOODS,2016-03,PPIITM,WPSID61,adjacent_vintage_bridge,2016-02,2016-03,2000-02-01,0.0039067454393073575,0.0039067454393073575,0.0
4,PPI_PROCESSED_INTERMEDIATE_GOODS__2016-03__PPIITM__to__WPSID61,PPI_PROCESSED_INTERMEDIATE_GOODS,2016-03,PPIITM,WPSID61,adjacent_vintage_bridge,2016-02,2016-03,2000-03-01,-0.0016308562283446904,-0.0016308562283446904,0.0
4,PPI_PROCESSED_INTERMEDIATE_GOODS__2016-03__PPIITM__to__WPSID61,PPI_PROCESSED_INTERMEDIATE_GOODS,2016-03,PPIITM,WPSID61,adjacent_vintage_bridge,2016-02,2016-03,2000-04-01,-0.007813146291649531,-0.007813146291649531,0.0
4,PPI_PROCESSED_INTERMEDIATE_GOODS__2016-03__PPIITM__to__WPSID61,PPI_PROCESSED_INTERMEDIATE_GOODS,2016-03,PPIITM,WPSID61,adjacent_vintage_bridge,2016-02,2016-03,2000-05-01,-6.075007510375485e-07,-6.075007510375485e-07,0.0
4,PPI_PROCESSED_INTERMEDIATE_GOODS__2016-03__PPIITM__to__WPSID61,PPI_PROCESSED_INTERMEDIATE_GOODS,2016-03,PPIITM,WPSID61,adjacent_vintage_bridge,2016-02,2016-03,2000-06-01,0.009323468426263304,0.009323468426263304,0.0
4,PPI_PROCESSED_INTERMEDIATE_GOODS__2016-03__PPIITM__to__WPSID61,PPI_PROCESSED_INTERMEDIATE_GOODS,2016-03,PPIITM,WPSID61,adjacent_vintage_bridge,2016-02,2016-03,2000-07-01,-0.006226243150879718,-0.006226243150879718,0.0
4,PPI_PROCESSED_INTERMEDIATE_GOODS__2016-03__PPIITM__to__WPSID61,PPI_PROCESSED_INTERMEDIATE_GOODS,2016-03,PPIITM,WPSID61,adjacent_vintage_bridge,2016-02,2016-03,2000-08-01,-0.004634996280724835,-0.004634996280724835,0.0
4,PPI_PROCESSED_INTERMEDIATE_GOODS__2016-03__PPIITM__to__WPSID61,PPI_PROCESSED_INTERMEDIATE_GOODS,2016-03,PPIITM,WPSID61,adjacent_vintage_bridge,2016-02,2016-03,2000-09-01,0.010021696493350163,0.010021696493350163,0.0
4,PPI_PROCESSED_INTERMEDIATE_GOODS__2016-03__PPIITM__to__WPSID61,PPI_PROCESSED_INTERMEDIATE_GOODS,2016-03,PPIITM,WPSID61,adjacent_vintage_bridge,2016-02,2016-03,2000-10-01,-0.004639061853611182,-0.004639061853611182,0.0
4,PPI_PROCESSED_INTERMEDIATE_GOODS__2016-03__PPIITM__to__WPSID61,PPI_PROCESSED_INTERMEDIATE_GOODS,2016-03,PPIITM,WPSID61,adjacent_vintage_bridge,2016-02,2016-03,2000-11-01,-0.003065136499376564,-0.003065136499376564,0.0
4,PPI_PROCESSED_INTERMEDIATE_GOODS__2016-03__PPIITM__to__WPSID61,PPI_PROCESSED_INTERMEDIATE_GOODS,2016-03,PPIITM,WPSID61,adjacent_vintage_bridge,2016-02,2016-03,2000-12-01,0.00458016067857514,0.00458016067857514,0.0
4,PPI_PROCESSED_INTERMEDIATE_GOODS__2016-03__PPIITM__to__WPSID61,PPI_PROCESSED_INTERMEDIATE_GOODS,2016-03,PPIITM,WPSID61,adjacent_vintage_bridge,2016-02,2016-03,2001-01-01,0.0014942695409532192,0.0014942695409532192,0.0
4,PPI_PROCESSED_INTERMEDIATE_GOODS__2016-03__PPIITM__to__WPSID61,PPI_PROCESSED_INTERMEDIATE_GOODS,2016-03,PPIITM,WPSID61,adjacent_vintage_bridge,2016-02,2016-03,2001-02-01,-0.00834801967940102,-0.00834801967940102,0.0
4,PPI_PROCESSED_INTERMEDIATE_GOODS__2016-03__PPIITM__to__WPSID61,PPI_PROCESSED_INTERMEDIATE_GOODS,2016-03,PPIITM,WPSID61,adjacent_vintage_bridge,2016-02,2016-03,2001-03-01,-0.0038147094073828214,-0.0038147094073828214,0.0
4,PPI_PROCESSED_INTERMEDIATE_GOODS__2016-03__PPIITM__to__WPSID61,PPI_PROCESSED_INTERMEDIATE_GOODS,2016-03,PPIITM,WPSID61,adjacent_vintage_bridge,2016-02,2016-03,2001-04-01,0.005324648581958691,0.005324648581958691,0.0
4,PPI_PROCESSED_INTERMEDIATE_GOODS__2016-03__PPIITM__to__WPSID61,PPI_PROCESSED_INTERMEDIATE_GOODS,2016-03,PPIITM,WPSID61,adjacent_vintage_bridge,2016-02,2016-03,2001-05-01,0.0022903681390964437,0.0022903681390964437,0.0
4,PPI_PROCESSED_INTERMEDIATE_GOODS__2016-03__PPIITM__to__WPSID61,PPI_PROCESSED_INTERMEDIATE_GOODS,2016-03,PPIITM,WPSID61,adjacent_vintage_bridge,2016-02,2016-03,2001-06-01,-0.0030534357075993057,-0.0030534357075993057,0.0
4,PPI_PROCESSED_INTERMEDIATE_GOODS__2016-03__PPIITM__to__WPSID61,PPI_PROCESSED_INTERMEDIATE_GOODS,2016-03,PPIITM,WPSID61,adjacent_vintage_bridge,2016-02,2016-03,2001-07-01,-0.009998572995254307,-0.009998572995254307,0.0
4,PPI_PROCESSED_INTERMEDIATE_GOODS__2016-03__PPIITM__to__WPSID61,PPI_PROCESSED_INTERMEDIATE_GOODS,2016-03,PPIITM,WPSID61,adjacent_vintage_bridge,2016-02,2016-03,2001-08-01,0.00920420663485011,0.00920420663485011,0.0
4,PPI_PROCESSED_INTERMEDIATE_GOODS__2016-03__PPIITM__to__WPSID61,PPI_PROCESSED_INTERMEDIATE_GOODS,2016-03,PPIITM,WPSID61,adjacent_vintage_bridge,2016-02,2016-03,2001-09-01,0.0038690721394187833,0.0038690721394187833,0.0
4,PPI_PROCESSED_INTERMEDIATE_GOODS__2016-03__PPIITM__to__WPSID61,PPI_PROCESSED_INTERMEDIATE_GOODS,2016-03,PPIITM,WPSID61,adjacent_vintage_bridge,2016-02,2016-03,2001-10-01,-0.014782902792337183,-0.014782902792337183,0.0
4,PPI_PROCESSED_INTERMEDIATE_GOODS__2016-03__PPIITM__to__WPSID61,PPI_PROCESSED_INTERMEDIATE_GOODS,2016-03,PPIITM,WPSID61,adjacent_vintage_bridge,2016-02,2016-03,2001-11-01,0.008521630415024184,0.008521630415024184,0.0
4,PPI_PROCESSED_INTERMEDIATE_GOODS__2016-03__PPIITM__to__WPSID61,PPI_PROCESSED_INTERMEDIATE_GOODS,2016-03,PPIITM,WPSID61,adjacent_vintage_bridge,2016-02,2016-03,2001-12-01,-0.00239855903561903,-0.00239855903561903,0.0
4,PPI_PROCESSED_INTERMEDIATE_GOODS__2016-03__PPIITM__to__WPSID61,PPI_PROCESSED_INTERMEDIATE_GOODS,2016-03,PPIITM,WPSID61,adjacent_vintage_bridge,2016-02,2016-03,2002-01-01,0.003934716113044523,0.003934716113044523,0.0
4,PPI_PROCESSED_INTERMEDIATE_GOODS__2016-03__PPIITM__to__WPSID61,PPI_PROCESSED_INTERMEDIATE_GOODS,2016-03,PPIITM,WPSID61,adjacent_vintage_bridge,2016-02,2016-03,2002-02-01,0.0015847703503100163,0.0015847703503100163,0.0
4,PPI_PROCESSED_INTERMEDIATE_GOODS__2016-03__PPIITM__to__WPSID61,PPI_PROCESSED_INTERMEDIATE_GOODS,2016-03,PPIITM,WPSID61,adjacent_vintage_bridge,2016-02,2016-03,2002-03-01,0.00873808016528077,0.00873808016528077,0.0
4,PPI_PROCESSED_INTERMEDIATE_GOODS__2016-03__PPIITM__to__WPSID61,PPI_PROCESSED_INTERMEDIATE_GOODS,2016-03,PPIITM,WPSID61,adjacent_vintage_bridge,2016-02,2016-03,2002-04-01,-0.0008365539476535844,-0.0008365539476535844,0.0
4,PPI_PROCESSED_INTERMEDIATE_GOODS__2016-03__PPIITM__to__WPSID61,PPI_PROCESSED_INTERMEDIATE_GOODS,2016-03,PPIITM,WPSID61,adjacent_vintage_bridge,2016-02,2016-03,2002-05-01,-0.007095641903878125,-0.007095641903878125,0.0
4,PPI_PROCESSED_INTERMEDIATE_GOODS__2016-03__PPIITM__to__WPSID61,PPI_PROCESSED_INTERMEDIATE_GOODS,2016-03,PPIITM,WPSID61,adjacent_vintage_bridge,2016-02,2016-03,2002-06-01,0.002358800078566148,0.002358800078566148,0.0
4,PPI_PROCESSED_INTERMEDIATE_GOODS__2016-03__PPIITM__to__WPSID61,PPI_PROCESSED_INTERMEDIATE_GOODS,2016-03,PPIITM,WPSID61,adjacent_vintage_bridge,2016-02,2016-03,2002-07-01,0.0015649301071798405,0.0015649301071798405,0.0
4,PPI_PROCESSED_INTERMEDIATE_GOODS__2016-03__PPIITM__to__WPSID61,PPI_PROCESSED_INTERMEDIATE_GOODS,2016-03,PPIITM,WPSID61,adjacent_vintage_bridge,2016-02,2016-03,2002-08-01,-0.0007907565940090677,-0.0007907565940090677,0.0
4,PPI_PROCESSED_INTERMEDIATE_GOODS__2016-03__PPIITM__to__WPSID61,PPI_PROCESSED_INTERMEDIATE_GOODS,2016-03,PPIITM,WPSID61,adjacent_vintage_bridge,2016-02,2016-03,2002-09-01,0.004660145144401717,0.004660145144401717,0.0
4,PPI_PROCESSED_INTERMEDIATE_GOODS__2016-03__PPIITM__to__WPSID61,PPI_PROCESSED_INTERMEDIATE_GOODS,2016-03,PPIITM,WPSID61,adjacent_vintage_bridge,2016-02,2016-03,2002-10-01,-4.87517006773075e-05,-4.87517006773075e-05,0.0
4,PPI_PROCESSED_INTERMEDIATE_GOODS__2016-03__PPIITM__to__WPSID61,PPI_PROCESSED_INTERMEDIATE_GOODS,2016-03,PPIITM,WPSID61,adjacent_vintage_bridge,2016-02,2016-03,2002-11-01,-0.006187774918283928,-0.006187774918283928,0.0
4,PPI_PROCESSED_INTERMEDIATE_GOODS__2016-03__PPIITM__to__WPSID61,PPI_PROCESSED_INTERMEDIATE_GOODS,2016-03,PPIITM,WPSID61,adjacent_vintage_bridge,2016-02,2016-03,2002-12-01,-5.926275354894983e-07,-5.926275354894983e-07,0.0
4,PPI_PROCESSED_INTERMEDIATE_GOODS__2016-03__PPIITM__to__WPSID61,PPI_PROCESSED_INTERMEDIATE_GOODS,2016-03,PPIITM,WPSID61,adjacent_vintage_bridge,2016-02,2016-03,2003-01-01,0.009942128815899842,0.009942128815899842,0.0
4,PPI_PROCESSED_INTERMEDIATE_GOODS__2016-03__PPIITM__to__WPSID61,PPI_PROCESSED_INTERMEDIATE_GOODS,2016-03,PPIITM,WPSID61,adjacent_vintage_bridge,2016-02,2016-03,2003-02-01,0.0073883860486896324,0.0073883860486896324,0.0
4,PPI_PROCESSED_INTERMEDIATE_GOODS__2016-03__PPIITM__to__WPSID61,PPI_PROCESSED_INTERMEDIATE_GOODS,2016-03,PPIITM,WPSID61,adjacent_vintage_bridge,2016-02,2016-03,2003-03-01,0.00041214936474087693,0.00041214936474087693,0.0
4,PPI_PROCESSED_INTERMEDIATE_GOODS__2016-03__PPIITM__to__WPSID61,PPI_PROCESSED_INTERMEDIATE_GOODS,2016-03,PPIITM,WPSID61,adjacent_vintage_bridge,2016-02,2016-03,2003-04-01,-0.04226980430977978,-0.04226980430977978,0.0
4,PPI_PROCESSED_INTERMEDIATE_GOODS__2016-03__PPIITM__to__WPSID61,PPI_PROCESSED_INTERMEDIATE_GOODS,2016-03,PPIITM,WPSID61,adjacent_vintage_bridge,2016-02,2016-03,2003-05-01,0.018484531403262672,0.018484531403262672,0.0
4,PPI_PROCESSED_INTERMEDIATE_GOODS__2016-03__PPIITM__to__WPSID61,PPI_PROCESSED_INTERMEDIATE_GOODS,2016-03,PPIITM,WPSID61,adjacent_vintage_bridge,2016-02,2016-03,2003-06-01,0.010546163796316677,0.010546163796316677,0.0
4,PPI_PROCESSED_INTERMEDIATE_GOODS__2016-03__PPIITM__to__WPSID61,PPI_PROCESSED_INTERMEDIATE_GOODS,2016-03,PPIITM,WPSID61,adjacent_vintage_bridge,2016-02,2016-03,2003-07-01,-0.003771580114561246,-0.003771580114561246,0.0
4,PPI_PROCESSED_INTERMEDIATE_GOODS__2016-03__PPIITM__to__WPSID61,PPI_PROCESSED_INTERMEDIATE_GOODS,2016-03,PPIITM,WPSID61,adjacent_vintage_bridge,2016-02,2016-03,2003-08-01,0.0029895237288668497,0.0029895237288668497,0.0
4,PPI_PROCESSED_INTERMEDIATE_GOODS__2016-03__PPIITM__to__WPSID61,PPI_PROCESSED_INTERMEDIATE_GOODS,2016-03,PPIITM,WPSID61,adjacent_vintage_bridge,2016-02,2016-03,2003-09-01,-0.0052381305154627356,-0.0052381305154627356,0.0
4,PPI_PROCESSED_INTERMEDIATE_GOODS__2016-03__PPIITM__to__WPSID61,PPI_PROCESSED_INTERMEDIATE_GOODS,2016-03,PPIITM,WPSID61,adjacent_vintage_bridge,2016-02,2016-03,2003-10-01,0.003732181846451965,0.003732181846451965,0.0
4,PPI_PROCESSED_INTERMEDIATE_GOODS__2016-03__PPIITM__to__WPSID61,PPI_PROCESSED_INTERMEDIATE_GOODS,2016-03,PPIITM,WPSID61,adjacent_vintage_bridge,2016-02,2016-03,2003-11-01,-0.0029850768434531716,-0.0029850768434531716,0.0
4,PPI_PROCESSED_INTERMEDIATE_GOODS__2016-03__PPIITM__to__WPSID61,PPI_PROCESSED_INTERMEDIATE_GOODS,2016-03,PPIITM,WPSID61,adjacent_vintage_bridge,2016-02,2016-03,2003-12-01,0.005943553900848109,0.005943553900848109,0.0
4,PPI_PROCESSED_INTERMEDIATE_GOODS__2016-03__PPIITM__to__WPSID61,PPI_PROCESSED_INTERMEDIATE_GOODS,2016-03,PPIITM,WPSID61,adjacent_vintage_bridge,2016-02,2016-03,2004-01-01,0.0058386147974118785,0.0058386147974118785,0.0
4,PPI_PROCESSED_INTERMEDIATE_GOODS__2016-03__PPIITM__to__WPSID61,PPI_PROCESSED_INTERMEDIATE_GOODS,2016-03,PPIITM,WPSID61,adjacent_vintage_bridge,2016-02,2016-03,2004-02-01,-0.0030357572553914025,-0.0030357572553914025,0.0
4,PPI_PROCESSED_INTERMEDIATE_GOODS__2016-03__PPIITM__to__WPSID61,PPI_PROCESSED_INTERMEDIATE_GOODS,2016-03,PPIITM,WPSID61,adjacent_vintage_bridge,2016-02,2016-03,2004-03-01,-0.004401726838857201,-0.004401726838857201,0.0
4,PPI_PROCESSED_INTERMEDIATE_GOODS__2016-03__PPIITM__to__WPSID61,PPI_PROCESSED_INTERMEDIATE_GOODS,2016-03,PPIITM,WPSID61,adjacent_vintage_bridge,2016-02,2016-03,2004-04-01,0.007863725555380618,0.007863725555380618,0.0
4,PPI_PROCESSED_INTERMEDIATE_GOODS__2016-03__PPIITM__to__WPSID61,PPI_PROCESSED_INTERMEDIATE_GOODS,2016-03,PPIITM,WPSID61,adjacent_vintage_bridge,2016-02,2016-03,2004-05-01,-0.0008527168057188561,-0.0008527168057188561,0.0
4,PPI_PROCESSED_INTERMEDIATE_GOODS__2016-03__PPIITM__to__WPSID61,PPI_PROCESSED_INTERMEDIATE_GOODS,2016-03,PPIITM,WPSID61,adjacent_vintage_bridge,2016-02,2016-03,2004-06-01,-0.007833322681167765,-0.007833322681167765,0.0
4,PPI_PROCESSED_INTERMEDIATE_GOODS__2016-03__PPIITM__to__WPSID61,PPI_PROCESSED_INTERMEDIATE_GOODS,2016-03,PPIITM,WPSID61,adjacent_vintage_bridge,2016-02,2016-03,2004-07-01,0.0013881968941760192,0.0013881968941760192,0.0
4,PPI_PROCESSED_INTERMEDIATE_GOODS__2016-03__PPIITM__to__WPSID61,PPI_PROCESSED_INTERMEDIATE_GOODS,2016-03,PPIITM,WPSID61,adjacent_vintage_bridge,2016-02,2016-03,2004-08-01,0.00553157395622339,0.00553157395622339,0.0
4,PPI_PROCESSED_INTERMEDIATE_GOODS__2016-03__PPIITM__to__WPSID61,PPI_PROCESSED_INTERMEDIATE_GOODS,2016-03,PPIITM,WPSID61,adjacent_vintage_bridge,2016-02,2016-03,2004-09-01,-0.0076758880300147325,-0.0076758880300147325,0.0
4,PPI_PROCESSED_INTERMEDIATE_GOODS__2016-03__PPIITM__to__WPSID61,PPI_PROCESSED_INTERMEDIATE_GOODS,2016-03,PPIITM,WPSID61,adjacent_vintage_bridge,2016-02,2016-03,2004-10-01,0.009588056008044354,0.009588056008044354,0.0
4,PPI_PROCESSED_INTERMEDIATE_GOODS__2016-03__PPIITM__to__WPSID61,PPI_PROCESSED_INTERMEDIATE_GOODS,2016-03,PPIITM,WPSID61,adjacent_vintage_bridge,2016-02,2016-03,2004-11-01,-0.003525729236731223,-0.003525729236731223,0.0
4,PPI_PROCESSED_INTERMEDIATE_GOODS__2016-03__PPIITM__to__WPSID61,PPI_PROCESSED_INTERMEDIATE_GOODS,2016-03,PPIITM,WPSID61,adjacent_vintage_bridge,2016-02,2016-03,2004-12-01,-0.010181760443622956,-0.010181760443622956,0.0
4,PPI_PROCESSED_INTERMEDIATE_GOODS__2016-03__PPIITM__to__WPSID61,PPI_PROCESSED_INTERMEDIATE_GOODS,2016-03,PPIITM,WPSID61,adjacent_vintage_bridge,2016-02,2016-03,2005-01-01,0.006754948884839962,0.006754948884839962,0.0
4,PPI_PROCESSED_INTERMEDIATE_GOODS__2016-03__PPIITM__to__WPSID61,PPI_PROCESSED_INTERMEDIATE_GOODS,2016-03,PPIITM,WPSID61,adjacent_vintage_bridge,2016-02,2016-03,2005-02-01,0.0013096658825668683,0.0013096658825668683,0.0
4,PPI_PROCESSED_INTERMEDIATE_GOODS__2016-03__PPIITM__to__WPSID61,PPI_PROCESSED_INTERMEDIATE_GOODS,2016-03,PPIITM,WPSID61,adjacent_vintage_bridge,2016-02,2016-03,2005-03-01,0.0012832782137213172,0.0012832782137213172,0.0
4,PPI_PROCESSED_INTERMEDIATE_GOODS__2016-03__PPIITM__to__WPSID61,PPI_PROCESSED_INTERMEDIATE_GOODS,2016-03,PPIITM,WPSID61,adjacent_vintage_bridge,2016-02,2016-03,2005-04-01,-0.004021197639848317,-0.004021197639848317,0.0
4,PPI_PROCESSED_INTERMEDIATE_GOODS__2016-03__PPIITM__to__WPSID61,PPI_PROCESSED_INTERMEDIATE_GOODS,2016-03,PPIITM,WPSID61,adjacent_vintage_bridge,2016-02,2016-03,2005-05-01,-0.008610820590376989,-0.008610820590376989,0.0
4,PPI_PROCESSED_INTERMEDIATE_GOODS__2016-03__PPIITM__to__WPSID61,PPI_PROCESSED_INTERMEDIATE_GOODS,2016-03,PPIITM,WPSID61,adjacent_vintage_bridge,2016-02,2016-03,2005-06-01,0.007951859341417844,0.007951859341417844,0.0
4,PPI_PROCESSED_INTERMEDIATE_GOODS__2016-03__PPIITM__to__WPSID61,PPI_PROCESSED_INTERMEDIATE_GOODS,2016-03,PPIITM,WPSID61,adjacent_vintage_bridge,2016-02,2016-03,2005-07-01,0.00459583670952135,0.00459583670952135,0.0
4,PPI_PROCESSED_INTERMEDIATE_GOODS__2016-03__PPIITM__to__WPSID61,PPI_PROCESSED_INTERMEDIATE_GOODS,2016-03,PPIITM,WPSID61,adjacent_vintage_bridge,2016-02,2016-03,2005-08-01,-0.002018393217047887,-0.002018393217047887,0.0
4,PPI_PROCESSED_INTERMEDIATE_GOODS__2016-03__PPIITM__to__WPSID61,PPI_PROCESSED_INTERMEDIATE_GOODS,2016-03,PPIITM,WPSID61,adjacent_vintage_bridge,2016-02,2016-03,2005-09-01,0.01988262528324114,0.01988262528324114,0.0
4,PPI_PROCESSED_INTERMEDIATE_GOODS__2016-03__PPIITM__to__WPSID61,PPI_PROCESSED_INTERMEDIATE_GOODS,2016-03,PPIITM,WPSID61,adjacent_vintage_bridge,2016-02,2016-03,2005-10-01,0.0061529718368236175,0.0061529718368236175,0.0
4,PPI_PROCESSED_INTERMEDIATE_GOODS__2016-03__PPIITM__to__WPSID61,PPI_PROCESSED_INTERMEDIATE_GOODS,2016-03,PPIITM,WPSID61,adjacent_vintage_bridge,2016-02,2016-03,2005-11-01,-0.04432700943047685,-0.04432700943047685,0.0
4,PPI_PROCESSED_INTERMEDIATE_GOODS__2016-03__PPIITM__to__WPSID61,PPI_PROCESSED_INTERMEDIATE_GOODS,2016-03,PPIITM,WPSID61,adjacent_vintage_bridge,2016-02,2016-03,2005-12-01,0.011775389923789348,0.011775389923789348,0.0
4,PPI_PROCESSED_INTERMEDIATE_GOODS__2016-03__PPIITM__to__WPSID61,PPI_PROCESSED_INTERMEDIATE_GOODS,2016-03,PPIITM,WPSID61,adjacent_vintage_bridge,2016-02,2016-03,2006-01-01,0.014263418074566658,0.014263418074566658,0.0
4,PPI_PROCESSED_INTERMEDIATE_GOODS__2016-03__PPIITM__to__WPSID61,PPI_PROCESSED_INTERMEDIATE_GOODS,2016-03,PPIITM,WPSID61,adjacent_vintage_bridge,2016-02,2016-03,2006-02-01,-0.018577674733900373,-0.018577674733900373,0.0
4,PPI_PROCESSED_INTERMEDIATE_GOODS__2016-03__PPIITM__to__WPSID61,PPI_PROCESSED_INTERMEDIATE_GOODS,2016-03,PPIITM,WPSID61,adjacent_vintage_bridge,2016-02,2016-03,2006-03-01,0.0043192782162977394,0.0043192782162977394,0.0
4,PPI_PROCESSED_INTERMEDIATE_GOODS__2016-03__PPIITM__to__WPSID61,PPI_PROCESSED_INTERMEDIATE_GOODS,2016-03,PPIITM,WPSID61,adjacent_vintage_bridge,2016-02,2016-03,2006-04-01,0.009864061568335636,0.009864061568335636,0.0
4,PPI_PROCESSED_INTERMEDIATE_GOODS__2016-03__PPIITM__to__WPSID61,PPI_PROCESSED_INTERMEDIATE_GOODS,2016-03,PPIITM,WPSID61,adjacent_vintage_bridge,2016-02,2016-03,2006-05-01,-0.0006927763287336575,-0.0006927763287336575,0.0
4,PPI_PROCESSED_INTERMEDIATE_GOODS__2016-03__PPIITM__to__WPSID61,PPI_PROCESSED_INTERMEDIATE_GOODS,2016-03,PPIITM,WPSID61,adjacent_vintage_bridge,2016-02,2016-03,2006-06-01,-0.00369790335051956,-0.00369790335051956,0.0
4,PPI_PROCESSED_INTERMEDIATE_GOODS__2016-03__PPIITM__to__WPSID61,PPI_PROCESSED_INTERMEDIATE_GOODS,2016-03,PPIITM,WPSID61,adjacent_vintage_bridge,2016-02,2016-03,2006-07-01,-0.0030400447345586556,-0.0030400447345586556,0.0
4,PPI_PROCESSED_INTERMEDIATE_GOODS__2016-03__PPIITM__to__WPSID61,PPI_PROCESSED_INTERMEDIATE_GOODS,2016-03,PPIITM,WPSID61,adjacent_vintage_bridge,2016-02,2016-03,2006-08-01,0.004209780873141611,0.004209780873141611,0.0
4,PPI_PROCESSED_INTERMEDIATE_GOODS__2016-03__PPIITM__to__WPSID61,PPI_PROCESSED_INTERMEDIATE_GOODS,2016-03,PPIITM,WPSID61,adjacent_vintage_bridge,2016-02,2016-03,2006-09-01,-0.016893786840284974,-0.016893786840284974,0.0
4,PPI_PROCESSED_INTERMEDIATE_GOODS__2016-03__PPIITM__to__WPSID61,PPI_PROCESSED_INTERMEDIATE_GOODS,2016-03,PPIITM,WPSID61,adjacent_vintage_bridge,2016-02,2016-03,2006-10-01,0.0004942358600716901,0.0004942358600716901,0.0
4,PPI_PROCESSED_INTERMEDIATE_GOODS__2016-03__PPIITM__to__WPSID61,PPI_PROCESSED_INTERMEDIATE_GOODS,2016-03,PPIITM,WPSID61,adjacent_vintage_bridge,2016-02,2016-03,2006-11-01,0.015271406989039171,0.015271406989039171,0.0
4,PPI_PROCESSED_INTERMEDIATE_GOODS__2016-03__PPIITM__to__WPSID61,PPI_PROCESSED_INTERMEDIATE_GOODS,2016-03,PPIITM,WPSID61,adjacent_vintage_bridge,2016-02,2016-03,2006-12-01,0.0005834951524184007,0.0005834951524184007,0.0
4,PPI_PROCESSED_INTERMEDIATE_GOODS__2016-03__PPIITM__to__WPSID61,PPI_PROCESSED_INTERMEDIATE_GOODS,2016-03,PPIITM,WPSID61,adjacent_vintage_bridge,2016-02,2016-03,2007-01-01,-0.009129104852174663,-0.009129104852174663,0.0
4,PPI_PROCESSED_INTERMEDIATE_GOODS__2016-03__PPIITM__to__WPSID61,PPI_PROCESSED_INTERMEDIATE_GOODS,2016-03,PPIITM,WPSID61,adjacent_vintage_bridge,2016-02,2016-03,2007-02-01,0.010935645818483053,0.010935645818483053,0.0
4,PPI_PROCESSED_INTERMEDIATE_GOODS__2016-03__PPIITM__to__WPSID61,PPI_PROCESSED_INTERMEDIATE_GOODS,2016-03,PPIITM,WPSID61,adjacent_vintage_bridge,2016-02,2016-03,2007-03-01,0.0011477781988356028,0.0011477781988356028,0.0
4,PPI_PROCESSED_INTERMEDIATE_GOODS__2016-03__PPIITM__to__WPSID61,PPI_PROCESSED_INTERMEDIATE_GOODS,2016-03,PPIITM,WPSID61,adjacent_vintage_bridge,2016-02,2016-03,2007-04-01,0.001118526510242468,0.001118526510242468,0.0
4,PPI_PROCESSED_INTERMEDIATE_GOODS__2016-03__PPIITM__to__WPSID61,PPI_PROCESSED_INTERMEDIATE_GOODS,2016-03,PPIITM,WPSID61,adjacent_vintage_bridge,2016-02,2016-03,2007-05-01,-0.0012682403965911249,-0.0012682403965911249,0.0
4,PPI_PROCESSED_INTERMEDIATE_GOODS__2016-03__PPIITM__to__WPSID61,PPI_PROCESSED_INTERMEDIATE_GOODS,2016-03,PPIITM,WPSID61,adjacent_vintage_bridge,2016-02,2016-03,2007-06-01,-0.004167628888385622,-0.004167628888385622,0.0
4,PPI_PROCESSED_INTERMEDIATE_GOODS__2016-03__PPIITM__to__WPSID61,PPI_PROCESSED_INTERMEDIATE_GOODS,2016-03,PPIITM,WPSID61,adjacent_vintage_bridge,2016-02,2016-03,2007-07-01,0.004065952999904532,0.004065952999904532,0.0
4,PPI_PROCESSED_INTERMEDIATE_GOODS__2016-03__PPIITM__to__WPSID61,PPI_PROCESSED_INTERMEDIATE_GOODS,2016-03,PPIITM,WPSID61,adjacent_vintage_bridge,2016-02,2016-03,2007-08-01,-0.018126905303279095,-0.018126905303279095,0.0
4,PPI_PROCESSED_INTERMEDIATE_GOODS__2016-03__PPIITM__to__WPSID61,PPI_PROCESSED_INTERMEDIATE_GOODS,2016-03,PPIITM,WPSID61,adjacent_vintage_bridge,2016-02,2016-03,2007-09-01,0.0175580169102032,0.0175580169102032,0.0
4,PPI_PROCESSED_INTERMEDIATE_GOODS__2016-03__PPIITM__to__WPSID61,PPI_PROCESSED_INTERMEDIATE_GOODS,2016-03,PPIITM,WPSID61,adjacent_vintage_bridge,2016-02,2016-03,2007-10-01,-5.752777291068156e-05,-5.752777291068156e-05,0.0
4,PPI_PROCESSED_INTERMEDIATE_GOODS__2016-03__PPIITM__to__WPSID61,PPI_PROCESSED_INTERMEDIATE_GOODS,2016-03,PPIITM,WPSID61,adjacent_vintage_bridge,2016-02,2016-03,2007-11-01,0.015341415184065177,0.015341415184065177,0.0
4,PPI_PROCESSED_INTERMEDIATE_GOODS__2016-03__PPIITM__to__WPSID61,PPI_PROCESSED_INTERMEDIATE_GOODS,2016-03,PPIITM,WPSID61,adjacent_vintage_bridge,2016-02,2016-03,2007-12-01,-0.021766172332928768,-0.021766172332928768,0.0
4,PPI_PROCESSED_INTERMEDIATE_GOODS__2016-03__PPIITM__to__WPSID61,PPI_PROCESSED_INTERMEDIATE_GOODS,2016-03,PPIITM,WPSID61,adjacent_vintage_bridge,2016-02,2016-03,2008-01-01,0.0117866775350004,0.0117866775350004,0.0
4,PPI_PROCESSED_INTERMEDIATE_GOODS__2016-03__PPIITM__to__WPSID61,PPI_PROCESSED_INTERMEDIATE_GOODS,2016-03,PPIITM,WPSID61,adjacent_vintage_bridge,2016-02,2016-03,2008-02-01,-0.004028951957843141,-0.004028951957843141,0.0
4,PPI_PROCESSED_INTERMEDIATE_GOODS__2016-03__PPIITM__to__WPSID61,PPI_PROCESSED_INTERMEDIATE_GOODS,2016-03,PPIITM,WPSID61,adjacent_vintage_bridge,2016-02,2016-03,2008-03-01,0.01191092669342897,0.01191092669342897,0.0
4,PPI_PROCESSED_INTERMEDIATE_GOODS__2016-03__PPIITM__to__WPSID61,PPI_PROCESSED_INTERMEDIATE_GOODS,2016-03,PPIITM,WPSID61,adjacent_vintage_bridge,2016-02,2016-03,2008-04-01,-0.011096293927937317,-0.011096293927937317,0.0
4,PPI_PROCESSED_INTERMEDIATE_GOODS__2016-03__PPIITM__to__WPSID61,PPI_PROCESSED_INTERMEDIATE_GOODS,2016-03,PPIITM,WPSID61,adjacent_vintage_bridge,2016-02,2016-03,2008-05-01,0.015198368811998542,0.015198368811998542,0.0
4,PPI_PROCESSED_INTERMEDIATE_GOODS__2016-03__PPIITM__to__WPSID61,PPI_PROCESSED_INTERMEDIATE_GOODS,2016-03,PPIITM,WPSID61,adjacent_vintage_bridge,2016-02,2016-03,2008-06-01,-0.003161962358331216,-0.003161962358331216,0.0
4,PPI_PROCESSED_INTERMEDIATE_GOODS__2016-03__PPIITM__to__WPSID61,PPI_PROCESSED_INTERMEDIATE_GOODS,2016-03,PPIITM,WPSID61,adjacent_vintage_bridge,2016-02,2016-03,2008-07-01,0.0050360510087967825,0.0050360510087967825,0.0
4,PPI_PROCESSED_INTERMEDIATE_GOODS__2016-03__PPIITM__to__WPSID61,PPI_PROCESSED_INTERMEDIATE_GOODS,2016-03,PPIITM,WPSID61,adjacent_vintage_bridge,2016-02,2016-03,2008-08-01,-0.03931695946853253,-0.03931695946853253,0.0
4,PPI_PROCESSED_INTERMEDIATE_GOODS__2016-03__PPIITM__to__WPSID61,PPI_PROCESSED_INTERMEDIATE_GOODS,2016-03,PPIITM,WPSID61,adjacent_vintage_bridge,2016-02,2016-03,2008-09-01,0.012035998813360038,0.012035998813360038,0.0
4,PPI_PROCESSED_INTERMEDIATE_GOODS__2016-03__PPIITM__to__WPSID61,PPI_PROCESSED_INTERMEDIATE_GOODS,2016-03,PPIITM,WPSID61,adjacent_vintage_bridge,2016-02,2016-03,2008-10-01,-0.0439009269325874,-0.0439009269325874,0.0
4,PPI_PROCESSED_INTERMEDIATE_GOODS__2016-03__PPIITM__to__WPSID61,PPI_PROCESSED_INTERMEDIATE_GOODS,2016-03,PPIITM,WPSID61,adjacent_vintage_bridge,2016-02,2016-03,2008-11-01,-0.008166537019906883,-0.008166537019906883,0.0
4,PPI_PROCESSED_INTERMEDIATE_GOODS__2016-03__PPIITM__to__WPSID61,PPI_PROCESSED_INTERMEDIATE_GOODS,2016-03,PPIITM,WPSID61,adjacent_vintage_bridge,2016-02,2016-03,2008-12-01,0.010520736706834732,0.010520736706834732,0.0
4,PPI_PROCESSED_INTERMEDIATE_GOODS__2016-03__PPIITM__to__WPSID61,PPI_PROCESSED_INTERMEDIATE_GOODS,2016-03,PPIITM,WPSID61,adjacent_vintage_bridge,2016-02,2016-03,2009-01-01,0.04263186495133908,0.04263186495133908,0.0
4,PPI_PROCESSED_INTERMEDIATE_GOODS__2016-03__PPIITM__to__WPSID61,PPI_PROCESSED_INTERMEDIATE_GOODS,2016-03,PPIITM,WPSID61,adjacent_vintage_bridge,2016-02,2016-03,2009-02-01,-0.009318982803756981,-0.009318982803756981,0.0
4,PPI_PROCESSED_INTERMEDIATE_GOODS__2016-03__PPIITM__to__WPSID61,PPI_PROCESSED_INTERMEDIATE_GOODS,2016-03,PPIITM,WPSID61,adjacent_vintage_bridge,2016-02,2016-03,2009-03-01,-0.006591720816738089,-0.006591720816738089,0.0
4,PPI_PROCESSED_INTERMEDIATE_GOODS__2016-03__PPIITM__to__WPSID61,PPI_PROCESSED_INTERMEDIATE_GOODS,2016-03,PPIITM,WPSID61,adjacent_vintage_bridge,2016-02,2016-03,2009-04-01,0.015924489536251585,0.015924489536251585,0.0
4,PPI_PROCESSED_INTERMEDIATE_GOODS__2016-03__PPIITM__to__WPSID61,PPI_PROCESSED_INTERMEDIATE_GOODS,2016-03,PPIITM,WPSID61,adjacent_vintage_bridge,2016-02,2016-03,2009-05-01,0.00532667979826229,0.00532667979826229,0.0
4,PPI_PROCESSED_INTERMEDIATE_GOODS__2016-03__PPIITM__to__WPSID61,PPI_PROCESSED_INTERMEDIATE_GOODS,2016-03,PPIITM,WPSID61,adjacent_vintage_bridge,2016-02,2016-03,2009-06-01,0.0075653052757473915,0.0075653052757473915,0.0
4,PPI_PROCESSED_INTERMEDIATE_GOODS__2016-03__PPIITM__to__WPSID61,PPI_PROCESSED_INTERMEDIATE_GOODS,2016-03,PPIITM,WPSID61,adjacent_vintage_bridge,2016-02,2016-03,2009-07-01,-0.016986572690758095,-0.016986572690758095,0.0
4,PPI_PROCESSED_INTERMEDIATE_GOODS__2016-03__PPIITM__to__WPSID61,PPI_PROCESSED_INTERMEDIATE_GOODS,2016-03,PPIITM,WPSID61,adjacent_vintage_bridge,2016-02,2016-03,2009-08-01,0.0191576189384266,0.0191576189384266,0.0
4,PPI_PROCESSED_INTERMEDIATE_GOODS__2016-03__PPIITM__to__WPSID61,PPI_PROCESSED_INTERMEDIATE_GOODS,2016-03,PPIITM,WPSID61,adjacent_vintage_bridge,2016-02,2016-03,2009-09-01,-0.012784292238460893,-0.012784292238460893,0.0
4,PPI_PROCESSED_INTERMEDIATE_GOODS__2016-03__PPIITM__to__WPSID61,PPI_PROCESSED_INTERMEDIATE_GOODS,2016-03,PPIITM,WPSID61,adjacent_vintage_bridge,2016-02,2016-03,2009-10-01,0.0011352817028562612,0.0011352817028562612,0.0
4,PPI_PROCESSED_INTERMEDIATE_GOODS__2016-03__PPIITM__to__WPSID61,PPI_PROCESSED_INTERMEDIATE_GOODS,2016-03,PPIITM,WPSID61,adjacent_vintage_bridge,2016-02,2016-03,2009-11-01,0.0067906058446860484,0.0067906058446860484,0.0
4,PPI_PROCESSED_INTERMEDIATE_GOODS__2016-03__PPIITM__to__WPSID61,PPI_PROCESSED_INTERMEDIATE_GOODS,2016-03,PPIITM,WPSID61,adjacent_vintage_bridge,2016-02,2016-03,2009-12-01,-0.005723905328161472,-0.005723905328161472,0.0
4,PPI_PROCESSED_INTERMEDIATE_GOODS__2016-03__PPIITM__to__WPSID61,PPI_PROCESSED_INTERMEDIATE_GOODS,2016-03,PPIITM,WPSID61,adjacent_vintage_bridge,2016-02,2016-03,2010-01-01,0.011657402964208252,0.011657402964208252,0.0
4,PPI_PROCESSED_INTERMEDIATE_GOODS__2016-03__PPIITM__to__WPSID61,PPI_PROCESSED_INTERMEDIATE_GOODS,2016-03,PPIITM,WPSID61,adjacent_vintage_bridge,2016-02,2016-03,2010-02-01,-0.01894696520782535,-0.01894696520782535,0.0
4,PPI_PROCESSED_INTERMEDIATE_GOODS__2016-03__PPIITM__to__WPSID61,PPI_PROCESSED_INTERMEDIATE_GOODS,2016-03,PPIITM,WPSID61,adjacent_vintage_bridge,2016-02,2016-03,2010-03-01,0.0071913504618352775,0.0071913504618352775,0.0
4,PPI_PROCESSED_INTERMEDIATE_GOODS__2016-03__PPIITM__to__WPSID61,PPI_PROCESSED_INTERMEDIATE_GOODS,2016-03,PPIITM,WPSID61,adjacent_vintage_bridge,2016-02,2016-03,2010-04-01,0.0032630311269619128,0.0027158354908731752,-0.0005471956360887376
4,PPI_PROCESSED_INTERMEDIATE_GOODS__2016-03__PPIITM__to__WPSID61,PPI_PROCESSED_INTERMEDIATE_GOODS,2016-03,PPIITM,WPSID61,adjacent_vintage_bridge,2016-02,2016-03,2010-05-01,-0.0049626404569300675,-0.0038682491847525924,0.0010943912721774751
4,PPI_PROCESSED_INTERMEDIATE_GOODS__2016-03__PPIITM__to__WPSID61,PPI_PROCESSED_INTERMEDIATE_GOODS,2016-03,PPIITM,WPSID61,adjacent_vintage_bridge,2016-02,2016-03,2010-06-01,-0.008744382984446908,-0.009839974576149935,-0.0010955915917030268
4,PPI_PROCESSED_INTERMEDIATE_GOODS__2016-03__PPIITM__to__WPSID61,PPI_PROCESSED_INTERMEDIATE_GOODS,2016-03,PPIITM,WPSID61,adjacent_vintage_bridge,2016-02,2016-03,2010-07-01,0.0027224900659783557,0.003819281977206934,0.0010967919112285784
4,PPI_PROCESSED_INTERMEDIATE_GOODS__2016-03__PPIITM__to__WPSID61,PPI_PROCESSED_INTERMEDIATE_GOODS,2016-03,PPIITM,WPSID61,adjacent_vintage_bridge,2016-02,2016-03,2010-08-01,0.007680565612127488,0.007132169656513199,-0.0005483959556142892
4,PPI_PROCESSED_INTERMEDIATE_GOODS__2016-03__PPIITM__to__WPSID61,PPI_PROCESSED_INTERMEDIATE_GOODS,2016-03,PPIITM,WPSID61,adjacent_vintage_bridge,2016-02,2016-03,2010-09-01,-0.001113565021397811,-0.001113565021397811,0.0
4,PPI_PROCESSED_INTERMEDIATE_GOODS__2016-03__PPIITM__to__WPSID61,PPI_PROCESSED_INTERMEDIATE_GOODS,2016-03,PPIITM,WPSID61,adjacent_vintage_bridge,2016-02,2016-03,2010-10-01,0.008634150410538055,0.008095792389459788,-0.0005383580210782668
4,PPI_PROCESSED_INTERMEDIATE_GOODS__2016-03__PPIITM__to__WPSID61,PPI_PROCESSED_INTERMEDIATE_GOODS,2016-03,PPIITM,WPSID61,adjacent_vintage_bridge,2016-02,2016-03,2010-11-01,-0.00441537581480933,-0.0033386597726527967,0.0010767160421565336
4,PPI_PROCESSED_INTERMEDIATE_GOODS__2016-03__PPIITM__to__WPSID61,PPI_PROCESSED_INTERMEDIATE_GOODS,2016-03,PPIITM,WPSID61,adjacent_vintage_bridge,2016-02,2016-03,2010-12-01,0.0025806656949303175,0.0020423076738520507,-0.0005383580210782668
4,PPI_PROCESSED_INTERMEDIATE_GOODS__2016-03__PPIITM__to__WPSID61,PPI_PROCESSED_INTERMEDIATE_GOODS,2016-03,PPIITM,WPSID61,adjacent_vintage_bridge,2016-02,2016-03,2011-01-01,0.0035408650472703584,0.0035408650472703584,0.0
4,PPI_PROCESSED_INTERMEDIATE_GOODS__2016-03__PPIITM__to__WPSID61,PPI_PROCESSED_INTERMEDIATE_GOODS,2016-03,PPIITM,WPSID61,adjacent_vintage_bridge,2016-02,2016-03,2011-02-01,-0.00019777346213256664,0.0003157053681484001,0.0005134788302809667
4,PPI_PROCESSED_INTERMEDIATE_GOODS__2016-03__PPIITM__to__WPSID61,PPI_PROCESSED_INTERMEDIATE_GOODS,2016-03,PPIITM,WPSID61,adjacent_vintage_bridge,2016-02,2016-03,2011-03-01,0.00031413161265092526,-0.00020662507531987728,-0.0005207566879708025
4,PPI_PROCESSED_INTERMEDIATE_GOODS__2016-03__PPIITM__to__WPSID61,PPI_PROCESSED_INTERMEDIATE_GOODS,2016-03,PPIITM,WPSID61,adjacent_vintage_bridge,2016-02,2016-03,2011-04-01,-0.0012000147145121431,-0.001199312537981001,7.021765311421291e-07
4,PPI_PROCESSED_INTERMEDIATE_GOODS__2016-03__PPIITM__to__WPSID61,PPI_PROCESSED_INTERMEDIATE_GOODS,2016-03,PPIITM,WPSID61,adjacent_vintage_bridge,2016-02,2016-03,2011-05-01,-0.0036282014369932725,-0.004121251047267016,-0.0004930496102737436
4,PPI_PROCESSED_INTERMEDIATE_GOODS__2016-03__PPIITM__to__WPSID61,PPI_PROCESSED_INTERMEDIATE_GOODS,2016-03,PPIITM,WPSID61,adjacent_vintage_bridge,2016-02,2016-03,2011-06-01,-0.007966409039022793,-0.007961221334919166,5.187704103626345e-06
4,PPI_PROCESSED_INTERMEDIATE_GOODS__2016-03__PPIITM__to__WPSID61,PPI_PROCESSED_INTERMEDIATE_GOODS,2016-03,PPIITM,WPSID61,adjacent_vintage_bridge,2016-02,2016-03,2011-07-01,0.003446929688106337,0.003451552814802028,4.623126695690871e-06
4,PPI_PROCESSED_INTERMEDIATE_GOODS__2016-03__PPIITM__to__WPSID61,PPI_PROCESSED_INTERMEDIATE_GOODS,2016-03,PPIITM,WPSID61,adjacent_vintage_bridge,2016-02,2016-03,2011-08-01,-0.012336589175393264,-0.011854094389093461,0.000482494786299803
4,PPI_PROCESSED_INTERMEDIATE_GOODS__2016-03__PPIITM__to__WPSID61,PPI_PROCESSED_INTERMEDIATE_GOODS,2016-03,PPIITM,WPSID61,adjacent_vintage_bridge,2016-02,2016-03,2011-09-01,0.011855558253237142,0.012360988006494544,0.0005054297532574026
4,PPI_PROCESSED_INTERMEDIATE_GOODS__2016-03__PPIITM__to__WPSID61,PPI_PROCESSED_INTERMEDIATE_GOODS,2016-03,PPIITM,WPSID61,adjacent_vintage_bridge,2016-02,2016-03,2011-10-01,-0.013867611178825179,-0.014370391629659807,-0.0005027804508346279
4,PPI_PROCESSED_INTERMEDIATE_GOODS__2016-03__PPIITM__to__WPSID61,PPI_PROCESSED_INTERMEDIATE_GOODS,2016-03,PPIITM,WPSID61,adjacent_vintage_bridge,2016-02,2016-03,2011-11-01,0.009915549643695343,0.01041835203088759,0.0005028023871922471
4,PPI_PROCESSED_INTERMEDIATE_GOODS__2016-03__PPIITM__to__WPSID61,PPI_PROCESSED_INTERMEDIATE_GOODS,2016-03,PPIITM,WPSID61,adjacent_vintage_bridge,2016-02,2016-03,2011-12-01,-0.004487914234516666,-0.004486420958365933,1.4932761507324699e-06
4,PPI_PROCESSED_INTERMEDIATE_GOODS__2016-03__PPIITM__to__WPSID61,PPI_PROCESSED_INTERMEDIATE_GOODS,2016-03,PPIITM,WPSID61,adjacent_vintage_bridge,2016-02,2016-03,2012-01-01,0.004489655522633917,0.004488907269358577,-7.482532753400051e-07
4,PPI_PROCESSED_INTERMEDIATE_GOODS__2016-03__PPIITM__to__WPSID61,PPI_PROCESSED_INTERMEDIATE_GOODS,2016-03,PPIITM,WPSID61,adjacent_vintage_bridge,2016-02,2016-03,2012-02-01,0.00249289564502142,0.002488425238307279,-4.4704067141410064e-06
4,PPI_PROCESSED_INTERMEDIATE_GOODS__2016-03__PPIITM__to__WPSID61,PPI_PROCESSED_INTERMEDIATE_GOODS,2016-03,PPIITM,WPSID61,adjacent_vintage_bridge,2016-02,2016-03,2012-03-01,0.008396559832311468,0.006901491357823808,-0.0014950684744876597
4,PPI_PROCESSED_INTERMEDIATE_GOODS__2016-03__PPIITM__to__WPSID61,PPI_PROCESSED_INTERMEDIATE_GOODS,2016-03,PPIITM,WPSID61,adjacent_vintage_bridge,2016-02,2016-03,2012-04-01,-0.017315024036312465,-0.015816510220472146,0.0014985138158403188
4,PPI_PROCESSED_INTERMEDIATE_GOODS__2016-03__PPIITM__to__WPSID61,PPI_PROCESSED_INTERMEDIATE_GOODS,2016-03,PPIITM,WPSID61,adjacent_vintage_bridge,2016-02,2016-03,2012-05-01,-0.0005337065234094496,-0.0025202863681998977,-0.001986579844790448
4,PPI_PROCESSED_INTERMEDIATE_GOODS__2016-03__PPIITM__to__WPSID61,PPI_PROCESSED_INTERMEDIATE_GOODS,2016-03,PPIITM,WPSID61,adjacent_vintage_bridge,2016-02,2016-03,2012-06-01,-0.00205103987695221,-0.0010697195259012915,0.0009813203510509183
4,PPI_PROCESSED_INTERMEDIATE_GOODS__2016-03__PPIITM__to__WPSID61,PPI_PROCESSED_INTERMEDIATE_GOODS,2016-03,PPIITM,WPSID61,adjacent_vintage_bridge,2016-02,2016-03,2012-07-01,0.00448045751248749,0.004478366819693491,-2.0906927939989828e-06
4,PPI_PROCESSED_INTERMEDIATE_GOODS__2016-03__PPIITM__to__WPSID61,PPI_PROCESSED_INTERMEDIATE_GOODS,2016-03,PPIITM,WPSID61,adjacent_vintage_bridge,2016-02,2016-03,2012-08-01,0.013075519957270743,0.013598675057910903,0.0005231551006401602
4,PPI_PROCESSED_INTERMEDIATE_GOODS__2016-03__PPIITM__to__WPSID61,PPI_PROCESSED_INTERMEDIATE_GOODS,2016-03,PPIITM,WPSID61,adjacent_vintage_bridge,2016-02,2016-03,2012-09-01,0.0014051680930009525,0.0023982167526765963,0.0009930486596756438
4,PPI_PROCESSED_INTERMEDIATE_GOODS__2016-03__PPIITM__to__WPSID61,PPI_PROCESSED_INTERMEDIATE_GOODS,2016-03,PPIITM,WPSID61,adjacent_vintage_bridge,2016-02,2016-03,2012-10-01,-0.008472215882744827,-0.00997238017384916,-0.0015001642911043334
4,PPI_PROCESSED_INTERMEDIATE_GOODS__2016-03__PPIITM__to__WPSID61,PPI_PROCESSED_INTERMEDIATE_GOODS,2016-03,PPIITM,WPSID61,adjacent_vintage_bridge,2016-02,2016-03,2012-11-01,-0.010911301897580827,-0.009429212326114822,0.0014820895714660054
4,PPI_PROCESSED_INTERMEDIATE_GOODS__2016-03__PPIITM__to__WPSID61,PPI_PROCESSED_INTERMEDIATE_GOODS,2016-03,PPIITM,WPSID61,adjacent_vintage_bridge,2016-02,2016-03,2012-12-01,0.009431442159931969,0.008442811332992406,-0.0009886308269395627
4,PPI_PROCESSED_INTERMEDIATE_GOODS__2016-03__PPIITM__to__WPSID61,PPI_PROCESSED_INTERMEDIATE_GOODS,2016-03,PPIITM,WPSID61,adjacent_vintage_bridge,2016-02,2016-03,2013-01-01,0.002983344207713401,0.004471808883417694,0.001488464675704293
4,PPI_PROCESSED_INTERMEDIATE_GOODS__2016-03__PPIITM__to__WPSID61,PPI_PROCESSED_INTERMEDIATE_GOODS,2016-03,PPIITM,WPSID61,adjacent_vintage_bridge,2016-02,2016-03,2013-02-01,0.005416010937694615,0.004405650558326535,-0.0010103603793680804
4,PPI_PROCESSED_INTERMEDIATE_GOODS__2016-03__PPIITM__to__WPSID61,PPI_PROCESSED_INTERMEDIATE_GOODS,2016-03,PPIITM,WPSID61,adjacent_vintage_bridge,2016-02,2016-03,2013-03-01,-0.018292118478445474,-0.01974374300583026,-0.0014516245273847872
4,PPI_PROCESSED_INTERMEDIATE_GOODS__2016-03__PPIITM__to__WPSID61,PPI_PROCESSED_INTERMEDIATE_GOODS,2016-03,PPIITM,WPSID61,adjacent_vintage_bridge,2016-02,2016-03,2013-04-01,0.002415291919189322,0.0033957634925787517,0.0009804715733894298
4,PPI_PROCESSED_INTERMEDIATE_GOODS__2016-03__PPIITM__to__WPSID61,PPI_PROCESSED_INTERMEDIATE_GOODS,2016-03,PPIITM,WPSID61,adjacent_vintage_bridge,2016-02,2016-03,2013-05-01,0.00897809230480906,0.007471765088483018,-0.0015063272163260422
4,PPI_PROCESSED_INTERMEDIATE_GOODS__2016-03__PPIITM__to__WPSID61,PPI_PROCESSED_INTERMEDIATE_GOODS,2016-03,PPIITM,WPSID61,adjacent_vintage_bridge,2016-02,2016-03,2013-06-01,-0.0010009970905660026,-0.0004996252914324373,0.0005013717991335653
4,PPI_PROCESSED_INTERMEDIATE_GOODS__2016-03__PPIITM__to__WPSID61,PPI_PROCESSED_INTERMEDIATE_GOODS,2016-03,PPIITM,WPSID61,adjacent_vintage_bridge,2016-02,2016-03,2013-07-01,-0.0004993752936401918,0.0,0.0004993752936401918
4,PPI_PROCESSED_INTERMEDIATE_GOODS__2016-03__PPIITM__to__WPSID61,PPI_PROCESSED_INTERMEDIATE_GOODS,2016-03,PPIITM,WPSID61,adjacent_vintage_bridge,2016-02,2016-03,2013-08-01,-2.4850675472976036e-07,0.0014973798655040227,0.0014976283722587524
4,PPI_PROCESSED_INTERMEDIATE_GOODS__2016-03__PPIITM__to__WPSID61,PPI_PROCESSED_INTERMEDIATE_GOODS,2016-03,PPIITM,WPSID61,adjacent_vintage_bridge,2016-02,2016-03,2013-09-01,-0.0004983802744567001,-0.0009987510842925929,-0.0005003708098358928
4,PPI_PROCESSED_INTERMEDIATE_GOODS__2016-03__PPIITM__to__WPSID61,PPI_PROCESSED_INTERMEDIATE_GOODS,2016-03,PPIITM,WPSID61,adjacent_vintage_bridge,2016-02,2016-03,2013-10-01,-0.0004983802744567001,-0.0009972575624228597,-0.0004988772879661596
4,PPI_PROCESSED_INTERMEDIATE_GOODS__2016-03__PPIITM__to__WPSID61,PPI_PROCESSED_INTERMEDIATE_GOODS,2016-03,PPIITM,WPSID61,adjacent_vintage_bridge,2016-02,2016-03,2013-11-01,-0.0029972537470239757,-0.002498376459057816,0.0004988772879661596
4,PPI_PROCESSED_INTERMEDIATE_GOODS__2016-03__PPIITM__to__WPSID61,PPI_PROCESSED_INTERMEDIATE_GOODS,2016-03,PPIITM,WPSID61,adjacent_vintage_bridge,2016-02,2016-03,2013-12-01,0.007987780332699757,0.007987035554803512,-7.447778962443863e-07
4,PPI_PROCESSED_INTERMEDIATE_GOODS__2016-03__PPIITM__to__WPSID61,PPI_PROCESSED_INTERMEDIATE_GOODS,2016-03,PPIITM,WPSID61,adjacent_vintage_bridge,2016-02,2016-03,2014-01-01,0.002950210044907031,0.003929751322530706,0.0009795412776236745
4,PPI_PROCESSED_INTERMEDIATE_GOODS__2016-03__PPIITM__to__WPSID61,PPI_PROCESSED_INTERMEDIATE_GOODS,2016-03,PPIITM,WPSID61,adjacent_vintage_bridge,2016-02,2016-03,2014-02-01,-0.0049738288127976205,-0.006456119390692017,-0.0014822905778943962
4,PPI_PROCESSED_INTERMEDIATE_GOODS__2016-03__PPIITM__to__WPSID61,PPI_PROCESSED_INTERMEDIATE_GOODS,2016-03,PPIITM,WPSID61,adjacent_vintage_bridge,2016-02,2016-03,2014-03-01,-0.0019755524285880455,-0.0029559093643607426,-0.0009803569357726971
4,PPI_PROCESSED_INTERMEDIATE_GOODS__2016-03__PPIITM__to__WPSID61,PPI_PROCESSED_INTERMEDIATE_GOODS,2016-03,PPIITM,WPSID61,adjacent_vintage_bridge,2016-02,2016-03,2014-04-01,-0.000492975114740446,0.0009844942359755748,0.0014774693507160208
4,PPI_PROCESSED_INTERMEDIATE_GOODS__2016-03__PPIITM__to__WPSID61,PPI_PROCESSED_INTERMEDIATE_GOODS,2016-03,PPIITM,WPSID61,adjacent_vintage_bridge,2016-02,2016-03,2014-05-01,0.0009852217545702757,-0.0014769837805275188,-0.0024622055350977945
4,PPI_PROCESSED_INTERMEDIATE_GOODS__2016-03__PPIITM__to__WPSID61,PPI_PROCESSED_INTERMEDIATE_GOODS,2016-03,PPIITM,WPSID61,adjacent_vintage_bridge,2016-02,2016-03,2014-06-01,0.0004907932735500609,0.0009847366625397314,0.0004939433889896705
4,PPI_PROCESSED_INTERMEDIATE_GOODS__2016-03__PPIITM__to__WPSID61,PPI_PROCESSED_INTERMEDIATE_GOODS,2016-03,PPIITM,WPSID61,adjacent_vintage_bridge,2016-02,2016-03,2014-07-01,-0.0004932139662123802,0.0009847366625397314,0.0014779506287521116
4,PPI_PROCESSED_INTERMEDIATE_GOODS__2016-03__PPIITM__to__WPSID61,PPI_PROCESSED_INTERMEDIATE_GOODS,2016-03,PPIITM,WPSID61,adjacent_vintage_bridge,2016-02,2016-03,2014-08-01,-0.0019656021238159127,-0.0009847366625397314,0.0009808654612761813
4,PPI_PROCESSED_INTERMEDIATE_GOODS__2016-03__PPIITM__to__WPSID61,PPI_PROCESSED_INTERMEDIATE_GOODS,2016-03,PPIITM,WPSID61,adjacent_vintage_bridge,2016-02,2016-03,2014-09-01,-0.0009857035107643242,-0.001970443987298509,-0.000984740476534185
4,PPI_PROCESSED_INTERMEDIATE_GOODS__2016-03__PPIITM__to__WPSID61,PPI_PROCESSED_INTERMEDIATE_GOODS,2016-03,PPIITM,WPSID61,adjacent_vintage_bridge,2016-02,2016-03,2014-10-01,-0.007932566410039144,-0.007940439912156094,-7.873502116950704e-06
4,PPI_PROCESSED_INTERMEDIATE_GOODS__2016-03__PPIITM__to__WPSID61,PPI_PROCESSED_INTERMEDIATE_GOODS,2016-03,PPIITM,WPSID61,adjacent_vintage_bridge,2016-02,2016-03,2014-11-01,-0.0006016512164377374,0.0004036819418073989,0.0010053331582451364
4,PPI_PROCESSED_INTERMEDIATE_GOODS__2016-03__PPIITM__to__WPSID61,PPI_PROCESSED_INTERMEDIATE_GOODS,2016-03,PPIITM,WPSID61,adjacent_vintage_bridge,2016-02,2016-03,2014-12-01,-0.007250724052094704,-0.007223226301562136,2.7497750532567977e-05
4,PPI_PROCESSED_INTERMEDIATE_GOODS__2016-03__PPIITM__to__WPSID61,PPI_PROCESSED_INTERMEDIATE_GOODS,2016-03,PPIITM,WPSID61,adjacent_vintage_bridge,2016-02,2016-03,2015-01-01,-0.0065937807510652036,-0.0070679012948779985,-0.0004741205438127949
4,PPI_PROCESSED_INTERMEDIATE_GOODS__2016-03__PPIITM__to__WPSID61,PPI_PROCESSED_INTERMEDIATE_GOODS,2016-03,PPIITM,WPSID61,adjacent_vintage_bridge,2016-02,2016-03,2015-02-01,0.01908959133690402,0.018548973667943613,-0.0005406176689604081
4,PPI_PROCESSED_INTERMEDIATE_GOODS__2016-03__PPIITM__to__WPSID61,PPI_PROCESSED_INTERMEDIATE_GOODS,2016-03,PPIITM,WPSID61,adjacent_vintage_bridge,2016-02,2016-03,2015-03-01,0.003146816939713304,0.002614308248138464,-0.00053250869157484
4,PPI_PROCESSED_INTERMEDIATE_GOODS__2016-03__PPIITM__to__WPSID61,PPI_PROCESSED_INTERMEDIATE_GOODS,2016-03,PPIITM,WPSID61,adjacent_vintage_bridge,2016-02,2016-03,2015-04-01,-0.005844672715422661,-0.004780240577490602,0.0010644321379320587
4,PPI_PROCESSED_INTERMEDIATE_GOODS__2016-03__PPIITM__to__WPSID61,PPI_PROCESSED_INTERMEDIATE_GOODS,2016-03,PPIITM,WPSID61,adjacent_vintage_bridge,2016-02,2016-03,2015-05-01,0.01802180160792055,0.015358141729432617,-0.002663659878487934
4,PPI_PROCESSED_INTERMEDIATE_GOODS__2016-03__PPIITM__to__WPSID61,PPI_PROCESSED_INTERMEDIATE_GOODS,2016-03,PPIITM,WPSID61,adjacent_vintage_bridge,2016-02,2016-03,2015-06-01,-0.0042844280935883106,-0.003207248768102744,0.0010771793254855666
4,PPI_PROCESSED_INTERMEDIATE_GOODS__2016-03__PPIITM__to__WPSID61,PPI_PROCESSED_INTERMEDIATE_GOODS,2016-03,PPIITM,WPSID61,adjacent_vintage_bridge,2016-02,2016-03,2015-07-01,-0.007880518730138952,-0.00736372715210365,0.0005167915780353027
4,PPI_PROCESSED_INTERMEDIATE_GOODS__2016-03__PPIITM__to__WPSID61,PPI_PROCESSED_INTERMEDIATE_GOODS,2016-03,PPIITM,WPSID61,adjacent_vintage_bridge,2016-02,2016-03,2015-08-01,-0.006340231988943401,-0.00529794286615104,0.0010422891227923614
4,PPI_PROCESSED_INTERMEDIATE_GOODS__2016-03__PPIITM__to__WPSID61,PPI_PROCESSED_INTERMEDIATE_GOODS,2016-03,PPIITM,WPSID61,adjacent_vintage_bridge,2016-02,2016-03,2015-09-01,-0.004354482814045824,-0.005425267902443132,-0.001070785088397308
4,PPI_PROCESSED_INTERMEDIATE_GOODS__2016-03__PPIITM__to__WPSID61,PPI_PROCESSED_INTERMEDIATE_GOODS,2016-03,PPIITM,WPSID61,adjacent_vintage_bridge,2016-02,2016-03,2015-10-01,0.009030917567080188,0.009580792752975853,0.0005498751858956652
4,PPI_PROCESSED_INTERMEDIATE_GOODS__2016-03__PPIITM__to__WPSID61,PPI_PROCESSED_INTERMEDIATE_GOODS,2016-03,PPIITM,WPSID61,adjacent_vintage_bridge,2016-02,2016-03,2015-11-01,-0.0027205709852484716,0.000527294335768147,0.0032478653210166186
4,PPI_PROCESSED_INTERMEDIATE_GOODS__2016-03__PPIITM__to__WPSID61,PPI_PROCESSED_INTERMEDIATE_GOODS,2016-03,PPIITM,WPSID61,adjacent_vintage_bridge,2016-02,2016-03,2015-12-01,-0.003320995218541789,-0.007096982099024096,-0.003775986880482307
5,PPI_UNPROCESSED_INTERMEDIATE_GOODS__2016-03__PPICRM__to__WPSID62,PPI_UNPROCESSED_INTERMEDIATE_GOODS,2016-03,PPICRM,WPSID62,adjacent_vintage_bridge,2016-02,2016-03,1959-03-01,0.009528880596038292,0.009528880596038292,0.0
5,PPI_UNPROCESSED_INTERMEDIATE_GOODS__2016-03__PPICRM__to__WPSID62,PPI_UNPROCESSED_INTERMEDIATE_GOODS,2016-03,PPICRM,WPSID62,adjacent_vintage_bridge,2016-02,2016-03,1959-04-01,0.0031494821342681334,0.0031494821342681334,0.0
5,PPI_UNPROCESSED_INTERMEDIATE_GOODS__2016-03__PPICRM__to__WPSID62,PPI_UNPROCESSED_INTERMEDIATE_GOODS,2016-03,PPICRM,WPSID62,adjacent_vintage_bridge,2016-02,2016-03,1959-05-01,-0.012658270103295344,-0.012658270103295344,0.0
5,PPI_UNPROCESSED_INTERMEDIATE_GOODS__2016-03__PPICRM__to__WPSID62,PPI_UNPROCESSED_INTERMEDIATE_GOODS,2016-03,PPICRM,WPSID62,adjacent_vintage_bridge,2016-02,2016-03,1959-06-01,-4.031323383202334e-05,-4.031323383202334e-05,0.0
5,PPI_UNPROCESSED_INTERMEDIATE_GOODS__2016-03__PPICRM__to__WPSID62,PPI_UNPROCESSED_INTERMEDIATE_GOODS,2016-03,PPICRM,WPSID62,adjacent_vintage_bridge,2016-02,2016-03,1959-07-01,-0.0032614447754815146,-0.0032614447754815146,0.0
5,PPI_UNPROCESSED_INTERMEDIATE_GOODS__2016-03__PPICRM__to__WPSID62,PPI_UNPROCESSED_INTERMEDIATE_GOODS,2016-03,PPICRM,WPSID62,adjacent_vintage_bridge,2016-02,2016-03,1959-08-01,-9.365683103368383e-05,-9.365683103368383e-05,0.0
5,PPI_UNPROCESSED_INTERMEDIATE_GOODS__2016-03__PPICRM__to__WPSID62,PPI_UNPROCESSED_INTERMEDIATE_GOODS,2016-03,PPICRM,WPSID62,adjacent_vintage_bridge,2016-02,2016-03,1959-09-01,0.016218079202543034,0.016218079202543034,0.0
5,PPI_UNPROCESSED_INTERMEDIATE_GOODS__2016-03__PPICRM__to__WPSID62,PPI_UNPROCESSED_INTERMEDIATE_GOODS,2016-03,PPICRM,WPSID62,adjacent_vintage_bridge,2016-02,2016-03,1959-10-01,-0.012987058621096281,-0.012987058621096281,0.0
5,PPI_UNPROCESSED_INTERMEDIATE_GOODS__2016-03__PPICRM__to__WPSID62,PPI_UNPROCESSED_INTERMEDIATE_GOODS,2016-03,PPICRM,WPSID62,adjacent_vintage_bridge,2016-02,2016-03,1959-11-01,-4.244166923728088e-05,-4.244166923728088e-05,0.0
5,PPI_UNPROCESSED_INTERMEDIATE_GOODS__2016-03__PPICRM__to__WPSID62,PPI_UNPROCESSED_INTERMEDIATE_GOODS,2016-03,PPICRM,WPSID62,adjacent_vintage_bridge,2016-02,2016-03,1959-12-01,-4.300011825719707e-05,-4.300011825719707e-05,0.0
5,PPI_UNPROCESSED_INTERMEDIATE_GOODS__2016-03__PPICRM__to__WPSID62,PPI_UNPROCESSED_INTERMEDIATE_GOODS,2016-03,PPICRM,WPSID62,adjacent_vintage_bridge,2016-02,2016-03,1960-01-01,0.00987386699489523,0.00987386699489523,0.0
5,PPI_UNPROCESSED_INTERMEDIATE_GOODS__2016-03__PPICRM__to__WPSID62,PPI_UNPROCESSED_INTERMEDIATE_GOODS,2016-03,PPICRM,WPSID62,adjacent_vintage_bridge,2016-02,2016-03,1960-02-01,-0.003294895896852612,-0.003294895896852612,0.0
5,PPI_UNPROCESSED_INTERMEDIATE_GOODS__2016-03__PPICRM__to__WPSID62,PPI_UNPROCESSED_INTERMEDIATE_GOODS,2016-03,PPICRM,WPSID62,adjacent_vintage_bridge,2016-02,2016-03,1960-03-01,0.009820046180975428,0.009820046180975428,0.0
5,PPI_UNPROCESSED_INTERMEDIATE_GOODS__2016-03__PPICRM__to__WPSID62,PPI_UNPROCESSED_INTERMEDIATE_GOODS,2016-03,PPICRM,WPSID62,adjacent_vintage_bridge,2016-02,2016-03,1960-04-01,-0.0065680107945977895,-0.0065680107945977895,0.0
5,PPI_UNPROCESSED_INTERMEDIATE_GOODS__2016-03__PPICRM__to__WPSID62,PPI_UNPROCESSED_INTERMEDIATE_GOODS,2016-03,PPICRM,WPSID62,adjacent_vintage_bridge,2016-02,2016-03,1960-05-01,-0.0032520353863776386,-0.0032520353863776386,0.0
5,PPI_UNPROCESSED_INTERMEDIATE_GOODS__2016-03__PPICRM__to__WPSID62,PPI_UNPROCESSED_INTERMEDIATE_GOODS,2016-03,PPICRM,WPSID62,adjacent_vintage_bridge,2016-02,2016-03,1960-06-01,-0.013072081567353067,-0.013072081567353067,0.0
5,PPI_UNPROCESSED_INTERMEDIATE_GOODS__2016-03__PPICRM__to__WPSID62,PPI_UNPROCESSED_INTERMEDIATE_GOODS,2016-03,PPICRM,WPSID62,adjacent_vintage_bridge,2016-02,2016-03,1960-07-01,0.013072081567353067,0.013072081567353067,0.0
5,PPI_UNPROCESSED_INTERMEDIATE_GOODS__2016-03__PPICRM__to__WPSID62,PPI_UNPROCESSED_INTERMEDIATE_GOODS,2016-03,PPICRM,WPSID62,adjacent_vintage_bridge,2016-02,2016-03,1960-08-01,-0.01993421490081726,-0.01993421490081726,0.0
5,PPI_UNPROCESSED_INTERMEDIATE_GOODS__2016-03__PPICRM__to__WPSID62,PPI_UNPROCESSED_INTERMEDIATE_GOODS,2016-03,PPICRM,WPSID62,adjacent_vintage_bridge,2016-02,2016-03,1960-09-01,0.02662320305161403,0.02662320305161403,0.0
5,PPI_UNPROCESSED_INTERMEDIATE_GOODS__2016-03__PPICRM__to__WPSID62,PPI_UNPROCESSED_INTERMEDIATE_GOODS,2016-03,PPICRM,WPSID62,adjacent_vintage_bridge,2016-02,2016-03,1960-10-01,-4.4445432128448203e-05,-4.4445432128448203e-05,0.0
5,PPI_UNPROCESSED_INTERMEDIATE_GOODS__2016-03__PPICRM__to__WPSID62,PPI_UNPROCESSED_INTERMEDIATE_GOODS,2016-03,PPICRM,WPSID62,adjacent_vintage_bridge,2016-02,2016-03,1960-11-01,-0.006644542718668323,-0.006644542718668323,0.0
5,PPI_UNPROCESSED_INTERMEDIATE_GOODS__2016-03__PPICRM__to__WPSID62,PPI_UNPROCESSED_INTERMEDIATE_GOODS,2016-03,PPICRM,WPSID62,adjacent_vintage_bridge,2016-02,2016-03,1960-12-01,0.0033057881344995543,0.0033057881344995543,0.0
5,PPI_UNPROCESSED_INTERMEDIATE_GOODS__2016-03__PPICRM__to__WPSID62,PPI_UNPROCESSED_INTERMEDIATE_GOODS,2016-03,PPICRM,WPSID62,adjacent_vintage_bridge,2016-02,2016-03,1961-01-01,-1.0892237646942249e-05,-1.0892237646942249e-05,0.0
5,PPI_UNPROCESSED_INTERMEDIATE_GOODS__2016-03__PPICRM__to__WPSID62,PPI_UNPROCESSED_INTERMEDIATE_GOODS,2016-03,PPICRM,WPSID62,adjacent_vintage_bridge,2016-02,2016-03,1961-02-01,-1.0820695662605573e-05,-1.0820695662605573e-05,0.0
5,PPI_UNPROCESSED_INTERMEDIATE_GOODS__2016-03__PPICRM__to__WPSID62,PPI_UNPROCESSED_INTERMEDIATE_GOODS,2016-03,PPICRM,WPSID62,adjacent_vintage_bridge,2016-02,2016-03,1961-03-01,-0.009863046299232625,-0.009863046299232625,0.0
5,PPI_UNPROCESSED_INTERMEDIATE_GOODS__2016-03__PPICRM__to__WPSID62,PPI_UNPROCESSED_INTERMEDIATE_GOODS,2016-03,PPICRM,WPSID62,adjacent_vintage_bridge,2016-02,2016-03,1961-04-01,0.0032731829635430643,0.0032731829635430643,0.0
5,PPI_UNPROCESSED_INTERMEDIATE_GOODS__2016-03__PPICRM__to__WPSID62,PPI_UNPROCESSED_INTERMEDIATE_GOODS,2016-03,PPICRM,WPSID62,adjacent_vintage_bridge,2016-02,2016-03,1961-05-01,-0.006677655849683717,-0.006677655849683717,0.0
5,PPI_UNPROCESSED_INTERMEDIATE_GOODS__2016-03__PPICRM__to__WPSID62,PPI_UNPROCESSED_INTERMEDIATE_GOODS,2016-03,PPICRM,WPSID62,adjacent_vintage_bridge,2016-02,2016-03,1961-06-01,-0.0034847730666829335,-0.0034847730666829335,0.0
5,PPI_UNPROCESSED_INTERMEDIATE_GOODS__2016-03__PPICRM__to__WPSID62,PPI_UNPROCESSED_INTERMEDIATE_GOODS,2016-03,PPICRM,WPSID62,adjacent_vintage_bridge,2016-02,2016-03,1961-07-01,0.02022499951374579,0.02022499951374579,0.0
5,PPI_UNPROCESSED_INTERMEDIATE_GOODS__2016-03__PPICRM__to__WPSID62,PPI_UNPROCESSED_INTERMEDIATE_GOODS,2016-03,PPICRM,WPSID62,adjacent_vintage_bridge,2016-02,2016-03,1961-08-01,0.01982285534183248,0.01982285534183248,0.0
5,PPI_UNPROCESSED_INTERMEDIATE_GOODS__2016-03__PPICRM__to__WPSID62,PPI_UNPROCESSED_INTERMEDIATE_GOODS,2016-03,PPICRM,WPSID62,adjacent_vintage_bridge,2016-02,2016-03,1961-09-01,-0.03315860890275468,-0.03315860890275468,0.0
5,PPI_UNPROCESSED_INTERMEDIATE_GOODS__2016-03__PPICRM__to__WPSID62,PPI_UNPROCESSED_INTERMEDIATE_GOODS,2016-03,PPICRM,WPSID62,adjacent_vintage_bridge,2016-02,2016-03,1961-10-01,0.006578971098042619,0.006578971098042619,0.0
5,PPI_UNPROCESSED_INTERMEDIATE_GOODS__2016-03__PPICRM__to__WPSID62,PPI_UNPROCESSED_INTERMEDIATE_GOODS,2016-03,PPICRM,WPSID62,adjacent_vintage_bridge,2016-02,2016-03,1961-11-01,-0.0033057881344995543,-0.0033057881344995543,0.0
5,PPI_UNPROCESSED_INTERMEDIATE_GOODS__2016-03__PPICRM__to__WPSID62,PPI_UNPROCESSED_INTERMEDIATE_GOODS,2016-03,PPICRM,WPSID62,adjacent_vintage_bridge,2016-02,2016-03,1961-12-01,0.016463872712010996,0.016463872712010996,0.0
5,PPI_UNPROCESSED_INTERMEDIATE_GOODS__2016-03__PPICRM__to__WPSID62,PPI_UNPROCESSED_INTERMEDIATE_GOODS,2016-03,PPICRM,WPSID62,adjacent_vintage_bridge,2016-02,2016-03,1962-01-01,-0.013158084577511442,-0.013158084577511442,0.0
5,PPI_UNPROCESSED_INTERMEDIATE_GOODS__2016-03__PPICRM__to__WPSID62,PPI_UNPROCESSED_INTERMEDIATE_GOODS,2016-03,PPICRM,WPSID62,adjacent_vintage_bridge,2016-02,2016-03,1962-02-01,-0.003273325344969269,-0.003273325344969269,0.0
5,PPI_UNPROCESSED_INTERMEDIATE_GOODS__2016-03__PPICRM__to__WPSID62,PPI_UNPROCESSED_INTERMEDIATE_GOODS,2016-03,PPICRM,WPSID62,adjacent_vintage_bridge,2016-02,2016-03,1962-03-01,0.003273325344969269,0.003273325344969269,0.0
5,PPI_UNPROCESSED_INTERMEDIATE_GOODS__2016-03__PPICRM__to__WPSID62,PPI_UNPROCESSED_INTERMEDIATE_GOODS,2016-03,PPICRM,WPSID62,adjacent_vintage_bridge,2016-02,2016-03,1962-04-01,-0.01320151185853602,-0.01320151185853602,0.0
5,PPI_UNPROCESSED_INTERMEDIATE_GOODS__2016-03__PPICRM__to__WPSID62,PPI_UNPROCESSED_INTERMEDIATE_GOODS,2016-03,PPICRM,WPSID62,adjacent_vintage_bridge,2016-02,2016-03,1962-05-01,0.01320151185853602,0.01320151185853602,0.0
5,PPI_UNPROCESSED_INTERMEDIATE_GOODS__2016-03__PPICRM__to__WPSID62,PPI_UNPROCESSED_INTERMEDIATE_GOODS,2016-03,PPICRM,WPSID62,adjacent_vintage_bridge,2016-02,2016-03,1962-06-01,-0.006666691358189425,-0.006666691358189425,0.0
5,PPI_UNPROCESSED_INTERMEDIATE_GOODS__2016-03__PPICRM__to__WPSID62,PPI_UNPROCESSED_INTERMEDIATE_GOODS,2016-03,PPICRM,WPSID62,adjacent_vintage_bridge,2016-02,2016-03,1962-07-01,0.016650135342372696,0.016650135342372696,0.0
5,PPI_UNPROCESSED_INTERMEDIATE_GOODS__2016-03__PPICRM__to__WPSID62,PPI_UNPROCESSED_INTERMEDIATE_GOODS,2016-03,PPICRM,WPSID62,adjacent_vintage_bridge,2016-02,2016-03,1962-08-01,-9.868475164109825e-05,-9.868475164109825e-05,0.0
5,PPI_UNPROCESSED_INTERMEDIATE_GOODS__2016-03__PPICRM__to__WPSID62,PPI_UNPROCESSED_INTERMEDIATE_GOODS,2016-03,PPICRM,WPSID62,adjacent_vintage_bridge,2016-02,2016-03,1962-09-01,0.01280665196952846,0.01280665196952846,0.0
5,PPI_UNPROCESSED_INTERMEDIATE_GOODS__2016-03__PPICRM__to__WPSID62,PPI_UNPROCESSED_INTERMEDIATE_GOODS,2016-03,PPICRM,WPSID62,adjacent_vintage_bridge,2016-02,2016-03,1962-10-01,-0.035594816037978205,-0.035594816037978205,0.0
5,PPI_UNPROCESSED_INTERMEDIATE_GOODS__2016-03__PPICRM__to__WPSID62,PPI_UNPROCESSED_INTERMEDIATE_GOODS,2016-03,PPICRM,WPSID62,adjacent_vintage_bridge,2016-02,2016-03,1962-11-01,0.019375919341524828,0.019375919341524828,0.0
5,PPI_UNPROCESSED_INTERMEDIATE_GOODS__2016-03__PPICRM__to__WPSID62,PPI_UNPROCESSED_INTERMEDIATE_GOODS,2016-03,PPICRM,WPSID62,adjacent_vintage_bridge,2016-02,2016-03,1962-12-01,-0.0194597100324283,-0.0194597100324283,0.0
5,PPI_UNPROCESSED_INTERMEDIATE_GOODS__2016-03__PPICRM__to__WPSID62,PPI_UNPROCESSED_INTERMEDIATE_GOODS,2016-03,PPICRM,WPSID62,adjacent_vintage_bridge,2016-02,2016-03,1963-01-01,0.0031348990837991586,0.0031348990837991586,0.0
5,PPI_UNPROCESSED_INTERMEDIATE_GOODS__2016-03__PPICRM__to__WPSID62,PPI_UNPROCESSED_INTERMEDIATE_GOODS,2016-03,PPICRM,WPSID62,adjacent_vintage_bridge,2016-02,2016-03,1963-02-01,-9.803441015598935e-05,-9.803441015598935e-05,0.0
5,PPI_UNPROCESSED_INTERMEDIATE_GOODS__2016-03__PPICRM__to__WPSID62,PPI_UNPROCESSED_INTERMEDIATE_GOODS,2016-03,PPICRM,WPSID62,adjacent_vintage_bridge,2016-02,2016-03,1963-03-01,-0.0034726894789729457,-0.0034726894789729457,0.0
5,PPI_UNPROCESSED_INTERMEDIATE_GOODS__2016-03__PPICRM__to__WPSID62,PPI_UNPROCESSED_INTERMEDIATE_GOODS,2016-03,PPICRM,WPSID62,adjacent_vintage_bridge,2016-02,2016-03,1963-04-01,0.020157052513484874,0.020157052513484874,0.0
5,PPI_UNPROCESSED_INTERMEDIATE_GOODS__2016-03__PPICRM__to__WPSID62,PPI_UNPROCESSED_INTERMEDIATE_GOODS,2016-03,PPICRM,WPSID62,adjacent_vintage_bridge,2016-02,2016-03,1963-05-01,-0.013468064362688104,-0.013468064362688104,0.0
5,PPI_UNPROCESSED_INTERMEDIATE_GOODS__2016-03__PPICRM__to__WPSID62,PPI_UNPROCESSED_INTERMEDIATE_GOODS,2016-03,PPICRM,WPSID62,adjacent_vintage_bridge,2016-02,2016-03,1963-06-01,0.016818151247969926,0.016818151247969926,0.0
5,PPI_UNPROCESSED_INTERMEDIATE_GOODS__2016-03__PPICRM__to__WPSID62,PPI_UNPROCESSED_INTERMEDIATE_GOODS,2016-03,PPICRM,WPSID62,adjacent_vintage_bridge,2016-02,2016-03,1963-07-01,-0.006745217801110925,-0.006745217801110925,0.0
5,PPI_UNPROCESSED_INTERMEDIATE_GOODS__2016-03__PPICRM__to__WPSID62,PPI_UNPROCESSED_INTERMEDIATE_GOODS,2016-03,PPICRM,WPSID62,adjacent_vintage_bridge,2016-02,2016-03,1963-08-01,-0.006677802531029897,-0.006677802531029897,0.0
5,PPI_UNPROCESSED_INTERMEDIATE_GOODS__2016-03__PPICRM__to__WPSID62,PPI_UNPROCESSED_INTERMEDIATE_GOODS,2016-03,PPICRM,WPSID62,adjacent_vintage_bridge,2016-02,2016-03,1963-09-01,-1.11856197668736e-05,-1.11856197668736e-05,0.0
5,PPI_UNPROCESSED_INTERMEDIATE_GOODS__2016-03__PPICRM__to__WPSID62,PPI_UNPROCESSED_INTERMEDIATE_GOODS,2016-03,PPICRM,WPSID62,adjacent_vintage_bridge,2016-02,2016-03,1963-10-01,0.006700173770563644,0.006700173770563644,0.0
5,PPI_UNPROCESSED_INTERMEDIATE_GOODS__2016-03__PPICRM__to__WPSID62,PPI_UNPROCESSED_INTERMEDIATE_GOODS,2016-03,PPICRM,WPSID62,adjacent_vintage_bridge,2016-02,2016-03,1963-11-01,0.006633357098901449,0.006633357098901449,0.0
5,PPI_UNPROCESSED_INTERMEDIATE_GOODS__2016-03__PPICRM__to__WPSID62,PPI_UNPROCESSED_INTERMEDIATE_GOODS,2016-03,PPICRM,WPSID62,adjacent_vintage_bridge,2016-02,2016-03,1963-12-01,-0.03683069402037109,-0.03683069402037109,0.0
5,PPI_UNPROCESSED_INTERMEDIATE_GOODS__2016-03__PPICRM__to__WPSID62,PPI_UNPROCESSED_INTERMEDIATE_GOODS,2016-03,PPICRM,WPSID62,adjacent_vintage_bridge,2016-02,2016-03,1964-01-01,0.040360969202910546,0.040360969202910546,0.0
5,PPI_UNPROCESSED_INTERMEDIATE_GOODS__2016-03__PPICRM__to__WPSID62,PPI_UNPROCESSED_INTERMEDIATE_GOODS,2016-03,PPICRM,WPSID62,adjacent_vintage_bridge,2016-02,2016-03,1964-02-01,-0.027027438333445453,-0.027027438333445453,0.0
5,PPI_UNPROCESSED_INTERMEDIATE_GOODS__2016-03__PPICRM__to__WPSID62,PPI_UNPROCESSED_INTERMEDIATE_GOODS,2016-03,PPICRM,WPSID62,adjacent_vintage_bridge,2016-02,2016-03,1964-03-01,0.01690930816786107,0.01690930816786107,0.0
5,PPI_UNPROCESSED_INTERMEDIATE_GOODS__2016-03__PPICRM__to__WPSID62,PPI_UNPROCESSED_INTERMEDIATE_GOODS,2016-03,PPICRM,WPSID62,adjacent_vintage_bridge,2016-02,2016-03,1964-04-01,-0.003395589001138344,-0.003395589001138344,0.0
5,PPI_UNPROCESSED_INTERMEDIATE_GOODS__2016-03__PPICRM__to__WPSID62,PPI_UNPROCESSED_INTERMEDIATE_GOODS,2016-03,PPICRM,WPSID62,adjacent_vintage_bridge,2016-02,2016-03,1964-05-01,-0.003395589001138344,-0.003395589001138344,0.0
5,PPI_UNPROCESSED_INTERMEDIATE_GOODS__2016-03__PPICRM__to__WPSID62,PPI_UNPROCESSED_INTERMEDIATE_GOODS,2016-03,PPICRM,WPSID62,adjacent_vintage_bridge,2016-02,2016-03,1964-06-01,-0.010303255357023478,-0.010303255357023478,0.0
5,PPI_UNPROCESSED_INTERMEDIATE_GOODS__2016-03__PPICRM__to__WPSID62,PPI_UNPROCESSED_INTERMEDIATE_GOODS,2016-03,PPICRM,WPSID62,adjacent_vintage_bridge,2016-02,2016-03,1964-07-01,0.020571723645923523,0.020571723645923523,0.0
5,PPI_UNPROCESSED_INTERMEDIATE_GOODS__2016-03__PPICRM__to__WPSID62,PPI_UNPROCESSED_INTERMEDIATE_GOODS,2016-03,PPICRM,WPSID62,adjacent_vintage_bridge,2016-02,2016-03,1964-08-01,-4.691421736158219e-05,-4.691421736158219e-05,0.0
5,PPI_UNPROCESSED_INTERMEDIATE_GOODS__2016-03__PPICRM__to__WPSID62,PPI_UNPROCESSED_INTERMEDIATE_GOODS,2016-03,PPICRM,WPSID62,adjacent_vintage_bridge,2016-02,2016-03,1964-09-01,0.016704532339793854,0.016704532339793854,0.0
5,PPI_UNPROCESSED_INTERMEDIATE_GOODS__2016-03__PPICRM__to__WPSID62,PPI_UNPROCESSED_INTERMEDIATE_GOODS,2016-03,PPICRM,WPSID62,adjacent_vintage_bridge,2016-02,2016-03,1964-10-01,-0.03354727565366522,-0.03354727565366522,0.0
5,PPI_UNPROCESSED_INTERMEDIATE_GOODS__2016-03__PPICRM__to__WPSID62,PPI_UNPROCESSED_INTERMEDIATE_GOODS,2016-03,PPICRM,WPSID62,adjacent_vintage_bridge,2016-02,2016-03,1964-11-01,0.01336686512875307,0.01336686512875307,0.0
5,PPI_UNPROCESSED_INTERMEDIATE_GOODS__2016-03__PPICRM__to__WPSID62,PPI_UNPROCESSED_INTERMEDIATE_GOODS,2016-03,PPICRM,WPSID62,adjacent_vintage_bridge,2016-02,2016-03,1964-12-01,-0.006700173770563644,-0.006700173770563644,0.0
5,PPI_UNPROCESSED_INTERMEDIATE_GOODS__2016-03__PPICRM__to__WPSID62,PPI_UNPROCESSED_INTERMEDIATE_GOODS,2016-03,PPICRM,WPSID62,adjacent_vintage_bridge,2016-02,2016-03,1965-01-01,-0.00676804328030256,-0.00676804328030256,0.0
5,PPI_UNPROCESSED_INTERMEDIATE_GOODS__2016-03__PPICRM__to__WPSID62,PPI_UNPROCESSED_INTERMEDIATE_GOODS,2016-03,PPICRM,WPSID62,adjacent_vintage_bridge,2016-02,2016-03,1965-02-01,0.023586347216450587,0.023586347216450587,0.0
5,PPI_UNPROCESSED_INTERMEDIATE_GOODS__2016-03__PPICRM__to__WPSID62,PPI_UNPROCESSED_INTERMEDIATE_GOODS,2016-03,PPICRM,WPSID62,adjacent_vintage_bridge,2016-02,2016-03,1965-03-01,-0.010129315785351256,-0.010129315785351256,0.0
5,PPI_UNPROCESSED_INTERMEDIATE_GOODS__2016-03__PPICRM__to__WPSID62,PPI_UNPROCESSED_INTERMEDIATE_GOODS,2016-03,PPICRM,WPSID62,adjacent_vintage_bridge,2016-02,2016-03,1965-04-01,0.00990632548450554,0.00990632548450554,0.0
5,PPI_UNPROCESSED_INTERMEDIATE_GOODS__2016-03__PPICRM__to__WPSID62,PPI_UNPROCESSED_INTERMEDIATE_GOODS,2016-03,PPICRM,WPSID62,adjacent_vintage_bridge,2016-02,2016-03,1965-05-01,-0.0001731451826674224,-0.0001731451826674224,0.0
5,PPI_UNPROCESSED_INTERMEDIATE_GOODS__2016-03__PPICRM__to__WPSID62,PPI_UNPROCESSED_INTERMEDIATE_GOODS,2016-03,PPICRM,WPSID62,adjacent_vintage_bridge,2016-02,2016-03,1965-06-01,0.012570349045984308,0.012570349045984308,0.0
5,PPI_UNPROCESSED_INTERMEDIATE_GOODS__2016-03__PPICRM__to__WPSID62,PPI_UNPROCESSED_INTERMEDIATE_GOODS,2016-03,PPICRM,WPSID62,adjacent_vintage_bridge,2016-02,2016-03,1965-07-01,-0.03838145639076718,-0.03838145639076718,0.0
5,PPI_UNPROCESSED_INTERMEDIATE_GOODS__2016-03__PPICRM__to__WPSID62,PPI_UNPROCESSED_INTERMEDIATE_GOODS,2016-03,PPICRM,WPSID62,adjacent_vintage_bridge,2016-02,2016-03,1965-08-01,0.02230847679358039,0.02230847679358039,0.0
5,PPI_UNPROCESSED_INTERMEDIATE_GOODS__2016-03__PPICRM__to__WPSID62,PPI_UNPROCESSED_INTERMEDIATE_GOODS,2016-03,PPICRM,WPSID62,adjacent_vintage_bridge,2016-02,2016-03,1965-09-01,-0.012749103933530126,-0.012749103933530126,0.0
5,PPI_UNPROCESSED_INTERMEDIATE_GOODS__2016-03__PPICRM__to__WPSID62,PPI_UNPROCESSED_INTERMEDIATE_GOODS,2016-03,PPICRM,WPSID62,adjacent_vintage_bridge,2016-02,2016-03,1965-10-01,0.01583804978930292,0.01583804978930292,0.0
5,PPI_UNPROCESSED_INTERMEDIATE_GOODS__2016-03__PPICRM__to__WPSID62,PPI_UNPROCESSED_INTERMEDIATE_GOODS,2016-03,PPICRM,WPSID62,adjacent_vintage_bridge,2016-02,2016-03,1965-11-01,-0.003268656522084079,-0.003268656522084079,0.0
5,PPI_UNPROCESSED_INTERMEDIATE_GOODS__2016-03__PPICRM__to__WPSID62,PPI_UNPROCESSED_INTERMEDIATE_GOODS,2016-03,PPICRM,WPSID62,adjacent_vintage_bridge,2016-02,2016-03,1965-12-01,0.009129307417398369,0.009129307417398369,0.0
5,PPI_UNPROCESSED_INTERMEDIATE_GOODS__2016-03__PPICRM__to__WPSID62,PPI_UNPROCESSED_INTERMEDIATE_GOODS,2016-03,PPICRM,WPSID62,adjacent_vintage_bridge,2016-02,2016-03,1966-01-01,-0.006360843287428253,-0.006360843287428253,0.0
5,PPI_UNPROCESSED_INTERMEDIATE_GOODS__2016-03__PPICRM__to__WPSID62,PPI_UNPROCESSED_INTERMEDIATE_GOODS,2016-03,PPICRM,WPSID62,adjacent_vintage_bridge,2016-02,2016-03,1966-02-01,0.005806350495489276,0.005806350495489276,0.0
5,PPI_UNPROCESSED_INTERMEDIATE_GOODS__2016-03__PPICRM__to__WPSID62,PPI_UNPROCESSED_INTERMEDIATE_GOODS,2016-03,PPICRM,WPSID62,adjacent_vintage_bridge,2016-02,2016-03,1966-03-01,-0.02391695350259404,-0.02391695350259404,0.0
5,PPI_UNPROCESSED_INTERMEDIATE_GOODS__2016-03__PPICRM__to__WPSID62,PPI_UNPROCESSED_INTERMEDIATE_GOODS,2016-03,PPICRM,WPSID62,adjacent_vintage_bridge,2016-02,2016-03,1966-04-01,-3.564331732741621e-05,-3.564331732741621e-05,0.0
5,PPI_UNPROCESSED_INTERMEDIATE_GOODS__2016-03__PPICRM__to__WPSID62,PPI_UNPROCESSED_INTERMEDIATE_GOODS,2016-03,PPICRM,WPSID62,adjacent_vintage_bridge,2016-02,2016-03,1966-05-01,-0.0030617936752950214,-0.0030617936752950214,0.0
5,PPI_UNPROCESSED_INTERMEDIATE_GOODS__2016-03__PPICRM__to__WPSID62,PPI_UNPROCESSED_INTERMEDIATE_GOODS,2016-03,PPICRM,WPSID62,adjacent_vintage_bridge,2016-02,2016-03,1966-06-01,0.009049835519917782,0.009049835519917782,0.0
5,PPI_UNPROCESSED_INTERMEDIATE_GOODS__2016-03__PPICRM__to__WPSID62,PPI_UNPROCESSED_INTERMEDIATE_GOODS,2016-03,PPICRM,WPSID62,adjacent_vintage_bridge,2016-02,2016-03,1966-07-01,0.012048338516174262,0.012048338516174262,0.0
5,PPI_UNPROCESSED_INTERMEDIATE_GOODS__2016-03__PPICRM__to__WPSID62,PPI_UNPROCESSED_INTERMEDIATE_GOODS,2016-03,PPICRM,WPSID62,adjacent_vintage_bridge,2016-02,2016-03,1966-08-01,-0.009058799667807982,-0.009058799667807982,0.0
5,PPI_UNPROCESSED_INTERMEDIATE_GOODS__2016-03__PPICRM__to__WPSID62,PPI_UNPROCESSED_INTERMEDIATE_GOODS,2016-03,PPICRM,WPSID62,adjacent_vintage_bridge,2016-02,2016-03,1966-09-01,-0.00597907769673256,-0.00597907769673256,0.0
5,PPI_UNPROCESSED_INTERMEDIATE_GOODS__2016-03__PPICRM__to__WPSID62,PPI_UNPROCESSED_INTERMEDIATE_GOODS,2016-03,PPICRM,WPSID62,adjacent_vintage_bridge,2016-02,2016-03,1966-10-01,-0.012093703362962227,-0.012093703362962227,0.0
5,PPI_UNPROCESSED_INTERMEDIATE_GOODS__2016-03__PPICRM__to__WPSID62,PPI_UNPROCESSED_INTERMEDIATE_GOODS,2016-03,PPICRM,WPSID62,adjacent_vintage_bridge,2016-02,2016-03,1966-11-01,-0.003322185331386507,-0.003322185331386507,0.0
5,PPI_UNPROCESSED_INTERMEDIATE_GOODS__2016-03__PPICRM__to__WPSID62,PPI_UNPROCESSED_INTERMEDIATE_GOODS,2016-03,PPICRM,WPSID62,adjacent_vintage_bridge,2016-02,2016-03,1966-12-01,0.012194227450074369,0.012194227450074369,0.0
5,PPI_UNPROCESSED_INTERMEDIATE_GOODS__2016-03__PPICRM__to__WPSID62,PPI_UNPROCESSED_INTERMEDIATE_GOODS,2016-03,PPICRM,WPSID62,adjacent_vintage_bridge,2016-02,2016-03,1967-01-01,0.009321622507032945,0.009321622507032945,0.0
5,PPI_UNPROCESSED_INTERMEDIATE_GOODS__2016-03__PPICRM__to__WPSID62,PPI_UNPROCESSED_INTERMEDIATE_GOODS,2016-03,PPICRM,WPSID62,adjacent_vintage_bridge,2016-02,2016-03,1967-02-01,-0.025089329133167748,-0.025089329133167748,0.0
5,PPI_UNPROCESSED_INTERMEDIATE_GOODS__2016-03__PPICRM__to__WPSID62,PPI_UNPROCESSED_INTERMEDIATE_GOODS,2016-03,PPICRM,WPSID62,adjacent_vintage_bridge,2016-02,2016-03,1967-03-01,0.009199180072376745,0.009199180072376745,0.0
5,PPI_UNPROCESSED_INTERMEDIATE_GOODS__2016-03__PPICRM__to__WPSID62,PPI_UNPROCESSED_INTERMEDIATE_GOODS,2016-03,PPICRM,WPSID62,adjacent_vintage_bridge,2016-02,2016-03,1967-04-01,-0.00016543794563839143,-0.00016543794563839143,0.0
5,PPI_UNPROCESSED_INTERMEDIATE_GOODS__2016-03__PPICRM__to__WPSID62,PPI_UNPROCESSED_INTERMEDIATE_GOODS,2016-03,PPICRM,WPSID62,adjacent_vintage_bridge,2016-02,2016-03,1967-05-01,0.02589032918407419,0.02589032918407419,0.0
5,PPI_UNPROCESSED_INTERMEDIATE_GOODS__2016-03__PPICRM__to__WPSID62,PPI_UNPROCESSED_INTERMEDIATE_GOODS,2016-03,PPICRM,WPSID62,adjacent_vintage_bridge,2016-02,2016-03,1967-06-01,-0.00334509086301793,-0.00334509086301793,0.0
5,PPI_UNPROCESSED_INTERMEDIATE_GOODS__2016-03__PPICRM__to__WPSID62,PPI_UNPROCESSED_INTERMEDIATE_GOODS,2016-03,PPICRM,WPSID62,adjacent_vintage_bridge,2016-02,2016-03,1967-07-01,-0.012789869097119322,-0.012789869097119322,0.0
5,PPI_UNPROCESSED_INTERMEDIATE_GOODS__2016-03__PPICRM__to__WPSID62,PPI_UNPROCESSED_INTERMEDIATE_GOODS,2016-03,PPICRM,WPSID62,adjacent_vintage_bridge,2016-02,2016-03,1967-08-01,0.0031897953681001567,0.0031897953681001567,0.0
5,PPI_UNPROCESSED_INTERMEDIATE_GOODS__2016-03__PPICRM__to__WPSID62,PPI_UNPROCESSED_INTERMEDIATE_GOODS,2016-03,PPICRM,WPSID62,adjacent_vintage_bridge,2016-02,2016-03,1967-09-01,-0.0032000027306708922,-0.0032000027306708922,0.0
5,PPI_UNPROCESSED_INTERMEDIATE_GOODS__2016-03__PPICRM__to__WPSID62,PPI_UNPROCESSED_INTERMEDIATE_GOODS,2016-03,PPICRM,WPSID62,adjacent_vintage_bridge,2016-02,2016-03,1967-10-01,0.0064000054613417845,0.0064000054613417845,0.0
5,PPI_UNPROCESSED_INTERMEDIATE_GOODS__2016-03__PPICRM__to__WPSID62,PPI_UNPROCESSED_INTERMEDIATE_GOODS,2016-03,PPICRM,WPSID62,adjacent_vintage_bridge,2016-02,2016-03,1967-11-01,-0.0096102810915899,-0.0096102810915899,0.0
5,PPI_UNPROCESSED_INTERMEDIATE_GOODS__2016-03__PPICRM__to__WPSID62,PPI_UNPROCESSED_INTERMEDIATE_GOODS,2016-03,PPICRM,WPSID62,adjacent_vintage_bridge,2016-02,2016-03,1967-12-01,0.019190005007317712,0.019190005007317712,0.0
5,PPI_UNPROCESSED_INTERMEDIATE_GOODS__2016-03__PPICRM__to__WPSID62,PPI_UNPROCESSED_INTERMEDIATE_GOODS,2016-03,PPICRM,WPSID62,adjacent_vintage_bridge,2016-02,2016-03,1968-01-01,-0.015959379563778242,-0.015959379563778242,0.0
5,PPI_UNPROCESSED_INTERMEDIATE_GOODS__2016-03__PPICRM__to__WPSID62,PPI_UNPROCESSED_INTERMEDIATE_GOODS,2016-03,PPICRM,WPSID62,adjacent_vintage_bridge,2016-02,2016-03,1968-02-01,0.006359305834759077,0.006359305834759077,0.0
5,PPI_UNPROCESSED_INTERMEDIATE_GOODS__2016-03__PPICRM__to__WPSID62,PPI_UNPROCESSED_INTERMEDIATE_GOODS,2016-03,PPICRM,WPSID62,adjacent_vintage_bridge,2016-02,2016-03,1968-03-01,-1.007815610032381e-05,-1.007815610032381e-05,0.0
5,PPI_UNPROCESSED_INTERMEDIATE_GOODS__2016-03__PPICRM__to__WPSID62,PPI_UNPROCESSED_INTERMEDIATE_GOODS,2016-03,PPICRM,WPSID62,adjacent_vintage_bridge,2016-02,2016-03,1968-04-01,-1.0014470910757467e-05,-1.0014470910757467e-05,0.0
5,PPI_UNPROCESSED_INTERMEDIATE_GOODS__2016-03__PPICRM__to__WPSID62,PPI_UNPROCESSED_INTERMEDIATE_GOODS,2016-03,PPICRM,WPSID62,adjacent_vintage_bridge,2016-02,2016-03,1968-05-01,-0.009488695342016129,-0.009488695342016129,0.0
5,PPI_UNPROCESSED_INTERMEDIATE_GOODS__2016-03__PPICRM__to__WPSID62,PPI_UNPROCESSED_INTERMEDIATE_GOODS,2016-03,PPICRM,WPSID62,adjacent_vintage_bridge,2016-02,2016-03,1968-06-01,-4.031323383202334e-05,-4.031323383202334e-05,0.0
5,PPI_UNPROCESSED_INTERMEDIATE_GOODS__2016-03__PPICRM__to__WPSID62,PPI_UNPROCESSED_INTERMEDIATE_GOODS,2016-03,PPICRM,WPSID62,adjacent_vintage_bridge,2016-02,2016-03,1968-07-01,0.015908471332238605,0.015908471332238605,0.0
5,PPI_UNPROCESSED_INTERMEDIATE_GOODS__2016-03__PPICRM__to__WPSID62,PPI_UNPROCESSED_INTERMEDIATE_GOODS,2016-03,PPICRM,WPSID62,adjacent_vintage_bridge,2016-02,2016-03,1968-08-01,-0.006379462756390453,-0.006379462756390453,0.0
5,PPI_UNPROCESSED_INTERMEDIATE_GOODS__2016-03__PPICRM__to__WPSID62,PPI_UNPROCESSED_INTERMEDIATE_GOODS,2016-03,PPICRM,WPSID62,adjacent_vintage_bridge,2016-02,2016-03,1968-09-01,0.003129768617195605,0.003129768617195605,0.0
5,PPI_UNPROCESSED_INTERMEDIATE_GOODS__2016-03__PPICRM__to__WPSID62,PPI_UNPROCESSED_INTERMEDIATE_GOODS,2016-03,PPICRM,WPSID62,adjacent_vintage_bridge,2016-02,2016-03,1968-10-01,-3.930856239264813e-05,-3.930856239264813e-05,0.0
5,PPI_UNPROCESSED_INTERMEDIATE_GOODS__2016-03__PPICRM__to__WPSID62,PPI_UNPROCESSED_INTERMEDIATE_GOODS,2016-03,PPICRM,WPSID62,adjacent_vintage_bridge,2016-02,2016-03,1968-11-01,0.015322464908956057,0.015322464908956057,0.0
5,PPI_UNPROCESSED_INTERMEDIATE_GOODS__2016-03__PPICRM__to__WPSID62,PPI_UNPROCESSED_INTERMEDIATE_GOODS,2016-03,PPICRM,WPSID62,adjacent_vintage_bridge,2016-02,2016-03,1968-12-01,-0.03384257784594169,-0.03384257784594169,0.0
5,PPI_UNPROCESSED_INTERMEDIATE_GOODS__2016-03__PPICRM__to__WPSID62,PPI_UNPROCESSED_INTERMEDIATE_GOODS,2016-03,PPICRM,WPSID62,adjacent_vintage_bridge,2016-02,2016-03,1969-01-01,0.018423958166192467,0.018423958166192467,0.0
5,PPI_UNPROCESSED_INTERMEDIATE_GOODS__2016-03__PPICRM__to__WPSID62,PPI_UNPROCESSED_INTERMEDIATE_GOODS,2016-03,PPICRM,WPSID62,adjacent_vintage_bridge,2016-02,2016-03,1969-02-01,-0.015398923718429103,-0.015398923718429103,0.0
5,PPI_UNPROCESSED_INTERMEDIATE_GOODS__2016-03__PPICRM__to__WPSID62,PPI_UNPROCESSED_INTERMEDIATE_GOODS,2016-03,PPICRM,WPSID62,adjacent_vintage_bridge,2016-02,2016-03,1969-03-01,0.021552905818647883,0.021552905818647883,0.0
5,PPI_UNPROCESSED_INTERMEDIATE_GOODS__2016-03__PPICRM__to__WPSID62,PPI_UNPROCESSED_INTERMEDIATE_GOODS,2016-03,PPICRM,WPSID62,adjacent_vintage_bridge,2016-02,2016-03,1969-04-01,-0.00014964319478760757,-0.00014964319478760757,0.0
5,PPI_UNPROCESSED_INTERMEDIATE_GOODS__2016-03__PPICRM__to__WPSID62,PPI_UNPROCESSED_INTERMEDIATE_GOODS,2016-03,PPICRM,WPSID62,adjacent_vintage_bridge,2016-02,2016-03,1969-05-01,0.014669037753334724,0.014669037753334724,0.0
5,PPI_UNPROCESSED_INTERMEDIATE_GOODS__2016-03__PPICRM__to__WPSID62,PPI_UNPROCESSED_INTERMEDIATE_GOODS,2016-03,PPICRM,WPSID62,adjacent_vintage_bridge,2016-02,2016-03,1969-06-01,-0.012228442811991425,-0.012228442811991425,0.0
5,PPI_UNPROCESSED_INTERMEDIATE_GOODS__2016-03__PPICRM__to__WPSID62,PPI_UNPROCESSED_INTERMEDIATE_GOODS,2016-03,PPICRM,WPSID62,adjacent_vintage_bridge,2016-02,2016-03,1969-07-01,-0.02626073916899596,-0.02626073916899596,0.0
5,PPI_UNPROCESSED_INTERMEDIATE_GOODS__2016-03__PPICRM__to__WPSID62,PPI_UNPROCESSED_INTERMEDIATE_GOODS,2016-03,PPICRM,WPSID62,adjacent_vintage_bridge,2016-02,2016-03,1969-08-01,0.020421119837724877,0.020421119837724877,0.0
5,PPI_UNPROCESSED_INTERMEDIATE_GOODS__2016-03__PPICRM__to__WPSID62,PPI_UNPROCESSED_INTERMEDIATE_GOODS,2016-03,PPICRM,WPSID62,adjacent_vintage_bridge,2016-02,2016-03,1969-09-01,-0.008759180089881635,-0.008759180089881635,0.0
5,PPI_UNPROCESSED_INTERMEDIATE_GOODS__2016-03__PPICRM__to__WPSID62,PPI_UNPROCESSED_INTERMEDIATE_GOODS,2016-03,PPICRM,WPSID62,adjacent_vintage_bridge,2016-02,2016-03,1969-10-01,0.01156082240107592,0.01156082240107592,0.0
5,PPI_UNPROCESSED_INTERMEDIATE_GOODS__2016-03__PPICRM__to__WPSID62,PPI_UNPROCESSED_INTERMEDIATE_GOODS,2016-03,PPICRM,WPSID62,adjacent_vintage_bridge,2016-02,2016-03,1969-11-01,-0.00013212657745320655,-0.00013212657745320655,0.0
5,PPI_UNPROCESSED_INTERMEDIATE_GOODS__2016-03__PPICRM__to__WPSID62,PPI_UNPROCESSED_INTERMEDIATE_GOODS,2016-03,PPICRM,WPSID62,adjacent_vintage_bridge,2016-02,2016-03,1969-12-01,-0.014273647955854063,-0.014273647955854063,0.0
5,PPI_UNPROCESSED_INTERMEDIATE_GOODS__2016-03__PPICRM__to__WPSID62,PPI_UNPROCESSED_INTERMEDIATE_GOODS,2016-03,PPICRM,WPSID62,adjacent_vintage_bridge,2016-02,2016-03,1970-01-01,0.0028449521322313487,0.0028449521322313487,0.0
5,PPI_UNPROCESSED_INTERMEDIATE_GOODS__2016-03__PPICRM__to__WPSID62,PPI_UNPROCESSED_INTERMEDIATE_GOODS,2016-03,PPICRM,WPSID62,adjacent_vintage_bridge,2016-02,2016-03,1970-02-01,0.0028449521322313487,0.0028449521322313487,0.0
5,PPI_UNPROCESSED_INTERMEDIATE_GOODS__2016-03__PPICRM__to__WPSID62,PPI_UNPROCESSED_INTERMEDIATE_GOODS,2016-03,PPICRM,WPSID62,adjacent_vintage_bridge,2016-02,2016-03,1970-03-01,0.00845460312170232,0.00845460312170232,0.0
5,PPI_UNPROCESSED_INTERMEDIATE_GOODS__2016-03__PPICRM__to__WPSID62,PPI_UNPROCESSED_INTERMEDIATE_GOODS,2016-03,PPICRM,WPSID62,adjacent_vintage_bridge,2016-02,2016-03,1970-04-01,-0.014112496630548588,-0.014112496630548588,0.0
5,PPI_UNPROCESSED_INTERMEDIATE_GOODS__2016-03__PPICRM__to__WPSID62,PPI_UNPROCESSED_INTERMEDIATE_GOODS,2016-03,PPICRM,WPSID62,adjacent_vintage_bridge,2016-02,2016-03,1970-05-01,-0.011371693615341627,-0.011371693615341627,0.0
5,PPI_UNPROCESSED_INTERMEDIATE_GOODS__2016-03__PPICRM__to__WPSID62,PPI_UNPROCESSED_INTERMEDIATE_GOODS,2016-03,PPICRM,WPSID62,adjacent_vintage_bridge,2016-02,2016-03,1970-06-01,0.014184634991956546,0.014184634991956546,0.0
5,PPI_UNPROCESSED_INTERMEDIATE_GOODS__2016-03__PPICRM__to__WPSID62,PPI_UNPROCESSED_INTERMEDIATE_GOODS,2016-03,PPICRM,WPSID62,adjacent_vintage_bridge,2016-02,2016-03,1970-07-01,0.002853068982406448,0.002853068982406448,0.0
5,PPI_UNPROCESSED_INTERMEDIATE_GOODS__2016-03__PPICRM__to__WPSID62,PPI_UNPROCESSED_INTERMEDIATE_GOODS,2016-03,PPICRM,WPSID62,adjacent_vintage_bridge,2016-02,2016-03,1970-08-01,-0.014314512501413024,-0.014314512501413024,0.0
5,PPI_UNPROCESSED_INTERMEDIATE_GOODS__2016-03__PPICRM__to__WPSID62,PPI_UNPROCESSED_INTERMEDIATE_GOODS,2016-03,PPICRM,WPSID62,adjacent_vintage_bridge,2016-02,2016-03,1970-09-01,0.03425445304756325,0.03425445304756325,0.0
5,PPI_UNPROCESSED_INTERMEDIATE_GOODS__2016-03__PPICRM__to__WPSID62,PPI_UNPROCESSED_INTERMEDIATE_GOODS,2016-03,PPICRM,WPSID62,adjacent_vintage_bridge,2016-02,2016-03,1970-10-01,-0.022793009528556674,-0.022793009528556674,0.0
5,PPI_UNPROCESSED_INTERMEDIATE_GOODS__2016-03__PPICRM__to__WPSID62,PPI_UNPROCESSED_INTERMEDIATE_GOODS,2016-03,PPICRM,WPSID62,adjacent_vintage_bridge,2016-02,2016-03,1970-11-01,-0.011331566009550098,-0.011331566009550098,0.0
5,PPI_UNPROCESSED_INTERMEDIATE_GOODS__2016-03__PPICRM__to__WPSID62,PPI_UNPROCESSED_INTERMEDIATE_GOODS,2016-03,PPICRM,WPSID62,adjacent_vintage_bridge,2016-02,2016-03,1970-12-01,-0.005910240424955582,-0.005910240424955582,0.0
5,PPI_UNPROCESSED_INTERMEDIATE_GOODS__2016-03__PPICRM__to__WPSID62,PPI_UNPROCESSED_INTERMEDIATE_GOODS,2016-03,PPICRM,WPSID62,adjacent_vintage_bridge,2016-02,2016-03,1971-01-01,0.025899869177619994,0.025899869177619994,0.0
5,PPI_UNPROCESSED_INTERMEDIATE_GOODS__2016-03__PPICRM__to__WPSID62,PPI_UNPROCESSED_INTERMEDIATE_GOODS,2016-03,PPICRM,WPSID62,adjacent_vintage_bridge,2016-02,2016-03,1971-02-01,0.02246184597069023,0.02246184597069023,0.0
5,PPI_UNPROCESSED_INTERMEDIATE_GOODS__2016-03__PPICRM__to__WPSID62,PPI_UNPROCESSED_INTERMEDIATE_GOODS,2016-03,PPICRM,WPSID62,adjacent_vintage_bridge,2016-02,2016-03,1971-03-01,-0.045145384068308925,-0.045145384068308925,0.0
5,PPI_UNPROCESSED_INTERMEDIATE_GOODS__2016-03__PPICRM__to__WPSID62,PPI_UNPROCESSED_INTERMEDIATE_GOODS,2016-03,PPICRM,WPSID62,adjacent_vintage_bridge,2016-02,2016-03,1971-04-01,0.030832593670885533,0.030832593670885533,0.0
5,PPI_UNPROCESSED_INTERMEDIATE_GOODS__2016-03__PPICRM__to__WPSID62,PPI_UNPROCESSED_INTERMEDIATE_GOODS,2016-03,PPICRM,WPSID62,adjacent_vintage_bridge,2016-02,2016-03,1971-05-01,-0.016807118316381153,-0.016807118316381153,0.0
5,PPI_UNPROCESSED_INTERMEDIATE_GOODS__2016-03__PPICRM__to__WPSID62,PPI_UNPROCESSED_INTERMEDIATE_GOODS,2016-03,PPICRM,WPSID62,adjacent_vintage_bridge,2016-02,2016-03,1971-06-01,0.005540180375615655,0.005540180375615655,0.0
5,PPI_UNPROCESSED_INTERMEDIATE_GOODS__2016-03__PPICRM__to__WPSID62,PPI_UNPROCESSED_INTERMEDIATE_GOODS,2016-03,PPICRM,WPSID62,adjacent_vintage_bridge,2016-02,2016-03,1971-07-01,-0.013862003713108084,-0.013862003713108084,0.0
5,PPI_UNPROCESSED_INTERMEDIATE_GOODS__2016-03__PPICRM__to__WPSID62,PPI_UNPROCESSED_INTERMEDIATE_GOODS,2016-03,PPICRM,WPSID62,adjacent_vintage_bridge,2016-02,2016-03,1971-08-01,0.00553242124991371,0.00553242124991371,0.0
5,PPI_UNPROCESSED_INTERMEDIATE_GOODS__2016-03__PPICRM__to__WPSID62,PPI_UNPROCESSED_INTERMEDIATE_GOODS,2016-03,PPICRM,WPSID62,adjacent_vintage_bridge,2016-02,2016-03,1971-09-01,-7.8025334824261e-06,-7.8025334824261e-06,0.0
5,PPI_UNPROCESSED_INTERMEDIATE_GOODS__2016-03__PPICRM__to__WPSID62,PPI_UNPROCESSED_INTERMEDIATE_GOODS,2016-03,PPICRM,WPSID62,adjacent_vintage_bridge,2016-02,2016-03,1971-10-01,0.022215290478162952,0.022215290478162952,0.0
5,PPI_UNPROCESSED_INTERMEDIATE_GOODS__2016-03__PPICRM__to__WPSID62,PPI_UNPROCESSED_INTERMEDIATE_GOODS,2016-03,PPICRM,WPSID62,adjacent_vintage_bridge,2016-02,2016-03,1971-11-01,-0.003068947855572546,-0.003068947855572546,0.0
5,PPI_UNPROCESSED_INTERMEDIATE_GOODS__2016-03__PPICRM__to__WPSID62,PPI_UNPROCESSED_INTERMEDIATE_GOODS,2016-03,PPICRM,WPSID62,adjacent_vintage_bridge,2016-02,2016-03,1971-12-01,-0.01095828936665244,-0.01095828936665244,0.0
5,PPI_UNPROCESSED_INTERMEDIATE_GOODS__2016-03__PPICRM__to__WPSID62,PPI_UNPROCESSED_INTERMEDIATE_GOODS,2016-03,PPICRM,WPSID62,adjacent_vintage_bridge,2016-02,2016-03,1972-01-01,0.010609492711564084,0.010609492711564084,0.0
5,PPI_UNPROCESSED_INTERMEDIATE_GOODS__2016-03__PPICRM__to__WPSID62,PPI_UNPROCESSED_INTERMEDIATE_GOODS,2016-03,PPICRM,WPSID62,adjacent_vintage_bridge,2016-02,2016-03,1972-02-01,-0.00809516183932768,-0.00809516183932768,0.0
5,PPI_UNPROCESSED_INTERMEDIATE_GOODS__2016-03__PPICRM__to__WPSID62,PPI_UNPROCESSED_INTERMEDIATE_GOODS,2016-03,PPICRM,WPSID62,adjacent_vintage_bridge,2016-02,2016-03,1972-03-01,-0.007905179507113225,-0.007905179507113225,0.0
5,PPI_UNPROCESSED_INTERMEDIATE_GOODS__2016-03__PPICRM__to__WPSID62,PPI_UNPROCESSED_INTERMEDIATE_GOODS,2016-03,PPICRM,WPSID62,adjacent_vintage_bridge,2016-02,2016-03,1972-04-01,0.01562531790308075,0.01562531790308075,0.0
5,PPI_UNPROCESSED_INTERMEDIATE_GOODS__2016-03__PPICRM__to__WPSID62,PPI_UNPROCESSED_INTERMEDIATE_GOODS,2016-03,PPICRM,WPSID62,adjacent_vintage_bridge,2016-02,2016-03,1972-05-01,-0.0002403990636015152,-0.0002403990636015152,0.0
5,PPI_UNPROCESSED_INTERMEDIATE_GOODS__2016-03__PPICRM__to__WPSID62,PPI_UNPROCESSED_INTERMEDIATE_GOODS,2016-03,PPICRM,WPSID62,adjacent_vintage_bridge,2016-02,2016-03,1972-06-01,-0.012843621410806527,-0.012843621410806527,0.0
5,PPI_UNPROCESSED_INTERMEDIATE_GOODS__2016-03__PPICRM__to__WPSID62,PPI_UNPROCESSED_INTERMEDIATE_GOODS,2016-03,PPICRM,WPSID62,adjacent_vintage_bridge,2016-02,2016-03,1972-07-01,0.012572340381375557,0.012572340381375557,0.0
5,PPI_UNPROCESSED_INTERMEDIATE_GOODS__2016-03__PPICRM__to__WPSID62,PPI_UNPROCESSED_INTERMEDIATE_GOODS,2016-03,PPICRM,WPSID62,adjacent_vintage_bridge,2016-02,2016-03,1972-08-01,-0.007641622971347406,-0.007641622971347406,0.0
5,PPI_UNPROCESSED_INTERMEDIATE_GOODS__2016-03__PPICRM__to__WPSID62,PPI_UNPROCESSED_INTERMEDIATE_GOODS,2016-03,PPICRM,WPSID62,adjacent_vintage_bridge,2016-02,2016-03,1972-09-01,-0.00252150967884468,-0.00252150967884468,0.0
5,PPI_UNPROCESSED_INTERMEDIATE_GOODS__2016-03__PPICRM__to__WPSID62,PPI_UNPROCESSED_INTERMEDIATE_GOODS,2016-03,PPICRM,WPSID62,adjacent_vintage_bridge,2016-02,2016-03,1972-10-01,0.004877583776406347,0.004877583776406347,0.0
5,PPI_UNPROCESSED_INTERMEDIATE_GOODS__2016-03__PPICRM__to__WPSID62,PPI_UNPROCESSED_INTERMEDIATE_GOODS,2016-03,PPICRM,WPSID62,adjacent_vintage_bridge,2016-02,2016-03,1972-11-01,0.016711466298350075,0.016711466298350075,0.0
5,PPI_UNPROCESSED_INTERMEDIATE_GOODS__2016-03__PPICRM__to__WPSID62,PPI_UNPROCESSED_INTERMEDIATE_GOODS,2016-03,PPICRM,WPSID62,adjacent_vintage_bridge,2016-02,2016-03,1972-12-01,0.01542464386441944,0.01542464386441944,0.0
5,PPI_UNPROCESSED_INTERMEDIATE_GOODS__2016-03__PPICRM__to__WPSID62,PPI_UNPROCESSED_INTERMEDIATE_GOODS,2016-03,PPICRM,WPSID62,adjacent_vintage_bridge,2016-02,2016-03,1973-01-01,-0.014935526711112868,-0.014935526711112868,0.0
5,PPI_UNPROCESSED_INTERMEDIATE_GOODS__2016-03__PPICRM__to__WPSID62,PPI_UNPROCESSED_INTERMEDIATE_GOODS,2016-03,PPICRM,WPSID62,adjacent_vintage_bridge,2016-02,2016-03,1973-02-01,0.01858183886413345,0.01858183886413345,0.0
5,PPI_UNPROCESSED_INTERMEDIATE_GOODS__2016-03__PPICRM__to__WPSID62,PPI_UNPROCESSED_INTERMEDIATE_GOODS,2016-03,PPICRM,WPSID62,adjacent_vintage_bridge,2016-02,2016-03,1973-03-01,4.0568774219540416e-05,4.0568774219540416e-05,0.0
5,PPI_UNPROCESSED_INTERMEDIATE_GOODS__2016-03__PPICRM__to__WPSID62,PPI_UNPROCESSED_INTERMEDIATE_GOODS,2016-03,PPICRM,WPSID62,adjacent_vintage_bridge,2016-02,2016-03,1973-04-01,-0.02955415298409747,-0.02955415298409747,0.0
5,PPI_UNPROCESSED_INTERMEDIATE_GOODS__2016-03__PPICRM__to__WPSID62,PPI_UNPROCESSED_INTERMEDIATE_GOODS,2016-03,PPICRM,WPSID62,adjacent_vintage_bridge,2016-02,2016-03,1973-05-01,0.03069523446458433,0.03069523446458433,0.0
5,PPI_UNPROCESSED_INTERMEDIATE_GOODS__2016-03__PPICRM__to__WPSID62,PPI_UNPROCESSED_INTERMEDIATE_GOODS,2016-03,PPICRM,WPSID62,adjacent_vintage_bridge,2016-02,2016-03,1973-06-01,-0.0002721458718659697,-0.0002721458718659697,0.0
5,PPI_UNPROCESSED_INTERMEDIATE_GOODS__2016-03__PPICRM__to__WPSID62,PPI_UNPROCESSED_INTERMEDIATE_GOODS,2016-03,PPICRM,WPSID62,adjacent_vintage_bridge,2016-02,2016-03,1973-07-01,-0.0930400312697861,-0.0930400312697861,0.0
5,PPI_UNPROCESSED_INTERMEDIATE_GOODS__2016-03__PPICRM__to__WPSID62,PPI_UNPROCESSED_INTERMEDIATE_GOODS,2016-03,PPICRM,WPSID62,adjacent_vintage_bridge,2016-02,2016-03,1973-08-01,0.2461512099639389,0.2461512099639389,0.0
5,PPI_UNPROCESSED_INTERMEDIATE_GOODS__2016-03__PPICRM__to__WPSID62,PPI_UNPROCESSED_INTERMEDIATE_GOODS,2016-03,PPICRM,WPSID62,adjacent_vintage_bridge,2016-02,2016-03,1973-09-01,-0.2508423835398186,-0.2508423835398186,0.0
5,PPI_UNPROCESSED_INTERMEDIATE_GOODS__2016-03__PPICRM__to__WPSID62,PPI_UNPROCESSED_INTERMEDIATE_GOODS,2016-03,PPICRM,WPSID62,adjacent_vintage_bridge,2016-02,2016-03,1973-10-01,0.011004768732732373,0.011004768732732373,0.0
5,PPI_UNPROCESSED_INTERMEDIATE_GOODS__2016-03__PPICRM__to__WPSID62,PPI_UNPROCESSED_INTERMEDIATE_GOODS,2016-03,PPICRM,WPSID62,adjacent_vintage_bridge,2016-02,2016-03,1973-11-01,0.04871711014594915,0.04871711014594915,0.0
5,PPI_UNPROCESSED_INTERMEDIATE_GOODS__2016-03__PPICRM__to__WPSID62,PPI_UNPROCESSED_INTERMEDIATE_GOODS,2016-03,PPICRM,WPSID62,adjacent_vintage_bridge,2016-02,2016-03,1973-12-01,-0.00681720916157591,-0.00681720916157591,0.0
5,PPI_UNPROCESSED_INTERMEDIATE_GOODS__2016-03__PPICRM__to__WPSID62,PPI_UNPROCESSED_INTERMEDIATE_GOODS,2016-03,PPICRM,WPSID62,adjacent_vintage_bridge,2016-02,2016-03,1974-01-01,0.06696092423174527,0.06696092423174527,0.0
5,PPI_UNPROCESSED_INTERMEDIATE_GOODS__2016-03__PPICRM__to__WPSID62,PPI_UNPROCESSED_INTERMEDIATE_GOODS,2016-03,PPICRM,WPSID62,adjacent_vintage_bridge,2016-02,2016-03,1974-02-01,-0.05298010264463482,-0.05298010264463482,0.0
5,PPI_UNPROCESSED_INTERMEDIATE_GOODS__2016-03__PPICRM__to__WPSID62,PPI_UNPROCESSED_INTERMEDIATE_GOODS,2016-03,PPICRM,WPSID62,adjacent_vintage_bridge,2016-02,2016-03,1974-03-01,-0.04727250754361023,-0.04727250754361023,0.0
5,PPI_UNPROCESSED_INTERMEDIATE_GOODS__2016-03__PPICRM__to__WPSID62,PPI_UNPROCESSED_INTERMEDIATE_GOODS,2016-03,PPICRM,WPSID62,adjacent_vintage_bridge,2016-02,2016-03,1974-04-01,0.003931672732028879,0.003931672732028879,0.0
5,PPI_UNPROCESSED_INTERMEDIATE_GOODS__2016-03__PPICRM__to__WPSID62,PPI_UNPROCESSED_INTERMEDIATE_GOODS,2016-03,PPICRM,WPSID62,adjacent_vintage_bridge,2016-02,2016-03,1974-05-01,-0.011026267000684875,-0.011026267000684875,0.0
5,PPI_UNPROCESSED_INTERMEDIATE_GOODS__2016-03__PPICRM__to__WPSID62,PPI_UNPROCESSED_INTERMEDIATE_GOODS,2016-03,PPICRM,WPSID62,adjacent_vintage_bridge,2016-02,2016-03,1974-06-01,-0.01232969988438537,-0.01232969988438537,0.0
5,PPI_UNPROCESSED_INTERMEDIATE_GOODS__2016-03__PPICRM__to__WPSID62,PPI_UNPROCESSED_INTERMEDIATE_GOODS,2016-03,PPICRM,WPSID62,adjacent_vintage_bridge,2016-02,2016-03,1974-07-01,0.12744856680655658,0.12744856680655658,0.0
5,PPI_UNPROCESSED_INTERMEDIATE_GOODS__2016-03__PPICRM__to__WPSID62,PPI_UNPROCESSED_INTERMEDIATE_GOODS,2016-03,PPICRM,WPSID62,adjacent_vintage_bridge,2016-02,2016-03,1974-08-01,-0.025885564453539622,-0.025885564453539622,0.0
5,PPI_UNPROCESSED_INTERMEDIATE_GOODS__2016-03__PPICRM__to__WPSID62,PPI_UNPROCESSED_INTERMEDIATE_GOODS,2016-03,PPICRM,WPSID62,adjacent_vintage_bridge,2016-02,2016-03,1974-09-01,-0.0828534917403525,-0.0828534917403525,0.0
5,PPI_UNPROCESSED_INTERMEDIATE_GOODS__2016-03__PPICRM__to__WPSID62,PPI_UNPROCESSED_INTERMEDIATE_GOODS,2016-03,PPICRM,WPSID62,adjacent_vintage_bridge,2016-02,2016-03,1974-10-01,0.06938411542750433,0.06938411542750433,0.0
5,PPI_UNPROCESSED_INTERMEDIATE_GOODS__2016-03__PPICRM__to__WPSID62,PPI_UNPROCESSED_INTERMEDIATE_GOODS,2016-03,PPICRM,WPSID62,adjacent_vintage_bridge,2016-02,2016-03,1974-11-01,-0.021372216893857043,-0.021372216893857043,0.0
5,PPI_UNPROCESSED_INTERMEDIATE_GOODS__2016-03__PPICRM__to__WPSID62,PPI_UNPROCESSED_INTERMEDIATE_GOODS,2016-03,PPICRM,WPSID62,adjacent_vintage_bridge,2016-02,2016-03,1974-12-01,-0.05866494542654621,-0.05866494542654621,0.0
5,PPI_UNPROCESSED_INTERMEDIATE_GOODS__2016-03__PPICRM__to__WPSID62,PPI_UNPROCESSED_INTERMEDIATE_GOODS,2016-03,PPICRM,WPSID62,adjacent_vintage_bridge,2016-02,2016-03,1975-01-01,0.011584435142274252,0.011584435142274252,0.0
5,PPI_UNPROCESSED_INTERMEDIATE_GOODS__2016-03__PPICRM__to__WPSID62,PPI_UNPROCESSED_INTERMEDIATE_GOODS,2016-03,PPICRM,WPSID62,adjacent_vintage_bridge,2016-02,2016-03,1975-02-01,0.002443411248814087,0.002443411248814087,0.0
5,PPI_UNPROCESSED_INTERMEDIATE_GOODS__2016-03__PPICRM__to__WPSID62,PPI_UNPROCESSED_INTERMEDIATE_GOODS,2016-03,PPICRM,WPSID62,adjacent_vintage_bridge,2016-02,2016-03,1975-03-01,0.015024921575369277,0.015024921575369277,0.0
5,PPI_UNPROCESSED_INTERMEDIATE_GOODS__2016-03__PPICRM__to__WPSID62,PPI_UNPROCESSED_INTERMEDIATE_GOODS,2016-03,PPICRM,WPSID62,adjacent_vintage_bridge,2016-02,2016-03,1975-04-01,0.05508546380660473,0.05508546380660473,0.0
5,PPI_UNPROCESSED_INTERMEDIATE_GOODS__2016-03__PPICRM__to__WPSID62,PPI_UNPROCESSED_INTERMEDIATE_GOODS,2016-03,PPICRM,WPSID62,adjacent_vintage_bridge,2016-02,2016-03,1975-05-01,-0.013001318922923666,-0.013001318922923666,0.0
5,PPI_UNPROCESSED_INTERMEDIATE_GOODS__2016-03__PPICRM__to__WPSID62,PPI_UNPROCESSED_INTERMEDIATE_GOODS,2016-03,PPICRM,WPSID62,adjacent_vintage_bridge,2016-02,2016-03,1975-06-01,-0.02328089167250358,-0.02328089167250358,0.0
5,PPI_UNPROCESSED_INTERMEDIATE_GOODS__2016-03__PPICRM__to__WPSID62,PPI_UNPROCESSED_INTERMEDIATE_GOODS,2016-03,PPICRM,WPSID62,adjacent_vintage_bridge,2016-02,2016-03,1975-07-01,0.009638115268717051,0.009638115268717051,0.0
5,PPI_UNPROCESSED_INTERMEDIATE_GOODS__2016-03__PPICRM__to__WPSID62,PPI_UNPROCESSED_INTERMEDIATE_GOODS,2016-03,PPICRM,WPSID62,adjacent_vintage_bridge,2016-02,2016-03,1975-08-01,-0.004958649546758842,-0.004958649546758842,0.0
5,PPI_UNPROCESSED_INTERMEDIATE_GOODS__2016-03__PPICRM__to__WPSID62,PPI_UNPROCESSED_INTERMEDIATE_GOODS,2016-03,PPICRM,WPSID62,adjacent_vintage_bridge,2016-02,2016-03,1975-09-01,0.013961046394043386,0.013961046394043386,0.0
5,PPI_UNPROCESSED_INTERMEDIATE_GOODS__2016-03__PPICRM__to__WPSID62,PPI_UNPROCESSED_INTERMEDIATE_GOODS,2016-03,PPICRM,WPSID62,adjacent_vintage_bridge,2016-02,2016-03,1975-10-01,-0.014271171997396692,-0.014271171997396692,0.0
5,PPI_UNPROCESSED_INTERMEDIATE_GOODS__2016-03__PPICRM__to__WPSID62,PPI_UNPROCESSED_INTERMEDIATE_GOODS,2016-03,PPICRM,WPSID62,adjacent_vintage_bridge,2016-02,2016-03,1975-11-01,-0.020070241517013088,-0.020070241517013088,0.0
5,PPI_UNPROCESSED_INTERMEDIATE_GOODS__2016-03__PPICRM__to__WPSID62,PPI_UNPROCESSED_INTERMEDIATE_GOODS,2016-03,PPICRM,WPSID62,adjacent_vintage_bridge,2016-02,2016-03,1975-12-01,0.004580366353579279,0.004580366353579279,0.0
5,PPI_UNPROCESSED_INTERMEDIATE_GOODS__2016-03__PPICRM__to__WPSID62,PPI_UNPROCESSED_INTERMEDIATE_GOODS,2016-03,PPICRM,WPSID62,adjacent_vintage_bridge,2016-02,2016-03,1976-01-01,-0.009517807217502394,-0.009517807217502394,0.0
5,PPI_UNPROCESSED_INTERMEDIATE_GOODS__2016-03__PPICRM__to__WPSID62,PPI_UNPROCESSED_INTERMEDIATE_GOODS,2016-03,PPICRM,WPSID62,adjacent_vintage_bridge,2016-02,2016-03,1976-02-01,0.0013596195160392455,0.0013596195160392455,0.0
5,PPI_UNPROCESSED_INTERMEDIATE_GOODS__2016-03__PPICRM__to__WPSID62,PPI_UNPROCESSED_INTERMEDIATE_GOODS,2016-03,PPICRM,WPSID62,adjacent_vintage_bridge,2016-02,2016-03,1976-03-01,0.004679923325139335,0.004679923325139335,0.0
5,PPI_UNPROCESSED_INTERMEDIATE_GOODS__2016-03__PPICRM__to__WPSID62,PPI_UNPROCESSED_INTERMEDIATE_GOODS,2016-03,PPICRM,WPSID62,adjacent_vintage_bridge,2016-02,2016-03,1976-04-01,0.04799100069797646,0.04799100069797646,0.0
5,PPI_UNPROCESSED_INTERMEDIATE_GOODS__2016-03__PPICRM__to__WPSID62,PPI_UNPROCESSED_INTERMEDIATE_GOODS,2016-03,PPICRM,WPSID62,adjacent_vintage_bridge,2016-02,2016-03,1976-05-01,-0.04298807760842838,-0.04298807760842838,0.0
5,PPI_UNPROCESSED_INTERMEDIATE_GOODS__2016-03__PPICRM__to__WPSID62,PPI_UNPROCESSED_INTERMEDIATE_GOODS,2016-03,PPICRM,WPSID62,adjacent_vintage_bridge,2016-02,2016-03,1976-06-01,0.029551889623943062,0.029551889623943062,0.0
5,PPI_UNPROCESSED_INTERMEDIATE_GOODS__2016-03__PPICRM__to__WPSID62,PPI_UNPROCESSED_INTERMEDIATE_GOODS,2016-03,PPICRM,WPSID62,adjacent_vintage_bridge,2016-02,2016-03,1976-07-01,-0.030999864160909496,-0.030999864160909496,0.0
5,PPI_UNPROCESSED_INTERMEDIATE_GOODS__2016-03__PPICRM__to__WPSID62,PPI_UNPROCESSED_INTERMEDIATE_GOODS,2016-03,PPICRM,WPSID62,adjacent_vintage_bridge,2016-02,2016-03,1976-08-01,-0.01253826743777342,-0.01253826743777342,0.0
5,PPI_UNPROCESSED_INTERMEDIATE_GOODS__2016-03__PPICRM__to__WPSID62,PPI_UNPROCESSED_INTERMEDIATE_GOODS,2016-03,PPICRM,WPSID62,adjacent_vintage_bridge,2016-02,2016-03,1976-09-01,0.015542524109255496,0.015542524109255496,0.0
5,PPI_UNPROCESSED_INTERMEDIATE_GOODS__2016-03__PPICRM__to__WPSID62,PPI_UNPROCESSED_INTERMEDIATE_GOODS,2016-03,PPICRM,WPSID62,adjacent_vintage_bridge,2016-02,2016-03,1976-10-01,-0.003179526148750611,-0.003179526148750611,0.0
5,PPI_UNPROCESSED_INTERMEDIATE_GOODS__2016-03__PPICRM__to__WPSID62,PPI_UNPROCESSED_INTERMEDIATE_GOODS,2016-03,PPICRM,WPSID62,adjacent_vintage_bridge,2016-02,2016-03,1976-11-01,0.012658270103294456,0.012658270103294456,0.0
5,PPI_UNPROCESSED_INTERMEDIATE_GOODS__2016-03__PPICRM__to__WPSID62,PPI_UNPROCESSED_INTERMEDIATE_GOODS,2016-03,PPICRM,WPSID62,adjacent_vintage_bridge,2016-02,2016-03,1976-12-01,0.010872227306899518,0.010872227306899518,0.0
5,PPI_UNPROCESSED_INTERMEDIATE_GOODS__2016-03__PPICRM__to__WPSID62,PPI_UNPROCESSED_INTERMEDIATE_GOODS,2016-03,PPICRM,WPSID62,adjacent_vintage_bridge,2016-02,2016-03,1977-01-01,-0.020306954916699205,-0.020306954916699205,0.0
5,PPI_UNPROCESSED_INTERMEDIATE_GOODS__2016-03__PPICRM__to__WPSID62,PPI_UNPROCESSED_INTERMEDIATE_GOODS,2016-03,PPICRM,WPSID62,adjacent_vintage_bridge,2016-02,2016-03,1977-02-01,0.02464488680514343,0.02464488680514343,0.0
5,PPI_UNPROCESSED_INTERMEDIATE_GOODS__2016-03__PPICRM__to__WPSID62,PPI_UNPROCESSED_INTERMEDIATE_GOODS,2016-03,PPICRM,WPSID62,adjacent_vintage_bridge,2016-02,2016-03,1977-03-01,-0.00793364219121262,-0.00793364219121262,0.0
5,PPI_UNPROCESSED_INTERMEDIATE_GOODS__2016-03__PPICRM__to__WPSID62,PPI_UNPROCESSED_INTERMEDIATE_GOODS,2016-03,PPICRM,WPSID62,adjacent_vintage_bridge,2016-02,2016-03,1977-04-01,0.01159953697462246,0.01159953697462246,0.0
5,PPI_UNPROCESSED_INTERMEDIATE_GOODS__2016-03__PPICRM__to__WPSID62,PPI_UNPROCESSED_INTERMEDIATE_GOODS,2016-03,PPICRM,WPSID62,adjacent_vintage_bridge,2016-02,2016-03,1977-05-01,-0.03550697255822666,-0.03550697255822666,0.0
5,PPI_UNPROCESSED_INTERMEDIATE_GOODS__2016-03__PPICRM__to__WPSID62,PPI_UNPROCESSED_INTERMEDIATE_GOODS,2016-03,PPICRM,WPSID62,adjacent_vintage_bridge,2016-02,2016-03,1977-06-01,-0.021256056879885854,-0.021256056879885854,0.0
5,PPI_UNPROCESSED_INTERMEDIATE_GOODS__2016-03__PPICRM__to__WPSID62,PPI_UNPROCESSED_INTERMEDIATE_GOODS,2016-03,PPICRM,WPSID62,adjacent_vintage_bridge,2016-02,2016-03,1977-07-01,0.019268899273360063,0.019268899273360063,0.0
5,PPI_UNPROCESSED_INTERMEDIATE_GOODS__2016-03__PPICRM__to__WPSID62,PPI_UNPROCESSED_INTERMEDIATE_GOODS,2016-03,PPICRM,WPSID62,adjacent_vintage_bridge,2016-02,2016-03,1977-08-01,-0.00015289898901471588,-0.00015289898901471588,0.0
5,PPI_UNPROCESSED_INTERMEDIATE_GOODS__2016-03__PPICRM__to__WPSID62,PPI_UNPROCESSED_INTERMEDIATE_GOODS,2016-03,PPICRM,WPSID62,adjacent_vintage_bridge,2016-02,2016-03,1977-09-01,0.00930704131799498,0.00930704131799498,0.0
5,PPI_UNPROCESSED_INTERMEDIATE_GOODS__2016-03__PPICRM__to__WPSID62,PPI_UNPROCESSED_INTERMEDIATE_GOODS,2016-03,PPICRM,WPSID62,adjacent_vintage_bridge,2016-02,2016-03,1977-10-01,0.007833319586925569,0.007833319586925569,0.0
5,PPI_UNPROCESSED_INTERMEDIATE_GOODS__2016-03__PPICRM__to__WPSID62,PPI_UNPROCESSED_INTERMEDIATE_GOODS,2016-03,PPICRM,WPSID62,adjacent_vintage_bridge,2016-02,2016-03,1977-11-01,0.016940654321927262,0.016940654321927262,0.0
5,PPI_UNPROCESSED_INTERMEDIATE_GOODS__2016-03__PPICRM__to__WPSID62,PPI_UNPROCESSED_INTERMEDIATE_GOODS,2016-03,PPICRM,WPSID62,adjacent_vintage_bridge,2016-02,2016-03,1977-12-01,-0.006464377084245854,-0.006464377084245854,0.0
5,PPI_UNPROCESSED_INTERMEDIATE_GOODS__2016-03__PPICRM__to__WPSID62,PPI_UNPROCESSED_INTERMEDIATE_GOODS,2016-03,PPICRM,WPSID62,adjacent_vintage_bridge,2016-02,2016-03,1978-01-01,-0.0017116178509422042,-0.0017116178509422042,0.0
5,PPI_UNPROCESSED_INTERMEDIATE_GOODS__2016-03__PPICRM__to__WPSID62,PPI_UNPROCESSED_INTERMEDIATE_GOODS,2016-03,PPICRM,WPSID62,adjacent_vintage_bridge,2016-02,2016-03,1978-02-01,0.0027494078095298136,0.0027494078095298136,0.0
5,PPI_UNPROCESSED_INTERMEDIATE_GOODS__2016-03__PPICRM__to__WPSID62,PPI_UNPROCESSED_INTERMEDIATE_GOODS,2016-03,PPICRM,WPSID62,adjacent_vintage_bridge,2016-02,2016-03,1978-03-01,0.004048597161998124,0.004048597161998124,0.0
5,PPI_UNPROCESSED_INTERMEDIATE_GOODS__2016-03__PPICRM__to__WPSID62,PPI_UNPROCESSED_INTERMEDIATE_GOODS,2016-03,PPICRM,WPSID62,adjacent_vintage_bridge,2016-02,2016-03,1978-04-01,0.012158849382755577,0.012158849382755577,0.0
5,PPI_UNPROCESSED_INTERMEDIATE_GOODS__2016-03__PPICRM__to__WPSID62,PPI_UNPROCESSED_INTERMEDIATE_GOODS,2016-03,PPICRM,WPSID62,adjacent_vintage_bridge,2016-02,2016-03,1978-05-01,-0.022758123610840286,-0.022758123610840286,0.0
5,PPI_UNPROCESSED_INTERMEDIATE_GOODS__2016-03__PPICRM__to__WPSID62,PPI_UNPROCESSED_INTERMEDIATE_GOODS,2016-03,PPICRM,WPSID62,adjacent_vintage_bridge,2016-02,2016-03,1978-06-01,0.014762641095338758,0.014762641095338758,0.0
5,PPI_UNPROCESSED_INTERMEDIATE_GOODS__2016-03__PPICRM__to__WPSID62,PPI_UNPROCESSED_INTERMEDIATE_GOODS,2016-03,PPICRM,WPSID62,adjacent_vintage_bridge,2016-02,2016-03,1978-07-01,-0.029800909043456336,-0.029800909043456336,0.0
5,PPI_UNPROCESSED_INTERMEDIATE_GOODS__2016-03__PPICRM__to__WPSID62,PPI_UNPROCESSED_INTERMEDIATE_GOODS,2016-03,PPICRM,WPSID62,adjacent_vintage_bridge,2016-02,2016-03,1978-08-01,-0.0013849939416621382,-0.0013849939416621382,0.0
5,PPI_UNPROCESSED_INTERMEDIATE_GOODS__2016-03__PPICRM__to__WPSID62,PPI_UNPROCESSED_INTERMEDIATE_GOODS,2016-03,PPICRM,WPSID62,adjacent_vintage_bridge,2016-02,2016-03,1978-09-01,0.025579110552841122,0.025579110552841122,0.0
5,PPI_UNPROCESSED_INTERMEDIATE_GOODS__2016-03__PPICRM__to__WPSID62,PPI_UNPROCESSED_INTERMEDIATE_GOODS,2016-03,PPICRM,WPSID62,adjacent_vintage_bridge,2016-02,2016-03,1978-10-01,0.006167103508796679,0.006167103508796679,0.0
5,PPI_UNPROCESSED_INTERMEDIATE_GOODS__2016-03__PPICRM__to__WPSID62,PPI_UNPROCESSED_INTERMEDIATE_GOODS,2016-03,PPICRM,WPSID62,adjacent_vintage_bridge,2016-02,2016-03,1978-11-01,-0.01980350434159739,-0.01980350434159739,0.0
5,PPI_UNPROCESSED_INTERMEDIATE_GOODS__2016-03__PPICRM__to__WPSID62,PPI_UNPROCESSED_INTERMEDIATE_GOODS,2016-03,PPICRM,WPSID62,adjacent_vintage_bridge,2016-02,2016-03,1978-12-01,0.002540687351912929,0.002540687351912929,0.0
5,PPI_UNPROCESSED_INTERMEDIATE_GOODS__2016-03__PPICRM__to__WPSID62,PPI_UNPROCESSED_INTERMEDIATE_GOODS,2016-03,PPICRM,WPSID62,adjacent_vintage_bridge,2016-02,2016-03,1979-01-01,0.018844981290811802,0.018844981290811802,0.0
5,PPI_UNPROCESSED_INTERMEDIATE_GOODS__2016-03__PPICRM__to__WPSID62,PPI_UNPROCESSED_INTERMEDIATE_GOODS,2016-03,PPICRM,WPSID62,adjacent_vintage_bridge,2016-02,2016-03,1979-02-01,-0.001904865000653011,-0.001904865000653011,0.0
5,PPI_UNPROCESSED_INTERMEDIATE_GOODS__2016-03__PPICRM__to__WPSID62,PPI_UNPROCESSED_INTERMEDIATE_GOODS,2016-03,PPICRM,WPSID62,adjacent_vintage_bridge,2016-02,2016-03,1979-03-01,-0.004167171354414911,-0.004167171354414911,0.0
5,PPI_UNPROCESSED_INTERMEDIATE_GOODS__2016-03__PPICRM__to__WPSID62,PPI_UNPROCESSED_INTERMEDIATE_GOODS,2016-03,PPICRM,WPSID62,adjacent_vintage_bridge,2016-02,2016-03,1979-04-01,-0.01336059691577951,-0.01336059691577951,0.0
5,PPI_UNPROCESSED_INTERMEDIATE_GOODS__2016-03__PPICRM__to__WPSID62,PPI_UNPROCESSED_INTERMEDIATE_GOODS,2016-03,PPICRM,WPSID62,adjacent_vintage_bridge,2016-02,2016-03,1979-05-01,-0.00358619405777727,-0.00358619405777727,0.0
5,PPI_UNPROCESSED_INTERMEDIATE_GOODS__2016-03__PPICRM__to__WPSID62,PPI_UNPROCESSED_INTERMEDIATE_GOODS,2016-03,PPICRM,WPSID62,adjacent_vintage_bridge,2016-02,2016-03,1979-06-01,0.007021481433589827,0.007021481433589827,0.0
5,PPI_UNPROCESSED_INTERMEDIATE_GOODS__2016-03__PPICRM__to__WPSID62,PPI_UNPROCESSED_INTERMEDIATE_GOODS,2016-03,PPICRM,WPSID62,adjacent_vintage_bridge,2016-02,2016-03,1979-07-01,-0.00011055069954934993,-0.00011055069954934993,0.0
5,PPI_UNPROCESSED_INTERMEDIATE_GOODS__2016-03__PPICRM__to__WPSID62,PPI_UNPROCESSED_INTERMEDIATE_GOODS,2016-03,PPICRM,WPSID62,adjacent_vintage_bridge,2016-02,2016-03,1979-08-01,-0.02208716878525685,-0.02208716878525685,0.0
5,PPI_UNPROCESSED_INTERMEDIATE_GOODS__2016-03__PPICRM__to__WPSID62,PPI_UNPROCESSED_INTERMEDIATE_GOODS,2016-03,PPICRM,WPSID62,adjacent_vintage_bridge,2016-02,2016-03,1979-09-01,0.03931146674353592,0.03931146674353592,0.0
5,PPI_UNPROCESSED_INTERMEDIATE_GOODS__2016-03__PPICRM__to__WPSID62,PPI_UNPROCESSED_INTERMEDIATE_GOODS,2016-03,PPICRM,WPSID62,adjacent_vintage_bridge,2016-02,2016-03,1979-10-01,-0.017496583441424463,-0.017496583441424463,0.0
5,PPI_UNPROCESSED_INTERMEDIATE_GOODS__2016-03__PPICRM__to__WPSID62,PPI_UNPROCESSED_INTERMEDIATE_GOODS,2016-03,PPICRM,WPSID62,adjacent_vintage_bridge,2016-02,2016-03,1979-11-01,0.003236175025148391,0.003236175025148391,0.0
5,PPI_UNPROCESSED_INTERMEDIATE_GOODS__2016-03__PPICRM__to__WPSID62,PPI_UNPROCESSED_INTERMEDIATE_GOODS,2016-03,PPICRM,WPSID62,adjacent_vintage_bridge,2016-02,2016-03,1979-12-01,-0.0001777935821198895,-0.0001777935821198895,0.0
5,PPI_UNPROCESSED_INTERMEDIATE_GOODS__2016-03__PPICRM__to__WPSID62,PPI_UNPROCESSED_INTERMEDIATE_GOODS,2016-03,PPICRM,WPSID62,adjacent_vintage_bridge,2016-02,2016-03,1980-01-01,-0.01654012264687399,-0.01654012264687399,0.0
5,PPI_UNPROCESSED_INTERMEDIATE_GOODS__2016-03__PPICRM__to__WPSID62,PPI_UNPROCESSED_INTERMEDIATE_GOODS,2016-03,PPICRM,WPSID62,adjacent_vintage_bridge,2016-02,2016-03,1980-02-01,0.021824036365553745,0.021824036365553745,0.0
5,PPI_UNPROCESSED_INTERMEDIATE_GOODS__2016-03__PPICRM__to__WPSID62,PPI_UNPROCESSED_INTERMEDIATE_GOODS,2016-03,PPICRM,WPSID62,adjacent_vintage_bridge,2016-02,2016-03,1980-03-01,-0.03815899651358645,-0.03815899651358645,0.0
5,PPI_UNPROCESSED_INTERMEDIATE_GOODS__2016-03__PPICRM__to__WPSID62,PPI_UNPROCESSED_INTERMEDIATE_GOODS,2016-03,PPICRM,WPSID62,adjacent_vintage_bridge,2016-02,2016-03,1980-04-01,-0.00828932195244736,-0.00828932195244736,0.0
5,PPI_UNPROCESSED_INTERMEDIATE_GOODS__2016-03__PPICRM__to__WPSID62,PPI_UNPROCESSED_INTERMEDIATE_GOODS,2016-03,PPICRM,WPSID62,adjacent_vintage_bridge,2016-02,2016-03,1980-05-01,0.04141769566822795,0.04141769566822795,0.0
5,PPI_UNPROCESSED_INTERMEDIATE_GOODS__2016-03__PPICRM__to__WPSID62,PPI_UNPROCESSED_INTERMEDIATE_GOODS,2016-03,PPICRM,WPSID62,adjacent_vintage_bridge,2016-02,2016-03,1980-06-01,-0.006816978337412571,-0.006816978337412571,0.0
5,PPI_UNPROCESSED_INTERMEDIATE_GOODS__2016-03__PPICRM__to__WPSID62,PPI_UNPROCESSED_INTERMEDIATE_GOODS,2016-03,PPICRM,WPSID62,adjacent_vintage_bridge,2016-02,2016-03,1980-07-01,0.042055772110058065,0.042055772110058065,0.0
5,PPI_UNPROCESSED_INTERMEDIATE_GOODS__2016-03__PPICRM__to__WPSID62,PPI_UNPROCESSED_INTERMEDIATE_GOODS,2016-03,PPICRM,WPSID62,adjacent_vintage_bridge,2016-02,2016-03,1980-08-01,-0.0032749373667826376,-0.0032749373667826376,0.0
5,PPI_UNPROCESSED_INTERMEDIATE_GOODS__2016-03__PPICRM__to__WPSID62,PPI_UNPROCESSED_INTERMEDIATE_GOODS,2016-03,PPICRM,WPSID62,adjacent_vintage_bridge,2016-02,2016-03,1980-09-01,-0.03142001695371821,-0.03142001695371821,0.0
5,PPI_UNPROCESSED_INTERMEDIATE_GOODS__2016-03__PPICRM__to__WPSID62,PPI_UNPROCESSED_INTERMEDIATE_GOODS,2016-03,PPICRM,WPSID62,adjacent_vintage_bridge,2016-02,2016-03,1980-10-01,0.003727113388935166,0.003727113388935166,0.0
5,PPI_UNPROCESSED_INTERMEDIATE_GOODS__2016-03__PPICRM__to__WPSID62,PPI_UNPROCESSED_INTERMEDIATE_GOODS,2016-03,PPICRM,WPSID62,adjacent_vintage_bridge,2016-02,2016-03,1980-11-01,-0.005129535576155142,-0.005129535576155142,0.0
5,PPI_UNPROCESSED_INTERMEDIATE_GOODS__2016-03__PPICRM__to__WPSID62,PPI_UNPROCESSED_INTERMEDIATE_GOODS,2016-03,PPICRM,WPSID62,adjacent_vintage_bridge,2016-02,2016-03,1980-12-01,-0.020399430706730115,-0.020399430706730115,0.0
5,PPI_UNPROCESSED_INTERMEDIATE_GOODS__2016-03__PPICRM__to__WPSID62,PPI_UNPROCESSED_INTERMEDIATE_GOODS,2016-03,PPICRM,WPSID62,adjacent_vintage_bridge,2016-02,2016-03,1981-01-01,0.014552340910726436,0.014552340910726436,0.0
5,PPI_UNPROCESSED_INTERMEDIATE_GOODS__2016-03__PPICRM__to__WPSID62,PPI_UNPROCESSED_INTERMEDIATE_GOODS,2016-03,PPICRM,WPSID62,adjacent_vintage_bridge,2016-02,2016-03,1981-02-01,0.0009143221051219896,0.0009143221051219896,0.0
5,PPI_UNPROCESSED_INTERMEDIATE_GOODS__2016-03__PPICRM__to__WPSID62,PPI_UNPROCESSED_INTERMEDIATE_GOODS,2016-03,PPICRM,WPSID62,adjacent_vintage_bridge,2016-02,2016-03,1981-03-01,-0.011553325832416306,-0.011553325832416306,0.0
5,PPI_UNPROCESSED_INTERMEDIATE_GOODS__2016-03__PPICRM__to__WPSID62,PPI_UNPROCESSED_INTERMEDIATE_GOODS,2016-03,PPICRM,WPSID62,adjacent_vintage_bridge,2016-02,2016-03,1981-04-01,0.007692317174956997,0.007692317174956997,0.0
5,PPI_UNPROCESSED_INTERMEDIATE_GOODS__2016-03__PPICRM__to__WPSID62,PPI_UNPROCESSED_INTERMEDIATE_GOODS,2016-03,PPICRM,WPSID62,adjacent_vintage_bridge,2016-02,2016-03,1981-05-01,-0.007692317174956997,-0.007692317174956997,0.0
5,PPI_UNPROCESSED_INTERMEDIATE_GOODS__2016-03__PPICRM__to__WPSID62,PPI_UNPROCESSED_INTERMEDIATE_GOODS,2016-03,PPICRM,WPSID62,adjacent_vintage_bridge,2016-02,2016-03,1981-06-01,0.014387703257941808,0.014387703257941808,0.0
5,PPI_UNPROCESSED_INTERMEDIATE_GOODS__2016-03__PPICRM__to__WPSID62,PPI_UNPROCESSED_INTERMEDIATE_GOODS,2016-03,PPICRM,WPSID62,adjacent_vintage_bridge,2016-02,2016-03,1981-07-01,-0.009588709915191451,-0.009588709915191451,0.0
5,PPI_UNPROCESSED_INTERMEDIATE_GOODS__2016-03__PPICRM__to__WPSID62,PPI_UNPROCESSED_INTERMEDIATE_GOODS,2016-03,PPICRM,WPSID62,adjacent_vintage_bridge,2016-02,2016-03,1981-08-01,-0.010522285771422446,-0.010522285771422446,0.0
5,PPI_UNPROCESSED_INTERMEDIATE_GOODS__2016-03__PPICRM__to__WPSID62,PPI_UNPROCESSED_INTERMEDIATE_GOODS,2016-03,PPICRM,WPSID62,adjacent_vintage_bridge,2016-02,2016-03,1981-09-01,-0.003009331190709119,-0.003009331190709119,0.0
5,PPI_UNPROCESSED_INTERMEDIATE_GOODS__2016-03__PPICRM__to__WPSID62,PPI_UNPROCESSED_INTERMEDIATE_GOODS,2016-03,PPICRM,WPSID62,adjacent_vintage_bridge,2016-02,2016-03,1981-10-01,-0.002134577874287835,-0.002134577874287835,0.0
5,PPI_UNPROCESSED_INTERMEDIATE_GOODS__2016-03__PPICRM__to__WPSID62,PPI_UNPROCESSED_INTERMEDIATE_GOODS,2016-03,PPICRM,WPSID62,adjacent_vintage_bridge,2016-02,2016-03,1981-11-01,-0.00021971980442536676,-0.00021971980442536676,0.0
5,PPI_UNPROCESSED_INTERMEDIATE_GOODS__2016-03__PPICRM__to__WPSID62,PPI_UNPROCESSED_INTERMEDIATE_GOODS,2016-03,PPICRM,WPSID62,adjacent_vintage_bridge,2016-02,2016-03,1981-12-01,0.005865007671602918,0.005865007671602918,0.0
5,PPI_UNPROCESSED_INTERMEDIATE_GOODS__2016-03__PPICRM__to__WPSID62,PPI_UNPROCESSED_INTERMEDIATE_GOODS,2016-03,PPICRM,WPSID62,adjacent_vintage_bridge,2016-02,2016-03,1982-01-01,0.018136144427939982,0.018136144427939982,0.0
5,PPI_UNPROCESSED_INTERMEDIATE_GOODS__2016-03__PPICRM__to__WPSID62,PPI_UNPROCESSED_INTERMEDIATE_GOODS,2016-03,PPICRM,WPSID62,adjacent_vintage_bridge,2016-02,2016-03,1982-02-01,-0.006063563193670518,-0.006063563193670518,0.0
5,PPI_UNPROCESSED_INTERMEDIATE_GOODS__2016-03__PPICRM__to__WPSID62,PPI_UNPROCESSED_INTERMEDIATE_GOODS,2016-03,PPICRM,WPSID62,adjacent_vintage_bridge,2016-02,2016-03,1982-03-01,-0.006009018040598946,-0.006009018040598946,0.0
5,PPI_UNPROCESSED_INTERMEDIATE_GOODS__2016-03__PPICRM__to__WPSID62,PPI_UNPROCESSED_INTERMEDIATE_GOODS,2016-03,PPICRM,WPSID62,adjacent_vintage_bridge,2016-02,2016-03,1982-04-01,0.008007020703271195,0.008007020703271195,0.0
5,PPI_UNPROCESSED_INTERMEDIATE_GOODS__2016-03__PPICRM__to__WPSID62,PPI_UNPROCESSED_INTERMEDIATE_GOODS,2016-03,PPICRM,WPSID62,adjacent_vintage_bridge,2016-02,2016-03,1982-05-01,0.011821239894943325,0.011821239894943325,0.0
5,PPI_UNPROCESSED_INTERMEDIATE_GOODS__2016-03__PPICRM__to__WPSID62,PPI_UNPROCESSED_INTERMEDIATE_GOODS,2016-03,PPICRM,WPSID62,adjacent_vintage_bridge,2016-02,2016-03,1982-06-01,-0.017805587690172153,-0.017805587690172153,0.0
5,PPI_UNPROCESSED_INTERMEDIATE_GOODS__2016-03__PPICRM__to__WPSID62,PPI_UNPROCESSED_INTERMEDIATE_GOODS,2016-03,PPICRM,WPSID62,adjacent_vintage_bridge,2016-02,2016-03,1982-07-01,-0.009882468279648116,-0.009882468279648116,0.0
5,PPI_UNPROCESSED_INTERMEDIATE_GOODS__2016-03__PPICRM__to__WPSID62,PPI_UNPROCESSED_INTERMEDIATE_GOODS,2016-03,PPICRM,WPSID62,adjacent_vintage_bridge,2016-02,2016-03,1982-08-01,0.0018866879848067342,0.0018866879848067342,0.0
5,PPI_UNPROCESSED_INTERMEDIATE_GOODS__2016-03__PPICRM__to__WPSID62,PPI_UNPROCESSED_INTERMEDIATE_GOODS,2016-03,PPICRM,WPSID62,adjacent_vintage_bridge,2016-02,2016-03,1982-09-01,0.002947447380507562,0.002947447380507562,0.0
5,PPI_UNPROCESSED_INTERMEDIATE_GOODS__2016-03__PPICRM__to__WPSID62,PPI_UNPROCESSED_INTERMEDIATE_GOODS,2016-03,PPICRM,WPSID62,adjacent_vintage_bridge,2016-02,2016-03,1982-10-01,0.0009771011751995573,0.0009771011751995573,0.0
5,PPI_UNPROCESSED_INTERMEDIATE_GOODS__2016-03__PPICRM__to__WPSID62,PPI_UNPROCESSED_INTERMEDIATE_GOODS,2016-03,PPICRM,WPSID62,adjacent_vintage_bridge,2016-02,2016-03,1982-11-01,0.010106135702782737,0.010106135702782737,0.0
5,PPI_UNPROCESSED_INTERMEDIATE_GOODS__2016-03__PPICRM__to__WPSID62,PPI_UNPROCESSED_INTERMEDIATE_GOODS,2016-03,PPICRM,WPSID62,adjacent_vintage_bridge,2016-02,2016-03,1982-12-01,-0.009093477388396387,-0.009093477388396387,0.0
5,PPI_UNPROCESSED_INTERMEDIATE_GOODS__2016-03__PPICRM__to__WPSID62,PPI_UNPROCESSED_INTERMEDIATE_GOODS,2016-03,PPICRM,WPSID62,adjacent_vintage_bridge,2016-02,2016-03,1983-01-01,0.004040409537005019,0.004040409537005019,0.0
5,PPI_UNPROCESSED_INTERMEDIATE_GOODS__2016-03__PPICRM__to__WPSID62,PPI_UNPROCESSED_INTERMEDIATE_GOODS,2016-03,PPICRM,WPSID62,adjacent_vintage_bridge,2016-02,2016-03,1983-02-01,0.012072581234269464,0.012072581234269464,0.0
5,PPI_UNPROCESSED_INTERMEDIATE_GOODS__2016-03__PPICRM__to__WPSID62,PPI_UNPROCESSED_INTERMEDIATE_GOODS,2016-03,PPICRM,WPSID62,adjacent_vintage_bridge,2016-02,2016-03,1983-03-01,-0.007085039723230935,-0.007085039723230935,0.0
5,PPI_UNPROCESSED_INTERMEDIATE_GOODS__2016-03__PPICRM__to__WPSID62,PPI_UNPROCESSED_INTERMEDIATE_GOODS,2016-03,PPICRM,WPSID62,adjacent_vintage_bridge,2016-02,2016-03,1983-04-01,0.0019534878431963776,0.0019534878431963776,0.0
5,PPI_UNPROCESSED_INTERMEDIATE_GOODS__2016-03__PPICRM__to__WPSID62,PPI_UNPROCESSED_INTERMEDIATE_GOODS,2016-03,PPICRM,WPSID62,adjacent_vintage_bridge,2016-02,2016-03,1983-05-01,-0.009909858848036635,-0.009909858848036635,0.0
5,PPI_UNPROCESSED_INTERMEDIATE_GOODS__2016-03__PPICRM__to__WPSID62,PPI_UNPROCESSED_INTERMEDIATE_GOODS,2016-03,PPICRM,WPSID62,adjacent_vintage_bridge,2016-02,2016-03,1983-06-01,-0.0010033703666314508,-0.0010033703666314508,0.0
5,PPI_UNPROCESSED_INTERMEDIATE_GOODS__2016-03__PPICRM__to__WPSID62,PPI_UNPROCESSED_INTERMEDIATE_GOODS,2016-03,PPICRM,WPSID62,adjacent_vintage_bridge,2016-02,2016-03,1983-07-01,-0.006027883474150286,-0.006027883474150286,0.0
5,PPI_UNPROCESSED_INTERMEDIATE_GOODS__2016-03__PPICRM__to__WPSID62,PPI_UNPROCESSED_INTERMEDIATE_GOODS,2016-03,PPICRM,WPSID62,adjacent_vintage_bridge,2016-02,2016-03,1983-08-01,0.0367741169396405,0.0367741169396405,0.0
5,PPI_UNPROCESSED_INTERMEDIATE_GOODS__2016-03__PPICRM__to__WPSID62,PPI_UNPROCESSED_INTERMEDIATE_GOODS,2016-03,PPICRM,WPSID62,adjacent_vintage_bridge,2016-02,2016-03,1983-09-01,-0.016068335249068255,-0.016068335249068255,0.0
5,PPI_UNPROCESSED_INTERMEDIATE_GOODS__2016-03__PPICRM__to__WPSID62,PPI_UNPROCESSED_INTERMEDIATE_GOODS,2016-03,PPICRM,WPSID62,adjacent_vintage_bridge,2016-02,2016-03,1983-10-01,-0.011674221434119225,-0.011674221434119225,0.0
5,PPI_UNPROCESSED_INTERMEDIATE_GOODS__2016-03__PPICRM__to__WPSID62,PPI_UNPROCESSED_INTERMEDIATE_GOODS,2016-03,PPICRM,WPSID62,adjacent_vintage_bridge,2016-02,2016-03,1983-11-01,-0.007790657011750746,-0.007790657011750746,0.0
5,PPI_UNPROCESSED_INTERMEDIATE_GOODS__2016-03__PPICRM__to__WPSID62,PPI_UNPROCESSED_INTERMEDIATE_GOODS,2016-03,PPICRM,WPSID62,adjacent_vintage_bridge,2016-02,2016-03,1983-12-01,0.020421119837723545,0.020421119837723545,0.0
5,PPI_UNPROCESSED_INTERMEDIATE_GOODS__2016-03__PPICRM__to__WPSID62,PPI_UNPROCESSED_INTERMEDIATE_GOODS,2016-03,PPICRM,WPSID62,adjacent_vintage_bridge,2016-02,2016-03,1984-01-01,-0.001090000822443038,-0.001090000822443038,0.0
5,PPI_UNPROCESSED_INTERMEDIATE_GOODS__2016-03__PPICRM__to__WPSID62,PPI_UNPROCESSED_INTERMEDIATE_GOODS,2016-03,PPICRM,WPSID62,adjacent_vintage_bridge,2016-02,2016-03,1984-02-01,-0.018249519824434124,-0.018249519824434124,0.0
5,PPI_UNPROCESSED_INTERMEDIATE_GOODS__2016-03__PPICRM__to__WPSID62,PPI_UNPROCESSED_INTERMEDIATE_GOODS,2016-03,PPICRM,WPSID62,adjacent_vintage_bridge,2016-02,2016-03,1984-03-01,0.025816503043438743,0.025816503043438743,0.0
5,PPI_UNPROCESSED_INTERMEDIATE_GOODS__2016-03__PPICRM__to__WPSID62,PPI_UNPROCESSED_INTERMEDIATE_GOODS,2016-03,PPICRM,WPSID62,adjacent_vintage_bridge,2016-02,2016-03,1984-04-01,-0.022880514716986156,-0.022880514716986156,0.0
5,PPI_UNPROCESSED_INTERMEDIATE_GOODS__2016-03__PPICRM__to__WPSID62,PPI_UNPROCESSED_INTERMEDIATE_GOODS,2016-03,PPICRM,WPSID62,adjacent_vintage_bridge,2016-02,2016-03,1984-05-01,-0.0019346363261618649,-0.0019346363261618649,0.0
5,PPI_UNPROCESSED_INTERMEDIATE_GOODS__2016-03__PPICRM__to__WPSID62,PPI_UNPROCESSED_INTERMEDIATE_GOODS,2016-03,PPICRM,WPSID62,adjacent_vintage_bridge,2016-02,2016-03,1984-06-01,-0.004873466380528768,-0.004873466380528768,0.0
5,PPI_UNPROCESSED_INTERMEDIATE_GOODS__2016-03__PPICRM__to__WPSID62,PPI_UNPROCESSED_INTERMEDIATE_GOODS,2016-03,PPICRM,WPSID62,adjacent_vintage_bridge,2016-02,2016-03,1984-07-01,0.01830321829505266,0.01830321829505266,0.0
5,PPI_UNPROCESSED_INTERMEDIATE_GOODS__2016-03__PPICRM__to__WPSID62,PPI_UNPROCESSED_INTERMEDIATE_GOODS,2016-03,PPICRM,WPSID62,adjacent_vintage_bridge,2016-02,2016-03,1984-08-01,-0.01350704603155961,-0.01350704603155961,0.0
5,PPI_UNPROCESSED_INTERMEDIATE_GOODS__2016-03__PPICRM__to__WPSID62,PPI_UNPROCESSED_INTERMEDIATE_GOODS,2016-03,PPICRM,WPSID62,adjacent_vintage_bridge,2016-02,2016-03,1984-09-01,0.0019014999112521025,0.0019014999112521025,0.0
5,PPI_UNPROCESSED_INTERMEDIATE_GOODS__2016-03__PPICRM__to__WPSID62,PPI_UNPROCESSED_INTERMEDIATE_GOODS,2016-03,PPICRM,WPSID62,adjacent_vintage_bridge,2016-02,2016-03,1984-10-01,-0.00787453143469552,-0.00787453143469552,0.0
5,PPI_UNPROCESSED_INTERMEDIATE_GOODS__2016-03__PPICRM__to__WPSID62,PPI_UNPROCESSED_INTERMEDIATE_GOODS,2016-03,PPICRM,WPSID62,adjacent_vintage_bridge,2016-02,2016-03,1984-11-01,0.016659696286060566,0.016659696286060566,0.0
5,PPI_UNPROCESSED_INTERMEDIATE_GOODS__2016-03__PPICRM__to__WPSID62,PPI_UNPROCESSED_INTERMEDIATE_GOODS,2016-03,PPICRM,WPSID62,adjacent_vintage_bridge,2016-02,2016-03,1984-12-01,-0.008851990818433464,-0.008851990818433464,0.0
5,PPI_UNPROCESSED_INTERMEDIATE_GOODS__2016-03__PPICRM__to__WPSID62,PPI_UNPROCESSED_INTERMEDIATE_GOODS,2016-03,PPICRM,WPSID62,adjacent_vintage_bridge,2016-02,2016-03,1985-01-01,-0.009984556430978841,-0.009984556430978841,0.0
5,PPI_UNPROCESSED_INTERMEDIATE_GOODS__2016-03__PPICRM__to__WPSID62,PPI_UNPROCESSED_INTERMEDIATE_GOODS,2016-03,PPICRM,WPSID62,adjacent_vintage_bridge,2016-02,2016-03,1985-02-01,0.009885833510595354,0.009885833510595354,0.0
5,PPI_UNPROCESSED_INTERMEDIATE_GOODS__2016-03__PPICRM__to__WPSID62,PPI_UNPROCESSED_INTERMEDIATE_GOODS,2016-03,PPICRM,WPSID62,adjacent_vintage_bridge,2016-02,2016-03,1985-03-01,-0.013257048251501757,-0.013257048251501757,0.0
5,PPI_UNPROCESSED_INTERMEDIATE_GOODS__2016-03__PPICRM__to__WPSID62,PPI_UNPROCESSED_INTERMEDIATE_GOODS,2016-03,PPICRM,WPSID62,adjacent_vintage_bridge,2016-02,2016-03,1985-04-01,0.009010529283682622,0.009010529283682622,0.0
5,PPI_UNPROCESSED_INTERMEDIATE_GOODS__2016-03__PPICRM__to__WPSID62,PPI_UNPROCESSED_INTERMEDIATE_GOODS,2016-03,PPICRM,WPSID62,adjacent_vintage_bridge,2016-02,2016-03,1985-05-01,-8.662652263513593e-05,-8.662652263513593e-05,0.0
5,PPI_UNPROCESSED_INTERMEDIATE_GOODS__2016-03__PPICRM__to__WPSID62,PPI_UNPROCESSED_INTERMEDIATE_GOODS,2016-03,PPICRM,WPSID62,adjacent_vintage_bridge,2016-02,2016-03,1985-06-01,0.003067974302939369,0.003067974302939369,0.0
5,PPI_UNPROCESSED_INTERMEDIATE_GOODS__2016-03__PPICRM__to__WPSID62,PPI_UNPROCESSED_INTERMEDIATE_GOODS,2016-03,PPICRM,WPSID62,adjacent_vintage_bridge,2016-02,2016-03,1985-07-01,0.0031265069980568327,0.0031265069980568327,0.0
5,PPI_UNPROCESSED_INTERMEDIATE_GOODS__2016-03__PPICRM__to__WPSID62,PPI_UNPROCESSED_INTERMEDIATE_GOODS,2016-03,PPICRM,WPSID62,adjacent_vintage_bridge,2016-02,2016-03,1985-08-01,-0.01814382361465139,-0.01814382361465139,0.0
5,PPI_UNPROCESSED_INTERMEDIATE_GOODS__2016-03__PPICRM__to__WPSID62,PPI_UNPROCESSED_INTERMEDIATE_GOODS,2016-03,PPICRM,WPSID62,adjacent_vintage_bridge,2016-02,2016-03,1985-09-01,0.009388711602740685,0.009388711602740685,0.0
5,PPI_UNPROCESSED_INTERMEDIATE_GOODS__2016-03__PPICRM__to__WPSID62,PPI_UNPROCESSED_INTERMEDIATE_GOODS,2016-03,PPICRM,WPSID62,adjacent_vintage_bridge,2016-02,2016-03,1985-10-01,0.03665709715823784,0.03665709715823784,0.0
5,PPI_UNPROCESSED_INTERMEDIATE_GOODS__2016-03__PPICRM__to__WPSID62,PPI_UNPROCESSED_INTERMEDIATE_GOODS,2016-03,PPICRM,WPSID62,adjacent_vintage_bridge,2016-02,2016-03,1985-11-01,-0.00788549709731523,-0.00788549709731523,0.0
5,PPI_UNPROCESSED_INTERMEDIATE_GOODS__2016-03__PPICRM__to__WPSID62,PPI_UNPROCESSED_INTERMEDIATE_GOODS,2016-03,PPICRM,WPSID62,adjacent_vintage_bridge,2016-02,2016-03,1985-12-01,-0.018952302839798207,-0.018952302839798207,0.0
5,PPI_UNPROCESSED_INTERMEDIATE_GOODS__2016-03__PPICRM__to__WPSID62,PPI_UNPROCESSED_INTERMEDIATE_GOODS,2016-03,PPICRM,WPSID62,adjacent_vintage_bridge,2016-02,2016-03,1986-01-01,-0.011614014932143313,-0.011614014932143313,0.0
5,PPI_UNPROCESSED_INTERMEDIATE_GOODS__2016-03__PPICRM__to__WPSID62,PPI_UNPROCESSED_INTERMEDIATE_GOODS,2016-03,PPICRM,WPSID62,adjacent_vintage_bridge,2016-02,2016-03,1986-02-01,-0.02636426497206923,-0.02636426497206923,0.0
5,PPI_UNPROCESSED_INTERMEDIATE_GOODS__2016-03__PPICRM__to__WPSID62,PPI_UNPROCESSED_INTERMEDIATE_GOODS,2016-03,PPICRM,WPSID62,adjacent_vintage_bridge,2016-02,2016-03,1986-03-01,0.01432744318330137,0.01432744318330137,0.0
5,PPI_UNPROCESSED_INTERMEDIATE_GOODS__2016-03__PPICRM__to__WPSID62,PPI_UNPROCESSED_INTERMEDIATE_GOODS,2016-03,PPICRM,WPSID62,adjacent_vintage_bridge,2016-02,2016-03,1986-04-01,-0.004178792171914303,-0.004178792171914303,0.0
5,PPI_UNPROCESSED_INTERMEDIATE_GOODS__2016-03__PPICRM__to__WPSID62,PPI_UNPROCESSED_INTERMEDIATE_GOODS,2016-03,PPICRM,WPSID62,adjacent_vintage_bridge,2016-02,2016-03,1986-05-01,0.04038081065518728,0.04038081065518728,0.0
5,PPI_UNPROCESSED_INTERMEDIATE_GOODS__2016-03__PPICRM__to__WPSID62,PPI_UNPROCESSED_INTERMEDIATE_GOODS,2016-03,PPICRM,WPSID62,adjacent_vintage_bridge,2016-02,2016-03,1986-06-01,-0.013933367058323931,-0.013933367058323931,0.0
5,PPI_UNPROCESSED_INTERMEDIATE_GOODS__2016-03__PPICRM__to__WPSID62,PPI_UNPROCESSED_INTERMEDIATE_GOODS,2016-03,PPICRM,WPSID62,adjacent_vintage_bridge,2016-02,2016-03,1986-07-01,0.005791734408548521,0.005791734408548521,0.0
5,PPI_UNPROCESSED_INTERMEDIATE_GOODS__2016-03__PPICRM__to__WPSID62,PPI_UNPROCESSED_INTERMEDIATE_GOODS,2016-03,PPICRM,WPSID62,adjacent_vintage_bridge,2016-02,2016-03,1986-08-01,0.0011487098361238068,0.0011487098361238068,0.0
5,PPI_UNPROCESSED_INTERMEDIATE_GOODS__2016-03__PPICRM__to__WPSID62,PPI_UNPROCESSED_INTERMEDIATE_GOODS,2016-03,PPICRM,WPSID62,adjacent_vintage_bridge,2016-02,2016-03,1986-09-01,-0.004620276194593487,-0.004620276194593487,0.0
5,PPI_UNPROCESSED_INTERMEDIATE_GOODS__2016-03__PPICRM__to__WPSID62,PPI_UNPROCESSED_INTERMEDIATE_GOODS,2016-03,PPICRM,WPSID62,adjacent_vintage_bridge,2016-02,2016-03,1986-10-01,0.010349535311207525,0.010349535311207525,0.0
5,PPI_UNPROCESSED_INTERMEDIATE_GOODS__2016-03__PPICRM__to__WPSID62,PPI_UNPROCESSED_INTERMEDIATE_GOODS,2016-03,PPICRM,WPSID62,adjacent_vintage_bridge,2016-02,2016-03,1986-11-01,-0.006909751812243847,-0.006909751812243847,0.0
5,PPI_UNPROCESSED_INTERMEDIATE_GOODS__2016-03__PPICRM__to__WPSID62,PPI_UNPROCESSED_INTERMEDIATE_GOODS,2016-03,PPICRM,WPSID62,adjacent_vintage_bridge,2016-02,2016-03,1986-12-01,-0.010308680951855997,-0.010308680951855997,0.0
5,PPI_UNPROCESSED_INTERMEDIATE_GOODS__2016-03__PPICRM__to__WPSID62,PPI_UNPROCESSED_INTERMEDIATE_GOODS,2016-03,PPICRM,WPSID62,adjacent_vintage_bridge,2016-02,2016-03,1987-01-01,0.035266421282107,0.035266421282107,0.0
5,PPI_UNPROCESSED_INTERMEDIATE_GOODS__2016-03__PPICRM__to__WPSID62,PPI_UNPROCESSED_INTERMEDIATE_GOODS,2016-03,PPICRM,WPSID62,adjacent_vintage_bridge,2016-02,2016-03,1987-02-01,-0.01721551642498298,-0.01721551642498298,0.0
5,PPI_UNPROCESSED_INTERMEDIATE_GOODS__2016-03__PPICRM__to__WPSID62,PPI_UNPROCESSED_INTERMEDIATE_GOODS,2016-03,PPICRM,WPSID62,adjacent_vintage_bridge,2016-02,2016-03,1987-03-01,-0.006707515548821874,-0.006707515548821874,0.0
5,PPI_UNPROCESSED_INTERMEDIATE_GOODS__2016-03__PPICRM__to__WPSID62,PPI_UNPROCESSED_INTERMEDIATE_GOODS,2016-03,PPICRM,WPSID62,adjacent_vintage_bridge,2016-02,2016-03,1987-04-01,0.01853837017519666,0.01853837017519666,0.0
5,PPI_UNPROCESSED_INTERMEDIATE_GOODS__2016-03__PPICRM__to__WPSID62,PPI_UNPROCESSED_INTERMEDIATE_GOODS,2016-03,PPICRM,WPSID62,adjacent_vintage_bridge,2016-02,2016-03,1987-05-01,-0.007902582318700446,-0.007902582318700446,0.0
5,PPI_UNPROCESSED_INTERMEDIATE_GOODS__2016-03__PPICRM__to__WPSID62,PPI_UNPROCESSED_INTERMEDIATE_GOODS,2016-03,PPICRM,WPSID62,adjacent_vintage_bridge,2016-02,2016-03,1987-06-01,-0.006521233006280269,-0.006521233006280269,0.0
5,PPI_UNPROCESSED_INTERMEDIATE_GOODS__2016-03__PPICRM__to__WPSID62,PPI_UNPROCESSED_INTERMEDIATE_GOODS,2016-03,PPICRM,WPSID62,adjacent_vintage_bridge,2016-02,2016-03,1987-07-01,0.004138007070140226,0.004138007070140226,0.0
5,PPI_UNPROCESSED_INTERMEDIATE_GOODS__2016-03__PPICRM__to__WPSID62,PPI_UNPROCESSED_INTERMEDIATE_GOODS,2016-03,PPICRM,WPSID62,adjacent_vintage_bridge,2016-02,2016-03,1987-08-01,-0.0022027972700744414,-0.0022027972700744414,0.0
5,PPI_UNPROCESSED_INTERMEDIATE_GOODS__2016-03__PPICRM__to__WPSID62,PPI_UNPROCESSED_INTERMEDIATE_GOODS,2016-03,PPICRM,WPSID62,adjacent_vintage_bridge,2016-02,2016-03,1987-09-01,-0.014565005164688394,-0.014565005164688394,0.0
5,PPI_UNPROCESSED_INTERMEDIATE_GOODS__2016-03__PPICRM__to__WPSID62,PPI_UNPROCESSED_INTERMEDIATE_GOODS,2016-03,PPICRM,WPSID62,adjacent_vintage_bridge,2016-02,2016-03,1987-10-01,0.00310931038608242,0.00310931038608242,0.0
5,PPI_UNPROCESSED_INTERMEDIATE_GOODS__2016-03__PPICRM__to__WPSID62,PPI_UNPROCESSED_INTERMEDIATE_GOODS,2016-03,PPICRM,WPSID62,adjacent_vintage_bridge,2016-02,2016-03,1987-11-01,-0.0052482089344483285,-0.0052482089344483285,0.0
5,PPI_UNPROCESSED_INTERMEDIATE_GOODS__2016-03__PPICRM__to__WPSID62,PPI_UNPROCESSED_INTERMEDIATE_GOODS,2016-03,PPICRM,WPSID62,adjacent_vintage_bridge,2016-02,2016-03,1987-12-01,0.005228451490007835,0.005228451490007835,0.0
5,PPI_UNPROCESSED_INTERMEDIATE_GOODS__2016-03__PPICRM__to__WPSID62,PPI_UNPROCESSED_INTERMEDIATE_GOODS,2016-03,PPICRM,WPSID62,adjacent_vintage_bridge,2016-02,2016-03,1988-01-01,-0.005298260098102858,-0.005298260098102858,0.0
5,PPI_UNPROCESSED_INTERMEDIATE_GOODS__2016-03__PPICRM__to__WPSID62,PPI_UNPROCESSED_INTERMEDIATE_GOODS,2016-03,PPICRM,WPSID62,adjacent_vintage_bridge,2016-02,2016-03,1988-02-01,0.017963284248567746,0.017963284248567746,0.0
5,PPI_UNPROCESSED_INTERMEDIATE_GOODS__2016-03__PPICRM__to__WPSID62,PPI_UNPROCESSED_INTERMEDIATE_GOODS,2016-03,PPICRM,WPSID62,adjacent_vintage_bridge,2016-02,2016-03,1988-03-01,-0.022181655420988378,-0.022181655420988378,0.0
5,PPI_UNPROCESSED_INTERMEDIATE_GOODS__2016-03__PPICRM__to__WPSID62,PPI_UNPROCESSED_INTERMEDIATE_GOODS,2016-03,PPICRM,WPSID62,adjacent_vintage_bridge,2016-02,2016-03,1988-04-01,0.025342427068892448,0.025342427068892448,0.0
5,PPI_UNPROCESSED_INTERMEDIATE_GOODS__2016-03__PPICRM__to__WPSID62,PPI_UNPROCESSED_INTERMEDIATE_GOODS,2016-03,PPICRM,WPSID62,adjacent_vintage_bridge,2016-02,2016-03,1988-05-01,-0.009536425340333388,-0.009536425340333388,0.0
5,PPI_UNPROCESSED_INTERMEDIATE_GOODS__2016-03__PPICRM__to__WPSID62,PPI_UNPROCESSED_INTERMEDIATE_GOODS,2016-03,PPICRM,WPSID62,adjacent_vintage_bridge,2016-02,2016-03,1988-06-01,0.008264187003995005,0.008264187003995005,0.0
5,PPI_UNPROCESSED_INTERMEDIATE_GOODS__2016-03__PPICRM__to__WPSID62,PPI_UNPROCESSED_INTERMEDIATE_GOODS,2016-03,PPICRM,WPSID62,adjacent_vintage_bridge,2016-02,2016-03,1988-07-01,-0.01554586957070292,-0.01554586957070292,0.0
5,PPI_UNPROCESSED_INTERMEDIATE_GOODS__2016-03__PPICRM__to__WPSID62,PPI_UNPROCESSED_INTERMEDIATE_GOODS,2016-03,PPICRM,WPSID62,adjacent_vintage_bridge,2016-02,2016-03,1988-08-01,0.00619515208826904,0.00619515208826904,0.0
5,PPI_UNPROCESSED_INTERMEDIATE_GOODS__2016-03__PPICRM__to__WPSID62,PPI_UNPROCESSED_INTERMEDIATE_GOODS,2016-03,PPICRM,WPSID62,adjacent_vintage_bridge,2016-02,2016-03,1988-09-01,-0.00309757604413452,-0.00309757604413452,0.0
5,PPI_UNPROCESSED_INTERMEDIATE_GOODS__2016-03__PPICRM__to__WPSID62,PPI_UNPROCESSED_INTERMEDIATE_GOODS,2016-03,PPICRM,WPSID62,adjacent_vintage_bridge,2016-02,2016-03,1988-10-01,-0.00413223728491019,-0.00413223728491019,0.0
5,PPI_UNPROCESSED_INTERMEDIATE_GOODS__2016-03__PPICRM__to__WPSID62,PPI_UNPROCESSED_INTERMEDIATE_GOODS,2016-03,PPICRM,WPSID62,adjacent_vintage_bridge,2016-02,2016-03,1988-11-01,-0.01046656213624253,-0.01046656213624253,0.0
5,PPI_UNPROCESSED_INTERMEDIATE_GOODS__2016-03__PPICRM__to__WPSID62,PPI_UNPROCESSED_INTERMEDIATE_GOODS,2016-03,PPICRM,WPSID62,adjacent_vintage_bridge,2016-02,2016-03,1988-12-01,0.04460622419515037,0.04460622419515037,0.0
5,PPI_UNPROCESSED_INTERMEDIATE_GOODS__2016-03__PPICRM__to__WPSID62,PPI_UNPROCESSED_INTERMEDIATE_GOODS,2016-03,PPICRM,WPSID62,adjacent_vintage_bridge,2016-02,2016-03,1989-01-01,0.008978021938955472,0.008978021938955472,0.0
5,PPI_UNPROCESSED_INTERMEDIATE_GOODS__2016-03__PPICRM__to__WPSID62,PPI_UNPROCESSED_INTERMEDIATE_GOODS,2016-03,PPICRM,WPSID62,adjacent_vintage_bridge,2016-02,2016-03,1989-02-01,-0.04193095694270976,-0.04193095694270976,0.0
5,PPI_UNPROCESSED_INTERMEDIATE_GOODS__2016-03__PPICRM__to__WPSID62,PPI_UNPROCESSED_INTERMEDIATE_GOODS,2016-03,PPICRM,WPSID62,adjacent_vintage_bridge,2016-02,2016-03,1989-03-01,0.014675850015246183,0.014675850015246183,0.0
5,PPI_UNPROCESSED_INTERMEDIATE_GOODS__2016-03__PPICRM__to__WPSID62,PPI_UNPROCESSED_INTERMEDIATE_GOODS,2016-03,PPICRM,WPSID62,adjacent_vintage_bridge,2016-02,2016-03,1989-04-01,-0.00013600700456972703,-0.00013600700456972703,0.0
5,PPI_UNPROCESSED_INTERMEDIATE_GOODS__2016-03__PPICRM__to__WPSID62,PPI_UNPROCESSED_INTERMEDIATE_GOODS,2016-03,PPICRM,WPSID62,adjacent_vintage_bridge,2016-02,2016-03,1989-05-01,-0.00775923699697767,-0.00775923699697767,0.0
5,PPI_UNPROCESSED_INTERMEDIATE_GOODS__2016-03__PPICRM__to__WPSID62,PPI_UNPROCESSED_INTERMEDIATE_GOODS,2016-03,PPICRM,WPSID62,adjacent_vintage_bridge,2016-02,2016-03,1989-06-01,-0.016353314141345443,-0.016353314141345443,0.0
5,PPI_UNPROCESSED_INTERMEDIATE_GOODS__2016-03__PPICRM__to__WPSID62,PPI_UNPROCESSED_INTERMEDIATE_GOODS,2016-03,PPICRM,WPSID62,adjacent_vintage_bridge,2016-02,2016-03,1989-07-01,0.015420978015364462,0.015420978015364462,0.0
5,PPI_UNPROCESSED_INTERMEDIATE_GOODS__2016-03__PPICRM__to__WPSID62,PPI_UNPROCESSED_INTERMEDIATE_GOODS,2016-03,PPICRM,WPSID62,adjacent_vintage_bridge,2016-02,2016-03,1989-08-01,-0.025375615510019323,-0.025375615510019323,0.0
5,PPI_UNPROCESSED_INTERMEDIATE_GOODS__2016-03__PPICRM__to__WPSID62,PPI_UNPROCESSED_INTERMEDIATE_GOODS,2016-03,PPICRM,WPSID62,adjacent_vintage_bridge,2016-02,2016-03,1989-09-01,0.03523689757715598,0.03523689757715598,0.0
5,PPI_UNPROCESSED_INTERMEDIATE_GOODS__2016-03__PPICRM__to__WPSID62,PPI_UNPROCESSED_INTERMEDIATE_GOODS,2016-03,PPICRM,WPSID62,adjacent_vintage_bridge,2016-02,2016-03,1989-10-01,-0.010814723369048096,-0.010814723369048096,0.0
5,PPI_UNPROCESSED_INTERMEDIATE_GOODS__2016-03__PPICRM__to__WPSID62,PPI_UNPROCESSED_INTERMEDIATE_GOODS,2016-03,PPICRM,WPSID62,adjacent_vintage_bridge,2016-02,2016-03,1989-11-01,0.005810177414860895,0.005810177414860895,0.0
5,PPI_UNPROCESSED_INTERMEDIATE_GOODS__2016-03__PPICRM__to__WPSID62,PPI_UNPROCESSED_INTERMEDIATE_GOODS,2016-03,PPICRM,WPSID62,adjacent_vintage_bridge,2016-02,2016-03,1989-12-01,0.007581169406571497,0.007581169406571497,0.0
5,PPI_UNPROCESSED_INTERMEDIATE_GOODS__2016-03__PPICRM__to__WPSID62,PPI_UNPROCESSED_INTERMEDIATE_GOODS,2016-03,PPICRM,WPSID62,adjacent_vintage_bridge,2016-02,2016-03,1990-01-01,-0.00023178475268004206,-0.00023178475268004206,0.0
5,PPI_UNPROCESSED_INTERMEDIATE_GOODS__2016-03__PPICRM__to__WPSID62,PPI_UNPROCESSED_INTERMEDIATE_GOODS,2016-03,PPICRM,WPSID62,adjacent_vintage_bridge,2016-02,2016-03,1990-02-01,-0.014172112206415122,-0.014172112206415122,0.0
5,PPI_UNPROCESSED_INTERMEDIATE_GOODS__2016-03__PPICRM__to__WPSID62,PPI_UNPROCESSED_INTERMEDIATE_GOODS,2016-03,PPICRM,WPSID62,adjacent_vintage_bridge,2016-02,2016-03,1990-03-01,-0.016982416861575977,-0.016982416861575977,0.0
5,PPI_UNPROCESSED_INTERMEDIATE_GOODS__2016-03__PPICRM__to__WPSID62,PPI_UNPROCESSED_INTERMEDIATE_GOODS,2016-03,PPICRM,WPSID62,adjacent_vintage_bridge,2016-02,2016-03,1990-04-01,-0.007054512305203708,-0.007054512305203708,0.0
5,PPI_UNPROCESSED_INTERMEDIATE_GOODS__2016-03__PPICRM__to__WPSID62,PPI_UNPROCESSED_INTERMEDIATE_GOODS,2016-03,PPICRM,WPSID62,adjacent_vintage_bridge,2016-02,2016-03,1990-05-01,0.02698743503679424,0.02698743503679424,0.0
5,PPI_UNPROCESSED_INTERMEDIATE_GOODS__2016-03__PPICRM__to__WPSID62,PPI_UNPROCESSED_INTERMEDIATE_GOODS,2016-03,PPICRM,WPSID62,adjacent_vintage_bridge,2016-02,2016-03,1990-06-01,-0.028434407445677046,-0.028434407445677046,0.0
5,PPI_UNPROCESSED_INTERMEDIATE_GOODS__2016-03__PPICRM__to__WPSID62,PPI_UNPROCESSED_INTERMEDIATE_GOODS,2016-03,PPICRM,WPSID62,adjacent_vintage_bridge,2016-02,2016-03,1990-07-01,0.028515392532896477,0.028515392532896477,0.0
5,PPI_UNPROCESSED_INTERMEDIATE_GOODS__2016-03__PPICRM__to__WPSID62,PPI_UNPROCESSED_INTERMEDIATE_GOODS,2016-03,PPICRM,WPSID62,adjacent_vintage_bridge,2016-02,2016-03,1990-08-01,0.08592674494092734,0.08592674494092734,0.0
5,PPI_UNPROCESSED_INTERMEDIATE_GOODS__2016-03__PPICRM__to__WPSID62,PPI_UNPROCESSED_INTERMEDIATE_GOODS,2016-03,PPICRM,WPSID62,adjacent_vintage_bridge,2016-02,2016-03,1990-09-01,-0.04304595993546112,-0.04304595993546112,0.0
5,PPI_UNPROCESSED_INTERMEDIATE_GOODS__2016-03__PPICRM__to__WPSID62,PPI_UNPROCESSED_INTERMEDIATE_GOODS,2016-03,PPICRM,WPSID62,adjacent_vintage_bridge,2016-02,2016-03,1990-10-01,0.0359797349463582,0.0359797349463582,0.0
5,PPI_UNPROCESSED_INTERMEDIATE_GOODS__2016-03__PPICRM__to__WPSID62,PPI_UNPROCESSED_INTERMEDIATE_GOODS,2016-03,PPICRM,WPSID62,adjacent_vintage_bridge,2016-02,2016-03,1990-11-01,-0.14853385217629977,-0.14853385217629977,0.0
5,PPI_UNPROCESSED_INTERMEDIATE_GOODS__2016-03__PPICRM__to__WPSID62,PPI_UNPROCESSED_INTERMEDIATE_GOODS,2016-03,PPICRM,WPSID62,adjacent_vintage_bridge,2016-02,2016-03,1990-12-01,0.00444357614455182,0.00444357614455182,0.0
5,PPI_UNPROCESSED_INTERMEDIATE_GOODS__2016-03__PPICRM__to__WPSID62,PPI_UNPROCESSED_INTERMEDIATE_GOODS,2016-03,PPICRM,WPSID62,adjacent_vintage_bridge,2016-02,2016-03,1991-01-01,0.0835738906250798,0.0835738906250798,0.0
5,PPI_UNPROCESSED_INTERMEDIATE_GOODS__2016-03__PPICRM__to__WPSID62,PPI_UNPROCESSED_INTERMEDIATE_GOODS,2016-03,PPICRM,WPSID62,adjacent_vintage_bridge,2016-02,2016-03,1991-02-01,-0.10699958613381444,-0.10699958613381444,0.0
5,PPI_UNPROCESSED_INTERMEDIATE_GOODS__2016-03__PPICRM__to__WPSID62,PPI_UNPROCESSED_INTERMEDIATE_GOODS,2016-03,PPICRM,WPSID62,adjacent_vintage_bridge,2016-02,2016-03,1991-03-01,0.04949294429124418,0.04949294429124418,0.0
5,PPI_UNPROCESSED_INTERMEDIATE_GOODS__2016-03__PPICRM__to__WPSID62,PPI_UNPROCESSED_INTERMEDIATE_GOODS,2016-03,PPICRM,WPSID62,adjacent_vintage_bridge,2016-02,2016-03,1991-04-01,0.03220470927342678,0.03220470927342678,0.0
5,PPI_UNPROCESSED_INTERMEDIATE_GOODS__2016-03__PPICRM__to__WPSID62,PPI_UNPROCESSED_INTERMEDIATE_GOODS,2016-03,PPICRM,WPSID62,adjacent_vintage_bridge,2016-02,2016-03,1991-05-01,0.009951277557165739,0.009951277557165739,0.0
5,PPI_UNPROCESSED_INTERMEDIATE_GOODS__2016-03__PPICRM__to__WPSID62,PPI_UNPROCESSED_INTERMEDIATE_GOODS,2016-03,PPICRM,WPSID62,adjacent_vintage_bridge,2016-02,2016-03,1991-06-01,-0.02395365177753561,-0.02395365177753561,0.0
5,PPI_UNPROCESSED_INTERMEDIATE_GOODS__2016-03__PPICRM__to__WPSID62,PPI_UNPROCESSED_INTERMEDIATE_GOODS,2016-03,PPICRM,WPSID62,adjacent_vintage_bridge,2016-02,2016-03,1991-07-01,0.019006012440437203,0.019006012440437203,0.0
5,PPI_UNPROCESSED_INTERMEDIATE_GOODS__2016-03__PPICRM__to__WPSID62,PPI_UNPROCESSED_INTERMEDIATE_GOODS,2016-03,PPICRM,WPSID62,adjacent_vintage_bridge,2016-02,2016-03,1991-08-01,-0.00503677169828709,-0.00503677169828709,0.0
5,PPI_UNPROCESSED_INTERMEDIATE_GOODS__2016-03__PPICRM__to__WPSID62,PPI_UNPROCESSED_INTERMEDIATE_GOODS,2016-03,PPICRM,WPSID62,adjacent_vintage_bridge,2016-02,2016-03,1991-09-01,-0.00406596495114897,-0.00406596495114897,0.0
5,PPI_UNPROCESSED_INTERMEDIATE_GOODS__2016-03__PPICRM__to__WPSID62,PPI_UNPROCESSED_INTERMEDIATE_GOODS,2016-03,PPICRM,WPSID62,adjacent_vintage_bridge,2016-02,2016-03,1991-10-01,0.031186188856795916,0.031186188856795916,0.0
5,PPI_UNPROCESSED_INTERMEDIATE_GOODS__2016-03__PPICRM__to__WPSID62,PPI_UNPROCESSED_INTERMEDIATE_GOODS,2016-03,PPICRM,WPSID62,adjacent_vintage_bridge,2016-02,2016-03,1991-11-01,-0.025090107491812397,-0.025090107491812397,0.0
5,PPI_UNPROCESSED_INTERMEDIATE_GOODS__2016-03__PPICRM__to__WPSID62,PPI_UNPROCESSED_INTERMEDIATE_GOODS,2016-03,PPICRM,WPSID62,adjacent_vintage_bridge,2016-02,2016-03,1991-12-01,-0.02414702845134542,-0.02414702845134542,0.0
5,PPI_UNPROCESSED_INTERMEDIATE_GOODS__2016-03__PPICRM__to__WPSID62,PPI_UNPROCESSED_INTERMEDIATE_GOODS,2016-03,PPICRM,WPSID62,adjacent_vintage_bridge,2016-02,2016-03,1992-01-01,0.014904080470070191,0.014904080470070191,0.0
5,PPI_UNPROCESSED_INTERMEDIATE_GOODS__2016-03__PPICRM__to__WPSID62,PPI_UNPROCESSED_INTERMEDIATE_GOODS,2016-03,PPICRM,WPSID62,adjacent_vintage_bridge,2016-02,2016-03,1992-02-01,0.024536054036222943,0.024536054036222943,0.0
5,PPI_UNPROCESSED_INTERMEDIATE_GOODS__2016-03__PPICRM__to__WPSID62,PPI_UNPROCESSED_INTERMEDIATE_GOODS,2016-03,PPICRM,WPSID62,adjacent_vintage_bridge,2016-02,2016-03,1992-03-01,-0.02963043645350627,-0.02963043645350627,0.0
5,PPI_UNPROCESSED_INTERMEDIATE_GOODS__2016-03__PPICRM__to__WPSID62,PPI_UNPROCESSED_INTERMEDIATE_GOODS,2016-03,PPICRM,WPSID62,adjacent_vintage_bridge,2016-02,2016-03,1992-04-01,0.025575877585348294,0.025575877585348294,0.0
5,PPI_UNPROCESSED_INTERMEDIATE_GOODS__2016-03__PPICRM__to__WPSID62,PPI_UNPROCESSED_INTERMEDIATE_GOODS,2016-03,PPICRM,WPSID62,adjacent_vintage_bridge,2016-02,2016-03,1992-05-01,0.011932337122534165,0.011932337122534165,0.0
5,PPI_UNPROCESSED_INTERMEDIATE_GOODS__2016-03__PPICRM__to__WPSID62,PPI_UNPROCESSED_INTERMEDIATE_GOODS,2016-03,PPICRM,WPSID62,adjacent_vintage_bridge,2016-02,2016-03,1992-06-01,-0.009300488220080894,-0.009300488220080894,0.0
5,PPI_UNPROCESSED_INTERMEDIATE_GOODS__2016-03__PPICRM__to__WPSID62,PPI_UNPROCESSED_INTERMEDIATE_GOODS,2016-03,PPICRM,WPSID62,adjacent_vintage_bridge,2016-02,2016-03,1992-07-01,-0.012877840176491517,-0.012877840176491517,0.0
5,PPI_UNPROCESSED_INTERMEDIATE_GOODS__2016-03__PPICRM__to__WPSID62,PPI_UNPROCESSED_INTERMEDIATE_GOODS,2016-03,PPICRM,WPSID62,adjacent_vintage_bridge,2016-02,2016-03,1992-08-01,-0.008897735419864716,-0.008897735419864716,0.0
5,PPI_UNPROCESSED_INTERMEDIATE_GOODS__2016-03__PPICRM__to__WPSID62,PPI_UNPROCESSED_INTERMEDIATE_GOODS,2016-03,PPICRM,WPSID62,adjacent_vintage_bridge,2016-02,2016-03,1992-09-01,0.029537288716412924,0.029537288716412924,0.0
5,PPI_UNPROCESSED_INTERMEDIATE_GOODS__2016-03__PPICRM__to__WPSID62,PPI_UNPROCESSED_INTERMEDIATE_GOODS,2016-03,PPICRM,WPSID62,adjacent_vintage_bridge,2016-02,2016-03,1992-10-01,-0.020639553296548208,-0.020639553296548208,0.0
5,PPI_UNPROCESSED_INTERMEDIATE_GOODS__2016-03__PPICRM__to__WPSID62,PPI_UNPROCESSED_INTERMEDIATE_GOODS,2016-03,PPICRM,WPSID62,adjacent_vintage_bridge,2016-02,2016-03,1992-11-01,-0.002922554442601921,-0.002922554442601921,0.0
5,PPI_UNPROCESSED_INTERMEDIATE_GOODS__2016-03__PPICRM__to__WPSID62,PPI_UNPROCESSED_INTERMEDIATE_GOODS,2016-03,PPICRM,WPSID62,adjacent_vintage_bridge,2016-02,2016-03,1992-12-01,-0.008853832881223767,-0.008853832881223767,0.0
5,PPI_UNPROCESSED_INTERMEDIATE_GOODS__2016-03__PPICRM__to__WPSID62,PPI_UNPROCESSED_INTERMEDIATE_GOODS,2016-03,PPICRM,WPSID62,adjacent_vintage_bridge,2016-02,2016-03,1993-01-01,0.015717279123702355,0.015717279123702355,0.0
5,PPI_UNPROCESSED_INTERMEDIATE_GOODS__2016-03__PPICRM__to__WPSID62,PPI_UNPROCESSED_INTERMEDIATE_GOODS,2016-03,PPICRM,WPSID62,adjacent_vintage_bridge,2016-02,2016-03,1993-02-01,-0.008869438001025465,-0.008869438001025465,0.0
5,PPI_UNPROCESSED_INTERMEDIATE_GOODS__2016-03__PPICRM__to__WPSID62,PPI_UNPROCESSED_INTERMEDIATE_GOODS,2016-03,PPICRM,WPSID62,adjacent_vintage_bridge,2016-02,2016-03,1993-03-01,0.009857092402297596,0.009857092402297596,0.0
5,PPI_UNPROCESSED_INTERMEDIATE_GOODS__2016-03__PPICRM__to__WPSID62,PPI_UNPROCESSED_INTERMEDIATE_GOODS,2016-03,PPICRM,WPSID62,adjacent_vintage_bridge,2016-02,2016-03,1993-04-01,0.009713003791799402,0.009713003791799402,0.0
5,PPI_UNPROCESSED_INTERMEDIATE_GOODS__2016-03__PPICRM__to__WPSID62,PPI_UNPROCESSED_INTERMEDIATE_GOODS,2016-03,PPICRM,WPSID62,adjacent_vintage_bridge,2016-02,2016-03,1993-05-01,0.008347968231750436,0.008347968231750436,0.0
5,PPI_UNPROCESSED_INTERMEDIATE_GOODS__2016-03__PPICRM__to__WPSID62,PPI_UNPROCESSED_INTERMEDIATE_GOODS,2016-03,PPICRM,WPSID62,adjacent_vintage_bridge,2016-02,2016-03,1993-06-01,-0.0401819187650716,-0.0401819187650716,0.0
5,PPI_UNPROCESSED_INTERMEDIATE_GOODS__2016-03__PPICRM__to__WPSID62,PPI_UNPROCESSED_INTERMEDIATE_GOODS,2016-03,PPICRM,WPSID62,adjacent_vintage_bridge,2016-02,2016-03,1993-07-01,-0.0042300350470334536,-0.0042300350470334536,0.0
5,PPI_UNPROCESSED_INTERMEDIATE_GOODS__2016-03__PPICRM__to__WPSID62,PPI_UNPROCESSED_INTERMEDIATE_GOODS,2016-03,PPICRM,WPSID62,adjacent_vintage_bridge,2016-02,2016-03,1993-08-01,0.013517256080293194,0.013517256080293194,0.0
5,PPI_UNPROCESSED_INTERMEDIATE_GOODS__2016-03__PPICRM__to__WPSID62,PPI_UNPROCESSED_INTERMEDIATE_GOODS,2016-03,PPICRM,WPSID62,adjacent_vintage_bridge,2016-02,2016-03,1993-09-01,0.0118655807232102,0.0118655807232102,0.0
5,PPI_UNPROCESSED_INTERMEDIATE_GOODS__2016-03__PPICRM__to__WPSID62,PPI_UNPROCESSED_INTERMEDIATE_GOODS,2016-03,PPICRM,WPSID62,adjacent_vintage_bridge,2016-02,2016-03,1993-10-01,0.020442957166019404,0.020442957166019404,0.0
5,PPI_UNPROCESSED_INTERMEDIATE_GOODS__2016-03__PPICRM__to__WPSID62,PPI_UNPROCESSED_INTERMEDIATE_GOODS,2016-03,PPICRM,WPSID62,adjacent_vintage_bridge,2016-02,2016-03,1993-11-01,-0.03117648538796214,-0.03117648538796214,0.0
5,PPI_UNPROCESSED_INTERMEDIATE_GOODS__2016-03__PPICRM__to__WPSID62,PPI_UNPROCESSED_INTERMEDIATE_GOODS,2016-03,PPICRM,WPSID62,adjacent_vintage_bridge,2016-02,2016-03,1993-12-01,-0.005928558169276066,-0.005928558169276066,0.0
5,PPI_UNPROCESSED_INTERMEDIATE_GOODS__2016-03__PPICRM__to__WPSID62,PPI_UNPROCESSED_INTERMEDIATE_GOODS,2016-03,PPICRM,WPSID62,adjacent_vintage_bridge,2016-02,2016-03,1994-01-01,0.033140352852395694,0.033140352852395694,0.0
5,PPI_UNPROCESSED_INTERMEDIATE_GOODS__2016-03__PPICRM__to__WPSID62,PPI_UNPROCESSED_INTERMEDIATE_GOODS,2016-03,PPICRM,WPSID62,adjacent_vintage_bridge,2016-02,2016-03,1994-02-01,-0.03695191323844238,-0.03695191323844238,0.0
5,PPI_UNPROCESSED_INTERMEDIATE_GOODS__2016-03__PPICRM__to__WPSID62,PPI_UNPROCESSED_INTERMEDIATE_GOODS,2016-03,PPICRM,WPSID62,adjacent_vintage_bridge,2016-02,2016-03,1994-03-01,0.03302649112233702,0.03302649112233702,0.0
5,PPI_UNPROCESSED_INTERMEDIATE_GOODS__2016-03__PPICRM__to__WPSID62,PPI_UNPROCESSED_INTERMEDIATE_GOODS,2016-03,PPICRM,WPSID62,adjacent_vintage_bridge,2016-02,2016-03,1994-04-01,-0.01651324556116851,-0.01651324556116851,0.0
5,PPI_UNPROCESSED_INTERMEDIATE_GOODS__2016-03__PPICRM__to__WPSID62,PPI_UNPROCESSED_INTERMEDIATE_GOODS,2016-03,PPICRM,WPSID62,adjacent_vintage_bridge,2016-02,2016-03,1994-05-01,-0.015534292962184004,-0.015534292962184004,0.0
5,PPI_UNPROCESSED_INTERMEDIATE_GOODS__2016-03__PPICRM__to__WPSID62,PPI_UNPROCESSED_INTERMEDIATE_GOODS,2016-03,PPICRM,WPSID62,adjacent_vintage_bridge,2016-02,2016-03,1994-06-01,0.020414732127092883,0.020414732127092883,0.0
5,PPI_UNPROCESSED_INTERMEDIATE_GOODS__2016-03__PPICRM__to__WPSID62,PPI_UNPROCESSED_INTERMEDIATE_GOODS,2016-03,PPICRM,WPSID62,adjacent_vintage_bridge,2016-02,2016-03,1994-07-01,-0.014665253044907622,-0.014665253044907622,0.0
5,PPI_UNPROCESSED_INTERMEDIATE_GOODS__2016-03__PPICRM__to__WPSID62,PPI_UNPROCESSED_INTERMEDIATE_GOODS,2016-03,PPICRM,WPSID62,adjacent_vintage_bridge,2016-02,2016-03,1994-08-01,0.008801045969866195,0.008801045969866195,0.0
5,PPI_UNPROCESSED_INTERMEDIATE_GOODS__2016-03__PPICRM__to__WPSID62,PPI_UNPROCESSED_INTERMEDIATE_GOODS,2016-03,PPICRM,WPSID62,adjacent_vintage_bridge,2016-02,2016-03,1994-09-01,-0.017894090266456608,-0.017894090266456608,0.0
5,PPI_UNPROCESSED_INTERMEDIATE_GOODS__2016-03__PPICRM__to__WPSID62,PPI_UNPROCESSED_INTERMEDIATE_GOODS,2016-03,PPICRM,WPSID62,adjacent_vintage_bridge,2016-02,2016-03,1994-10-01,0.007783442817386188,0.007783442817386188,0.0
5,PPI_UNPROCESSED_INTERMEDIATE_GOODS__2016-03__PPICRM__to__WPSID62,PPI_UNPROCESSED_INTERMEDIATE_GOODS,2016-03,PPICRM,WPSID62,adjacent_vintage_bridge,2016-02,2016-03,1994-11-01,0.023191337068031892,0.023191337068031892,0.0
5,PPI_UNPROCESSED_INTERMEDIATE_GOODS__2016-03__PPICRM__to__WPSID62,PPI_UNPROCESSED_INTERMEDIATE_GOODS,2016-03,PPICRM,WPSID62,adjacent_vintage_bridge,2016-02,2016-03,1994-12-01,0.0008450210001784697,0.0008450210001784697,0.0
5,PPI_UNPROCESSED_INTERMEDIATE_GOODS__2016-03__PPICRM__to__WPSID62,PPI_UNPROCESSED_INTERMEDIATE_GOODS,2016-03,PPICRM,WPSID62,adjacent_vintage_bridge,2016-02,2016-03,1995-01-01,-0.0030993435648136725,-0.0030993435648136725,0.0
5,PPI_UNPROCESSED_INTERMEDIATE_GOODS__2016-03__PPICRM__to__WPSID62,PPI_UNPROCESSED_INTERMEDIATE_GOODS,2016-03,PPICRM,WPSID62,adjacent_vintage_bridge,2016-02,2016-03,1995-02-01,-0.0020376814748095384,-0.0020376814748095384,0.0
5,PPI_UNPROCESSED_INTERMEDIATE_GOODS__2016-03__PPICRM__to__WPSID62,PPI_UNPROCESSED_INTERMEDIATE_GOODS,2016-03,PPICRM,WPSID62,adjacent_vintage_bridge,2016-02,2016-03,1995-03-01,-0.013652887551806714,-0.013652887551806714,0.0
5,PPI_UNPROCESSED_INTERMEDIATE_GOODS__2016-03__PPICRM__to__WPSID62,PPI_UNPROCESSED_INTERMEDIATE_GOODS,2016-03,PPICRM,WPSID62,adjacent_vintage_bridge,2016-02,2016-03,1995-04-01,0.019440412160323106,0.019440412160323106,0.0
5,PPI_UNPROCESSED_INTERMEDIATE_GOODS__2016-03__PPICRM__to__WPSID62,PPI_UNPROCESSED_INTERMEDIATE_GOODS,2016-03,PPICRM,WPSID62,adjacent_vintage_bridge,2016-02,2016-03,1995-05-01,-0.02620784490797501,-0.02620784490797501,0.0
5,PPI_UNPROCESSED_INTERMEDIATE_GOODS__2016-03__PPICRM__to__WPSID62,PPI_UNPROCESSED_INTERMEDIATE_GOODS,2016-03,PPICRM,WPSID62,adjacent_vintage_bridge,2016-02,2016-03,1995-06-01,0.01845767825430311,0.01845767825430311,0.0
5,PPI_UNPROCESSED_INTERMEDIATE_GOODS__2016-03__PPICRM__to__WPSID62,PPI_UNPROCESSED_INTERMEDIATE_GOODS,2016-03,PPICRM,WPSID62,adjacent_vintage_bridge,2016-02,2016-03,1995-07-01,-0.01952772870948305,-0.01952772870948305,0.0
5,PPI_UNPROCESSED_INTERMEDIATE_GOODS__2016-03__PPICRM__to__WPSID62,PPI_UNPROCESSED_INTERMEDIATE_GOODS,2016-03,PPICRM,WPSID62,adjacent_vintage_bridge,2016-02,2016-03,1995-08-01,-0.005192405091334784,-0.005192405091334784,0.0
5,PPI_UNPROCESSED_INTERMEDIATE_GOODS__2016-03__PPICRM__to__WPSID62,PPI_UNPROCESSED_INTERMEDIATE_GOODS,2016-03,PPICRM,WPSID62,adjacent_vintage_bridge,2016-02,2016-03,1995-09-01,0.041684994493067506,0.041684994493067506,0.0
5,PPI_UNPROCESSED_INTERMEDIATE_GOODS__2016-03__PPICRM__to__WPSID62,PPI_UNPROCESSED_INTERMEDIATE_GOODS,2016-03,PPICRM,WPSID62,adjacent_vintage_bridge,2016-02,2016-03,1995-10-01,-0.02378800937206993,-0.02378800937206993,0.0
5,PPI_UNPROCESSED_INTERMEDIATE_GOODS__2016-03__PPICRM__to__WPSID62,PPI_UNPROCESSED_INTERMEDIATE_GOODS,2016-03,PPICRM,WPSID62,adjacent_vintage_bridge,2016-02,2016-03,1995-11-01,0.022340908447835872,0.022340908447835872,0.0
5,PPI_UNPROCESSED_INTERMEDIATE_GOODS__2016-03__PPICRM__to__WPSID62,PPI_UNPROCESSED_INTERMEDIATE_GOODS,2016-03,PPICRM,WPSID62,adjacent_vintage_bridge,2016-02,2016-03,1995-12-01,0.0014329741363123816,0.0014329741363123816,0.0
5,PPI_UNPROCESSED_INTERMEDIATE_GOODS__2016-03__PPICRM__to__WPSID62,PPI_UNPROCESSED_INTERMEDIATE_GOODS,2016-03,PPICRM,WPSID62,adjacent_vintage_bridge,2016-02,2016-03,1996-01-01,0.0077225343973932326,0.0077225343973932326,0.0
5,PPI_UNPROCESSED_INTERMEDIATE_GOODS__2016-03__PPICRM__to__WPSID62,PPI_UNPROCESSED_INTERMEDIATE_GOODS,2016-03,PPICRM,WPSID62,adjacent_vintage_bridge,2016-02,2016-03,1996-02-01,-0.014255023054169591,-0.014255023054169591,0.0
5,PPI_UNPROCESSED_INTERMEDIATE_GOODS__2016-03__PPICRM__to__WPSID62,PPI_UNPROCESSED_INTERMEDIATE_GOODS,2016-03,PPICRM,WPSID62,adjacent_vintage_bridge,2016-02,2016-03,1996-03-01,-0.03252104174356063,-0.03252104174356063,0.0
5,PPI_UNPROCESSED_INTERMEDIATE_GOODS__2016-03__PPICRM__to__WPSID62,PPI_UNPROCESSED_INTERMEDIATE_GOODS,2016-03,PPICRM,WPSID62,adjacent_vintage_bridge,2016-02,2016-03,1996-04-01,0.05555128901826034,0.05555128901826034,0.0
5,PPI_UNPROCESSED_INTERMEDIATE_GOODS__2016-03__PPICRM__to__WPSID62,PPI_UNPROCESSED_INTERMEDIATE_GOODS,2016-03,PPICRM,WPSID62,adjacent_vintage_bridge,2016-02,2016-03,1996-05-01,-0.035794261087750634,-0.035794261087750634,0.0
5,PPI_UNPROCESSED_INTERMEDIATE_GOODS__2016-03__PPICRM__to__WPSID62,PPI_UNPROCESSED_INTERMEDIATE_GOODS,2016-03,PPICRM,WPSID62,adjacent_vintage_bridge,2016-02,2016-03,1996-06-01,-0.024661318250772446,-0.024661318250772446,0.0
5,PPI_UNPROCESSED_INTERMEDIATE_GOODS__2016-03__PPICRM__to__WPSID62,PPI_UNPROCESSED_INTERMEDIATE_GOODS,2016-03,PPICRM,WPSID62,adjacent_vintage_bridge,2016-02,2016-03,1996-07-01,0.04232962238408611,0.04232962238408611,0.0
5,PPI_UNPROCESSED_INTERMEDIATE_GOODS__2016-03__PPICRM__to__WPSID62,PPI_UNPROCESSED_INTERMEDIATE_GOODS,2016-03,PPICRM,WPSID62,adjacent_vintage_bridge,2016-02,2016-03,1996-08-01,-0.015075188197669398,-0.015075188197669398,0.0
5,PPI_UNPROCESSED_INTERMEDIATE_GOODS__2016-03__PPICRM__to__WPSID62,PPI_UNPROCESSED_INTERMEDIATE_GOODS,2016-03,PPICRM,WPSID62,adjacent_vintage_bridge,2016-02,2016-03,1996-09-01,-0.02889762922365602,-0.02889762922365602,0.0
5,PPI_UNPROCESSED_INTERMEDIATE_GOODS__2016-03__PPICRM__to__WPSID62,PPI_UNPROCESSED_INTERMEDIATE_GOODS,2016-03,PPICRM,WPSID62,adjacent_vintage_bridge,2016-02,2016-03,1996-10-01,0.01568420050143171,0.01568420050143171,0.0
5,PPI_UNPROCESSED_INTERMEDIATE_GOODS__2016-03__PPICRM__to__WPSID62,PPI_UNPROCESSED_INTERMEDIATE_GOODS,2016-03,PPICRM,WPSID62,adjacent_vintage_bridge,2016-02,2016-03,1996-11-01,0.040518824609601545,0.040518824609601545,0.0
5,PPI_UNPROCESSED_INTERMEDIATE_GOODS__2016-03__PPICRM__to__WPSID62,PPI_UNPROCESSED_INTERMEDIATE_GOODS,2016-03,PPICRM,WPSID62,adjacent_vintage_bridge,2016-02,2016-03,1996-12-01,0.023715376903400198,0.023715376903400198,0.0
5,PPI_UNPROCESSED_INTERMEDIATE_GOODS__2016-03__PPICRM__to__WPSID62,PPI_UNPROCESSED_INTERMEDIATE_GOODS,2016-03,PPICRM,WPSID62,adjacent_vintage_bridge,2016-02,2016-03,1997-01-01,-0.01710506117145183,-0.01710506117145183,0.0
5,PPI_UNPROCESSED_INTERMEDIATE_GOODS__2016-03__PPICRM__to__WPSID62,PPI_UNPROCESSED_INTERMEDIATE_GOODS,2016-03,PPICRM,WPSID62,adjacent_vintage_bridge,2016-02,2016-03,1997-02-01,-0.12937242529578885,-0.12937242529578885,0.0
5,PPI_UNPROCESSED_INTERMEDIATE_GOODS__2016-03__PPICRM__to__WPSID62,PPI_UNPROCESSED_INTERMEDIATE_GOODS,2016-03,PPICRM,WPSID62,adjacent_vintage_bridge,2016-02,2016-03,1997-03-01,0.00810866433341495,0.00810866433341495,0.0
5,PPI_UNPROCESSED_INTERMEDIATE_GOODS__2016-03__PPICRM__to__WPSID62,PPI_UNPROCESSED_INTERMEDIATE_GOODS,2016-03,PPICRM,WPSID62,adjacent_vintage_bridge,2016-02,2016-03,1997-04-01,0.08404523725585467,0.08404523725585467,0.0
5,PPI_UNPROCESSED_INTERMEDIATE_GOODS__2016-03__PPICRM__to__WPSID62,PPI_UNPROCESSED_INTERMEDIATE_GOODS,2016-03,PPICRM,WPSID62,adjacent_vintage_bridge,2016-02,2016-03,1997-05-01,0.009200423456947604,0.009200423456947604,0.0
5,PPI_UNPROCESSED_INTERMEDIATE_GOODS__2016-03__PPICRM__to__WPSID62,PPI_UNPROCESSED_INTERMEDIATE_GOODS,2016-03,PPICRM,WPSID62,adjacent_vintage_bridge,2016-02,2016-03,1997-06-01,-0.03892801839531401,-0.03892801839531401,0.0
5,PPI_UNPROCESSED_INTERMEDIATE_GOODS__2016-03__PPICRM__to__WPSID62,PPI_UNPROCESSED_INTERMEDIATE_GOODS,2016-03,PPICRM,WPSID62,adjacent_vintage_bridge,2016-02,2016-03,1997-07-01,0.026940784031186382,0.026940784031186382,0.0
5,PPI_UNPROCESSED_INTERMEDIATE_GOODS__2016-03__PPICRM__to__WPSID62,PPI_UNPROCESSED_INTERMEDIATE_GOODS,2016-03,PPICRM,WPSID62,adjacent_vintage_bridge,2016-02,2016-03,1997-08-01,0.005633817718256218,0.005633817718256218,0.0
5,PPI_UNPROCESSED_INTERMEDIATE_GOODS__2016-03__PPICRM__to__WPSID62,PPI_UNPROCESSED_INTERMEDIATE_GOODS,2016-03,PPICRM,WPSID62,adjacent_vintage_bridge,2016-02,2016-03,1997-09-01,0.00923634476119517,0.00923634476119517,0.0
5,PPI_UNPROCESSED_INTERMEDIATE_GOODS__2016-03__PPICRM__to__WPSID62,PPI_UNPROCESSED_INTERMEDIATE_GOODS,2016-03,PPICRM,WPSID62,adjacent_vintage_bridge,2016-02,2016-03,1997-10-01,0.030223139808654764,0.030223139808654764,0.0
5,PPI_UNPROCESSED_INTERMEDIATE_GOODS__2016-03__PPICRM__to__WPSID62,PPI_UNPROCESSED_INTERMEDIATE_GOODS,2016-03,PPICRM,WPSID62,adjacent_vintage_bridge,2016-02,2016-03,1997-11-01,-0.024150128442863128,-0.024150128442863128,0.0
5,PPI_UNPROCESSED_INTERMEDIATE_GOODS__2016-03__PPICRM__to__WPSID62,PPI_UNPROCESSED_INTERMEDIATE_GOODS,2016-03,PPICRM,WPSID62,adjacent_vintage_bridge,2016-02,2016-03,1997-12-01,-0.08329640456229548,-0.08329640456229548,0.0
5,PPI_UNPROCESSED_INTERMEDIATE_GOODS__2016-03__PPICRM__to__WPSID62,PPI_UNPROCESSED_INTERMEDIATE_GOODS,2016-03,PPICRM,WPSID62,adjacent_vintage_bridge,2016-02,2016-03,1998-01-01,0.005627249316274785,0.005627249316274785,0.0
5,PPI_UNPROCESSED_INTERMEDIATE_GOODS__2016-03__PPICRM__to__WPSID62,PPI_UNPROCESSED_INTERMEDIATE_GOODS,2016-03,PPICRM,WPSID62,adjacent_vintage_bridge,2016-02,2016-03,1998-02-01,0.037078984016980954,0.037078984016980954,0.0
5,PPI_UNPROCESSED_INTERMEDIATE_GOODS__2016-03__PPICRM__to__WPSID62,PPI_UNPROCESSED_INTERMEDIATE_GOODS,2016-03,PPICRM,WPSID62,adjacent_vintage_bridge,2016-02,2016-03,1998-03-01,0.00666628591107532,0.00666628591107532,0.0
5,PPI_UNPROCESSED_INTERMEDIATE_GOODS__2016-03__PPICRM__to__WPSID62,PPI_UNPROCESSED_INTERMEDIATE_GOODS,2016-03,PPICRM,WPSID62,adjacent_vintage_bridge,2016-02,2016-03,1998-04-01,0.023975324973813272,0.023975324973813272,0.0
5,PPI_UNPROCESSED_INTERMEDIATE_GOODS__2016-03__PPICRM__to__WPSID62,PPI_UNPROCESSED_INTERMEDIATE_GOODS,2016-03,PPICRM,WPSID62,adjacent_vintage_bridge,2016-02,2016-03,1998-05-01,-0.020984706576178347,-0.020984706576178347,0.0
5,PPI_UNPROCESSED_INTERMEDIATE_GOODS__2016-03__PPICRM__to__WPSID62,PPI_UNPROCESSED_INTERMEDIATE_GOODS,2016-03,PPICRM,WPSID62,adjacent_vintage_bridge,2016-02,2016-03,1998-06-01,-0.01543069621818649,-0.01543069621818649,0.0
5,PPI_UNPROCESSED_INTERMEDIATE_GOODS__2016-03__PPICRM__to__WPSID62,PPI_UNPROCESSED_INTERMEDIATE_GOODS,2016-03,PPICRM,WPSID62,adjacent_vintage_bridge,2016-02,2016-03,1998-07-01,0.028505624644482808,0.028505624644482808,0.0
5,PPI_UNPROCESSED_INTERMEDIATE_GOODS__2016-03__PPICRM__to__WPSID62,PPI_UNPROCESSED_INTERMEDIATE_GOODS,2016-03,PPICRM,WPSID62,adjacent_vintage_bridge,2016-02,2016-03,1998-08-01,-0.04288066251615241,-0.04288066251615241,0.0
5,PPI_UNPROCESSED_INTERMEDIATE_GOODS__2016-03__PPICRM__to__WPSID62,PPI_UNPROCESSED_INTERMEDIATE_GOODS,2016-03,PPICRM,WPSID62,adjacent_vintage_bridge,2016-02,2016-03,1998-09-01,0.016010922141500572,0.016010922141500572,0.0
5,PPI_UNPROCESSED_INTERMEDIATE_GOODS__2016-03__PPICRM__to__WPSID62,PPI_UNPROCESSED_INTERMEDIATE_GOODS,2016-03,PPICRM,WPSID62,adjacent_vintage_bridge,2016-02,2016-03,1998-10-01,0.050769812777554435,0.050769812777554435,0.0
5,PPI_UNPROCESSED_INTERMEDIATE_GOODS__2016-03__PPICRM__to__WPSID62,PPI_UNPROCESSED_INTERMEDIATE_GOODS,2016-03,PPICRM,WPSID62,adjacent_vintage_bridge,2016-02,2016-03,1998-11-01,-0.03018491048478289,-0.03018491048478289,0.0
5,PPI_UNPROCESSED_INTERMEDIATE_GOODS__2016-03__PPICRM__to__WPSID62,PPI_UNPROCESSED_INTERMEDIATE_GOODS,2016-03,PPICRM,WPSID62,adjacent_vintage_bridge,2016-02,2016-03,1998-12-01,-0.03380095368429803,-0.03380095368429803,0.0
5,PPI_UNPROCESSED_INTERMEDIATE_GOODS__2016-03__PPICRM__to__WPSID62,PPI_UNPROCESSED_INTERMEDIATE_GOODS,2016-03,PPICRM,WPSID62,adjacent_vintage_bridge,2016-02,2016-03,1999-01-01,0.04583103586324011,0.04583103586324011,0.0
5,PPI_UNPROCESSED_INTERMEDIATE_GOODS__2016-03__PPICRM__to__WPSID62,PPI_UNPROCESSED_INTERMEDIATE_GOODS,2016-03,PPICRM,WPSID62,adjacent_vintage_bridge,2016-02,2016-03,1999-02-01,-0.03105321623298174,-0.03105321623298174,0.0
5,PPI_UNPROCESSED_INTERMEDIATE_GOODS__2016-03__PPICRM__to__WPSID62,PPI_UNPROCESSED_INTERMEDIATE_GOODS,2016-03,PPICRM,WPSID62,adjacent_vintage_bridge,2016-02,2016-03,1999-03-01,0.02894208703345491,0.02894208703345491,0.0
5,PPI_UNPROCESSED_INTERMEDIATE_GOODS__2016-03__PPICRM__to__WPSID62,PPI_UNPROCESSED_INTERMEDIATE_GOODS,2016-03,PPICRM,WPSID62,adjacent_vintage_bridge,2016-02,2016-03,1999-04-01,0.012076517371293782,0.012076517371293782,0.0
5,PPI_UNPROCESSED_INTERMEDIATE_GOODS__2016-03__PPICRM__to__WPSID62,PPI_UNPROCESSED_INTERMEDIATE_GOODS,2016-03,PPICRM,WPSID62,adjacent_vintage_bridge,2016-02,2016-03,1999-05-01,0.03970073906157001,0.03970073906157001,0.0
5,PPI_UNPROCESSED_INTERMEDIATE_GOODS__2016-03__PPICRM__to__WPSID62,PPI_UNPROCESSED_INTERMEDIATE_GOODS,2016-03,PPICRM,WPSID62,adjacent_vintage_bridge,2016-02,2016-03,1999-06-01,-0.05643222246075741,-0.05643222246075741,0.0
5,PPI_UNPROCESSED_INTERMEDIATE_GOODS__2016-03__PPICRM__to__WPSID62,PPI_UNPROCESSED_INTERMEDIATE_GOODS,2016-03,PPICRM,WPSID62,adjacent_vintage_bridge,2016-02,2016-03,1999-07-01,0.0010240264677250366,0.0010240264677250366,0.0
5,PPI_UNPROCESSED_INTERMEDIATE_GOODS__2016-03__PPICRM__to__WPSID62,PPI_UNPROCESSED_INTERMEDIATE_GOODS,2016-03,PPICRM,WPSID62,adjacent_vintage_bridge,2016-02,2016-03,1999-08-01,0.04799971272487191,0.04799971272487191,0.0
5,PPI_UNPROCESSED_INTERMEDIATE_GOODS__2016-03__PPICRM__to__WPSID62,PPI_UNPROCESSED_INTERMEDIATE_GOODS,2016-03,PPICRM,WPSID62,adjacent_vintage_bridge,2016-02,2016-03,1999-09-01,-0.012768859111311315,-0.012768859111311315,0.0
5,PPI_UNPROCESSED_INTERMEDIATE_GOODS__2016-03__PPICRM__to__WPSID62,PPI_UNPROCESSED_INTERMEDIATE_GOODS,2016-03,PPICRM,WPSID62,adjacent_vintage_bridge,2016-02,2016-03,1999-10-01,-0.06305847047789293,-0.06305847047789293,0.0
5,PPI_UNPROCESSED_INTERMEDIATE_GOODS__2016-03__PPICRM__to__WPSID62,PPI_UNPROCESSED_INTERMEDIATE_GOODS,2016-03,PPICRM,WPSID62,adjacent_vintage_bridge,2016-02,2016-03,1999-11-01,0.08002300272515317,0.08002300272515317,0.0
5,PPI_UNPROCESSED_INTERMEDIATE_GOODS__2016-03__PPICRM__to__WPSID62,PPI_UNPROCESSED_INTERMEDIATE_GOODS,2016-03,PPICRM,WPSID62,adjacent_vintage_bridge,2016-02,2016-03,1999-12-01,-0.10480308838204344,-0.10480308838204344,0.0
5,PPI_UNPROCESSED_INTERMEDIATE_GOODS__2016-03__PPICRM__to__WPSID62,PPI_UNPROCESSED_INTERMEDIATE_GOODS,2016-03,PPICRM,WPSID62,adjacent_vintage_bridge,2016-02,2016-03,2000-01-01,0.07224794291020231,0.07224794291020231,0.0
5,PPI_UNPROCESSED_INTERMEDIATE_GOODS__2016-03__PPICRM__to__WPSID62,PPI_UNPROCESSED_INTERMEDIATE_GOODS,2016-03,PPICRM,WPSID62,adjacent_vintage_bridge,2016-02,2016-03,2000-02-01,0.01584402370868343,0.01584402370868343,0.0
5,PPI_UNPROCESSED_INTERMEDIATE_GOODS__2016-03__PPICRM__to__WPSID62,PPI_UNPROCESSED_INTERMEDIATE_GOODS,2016-03,PPICRM,WPSID62,adjacent_vintage_bridge,2016-02,2016-03,2000-03-01,-0.01894631032949068,-0.01894631032949068,0.0
5,PPI_UNPROCESSED_INTERMEDIATE_GOODS__2016-03__PPICRM__to__WPSID62,PPI_UNPROCESSED_INTERMEDIATE_GOODS,2016-03,PPICRM,WPSID62,adjacent_vintage_bridge,2016-02,2016-03,2000-04-01,-0.03655287194433221,-0.03655287194433221,0.0
5,PPI_UNPROCESSED_INTERMEDIATE_GOODS__2016-03__PPICRM__to__WPSID62,PPI_UNPROCESSED_INTERMEDIATE_GOODS,2016-03,PPICRM,WPSID62,adjacent_vintage_bridge,2016-02,2016-03,2000-05-01,0.050498964933921364,0.050498964933921364,0.0
5,PPI_UNPROCESSED_INTERMEDIATE_GOODS__2016-03__PPICRM__to__WPSID62,PPI_UNPROCESSED_INTERMEDIATE_GOODS,2016-03,PPICRM,WPSID62,adjacent_vintage_bridge,2016-02,2016-03,2000-06-01,0.04733908276115262,0.04733908276115262,0.0
5,PPI_UNPROCESSED_INTERMEDIATE_GOODS__2016-03__PPICRM__to__WPSID62,PPI_UNPROCESSED_INTERMEDIATE_GOODS,2016-03,PPICRM,WPSID62,adjacent_vintage_bridge,2016-02,2016-03,2000-07-01,-0.10278321502615917,-0.10278321502615917,0.0
5,PPI_UNPROCESSED_INTERMEDIATE_GOODS__2016-03__PPICRM__to__WPSID62,PPI_UNPROCESSED_INTERMEDIATE_GOODS,2016-03,PPICRM,WPSID62,adjacent_vintage_bridge,2016-02,2016-03,2000-08-01,-0.015679270833463654,-0.015679270833463654,0.0
5,PPI_UNPROCESSED_INTERMEDIATE_GOODS__2016-03__PPICRM__to__WPSID62,PPI_UNPROCESSED_INTERMEDIATE_GOODS,2016-03,PPICRM,WPSID62,adjacent_vintage_bridge,2016-02,2016-03,2000-09-01,0.10336456422170404,0.10336456422170404,0.0
5,PPI_UNPROCESSED_INTERMEDIATE_GOODS__2016-03__PPICRM__to__WPSID62,PPI_UNPROCESSED_INTERMEDIATE_GOODS,2016-03,PPICRM,WPSID62,adjacent_vintage_bridge,2016-02,2016-03,2000-10-01,-0.029843742829201325,-0.029843742829201325,0.0
5,PPI_UNPROCESSED_INTERMEDIATE_GOODS__2016-03__PPICRM__to__WPSID62,PPI_UNPROCESSED_INTERMEDIATE_GOODS,2016-03,PPICRM,WPSID62,adjacent_vintage_bridge,2016-02,2016-03,2000-11-01,-0.04445390766224211,-0.04445390766224211,0.0
5,PPI_UNPROCESSED_INTERMEDIATE_GOODS__2016-03__PPICRM__to__WPSID62,PPI_UNPROCESSED_INTERMEDIATE_GOODS,2016-03,PPICRM,WPSID62,adjacent_vintage_bridge,2016-02,2016-03,2000-12-01,0.09736599292804371,0.09736599292804371,0.0
5,PPI_UNPROCESSED_INTERMEDIATE_GOODS__2016-03__PPICRM__to__WPSID62,PPI_UNPROCESSED_INTERMEDIATE_GOODS,2016-03,PPICRM,WPSID62,adjacent_vintage_bridge,2016-02,2016-03,2001-01-01,0.07122482208621861,0.07122482208621861,0.0
5,PPI_UNPROCESSED_INTERMEDIATE_GOODS__2016-03__PPICRM__to__WPSID62,PPI_UNPROCESSED_INTERMEDIATE_GOODS,2016-03,PPICRM,WPSID62,adjacent_vintage_bridge,2016-02,2016-03,2001-02-01,-0.3159694783469149,-0.3159694783469149,0.0
5,PPI_UNPROCESSED_INTERMEDIATE_GOODS__2016-03__PPICRM__to__WPSID62,PPI_UNPROCESSED_INTERMEDIATE_GOODS,2016-03,PPICRM,WPSID62,adjacent_vintage_bridge,2016-02,2016-03,2001-03-01,0.08797859206079739,0.08797859206079739,0.0
5,PPI_UNPROCESSED_INTERMEDIATE_GOODS__2016-03__PPICRM__to__WPSID62,PPI_UNPROCESSED_INTERMEDIATE_GOODS,2016-03,PPICRM,WPSID62,adjacent_vintage_bridge,2016-02,2016-03,2001-04-01,0.07240598791257291,0.07240598791257291,0.0
5,PPI_UNPROCESSED_INTERMEDIATE_GOODS__2016-03__PPICRM__to__WPSID62,PPI_UNPROCESSED_INTERMEDIATE_GOODS,2016-03,PPICRM,WPSID62,adjacent_vintage_bridge,2016-02,2016-03,2001-05-01,-0.023497386177851354,-0.023497386177851354,0.0
5,PPI_UNPROCESSED_INTERMEDIATE_GOODS__2016-03__PPICRM__to__WPSID62,PPI_UNPROCESSED_INTERMEDIATE_GOODS,2016-03,PPICRM,WPSID62,adjacent_vintage_bridge,2016-02,2016-03,2001-06-01,-0.06573926327027468,-0.06573926327027468,0.0
5,PPI_UNPROCESSED_INTERMEDIATE_GOODS__2016-03__PPICRM__to__WPSID62,PPI_UNPROCESSED_INTERMEDIATE_GOODS,2016-03,PPICRM,WPSID62,adjacent_vintage_bridge,2016-02,2016-03,2001-07-01,0.0280962707297725,0.0280962707297725,0.0
5,PPI_UNPROCESSED_INTERMEDIATE_GOODS__2016-03__PPICRM__to__WPSID62,PPI_UNPROCESSED_INTERMEDIATE_GOODS,2016-03,PPICRM,WPSID62,adjacent_vintage_bridge,2016-02,2016-03,2001-08-01,0.04775358770994487,0.04775358770994487,0.0
5,PPI_UNPROCESSED_INTERMEDIATE_GOODS__2016-03__PPICRM__to__WPSID62,PPI_UNPROCESSED_INTERMEDIATE_GOODS,2016-03,PPICRM,WPSID62,adjacent_vintage_bridge,2016-02,2016-03,2001-09-01,-0.03761230681813377,-0.03761230681813377,0.0
5,PPI_UNPROCESSED_INTERMEDIATE_GOODS__2016-03__PPICRM__to__WPSID62,PPI_UNPROCESSED_INTERMEDIATE_GOODS,2016-03,PPICRM,WPSID62,adjacent_vintage_bridge,2016-02,2016-03,2001-10-01,-0.04939242488051576,-0.04939242488051576,0.0
5,PPI_UNPROCESSED_INTERMEDIATE_GOODS__2016-03__PPICRM__to__WPSID62,PPI_UNPROCESSED_INTERMEDIATE_GOODS,2016-03,PPICRM,WPSID62,adjacent_vintage_bridge,2016-02,2016-03,2001-11-01,0.14885594427423587,0.14885594427423587,0.0
5,PPI_UNPROCESSED_INTERMEDIATE_GOODS__2016-03__PPICRM__to__WPSID62,PPI_UNPROCESSED_INTERMEDIATE_GOODS,2016-03,PPICRM,WPSID62,adjacent_vintage_bridge,2016-02,2016-03,2001-12-01,-0.1256717757338519,-0.1256717757338519,0.0
5,PPI_UNPROCESSED_INTERMEDIATE_GOODS__2016-03__PPICRM__to__WPSID62,PPI_UNPROCESSED_INTERMEDIATE_GOODS,2016-03,PPICRM,WPSID62,adjacent_vintage_bridge,2016-02,2016-03,2002-01-01,0.11672780527856208,0.11672780527856208,0.0
5,PPI_UNPROCESSED_INTERMEDIATE_GOODS__2016-03__PPICRM__to__WPSID62,PPI_UNPROCESSED_INTERMEDIATE_GOODS,2016-03,PPICRM,WPSID62,adjacent_vintage_bridge,2016-02,2016-03,2002-02-01,-0.05816931508994472,-0.05816931508994472,0.0
5,PPI_UNPROCESSED_INTERMEDIATE_GOODS__2016-03__PPICRM__to__WPSID62,PPI_UNPROCESSED_INTERMEDIATE_GOODS,2016-03,PPICRM,WPSID62,adjacent_vintage_bridge,2016-02,2016-03,2002-03-01,0.06755254593279147,0.06755254593279147,0.0
5,PPI_UNPROCESSED_INTERMEDIATE_GOODS__2016-03__PPICRM__to__WPSID62,PPI_UNPROCESSED_INTERMEDIATE_GOODS,2016-03,PPICRM,WPSID62,adjacent_vintage_bridge,2016-02,2016-03,2002-04-01,-0.012834412760206249,-0.012834412760206249,0.0
5,PPI_UNPROCESSED_INTERMEDIATE_GOODS__2016-03__PPICRM__to__WPSID62,PPI_UNPROCESSED_INTERMEDIATE_GOODS,2016-03,PPICRM,WPSID62,adjacent_vintage_bridge,2016-02,2016-03,2002-05-01,-0.032299596329393054,-0.032299596329393054,0.0
5,PPI_UNPROCESSED_INTERMEDIATE_GOODS__2016-03__PPICRM__to__WPSID62,PPI_UNPROCESSED_INTERMEDIATE_GOODS,2016-03,PPICRM,WPSID62,adjacent_vintage_bridge,2016-02,2016-03,2002-06-01,-0.04472676193021918,-0.04472676193021918,0.0
5,PPI_UNPROCESSED_INTERMEDIATE_GOODS__2016-03__PPICRM__to__WPSID62,PPI_UNPROCESSED_INTERMEDIATE_GOODS,2016-03,PPICRM,WPSID62,adjacent_vintage_bridge,2016-02,2016-03,2002-07-01,0.04966831161281249,0.04966831161281249,0.0
5,PPI_UNPROCESSED_INTERMEDIATE_GOODS__2016-03__PPICRM__to__WPSID62,PPI_UNPROCESSED_INTERMEDIATE_GOODS,2016-03,PPICRM,WPSID62,adjacent_vintage_bridge,2016-02,2016-03,2002-08-01,0.003527461590890013,0.003527461590890013,0.0
5,PPI_UNPROCESSED_INTERMEDIATE_GOODS__2016-03__PPICRM__to__WPSID62,PPI_UNPROCESSED_INTERMEDIATE_GOODS,2016-03,PPICRM,WPSID62,adjacent_vintage_bridge,2016-02,2016-03,2002-09-01,0.0060614514487742355,0.0060614514487742355,0.0
5,PPI_UNPROCESSED_INTERMEDIATE_GOODS__2016-03__PPICRM__to__WPSID62,PPI_UNPROCESSED_INTERMEDIATE_GOODS,2016-03,PPICRM,WPSID62,adjacent_vintage_bridge,2016-02,2016-03,2002-10-01,-0.0067066789138321425,-0.0067066789138321425,0.0
5,PPI_UNPROCESSED_INTERMEDIATE_GOODS__2016-03__PPICRM__to__WPSID62,PPI_UNPROCESSED_INTERMEDIATE_GOODS,2016-03,PPICRM,WPSID62,adjacent_vintage_bridge,2016-02,2016-03,2002-11-01,0.018792616818394947,0.018792616818394947,0.0
5,PPI_UNPROCESSED_INTERMEDIATE_GOODS__2016-03__PPICRM__to__WPSID62,PPI_UNPROCESSED_INTERMEDIATE_GOODS,2016-03,PPICRM,WPSID62,adjacent_vintage_bridge,2016-02,2016-03,2002-12-01,-0.015374028430456654,-0.015374028430456654,0.0
5,PPI_UNPROCESSED_INTERMEDIATE_GOODS__2016-03__PPICRM__to__WPSID62,PPI_UNPROCESSED_INTERMEDIATE_GOODS,2016-03,PPICRM,WPSID62,adjacent_vintage_bridge,2016-02,2016-03,2003-01-01,0.05421393044253531,0.05421393044253531,0.0
5,PPI_UNPROCESSED_INTERMEDIATE_GOODS__2016-03__PPICRM__to__WPSID62,PPI_UNPROCESSED_INTERMEDIATE_GOODS,2016-03,PPICRM,WPSID62,adjacent_vintage_bridge,2016-02,2016-03,2003-02-01,-0.025701620613305387,-0.025701620613305387,0.0
5,PPI_UNPROCESSED_INTERMEDIATE_GOODS__2016-03__PPICRM__to__WPSID62,PPI_UNPROCESSED_INTERMEDIATE_GOODS,2016-03,PPICRM,WPSID62,adjacent_vintage_bridge,2016-02,2016-03,2003-03-01,0.07707350228881893,0.07707350228881893,0.0
5,PPI_UNPROCESSED_INTERMEDIATE_GOODS__2016-03__PPICRM__to__WPSID62,PPI_UNPROCESSED_INTERMEDIATE_GOODS,2016-03,PPICRM,WPSID62,adjacent_vintage_bridge,2016-02,2016-03,2003-04-01,-0.29672324283941,-0.29672324283941,0.0
5,PPI_UNPROCESSED_INTERMEDIATE_GOODS__2016-03__PPICRM__to__WPSID62,PPI_UNPROCESSED_INTERMEDIATE_GOODS,2016-03,PPICRM,WPSID62,adjacent_vintage_bridge,2016-02,2016-03,2003-05-01,0.1847772801310006,0.1847772801310006,0.0
5,PPI_UNPROCESSED_INTERMEDIATE_GOODS__2016-03__PPICRM__to__WPSID62,PPI_UNPROCESSED_INTERMEDIATE_GOODS,2016-03,PPICRM,WPSID62,adjacent_vintage_bridge,2016-02,2016-03,2003-06-01,0.029033337453217456,0.029033337453217456,0.0
5,PPI_UNPROCESSED_INTERMEDIATE_GOODS__2016-03__PPICRM__to__WPSID62,PPI_UNPROCESSED_INTERMEDIATE_GOODS,2016-03,PPICRM,WPSID62,adjacent_vintage_bridge,2016-02,2016-03,2003-07-01,-0.06913429723968889,-0.06913429723968889,0.0
5,PPI_UNPROCESSED_INTERMEDIATE_GOODS__2016-03__PPICRM__to__WPSID62,PPI_UNPROCESSED_INTERMEDIATE_GOODS,2016-03,PPICRM,WPSID62,adjacent_vintage_bridge,2016-02,2016-03,2003-08-01,0.01855295989631678,0.01855295989631678,0.0
5,PPI_UNPROCESSED_INTERMEDIATE_GOODS__2016-03__PPICRM__to__WPSID62,PPI_UNPROCESSED_INTERMEDIATE_GOODS,2016-03,PPICRM,WPSID62,adjacent_vintage_bridge,2016-02,2016-03,2003-09-01,0.03552560976612096,0.03552560976612096,0.0
5,PPI_UNPROCESSED_INTERMEDIATE_GOODS__2016-03__PPICRM__to__WPSID62,PPI_UNPROCESSED_INTERMEDIATE_GOODS,2016-03,PPICRM,WPSID62,adjacent_vintage_bridge,2016-02,2016-03,2003-10-01,0.0007304941785699626,0.0007304941785699626,0.0
5,PPI_UNPROCESSED_INTERMEDIATE_GOODS__2016-03__PPICRM__to__WPSID62,PPI_UNPROCESSED_INTERMEDIATE_GOODS,2016-03,PPICRM,WPSID62,adjacent_vintage_bridge,2016-02,2016-03,2003-11-01,-0.03005460977883434,-0.03005460977883434,0.0
5,PPI_UNPROCESSED_INTERMEDIATE_GOODS__2016-03__PPICRM__to__WPSID62,PPI_UNPROCESSED_INTERMEDIATE_GOODS,2016-03,PPICRM,WPSID62,adjacent_vintage_bridge,2016-02,2016-03,2003-12-01,0.03428434071293296,0.03428434071293296,0.0
5,PPI_UNPROCESSED_INTERMEDIATE_GOODS__2016-03__PPICRM__to__WPSID62,PPI_UNPROCESSED_INTERMEDIATE_GOODS,2016-03,PPICRM,WPSID62,adjacent_vintage_bridge,2016-02,2016-03,2004-01-01,0.011179640309614491,0.011179640309614491,0.0
5,PPI_UNPROCESSED_INTERMEDIATE_GOODS__2016-03__PPICRM__to__WPSID62,PPI_UNPROCESSED_INTERMEDIATE_GOODS,2016-03,PPICRM,WPSID62,adjacent_vintage_bridge,2016-02,2016-03,2004-02-01,-0.029267252380487108,-0.029267252380487108,0.0
5,PPI_UNPROCESSED_INTERMEDIATE_GOODS__2016-03__PPICRM__to__WPSID62,PPI_UNPROCESSED_INTERMEDIATE_GOODS,2016-03,PPICRM,WPSID62,adjacent_vintage_bridge,2016-02,2016-03,2004-03-01,0.0017661996248881096,0.0017661996248881096,0.0
5,PPI_UNPROCESSED_INTERMEDIATE_GOODS__2016-03__PPICRM__to__WPSID62,PPI_UNPROCESSED_INTERMEDIATE_GOODS,2016-03,PPICRM,WPSID62,adjacent_vintage_bridge,2016-02,2016-03,2004-04-01,0.003603178366460291,0.003603178366460291,0.0
5,PPI_UNPROCESSED_INTERMEDIATE_GOODS__2016-03__PPICRM__to__WPSID62,PPI_UNPROCESSED_INTERMEDIATE_GOODS,2016-03,PPICRM,WPSID62,adjacent_vintage_bridge,2016-02,2016-03,2004-05-01,0.008386584007980424,0.008386584007980424,0.0
5,PPI_UNPROCESSED_INTERMEDIATE_GOODS__2016-03__PPICRM__to__WPSID62,PPI_UNPROCESSED_INTERMEDIATE_GOODS,2016-03,PPICRM,WPSID62,adjacent_vintage_bridge,2016-02,2016-03,2004-06-01,-0.02219122295702558,-0.02219122295702558,0.0
5,PPI_UNPROCESSED_INTERMEDIATE_GOODS__2016-03__PPICRM__to__WPSID62,PPI_UNPROCESSED_INTERMEDIATE_GOODS,2016-03,PPICRM,WPSID62,adjacent_vintage_bridge,2016-02,2016-03,2004-07-01,-0.00682749868159771,-0.00682749868159771,0.0
5,PPI_UNPROCESSED_INTERMEDIATE_GOODS__2016-03__PPICRM__to__WPSID62,PPI_UNPROCESSED_INTERMEDIATE_GOODS,2016-03,PPICRM,WPSID62,adjacent_vintage_bridge,2016-02,2016-03,2004-08-01,0.003715938983445355,0.003715938983445355,0.0
5,PPI_UNPROCESSED_INTERMEDIATE_GOODS__2016-03__PPICRM__to__WPSID62,PPI_UNPROCESSED_INTERMEDIATE_GOODS,2016-03,PPICRM,WPSID62,adjacent_vintage_bridge,2016-02,2016-03,2004-09-01,-0.05126694562132883,-0.05126694562132883,0.0
5,PPI_UNPROCESSED_INTERMEDIATE_GOODS__2016-03__PPICRM__to__WPSID62,PPI_UNPROCESSED_INTERMEDIATE_GOODS,2016-03,PPICRM,WPSID62,adjacent_vintage_bridge,2016-02,2016-03,2004-10-01,0.09324192674026488,0.09324192674026488,0.0
5,PPI_UNPROCESSED_INTERMEDIATE_GOODS__2016-03__PPICRM__to__WPSID62,PPI_UNPROCESSED_INTERMEDIATE_GOODS,2016-03,PPICRM,WPSID62,adjacent_vintage_bridge,2016-02,2016-03,2004-11-01,0.02569985759733573,0.02569985759733573,0.0
5,PPI_UNPROCESSED_INTERMEDIATE_GOODS__2016-03__PPICRM__to__WPSID62,PPI_UNPROCESSED_INTERMEDIATE_GOODS,2016-03,PPICRM,WPSID62,adjacent_vintage_bridge,2016-02,2016-03,2004-12-01,-0.10251690467020058,-0.10251690467020058,0.0
5,PPI_UNPROCESSED_INTERMEDIATE_GOODS__2016-03__PPICRM__to__WPSID62,PPI_UNPROCESSED_INTERMEDIATE_GOODS,2016-03,PPICRM,WPSID62,adjacent_vintage_bridge,2016-02,2016-03,2005-01-01,0.01425978086975821,0.01425978086975821,0.0
5,PPI_UNPROCESSED_INTERMEDIATE_GOODS__2016-03__PPICRM__to__WPSID62,PPI_UNPROCESSED_INTERMEDIATE_GOODS,2016-03,PPICRM,WPSID62,adjacent_vintage_bridge,2016-02,2016-03,2005-02-01,0.01015682222194414,0.01015682222194414,0.0
5,PPI_UNPROCESSED_INTERMEDIATE_GOODS__2016-03__PPICRM__to__WPSID62,PPI_UNPROCESSED_INTERMEDIATE_GOODS,2016-03,PPICRM,WPSID62,adjacent_vintage_bridge,2016-02,2016-03,2005-03-01,0.053547462525901146,0.053547462525901146,0.0
5,PPI_UNPROCESSED_INTERMEDIATE_GOODS__2016-03__PPICRM__to__WPSID62,PPI_UNPROCESSED_INTERMEDIATE_GOODS,2016-03,PPICRM,WPSID62,adjacent_vintage_bridge,2016-02,2016-03,2005-04-01,-0.019548103915629333,-0.019548103915629333,0.0
5,PPI_UNPROCESSED_INTERMEDIATE_GOODS__2016-03__PPICRM__to__WPSID62,PPI_UNPROCESSED_INTERMEDIATE_GOODS,2016-03,PPICRM,WPSID62,adjacent_vintage_bridge,2016-02,2016-03,2005-05-01,-0.06034639521892249,-0.06034639521892249,0.0
5,PPI_UNPROCESSED_INTERMEDIATE_GOODS__2016-03__PPICRM__to__WPSID62,PPI_UNPROCESSED_INTERMEDIATE_GOODS,2016-03,PPICRM,WPSID62,adjacent_vintage_bridge,2016-02,2016-03,2005-06-01,0.012776656931562158,0.012776656931562158,0.0
5,PPI_UNPROCESSED_INTERMEDIATE_GOODS__2016-03__PPICRM__to__WPSID62,PPI_UNPROCESSED_INTERMEDIATE_GOODS,2016-03,PPICRM,WPSID62,adjacent_vintage_bridge,2016-02,2016-03,2005-07-01,0.07389937774517907,0.07389937774517907,0.0
5,PPI_UNPROCESSED_INTERMEDIATE_GOODS__2016-03__PPICRM__to__WPSID62,PPI_UNPROCESSED_INTERMEDIATE_GOODS,2016-03,PPICRM,WPSID62,adjacent_vintage_bridge,2016-02,2016-03,2005-08-01,-0.012476174427735742,-0.012476174427735742,0.0
5,PPI_UNPROCESSED_INTERMEDIATE_GOODS__2016-03__PPICRM__to__WPSID62,PPI_UNPROCESSED_INTERMEDIATE_GOODS,2016-03,PPICRM,WPSID62,adjacent_vintage_bridge,2016-02,2016-03,2005-09-01,0.05865644673684134,0.05865644673684134,0.0
5,PPI_UNPROCESSED_INTERMEDIATE_GOODS__2016-03__PPICRM__to__WPSID62,PPI_UNPROCESSED_INTERMEDIATE_GOODS,2016-03,PPICRM,WPSID62,adjacent_vintage_bridge,2016-02,2016-03,2005-10-01,-0.03849410943244802,-0.03849410943244802,0.0
5,PPI_UNPROCESSED_INTERMEDIATE_GOODS__2016-03__PPICRM__to__WPSID62,PPI_UNPROCESSED_INTERMEDIATE_GOODS,2016-03,PPICRM,WPSID62,adjacent_vintage_bridge,2016-02,2016-03,2005-11-01,-0.07331797491402359,-0.07331797491402359,0.0
5,PPI_UNPROCESSED_INTERMEDIATE_GOODS__2016-03__PPICRM__to__WPSID62,PPI_UNPROCESSED_INTERMEDIATE_GOODS,2016-03,PPICRM,WPSID62,adjacent_vintage_bridge,2016-02,2016-03,2005-12-01,-0.025112034045777776,-0.025112034045777776,0.0
5,PPI_UNPROCESSED_INTERMEDIATE_GOODS__2016-03__PPICRM__to__WPSID62,PPI_UNPROCESSED_INTERMEDIATE_GOODS,2016-03,PPICRM,WPSID62,adjacent_vintage_bridge,2016-02,2016-03,2006-01-01,0.04428654772850393,0.04428654772850393,0.0
5,PPI_UNPROCESSED_INTERMEDIATE_GOODS__2016-03__PPICRM__to__WPSID62,PPI_UNPROCESSED_INTERMEDIATE_GOODS,2016-03,PPICRM,WPSID62,adjacent_vintage_bridge,2016-02,2016-03,2006-02-01,-0.09114644559420526,-0.09114644559420526,0.0
5,PPI_UNPROCESSED_INTERMEDIATE_GOODS__2016-03__PPICRM__to__WPSID62,PPI_UNPROCESSED_INTERMEDIATE_GOODS,2016-03,PPICRM,WPSID62,adjacent_vintage_bridge,2016-02,2016-03,2006-03-01,0.04698829474593946,0.04698829474593946,0.0
5,PPI_UNPROCESSED_INTERMEDIATE_GOODS__2016-03__PPICRM__to__WPSID62,PPI_UNPROCESSED_INTERMEDIATE_GOODS,2016-03,PPICRM,WPSID62,adjacent_vintage_bridge,2016-02,2016-03,2006-04-01,0.056442532073864626,0.056442532073864626,0.0
5,PPI_UNPROCESSED_INTERMEDIATE_GOODS__2016-03__PPICRM__to__WPSID62,PPI_UNPROCESSED_INTERMEDIATE_GOODS,2016-03,PPICRM,WPSID62,adjacent_vintage_bridge,2016-02,2016-03,2006-05-01,-0.010039643803047227,-0.010039643803047227,0.0
5,PPI_UNPROCESSED_INTERMEDIATE_GOODS__2016-03__PPICRM__to__WPSID62,PPI_UNPROCESSED_INTERMEDIATE_GOODS,2016-03,PPICRM,WPSID62,adjacent_vintage_bridge,2016-02,2016-03,2006-06-01,-0.040686465628473556,-0.040686465628473556,0.0
5,PPI_UNPROCESSED_INTERMEDIATE_GOODS__2016-03__PPICRM__to__WPSID62,PPI_UNPROCESSED_INTERMEDIATE_GOODS,2016-03,PPICRM,WPSID62,adjacent_vintage_bridge,2016-02,2016-03,2006-07-01,0.043660886456042824,0.043660886456042824,0.0
5,PPI_UNPROCESSED_INTERMEDIATE_GOODS__2016-03__PPICRM__to__WPSID62,PPI_UNPROCESSED_INTERMEDIATE_GOODS,2016-03,PPICRM,WPSID62,adjacent_vintage_bridge,2016-02,2016-03,2006-08-01,0.02423566252840814,0.02423566252840814,0.0
5,PPI_UNPROCESSED_INTERMEDIATE_GOODS__2016-03__PPICRM__to__WPSID62,PPI_UNPROCESSED_INTERMEDIATE_GOODS,2016-03,PPICRM,WPSID62,adjacent_vintage_bridge,2016-02,2016-03,2006-09-01,-0.058640992552276394,-0.058640992552276394,0.0
5,PPI_UNPROCESSED_INTERMEDIATE_GOODS__2016-03__PPICRM__to__WPSID62,PPI_UNPROCESSED_INTERMEDIATE_GOODS,2016-03,PPICRM,WPSID62,adjacent_vintage_bridge,2016-02,2016-03,2006-10-01,-0.05705326434558078,-0.05705326434558078,0.0
5,PPI_UNPROCESSED_INTERMEDIATE_GOODS__2016-03__PPICRM__to__WPSID62,PPI_UNPROCESSED_INTERMEDIATE_GOODS,2016-03,PPICRM,WPSID62,adjacent_vintage_bridge,2016-02,2016-03,2006-11-01,0.19664855300042916,0.19664855300042916,0.0
5,PPI_UNPROCESSED_INTERMEDIATE_GOODS__2016-03__PPICRM__to__WPSID62,PPI_UNPROCESSED_INTERMEDIATE_GOODS,2016-03,PPICRM,WPSID62,adjacent_vintage_bridge,2016-02,2016-03,2006-12-01,-0.08514457632751782,-0.08514457632751782,0.0
5,PPI_UNPROCESSED_INTERMEDIATE_GOODS__2016-03__PPICRM__to__WPSID62,PPI_UNPROCESSED_INTERMEDIATE_GOODS,2016-03,PPICRM,WPSID62,adjacent_vintage_bridge,2016-02,2016-03,2007-01-01,-0.08642116007230882,-0.08642116007230882,0.0
5,PPI_UNPROCESSED_INTERMEDIATE_GOODS__2016-03__PPICRM__to__WPSID62,PPI_UNPROCESSED_INTERMEDIATE_GOODS,2016-03,PPICRM,WPSID62,adjacent_vintage_bridge,2016-02,2016-03,2007-02-01,0.14170399901973862,0.14170399901973862,0.0
5,PPI_UNPROCESSED_INTERMEDIATE_GOODS__2016-03__PPICRM__to__WPSID62,PPI_UNPROCESSED_INTERMEDIATE_GOODS,2016-03,PPICRM,WPSID62,adjacent_vintage_bridge,2016-02,2016-03,2007-03-01,-0.07659864932498106,-0.07659864932498106,0.0
5,PPI_UNPROCESSED_INTERMEDIATE_GOODS__2016-03__PPICRM__to__WPSID62,PPI_UNPROCESSED_INTERMEDIATE_GOODS,2016-03,PPICRM,WPSID62,adjacent_vintage_bridge,2016-02,2016-03,2007-04-01,-0.007909039311305044,-0.007909039311305044,0.0
5,PPI_UNPROCESSED_INTERMEDIATE_GOODS__2016-03__PPICRM__to__WPSID62,PPI_UNPROCESSED_INTERMEDIATE_GOODS,2016-03,PPICRM,WPSID62,adjacent_vintage_bridge,2016-02,2016-03,2007-05-01,0.0019511901532878184,0.0019511901532878184,0.0
5,PPI_UNPROCESSED_INTERMEDIATE_GOODS__2016-03__PPICRM__to__WPSID62,PPI_UNPROCESSED_INTERMEDIATE_GOODS,2016-03,PPICRM,WPSID62,adjacent_vintage_bridge,2016-02,2016-03,2007-06-01,0.0014428215472550576,0.0014428215472550576,0.0
5,PPI_UNPROCESSED_INTERMEDIATE_GOODS__2016-03__PPICRM__to__WPSID62,PPI_UNPROCESSED_INTERMEDIATE_GOODS,2016-03,PPICRM,WPSID62,adjacent_vintage_bridge,2016-02,2016-03,2007-07-01,-0.01609901166937533,-0.01609901166937533,0.0
5,PPI_UNPROCESSED_INTERMEDIATE_GOODS__2016-03__PPICRM__to__WPSID62,PPI_UNPROCESSED_INTERMEDIATE_GOODS,2016-03,PPICRM,WPSID62,adjacent_vintage_bridge,2016-02,2016-03,2007-08-01,-0.014613280820704233,-0.014613280820704233,0.0
5,PPI_UNPROCESSED_INTERMEDIATE_GOODS__2016-03__PPICRM__to__WPSID62,PPI_UNPROCESSED_INTERMEDIATE_GOODS,2016-03,PPICRM,WPSID62,adjacent_vintage_bridge,2016-02,2016-03,2007-09-01,0.04825353571494251,0.04825353571494251,0.0
5,PPI_UNPROCESSED_INTERMEDIATE_GOODS__2016-03__PPICRM__to__WPSID62,PPI_UNPROCESSED_INTERMEDIATE_GOODS,2016-03,PPICRM,WPSID62,adjacent_vintage_bridge,2016-02,2016-03,2007-10-01,0.030754749399065417,0.030754749399065417,0.0
5,PPI_UNPROCESSED_INTERMEDIATE_GOODS__2016-03__PPICRM__to__WPSID62,PPI_UNPROCESSED_INTERMEDIATE_GOODS,2016-03,PPICRM,WPSID62,adjacent_vintage_bridge,2016-02,2016-03,2007-11-01,0.014406886811633157,0.014406886811633157,0.0
5,PPI_UNPROCESSED_INTERMEDIATE_GOODS__2016-03__PPICRM__to__WPSID62,PPI_UNPROCESSED_INTERMEDIATE_GOODS,2016-03,PPICRM,WPSID62,adjacent_vintage_bridge,2016-02,2016-03,2007-12-01,-0.04182717802712155,-0.04182717802712155,0.0
5,PPI_UNPROCESSED_INTERMEDIATE_GOODS__2016-03__PPICRM__to__WPSID62,PPI_UNPROCESSED_INTERMEDIATE_GOODS,2016-03,PPICRM,WPSID62,adjacent_vintage_bridge,2016-02,2016-03,2008-01-01,0.005927375735214291,0.005927375735214291,0.0
5,PPI_UNPROCESSED_INTERMEDIATE_GOODS__2016-03__PPICRM__to__WPSID62,PPI_UNPROCESSED_INTERMEDIATE_GOODS,2016-03,PPICRM,WPSID62,adjacent_vintage_bridge,2016-02,2016-03,2008-02-01,0.008119509206106379,0.008119509206106379,0.0
5,PPI_UNPROCESSED_INTERMEDIATE_GOODS__2016-03__PPICRM__to__WPSID62,PPI_UNPROCESSED_INTERMEDIATE_GOODS,2016-03,PPICRM,WPSID62,adjacent_vintage_bridge,2016-02,2016-03,2008-03-01,0.0018525278624430541,0.0018525278624430541,0.0
5,PPI_UNPROCESSED_INTERMEDIATE_GOODS__2016-03__PPICRM__to__WPSID62,PPI_UNPROCESSED_INTERMEDIATE_GOODS,2016-03,PPICRM,WPSID62,adjacent_vintage_bridge,2016-02,2016-03,2008-04-01,-0.010099301199512745,-0.010099301199512745,0.0
5,PPI_UNPROCESSED_INTERMEDIATE_GOODS__2016-03__PPICRM__to__WPSID62,PPI_UNPROCESSED_INTERMEDIATE_GOODS,2016-03,PPICRM,WPSID62,adjacent_vintage_bridge,2016-02,2016-03,2008-05-01,0.019755506134853995,0.019755506134853995,0.0
5,PPI_UNPROCESSED_INTERMEDIATE_GOODS__2016-03__PPICRM__to__WPSID62,PPI_UNPROCESSED_INTERMEDIATE_GOODS,2016-03,PPICRM,WPSID62,adjacent_vintage_bridge,2016-02,2016-03,2008-06-01,-0.028055197833842804,-0.028055197833842804,0.0
5,PPI_UNPROCESSED_INTERMEDIATE_GOODS__2016-03__PPICRM__to__WPSID62,PPI_UNPROCESSED_INTERMEDIATE_GOODS,2016-03,PPICRM,WPSID62,adjacent_vintage_bridge,2016-02,2016-03,2008-07-01,0.0070594165650010865,0.0070594165650010865,0.0
5,PPI_UNPROCESSED_INTERMEDIATE_GOODS__2016-03__PPICRM__to__WPSID62,PPI_UNPROCESSED_INTERMEDIATE_GOODS,2016-03,PPICRM,WPSID62,adjacent_vintage_bridge,2016-02,2016-03,2008-08-01,-0.14631187237912524,-0.14631187237912524,0.0
5,PPI_UNPROCESSED_INTERMEDIATE_GOODS__2016-03__PPICRM__to__WPSID62,PPI_UNPROCESSED_INTERMEDIATE_GOODS,2016-03,PPICRM,WPSID62,adjacent_vintage_bridge,2016-02,2016-03,2008-09-01,0.05803471182026332,0.05803471182026332,0.0
5,PPI_UNPROCESSED_INTERMEDIATE_GOODS__2016-03__PPICRM__to__WPSID62,PPI_UNPROCESSED_INTERMEDIATE_GOODS,2016-03,PPICRM,WPSID62,adjacent_vintage_bridge,2016-02,2016-03,2008-10-01,-0.10974731213810607,-0.10974731213810607,0.0
5,PPI_UNPROCESSED_INTERMEDIATE_GOODS__2016-03__PPICRM__to__WPSID62,PPI_UNPROCESSED_INTERMEDIATE_GOODS,2016-03,PPICRM,WPSID62,adjacent_vintage_bridge,2016-02,2016-03,2008-11-01,0.025128485879154283,0.025128485879154283,0.0
5,PPI_UNPROCESSED_INTERMEDIATE_GOODS__2016-03__PPICRM__to__WPSID62,PPI_UNPROCESSED_INTERMEDIATE_GOODS,2016-03,PPICRM,WPSID62,adjacent_vintage_bridge,2016-02,2016-03,2008-12-01,0.08384549794632701,0.08384549794632701,0.0
5,PPI_UNPROCESSED_INTERMEDIATE_GOODS__2016-03__PPICRM__to__WPSID62,PPI_UNPROCESSED_INTERMEDIATE_GOODS,2016-03,PPICRM,WPSID62,adjacent_vintage_bridge,2016-02,2016-03,2009-01-01,0.03767431298090518,0.03767431298090518,0.0
5,PPI_UNPROCESSED_INTERMEDIATE_GOODS__2016-03__PPICRM__to__WPSID62,PPI_UNPROCESSED_INTERMEDIATE_GOODS,2016-03,PPICRM,WPSID62,adjacent_vintage_bridge,2016-02,2016-03,2009-02-01,-0.03708436261277459,-0.03708436261277459,0.0
5,PPI_UNPROCESSED_INTERMEDIATE_GOODS__2016-03__PPICRM__to__WPSID62,PPI_UNPROCESSED_INTERMEDIATE_GOODS,2016-03,PPICRM,WPSID62,adjacent_vintage_bridge,2016-02,2016-03,2009-03-01,0.037265717333027304,0.037265717333027304,0.0
5,PPI_UNPROCESSED_INTERMEDIATE_GOODS__2016-03__PPICRM__to__WPSID62,PPI_UNPROCESSED_INTERMEDIATE_GOODS,2016-03,PPICRM,WPSID62,adjacent_vintage_bridge,2016-02,2016-03,2009-04-01,0.03466637014814289,0.03466637014814289,0.0
5,PPI_UNPROCESSED_INTERMEDIATE_GOODS__2016-03__PPICRM__to__WPSID62,PPI_UNPROCESSED_INTERMEDIATE_GOODS,2016-03,PPICRM,WPSID62,adjacent_vintage_bridge,2016-02,2016-03,2009-05-01,0.016657115812634515,0.016657115812634515,0.0
5,PPI_UNPROCESSED_INTERMEDIATE_GOODS__2016-03__PPICRM__to__WPSID62,PPI_UNPROCESSED_INTERMEDIATE_GOODS,2016-03,PPICRM,WPSID62,adjacent_vintage_bridge,2016-02,2016-03,2009-06-01,0.012881699120850243,0.012881699120850243,0.0
5,PPI_UNPROCESSED_INTERMEDIATE_GOODS__2016-03__PPICRM__to__WPSID62,PPI_UNPROCESSED_INTERMEDIATE_GOODS,2016-03,PPICRM,WPSID62,adjacent_vintage_bridge,2016-02,2016-03,2009-07-01,-0.08462461717864933,-0.08462461717864933,0.0
5,PPI_UNPROCESSED_INTERMEDIATE_GOODS__2016-03__PPICRM__to__WPSID62,PPI_UNPROCESSED_INTERMEDIATE_GOODS,2016-03,PPICRM,WPSID62,adjacent_vintage_bridge,2016-02,2016-03,2009-08-01,0.08791003061915692,0.08791003061915692,0.0
5,PPI_UNPROCESSED_INTERMEDIATE_GOODS__2016-03__PPICRM__to__WPSID62,PPI_UNPROCESSED_INTERMEDIATE_GOODS,2016-03,PPICRM,WPSID62,adjacent_vintage_bridge,2016-02,2016-03,2009-09-01,-0.058510204826918155,-0.058510204826918155,0.0
5,PPI_UNPROCESSED_INTERMEDIATE_GOODS__2016-03__PPICRM__to__WPSID62,PPI_UNPROCESSED_INTERMEDIATE_GOODS,2016-03,PPICRM,WPSID62,adjacent_vintage_bridge,2016-02,2016-03,2009-10-01,0.08236603641539109,0.08236603641539109,0.0
5,PPI_UNPROCESSED_INTERMEDIATE_GOODS__2016-03__PPICRM__to__WPSID62,PPI_UNPROCESSED_INTERMEDIATE_GOODS,2016-03,PPICRM,WPSID62,adjacent_vintage_bridge,2016-02,2016-03,2009-11-01,-0.026980744266258405,-0.026980744266258405,0.0
5,PPI_UNPROCESSED_INTERMEDIATE_GOODS__2016-03__PPICRM__to__WPSID62,PPI_UNPROCESSED_INTERMEDIATE_GOODS,2016-03,PPICRM,WPSID62,adjacent_vintage_bridge,2016-02,2016-03,2009-12-01,-0.01619057348617492,-0.01619057348617492,0.0
5,PPI_UNPROCESSED_INTERMEDIATE_GOODS__2016-03__PPICRM__to__WPSID62,PPI_UNPROCESSED_INTERMEDIATE_GOODS,2016-03,PPICRM,WPSID62,adjacent_vintage_bridge,2016-02,2016-03,2010-01-01,0.03589407726933658,0.03542667833584545,-0.0004673989334911255
5,PPI_UNPROCESSED_INTERMEDIATE_GOODS__2016-03__PPICRM__to__WPSID62,PPI_UNPROCESSED_INTERMEDIATE_GOODS,2016-03,PPICRM,WPSID62,adjacent_vintage_bridge,2016-02,2016-03,2010-02-01,-0.08826578621764458,-0.08781003027599166,0.00045575594165292443
5,PPI_UNPROCESSED_INTERMEDIATE_GOODS__2016-03__PPICRM__to__WPSID62,PPI_UNPROCESSED_INTERMEDIATE_GOODS,2016-03,PPICRM,WPSID62,adjacent_vintage_bridge,2016-02,2016-03,2010-03-01,0.04028016457551953,0.040770849492687056,0.0004906849171675276
5,PPI_UNPROCESSED_INTERMEDIATE_GOODS__2016-03__PPICRM__to__WPSID62,PPI_UNPROCESSED_INTERMEDIATE_GOODS,2016-03,PPICRM,WPSID62,adjacent_vintage_bridge,2016-02,2016-03,2010-04-01,-0.02277826743291378,-0.023257309358243106,-0.00047904192532932655
5,PPI_UNPROCESSED_INTERMEDIATE_GOODS__2016-03__PPICRM__to__WPSID62,PPI_UNPROCESSED_INTERMEDIATE_GOODS,2016-03,PPICRM,WPSID62,adjacent_vintage_bridge,2016-02,2016-03,2010-05-01,-0.014016766246253809,-0.014016766246253809,0.0
5,PPI_UNPROCESSED_INTERMEDIATE_GOODS__2016-03__PPICRM__to__WPSID62,PPI_UNPROCESSED_INTERMEDIATE_GOODS,2016-03,PPICRM,WPSID62,adjacent_vintage_bridge,2016-02,2016-03,2010-06-01,-0.0019431620791063864,-0.0019431620791063864,0.0
5,PPI_UNPROCESSED_INTERMEDIATE_GOODS__2016-03__PPICRM__to__WPSID62,PPI_UNPROCESSED_INTERMEDIATE_GOODS,2016-03,PPICRM,WPSID62,adjacent_vintage_bridge,2016-02,2016-03,2010-07-01,0.05046957721092227,0.05046957721092227,0.0
5,PPI_UNPROCESSED_INTERMEDIATE_GOODS__2016-03__PPICRM__to__WPSID62,PPI_UNPROCESSED_INTERMEDIATE_GOODS,2016-03,PPICRM,WPSID62,adjacent_vintage_bridge,2016-02,2016-03,2010-08-01,-0.006862081980202106,-0.006862081980202106,0.0
5,PPI_UNPROCESSED_INTERMEDIATE_GOODS__2016-03__PPICRM__to__WPSID62,PPI_UNPROCESSED_INTERMEDIATE_GOODS,2016-03,PPICRM,WPSID62,adjacent_vintage_bridge,2016-02,2016-03,2010-09-01,-0.02862444056286151,-0.02862444056286151,0.0
5,PPI_UNPROCESSED_INTERMEDIATE_GOODS__2016-03__PPICRM__to__WPSID62,PPI_UNPROCESSED_INTERMEDIATE_GOODS,2016-03,PPICRM,WPSID62,adjacent_vintage_bridge,2016-02,2016-03,2010-10-01,0.04183261545321759,0.04229355116084843,0.00046093570763083846
5,PPI_UNPROCESSED_INTERMEDIATE_GOODS__2016-03__PPICRM__to__WPSID62,PPI_UNPROCESSED_INTERMEDIATE_GOODS,2016-03,PPICRM,WPSID62,adjacent_vintage_bridge,2016-02,2016-03,2010-11-01,-0.021842665242557402,-0.022309059537669818,-0.0004663942951124156
5,PPI_UNPROCESSED_INTERMEDIATE_GOODS__2016-03__PPICRM__to__WPSID62,PPI_UNPROCESSED_INTERMEDIATE_GOODS,2016-03,PPICRM,WPSID62,adjacent_vintage_bridge,2016-02,2016-03,2010-12-01,0.03350606249742949,0.03349129968436415,-1.4762813065338776e-05
5,PPI_UNPROCESSED_INTERMEDIATE_GOODS__2016-03__PPICRM__to__WPSID62,PPI_UNPROCESSED_INTERMEDIATE_GOODS,2016-03,PPICRM,WPSID62,adjacent_vintage_bridge,2016-02,2016-03,2011-01-01,-0.012870823433162037,-0.01286453901836726,6.284414794777149e-06
5,PPI_UNPROCESSED_INTERMEDIATE_GOODS__2016-03__PPICRM__to__WPSID62,PPI_UNPROCESSED_INTERMEDIATE_GOODS,2016-03,PPICRM,WPSID62,adjacent_vintage_bridge,2016-02,2016-03,2011-02-01,-0.007580967398904903,-0.007577418383053036,3.5490158518669546e-06
5,PPI_UNPROCESSED_INTERMEDIATE_GOODS__2016-03__PPICRM__to__WPSID62,PPI_UNPROCESSED_INTERMEDIATE_GOODS,2016-03,PPICRM,WPSID62,adjacent_vintage_bridge,2016-02,2016-03,2011-03-01,-0.007854754128492125,-0.007043909736244913,0.0008108443922472119
5,PPI_UNPROCESSED_INTERMEDIATE_GOODS__2016-03__PPICRM__to__WPSID62,PPI_UNPROCESSED_INTERMEDIATE_GOODS,2016-03,PPICRM,WPSID62,adjacent_vintage_bridge,2016-02,2016-03,2011-04-01,0.033308897772506896,0.03129705416386308,-0.002011843608643815
5,PPI_UNPROCESSED_INTERMEDIATE_GOODS__2016-03__PPICRM__to__WPSID62,PPI_UNPROCESSED_INTERMEDIATE_GOODS,2016-03,PPICRM,WPSID62,adjacent_vintage_bridge,2016-02,2016-03,2011-05-01,-0.07847437444121574,-0.07726298725491887,0.001211387186296875
5,PPI_UNPROCESSED_INTERMEDIATE_GOODS__2016-03__PPICRM__to__WPSID62,PPI_UNPROCESSED_INTERMEDIATE_GOODS,2016-03,PPICRM,WPSID62,adjacent_vintage_bridge,2016-02,2016-03,2011-06-01,0.031205965608995356,0.03081203217865003,-0.0003939334303453279
5,PPI_UNPROCESSED_INTERMEDIATE_GOODS__2016-03__PPICRM__to__WPSID62,PPI_UNPROCESSED_INTERMEDIATE_GOODS,2016-03,PPICRM,WPSID62,adjacent_vintage_bridge,2016-02,2016-03,2011-07-01,0.0023430143772520395,-7.607018918776021e-06,-0.0023506213961708156
5,PPI_UNPROCESSED_INTERMEDIATE_GOODS__2016-03__PPICRM__to__WPSID62,PPI_UNPROCESSED_INTERMEDIATE_GOODS,2016-03,PPICRM,WPSID62,adjacent_vintage_bridge,2016-02,2016-03,2011-08-01,-0.023681154619997535,-0.01779811153661992,0.005883043083377615
5,PPI_UNPROCESSED_INTERMEDIATE_GOODS__2016-03__PPICRM__to__WPSID62,PPI_UNPROCESSED_INTERMEDIATE_GOODS,2016-03,PPICRM,WPSID62,adjacent_vintage_bridge,2016-02,2016-03,2011-09-01,0.020970610075091045,0.017832121818229574,-0.0031384882568614714
5,PPI_UNPROCESSED_INTERMEDIATE_GOODS__2016-03__PPICRM__to__WPSID62,PPI_UNPROCESSED_INTERMEDIATE_GOODS,2016-03,PPICRM,WPSID62,adjacent_vintage_bridge,2016-02,2016-03,2011-10-01,-0.031027359850606118,-0.031027359850606118,0.0
5,PPI_UNPROCESSED_INTERMEDIATE_GOODS__2016-03__PPICRM__to__WPSID62,PPI_UNPROCESSED_INTERMEDIATE_GOODS,2016-03,PPICRM,WPSID62,adjacent_vintage_bridge,2016-02,2016-03,2011-11-01,0.05408865032003174,0.055682276155309296,0.0015936258352775567
5,PPI_UNPROCESSED_INTERMEDIATE_GOODS__2016-03__PPICRM__to__WPSID62,PPI_UNPROCESSED_INTERMEDIATE_GOODS,2016-03,PPICRM,WPSID62,adjacent_vintage_bridge,2016-02,2016-03,2011-12-01,-0.04965542626196928,-0.052842677932524396,-0.0031872516705551135
5,PPI_UNPROCESSED_INTERMEDIATE_GOODS__2016-03__PPICRM__to__WPSID62,PPI_UNPROCESSED_INTERMEDIATE_GOODS,2016-03,PPICRM,WPSID62,adjacent_vintage_bridge,2016-02,2016-03,2012-01-01,0.03557785003756386,0.03717147587284142,0.0015936258352775567
5,PPI_UNPROCESSED_INTERMEDIATE_GOODS__2016-03__PPICRM__to__WPSID62,PPI_UNPROCESSED_INTERMEDIATE_GOODS,2016-03,PPICRM,WPSID62,adjacent_vintage_bridge,2016-02,2016-03,2012-02-01,-0.019875777300026876,-0.01906243849959921,0.0008133388004276654
5,PPI_UNPROCESSED_INTERMEDIATE_GOODS__2016-03__PPICRM__to__WPSID62,PPI_UNPROCESSED_INTERMEDIATE_GOODS,2016-03,PPICRM,WPSID62,adjacent_vintage_bridge,2016-02,2016-03,2012-03-01,0.015803911426486295,0.0157907880280721,-1.3123398414194298e-05
5,PPI_UNPROCESSED_INTERMEDIATE_GOODS__2016-03__PPICRM__to__WPSID62,PPI_UNPROCESSED_INTERMEDIATE_GOODS,2016-03,PPICRM,WPSID62,adjacent_vintage_bridge,2016-02,2016-03,2012-04-01,-0.036782672318114606,-0.03836553202848236,-0.0015828597103677566
5,PPI_UNPROCESSED_INTERMEDIATE_GOODS__2016-03__PPICRM__to__WPSID62,PPI_UNPROCESSED_INTERMEDIATE_GOODS,2016-03,PPICRM,WPSID62,adjacent_vintage_bridge,2016-02,2016-03,2012-05-01,-0.004303200277597341,-0.004351465863329906,-4.826558573256534e-05
5,PPI_UNPROCESSED_INTERMEDIATE_GOODS__2016-03__PPICRM__to__WPSID62,PPI_UNPROCESSED_INTERMEDIATE_GOODS,2016-03,PPICRM,WPSID62,adjacent_vintage_bridge,2016-02,2016-03,2012-06-01,-0.002934163427372738,-0.002103253533285887,0.0008309098940868509
5,PPI_UNPROCESSED_INTERMEDIATE_GOODS__2016-03__PPICRM__to__WPSID62,PPI_UNPROCESSED_INTERMEDIATE_GOODS,2016-03,PPICRM,WPSID62,adjacent_vintage_bridge,2016-02,2016-03,2012-07-01,0.06660529224855782,0.06140372005248462,-0.005201572196073201
5,PPI_UNPROCESSED_INTERMEDIATE_GOODS__2016-03__PPICRM__to__WPSID62,PPI_UNPROCESSED_INTERMEDIATE_GOODS,2016-03,PPICRM,WPSID62,adjacent_vintage_bridge,2016-02,2016-03,2012-08-01,0.016175662996234408,0.026991433761059724,0.010815770764825317
5,PPI_UNPROCESSED_INTERMEDIATE_GOODS__2016-03__PPICRM__to__WPSID62,PPI_UNPROCESSED_INTERMEDIATE_GOODS,2016-03,PPICRM,WPSID62,adjacent_vintage_bridge,2016-02,2016-03,2012-09-01,-0.034971395873499844,-0.039367564114423104,-0.004396168240923259
5,PPI_UNPROCESSED_INTERMEDIATE_GOODS__2016-03__PPICRM__to__WPSID62,PPI_UNPROCESSED_INTERMEDIATE_GOODS,2016-03,PPICRM,WPSID62,adjacent_vintage_bridge,2016-02,2016-03,2012-10-01,-0.01475897498195966,-0.017198412976550337,-0.0024394379945906763
5,PPI_UNPROCESSED_INTERMEDIATE_GOODS__2016-03__PPICRM__to__WPSID62,PPI_UNPROCESSED_INTERMEDIATE_GOODS,2016-03,PPICRM,WPSID62,adjacent_vintage_bridge,2016-02,2016-03,2012-11-01,0.011016547757031425,0.014262784670926898,0.0032462369138954728
5,PPI_UNPROCESSED_INTERMEDIATE_GOODS__2016-03__PPICRM__to__WPSID62,PPI_UNPROCESSED_INTERMEDIATE_GOODS,2016-03,PPICRM,WPSID62,adjacent_vintage_bridge,2016-02,2016-03,2012-12-01,0.00195372983959885,-0.0029075112283418747,-0.004861241067940725
5,PPI_UNPROCESSED_INTERMEDIATE_GOODS__2016-03__PPICRM__to__WPSID62,PPI_UNPROCESSED_INTERMEDIATE_GOODS,2016-03,PPICRM,WPSID62,adjacent_vintage_bridge,2016-02,2016-03,2013-01-01,-0.006087229211295231,-0.003249365796198056,0.002837863415097175
5,PPI_UNPROCESSED_INTERMEDIATE_GOODS__2016-03__PPICRM__to__WPSID62,PPI_UNPROCESSED_INTERMEDIATE_GOODS,2016-03,PPICRM,WPSID62,adjacent_vintage_bridge,2016-02,2016-03,2013-02-01,-0.01408925495540192,-0.012475495371653267,0.001613759583748653
5,PPI_UNPROCESSED_INTERMEDIATE_GOODS__2016-03__PPICRM__to__WPSID62,PPI_UNPROCESSED_INTERMEDIATE_GOODS,2016-03,PPICRM,WPSID62,adjacent_vintage_bridge,2016-02,2016-03,2013-03-01,0.01249858244769353,0.011688021120010106,-0.0008105613276834234
5,PPI_UNPROCESSED_INTERMEDIATE_GOODS__2016-03__PPICRM__to__WPSID62,PPI_UNPROCESSED_INTERMEDIATE_GOODS,2016-03,PPICRM,WPSID62,adjacent_vintage_bridge,2016-02,2016-03,2013-04-01,-0.0024273490382711316,-0.0036348160034398447,-0.001207466965168713
5,PPI_UNPROCESSED_INTERMEDIATE_GOODS__2016-03__PPICRM__to__WPSID62,PPI_UNPROCESSED_INTERMEDIATE_GOODS,2016-03,PPICRM,WPSID62,adjacent_vintage_bridge,2016-02,2016-03,2013-05-01,0.01166294878721974,0.010849364083327373,-0.0008135847038923671
5,PPI_UNPROCESSED_INTERMEDIATE_GOODS__2016-03__PPICRM__to__WPSID62,PPI_UNPROCESSED_INTERMEDIATE_GOODS,2016-03,PPICRM,WPSID62,adjacent_vintage_bridge,2016-02,2016-03,2013-06-01,-0.018884628469269416,-0.01806798679980126,0.0008166416694681544
5,PPI_UNPROCESSED_INTERMEDIATE_GOODS__2016-03__PPICRM__to__WPSID62,PPI_UNPROCESSED_INTERMEDIATE_GOODS,2016-03,PPICRM,WPSID62,adjacent_vintage_bridge,2016-02,2016-03,2013-07-01,0.01884403147434366,0.014451450183274872,-0.004392581291068787
5,PPI_UNPROCESSED_INTERMEDIATE_GOODS__2016-03__PPICRM__to__WPSID62,PPI_UNPROCESSED_INTERMEDIATE_GOODS,2016-03,PPICRM,WPSID62,adjacent_vintage_bridge,2016-02,2016-03,2013-08-01,-0.0280927134618274,-0.018102926261313712,0.009989787200513689
5,PPI_UNPROCESSED_INTERMEDIATE_GOODS__2016-03__PPICRM__to__WPSID62,PPI_UNPROCESSED_INTERMEDIATE_GOODS,2016-03,PPICRM,WPSID62,adjacent_vintage_bridge,2016-02,2016-03,2013-09-01,0.01565834855206205,0.011272097020442295,-0.004386251531619756
5,PPI_UNPROCESSED_INTERMEDIATE_GOODS__2016-03__PPICRM__to__WPSID62,PPI_UNPROCESSED_INTERMEDIATE_GOODS,2016-03,PPICRM,WPSID62,adjacent_vintage_bridge,2016-02,2016-03,2013-10-01,-0.013495858926129145,-0.015935128525988773,-0.002439269599859628
5,PPI_UNPROCESSED_INTERMEDIATE_GOODS__2016-03__PPICRM__to__WPSID62,PPI_UNPROCESSED_INTERMEDIATE_GOODS,2016-03,PPICRM,WPSID62,adjacent_vintage_bridge,2016-02,2016-03,2013-11-01,-0.0035683682051130816,-0.00027144482100638356,0.003296923384106698
5,PPI_UNPROCESSED_INTERMEDIATE_GOODS__2016-03__PPICRM__to__WPSID62,PPI_UNPROCESSED_INTERMEDIATE_GOODS,2016-03,PPICRM,WPSID62,adjacent_vintage_bridge,2016-02,2016-03,2013-12-01,0.039438751187076626,0.03445817747052615,-0.004980573716550474
5,PPI_UNPROCESSED_INTERMEDIATE_GOODS__2016-03__PPICRM__to__WPSID62,PPI_UNPROCESSED_INTERMEDIATE_GOODS,2016-03,PPICRM,WPSID62,adjacent_vintage_bridge,2016-02,2016-03,2014-01-01,-0.0024508885725813556,0.00170605791543732,0.004156946488018676
5,PPI_UNPROCESSED_INTERMEDIATE_GOODS__2016-03__PPICRM__to__WPSID62,PPI_UNPROCESSED_INTERMEDIATE_GOODS,2016-03,PPICRM,WPSID62,adjacent_vintage_bridge,2016-02,2016-03,2014-02-01,0.026969894531228,0.028872569318193264,0.0019026747869652638
5,PPI_UNPROCESSED_INTERMEDIATE_GOODS__2016-03__PPICRM__to__WPSID62,PPI_UNPROCESSED_INTERMEDIATE_GOODS,2016-03,PPICRM,WPSID62,adjacent_vintage_bridge,2016-02,2016-03,2014-03-01,-0.04183550564999372,-0.042676883579566116,-0.0008413779295723955
5,PPI_UNPROCESSED_INTERMEDIATE_GOODS__2016-03__PPICRM__to__WPSID62,PPI_UNPROCESSED_INTERMEDIATE_GOODS,2016-03,PPICRM,WPSID62,adjacent_vintage_bridge,2016-02,2016-03,2014-04-01,0.006837246759855198,0.004894198304559616,-0.0019430484552955818
5,PPI_UNPROCESSED_INTERMEDIATE_GOODS__2016-03__PPICRM__to__WPSID62,PPI_UNPROCESSED_INTERMEDIATE_GOODS,2016-03,PPICRM,WPSID62,adjacent_vintage_bridge,2016-02,2016-03,2014-05-01,-0.021741454264749827,-0.025113372121151833,-0.003371917856402007
5,PPI_UNPROCESSED_INTERMEDIATE_GOODS__2016-03__PPICRM__to__WPSID62,PPI_UNPROCESSED_INTERMEDIATE_GOODS,2016-03,PPICRM,WPSID62,adjacent_vintage_bridge,2016-02,2016-03,2014-06-01,0.0002640736367380825,0.0025086036496402286,0.002244530012902146
5,PPI_UNPROCESSED_INTERMEDIATE_GOODS__2016-03__PPICRM__to__WPSID62,PPI_UNPROCESSED_INTERMEDIATE_GOODS,2016-03,PPICRM,WPSID62,adjacent_vintage_bridge,2016-02,2016-03,2014-07-01,-0.006804236948101838,-0.007242653126793286,-0.00043841617869144756
5,PPI_UNPROCESSED_INTERMEDIATE_GOODS__2016-03__PPICRM__to__WPSID62,PPI_UNPROCESSED_INTERMEDIATE_GOODS,2016-03,PPICRM,WPSID62,adjacent_vintage_bridge,2016-02,2016-03,2014-08-01,-0.013662426613792356,-0.009701087323522373,0.003961339290269983
5,PPI_UNPROCESSED_INTERMEDIATE_GOODS__2016-03__PPICRM__to__WPSID62,PPI_UNPROCESSED_INTERMEDIATE_GOODS,2016-03,PPICRM,WPSID62,adjacent_vintage_bridge,2016-02,2016-03,2014-09-01,0.03248582456321181,0.03175333367535149,-0.0007324908878603154
5,PPI_UNPROCESSED_INTERMEDIATE_GOODS__2016-03__PPICRM__to__WPSID62,PPI_UNPROCESSED_INTERMEDIATE_GOODS,2016-03,PPICRM,WPSID62,adjacent_vintage_bridge,2016-02,2016-03,2014-10-01,-0.03513632780515863,-0.03882385679143585,-0.003687528986277222
5,PPI_UNPROCESSED_INTERMEDIATE_GOODS__2016-03__PPICRM__to__WPSID62,PPI_UNPROCESSED_INTERMEDIATE_GOODS,2016-03,PPICRM,WPSID62,adjacent_vintage_bridge,2016-02,2016-03,2014-11-01,0.021214303346828167,0.025819922346985713,0.004605619000157546
5,PPI_UNPROCESSED_INTERMEDIATE_GOODS__2016-03__PPICRM__to__WPSID62,PPI_UNPROCESSED_INTERMEDIATE_GOODS,2016-03,PPICRM,WPSID62,adjacent_vintage_bridge,2016-02,2016-03,2014-12-01,-0.04112926897138003,-0.0476274576788045,-0.006498188707424468
5,PPI_UNPROCESSED_INTERMEDIATE_GOODS__2016-03__PPICRM__to__WPSID62,PPI_UNPROCESSED_INTERMEDIATE_GOODS,2016-03,PPICRM,WPSID62,adjacent_vintage_bridge,2016-02,2016-03,2015-01-01,-0.04386557693571014,-0.039149724046609435,0.004715852889100702
5,PPI_UNPROCESSED_INTERMEDIATE_GOODS__2016-03__PPICRM__to__WPSID62,PPI_UNPROCESSED_INTERMEDIATE_GOODS,2016-03,PPICRM,WPSID62,adjacent_vintage_bridge,2016-02,2016-03,2015-02-01,0.05980322831331897,0.06310078174777711,0.0032975534344581447
5,PPI_UNPROCESSED_INTERMEDIATE_GOODS__2016-03__PPICRM__to__WPSID62,PPI_UNPROCESSED_INTERMEDIATE_GOODS,2016-03,PPICRM,WPSID62,adjacent_vintage_bridge,2016-02,2016-03,2015-03-01,0.030657715422162113,0.026616541742439992,-0.004041173679722121
5,PPI_UNPROCESSED_INTERMEDIATE_GOODS__2016-03__PPICRM__to__WPSID62,PPI_UNPROCESSED_INTERMEDIATE_GOODS,2016-03,PPICRM,WPSID62,adjacent_vintage_bridge,2016-02,2016-03,2015-04-01,0.012924353752940654,0.012376496332977993,-0.0005478574199626607
5,PPI_UNPROCESSED_INTERMEDIATE_GOODS__2016-03__PPICRM__to__WPSID62,PPI_UNPROCESSED_INTERMEDIATE_GOODS,2016-03,PPICRM,WPSID62,adjacent_vintage_bridge,2016-02,2016-03,2015-05-01,0.027283626889942347,0.025252916119268498,-0.002030710770673849
5,PPI_UNPROCESSED_INTERMEDIATE_GOODS__2016-03__PPICRM__to__WPSID62,PPI_UNPROCESSED_INTERMEDIATE_GOODS,2016-03,PPICRM,WPSID62,adjacent_vintage_bridge,2016-02,2016-03,2015-06-01,-0.027995195888350644,-0.02692422090107449,0.001070974987276152
5,PPI_UNPROCESSED_INTERMEDIATE_GOODS__2016-03__PPICRM__to__WPSID62,PPI_UNPROCESSED_INTERMEDIATE_GOODS,2016-03,PPICRM,WPSID62,adjacent_vintage_bridge,2016-02,2016-03,2015-07-01,-0.037783984844700136,-0.039451011197773056,-0.0016670263530729201
5,PPI_UNPROCESSED_INTERMEDIATE_GOODS__2016-03__PPICRM__to__WPSID62,PPI_UNPROCESSED_INTERMEDIATE_GOODS,2016-03,PPICRM,WPSID62,adjacent_vintage_bridge,2016-02,2016-03,2015-08-01,-0.007502668699075343,0.0002630168419077705,0.007765685540983114
5,PPI_UNPROCESSED_INTERMEDIATE_GOODS__2016-03__PPICRM__to__WPSID62,PPI_UNPROCESSED_INTERMEDIATE_GOODS,2016-03,PPICRM,WPSID62,adjacent_vintage_bridge,2016-02,2016-03,2015-09-01,0.00993794459372399,0.012995651085337734,0.003057706491613743
5,PPI_UNPROCESSED_INTERMEDIATE_GOODS__2016-03__PPICRM__to__WPSID62,PPI_UNPROCESSED_INTERMEDIATE_GOODS,2016-03,PPICRM,WPSID62,adjacent_vintage_bridge,2016-02,2016-03,2015-10-01,0.03037109787629877,0.010048763469288957,-0.020322334407009812
5,PPI_UNPROCESSED_INTERMEDIATE_GOODS__2016-03__PPICRM__to__WPSID62,PPI_UNPROCESSED_INTERMEDIATE_GOODS,2016-03,PPICRM,WPSID62,adjacent_vintage_bridge,2016-02,2016-03,2015-11-01,-0.05256932263330949,-0.03265294791962248,0.019916374713687013
5,PPI_UNPROCESSED_INTERMEDIATE_GOODS__2016-03__PPICRM__to__WPSID62,PPI_UNPROCESSED_INTERMEDIATE_GOODS,2016-03,PPICRM,WPSID62,adjacent_vintage_bridge,2016-02,2016-03,2015-12-01,0.02252287975002698,0.01052687344097869,-0.01199600630904829
6,TRADE_WEIGHTED_USD_ADVANCED_ECONOMIES__2020-04__TWEXMMTH__to__TWEXAFEGSMTHx,TRADE_WEIGHTED_USD_ADVANCED_ECONOMIES,2020-04,TWEXMMTH,TWEXAFEGSMTHx,adjacent_vintage_bridge,2020-03,2020-04,1973-02-01,-0.041926659435874036,-0.04192665995041267,-5.145386339222568e-10
6,TRADE_WEIGHTED_USD_ADVANCED_ECONOMIES__2020-04__TWEXMMTH__to__TWEXAFEGSMTHx,TRADE_WEIGHTED_USD_ADVANCED_ECONOMIES,2020-04,TWEXMMTH,TWEXAFEGSMTHx,adjacent_vintage_bridge,2020-03,2020-04,1973-03-01,-0.0367763820547351,-0.03677638161913599,4.355991123361491e-10
6,TRADE_WEIGHTED_USD_ADVANCED_ECONOMIES__2020-04__TWEXMMTH__to__TWEXAFEGSMTHx,TRADE_WEIGHTED_USD_ADVANCED_ECONOMIES,2020-04,TWEXMMTH,TWEXAFEGSMTHx,adjacent_vintage_bridge,2020-03,2020-04,1973-04-01,0.00821714658835404,0.008217146737449887,1.4909584677980092e-10
6,TRADE_WEIGHTED_USD_ADVANCED_ECONOMIES__2020-04__TWEXMMTH__to__TWEXAFEGSMTHx,TRADE_WEIGHTED_USD_ADVANCED_ECONOMIES,2020-04,TWEXMMTH,TWEXAFEGSMTHx,adjacent_vintage_bridge,2020-03,2020-04,1973-05-01,-0.0076153277176649325,-0.007615328426915369,-7.092504361594365e-10
6,TRADE_WEIGHTED_USD_ADVANCED_ECONOMIES__2020-04__TWEXMMTH__to__TWEXAFEGSMTHx,TRADE_WEIGHTED_USD_ADVANCED_ECONOMIES,2020-04,TWEXMMTH,TWEXAFEGSMTHx,adjacent_vintage_bridge,2020-03,2020-04,1973-06-01,-0.018626288027514093,-0.018626287546587683,4.809264098071253e-10
6,TRADE_WEIGHTED_USD_ADVANCED_ECONOMIES__2020-04__TWEXMMTH__to__TWEXAFEGSMTHx,TRADE_WEIGHTED_USD_ADVANCED_ECONOMIES,2020-04,TWEXMMTH,TWEXAFEGSMTHx,adjacent_vintage_bridge,2020-03,2020-04,1973-07-01,-0.020100124954487875,-0.020100125303771144,-3.4928326897443185e-10
6,TRADE_WEIGHTED_USD_ADVANCED_ECONOMIES__2020-04__TWEXMMTH__to__TWEXAFEGSMTHx,TRADE_WEIGHTED_USD_ADVANCED_ECONOMIES,2020-04,TWEXMMTH,TWEXAFEGSMTHx,adjacent_vintage_bridge,2020-03,2020-04,1973-08-01,0.014824236883501207,0.014824236697815074,-1.8568613313618698e-10
6,TRADE_WEIGHTED_USD_ADVANCED_ECONOMIES__2020-04__TWEXMMTH__to__TWEXAFEGSMTHx,TRADE_WEIGHTED_USD_ADVANCED_ECONOMIES,2020-04,TWEXMMTH,TWEXAFEGSMTHx,adjacent_vintage_bridge,2020-03,2020-04,1973-09-01,0.002256479899443775,0.002256479938231415,3.878763976672417e-11
6,TRADE_WEIGHTED_USD_ADVANCED_ECONOMIES__2020-04__TWEXMMTH__to__TWEXAFEGSMTHx,TRADE_WEIGHTED_USD_ADVANCED_ECONOMIES,2020-04,TWEXMMTH,TWEXAFEGSMTHx,adjacent_vintage_bridge,2020-03,2020-04,1973-10-01,-0.0044257370497247095,-0.004425736582709838,4.670148712193622e-10
6,TRADE_WEIGHTED_USD_ADVANCED_ECONOMIES__2020-04__TWEXMMTH__to__TWEXAFEGSMTHx,TRADE_WEIGHTED_USD_ADVANCED_ECONOMIES,2020-04,TWEXMMTH,TWEXAFEGSMTHx,adjacent_vintage_bridge,2020-03,2020-04,1973-11-01,0.029429762629730405,0.02942976209781456,-5.319158447036898e-10
6,TRADE_WEIGHTED_USD_ADVANCED_ECONOMIES__2020-04__TWEXMMTH__to__TWEXAFEGSMTHx,TRADE_WEIGHTED_USD_ADVANCED_ECONOMIES,2020-04,TWEXMMTH,TWEXAFEGSMTHx,adjacent_vintage_bridge,2020-03,2020-04,1973-12-01,0.0152913468069098,0.015291347106764164,2.998543635612805e-10
6,TRADE_WEIGHTED_USD_ADVANCED_ECONOMIES__2020-04__TWEXMMTH__to__TWEXAFEGSMTHx,TRADE_WEIGHTED_USD_ADVANCED_ECONOMIES,2020-04,TWEXMMTH,TWEXAFEGSMTHx,adjacent_vintage_bridge,2020-03,2020-04,1974-01-01,0.03754557572708439,0.037545575765133954,3.8049563499953365e-11
6,TRADE_WEIGHTED_USD_ADVANCED_ECONOMIES__2020-04__TWEXMMTH__to__TWEXAFEGSMTHx,TRADE_WEIGHTED_USD_ADVANCED_ECONOMIES,2020-04,TWEXMMTH,TWEXAFEGSMTHx,adjacent_vintage_bridge,2020-03,2020-04,1974-02-01,-0.0215583135679287,-0.02155831320949364,3.5843505941102194e-10
6,TRADE_WEIGHTED_USD_ADVANCED_ECONOMIES__2020-04__TWEXMMTH__to__TWEXAFEGSMTHx,TRADE_WEIGHTED_USD_ADVANCED_ECONOMIES,2020-04,TWEXMMTH,TWEXAFEGSMTHx,adjacent_vintage_bridge,2020-03,2020-04,1974-03-01,-0.021681079285637672,-0.021681079917825308,-6.321876355741551e-10
6,TRADE_WEIGHTED_USD_ADVANCED_ECONOMIES__2020-04__TWEXMMTH__to__TWEXAFEGSMTHx,TRADE_WEIGHTED_USD_ADVANCED_ECONOMIES,2020-04,TWEXMMTH,TWEXAFEGSMTHx,adjacent_vintage_bridge,2020-03,2020-04,1974-04-01,-0.014142849111329348,-0.014142849029502358,8.182698962855284e-11
6,TRADE_WEIGHTED_USD_ADVANCED_ECONOMIES__2020-04__TWEXMMTH__to__TWEXAFEGSMTHx,TRADE_WEIGHTED_USD_ADVANCED_ECONOMIES,2020-04,TWEXMMTH,TWEXAFEGSMTHx,adjacent_vintage_bridge,2020-03,2020-04,1974-05-01,-0.008841117008251409,-0.008841116492522616,5.15728793004655e-10
6,TRADE_WEIGHTED_USD_ADVANCED_ECONOMIES__2020-04__TWEXMMTH__to__TWEXAFEGSMTHx,TRADE_WEIGHTED_USD_ADVANCED_ECONOMIES,2020-04,TWEXMMTH,TWEXAFEGSMTHx,adjacent_vintage_bridge,2020-03,2020-04,1974-06-01,0.01205084103360754,0.012050840632595872,-4.0101166831618684e-10
6,TRADE_WEIGHTED_USD_ADVANCED_ECONOMIES__2020-04__TWEXMMTH__to__TWEXAFEGSMTHx,TRADE_WEIGHTED_USD_ADVANCED_ECONOMIES,2020-04,TWEXMMTH,TWEXAFEGSMTHx,adjacent_vintage_bridge,2020-03,2020-04,1974-07-01,0.008749516485530684,0.008749516840843796,3.55313112265776e-10
6,TRADE_WEIGHTED_USD_ADVANCED_ECONOMIES__2020-04__TWEXMMTH__to__TWEXAFEGSMTHx,TRADE_WEIGHTED_USD_ADVANCED_ECONOMIES,2020-04,TWEXMMTH,TWEXAFEGSMTHx,adjacent_vintage_bridge,2020-03,2020-04,1974-08-01,0.01758746720362314,0.01758746696184943,-2.417737121618302e-10
6,TRADE_WEIGHTED_USD_ADVANCED_ECONOMIES__2020-04__TWEXMMTH__to__TWEXAFEGSMTHx,TRADE_WEIGHTED_USD_ADVANCED_ECONOMIES,2020-04,TWEXMMTH,TWEXAFEGSMTHx,adjacent_vintage_bridge,2020-03,2020-04,1974-09-01,0.005293985818754621,0.005293986161587938,3.4283331729056954e-10
6,TRADE_WEIGHTED_USD_ADVANCED_ECONOMIES__2020-04__TWEXMMTH__to__TWEXAFEGSMTHx,TRADE_WEIGHTED_USD_ADVANCED_ECONOMIES,2020-04,TWEXMMTH,TWEXAFEGSMTHx,adjacent_vintage_bridge,2020-03,2020-04,1974-10-01,-0.004813231754043912,-0.004813232132640621,-3.785967095382148e-10
6,TRADE_WEIGHTED_USD_ADVANCED_ECONOMIES__2020-04__TWEXMMTH__to__TWEXAFEGSMTHx,TRADE_WEIGHTED_USD_ADVANCED_ECONOMIES,2020-04,TWEXMMTH,TWEXAFEGSMTHx,adjacent_vintage_bridge,2020-03,2020-04,1974-11-01,-0.005457245349496986,-0.005457245600824834,-2.5132784742254444e-10
6,TRADE_WEIGHTED_USD_ADVANCED_ECONOMIES__2020-04__TWEXMMTH__to__TWEXAFEGSMTHx,TRADE_WEIGHTED_USD_ADVANCED_ECONOMIES,2020-04,TWEXMMTH,TWEXAFEGSMTHx,adjacent_vintage_bridge,2020-03,2020-04,1974-12-01,-0.008776286964508273,-0.008776286269087663,6.954206099862859e-10
6,TRADE_WEIGHTED_USD_ADVANCED_ECONOMIES__2020-04__TWEXMMTH__to__TWEXAFEGSMTHx,TRADE_WEIGHTED_USD_ADVANCED_ECONOMIES,2020-04,TWEXMMTH,TWEXAFEGSMTHx,adjacent_vintage_bridge,2020-03,2020-04,1975-01-01,-0.010991662745935216,-0.010991663527120998,-7.81185782727789e-10
6,TRADE_WEIGHTED_USD_ADVANCED_ECONOMIES__2020-04__TWEXMMTH__to__TWEXAFEGSMTHx,TRADE_WEIGHTED_USD_ADVANCED_ECONOMIES,2020-04,TWEXMMTH,TWEXAFEGSMTHx,adjacent_vintage_bridge,2020-03,2020-04,1975-02-01,-0.01218576118931658,-0.012185760594771722,5.945448577904244e-10
6,TRADE_WEIGHTED_USD_ADVANCED_ECONOMIES__2020-04__TWEXMMTH__to__TWEXAFEGSMTHx,TRADE_WEIGHTED_USD_ADVANCED_ECONOMIES,2020-04,TWEXMMTH,TWEXAFEGSMTHx,adjacent_vintage_bridge,2020-03,2020-04,1975-03-01,-0.00694702221098531,-0.006947022058050756,1.5293455390974486e-10
6,TRADE_WEIGHTED_USD_ADVANCED_ECONOMIES__2020-04__TWEXMMTH__to__TWEXAFEGSMTHx,TRADE_WEIGHTED_USD_ADVANCED_ECONOMIES,2020-04,TWEXMMTH,TWEXAFEGSMTHx,adjacent_vintage_bridge,2020-03,2020-04,1975-04-01,0.014436573103138173,0.014436572336972375,-7.661657974722402e-10
6,TRADE_WEIGHTED_USD_ADVANCED_ECONOMIES__2020-04__TWEXMMTH__to__TWEXAFEGSMTHx,TRADE_WEIGHTED_USD_ADVANCED_ECONOMIES,2020-04,TWEXMMTH,TWEXAFEGSMTHx,adjacent_vintage_bridge,2020-03,2020-04,1975-05-01,0.0018921160005307414,0.0018921167760188595,7.754881181654127e-10
6,TRADE_WEIGHTED_USD_ADVANCED_ECONOMIES__2020-04__TWEXMMTH__to__TWEXAFEGSMTHx,TRADE_WEIGHTED_USD_ADVANCED_ECONOMIES,2020-04,TWEXMMTH,TWEXAFEGSMTHx,adjacent_vintage_bridge,2020-03,2020-04,1975-06-01,0.001444911032137064,0.0014449107317950904,-3.0034197351369585e-10
6,TRADE_WEIGHTED_USD_ADVANCED_ECONOMIES__2020-04__TWEXMMTH__to__TWEXAFEGSMTHx,TRADE_WEIGHTED_USD_ADVANCED_ECONOMIES,2020-04,TWEXMMTH,TWEXAFEGSMTHx,adjacent_vintage_bridge,2020-03,2020-04,1975-07-01,0.025904456392130903,0.025904456638498274,2.4636737094851924e-10
6,TRADE_WEIGHTED_USD_ADVANCED_ECONOMIES__2020-04__TWEXMMTH__to__TWEXAFEGSMTHx,TRADE_WEIGHTED_USD_ADVANCED_ECONOMIES,2020-04,TWEXMMTH,TWEXAFEGSMTHx,adjacent_vintage_bridge,2020-03,2020-04,1975-08-01,0.018405527956112167,0.018405527972343627,1.623146062001979e-11
6,TRADE_WEIGHTED_USD_ADVANCED_ECONOMIES__2020-04__TWEXMMTH__to__TWEXAFEGSMTHx,TRADE_WEIGHTED_USD_ADVANCED_ECONOMIES,2020-04,TWEXMMTH,TWEXAFEGSMTHx,adjacent_vintage_bridge,2020-03,2020-04,1975-09-01,0.007197175021526725,0.00719717475703785,-2.644888752456609e-10
6,TRADE_WEIGHTED_USD_ADVANCED_ECONOMIES__2020-04__TWEXMMTH__to__TWEXAFEGSMTHx,TRADE_WEIGHTED_USD_ADVANCED_ECONOMIES,2020-04,TWEXMMTH,TWEXAFEGSMTHx,adjacent_vintage_bridge,2020-03,2020-04,1975-10-01,-0.0006821347291063873,-0.000682134751078145,-2.1971757746541698e-11
6,TRADE_WEIGHTED_USD_ADVANCED_ECONOMIES__2020-04__TWEXMMTH__to__TWEXAFEGSMTHx,TRADE_WEIGHTED_USD_ADVANCED_ECONOMIES,2020-04,TWEXMMTH,TWEXAFEGSMTHx,adjacent_vintage_bridge,2020-03,2020-04,1975-11-01,-0.002229655327268709,-0.0022296553880467584,-6.077804926007957e-11
6,TRADE_WEIGHTED_USD_ADVANCED_ECONOMIES__2020-04__TWEXMMTH__to__TWEXAFEGSMTHx,TRADE_WEIGHTED_USD_ADVANCED_ECONOMIES,2020-04,TWEXMMTH,TWEXAFEGSMTHx,adjacent_vintage_bridge,2020-03,2020-04,1975-12-01,0.006801475491537978,0.006801475228734866,-2.6280311260507005e-10
6,TRADE_WEIGHTED_USD_ADVANCED_ECONOMIES__2020-04__TWEXMMTH__to__TWEXAFEGSMTHx,TRADE_WEIGHTED_USD_ADVANCED_ECONOMIES,2020-04,TWEXMMTH,TWEXAFEGSMTHx,adjacent_vintage_bridge,2020-03,2020-04,1976-01-01,-0.0035487924817170224,-0.003548792525198685,-4.348166271483933e-11
6,TRADE_WEIGHTED_USD_ADVANCED_ECONOMIES__2020-04__TWEXMMTH__to__TWEXAFEGSMTHx,TRADE_WEIGHTED_USD_ADVANCED_ECONOMIES,2020-04,TWEXMMTH,TWEXAFEGSMTHx,adjacent_vintage_bridge,2020-03,2020-04,1976-02-01,-0.0033723710232091975,-0.003372370941537639,8.167155840510532e-11
6,TRADE_WEIGHTED_USD_ADVANCED_ECONOMIES__2020-04__TWEXMMTH__to__TWEXAFEGSMTHx,TRADE_WEIGHTED_USD_ADVANCED_ECONOMIES,2020-04,TWEXMMTH,TWEXAFEGSMTHx,adjacent_vintage_bridge,2020-03,2020-04,1976-03-01,0.007418216800309629,0.007418217011796457,2.1148682805005592e-10
6,TRADE_WEIGHTED_USD_ADVANCED_ECONOMIES__2020-04__TWEXMMTH__to__TWEXAFEGSMTHx,TRADE_WEIGHTED_USD_ADVANCED_ECONOMIES,2020-04,TWEXMMTH,TWEXAFEGSMTHx,adjacent_vintage_bridge,2020-03,2020-04,1976-04-01,0.00550948483817848,0.005509484847238788,9.060308059360977e-12
6,TRADE_WEIGHTED_USD_ADVANCED_ECONOMIES__2020-04__TWEXMMTH__to__TWEXAFEGSMTHx,TRADE_WEIGHTED_USD_ADVANCED_ECONOMIES,2020-04,TWEXMMTH,TWEXAFEGSMTHx,adjacent_vintage_bridge,2020-03,2020-04,1976-05-01,0.0016743744568401553,0.0016743745449163683,8.807621298956292e-11
6,TRADE_WEIGHTED_USD_ADVANCED_ECONOMIES__2020-04__TWEXMMTH__to__TWEXAFEGSMTHx,TRADE_WEIGHTED_USD_ADVANCED_ECONOMIES,2020-04,TWEXMMTH,TWEXAFEGSMTHx,adjacent_vintage_bridge,2020-03,2020-04,1976-06-01,0.0023349410485717925,0.0023349405766808218,-4.718909707435159e-10
6,TRADE_WEIGHTED_USD_ADVANCED_ECONOMIES__2020-04__TWEXMMTH__to__TWEXAFEGSMTHx,TRADE_WEIGHTED_USD_ADVANCED_ECONOMIES,2020-04,TWEXMMTH,TWEXAFEGSMTHx,adjacent_vintage_bridge,2020-03,2020-04,1976-07-01,-0.004836762007830231,-0.004836761591263006,4.1656722515881484e-10
6,TRADE_WEIGHTED_USD_ADVANCED_ECONOMIES__2020-04__TWEXMMTH__to__TWEXAFEGSMTHx,TRADE_WEIGHTED_USD_ADVANCED_ECONOMIES,2020-04,TWEXMMTH,TWEXAFEGSMTHx,adjacent_vintage_bridge,2020-03,2020-04,1976-08-01,-0.001487747492636693,-0.0014877472229599675,2.696767253951293e-10
6,TRADE_WEIGHTED_USD_ADVANCED_ECONOMIES__2020-04__TWEXMMTH__to__TWEXAFEGSMTHx,TRADE_WEIGHTED_USD_ADVANCED_ECONOMIES,2020-04,TWEXMMTH,TWEXAFEGSMTHx,adjacent_vintage_bridge,2020-03,2020-04,1976-09-01,-0.006147222238970684,-0.006147222391798657,-1.5282797249938085e-10
6,TRADE_WEIGHTED_USD_ADVANCED_ECONOMIES__2020-04__TWEXMMTH__to__TWEXAFEGSMTHx,TRADE_WEIGHTED_USD_ADVANCED_ECONOMIES,2020-04,TWEXMMTH,TWEXAFEGSMTHx,adjacent_vintage_bridge,2020-03,2020-04,1976-10-01,0.004361635155134103,0.004361634682781279,-4.7235282352176e-10
6,TRADE_WEIGHTED_USD_ADVANCED_ECONOMIES__2020-04__TWEXMMTH__to__TWEXAFEGSMTHx,TRADE_WEIGHTED_USD_ADVANCED_ECONOMIES,2020-04,TWEXMMTH,TWEXAFEGSMTHx,adjacent_vintage_bridge,2020-03,2020-04,1976-11-01,0.006789472081945469,0.006789472362969562,2.810240928852181e-10
6,TRADE_WEIGHTED_USD_ADVANCED_ECONOMIES__2020-04__TWEXMMTH__to__TWEXAFEGSMTHx,TRADE_WEIGHTED_USD_ADVANCED_ECONOMIES,2020-04,TWEXMMTH,TWEXAFEGSMTHx,adjacent_vintage_bridge,2020-03,2020-04,1976-12-01,0.007795639735107329,0.00779563996872934,2.3362201062582244e-10
6,TRADE_WEIGHTED_USD_ADVANCED_ECONOMIES__2020-04__TWEXMMTH__to__TWEXAFEGSMTHx,TRADE_WEIGHTED_USD_ADVANCED_ECONOMIES,2020-04,TWEXMMTH,TWEXAFEGSMTHx,adjacent_vintage_bridge,2020-03,2020-04,1977-01-01,-0.0059530411879391565,-0.0059530412349566575,-4.701750100366553e-11
6,TRADE_WEIGHTED_USD_ADVANCED_ECONOMIES__2020-04__TWEXMMTH__to__TWEXAFEGSMTHx,TRADE_WEIGHTED_USD_ADVANCED_ECONOMIES,2020-04,TWEXMMTH,TWEXAFEGSMTHx,adjacent_vintage_bridge,2020-03,2020-04,1977-02-01,0.0016155514296611884,0.0016155510833950615,-3.462661268827105e-10
6,TRADE_WEIGHTED_USD_ADVANCED_ECONOMIES__2020-04__TWEXMMTH__to__TWEXAFEGSMTHx,TRADE_WEIGHTED_USD_ADVANCED_ECONOMIES,2020-04,TWEXMMTH,TWEXAFEGSMTHx,adjacent_vintage_bridge,2020-03,2020-04,1977-03-01,0.001936711139761016,0.001936711289958204,1.5019718802022908e-10
6,TRADE_WEIGHTED_USD_ADVANCED_ECONOMIES__2020-04__TWEXMMTH__to__TWEXAFEGSMTHx,TRADE_WEIGHTED_USD_ADVANCED_ECONOMIES,2020-04,TWEXMMTH,TWEXAFEGSMTHx,adjacent_vintage_bridge,2020-03,2020-04,1977-04-01,-0.005262065573837127,-0.0052620652023041,3.715330265663397e-10
6,TRADE_WEIGHTED_USD_ADVANCED_ECONOMIES__2020-04__TWEXMMTH__to__TWEXAFEGSMTHx,TRADE_WEIGHTED_USD_ADVANCED_ECONOMIES,2020-04,TWEXMMTH,TWEXAFEGSMTHx,adjacent_vintage_bridge,2020-03,2020-04,1977-05-01,7.4809143173482084e-06,7.480589708563912e-06,-3.2460878429674267e-10
6,TRADE_WEIGHTED_USD_ADVANCED_ECONOMIES__2020-04__TWEXMMTH__to__TWEXAFEGSMTHx,TRADE_WEIGHTED_USD_ADVANCED_ECONOMIES,2020-04,TWEXMMTH,TWEXAFEGSMTHx,adjacent_vintage_bridge,2020-03,2020-04,1977-06-01,-0.001624671398916533,-0.001624671284337964,1.1457856885499496e-10
6,TRADE_WEIGHTED_USD_ADVANCED_ECONOMIES__2020-04__TWEXMMTH__to__TWEXAFEGSMTHx,TRADE_WEIGHTED_USD_ADVANCED_ECONOMIES,2020-04,TWEXMMTH,TWEXAFEGSMTHx,adjacent_vintage_bridge,2020-03,2020-04,1977-07-01,-0.01118670819636236,-0.011186708381592858,-1.8523049760688082e-10
6,TRADE_WEIGHTED_USD_ADVANCED_ECONOMIES__2020-04__TWEXMMTH__to__TWEXAFEGSMTHx,TRADE_WEIGHTED_USD_ADVANCED_ECONOMIES,2020-04,TWEXMMTH,TWEXAFEGSMTHx,adjacent_vintage_bridge,2020-03,2020-04,1977-08-01,0.007841090729523437,0.00784109120618215,4.766587125004662e-10
6,TRADE_WEIGHTED_USD_ADVANCED_ECONOMIES__2020-04__TWEXMMTH__to__TWEXAFEGSMTHx,TRADE_WEIGHTED_USD_ADVANCED_ECONOMIES,2020-04,TWEXMMTH,TWEXAFEGSMTHx,adjacent_vintage_bridge,2020-03,2020-04,1977-09-01,0.0028753179935812057,0.0028753177244089656,-2.6917224005273965e-10
6,TRADE_WEIGHTED_USD_ADVANCED_ECONOMIES__2020-04__TWEXMMTH__to__TWEXAFEGSMTHx,TRADE_WEIGHTED_USD_ADVANCED_ECONOMIES,2020-04,TWEXMMTH,TWEXAFEGSMTHx,adjacent_vintage_bridge,2020-03,2020-04,1977-10-01,-0.011604299122714323,-0.01160429893727244,1.8544188407076945e-10
6,TRADE_WEIGHTED_USD_ADVANCED_ECONOMIES__2020-04__TWEXMMTH__to__TWEXAFEGSMTHx,TRADE_WEIGHTED_USD_ADVANCED_ECONOMIES,2020-04,TWEXMMTH,TWEXAFEGSMTHx,adjacent_vintage_bridge,2020-03,2020-04,1977-11-01,-0.013489741913460307,-0.013489741876259842,3.7200464930720045e-11
6,TRADE_WEIGHTED_USD_ADVANCED_ECONOMIES__2020-04__TWEXMMTH__to__TWEXAFEGSMTHx,TRADE_WEIGHTED_USD_ADVANCED_ECONOMIES,2020-04,TWEXMMTH,TWEXAFEGSMTHx,adjacent_vintage_bridge,2020-03,2020-04,1977-12-01,-0.018679043315185773,-0.018679044063173222,-7.479874497562378e-10
6,TRADE_WEIGHTED_USD_ADVANCED_ECONOMIES__2020-04__TWEXMMTH__to__TWEXAFEGSMTHx,TRADE_WEIGHTED_USD_ADVANCED_ECONOMIES,2020-04,TWEXMMTH,TWEXAFEGSMTHx,adjacent_vintage_bridge,2020-03,2020-04,1978-01-01,-0.009923281410353368,-0.009923281269769824,1.4058354480539492e-10
6,TRADE_WEIGHTED_USD_ADVANCED_ECONOMIES__2020-04__TWEXMMTH__to__TWEXAFEGSMTHx,TRADE_WEIGHTED_USD_ADVANCED_ECONOMIES,2020-04,TWEXMMTH,TWEXAFEGSMTHx,adjacent_vintage_bridge,2020-03,2020-04,1978-02-01,-0.0016605250202550437,-0.0016605246721566047,3.480984389625519e-10
6,TRADE_WEIGHTED_USD_ADVANCED_ECONOMIES__2020-04__TWEXMMTH__to__TWEXAFEGSMTHx,TRADE_WEIGHTED_USD_ADVANCED_ECONOMIES,2020-04,TWEXMMTH,TWEXAFEGSMTHx,adjacent_vintage_bridge,2020-03,2020-04,1978-03-01,-0.009047575591718982,-0.009047575394014018,1.9770496351156908e-10
6,TRADE_WEIGHTED_USD_ADVANCED_ECONOMIES__2020-04__TWEXMMTH__to__TWEXAFEGSMTHx,TRADE_WEIGHTED_USD_ADVANCED_ECONOMIES,2020-04,TWEXMMTH,TWEXAFEGSMTHx,adjacent_vintage_bridge,2020-03,2020-04,1978-04-01,-0.004086929684986806,-0.00408692973710334,-5.211653331116395e-11
6,TRADE_WEIGHTED_USD_ADVANCED_ECONOMIES__2020-04__TWEXMMTH__to__TWEXAFEGSMTHx,TRADE_WEIGHTED_USD_ADVANCED_ECONOMIES,2020-04,TWEXMMTH,TWEXAFEGSMTHx,adjacent_vintage_bridge,2020-03,2020-04,1978-05-01,0.009303210330457112,0.009303210302828546,-2.7628566101611796e-11
6,TRADE_WEIGHTED_USD_ADVANCED_ECONOMIES__2020-04__TWEXMMTH__to__TWEXAFEGSMTHx,TRADE_WEIGHTED_USD_ADVANCED_ECONOMIES,2020-04,TWEXMMTH,TWEXAFEGSMTHx,adjacent_vintage_bridge,2020-03,2020-04,1978-06-01,-0.018541849809063926,-0.018541849712761405,9.630252151282548e-11
6,TRADE_WEIGHTED_USD_ADVANCED_ECONOMIES__2020-04__TWEXMMTH__to__TWEXAFEGSMTHx,TRADE_WEIGHTED_USD_ADVANCED_ECONOMIES,2020-04,TWEXMMTH,TWEXAFEGSMTHx,adjacent_vintage_bridge,2020-03,2020-04,1978-07-01,-0.026189053501859405,-0.02618905408925354,-5.873941333334187e-10
6,TRADE_WEIGHTED_USD_ADVANCED_ECONOMIES__2020-04__TWEXMMTH__to__TWEXAFEGSMTHx,TRADE_WEIGHTED_USD_ADVANCED_ECONOMIES,2020-04,TWEXMMTH,TWEXAFEGSMTHx,adjacent_vintage_bridge,2020-03,2020-04,1978-08-01,-0.022554876677951086,-0.022554876101618326,5.763327592944734e-10
6,TRADE_WEIGHTED_USD_ADVANCED_ECONOMIES__2020-04__TWEXMMTH__to__TWEXAFEGSMTHx,TRADE_WEIGHTED_USD_ADVANCED_ECONOMIES,2020-04,TWEXMMTH,TWEXAFEGSMTHx,adjacent_vintage_bridge,2020-03,2020-04,1978-09-01,0.0022020181840582964,0.0022020183403439475,1.5628565108727344e-10
6,TRADE_WEIGHTED_USD_ADVANCED_ECONOMIES__2020-04__TWEXMMTH__to__TWEXAFEGSMTHx,TRADE_WEIGHTED_USD_ADVANCED_ECONOMIES,2020-04,TWEXMMTH,TWEXAFEGSMTHx,adjacent_vintage_bridge,2020-03,2020-04,1978-10-01,-0.023840857649503278,-0.023840858314222224,-6.647189465525116e-10
6,TRADE_WEIGHTED_USD_ADVANCED_ECONOMIES__2020-04__TWEXMMTH__to__TWEXAFEGSMTHx,TRADE_WEIGHTED_USD_ADVANCED_ECONOMIES,2020-04,TWEXMMTH,TWEXAFEGSMTHx,adjacent_vintage_bridge,2020-03,2020-04,1978-11-01,0.024591812288102588,0.02459181218530926,-1.02793329403994e-10
6,TRADE_WEIGHTED_USD_ADVANCED_ECONOMIES__2020-04__TWEXMMTH__to__TWEXAFEGSMTHx,TRADE_WEIGHTED_USD_ADVANCED_ECONOMIES,2020-04,TWEXMMTH,TWEXAFEGSMTHx,adjacent_vintage_bridge,2020-03,2020-04,1978-12-01,0.0025551696760421905,0.0025551698696970604,1.936548699177365e-10
6,TRADE_WEIGHTED_USD_ADVANCED_ECONOMIES__2020-04__TWEXMMTH__to__TWEXAFEGSMTHx,TRADE_WEIGHTED_USD_ADVANCED_ECONOMIES,2020-04,TWEXMMTH,TWEXAFEGSMTHx,adjacent_vintage_bridge,2020-03,2020-04,1979-01-01,-0.0010327179915572415,-0.0010327178858844377,1.056728038406618e-10
6,TRADE_WEIGHTED_USD_ADVANCED_ECONOMIES__2020-04__TWEXMMTH__to__TWEXAFEGSMTHx,TRADE_WEIGHTED_USD_ADVANCED_ECONOMIES,2020-04,TWEXMMTH,TWEXAFEGSMTHx,adjacent_vintage_bridge,2020-03,2020-04,1979-02-01,0.006192996231977332,0.006192996386941374,1.5496404159875965e-10
6,TRADE_WEIGHTED_USD_ADVANCED_ECONOMIES__2020-04__TWEXMMTH__to__TWEXAFEGSMTHx,TRADE_WEIGHTED_USD_ADVANCED_ECONOMIES,2020-04,TWEXMMTH,TWEXAFEGSMTHx,adjacent_vintage_bridge,2020-03,2020-04,1979-03-01,0.00074883130080039,0.0007488308017045142,-4.990958757389308e-10
6,TRADE_WEIGHTED_USD_ADVANCED_ECONOMIES__2020-04__TWEXMMTH__to__TWEXAFEGSMTHx,TRADE_WEIGHTED_USD_ADVANCED_ECONOMIES,2020-04,TWEXMMTH,TWEXAFEGSMTHx,adjacent_vintage_bridge,2020-03,2020-04,1979-04-01,0.008063736501228824,0.008063737097545598,5.963167737377262e-10
6,TRADE_WEIGHTED_USD_ADVANCED_ECONOMIES__2020-04__TWEXMMTH__to__TWEXAFEGSMTHx,TRADE_WEIGHTED_USD_ADVANCED_ECONOMIES,2020-04,TWEXMMTH,TWEXAFEGSMTHx,adjacent_vintage_bridge,2020-03,2020-04,1979-05-01,0.00781195539243118,0.00781195525319589,-1.3923528996429013e-10
6,TRADE_WEIGHTED_USD_ADVANCED_ECONOMIES__2020-04__TWEXMMTH__to__TWEXAFEGSMTHx,TRADE_WEIGHTED_USD_ADVANCED_ECONOMIES,2020-04,TWEXMMTH,TWEXAFEGSMTHx,adjacent_vintage_bridge,2020-03,2020-04,1979-06-01,-0.002043701518918084,-0.0020437013523357805,1.66582303506857e-10
6,TRADE_WEIGHTED_USD_ADVANCED_ECONOMIES__2020-04__TWEXMMTH__to__TWEXAFEGSMTHx,TRADE_WEIGHTED_USD_ADVANCED_ECONOMIES,2020-04,TWEXMMTH,TWEXAFEGSMTHx,adjacent_vintage_bridge,2020-03,2020-04,1979-07-01,-0.021964459437371353,-0.021964459521523594,-8.415224073132777e-11
6,TRADE_WEIGHTED_USD_ADVANCED_ECONOMIES__2020-04__TWEXMMTH__to__TWEXAFEGSMTHx,TRADE_WEIGHTED_USD_ADVANCED_ECONOMIES,2020-04,TWEXMMTH,TWEXAFEGSMTHx,adjacent_vintage_bridge,2020-03,2020-04,1979-08-01,0.00472349153395335,0.004723491079822395,-4.5413095506319223e-10
6,TRADE_WEIGHTED_USD_ADVANCED_ECONOMIES__2020-04__TWEXMMTH__to__TWEXAFEGSMTHx,TRADE_WEIGHTED_USD_ADVANCED_ECONOMIES,2020-04,TWEXMMTH,TWEXAFEGSMTHx,adjacent_vintage_bridge,2020-03,2020-04,1979-09-01,-0.00014875559641236435,-0.00014875549352755257,1.0288481178122311e-10
6,TRADE_WEIGHTED_USD_ADVANCED_ECONOMIES__2020-04__TWEXMMTH__to__TWEXAFEGSMTHx,TRADE_WEIGHTED_USD_ADVANCED_ECONOMIES,2020-04,TWEXMMTH,TWEXAFEGSMTHx,adjacent_vintage_bridge,2020-03,2020-04,1979-10-01,0.014826350281138545,0.014826350418403855,1.3726531022939525e-10
6,TRADE_WEIGHTED_USD_ADVANCED_ECONOMIES__2020-04__TWEXMMTH__to__TWEXAFEGSMTHx,TRADE_WEIGHTED_USD_ADVANCED_ECONOMIES,2020-04,TWEXMMTH,TWEXAFEGSMTHx,adjacent_vintage_bridge,2020-03,2020-04,1979-11-01,0.014523677446217853,0.014523677418008418,-2.8209434788095678e-11
6,TRADE_WEIGHTED_USD_ADVANCED_ECONOMIES__2020-04__TWEXMMTH__to__TWEXAFEGSMTHx,TRADE_WEIGHTED_USD_ADVANCED_ECONOMIES,2020-04,TWEXMMTH,TWEXAFEGSMTHx,adjacent_vintage_bridge,2020-03,2020-04,1979-12-01,-0.01709155397963258,-0.017091554121365427,-1.4173284768048688e-10
6,TRADE_WEIGHTED_USD_ADVANCED_ECONOMIES__2020-04__TWEXMMTH__to__TWEXAFEGSMTHx,TRADE_WEIGHTED_USD_ADVANCED_ECONOMIES,2020-04,TWEXMMTH,TWEXAFEGSMTHx,adjacent_vintage_bridge,2020-03,2020-04,1980-01-01,-0.00917816096349977,-0.009178160618675157,3.448246133075372e-10
6,TRADE_WEIGHTED_USD_ADVANCED_ECONOMIES__2020-04__TWEXMMTH__to__TWEXAFEGSMTHx,TRADE_WEIGHTED_USD_ADVANCED_ECONOMIES,2020-04,TWEXMMTH,TWEXAFEGSMTHx,adjacent_vintage_bridge,2020-03,2020-04,1980-02-01,0.007923574074721884,0.00792357364134677,-4.3337511357322e-10
6,TRADE_WEIGHTED_USD_ADVANCED_ECONOMIES__2020-04__TWEXMMTH__to__TWEXAFEGSMTHx,TRADE_WEIGHTED_USD_ADVANCED_ECONOMIES,2020-04,TWEXMMTH,TWEXAFEGSMTHx,adjacent_vintage_bridge,2020-03,2020-04,1980-03-01,0.031968795037380815,0.031968795647205894,6.098250793229454e-10
6,TRADE_WEIGHTED_USD_ADVANCED_ECONOMIES__2020-04__TWEXMMTH__to__TWEXAFEGSMTHx,TRADE_WEIGHTED_USD_ADVANCED_ECONOMIES,2020-04,TWEXMMTH,TWEXAFEGSMTHx,adjacent_vintage_bridge,2020-03,2020-04,1980-04-01,0.00882481489169784,0.008824814808079395,-8.361844550108799e-11
6,TRADE_WEIGHTED_USD_ADVANCED_ECONOMIES__2020-04__TWEXMMTH__to__TWEXAFEGSMTHx,TRADE_WEIGHTED_USD_ADVANCED_ECONOMIES,2020-04,TWEXMMTH,TWEXAFEGSMTHx,adjacent_vintage_bridge,2020-03,2020-04,1980-05-01,-0.045126353761896,-0.045126353960916354,-1.9902035575114496e-10
6,TRADE_WEIGHTED_USD_ADVANCED_ECONOMIES__2020-04__TWEXMMTH__to__TWEXAFEGSMTHx,TRADE_WEIGHTED_USD_ADVANCED_ECONOMIES,2020-04,TWEXMMTH,TWEXAFEGSMTHx,adjacent_vintage_bridge,2020-03,2020-04,1980-06-01,-0.023985312402907688,-0.02398531234040302,6.250466810797661e-11
6,TRADE_WEIGHTED_USD_ADVANCED_ECONOMIES__2020-04__TWEXMMTH__to__TWEXAFEGSMTHx,TRADE_WEIGHTED_USD_ADVANCED_ECONOMIES,2020-04,TWEXMMTH,TWEXAFEGSMTHx,adjacent_vintage_bridge,2020-03,2020-04,1980-07-01,-0.001847067862500218,-0.0018470679560884662,-9.35882482622219e-11
6,TRADE_WEIGHTED_USD_ADVANCED_ECONOMIES__2020-04__TWEXMMTH__to__TWEXAFEGSMTHx,TRADE_WEIGHTED_USD_ADVANCED_ECONOMIES,2020-04,TWEXMMTH,TWEXAFEGSMTHx,adjacent_vintage_bridge,2020-03,2020-04,1980-08-01,0.012669388498789402,0.01266938815116525,-3.47624151686432e-10
6,TRADE_WEIGHTED_USD_ADVANCED_ECONOMIES__2020-04__TWEXMMTH__to__TWEXAFEGSMTHx,TRADE_WEIGHTED_USD_ADVANCED_ECONOMIES,2020-04,TWEXMMTH,TWEXAFEGSMTHx,adjacent_vintage_bridge,2020-03,2020-04,1980-09-01,-0.01071604882832844,-0.010716048576438375,2.518900643622146e-10
6,TRADE_WEIGHTED_USD_ADVANCED_ECONOMIES__2020-04__TWEXMMTH__to__TWEXAFEGSMTHx,TRADE_WEIGHTED_USD_ADVANCED_ECONOMIES,2020-04,TWEXMMTH,TWEXAFEGSMTHx,adjacent_vintage_bridge,2020-03,2020-04,1980-10-01,0.0030780500134905964,0.0030780504847367496,4.712461532108136e-10
6,TRADE_WEIGHTED_USD_ADVANCED_ECONOMIES__2020-04__TWEXMMTH__to__TWEXAFEGSMTHx,TRADE_WEIGHTED_USD_ADVANCED_ECONOMIES,2020-04,TWEXMMTH,TWEXAFEGSMTHx,adjacent_vintage_bridge,2020-03,2020-04,1980-11-01,0.023219100568347528,0.023219100338621068,-2.297264600770177e-10
6,TRADE_WEIGHTED_USD_ADVANCED_ECONOMIES__2020-04__TWEXMMTH__to__TWEXAFEGSMTHx,TRADE_WEIGHTED_USD_ADVANCED_ECONOMIES,2020-04,TWEXMMTH,TWEXAFEGSMTHx,adjacent_vintage_bridge,2020-03,2020-04,1980-12-01,0.01012374025873175,0.010123740043095353,-2.156363976268949e-10
6,TRADE_WEIGHTED_USD_ADVANCED_ECONOMIES__2020-04__TWEXMMTH__to__TWEXAFEGSMTHx,TRADE_WEIGHTED_USD_ADVANCED_ECONOMIES,2020-04,TWEXMMTH,TWEXAFEGSMTHx,adjacent_vintage_bridge,2020-03,2020-04,1981-01-01,-0.006141911978111203,-0.006141911722767901,2.553433020580087e-10
6,TRADE_WEIGHTED_USD_ADVANCED_ECONOMIES__2020-04__TWEXMMTH__to__TWEXAFEGSMTHx,TRADE_WEIGHTED_USD_ADVANCED_ECONOMIES,2020-04,TWEXMMTH,TWEXAFEGSMTHx,adjacent_vintage_bridge,2020-03,2020-04,1981-02-01,0.031699036207282205,0.03169903641660099,2.0931878452756791e-10
6,TRADE_WEIGHTED_USD_ADVANCED_ECONOMIES__2020-04__TWEXMMTH__to__TWEXAFEGSMTHx,TRADE_WEIGHTED_USD_ADVANCED_ECONOMIES,2020-04,TWEXMMTH,TWEXAFEGSMTHx,adjacent_vintage_bridge,2020-03,2020-04,1981-03-01,0.0034846750002213156,0.0034846748515571235,-1.4866419206782666e-10
6,TRADE_WEIGHTED_USD_ADVANCED_ECONOMIES__2020-04__TWEXMMTH__to__TWEXAFEGSMTHx,TRADE_WEIGHTED_USD_ADVANCED_ECONOMIES,2020-04,TWEXMMTH,TWEXAFEGSMTHx,adjacent_vintage_bridge,2020-03,2020-04,1981-04-01,0.020520919388161474,0.02052091921349497,-1.7466650348296753e-10
6,TRADE_WEIGHTED_USD_ADVANCED_ECONOMIES__2020-04__TWEXMMTH__to__TWEXAFEGSMTHx,TRADE_WEIGHTED_USD_ADVANCED_ECONOMIES,2020-04,TWEXMMTH,TWEXAFEGSMTHx,adjacent_vintage_bridge,2020-03,2020-04,1981-05-01,0.03167550096473537,0.03167550129929264,3.3455727077580377e-10
6,TRADE_WEIGHTED_USD_ADVANCED_ECONOMIES__2020-04__TWEXMMTH__to__TWEXAFEGSMTHx,TRADE_WEIGHTED_USD_ADVANCED_ECONOMIES,2020-04,TWEXMMTH,TWEXAFEGSMTHx,adjacent_vintage_bridge,2020-03,2020-04,1981-06-01,0.021191010192497473,0.021191010172294966,-2.020250633449905e-11
6,TRADE_WEIGHTED_USD_ADVANCED_ECONOMIES__2020-04__TWEXMMTH__to__TWEXAFEGSMTHx,TRADE_WEIGHTED_USD_ADVANCED_ECONOMIES,2020-04,TWEXMMTH,TWEXAFEGSMTHx,adjacent_vintage_bridge,2020-03,2020-04,1981-07-01,0.02406009234544637,0.02406009213821747,-2.0722890070601352e-10
6,TRADE_WEIGHTED_USD_ADVANCED_ECONOMIES__2020-04__TWEXMMTH__to__TWEXAFEGSMTHx,TRADE_WEIGHTED_USD_ADVANCED_ECONOMIES,2020-04,TWEXMMTH,TWEXAFEGSMTHx,adjacent_vintage_bridge,2020-03,2020-04,1981-08-01,0.015476235955060424,0.015476235934797522,-2.0262902467038657e-11
6,TRADE_WEIGHTED_USD_ADVANCED_ECONOMIES__2020-04__TWEXMMTH__to__TWEXAFEGSMTHx,TRADE_WEIGHTED_USD_ADVANCED_ECONOMIES,2020-04,TWEXMMTH,TWEXAFEGSMTHx,adjacent_vintage_bridge,2020-03,2020-04,1981-09-01,-0.027122920056406485,-0.027122920074349466,-1.794298043478193e-11
6,TRADE_WEIGHTED_USD_ADVANCED_ECONOMIES__2020-04__TWEXMMTH__to__TWEXAFEGSMTHx,TRADE_WEIGHTED_USD_ADVANCED_ECONOMIES,2020-04,TWEXMMTH,TWEXAFEGSMTHx,adjacent_vintage_bridge,2020-03,2020-04,1981-10-01,-0.006093674568386831,-0.006093674494636936,7.37498950797999e-11
6,TRADE_WEIGHTED_USD_ADVANCED_ECONOMIES__2020-04__TWEXMMTH__to__TWEXAFEGSMTHx,TRADE_WEIGHTED_USD_ADVANCED_ECONOMIES,2020-04,TWEXMMTH,TWEXAFEGSMTHx,adjacent_vintage_bridge,2020-03,2020-04,1981-11-01,-0.020655126154250247,-0.020655126415284997,-2.610347493714471e-10
6,TRADE_WEIGHTED_USD_ADVANCED_ECONOMIES__2020-04__TWEXMMTH__to__TWEXAFEGSMTHx,TRADE_WEIGHTED_USD_ADVANCED_ECONOMIES,2020-04,TWEXMMTH,TWEXAFEGSMTHx,adjacent_vintage_bridge,2020-03,2020-04,1981-12-01,-0.0004986292538937676,-0.000498629045226906,2.0866686156750802e-10
6,TRADE_WEIGHTED_USD_ADVANCED_ECONOMIES__2020-04__TWEXMMTH__to__TWEXAFEGSMTHx,TRADE_WEIGHTED_USD_ADVANCED_ECONOMIES,2020-04,TWEXMMTH,TWEXAFEGSMTHx,adjacent_vintage_bridge,2020-03,2020-04,1982-01-01,0.015805158505582284,0.01580515841007557,-9.550671364877417e-11
6,TRADE_WEIGHTED_USD_ADVANCED_ECONOMIES__2020-04__TWEXMMTH__to__TWEXAFEGSMTHx,TRADE_WEIGHTED_USD_ADVANCED_ECONOMIES,2020-04,TWEXMMTH,TWEXAFEGSMTHx,adjacent_vintage_bridge,2020-03,2020-04,1982-02-01,0.03018756162112357,0.030187561559855247,-6.126832374775404e-11
6,TRADE_WEIGHTED_USD_ADVANCED_ECONOMIES__2020-04__TWEXMMTH__to__TWEXAFEGSMTHx,TRADE_WEIGHTED_USD_ADVANCED_ECONOMIES,2020-04,TWEXMMTH,TWEXAFEGSMTHx,adjacent_vintage_bridge,2020-03,2020-04,1982-03-01,0.017015123061987936,0.01701512280197548,-2.6001245601037226e-10
6,TRADE_WEIGHTED_USD_ADVANCED_ECONOMIES__2020-04__TWEXMMTH__to__TWEXAFEGSMTHx,TRADE_WEIGHTED_USD_ADVANCED_ECONOMIES,2020-04,TWEXMMTH,TWEXAFEGSMTHx,adjacent_vintage_bridge,2020-03,2020-04,1982-04-01,0.011701919866274224,0.011701920031019775,1.6474555053491713e-10
6,TRADE_WEIGHTED_USD_ADVANCED_ECONOMIES__2020-04__TWEXMMTH__to__TWEXAFEGSMTHx,TRADE_WEIGHTED_USD_ADVANCED_ECONOMIES,2020-04,TWEXMMTH,TWEXAFEGSMTHx,adjacent_vintage_bridge,2020-03,2020-04,1982-05-01,-0.01877717559152181,-0.01877717555269065,3.8831160509289475e-11
6,TRADE_WEIGHTED_USD_ADVANCED_ECONOMIES__2020-04__TWEXMMTH__to__TWEXAFEGSMTHx,TRADE_WEIGHTED_USD_ADVANCED_ECONOMIES,2020-04,TWEXMMTH,TWEXAFEGSMTHx,adjacent_vintage_bridge,2020-03,2020-04,1982-06-01,0.04778211003207211,0.04778210978006481,-2.5200730391361503e-10
6,TRADE_WEIGHTED_USD_ADVANCED_ECONOMIES__2020-04__TWEXMMTH__to__TWEXAFEGSMTHx,TRADE_WEIGHTED_USD_ADVANCED_ECONOMIES,2020-04,TWEXMMTH,TWEXAFEGSMTHx,adjacent_vintage_bridge,2020-03,2020-04,1982-07-01,0.01135353979651299,0.011353540376632054,5.80119063897655e-10
6,TRADE_WEIGHTED_USD_ADVANCED_ECONOMIES__2020-04__TWEXMMTH__to__TWEXAFEGSMTHx,TRADE_WEIGHTED_USD_ADVANCED_ECONOMIES,2020-04,TWEXMMTH,TWEXAFEGSMTHx,adjacent_vintage_bridge,2020-03,2020-04,1982-08-01,0.0026367267891140855,0.002636726845691051,5.657696533489798e-11
6,TRADE_WEIGHTED_USD_ADVANCED_ECONOMIES__2020-04__TWEXMMTH__to__TWEXAFEGSMTHx,TRADE_WEIGHTED_USD_ADVANCED_ECONOMIES,2020-04,TWEXMMTH,TWEXAFEGSMTHx,adjacent_vintage_bridge,2020-03,2020-04,1982-09-01,0.007611942900261681,0.0076119422834901584,-6.167715227434201e-10
6,TRADE_WEIGHTED_USD_ADVANCED_ECONOMIES__2020-04__TWEXMMTH__to__TWEXAFEGSMTHx,TRADE_WEIGHTED_USD_ADVANCED_ECONOMIES,2020-04,TWEXMMTH,TWEXAFEGSMTHx,adjacent_vintage_bridge,2020-03,2020-04,1982-10-01,0.01663557536702953,0.016635575642616196,2.7558666459981396e-10
6,TRADE_WEIGHTED_USD_ADVANCED_ECONOMIES__2020-04__TWEXMMTH__to__TWEXAFEGSMTHx,TRADE_WEIGHTED_USD_ADVANCED_ECONOMIES,2020-04,TWEXMMTH,TWEXAFEGSMTHx,adjacent_vintage_bridge,2020-03,2020-04,1982-11-01,0.00010777027829522723,0.00010777038121645433,1.0292122709643081e-10
6,TRADE_WEIGHTED_USD_ADVANCED_ECONOMIES__2020-04__TWEXMMTH__to__TWEXAFEGSMTHx,TRADE_WEIGHTED_USD_ADVANCED_ECONOMIES,2020-04,TWEXMMTH,TWEXAFEGSMTHx,adjacent_vintage_bridge,2020-03,2020-04,1982-12-01,-0.034532792832316694,-0.034532792769958576,6.235811866872609e-11
6,TRADE_WEIGHTED_USD_ADVANCED_ECONOMIES__2020-04__TWEXMMTH__to__TWEXAFEGSMTHx,TRADE_WEIGHTED_USD_ADVANCED_ECONOMIES,2020-04,TWEXMMTH,TWEXAFEGSMTHx,adjacent_vintage_bridge,2020-03,2020-04,1983-01-01,-0.015003610181659965,-0.015003610164085579,1.7574386390606378e-11
6,TRADE_WEIGHTED_USD_ADVANCED_ECONOMIES__2020-04__TWEXMMTH__to__TWEXAFEGSMTHx,TRADE_WEIGHTED_USD_ADVANCED_ECONOMIES,2020-04,TWEXMMTH,TWEXAFEGSMTHx,adjacent_vintage_bridge,2020-03,2020-04,1983-02-01,0.012584887054484462,0.01258488671768454,-3.367999212855466e-10
6,TRADE_WEIGHTED_USD_ADVANCED_ECONOMIES__2020-04__TWEXMMTH__to__TWEXAFEGSMTHx,TRADE_WEIGHTED_USD_ADVANCED_ECONOMIES,2020-04,TWEXMMTH,TWEXAFEGSMTHx,adjacent_vintage_bridge,2020-03,2020-04,1983-03-01,0.009869066944522942,0.009869067111361929,1.6683898707015032e-10
6,TRADE_WEIGHTED_USD_ADVANCED_ECONOMIES__2020-04__TWEXMMTH__to__TWEXAFEGSMTHx,TRADE_WEIGHTED_USD_ADVANCED_ECONOMIES,2020-04,TWEXMMTH,TWEXAFEGSMTHx,adjacent_vintage_bridge,2020-03,2020-04,1983-04-01,0.004239883718137882,0.004239883529723265,-1.8841461724150577e-10
6,TRADE_WEIGHTED_USD_ADVANCED_ECONOMIES__2020-04__TWEXMMTH__to__TWEXAFEGSMTHx,TRADE_WEIGHTED_USD_ADVANCED_ECONOMIES,2020-04,TWEXMMTH,TWEXAFEGSMTHx,adjacent_vintage_bridge,2020-03,2020-04,1983-05-01,-0.003582524268413323,-0.0035825238664752845,4.0193803840793407e-10
6,TRADE_WEIGHTED_USD_ADVANCED_ECONOMIES__2020-04__TWEXMMTH__to__TWEXAFEGSMTHx,TRADE_WEIGHTED_USD_ADVANCED_ECONOMIES,2020-04,TWEXMMTH,TWEXAFEGSMTHx,adjacent_vintage_bridge,2020-03,2020-04,1983-06-01,0.01862086641733729,0.018620866304384975,-1.1295231416852403e-10
6,TRADE_WEIGHTED_USD_ADVANCED_ECONOMIES__2020-04__TWEXMMTH__to__TWEXAFEGSMTHx,TRADE_WEIGHTED_USD_ADVANCED_ECONOMIES,2020-04,TWEXMMTH,TWEXAFEGSMTHx,adjacent_vintage_bridge,2020-03,2020-04,1983-07-01,0.007263609427097251,0.007263609494781775,6.768452465166774e-11
6,TRADE_WEIGHTED_USD_ADVANCED_ECONOMIES__2020-04__TWEXMMTH__to__TWEXAFEGSMTHx,TRADE_WEIGHTED_USD_ADVANCED_ECONOMIES,2020-04,TWEXMMTH,TWEXAFEGSMTHx,adjacent_vintage_bridge,2020-03,2020-04,1983-08-01,0.01617765243207181,0.016177652334270043,-9.780176668527929e-11
6,TRADE_WEIGHTED_USD_ADVANCED_ECONOMIES__2020-04__TWEXMMTH__to__TWEXAFEGSMTHx,TRADE_WEIGHTED_USD_ADVANCED_ECONOMIES,2020-04,TWEXMMTH,TWEXAFEGSMTHx,adjacent_vintage_bridge,2020-03,2020-04,1983-09-01,-0.0021614372805789372,-0.002161437519816012,-2.3923707459516663e-10
6,TRADE_WEIGHTED_USD_ADVANCED_ECONOMIES__2020-04__TWEXMMTH__to__TWEXAFEGSMTHx,TRADE_WEIGHTED_USD_ADVANCED_ECONOMIES,2020-04,TWEXMMTH,TWEXAFEGSMTHx,adjacent_vintage_bridge,2020-03,2020-04,1983-10-01,-0.017382487456233164,-0.01738248726526148,1.9097168291182243e-10
6,TRADE_WEIGHTED_USD_ADVANCED_ECONOMIES__2020-04__TWEXMMTH__to__TWEXAFEGSMTHx,TRADE_WEIGHTED_USD_ADVANCED_ECONOMIES,2020-04,TWEXMMTH,TWEXAFEGSMTHx,adjacent_vintage_bridge,2020-03,2020-04,1983-11-01,0.013831853503364577,0.013831853224709256,-2.786553210398779e-10
6,TRADE_WEIGHTED_USD_ADVANCED_ECONOMIES__2020-04__TWEXMMTH__to__TWEXAFEGSMTHx,TRADE_WEIGHTED_USD_ADVANCED_ECONOMIES,2020-04,TWEXMMTH,TWEXAFEGSMTHx,adjacent_vintage_bridge,2020-03,2020-04,1983-12-01,0.012657602856946504,0.012657603065088452,2.0814194812146525e-10
6,TRADE_WEIGHTED_USD_ADVANCED_ECONOMIES__2020-04__TWEXMMTH__to__TWEXAFEGSMTHx,TRADE_WEIGHTED_USD_ADVANCED_ECONOMIES,2020-04,TWEXMMTH,TWEXAFEGSMTHx,adjacent_vintage_bridge,2020-03,2020-04,1984-01-01,0.008147656858112029,0.008147656966869476,1.0875744749228033e-10
6,TRADE_WEIGHTED_USD_ADVANCED_ECONOMIES__2020-04__TWEXMMTH__to__TWEXAFEGSMTHx,TRADE_WEIGHTED_USD_ADVANCED_ECONOMIES,2020-04,TWEXMMTH,TWEXAFEGSMTHx,adjacent_vintage_bridge,2020-03,2020-04,1984-02-01,-0.013957591359718968,-0.013957591465998398,-1.0627942970131699e-10
6,TRADE_WEIGHTED_USD_ADVANCED_ECONOMIES__2020-04__TWEXMMTH__to__TWEXAFEGSMTHx,TRADE_WEIGHTED_USD_ADVANCED_ECONOMIES,2020-04,TWEXMMTH,TWEXAFEGSMTHx,adjacent_vintage_bridge,2020-03,2020-04,1984-03-01,-0.01810783194393739,-0.01810783212755318,-1.83615789239866e-10
6,TRADE_WEIGHTED_USD_ADVANCED_ECONOMIES__2020-04__TWEXMMTH__to__TWEXAFEGSMTHx,TRADE_WEIGHTED_USD_ADVANCED_ECONOMIES,2020-04,TWEXMMTH,TWEXAFEGSMTHx,adjacent_vintage_bridge,2020-03,2020-04,1984-04-01,0.010541511689906358,0.010541511691171124,1.2647660696529783e-12
6,TRADE_WEIGHTED_USD_ADVANCED_ECONOMIES__2020-04__TWEXMMTH__to__TWEXAFEGSMTHx,TRADE_WEIGHTED_USD_ADVANCED_ECONOMIES,2020-04,TWEXMMTH,TWEXAFEGSMTHx,adjacent_vintage_bridge,2020-03,2020-04,1984-05-01,0.023487599961032224,0.023487599894252753,-6.677947084199332e-11
6,TRADE_WEIGHTED_USD_ADVANCED_ECONOMIES__2020-04__TWEXMMTH__to__TWEXAFEGSMTHx,TRADE_WEIGHTED_USD_ADVANCED_ECONOMIES,2020-04,TWEXMMTH,TWEXAFEGSMTHx,adjacent_vintage_bridge,2020-03,2020-04,1984-06-01,0.007075941869241653,0.007075942123949908,2.547082544879231e-10
6,TRADE_WEIGHTED_USD_ADVANCED_ECONOMIES__2020-04__TWEXMMTH__to__TWEXAFEGSMTHx,TRADE_WEIGHTED_USD_ADVANCED_ECONOMIES,2020-04,TWEXMMTH,TWEXAFEGSMTHx,adjacent_vintage_bridge,2020-03,2020-04,1984-07-01,0.03308858274461457,0.03308858251732971,-2.2728485760126205e-10
6,TRADE_WEIGHTED_USD_ADVANCED_ECONOMIES__2020-04__TWEXMMTH__to__TWEXAFEGSMTHx,TRADE_WEIGHTED_USD_ADVANCED_ECONOMIES,2020-04,TWEXMMTH,TWEXAFEGSMTHx,adjacent_vintage_bridge,2020-03,2020-04,1984-08-01,-0.0014389064346431724,-0.0014389060859869574,3.4865621501012356e-10
6,TRADE_WEIGHTED_USD_ADVANCED_ECONOMIES__2020-04__TWEXMMTH__to__TWEXAFEGSMTHx,TRADE_WEIGHTED_USD_ADVANCED_ECONOMIES,2020-04,TWEXMMTH,TWEXAFEGSMTHx,adjacent_vintage_bridge,2020-03,2020-04,1984-09-01,0.025409561790969093,0.025409561547106385,-2.438627078049649e-10
6,TRADE_WEIGHTED_USD_ADVANCED_ECONOMIES__2020-04__TWEXMMTH__to__TWEXAFEGSMTHx,TRADE_WEIGHTED_USD_ADVANCED_ECONOMIES,2020-04,TWEXMMTH,TWEXAFEGSMTHx,adjacent_vintage_bridge,2020-03,2020-04,1984-10-01,0.009010898208217988,0.009010898070175521,-1.3804246634663286e-10
6,TRADE_WEIGHTED_USD_ADVANCED_ECONOMIES__2020-04__TWEXMMTH__to__TWEXAFEGSMTHx,TRADE_WEIGHTED_USD_ADVANCED_ECONOMIES,2020-04,TWEXMMTH,TWEXAFEGSMTHx,adjacent_vintage_bridge,2020-03,2020-04,1984-11-01,-0.013075275307124379,-0.013075275209682324,9.744205442530074e-11
6,TRADE_WEIGHTED_USD_ADVANCED_ECONOMIES__2020-04__TWEXMMTH__to__TWEXAFEGSMTHx,TRADE_WEIGHTED_USD_ADVANCED_ECONOMIES,2020-04,TWEXMMTH,TWEXAFEGSMTHx,adjacent_vintage_bridge,2020-03,2020-04,1984-12-01,0.020606801474107428,0.02060680162799411,1.538866811756634e-10
6,TRADE_WEIGHTED_USD_ADVANCED_ECONOMIES__2020-04__TWEXMMTH__to__TWEXAFEGSMTHx,TRADE_WEIGHTED_USD_ADVANCED_ECONOMIES,2020-04,TWEXMMTH,TWEXAFEGSMTHx,adjacent_vintage_bridge,2020-03,2020-04,1985-01-01,0.02044405086670764,0.020444050968544403,1.0183676124597696e-10
6,TRADE_WEIGHTED_USD_ADVANCED_ECONOMIES__2020-04__TWEXMMTH__to__TWEXAFEGSMTHx,TRADE_WEIGHTED_USD_ADVANCED_ECONOMIES,2020-04,TWEXMMTH,TWEXAFEGSMTHx,adjacent_vintage_bridge,2020-03,2020-04,1985-02-01,0.03230553330405872,0.032305533241732576,-6.232614424561689e-11
6,TRADE_WEIGHTED_USD_ADVANCED_ECONOMIES__2020-04__TWEXMMTH__to__TWEXAFEGSMTHx,TRADE_WEIGHTED_USD_ADVANCED_ECONOMIES,2020-04,TWEXMMTH,TWEXAFEGSMTHx,adjacent_vintage_bridge,2020-03,2020-04,1985-03-01,0.002619024762802624,0.0026190248896584833,1.2685585915050979e-10
6,TRADE_WEIGHTED_USD_ADVANCED_ECONOMIES__2020-04__TWEXMMTH__to__TWEXAFEGSMTHx,TRADE_WEIGHTED_USD_ADVANCED_ECONOMIES,2020-04,TWEXMMTH,TWEXAFEGSMTHx,adjacent_vintage_bridge,2020-03,2020-04,1985-04-01,-0.03834560739578219,-0.0383456077893749,-3.935927139764317e-10
6,TRADE_WEIGHTED_USD_ADVANCED_ECONOMIES__2020-04__TWEXMMTH__to__TWEXAFEGSMTHx,TRADE_WEIGHTED_USD_ADVANCED_ECONOMIES,2020-04,TWEXMMTH,TWEXAFEGSMTHx,adjacent_vintage_bridge,2020-03,2020-04,1985-05-01,0.0019224470115526415,0.0019224474842847172,4.72732075706972e-10
6,TRADE_WEIGHTED_USD_ADVANCED_ECONOMIES__2020-04__TWEXMMTH__to__TWEXAFEGSMTHx,TRADE_WEIGHTED_USD_ADVANCED_ECONOMIES,2020-04,TWEXMMTH,TWEXAFEGSMTHx,adjacent_vintage_bridge,2020-03,2020-04,1985-06-01,-0.011626238415145096,-0.011626238881852657,-4.66707561486146e-10
6,TRADE_WEIGHTED_USD_ADVANCED_ECONOMIES__2020-04__TWEXMMTH__to__TWEXAFEGSMTHx,TRADE_WEIGHTED_USD_ADVANCED_ECONOMIES,2020-04,TWEXMMTH,TWEXAFEGSMTHx,adjacent_vintage_bridge,2020-03,2020-04,1985-07-01,-0.035967851513441396,-0.03596785099786892,5.155724736027878e-10
6,TRADE_WEIGHTED_USD_ADVANCED_ECONOMIES__2020-04__TWEXMMTH__to__TWEXAFEGSMTHx,TRADE_WEIGHTED_USD_ADVANCED_ECONOMIES,2020-04,TWEXMMTH,TWEXAFEGSMTHx,adjacent_vintage_bridge,2020-03,2020-04,1985-08-01,-0.01508954826188802,-0.015089548816429321,-5.545413017671308e-10
6,TRADE_WEIGHTED_USD_ADVANCED_ECONOMIES__2020-04__TWEXMMTH__to__TWEXAFEGSMTHx,TRADE_WEIGHTED_USD_ADVANCED_ECONOMIES,2020-04,TWEXMMTH,TWEXAFEGSMTHx,adjacent_vintage_bridge,2020-03,2020-04,1985-09-01,0.00871066082373062,0.008710661308092504,4.843618839345254e-10
6,TRADE_WEIGHTED_USD_ADVANCED_ECONOMIES__2020-04__TWEXMMTH__to__TWEXAFEGSMTHx,TRADE_WEIGHTED_USD_ADVANCED_ECONOMIES,2020-04,TWEXMMTH,TWEXAFEGSMTHx,adjacent_vintage_bridge,2020-03,2020-04,1985-10-01,-0.05390128844505426,-0.05390128866926336,-2.2420909573384051e-10
6,TRADE_WEIGHTED_USD_ADVANCED_ECONOMIES__2020-04__TWEXMMTH__to__TWEXAFEGSMTHx,TRADE_WEIGHTED_USD_ADVANCED_ECONOMIES,2020-04,TWEXMMTH,TWEXAFEGSMTHx,adjacent_vintage_bridge,2020-03,2020-04,1985-11-01,-0.018510254892209588,-0.018510254611257437,2.809521504332224e-10
6,TRADE_WEIGHTED_USD_ADVANCED_ECONOMIES__2020-04__TWEXMMTH__to__TWEXAFEGSMTHx,TRADE_WEIGHTED_USD_ADVANCED_ECONOMIES,2020-04,TWEXMMTH,TWEXAFEGSMTHx,adjacent_vintage_bridge,2020-03,2020-04,1985-12-01,-0.007223163483430994,-0.007223163960309087,-4.768780925701321e-10
6,TRADE_WEIGHTED_USD_ADVANCED_ECONOMIES__2020-04__TWEXMMTH__to__TWEXAFEGSMTHx,TRADE_WEIGHTED_USD_ADVANCED_ECONOMIES,2020-04,TWEXMMTH,TWEXAFEGSMTHx,adjacent_vintage_bridge,2020-03,2020-04,1986-01-01,-0.010057441262417477,-0.010057440748458824,5.139586534141927e-10
6,TRADE_WEIGHTED_USD_ADVANCED_ECONOMIES__2020-04__TWEXMMTH__to__TWEXAFEGSMTHx,TRADE_WEIGHTED_USD_ADVANCED_ECONOMIES,2020-04,TWEXMMTH,TWEXAFEGSMTHx,adjacent_vintage_bridge,2020-03,2020-04,1986-02-01,-0.03793068622944773,-0.037930686366412836,-1.369651059235366e-10
6,TRADE_WEIGHTED_USD_ADVANCED_ECONOMIES__2020-04__TWEXMMTH__to__TWEXAFEGSMTHx,TRADE_WEIGHTED_USD_ADVANCED_ECONOMIES,2020-04,TWEXMMTH,TWEXAFEGSMTHx,adjacent_vintage_bridge,2020-03,2020-04,1986-03-01,-0.021255942773282577,-0.02125594269825104,7.503153653942718e-11
6,TRADE_WEIGHTED_USD_ADVANCED_ECONOMIES__2020-04__TWEXMMTH__to__TWEXAFEGSMTHx,TRADE_WEIGHTED_USD_ADVANCED_ECONOMIES,2020-04,TWEXMMTH,TWEXAFEGSMTHx,adjacent_vintage_bridge,2020-03,2020-04,1986-04-01,-0.009396735742789986,-0.00939673560109977,1.4169021511634128e-10
6,TRADE_WEIGHTED_USD_ADVANCED_ECONOMIES__2020-04__TWEXMMTH__to__TWEXAFEGSMTHx,TRADE_WEIGHTED_USD_ADVANCED_ECONOMIES,2020-04,TWEXMMTH,TWEXAFEGSMTHx,adjacent_vintage_bridge,2020-03,2020-04,1986-05-01,-0.02388966832638051,-0.023889668408541453,-8.216094471436008e-11
6,TRADE_WEIGHTED_USD_ADVANCED_ECONOMIES__2020-04__TWEXMMTH__to__TWEXAFEGSMTHx,TRADE_WEIGHTED_USD_ADVANCED_ECONOMIES,2020-04,TWEXMMTH,TWEXAFEGSMTHx,adjacent_vintage_bridge,2020-03,2020-04,1986-06-01,0.006652774458761002,0.0066527742049906635,-2.537703380767198e-10
6,TRADE_WEIGHTED_USD_ADVANCED_ECONOMIES__2020-04__TWEXMMTH__to__TWEXAFEGSMTHx,TRADE_WEIGHTED_USD_ADVANCED_ECONOMIES,2020-04,TWEXMMTH,TWEXAFEGSMTHx,adjacent_vintage_bridge,2020-03,2020-04,1986-07-01,-0.027049424490695806,-0.027049424895436047,-4.0474024132208797e-10
6,TRADE_WEIGHTED_USD_ADVANCED_ECONOMIES__2020-04__TWEXMMTH__to__TWEXAFEGSMTHx,TRADE_WEIGHTED_USD_ADVANCED_ECONOMIES,2020-04,TWEXMMTH,TWEXAFEGSMTHx,adjacent_vintage_bridge,2020-03,2020-04,1986-08-01,-0.017190263093303848,-0.017190262807872614,2.8543123420377015e-10
6,TRADE_WEIGHTED_USD_ADVANCED_ECONOMIES__2020-04__TWEXMMTH__to__TWEXAFEGSMTHx,TRADE_WEIGHTED_USD_ADVANCED_ECONOMIES,2020-04,TWEXMMTH,TWEXAFEGSMTHx,adjacent_vintage_bridge,2020-03,2020-04,1986-09-01,-0.000930010831835304,-0.0009300106315475176,2.0028778635605704e-10
6,TRADE_WEIGHTED_USD_ADVANCED_ECONOMIES__2020-04__TWEXMMTH__to__TWEXAFEGSMTHx,TRADE_WEIGHTED_USD_ADVANCED_ECONOMIES,2020-04,TWEXMMTH,TWEXAFEGSMTHx,adjacent_vintage_bridge,2020-03,2020-04,1986-10-01,0.0006712873228975624,0.0006712874379344314,1.1503686891956022e-10
6,TRADE_WEIGHTED_USD_ADVANCED_ECONOMIES__2020-04__TWEXMMTH__to__TWEXAFEGSMTHx,TRADE_WEIGHTED_USD_ADVANCED_ECONOMIES,2020-04,TWEXMMTH,TWEXAFEGSMTHx,adjacent_vintage_bridge,2020-03,2020-04,1986-11-01,0.014998180983845089,0.014998180736874644,-2.469704440954956e-10
6,TRADE_WEIGHTED_USD_ADVANCED_ECONOMIES__2020-04__TWEXMMTH__to__TWEXAFEGSMTHx,TRADE_WEIGHTED_USD_ADVANCED_ECONOMIES,2020-04,TWEXMMTH,TWEXAFEGSMTHx,adjacent_vintage_bridge,2020-03,2020-04,1986-12-01,-0.009354656065391431,-0.009354656408924633,-3.4353320188529324e-10
6,TRADE_WEIGHTED_USD_ADVANCED_ECONOMIES__2020-04__TWEXMMTH__to__TWEXAFEGSMTHx,TRADE_WEIGHTED_USD_ADVANCED_ECONOMIES,2020-04,TWEXMMTH,TWEXAFEGSMTHx,adjacent_vintage_bridge,2020-03,2020-04,1987-01-01,-0.040941187811561086,-0.04094118754695675,2.646043384402219e-10
6,TRADE_WEIGHTED_USD_ADVANCED_ECONOMIES__2020-04__TWEXMMTH__to__TWEXAFEGSMTHx,TRADE_WEIGHTED_USD_ADVANCED_ECONOMIES,2020-04,TWEXMMTH,TWEXAFEGSMTHx,adjacent_vintage_bridge,2020-03,2020-04,1987-02-01,-0.015319211063096638,-0.015319210906714176,1.5638246253502075e-10
6,TRADE_WEIGHTED_USD_ADVANCED_ECONOMIES__2020-04__TWEXMMTH__to__TWEXAFEGSMTHx,TRADE_WEIGHTED_USD_ADVANCED_ECONOMIES,2020-04,TWEXMMTH,TWEXAFEGSMTHx,adjacent_vintage_bridge,2020-03,2020-04,1987-03-01,-0.009905624632947863,-0.009905624715145223,-8.219736002956779e-11
6,TRADE_WEIGHTED_USD_ADVANCED_ECONOMIES__2020-04__TWEXMMTH__to__TWEXAFEGSMTHx,TRADE_WEIGHTED_USD_ADVANCED_ECONOMIES,2020-04,TWEXMMTH,TWEXAFEGSMTHx,adjacent_vintage_bridge,2020-03,2020-04,1987-04-01,-0.024832414162245797,-0.024832414491476662,-3.292308647928621e-10
6,TRADE_WEIGHTED_USD_ADVANCED_ECONOMIES__2020-04__TWEXMMTH__to__TWEXAFEGSMTHx,TRADE_WEIGHTED_USD_ADVANCED_ECONOMIES,2020-04,TWEXMMTH,TWEXAFEGSMTHx,adjacent_vintage_bridge,2020-03,2020-04,1987-05-01,-0.006861324908888022,-0.006861324782356348,1.2653167402731924e-10
6,TRADE_WEIGHTED_USD_ADVANCED_ECONOMIES__2020-04__TWEXMMTH__to__TWEXAFEGSMTHx,TRADE_WEIGHTED_USD_ADVANCED_ECONOMIES,2020-04,TWEXMMTH,TWEXAFEGSMTHx,adjacent_vintage_bridge,2020-03,2020-04,1987-06-01,0.015877801335559383,0.015877801384420742,4.886135940296299e-11
6,TRADE_WEIGHTED_USD_ADVANCED_ECONOMIES__2020-04__TWEXMMTH__to__TWEXAFEGSMTHx,TRADE_WEIGHTED_USD_ADVANCED_ECONOMIES,2020-04,TWEXMMTH,TWEXAFEGSMTHx,adjacent_vintage_bridge,2020-03,2020-04,1987-07-01,0.01563768919319042,0.015637689741965666,5.487752474664376e-10
6,TRADE_WEIGHTED_USD_ADVANCED_ECONOMIES__2020-04__TWEXMMTH__to__TWEXAFEGSMTHx,TRADE_WEIGHTED_USD_ADVANCED_ECONOMIES,2020-04,TWEXMMTH,TWEXAFEGSMTHx,adjacent_vintage_bridge,2020-03,2020-04,1987-08-01,-0.003901217290477099,-0.0039012179112729584,-6.207958591630813e-10
6,TRADE_WEIGHTED_USD_ADVANCED_ECONOMIES__2020-04__TWEXMMTH__to__TWEXAFEGSMTHx,TRADE_WEIGHTED_USD_ADVANCED_ECONOMIES,2020-04,TWEXMMTH,TWEXAFEGSMTHx,adjacent_vintage_bridge,2020-03,2020-04,1987-09-01,-0.02120932134893394,-0.021209321062382713,2.86551227191012e-10
6,TRADE_WEIGHTED_USD_ADVANCED_ECONOMIES__2020-04__TWEXMMTH__to__TWEXAFEGSMTHx,TRADE_WEIGHTED_USD_ADVANCED_ECONOMIES,2020-04,TWEXMMTH,TWEXAFEGSMTHx,adjacent_vintage_bridge,2020-03,2020-04,1987-10-01,-0.003996470382745976,-0.003996470762609228,-3.7986325196470716e-10
6,TRADE_WEIGHTED_USD_ADVANCED_ECONOMIES__2020-04__TWEXMMTH__to__TWEXAFEGSMTHx,TRADE_WEIGHTED_USD_ADVANCED_ECONOMIES,2020-04,TWEXMMTH,TWEXAFEGSMTHx,adjacent_vintage_bridge,2020-03,2020-04,1987-11-01,-0.04160545527968562,-0.041605454897839955,3.8184566619747784e-10
6,TRADE_WEIGHTED_USD_ADVANCED_ECONOMIES__2020-04__TWEXMMTH__to__TWEXAFEGSMTHx,TRADE_WEIGHTED_USD_ADVANCED_ECONOMIES,2020-04,TWEXMMTH,TWEXAFEGSMTHx,adjacent_vintage_bridge,2020-03,2020-04,1987-12-01,-0.031109509382656775,-0.031109509853582296,-4.709255208013019e-10
6,TRADE_WEIGHTED_USD_ADVANCED_ECONOMIES__2020-04__TWEXMMTH__to__TWEXAFEGSMTHx,TRADE_WEIGHTED_USD_ADVANCED_ECONOMIES,2020-04,TWEXMMTH,TWEXAFEGSMTHx,adjacent_vintage_bridge,2020-03,2020-04,1988-01-01,-0.0006748605776705219,-0.0006748596896084536,8.880620683271445e-10
6,TRADE_WEIGHTED_USD_ADVANCED_ECONOMIES__2020-04__TWEXMMTH__to__TWEXAFEGSMTHx,TRADE_WEIGHTED_USD_ADVANCED_ECONOMIES,2020-04,TWEXMMTH,TWEXAFEGSMTHx,adjacent_vintage_bridge,2020-03,2020-04,1988-02-01,0.01059114178977083,0.010591141562842132,-2.269286980549623e-10
6,TRADE_WEIGHTED_USD_ADVANCED_ECONOMIES__2020-04__TWEXMMTH__to__TWEXAFEGSMTHx,TRADE_WEIGHTED_USD_ADVANCED_ECONOMIES,2020-04,TWEXMMTH,TWEXAFEGSMTHx,adjacent_vintage_bridge,2020-03,2020-04,1988-03-01,-0.016674243031148173,-0.016674243545286238,-5.141380654549721e-10
6,TRADE_WEIGHTED_USD_ADVANCED_ECONOMIES__2020-04__TWEXMMTH__to__TWEXAFEGSMTHx,TRADE_WEIGHTED_USD_ADVANCED_ECONOMIES,2020-04,TWEXMMTH,TWEXAFEGSMTHx,adjacent_vintage_bridge,2020-03,2020-04,1988-04-01,-0.012195390180753662,-0.012195389888312924,2.9244073829204353e-10
6,TRADE_WEIGHTED_USD_ADVANCED_ECONOMIES__2020-04__TWEXMMTH__to__TWEXAFEGSMTHx,TRADE_WEIGHTED_USD_ADVANCED_ECONOMIES,2020-04,TWEXMMTH,TWEXAFEGSMTHx,adjacent_vintage_bridge,2020-03,2020-04,1988-05-01,0.0038915166856856587,0.0038915168682196466,1.8253398792467124e-10
6,TRADE_WEIGHTED_USD_ADVANCED_ECONOMIES__2020-04__TWEXMMTH__to__TWEXAFEGSMTHx,TRADE_WEIGHTED_USD_ADVANCED_ECONOMIES,2020-04,TWEXMMTH,TWEXAFEGSMTHx,adjacent_vintage_bridge,2020-03,2020-04,1988-06-01,0.01837708883679401,0.01837708852401576,-3.12778247746337e-10
6,TRADE_WEIGHTED_USD_ADVANCED_ECONOMIES__2020-04__TWEXMMTH__to__TWEXAFEGSMTHx,TRADE_WEIGHTED_USD_ADVANCED_ECONOMIES,2020-04,TWEXMMTH,TWEXAFEGSMTHx,adjacent_vintage_bridge,2020-03,2020-04,1988-07-01,0.030716086871869663,0.03071608691394534,4.207567627645403e-11
6,TRADE_WEIGHTED_USD_ADVANCED_ECONOMIES__2020-04__TWEXMMTH__to__TWEXAFEGSMTHx,TRADE_WEIGHTED_USD_ADVANCED_ECONOMIES,2020-04,TWEXMMTH,TWEXAFEGSMTHx,adjacent_vintage_bridge,2020-03,2020-04,1988-08-01,0.013139881804366205,0.013139881647752816,-1.5661338892414278e-10
6,TRADE_WEIGHTED_USD_ADVANCED_ECONOMIES__2020-04__TWEXMMTH__to__TWEXAFEGSMTHx,TRADE_WEIGHTED_USD_ADVANCED_ECONOMIES,2020-04,TWEXMMTH,TWEXAFEGSMTHx,adjacent_vintage_bridge,2020-03,2020-04,1988-09-01,0.00032225420817955097,0.0003222540426941478,-1.6548540315852733e-10
6,TRADE_WEIGHTED_USD_ADVANCED_ECONOMIES__2020-04__TWEXMMTH__to__TWEXAFEGSMTHx,TRADE_WEIGHTED_USD_ADVANCED_ECONOMIES,2020-04,TWEXMMTH,TWEXAFEGSMTHx,adjacent_vintage_bridge,2020-03,2020-04,1988-10-01,-0.029646013337364607,-0.029646012560065493,7.772991139631813e-10
6,TRADE_WEIGHTED_USD_ADVANCED_ECONOMIES__2020-04__TWEXMMTH__to__TWEXAFEGSMTHx,TRADE_WEIGHTED_USD_ADVANCED_ECONOMIES,2020-04,TWEXMMTH,TWEXAFEGSMTHx,adjacent_vintage_bridge,2020-03,2020-04,1988-11-01,-0.027677237040943048,-0.027677236949526396,9.141665202605509e-11
6,TRADE_WEIGHTED_USD_ADVANCED_ECONOMIES__2020-04__TWEXMMTH__to__TWEXAFEGSMTHx,TRADE_WEIGHTED_USD_ADVANCED_ECONOMIES,2020-04,TWEXMMTH,TWEXAFEGSMTHx,adjacent_vintage_bridge,2020-03,2020-04,1988-12-01,-0.0040871145958707444,-0.004087115318086809,-7.222160647302189e-10
6,TRADE_WEIGHTED_USD_ADVANCED_ECONOMIES__2020-04__TWEXMMTH__to__TWEXAFEGSMTHx,TRADE_WEIGHTED_USD_ADVANCED_ECONOMIES,2020-04,TWEXMMTH,TWEXAFEGSMTHx,adjacent_vintage_bridge,2020-03,2020-04,1989-01-01,0.023588031142121046,0.023588031300883827,1.5876278069981709e-10
6,TRADE_WEIGHTED_USD_ADVANCED_ECONOMIES__2020-04__TWEXMMTH__to__TWEXAFEGSMTHx,TRADE_WEIGHTED_USD_ADVANCED_ECONOMIES,2020-04,TWEXMMTH,TWEXAFEGSMTHx,adjacent_vintage_bridge,2020-03,2020-04,1989-02-01,0.004644091437877584,0.0046440913751002455,-6.277733888282455e-11
6,TRADE_WEIGHTED_USD_ADVANCED_ECONOMIES__2020-04__TWEXMMTH__to__TWEXAFEGSMTHx,TRADE_WEIGHTED_USD_ADVANCED_ECONOMIES,2020-04,TWEXMMTH,TWEXAFEGSMTHx,adjacent_vintage_bridge,2020-03,2020-04,1989-03-01,0.014467550325810485,0.014467550208344448,-1.1746603689744006e-10
6,TRADE_WEIGHTED_USD_ADVANCED_ECONOMIES__2020-04__TWEXMMTH__to__TWEXAFEGSMTHx,TRADE_WEIGHTED_USD_ADVANCED_ECONOMIES,2020-04,TWEXMMTH,TWEXAFEGSMTHx,adjacent_vintage_bridge,2020-03,2020-04,1989-04-01,0.003360649635781421,0.0033606499364280396,3.00646618711653e-10
6,TRADE_WEIGHTED_USD_ADVANCED_ECONOMIES__2020-04__TWEXMMTH__to__TWEXAFEGSMTHx,TRADE_WEIGHTED_USD_ADVANCED_ECONOMIES,2020-04,TWEXMMTH,TWEXAFEGSMTHx,adjacent_vintage_bridge,2020-03,2020-04,1989-05-01,0.03143118005191248,0.03143117988383537,-1.680771077872123e-10
6,TRADE_WEIGHTED_USD_ADVANCED_ECONOMIES__2020-04__TWEXMMTH__to__TWEXAFEGSMTHx,TRADE_WEIGHTED_USD_ADVANCED_ECONOMIES,2020-04,TWEXMMTH,TWEXAFEGSMTHx,adjacent_vintage_bridge,2020-03,2020-04,1989-06-01,0.024346267346052386,0.02434626785785987,5.11807485281679e-10
6,TRADE_WEIGHTED_USD_ADVANCED_ECONOMIES__2020-04__TWEXMMTH__to__TWEXAFEGSMTHx,TRADE_WEIGHTED_USD_ADVANCED_ECONOMIES,2020-04,TWEXMMTH,TWEXAFEGSMTHx,adjacent_vintage_bridge,2020-03,2020-04,1989-07-01,-0.029096725600368245,-0.02909672616423631,-5.638680633524018e-10
6,TRADE_WEIGHTED_USD_ADVANCED_ECONOMIES__2020-04__TWEXMMTH__to__TWEXAFEGSMTHx,TRADE_WEIGHTED_USD_ADVANCED_ECONOMIES,2020-04,TWEXMMTH,TWEXAFEGSMTHx,adjacent_vintage_bridge,2020-03,2020-04,1989-08-01,0.006712644216831265,0.0067126440395473,-1.772839652858238e-10
6,TRADE_WEIGHTED_USD_ADVANCED_ECONOMIES__2020-04__TWEXMMTH__to__TWEXAFEGSMTHx,TRADE_WEIGHTED_USD_ADVANCED_ECONOMIES,2020-04,TWEXMMTH,TWEXAFEGSMTHx,adjacent_vintage_bridge,2020-03,2020-04,1989-09-01,0.014067321572103886,0.014067322058686216,4.865823299837757e-10
6,TRADE_WEIGHTED_USD_ADVANCED_ECONOMIES__2020-04__TWEXMMTH__to__TWEXAFEGSMTHx,TRADE_WEIGHTED_USD_ADVANCED_ECONOMIES,2020-04,TWEXMMTH,TWEXAFEGSMTHx,adjacent_vintage_bridge,2020-03,2020-04,1989-10-01,-0.020860926338585273,-0.0208609267998332,-4.6124792874024934e-10
6,TRADE_WEIGHTED_USD_ADVANCED_ECONOMIES__2020-04__TWEXMMTH__to__TWEXAFEGSMTHx,TRADE_WEIGHTED_USD_ADVANCED_ECONOMIES,2020-04,TWEXMMTH,TWEXAFEGSMTHx,adjacent_vintage_bridge,2020-03,2020-04,1989-11-01,-0.0033841193702404126,-0.003384118600529895,7.697105175452634e-10
6,TRADE_WEIGHTED_USD_ADVANCED_ECONOMIES__2020-04__TWEXMMTH__to__TWEXAFEGSMTHx,TRADE_WEIGHTED_USD_ADVANCED_ECONOMIES,2020-04,TWEXMMTH,TWEXAFEGSMTHx,adjacent_vintage_bridge,2020-03,2020-04,1989-12-01,-0.017789165535554652,-0.017789166279085222,-7.435305704461825e-10
6,TRADE_WEIGHTED_USD_ADVANCED_ECONOMIES__2020-04__TWEXMMTH__to__TWEXAFEGSMTHx,TRADE_WEIGHTED_USD_ADVANCED_ECONOMIES,2020-04,TWEXMMTH,TWEXAFEGSMTHx,adjacent_vintage_bridge,2020-03,2020-04,1990-01-01,-0.00759819652395155,-0.007598196600013374,-7.606182350627932e-11
6,TRADE_WEIGHTED_USD_ADVANCED_ECONOMIES__2020-04__TWEXMMTH__to__TWEXAFEGSMTHx,TRADE_WEIGHTED_USD_ADVANCED_ECONOMIES,2020-04,TWEXMMTH,TWEXAFEGSMTHx,adjacent_vintage_bridge,2020-03,2020-04,1990-02-01,0.0004554899327295914,0.0004554903957432188,4.630136274386132e-10
6,TRADE_WEIGHTED_USD_ADVANCED_ECONOMIES__2020-04__TWEXMMTH__to__TWEXAFEGSMTHx,TRADE_WEIGHTED_USD_ADVANCED_ECONOMIES,2020-04,TWEXMMTH,TWEXAFEGSMTHx,adjacent_vintage_bridge,2020-03,2020-04,1990-03-01,0.019958716018513734,0.01995871610915856,9.064482497933568e-11
6,TRADE_WEIGHTED_USD_ADVANCED_ECONOMIES__2020-04__TWEXMMTH__to__TWEXAFEGSMTHx,TRADE_WEIGHTED_USD_ADVANCED_ECONOMIES,2020-04,TWEXMMTH,TWEXAFEGSMTHx,adjacent_vintage_bridge,2020-03,2020-04,1990-04-01,-4.9835463456382456e-05,-4.983542896841442e-05,3.448796803695586e-11
6,TRADE_WEIGHTED_USD_ADVANCED_ECONOMIES__2020-04__TWEXMMTH__to__TWEXAFEGSMTHx,TRADE_WEIGHTED_USD_ADVANCED_ECONOMIES,2020-04,TWEXMMTH,TWEXAFEGSMTHx,adjacent_vintage_bridge,2020-03,2020-04,1990-05-01,-0.013777299111967345,-0.013777299446344315,-3.3437697055660465e-10
6,TRADE_WEIGHTED_USD_ADVANCED_ECONOMIES__2020-04__TWEXMMTH__to__TWEXAFEGSMTHx,TRADE_WEIGHTED_USD_ADVANCED_ECONOMIES,2020-04,TWEXMMTH,TWEXAFEGSMTHx,adjacent_vintage_bridge,2020-03,2020-04,1990-06-01,-0.00013116657636391693,-0.00013116656295331097,1.3410605959052191e-11
6,TRADE_WEIGHTED_USD_ADVANCED_ECONOMIES__2020-04__TWEXMMTH__to__TWEXAFEGSMTHx,TRADE_WEIGHTED_USD_ADVANCED_ECONOMIES,2020-04,TWEXMMTH,TWEXAFEGSMTHx,adjacent_vintage_bridge,2020-03,2020-04,1990-07-01,-0.027661358966141414,-0.027661358762598454,2.03542960264258e-10
6,TRADE_WEIGHTED_USD_ADVANCED_ECONOMIES__2020-04__TWEXMMTH__to__TWEXAFEGSMTHx,TRADE_WEIGHTED_USD_ADVANCED_ECONOMIES,2020-04,TWEXMMTH,TWEXAFEGSMTHx,adjacent_vintage_bridge,2020-03,2020-04,1990-08-01,-0.02564436858969632,-0.025644369007498113,-4.17801793162198e-10
6,TRADE_WEIGHTED_USD_ADVANCED_ECONOMIES__2020-04__TWEXMMTH__to__TWEXAFEGSMTHx,TRADE_WEIGHTED_USD_ADVANCED_ECONOMIES,2020-04,TWEXMMTH,TWEXAFEGSMTHx,adjacent_vintage_bridge,2020-03,2020-04,1990-09-01,-0.013201210442992384,-0.013201210137699704,3.0529268002510435e-10
6,TRADE_WEIGHTED_USD_ADVANCED_ECONOMIES__2020-04__TWEXMMTH__to__TWEXAFEGSMTHx,TRADE_WEIGHTED_USD_ADVANCED_ECONOMIES,2020-04,TWEXMMTH,TWEXAFEGSMTHx,adjacent_vintage_bridge,2020-03,2020-04,1990-10-01,-0.030356938668163025,-0.03035693862497091,4.319211655001709e-11
6,TRADE_WEIGHTED_USD_ADVANCED_ECONOMIES__2020-04__TWEXMMTH__to__TWEXAFEGSMTHx,TRADE_WEIGHTED_USD_ADVANCED_ECONOMIES,2020-04,TWEXMMTH,TWEXAFEGSMTHx,adjacent_vintage_bridge,2020-03,2020-04,1990-11-01,-0.007687694268432743,-0.007687694311711901,-4.32791580351477e-11
6,TRADE_WEIGHTED_USD_ADVANCED_ECONOMIES__2020-04__TWEXMMTH__to__TWEXAFEGSMTHx,TRADE_WEIGHTED_USD_ADVANCED_ECONOMIES,2020-04,TWEXMMTH,TWEXAFEGSMTHx,adjacent_vintage_bridge,2020-03,2020-04,1990-12-01,0.0156987236073034,0.015698723331775355,-2.7552804482411375e-10
6,TRADE_WEIGHTED_USD_ADVANCED_ECONOMIES__2020-04__TWEXMMTH__to__TWEXAFEGSMTHx,TRADE_WEIGHTED_USD_ADVANCED_ECONOMIES,2020-04,TWEXMMTH,TWEXAFEGSMTHx,adjacent_vintage_bridge,2020-03,2020-04,1991-01-01,-0.001004051561388053,-0.0010040514588576244,1.0253042859176276e-10
6,TRADE_WEIGHTED_USD_ADVANCED_ECONOMIES__2020-04__TWEXMMTH__to__TWEXAFEGSMTHx,TRADE_WEIGHTED_USD_ADVANCED_ECONOMIES,2020-04,TWEXMMTH,TWEXAFEGSMTHx,adjacent_vintage_bridge,2020-03,2020-04,1991-02-01,-0.014687509825197509,-0.014687509609939475,2.1525803362010265e-10
6,TRADE_WEIGHTED_USD_ADVANCED_ECONOMIES__2020-04__TWEXMMTH__to__TWEXAFEGSMTHx,TRADE_WEIGHTED_USD_ADVANCED_ECONOMIES,2020-04,TWEXMMTH,TWEXAFEGSMTHx,adjacent_vintage_bridge,2020-03,2020-04,1991-03-01,0.05122166987188059,0.051221669903192435,3.1311842008108215e-11
6,TRADE_WEIGHTED_USD_ADVANCED_ECONOMIES__2020-04__TWEXMMTH__to__TWEXAFEGSMTHx,TRADE_WEIGHTED_USD_ADVANCED_ECONOMIES,2020-04,TWEXMMTH,TWEXAFEGSMTHx,adjacent_vintage_bridge,2020-03,2020-04,1991-04-01,0.01902825181041301,0.019028251853065115,4.2652104070839414e-11
6,TRADE_WEIGHTED_USD_ADVANCED_ECONOMIES__2020-04__TWEXMMTH__to__TWEXAFEGSMTHx,TRADE_WEIGHTED_USD_ADVANCED_ECONOMIES,2020-04,TWEXMMTH,TWEXAFEGSMTHx,adjacent_vintage_bridge,2020-03,2020-04,1991-05-01,0.0067956032601497185,0.006795603561378094,3.0122837557655657e-10
6,TRADE_WEIGHTED_USD_ADVANCED_ECONOMIES__2020-04__TWEXMMTH__to__TWEXAFEGSMTHx,TRADE_WEIGHTED_USD_ADVANCED_ECONOMIES,2020-04,TWEXMMTH,TWEXAFEGSMTHx,adjacent_vintage_bridge,2020-03,2020-04,1991-06-01,0.019731611307984842,0.019731610816334566,-4.916502760465846e-10
6,TRADE_WEIGHTED_USD_ADVANCED_ECONOMIES__2020-04__TWEXMMTH__to__TWEXAFEGSMTHx,TRADE_WEIGHTED_USD_ADVANCED_ECONOMIES,2020-04,TWEXMMTH,TWEXAFEGSMTHx,adjacent_vintage_bridge,2020-03,2020-04,1991-07-01,-0.0021478137446599987,-0.002147813584945979,1.5971401978731592e-10
6,TRADE_WEIGHTED_USD_ADVANCED_ECONOMIES__2020-04__TWEXMMTH__to__TWEXAFEGSMTHx,TRADE_WEIGHTED_USD_ADVANCED_ECONOMIES,2020-04,TWEXMMTH,TWEXAFEGSMTHx,adjacent_vintage_bridge,2020-03,2020-04,1991-08-01,-0.012919764286662527,-0.012919764387161692,-1.0049916454590857e-10
6,TRADE_WEIGHTED_USD_ADVANCED_ECONOMIES__2020-04__TWEXMMTH__to__TWEXAFEGSMTHx,TRADE_WEIGHTED_USD_ADVANCED_ECONOMIES,2020-04,TWEXMMTH,TWEXAFEGSMTHx,adjacent_vintage_bridge,2020-03,2020-04,1991-09-01,-0.019541621624341587,-0.01954162128328818,3.410534077374905e-10
6,TRADE_WEIGHTED_USD_ADVANCED_ECONOMIES__2020-04__TWEXMMTH__to__TWEXAFEGSMTHx,TRADE_WEIGHTED_USD_ADVANCED_ECONOMIES,2020-04,TWEXMMTH,TWEXAFEGSMTHx,adjacent_vintage_bridge,2020-03,2020-04,1991-10-01,-0.009949893371141272,-0.009949893396049347,-2.4908075602070312e-11
6,TRADE_WEIGHTED_USD_ADVANCED_ECONOMIES__2020-04__TWEXMMTH__to__TWEXAFEGSMTHx,TRADE_WEIGHTED_USD_ADVANCED_ECONOMIES,2020-04,TWEXMMTH,TWEXAFEGSMTHx,adjacent_vintage_bridge,2020-03,2020-04,1991-11-01,-0.017876153304253073,-0.0178761540093193,-7.050662276242292e-10
6,TRADE_WEIGHTED_USD_ADVANCED_ECONOMIES__2020-04__TWEXMMTH__to__TWEXAFEGSMTHx,TRADE_WEIGHTED_USD_ADVANCED_ECONOMIES,2020-04,TWEXMMTH,TWEXAFEGSMTHx,adjacent_vintage_bridge,2020-03,2020-04,1991-12-01,-0.013805336800419177,-0.01380533677656004,2.3859136888404464e-11
6,TRADE_WEIGHTED_USD_ADVANCED_ECONOMIES__2020-04__TWEXMMTH__to__TWEXAFEGSMTHx,TRADE_WEIGHTED_USD_ADVANCED_ECONOMIES,2020-04,TWEXMMTH,TWEXAFEGSMTHx,adjacent_vintage_bridge,2020-03,2020-04,1992-01-01,0.0011091781823786562,0.0011091785709806956,3.886020394361367e-10
6,TRADE_WEIGHTED_USD_ADVANCED_ECONOMIES__2020-04__TWEXMMTH__to__TWEXAFEGSMTHx,TRADE_WEIGHTED_USD_ADVANCED_ECONOMIES,2020-04,TWEXMMTH,TWEXAFEGSMTHx,adjacent_vintage_bridge,2020-03,2020-04,1992-02-01,0.02041713116102084,0.020417131645130482,4.841096412633306e-10
6,TRADE_WEIGHTED_USD_ADVANCED_ECONOMIES__2020-04__TWEXMMTH__to__TWEXAFEGSMTHx,TRADE_WEIGHTED_USD_ADVANCED_ECONOMIES,2020-04,TWEXMMTH,TWEXAFEGSMTHx,adjacent_vintage_bridge,2020-03,2020-04,1992-03-01,0.025292027111038173,0.0252920264132932,-6.977449729106411e-10
6,TRADE_WEIGHTED_USD_ADVANCED_ECONOMIES__2020-04__TWEXMMTH__to__TWEXAFEGSMTHx,TRADE_WEIGHTED_USD_ADVANCED_ECONOMIES,2020-04,TWEXMMTH,TWEXAFEGSMTHx,adjacent_vintage_bridge,2020-03,2020-04,1992-04-01,-0.0039918828922882454,-0.003991882825211235,6.707701061259286e-11
6,TRADE_WEIGHTED_USD_ADVANCED_ECONOMIES__2020-04__TWEXMMTH__to__TWEXAFEGSMTHx,TRADE_WEIGHTED_USD_ADVANCED_ECONOMIES,2020-04,TWEXMMTH,TWEXAFEGSMTHx,adjacent_vintage_bridge,2020-03,2020-04,1992-05-01,-0.012378390852412657,-0.012378390537990391,3.1442226600120193e-10
6,TRADE_WEIGHTED_USD_ADVANCED_ECONOMIES__2020-04__TWEXMMTH__to__TWEXAFEGSMTHx,TRADE_WEIGHTED_USD_ADVANCED_ECONOMIES,2020-04,TWEXMMTH,TWEXAFEGSMTHx,adjacent_vintage_bridge,2020-03,2020-04,1992-06-01,-0.022243147681344944,-0.022243147881988,-2.006430577239371e-10
6,TRADE_WEIGHTED_USD_ADVANCED_ECONOMIES__2020-04__TWEXMMTH__to__TWEXAFEGSMTHx,TRADE_WEIGHTED_USD_ADVANCED_ECONOMIES,2020-04,TWEXMMTH,TWEXAFEGSMTHx,adjacent_vintage_bridge,2020-03,2020-04,1992-07-01,-0.023630003397433264,-0.02363000335446408,4.296918376667236e-11
6,TRADE_WEIGHTED_USD_ADVANCED_ECONOMIES__2020-04__TWEXMMTH__to__TWEXAFEGSMTHx,TRADE_WEIGHTED_USD_ADVANCED_ECONOMIES,2020-04,TWEXMMTH,TWEXAFEGSMTHx,adjacent_vintage_bridge,2020-03,2020-04,1992-08-01,-0.009473190464455605,-0.009473190466732007,-2.276401289691421e-12
6,TRADE_WEIGHTED_USD_ADVANCED_ECONOMIES__2020-04__TWEXMMTH__to__TWEXAFEGSMTHx,TRADE_WEIGHTED_USD_ADVANCED_ECONOMIES,2020-04,TWEXMMTH,TWEXAFEGSMTHx,adjacent_vintage_bridge,2020-03,2020-04,1992-09-01,0.00836928873149656,0.008369288713425682,-1.8070878127218748e-11
6,TRADE_WEIGHTED_USD_ADVANCED_ECONOMIES__2020-04__TWEXMMTH__to__TWEXAFEGSMTHx,TRADE_WEIGHTED_USD_ADVANCED_ECONOMIES,2020-04,TWEXMMTH,TWEXAFEGSMTHx,adjacent_vintage_bridge,2020-03,2020-04,1992-10-01,0.024784938498107145,0.024784938711260196,2.1315305076541335e-10
6,TRADE_WEIGHTED_USD_ADVANCED_ECONOMIES__2020-04__TWEXMMTH__to__TWEXAFEGSMTHx,TRADE_WEIGHTED_USD_ADVANCED_ECONOMIES,2020-04,TWEXMMTH,TWEXAFEGSMTHx,adjacent_vintage_bridge,2020-03,2020-04,1992-11-01,0.04207256487077693,0.04207256498972267,1.1894574214466047e-10
6,TRADE_WEIGHTED_USD_ADVANCED_ECONOMIES__2020-04__TWEXMMTH__to__TWEXAFEGSMTHx,TRADE_WEIGHTED_USD_ADVANCED_ECONOMIES,2020-04,TWEXMMTH,TWEXAFEGSMTHx,adjacent_vintage_bridge,2020-03,2020-04,1992-12-01,0.0029736050807889214,0.002973604361252491,-7.195364304379837e-10
6,TRADE_WEIGHTED_USD_ADVANCED_ECONOMIES__2020-04__TWEXMMTH__to__TWEXAFEGSMTHx,TRADE_WEIGHTED_USD_ADVANCED_ECONOMIES,2020-04,TWEXMMTH,TWEXAFEGSMTHx,adjacent_vintage_bridge,2020-03,2020-04,1993-01-01,0.014407918357586702,0.014407918821869536,4.6428283440036466e-10
6,TRADE_WEIGHTED_USD_ADVANCED_ECONOMIES__2020-04__TWEXMMTH__to__TWEXAFEGSMTHx,TRADE_WEIGHTED_USD_ADVANCED_ECONOMIES,2020-04,TWEXMMTH,TWEXAFEGSMTHx,adjacent_vintage_bridge,2020-03,2020-04,1993-02-01,-0.00018034038476688607,-0.00018034006345946096,3.213074251107173e-10
6,TRADE_WEIGHTED_USD_ADVANCED_ECONOMIES__2020-04__TWEXMMTH__to__TWEXAFEGSMTHx,TRADE_WEIGHTED_USD_ADVANCED_ECONOMIES,2020-04,TWEXMMTH,TWEXAFEGSMTHx,adjacent_vintage_bridge,2020-03,2020-04,1993-03-01,-0.011511546467819045,-0.011511547101058284,-6.332392388230801e-10
6,TRADE_WEIGHTED_USD_ADVANCED_ECONOMIES__2020-04__TWEXMMTH__to__TWEXAFEGSMTHx,TRADE_WEIGHTED_USD_ADVANCED_ECONOMIES,2020-04,TWEXMMTH,TWEXAFEGSMTHx,adjacent_vintage_bridge,2020-03,2020-04,1993-04-01,-0.02439104359601174,-0.024391043570524573,2.5487167931714794e-11
6,TRADE_WEIGHTED_USD_ADVANCED_ECONOMIES__2020-04__TWEXMMTH__to__TWEXAFEGSMTHx,TRADE_WEIGHTED_USD_ADVANCED_ECONOMIES,2020-04,TWEXMMTH,TWEXAFEGSMTHx,adjacent_vintage_bridge,2020-03,2020-04,1993-05-01,-0.0037312141909202623,-0.003731213793388477,3.9753178526780175e-10
6,TRADE_WEIGHTED_USD_ADVANCED_ECONOMIES__2020-04__TWEXMMTH__to__TWEXAFEGSMTHx,TRADE_WEIGHTED_USD_ADVANCED_ECONOMIES,2020-04,TWEXMMTH,TWEXAFEGSMTHx,adjacent_vintage_bridge,2020-03,2020-04,1993-06-01,0.006020706223452521,0.006020706297036327,7.358380571531598e-11
6,TRADE_WEIGHTED_USD_ADVANCED_ECONOMIES__2020-04__TWEXMMTH__to__TWEXAFEGSMTHx,TRADE_WEIGHTED_USD_ADVANCED_ECONOMIES,2020-04,TWEXMMTH,TWEXAFEGSMTHx,adjacent_vintage_bridge,2020-03,2020-04,1993-07-01,0.016328508849293044,0.016328508897627714,4.8334669600080815e-11
6,TRADE_WEIGHTED_USD_ADVANCED_ECONOMIES__2020-04__TWEXMMTH__to__TWEXAFEGSMTHx,TRADE_WEIGHTED_USD_ADVANCED_ECONOMIES,2020-04,TWEXMMTH,TWEXAFEGSMTHx,adjacent_vintage_bridge,2020-03,2020-04,1993-08-01,-0.004619311416983685,-0.004619311607236831,-1.9025314657028503e-10
6,TRADE_WEIGHTED_USD_ADVANCED_ECONOMIES__2020-04__TWEXMMTH__to__TWEXAFEGSMTHx,TRADE_WEIGHTED_USD_ADVANCED_ECONOMIES,2020-04,TWEXMMTH,TWEXAFEGSMTHx,adjacent_vintage_bridge,2020-03,2020-04,1993-09-01,-0.0059335517386776004,-0.005933552187634028,-4.489564275900193e-10
6,TRADE_WEIGHTED_USD_ADVANCED_ECONOMIES__2020-04__TWEXMMTH__to__TWEXAFEGSMTHx,TRADE_WEIGHTED_USD_ADVANCED_ECONOMIES,2020-04,TWEXMMTH,TWEXAFEGSMTHx,adjacent_vintage_bridge,2020-03,2020-04,1993-10-01,0.010252543479795762,0.010252544226889704,7.470939422660194e-10
6,TRADE_WEIGHTED_USD_ADVANCED_ECONOMIES__2020-04__TWEXMMTH__to__TWEXAFEGSMTHx,TRADE_WEIGHTED_USD_ADVANCED_ECONOMIES,2020-04,TWEXMMTH,TWEXAFEGSMTHx,adjacent_vintage_bridge,2020-03,2020-04,1993-11-01,0.0121661126763426,0.012166112545124008,-1.312185915480768e-10
6,TRADE_WEIGHTED_USD_ADVANCED_ECONOMIES__2020-04__TWEXMMTH__to__TWEXAFEGSMTHx,TRADE_WEIGHTED_USD_ADVANCED_ECONOMIES,2020-04,TWEXMMTH,TWEXAFEGSMTHx,adjacent_vintage_bridge,2020-03,2020-04,1993-12-01,0.007302567534464011,0.007302567226050272,-3.084137389919306e-10
6,TRADE_WEIGHTED_USD_ADVANCED_ECONOMIES__2020-04__TWEXMMTH__to__TWEXAFEGSMTHx,TRADE_WEIGHTED_USD_ADVANCED_ECONOMIES,2020-04,TWEXMMTH,TWEXAFEGSMTHx,adjacent_vintage_bridge,2020-03,2020-04,1994-01-01,0.003861269323447658,0.0038612694711170903,1.4766943223776252e-10
6,TRADE_WEIGHTED_USD_ADVANCED_ECONOMIES__2020-04__TWEXMMTH__to__TWEXAFEGSMTHx,TRADE_WEIGHTED_USD_ADVANCED_ECONOMIES,2020-04,TWEXMMTH,TWEXAFEGSMTHx,adjacent_vintage_bridge,2020-03,2020-04,1994-02-01,-0.010089582499050564,-0.010089582311623602,1.8742696283879923e-10
6,TRADE_WEIGHTED_USD_ADVANCED_ECONOMIES__2020-04__TWEXMMTH__to__TWEXAFEGSMTHx,TRADE_WEIGHTED_USD_ADVANCED_ECONOMIES,2020-04,TWEXMMTH,TWEXAFEGSMTHx,adjacent_vintage_bridge,2020-03,2020-04,1994-03-01,-0.005933774919192558,-0.005933775287353171,-3.681606131067383e-10
6,TRADE_WEIGHTED_USD_ADVANCED_ECONOMIES__2020-04__TWEXMMTH__to__TWEXAFEGSMTHx,TRADE_WEIGHTED_USD_ADVANCED_ECONOMIES,2020-04,TWEXMMTH,TWEXAFEGSMTHx,adjacent_vintage_bridge,2020-03,2020-04,1994-04-01,-0.00013363690651502225,-0.00013363635733654178,5.491784804689814e-10
6,TRADE_WEIGHTED_USD_ADVANCED_ECONOMIES__2020-04__TWEXMMTH__to__TWEXAFEGSMTHx,TRADE_WEIGHTED_USD_ADVANCED_ECONOMIES,2020-04,TWEXMMTH,TWEXAFEGSMTHx,adjacent_vintage_bridge,2020-03,2020-04,1994-05-01,-0.00872938788680333,-0.00872938792670297,-3.9899639148188726e-11
6,TRADE_WEIGHTED_USD_ADVANCED_ECONOMIES__2020-04__TWEXMMTH__to__TWEXAFEGSMTHx,TRADE_WEIGHTED_USD_ADVANCED_ECONOMIES,2020-04,TWEXMMTH,TWEXAFEGSMTHx,adjacent_vintage_bridge,2020-03,2020-04,1994-06-01,-0.009281847951427835,-0.009281848613023058,-6.615952230504263e-10
6,TRADE_WEIGHTED_USD_ADVANCED_ECONOMIES__2020-04__TWEXMMTH__to__TWEXAFEGSMTHx,TRADE_WEIGHTED_USD_ADVANCED_ECONOMIES,2020-04,TWEXMMTH,TWEXAFEGSMTHx,adjacent_vintage_bridge,2020-03,2020-04,1994-07-01,-0.02339180822517939,-0.02339180789703743,3.2814195805030977e-10
6,TRADE_WEIGHTED_USD_ADVANCED_ECONOMIES__2020-04__TWEXMMTH__to__TWEXAFEGSMTHx,TRADE_WEIGHTED_USD_ADVANCED_ECONOMIES,2020-04,TWEXMMTH,TWEXAFEGSMTHx,adjacent_vintage_bridge,2020-03,2020-04,1994-08-01,0.0035577820259975468,0.00355778204348578,1.7488233083895466e-11
6,TRADE_WEIGHTED_USD_ADVANCED_ECONOMIES__2020-04__TWEXMMTH__to__TWEXAFEGSMTHx,TRADE_WEIGHTED_USD_ADVANCED_ECONOMIES,2020-04,TWEXMMTH,TWEXAFEGSMTHx,adjacent_vintage_bridge,2020-03,2020-04,1994-09-01,-0.01400520990386589,-0.014005209828288123,7.557776626754276e-11
6,TRADE_WEIGHTED_USD_ADVANCED_ECONOMIES__2020-04__TWEXMMTH__to__TWEXAFEGSMTHx,TRADE_WEIGHTED_USD_ADVANCED_ECONOMIES,2020-04,TWEXMMTH,TWEXAFEGSMTHx,adjacent_vintage_bridge,2020-03,2020-04,1994-10-01,-0.010627095059951408,-0.010627094811209048,2.4874236004279737e-10
6,TRADE_WEIGHTED_USD_ADVANCED_ECONOMIES__2020-04__TWEXMMTH__to__TWEXAFEGSMTHx,TRADE_WEIGHTED_USD_ADVANCED_ECONOMIES,2020-04,TWEXMMTH,TWEXAFEGSMTHx,adjacent_vintage_bridge,2020-03,2020-04,1994-11-01,0.007730963434441129,0.007730963095266219,-3.391749103798247e-10
6,TRADE_WEIGHTED_USD_ADVANCED_ECONOMIES__2020-04__TWEXMMTH__to__TWEXAFEGSMTHx,TRADE_WEIGHTED_USD_ADVANCED_ECONOMIES,2020-04,TWEXMMTH,TWEXAFEGSMTHx,adjacent_vintage_bridge,2020-03,2020-04,1994-12-01,0.019803908339403264,0.019803907993864556,-3.455387087569761e-10
6,TRADE_WEIGHTED_USD_ADVANCED_ECONOMIES__2020-04__TWEXMMTH__to__TWEXAFEGSMTHx,TRADE_WEIGHTED_USD_ADVANCED_ECONOMIES,2020-04,TWEXMMTH,TWEXAFEGSMTHx,adjacent_vintage_bridge,2020-03,2020-04,1995-01-01,-0.004120394532915128,-0.00412039382490903,7.080060981934366e-10
6,TRADE_WEIGHTED_USD_ADVANCED_ECONOMIES__2020-04__TWEXMMTH__to__TWEXAFEGSMTHx,TRADE_WEIGHTED_USD_ADVANCED_ECONOMIES,2020-04,TWEXMMTH,TWEXAFEGSMTHx,adjacent_vintage_bridge,2020-03,2020-04,1995-02-01,-0.010396190105367964,-0.010396190799169425,-6.938014607271725e-10
6,TRADE_WEIGHTED_USD_ADVANCED_ECONOMIES__2020-04__TWEXMMTH__to__TWEXAFEGSMTHx,TRADE_WEIGHTED_USD_ADVANCED_ECONOMIES,2020-04,TWEXMMTH,TWEXAFEGSMTHx,adjacent_vintage_bridge,2020-03,2020-04,1995-03-01,-0.0367148267209334,-0.036714826495467534,2.254658681977162e-10
6,TRADE_WEIGHTED_USD_ADVANCED_ECONOMIES__2020-04__TWEXMMTH__to__TWEXAFEGSMTHx,TRADE_WEIGHTED_USD_ADVANCED_ECONOMIES,2020-04,TWEXMMTH,TWEXAFEGSMTHx,adjacent_vintage_bridge,2020-03,2020-04,1995-04-01,-0.03337300764029738,-0.03337300764294149,-2.644107155447273e-12
6,TRADE_WEIGHTED_USD_ADVANCED_ECONOMIES__2020-04__TWEXMMTH__to__TWEXAFEGSMTHx,TRADE_WEIGHTED_USD_ADVANCED_ECONOMIES,2020-04,TWEXMMTH,TWEXAFEGSMTHx,adjacent_vintage_bridge,2020-03,2020-04,1995-05-01,0.006542219132289695,0.0065422191877724245,5.548272952182742e-11
6,TRADE_WEIGHTED_USD_ADVANCED_ECONOMIES__2020-04__TWEXMMTH__to__TWEXAFEGSMTHx,TRADE_WEIGHTED_USD_ADVANCED_ECONOMIES,2020-04,TWEXMMTH,TWEXAFEGSMTHx,adjacent_vintage_bridge,2020-03,2020-04,1995-06-01,-0.0009712432366626444,-0.0009712432520379011,-1.5375256623428868e-11
6,TRADE_WEIGHTED_USD_ADVANCED_ECONOMIES__2020-04__TWEXMMTH__to__TWEXAFEGSMTHx,TRADE_WEIGHTED_USD_ADVANCED_ECONOMIES,2020-04,TWEXMMTH,TWEXAFEGSMTHx,adjacent_vintage_bridge,2020-03,2020-04,1995-07-01,0.001331044200137299,0.001331044144422755,-5.5714544089369156e-11
6,TRADE_WEIGHTED_USD_ADVANCED_ECONOMIES__2020-04__TWEXMMTH__to__TWEXAFEGSMTHx,TRADE_WEIGHTED_USD_ADVANCED_ECONOMIES,2020-04,TWEXMMTH,TWEXAFEGSMTHx,adjacent_vintage_bridge,2020-03,2020-04,1995-08-01,0.03171470204365878,0.031714702088987856,4.532907382781559e-11
6,TRADE_WEIGHTED_USD_ADVANCED_ECONOMIES__2020-04__TWEXMMTH__to__TWEXAFEGSMTHx,TRADE_WEIGHTED_USD_ADVANCED_ECONOMIES,2020-04,TWEXMMTH,TWEXAFEGSMTHx,adjacent_vintage_bridge,2020-03,2020-04,1995-09-01,0.017789499330178593,0.01778949921335027,-1.1682832479209537e-10
6,TRADE_WEIGHTED_USD_ADVANCED_ECONOMIES__2020-04__TWEXMMTH__to__TWEXAFEGSMTHx,TRADE_WEIGHTED_USD_ADVANCED_ECONOMIES,2020-04,TWEXMMTH,TWEXAFEGSMTHx,adjacent_vintage_bridge,2020-03,2020-04,1995-10-01,-0.01013734119362919,-0.01013734109006581,1.03563380093874e-10
6,TRADE_WEIGHTED_USD_ADVANCED_ECONOMIES__2020-04__TWEXMMTH__to__TWEXAFEGSMTHx,TRADE_WEIGHTED_USD_ADVANCED_ECONOMIES,2020-04,TWEXMMTH,TWEXAFEGSMTHx,adjacent_vintage_bridge,2020-03,2020-04,1995-11-01,0.004443373952441654,0.004443374416451817,4.640101636255167e-10
6,TRADE_WEIGHTED_USD_ADVANCED_ECONOMIES__2020-04__TWEXMMTH__to__TWEXAFEGSMTHx,TRADE_WEIGHTED_USD_ADVANCED_ECONOMIES,2020-04,TWEXMMTH,TWEXAFEGSMTHx,adjacent_vintage_bridge,2020-03,2020-04,1995-12-01,0.008600399617413323,0.00860039925679601,-3.6061731378822515e-10
6,TRADE_WEIGHTED_USD_ADVANCED_ECONOMIES__2020-04__TWEXMMTH__to__TWEXAFEGSMTHx,TRADE_WEIGHTED_USD_ADVANCED_ECONOMIES,2020-04,TWEXMMTH,TWEXAFEGSMTHx,adjacent_vintage_bridge,2020-03,2020-04,1996-01-01,0.01405058036975948,0.014050580718617312,3.488578315113955e-10
6,TRADE_WEIGHTED_USD_ADVANCED_ECONOMIES__2020-04__TWEXMMTH__to__TWEXAFEGSMTHx,TRADE_WEIGHTED_USD_ADVANCED_ECONOMIES,2020-04,TWEXMMTH,TWEXAFEGSMTHx,adjacent_vintage_bridge,2020-03,2020-04,1996-02-01,0.0022011234034033933,0.002201123209303546,-1.9409984730600627e-10
6,TRADE_WEIGHTED_USD_ADVANCED_ECONOMIES__2020-04__TWEXMMTH__to__TWEXAFEGSMTHx,TRADE_WEIGHTED_USD_ADVANCED_ECONOMIES,2020-04,TWEXMMTH,TWEXAFEGSMTHx,adjacent_vintage_bridge,2020-03,2020-04,1996-03-01,-0.0008082487998741783,-0.0008082493409373726,-5.410631942481814e-10
6,TRADE_WEIGHTED_USD_ADVANCED_ECONOMIES__2020-04__TWEXMMTH__to__TWEXAFEGSMTHx,TRADE_WEIGHTED_USD_ADVANCED_ECONOMIES,2020-04,TWEXMMTH,TWEXAFEGSMTHx,adjacent_vintage_bridge,2020-03,2020-04,1996-04-01,0.006043706151243278,0.006043706649450975,4.982076973192306e-10
6,TRADE_WEIGHTED_USD_ADVANCED_ECONOMIES__2020-04__TWEXMMTH__to__TWEXAFEGSMTHx,TRADE_WEIGHTED_USD_ADVANCED_ECONOMIES,2020-04,TWEXMMTH,TWEXAFEGSMTHx,adjacent_vintage_bridge,2020-03,2020-04,1996-05-01,0.004748926787881302,0.004748926159400035,-6.284812670287465e-10
6,TRADE_WEIGHTED_USD_ADVANCED_ECONOMIES__2020-04__TWEXMMTH__to__TWEXAFEGSMTHx,TRADE_WEIGHTED_USD_ADVANCED_ECONOMIES,2020-04,TWEXMMTH,TWEXAFEGSMTHx,adjacent_vintage_bridge,2020-03,2020-04,1996-06-01,0.0027034183475311835,0.0027034183248568766,-2.2674306876524497e-11
6,TRADE_WEIGHTED_USD_ADVANCED_ECONOMIES__2020-04__TWEXMMTH__to__TWEXAFEGSMTHx,TRADE_WEIGHTED_USD_ADVANCED_ECONOMIES,2020-04,TWEXMMTH,TWEXAFEGSMTHx,adjacent_vintage_bridge,2020-03,2020-04,1996-07-01,-0.004519687489888291,-0.004519687424587637,6.530065377319261e-11
6,TRADE_WEIGHTED_USD_ADVANCED_ECONOMIES__2020-04__TWEXMMTH__to__TWEXAFEGSMTHx,TRADE_WEIGHTED_USD_ADVANCED_ECONOMIES,2020-04,TWEXMMTH,TWEXAFEGSMTHx,adjacent_vintage_bridge,2020-03,2020-04,1996-08-01,-0.005929216032969364,-0.0059292153785373,6.544320640955448e-10
6,TRADE_WEIGHTED_USD_ADVANCED_ECONOMIES__2020-04__TWEXMMTH__to__TWEXAFEGSMTHx,TRADE_WEIGHTED_USD_ADVANCED_ECONOMIES,2020-04,TWEXMMTH,TWEXAFEGSMTHx,adjacent_vintage_bridge,2020-03,2020-04,1996-09-01,0.007867747485265753,0.007867747155600568,-3.296651840400955e-10
6,TRADE_WEIGHTED_USD_ADVANCED_ECONOMIES__2020-04__TWEXMMTH__to__TWEXAFEGSMTHx,TRADE_WEIGHTED_USD_ADVANCED_ECONOMIES,2020-04,TWEXMMTH,TWEXAFEGSMTHx,adjacent_vintage_bridge,2020-03,2020-04,1996-10-01,0.0033489672438893336,0.003348967469665176,2.2577584246619153e-10
6,TRADE_WEIGHTED_USD_ADVANCED_ECONOMIES__2020-04__TWEXMMTH__to__TWEXAFEGSMTHx,TRADE_WEIGHTED_USD_ADVANCED_ECONOMIES,2020-04,TWEXMMTH,TWEXAFEGSMTHx,adjacent_vintage_bridge,2020-03,2020-04,1996-11-01,-0.010126749950143399,-0.01012674960751081,3.426325889677173e-10
6,TRADE_WEIGHTED_USD_ADVANCED_ECONOMIES__2020-04__TWEXMMTH__to__TWEXAFEGSMTHx,TRADE_WEIGHTED_USD_ADVANCED_ECONOMIES,2020-04,TWEXMMTH,TWEXAFEGSMTHx,adjacent_vintage_bridge,2020-03,2020-04,1996-12-01,0.017171230158039563,0.017171230019696893,-1.383426706524915e-10
6,TRADE_WEIGHTED_USD_ADVANCED_ECONOMIES__2020-04__TWEXMMTH__to__TWEXAFEGSMTHx,TRADE_WEIGHTED_USD_ADVANCED_ECONOMIES,2020-04,TWEXMMTH,TWEXAFEGSMTHx,adjacent_vintage_bridge,2020-03,2020-04,1997-01-01,0.01793591660522509,0.01793591590178778,-7.034373084024992e-10
6,TRADE_WEIGHTED_USD_ADVANCED_ECONOMIES__2020-04__TWEXMMTH__to__TWEXAFEGSMTHx,TRADE_WEIGHTED_USD_ADVANCED_ECONOMIES,2020-04,TWEXMMTH,TWEXAFEGSMTHx,adjacent_vintage_bridge,2020-03,2020-04,1997-02-01,0.029176901402884425,0.029176902114448566,7.115641409427553e-10
6,TRADE_WEIGHTED_USD_ADVANCED_ECONOMIES__2020-04__TWEXMMTH__to__TWEXAFEGSMTHx,TRADE_WEIGHTED_USD_ADVANCED_ECONOMIES,2020-04,TWEXMMTH,TWEXAFEGSMTHx,adjacent_vintage_bridge,2020-03,2020-04,1997-03-01,0.008502873508262176,0.008502873512357567,4.0953906932372774e-12
6,TRADE_WEIGHTED_USD_ADVANCED_ECONOMIES__2020-04__TWEXMMTH__to__TWEXAFEGSMTHx,TRADE_WEIGHTED_USD_ADVANCED_ECONOMIES,2020-04,TWEXMMTH,TWEXAFEGSMTHx,adjacent_vintage_bridge,2020-03,2020-04,1997-04-01,0.011880675187689427,0.011880675145291342,-4.239808504280518e-11
6,TRADE_WEIGHTED_USD_ADVANCED_ECONOMIES__2020-04__TWEXMMTH__to__TWEXAFEGSMTHx,TRADE_WEIGHTED_USD_ADVANCED_ECONOMIES,2020-04,TWEXMMTH,TWEXAFEGSMTHx,adjacent_vintage_bridge,2020-03,2020-04,1997-05-01,-0.017235418790103374,-0.017235418955634962,-1.6553158843635174e-10
6,TRADE_WEIGHTED_USD_ADVANCED_ECONOMIES__2020-04__TWEXMMTH__to__TWEXAFEGSMTHx,TRADE_WEIGHTED_USD_ADVANCED_ECONOMIES,2020-04,TWEXMMTH,TWEXAFEGSMTHx,adjacent_vintage_bridge,2020-03,2020-04,1997-06-01,-0.005636588055107694,-0.005636588479065452,-4.239577577891396e-10
6,TRADE_WEIGHTED_USD_ADVANCED_ECONOMIES__2020-04__TWEXMMTH__to__TWEXAFEGSMTHx,TRADE_WEIGHTED_USD_ADVANCED_ECONOMIES,2020-04,TWEXMMTH,TWEXAFEGSMTHx,adjacent_vintage_bridge,2020-03,2020-04,1997-07-01,0.011101492733446072,0.011101493442902566,7.094564935528069e-10
6,TRADE_WEIGHTED_USD_ADVANCED_ECONOMIES__2020-04__TWEXMMTH__to__TWEXAFEGSMTHx,TRADE_WEIGHTED_USD_ADVANCED_ECONOMIES,2020-04,TWEXMMTH,TWEXAFEGSMTHx,adjacent_vintage_bridge,2020-03,2020-04,1997-08-01,0.020851705374745677,0.02085170451475893,-8.599867484804236e-10
6,TRADE_WEIGHTED_USD_ADVANCED_ECONOMIES__2020-04__TWEXMMTH__to__TWEXAFEGSMTHx,TRADE_WEIGHTED_USD_ADVANCED_ECONOMIES,2020-04,TWEXMMTH,TWEXAFEGSMTHx,adjacent_vintage_bridge,2020-03,2020-04,1997-09-01,-0.0043898346580339975,-0.004389834661115977,-3.0819791163594346e-12
6,TRADE_WEIGHTED_USD_ADVANCED_ECONOMIES__2020-04__TWEXMMTH__to__TWEXAFEGSMTHx,TRADE_WEIGHTED_USD_ADVANCED_ECONOMIES,2020-04,TWEXMMTH,TWEXAFEGSMTHx,adjacent_vintage_bridge,2020-03,2020-04,1997-10-01,-0.006612625402230954,-0.0066126253270857305,7.51452233771488e-11
6,TRADE_WEIGHTED_USD_ADVANCED_ECONOMIES__2020-04__TWEXMMTH__to__TWEXAFEGSMTHx,TRADE_WEIGHTED_USD_ADVANCED_ECONOMIES,2020-04,TWEXMMTH,TWEXAFEGSMTHx,adjacent_vintage_bridge,2020-03,2020-04,1997-11-01,0.006115955814085083,0.006115955949985263,1.3590017999831616e-10
6,TRADE_WEIGHTED_USD_ADVANCED_ECONOMIES__2020-04__TWEXMMTH__to__TWEXAFEGSMTHx,TRADE_WEIGHTED_USD_ADVANCED_ECONOMIES,2020-04,TWEXMMTH,TWEXAFEGSMTHx,adjacent_vintage_bridge,2020-03,2020-04,1997-12-01,0.023441787442528117,0.023441787609955078,1.674269611839918e-10
6,TRADE_WEIGHTED_USD_ADVANCED_ECONOMIES__2020-04__TWEXMMTH__to__TWEXAFEGSMTHx,TRADE_WEIGHTED_USD_ADVANCED_ECONOMIES,2020-04,TWEXMMTH,TWEXAFEGSMTHx,adjacent_vintage_bridge,2020-03,2020-04,1998-01-01,0.012514045767780146,0.012514045816958586,4.9178439098795934e-11
6,TRADE_WEIGHTED_USD_ADVANCED_ECONOMIES__2020-04__TWEXMMTH__to__TWEXAFEGSMTHx,TRADE_WEIGHTED_USD_ADVANCED_ECONOMIES,2020-04,TWEXMMTH,TWEXAFEGSMTHx,adjacent_vintage_bridge,2020-03,2020-04,1998-02-01,-0.009517395890112468,-0.009517395521380756,3.687317118306055e-10
6,TRADE_WEIGHTED_USD_ADVANCED_ECONOMIES__2020-04__TWEXMMTH__to__TWEXAFEGSMTHx,TRADE_WEIGHTED_USD_ADVANCED_ECONOMIES,2020-04,TWEXMMTH,TWEXAFEGSMTHx,adjacent_vintage_bridge,2020-03,2020-04,1998-03-01,0.00386317333934727,0.0038631725611502077,-7.781970623454981e-10
6,TRADE_WEIGHTED_USD_ADVANCED_ECONOMIES__2020-04__TWEXMMTH__to__TWEXAFEGSMTHx,TRADE_WEIGHTED_USD_ADVANCED_ECONOMIES,2020-04,TWEXMMTH,TWEXAFEGSMTHx,adjacent_vintage_bridge,2020-03,2020-04,1998-04-01,0.0047166102644702335,0.004716610263177934,-1.2922996006636822e-12
6,TRADE_WEIGHTED_USD_ADVANCED_ECONOMIES__2020-04__TWEXMMTH__to__TWEXAFEGSMTHx,TRADE_WEIGHTED_USD_ADVANCED_ECONOMIES,2020-04,TWEXMMTH,TWEXAFEGSMTHx,adjacent_vintage_bridge,2020-03,2020-04,1998-05-01,0.003806947069133315,0.0038069478456383976,7.765050824559694e-10
6,TRADE_WEIGHTED_USD_ADVANCED_ECONOMIES__2020-04__TWEXMMTH__to__TWEXAFEGSMTHx,TRADE_WEIGHTED_USD_ADVANCED_ECONOMIES,2020-04,TWEXMMTH,TWEXAFEGSMTHx,adjacent_vintage_bridge,2020-03,2020-04,1998-06-01,0.017079074950363093,0.01707907416130361,-7.890594844184307e-10
6,TRADE_WEIGHTED_USD_ADVANCED_ECONOMIES__2020-04__TWEXMMTH__to__TWEXAFEGSMTHx,TRADE_WEIGHTED_USD_ADVANCED_ECONOMIES,2020-04,TWEXMMTH,TWEXAFEGSMTHx,adjacent_vintage_bridge,2020-03,2020-04,1998-07-01,0.006263678512682169,0.006263678889772528,3.7709035893840337e-10
6,TRADE_WEIGHTED_USD_ADVANCED_ECONOMIES__2020-04__TWEXMMTH__to__TWEXAFEGSMTHx,TRADE_WEIGHTED_USD_ADVANCED_ECONOMIES,2020-04,TWEXMMTH,TWEXAFEGSMTHx,adjacent_vintage_bridge,2020-03,2020-04,1998-08-01,0.015183336301100248,0.015183336472482267,1.7138201968691646e-10
6,TRADE_WEIGHTED_USD_ADVANCED_ECONOMIES__2020-04__TWEXMMTH__to__TWEXAFEGSMTHx,TRADE_WEIGHTED_USD_ADVANCED_ECONOMIES,2020-04,TWEXMMTH,TWEXAFEGSMTHx,adjacent_vintage_bridge,2020-03,2020-04,1998-09-01,-0.03990396515678274,-0.039903965055372304,1.014104356045209e-10
6,TRADE_WEIGHTED_USD_ADVANCED_ECONOMIES__2020-04__TWEXMMTH__to__TWEXAFEGSMTHx,TRADE_WEIGHTED_USD_ADVANCED_ECONOMIES,2020-04,TWEXMMTH,TWEXAFEGSMTHx,adjacent_vintage_bridge,2020-03,2020-04,1998-10-01,-0.03407647219576404,-0.03407647240158784,-2.0582380244604792e-10
6,TRADE_WEIGHTED_USD_ADVANCED_ECONOMIES__2020-04__TWEXMMTH__to__TWEXAFEGSMTHx,TRADE_WEIGHTED_USD_ADVANCED_ECONOMIES,2020-04,TWEXMMTH,TWEXAFEGSMTHx,adjacent_vintage_bridge,2020-03,2020-04,1998-11-01,0.00910765090667276,0.009107651230757519,3.240847590291196e-10
6,TRADE_WEIGHTED_USD_ADVANCED_ECONOMIES__2020-04__TWEXMMTH__to__TWEXAFEGSMTHx,TRADE_WEIGHTED_USD_ADVANCED_ECONOMIES,2020-04,TWEXMMTH,TWEXAFEGSMTHx,adjacent_vintage_bridge,2020-03,2020-04,1998-12-01,-0.008278247405725025,-0.008278247945402661,-5.396776359134492e-10
6,TRADE_WEIGHTED_USD_ADVANCED_ECONOMIES__2020-04__TWEXMMTH__to__TWEXAFEGSMTHx,TRADE_WEIGHTED_USD_ADVANCED_ECONOMIES,2020-04,TWEXMMTH,TWEXAFEGSMTHx,adjacent_vintage_bridge,2020-03,2020-04,1999-01-01,-0.007914113486924279,-0.00791411296746869,5.194555896537167e-10
6,TRADE_WEIGHTED_USD_ADVANCED_ECONOMIES__2020-04__TWEXMMTH__to__TWEXAFEGSMTHx,TRADE_WEIGHTED_USD_ADVANCED_ECONOMIES,2020-04,TWEXMMTH,TWEXAFEGSMTHx,adjacent_vintage_bridge,2020-03,2020-04,1999-02-01,0.014461176680146792,0.014461176214890514,-4.65256277948356e-10
6,TRADE_WEIGHTED_USD_ADVANCED_ECONOMIES__2020-04__TWEXMMTH__to__TWEXAFEGSMTHx,TRADE_WEIGHTED_USD_ADVANCED_ECONOMIES,2020-04,TWEXMMTH,TWEXAFEGSMTHx,adjacent_vintage_bridge,2020-03,2020-04,1999-03-01,0.020644277518989007,0.020644277817275736,2.9828672865050976e-10
6,TRADE_WEIGHTED_USD_ADVANCED_ECONOMIES__2020-04__TWEXMMTH__to__TWEXAFEGSMTHx,TRADE_WEIGHTED_USD_ADVANCED_ECONOMIES,2020-04,TWEXMMTH,TWEXAFEGSMTHx,adjacent_vintage_bridge,2020-03,2020-04,1999-04-01,0.0012986366142548889,0.0012986364670330985,-1.4722179031423366e-10
6,TRADE_WEIGHTED_USD_ADVANCED_ECONOMIES__2020-04__TWEXMMTH__to__TWEXAFEGSMTHx,TRADE_WEIGHTED_USD_ADVANCED_ECONOMIES,2020-04,TWEXMMTH,TWEXAFEGSMTHx,adjacent_vintage_bridge,2020-03,2020-04,1999-05-01,0.0005285533496000028,0.0005285531121312914,-2.374687113615437e-10
6,TRADE_WEIGHTED_USD_ADVANCED_ECONOMIES__2020-04__TWEXMMTH__to__TWEXAFEGSMTHx,TRADE_WEIGHTED_USD_ADVANCED_ECONOMIES,2020-04,TWEXMMTH,TWEXAFEGSMTHx,adjacent_vintage_bridge,2020-03,2020-04,1999-06-01,0.00858161169046845,0.00858161164234783,-4.8120618600933085e-11
6,TRADE_WEIGHTED_USD_ADVANCED_ECONOMIES__2020-04__TWEXMMTH__to__TWEXAFEGSMTHx,TRADE_WEIGHTED_USD_ADVANCED_ECONOMIES,2020-04,TWEXMMTH,TWEXAFEGSMTHx,adjacent_vintage_bridge,2020-03,2020-04,1999-07-01,0.00293517234109153,0.0029351727388640114,3.977724816195405e-10
6,TRADE_WEIGHTED_USD_ADVANCED_ECONOMIES__2020-04__TWEXMMTH__to__TWEXAFEGSMTHx,TRADE_WEIGHTED_USD_ADVANCED_ECONOMIES,2020-04,TWEXMMTH,TWEXAFEGSMTHx,adjacent_vintage_bridge,2020-03,2020-04,1999-08-01,-0.02064006703111332,-0.020640067340947255,-3.098339362850311e-10
6,TRADE_WEIGHTED_USD_ADVANCED_ECONOMIES__2020-04__TWEXMMTH__to__TWEXAFEGSMTHx,TRADE_WEIGHTED_USD_ADVANCED_ECONOMIES,2020-04,TWEXMMTH,TWEXAFEGSMTHx,adjacent_vintage_bridge,2020-03,2020-04,1999-09-01,-0.013743947738714013,-0.013743947680506352,5.820766091346741e-11
6,TRADE_WEIGHTED_USD_ADVANCED_ECONOMIES__2020-04__TWEXMMTH__to__TWEXAFEGSMTHx,TRADE_WEIGHTED_USD_ADVANCED_ECONOMIES,2020-04,TWEXMMTH,TWEXAFEGSMTHx,adjacent_vintage_bridge,2020-03,2020-04,1999-10-01,-0.010821061294571166,-0.010821061246635288,4.793587748963546e-11
6,TRADE_WEIGHTED_USD_ADVANCED_ECONOMIES__2020-04__TWEXMMTH__to__TWEXAFEGSMTHx,TRADE_WEIGHTED_USD_ADVANCED_ECONOMIES,2020-04,TWEXMMTH,TWEXAFEGSMTHx,adjacent_vintage_bridge,2020-03,2020-04,1999-11-01,0.010484539334378873,0.010484539032171725,-3.022071481950661e-10
6,TRADE_WEIGHTED_USD_ADVANCED_ECONOMIES__2020-04__TWEXMMTH__to__TWEXAFEGSMTHx,TRADE_WEIGHTED_USD_ADVANCED_ECONOMIES,2020-04,TWEXMMTH,TWEXAFEGSMTHx,adjacent_vintage_bridge,2020-03,2020-04,1999-12-01,0.0042238293907042035,0.0042238295356344935,1.4493028999140734e-10
6,TRADE_WEIGHTED_USD_ADVANCED_ECONOMIES__2020-04__TWEXMMTH__to__TWEXAFEGSMTHx,TRADE_WEIGHTED_USD_ADVANCED_ECONOMIES,2020-04,TWEXMMTH,TWEXAFEGSMTHx,adjacent_vintage_bridge,2020-03,2020-04,2000-01-01,-0.0016439455270651493,-0.0016439456037238287,-7.665867940431781e-11
6,TRADE_WEIGHTED_USD_ADVANCED_ECONOMIES__2020-04__TWEXMMTH__to__TWEXAFEGSMTHx,TRADE_WEIGHTED_USD_ADVANCED_ECONOMIES,2020-04,TWEXMMTH,TWEXAFEGSMTHx,adjacent_vintage_bridge,2020-03,2020-04,2000-02-01,0.0230623884652843,0.023062389078208234,6.129239338292791e-10
6,TRADE_WEIGHTED_USD_ADVANCED_ECONOMIES__2020-04__TWEXMMTH__to__TWEXAFEGSMTHx,TRADE_WEIGHTED_USD_ADVANCED_ECONOMIES,2020-04,TWEXMMTH,TWEXAFEGSMTHx,adjacent_vintage_bridge,2020-03,2020-04,2000-03-01,0.0037397622222350435,0.003739761530480834,-6.917542094697637e-10
6,TRADE_WEIGHTED_USD_ADVANCED_ECONOMIES__2020-04__TWEXMMTH__to__TWEXAFEGSMTHx,TRADE_WEIGHTED_USD_ADVANCED_ECONOMIES,2020-04,TWEXMMTH,TWEXAFEGSMTHx,adjacent_vintage_bridge,2020-03,2020-04,2000-04-01,0.0070008307160973615,0.0070008314380709535,7.219735920216408e-10
6,TRADE_WEIGHTED_USD_ADVANCED_ECONOMIES__2020-04__TWEXMMTH__to__TWEXAFEGSMTHx,TRADE_WEIGHTED_USD_ADVANCED_ECONOMIES,2020-04,TWEXMMTH,TWEXAFEGSMTHx,adjacent_vintage_bridge,2020-03,2020-04,2000-05-01,0.03062893529663402,0.030628935072951613,-2.2368240593095834e-10
6,TRADE_WEIGHTED_USD_ADVANCED_ECONOMIES__2020-04__TWEXMMTH__to__TWEXAFEGSMTHx,TRADE_WEIGHTED_USD_ADVANCED_ECONOMIES,2020-04,TWEXMMTH,TWEXAFEGSMTHx,adjacent_vintage_bridge,2020-03,2020-04,2000-06-01,-0.02541653703710267,-0.025416537195218858,-1.581161868102754e-10
6,TRADE_WEIGHTED_USD_ADVANCED_ECONOMIES__2020-04__TWEXMMTH__to__TWEXAFEGSMTHx,TRADE_WEIGHTED_USD_ADVANCED_ECONOMIES,2020-04,TWEXMMTH,TWEXAFEGSMTHx,adjacent_vintage_bridge,2020-03,2020-04,2000-07-01,0.008977826845849357,0.008977827234719626,3.8887026931888613e-10
6,TRADE_WEIGHTED_USD_ADVANCED_ECONOMIES__2020-04__TWEXMMTH__to__TWEXAFEGSMTHx,TRADE_WEIGHTED_USD_ADVANCED_ECONOMIES,2020-04,TWEXMMTH,TWEXAFEGSMTHx,adjacent_vintage_bridge,2020-03,2020-04,2000-08-01,0.015754378246019662,0.01575437826105297,1.503330793184432e-11
6,TRADE_WEIGHTED_USD_ADVANCED_ECONOMIES__2020-04__TWEXMMTH__to__TWEXAFEGSMTHx,TRADE_WEIGHTED_USD_ADVANCED_ECONOMIES,2020-04,TWEXMMTH,TWEXAFEGSMTHx,adjacent_vintage_bridge,2020-03,2020-04,2000-09-01,0.015732754199037302,0.015732753472647687,-7.263896151243898e-10
6,TRADE_WEIGHTED_USD_ADVANCED_ECONOMIES__2020-04__TWEXMMTH__to__TWEXAFEGSMTHx,TRADE_WEIGHTED_USD_ADVANCED_ECONOMIES,2020-04,TWEXMMTH,TWEXAFEGSMTHx,adjacent_vintage_bridge,2020-03,2020-04,2000-10-01,0.015902970910414815,0.015902971211449568,3.0103475268106195e-10
6,TRADE_WEIGHTED_USD_ADVANCED_ECONOMIES__2020-04__TWEXMMTH__to__TWEXAFEGSMTHx,TRADE_WEIGHTED_USD_ADVANCED_ECONOMIES,2020-04,TWEXMMTH,TWEXAFEGSMTHx,adjacent_vintage_bridge,2020-03,2020-04,2000-11-01,0.00911999496995719,0.00911999471530578,-2.546514110690623e-10
6,TRADE_WEIGHTED_USD_ADVANCED_ECONOMIES__2020-04__TWEXMMTH__to__TWEXAFEGSMTHx,TRADE_WEIGHTED_USD_ADVANCED_ECONOMIES,2020-04,TWEXMMTH,TWEXAFEGSMTHx,adjacent_vintage_bridge,2020-03,2020-04,2000-12-01,-0.01924833221167077,-0.019248331589555967,6.22114804116336e-10
6,TRADE_WEIGHTED_USD_ADVANCED_ECONOMIES__2020-04__TWEXMMTH__to__TWEXAFEGSMTHx,TRADE_WEIGHTED_USD_ADVANCED_ECONOMIES,2020-04,TWEXMMTH,TWEXAFEGSMTHx,adjacent_vintage_bridge,2020-03,2020-04,2001-01-01,-0.010887863678135545,-0.010887864184456753,-5.063212071831913e-10
6,TRADE_WEIGHTED_USD_ADVANCED_ECONOMIES__2020-04__TWEXMMTH__to__TWEXAFEGSMTHx,TRADE_WEIGHTED_USD_ADVANCED_ECONOMIES,2020-04,TWEXMMTH,TWEXAFEGSMTHx,adjacent_vintage_bridge,2020-03,2020-04,2001-02-01,0.013215836038822815,0.013215836425049865,3.8622705034185856e-10
6,TRADE_WEIGHTED_USD_ADVANCED_ECONOMIES__2020-04__TWEXMMTH__to__TWEXAFEGSMTHx,TRADE_WEIGHTED_USD_ADVANCED_ECONOMIES,2020-04,TWEXMMTH,TWEXAFEGSMTHx,adjacent_vintage_bridge,2020-03,2020-04,2001-03-01,0.02339950640257804,0.023399506568491546,1.659135051568228e-10
6,TRADE_WEIGHTED_USD_ADVANCED_ECONOMIES__2020-04__TWEXMMTH__to__TWEXAFEGSMTHx,TRADE_WEIGHTED_USD_ADVANCED_ECONOMIES,2020-04,TWEXMMTH,TWEXAFEGSMTHx,adjacent_vintage_bridge,2020-03,2020-04,2001-04-01,0.01064019949389916,0.010640199464602595,-2.929656517380863e-11
6,TRADE_WEIGHTED_USD_ADVANCED_ECONOMIES__2020-04__TWEXMMTH__to__TWEXAFEGSMTHx,TRADE_WEIGHTED_USD_ADVANCED_ECONOMIES,2020-04,TWEXMMTH,TWEXAFEGSMTHx,adjacent_vintage_bridge,2020-03,2020-04,2001-05-01,0.0008941606938774882,0.0008941603727974368,-3.2108005143527407e-10
6,TRADE_WEIGHTED_USD_ADVANCED_ECONOMIES__2020-04__TWEXMMTH__to__TWEXAFEGSMTHx,TRADE_WEIGHTED_USD_ADVANCED_ECONOMIES,2020-04,TWEXMMTH,TWEXAFEGSMTHx,adjacent_vintage_bridge,2020-03,2020-04,2001-06-01,0.009081984621638561,0.00908198442797925,-1.93659310809835e-10
6,TRADE_WEIGHTED_USD_ADVANCED_ECONOMIES__2020-04__TWEXMMTH__to__TWEXAFEGSMTHx,TRADE_WEIGHTED_USD_ADVANCED_ECONOMIES,2020-04,TWEXMMTH,TWEXAFEGSMTHx,adjacent_vintage_bridge,2020-03,2020-04,2001-07-01,0.0006895361571466196,0.0006895363515848629,1.9443824328391202e-10
6,TRADE_WEIGHTED_USD_ADVANCED_ECONOMIES__2020-04__TWEXMMTH__to__TWEXAFEGSMTHx,TRADE_WEIGHTED_USD_ADVANCED_ECONOMIES,2020-04,TWEXMMTH,TWEXAFEGSMTHx,adjacent_vintage_bridge,2020-03,2020-04,2001-08-01,-0.022689076573214173,-0.022689076571716704,1.4974688156144111e-12
6,TRADE_WEIGHTED_USD_ADVANCED_ECONOMIES__2020-04__TWEXMMTH__to__TWEXAFEGSMTHx,TRADE_WEIGHTED_USD_ADVANCED_ECONOMIES,2020-04,TWEXMMTH,TWEXAFEGSMTHx,adjacent_vintage_bridge,2020-03,2020-04,2001-09-01,-0.003833785832354053,-0.003833785477882934,3.544711191239003e-10
6,TRADE_WEIGHTED_USD_ADVANCED_ECONOMIES__2020-04__TWEXMMTH__to__TWEXAFEGSMTHx,TRADE_WEIGHTED_USD_ADVANCED_ECONOMIES,2020-04,TWEXMMTH,TWEXAFEGSMTHx,adjacent_vintage_bridge,2020-03,2020-04,2001-10-01,0.007970225250804042,0.007970224692087413,-5.587166285181411e-10
6,TRADE_WEIGHTED_USD_ADVANCED_ECONOMIES__2020-04__TWEXMMTH__to__TWEXAFEGSMTHx,TRADE_WEIGHTED_USD_ADVANCED_ECONOMIES,2020-04,TWEXMMTH,TWEXAFEGSMTHx,adjacent_vintage_bridge,2020-03,2020-04,2001-11-01,0.013028482612793546,0.01302848314177929,5.289857440970991e-10
6,TRADE_WEIGHTED_USD_ADVANCED_ECONOMIES__2020-04__TWEXMMTH__to__TWEXAFEGSMTHx,TRADE_WEIGHTED_USD_ADVANCED_ECONOMIES,2020-04,TWEXMMTH,TWEXAFEGSMTHx,adjacent_vintage_bridge,2020-03,2020-04,2001-12-01,0.005137089080727186,0.005137088907697596,-1.730295906554602e-10
6,TRADE_WEIGHTED_USD_ADVANCED_ECONOMIES__2020-04__TWEXMMTH__to__TWEXAFEGSMTHx,TRADE_WEIGHTED_USD_ADVANCED_ECONOMIES,2020-04,TWEXMMTH,TWEXAFEGSMTHx,adjacent_vintage_bridge,2020-03,2020-04,2002-01-01,0.014490156582199987,0.014490156263578413,-3.186215735695441e-10
6,TRADE_WEIGHTED_USD_ADVANCED_ECONOMIES__2020-04__TWEXMMTH__to__TWEXAFEGSMTHx,TRADE_WEIGHTED_USD_ADVANCED_ECONOMIES,2020-04,TWEXMMTH,TWEXAFEGSMTHx,adjacent_vintage_bridge,2020-03,2020-04,2002-02-01,0.0070454107947659494,0.007045411163803195,3.6903724520698233e-10
6,TRADE_WEIGHTED_USD_ADVANCED_ECONOMIES__2020-04__TWEXMMTH__to__TWEXAFEGSMTHx,TRADE_WEIGHTED_USD_ADVANCED_ECONOMIES,2020-04,TWEXMMTH,TWEXAFEGSMTHx,adjacent_vintage_bridge,2020-03,2020-04,2002-03-01,-0.009009961453883442,-0.00900996182126601,-3.67382568811081e-10
6,TRADE_WEIGHTED_USD_ADVANCED_ECONOMIES__2020-04__TWEXMMTH__to__TWEXAFEGSMTHx,TRADE_WEIGHTED_USD_ADVANCED_ECONOMIES,2020-04,TWEXMMTH,TWEXAFEGSMTHx,adjacent_vintage_bridge,2020-03,2020-04,2002-04-01,-0.007266153676622977,-0.007266153470821379,2.0580159798555542e-10
6,TRADE_WEIGHTED_USD_ADVANCED_ECONOMIES__2020-04__TWEXMMTH__to__TWEXAFEGSMTHx,TRADE_WEIGHTED_USD_ADVANCED_ECONOMIES,2020-04,TWEXMMTH,TWEXAFEGSMTHx,adjacent_vintage_bridge,2020-03,2020-04,2002-05-01,-0.027997482658260076,-0.027997483067227158,-4.0896708242144086e-10
6,TRADE_WEIGHTED_USD_ADVANCED_ECONOMIES__2020-04__TWEXMMTH__to__TWEXAFEGSMTHx,TRADE_WEIGHTED_USD_ADVANCED_ECONOMIES,2020-04,TWEXMMTH,TWEXAFEGSMTHx,adjacent_vintage_bridge,2020-03,2020-04,2002-06-01,-0.026374650924900322,-0.026374650729538374,1.9536194884040015e-10
6,TRADE_WEIGHTED_USD_ADVANCED_ECONOMIES__2020-04__TWEXMMTH__to__TWEXAFEGSMTHx,TRADE_WEIGHTED_USD_ADVANCED_ECONOMIES,2020-04,TWEXMMTH,TWEXAFEGSMTHx,adjacent_vintage_bridge,2020-03,2020-04,2002-07-01,-0.024636523346509343,-0.024636523160406654,1.8610268881502634e-10
6,TRADE_WEIGHTED_USD_ADVANCED_ECONOMIES__2020-04__TWEXMMTH__to__TWEXAFEGSMTHx,TRADE_WEIGHTED_USD_ADVANCED_ECONOMIES,2020-04,TWEXMMTH,TWEXAFEGSMTHx,adjacent_vintage_bridge,2020-03,2020-04,2002-08-01,0.013870574562062643,0.013870574959974569,3.979119256314334e-10
6,TRADE_WEIGHTED_USD_ADVANCED_ECONOMIES__2020-04__TWEXMMTH__to__TWEXAFEGSMTHx,TRADE_WEIGHTED_USD_ADVANCED_ECONOMIES,2020-04,TWEXMMTH,TWEXAFEGSMTHx,adjacent_vintage_bridge,2020-03,2020-04,2002-09-01,0.0018204134775130498,0.0018204132771542092,-2.0035884062963305e-10
6,TRADE_WEIGHTED_USD_ADVANCED_ECONOMIES__2020-04__TWEXMMTH__to__TWEXAFEGSMTHx,TRADE_WEIGHTED_USD_ADVANCED_ECONOMIES,2020-04,TWEXMMTH,TWEXAFEGSMTHx,adjacent_vintage_bridge,2020-03,2020-04,2002-10-01,0.0048152392986811066,0.00481523868600231,-6.126787965854419e-10
6,TRADE_WEIGHTED_USD_ADVANCED_ECONOMIES__2020-04__TWEXMMTH__to__TWEXAFEGSMTHx,TRADE_WEIGHTED_USD_ADVANCED_ECONOMIES,2020-04,TWEXMMTH,TWEXAFEGSMTHx,adjacent_vintage_bridge,2020-03,2020-04,2002-11-01,-0.014232219853344219,-0.014232219700759607,1.5258461161238301e-10
6,TRADE_WEIGHTED_USD_ADVANCED_ECONOMIES__2020-04__TWEXMMTH__to__TWEXAFEGSMTHx,TRADE_WEIGHTED_USD_ADVANCED_ECONOMIES,2020-04,TWEXMMTH,TWEXAFEGSMTHx,adjacent_vintage_bridge,2020-03,2020-04,2002-12-01,-0.009910932430533315,-0.00991093187665193,5.538813852012936e-10
6,TRADE_WEIGHTED_USD_ADVANCED_ECONOMIES__2020-04__TWEXMMTH__to__TWEXAFEGSMTHx,TRADE_WEIGHTED_USD_ADVANCED_ECONOMIES,2020-04,TWEXMMTH,TWEXAFEGSMTHx,adjacent_vintage_bridge,2020-03,2020-04,2003-01-01,-0.02620947092723558,-0.02620947160084075,-6.736051716416114e-10
6,TRADE_WEIGHTED_USD_ADVANCED_ECONOMIES__2020-04__TWEXMMTH__to__TWEXAFEGSMTHx,TRADE_WEIGHTED_USD_ADVANCED_ECONOMIES,2020-04,TWEXMMTH,TWEXAFEGSMTHx,adjacent_vintage_bridge,2020-03,2020-04,2003-02-01,-0.011287408201718918,-0.01128740792113625,2.8058266821062716e-10
6,TRADE_WEIGHTED_USD_ADVANCED_ECONOMIES__2020-04__TWEXMMTH__to__TWEXAFEGSMTHx,TRADE_WEIGHTED_USD_ADVANCED_ECONOMIES,2020-04,TWEXMMTH,TWEXAFEGSMTHx,adjacent_vintage_bridge,2020-03,2020-04,2003-03-01,-0.007563399998205433,-0.007563400077189364,-7.898393050709274e-11
6,TRADE_WEIGHTED_USD_ADVANCED_ECONOMIES__2020-04__TWEXMMTH__to__TWEXAFEGSMTHx,TRADE_WEIGHTED_USD_ADVANCED_ECONOMIES,2020-04,TWEXMMTH,TWEXAFEGSMTHx,adjacent_vintage_bridge,2020-03,2020-04,2003-04-01,-0.0031348117356513328,-0.0031348116435827578,9.206857498611498e-11
6,TRADE_WEIGHTED_USD_ADVANCED_ECONOMIES__2020-04__TWEXMMTH__to__TWEXAFEGSMTHx,TRADE_WEIGHTED_USD_ADVANCED_ECONOMIES,2020-04,TWEXMMTH,TWEXAFEGSMTHx,adjacent_vintage_bridge,2020-03,2020-04,2003-05-01,-0.04832778053539766,-0.04832778081436562,-2.7896795984361233e-10
6,TRADE_WEIGHTED_USD_ADVANCED_ECONOMIES__2020-04__TWEXMMTH__to__TWEXAFEGSMTHx,TRADE_WEIGHTED_USD_ADVANCED_ECONOMIES,2020-04,TWEXMMTH,TWEXAFEGSMTHx,adjacent_vintage_bridge,2020-03,2020-04,2003-06-01,-0.011356784262552821,-0.01135678359821668,6.643361416536209e-10
6,TRADE_WEIGHTED_USD_ADVANCED_ECONOMIES__2020-04__TWEXMMTH__to__TWEXAFEGSMTHx,TRADE_WEIGHTED_USD_ADVANCED_ECONOMIES,2020-04,TWEXMMTH,TWEXAFEGSMTHx,adjacent_vintage_bridge,2020-03,2020-04,2003-07-01,0.019439527220839636,0.019439526479752445,-7.410871916135875e-10
6,TRADE_WEIGHTED_USD_ADVANCED_ECONOMIES__2020-04__TWEXMMTH__to__TWEXAFEGSMTHx,TRADE_WEIGHTED_USD_ADVANCED_ECONOMIES,2020-04,TWEXMMTH,TWEXAFEGSMTHx,adjacent_vintage_bridge,2020-03,2020-04,2003-08-01,0.013096057269536665,0.013096058118573062,8.490363967439407e-10
6,TRADE_WEIGHTED_USD_ADVANCED_ECONOMIES__2020-04__TWEXMMTH__to__TWEXAFEGSMTHx,TRADE_WEIGHTED_USD_ADVANCED_ECONOMIES,2020-04,TWEXMMTH,TWEXAFEGSMTHx,adjacent_vintage_bridge,2020-03,2020-04,2003-09-01,-0.017905230463904687,-0.01790523097104124,-5.07136554972476e-10
6,TRADE_WEIGHTED_USD_ADVANCED_ECONOMIES__2020-04__TWEXMMTH__to__TWEXAFEGSMTHx,TRADE_WEIGHTED_USD_ADVANCED_ECONOMIES,2020-04,TWEXMMTH,TWEXAFEGSMTHx,adjacent_vintage_bridge,2020-03,2020-04,2003-10-01,-0.040030867716442486,-0.040030867665875824,5.056666196878723e-11
6,TRADE_WEIGHTED_USD_ADVANCED_ECONOMIES__2020-04__TWEXMMTH__to__TWEXAFEGSMTHx,TRADE_WEIGHTED_USD_ADVANCED_ECONOMIES,2020-04,TWEXMMTH,TWEXAFEGSMTHx,adjacent_vintage_bridge,2020-03,2020-04,2003-11-01,-0.0036456138154683515,-0.0036456141295380107,-3.14069659168581e-10
6,TRADE_WEIGHTED_USD_ADVANCED_ECONOMIES__2020-04__TWEXMMTH__to__TWEXAFEGSMTHx,TRADE_WEIGHTED_USD_ADVANCED_ECONOMIES,2020-04,TWEXMMTH,TWEXAFEGSMTHx,adjacent_vintage_bridge,2020-03,2020-04,2003-12-01,-0.025630836507390953,-0.025630836312232397,1.9515855598228882e-10
6,TRADE_WEIGHTED_USD_ADVANCED_ECONOMIES__2020-04__TWEXMMTH__to__TWEXAFEGSMTHx,TRADE_WEIGHTED_USD_ADVANCED_ECONOMIES,2020-04,TWEXMMTH,TWEXAFEGSMTHx,adjacent_vintage_bridge,2020-03,2020-04,2004-01-01,-0.02080775939300583,-0.020807759175865748,2.1714008369144722e-10
6,TRADE_WEIGHTED_USD_ADVANCED_ECONOMIES__2020-04__TWEXMMTH__to__TWEXAFEGSMTHx,TRADE_WEIGHTED_USD_ADVANCED_ECONOMIES,2020-04,TWEXMMTH,TWEXAFEGSMTHx,adjacent_vintage_bridge,2020-03,2020-04,2004-02-01,0.005590736463195967,0.0055907367062921765,2.430962098287637e-10
6,TRADE_WEIGHTED_USD_ADVANCED_ECONOMIES__2020-04__TWEXMMTH__to__TWEXAFEGSMTHx,TRADE_WEIGHTED_USD_ADVANCED_ECONOMIES,2020-04,TWEXMMTH,TWEXAFEGSMTHx,adjacent_vintage_bridge,2020-03,2020-04,2004-03-01,0.018052264124671424,0.01805226423869488,1.1402345734268238e-10
6,TRADE_WEIGHTED_USD_ADVANCED_ECONOMIES__2020-04__TWEXMMTH__to__TWEXAFEGSMTHx,TRADE_WEIGHTED_USD_ADVANCED_ECONOMIES,2020-04,TWEXMMTH,TWEXAFEGSMTHx,adjacent_vintage_bridge,2020-03,2020-04,2004-04-01,0.011342315671369008,0.011342315745325848,7.395684065159003e-11
6,TRADE_WEIGHTED_USD_ADVANCED_ECONOMIES__2020-04__TWEXMMTH__to__TWEXAFEGSMTHx,TRADE_WEIGHTED_USD_ADVANCED_ECONOMIES,2020-04,TWEXMMTH,TWEXAFEGSMTHx,adjacent_vintage_bridge,2020-03,2020-04,2004-05-01,0.01682580293768776,0.016825802122912847,-8.147749142040084e-10
6,TRADE_WEIGHTED_USD_ADVANCED_ECONOMIES__2020-04__TWEXMMTH__to__TWEXAFEGSMTHx,TRADE_WEIGHTED_USD_ADVANCED_ECONOMIES,2020-04,TWEXMMTH,TWEXAFEGSMTHx,adjacent_vintage_bridge,2020-03,2020-04,2004-06-01,-0.015923175385976762,-0.015923174806233398,5.797433644261218e-10
6,TRADE_WEIGHTED_USD_ADVANCED_ECONOMIES__2020-04__TWEXMMTH__to__TWEXAFEGSMTHx,TRADE_WEIGHTED_USD_ADVANCED_ECONOMIES,2020-04,TWEXMMTH,TWEXAFEGSMTHx,adjacent_vintage_bridge,2020-03,2020-04,2004-07-01,-0.01274272544613364,-0.01274272552191924,-7.578560001775259e-11
6,TRADE_WEIGHTED_USD_ADVANCED_ECONOMIES__2020-04__TWEXMMTH__to__TWEXAFEGSMTHx,TRADE_WEIGHTED_USD_ADVANCED_ECONOMIES,2020-04,TWEXMMTH,TWEXAFEGSMTHx,adjacent_vintage_bridge,2020-03,2020-04,2004-08-01,0.0029150251611422817,0.0029150247827764986,-3.7836578314909275e-10
6,TRADE_WEIGHTED_USD_ADVANCED_ECONOMIES__2020-04__TWEXMMTH__to__TWEXAFEGSMTHx,TRADE_WEIGHTED_USD_ADVANCED_ECONOMIES,2020-04,TWEXMMTH,TWEXAFEGSMTHx,adjacent_vintage_bridge,2020-03,2020-04,2004-09-01,-0.005220062390927538,-0.005220062289116534,1.0181100407180566e-10
6,TRADE_WEIGHTED_USD_ADVANCED_ECONOMIES__2020-04__TWEXMMTH__to__TWEXAFEGSMTHx,TRADE_WEIGHTED_USD_ADVANCED_ECONOMIES,2020-04,TWEXMMTH,TWEXAFEGSMTHx,adjacent_vintage_bridge,2020-03,2020-04,2004-10-01,-0.023108008095138466,-0.02310800805093205,4.420641630531463e-11
6,TRADE_WEIGHTED_USD_ADVANCED_ECONOMIES__2020-04__TWEXMMTH__to__TWEXAFEGSMTHx,TRADE_WEIGHTED_USD_ADVANCED_ECONOMIES,2020-04,TWEXMMTH,TWEXAFEGSMTHx,adjacent_vintage_bridge,2020-03,2020-04,2004-11-01,-0.039675749929364734,-0.039675749916809444,1.255529014088097e-11
6,TRADE_WEIGHTED_USD_ADVANCED_ECONOMIES__2020-04__TWEXMMTH__to__TWEXAFEGSMTHx,TRADE_WEIGHTED_USD_ADVANCED_ECONOMIES,2020-04,TWEXMMTH,TWEXAFEGSMTHx,adjacent_vintage_bridge,2020-03,2020-04,2004-12-01,-0.010764481340256538,-0.010764481309738727,3.05178105008963e-11
6,TRADE_WEIGHTED_USD_ADVANCED_ECONOMIES__2020-04__TWEXMMTH__to__TWEXAFEGSMTHx,TRADE_WEIGHTED_USD_ADVANCED_ECONOMIES,2020-04,TWEXMMTH,TWEXAFEGSMTHx,adjacent_vintage_bridge,2020-03,2020-04,2005-01-01,0.011617304149003083,0.011617304082421676,-6.658140705440019e-11
6,TRADE_WEIGHTED_USD_ADVANCED_ECONOMIES__2020-04__TWEXMMTH__to__TWEXAFEGSMTHx,TRADE_WEIGHTED_USD_ADVANCED_ECONOMIES,2020-04,TWEXMMTH,TWEXAFEGSMTHx,adjacent_vintage_bridge,2020-03,2020-04,2005-02-01,0.009296746540975676,0.009296746551034296,1.0058620603103918e-11
6,TRADE_WEIGHTED_USD_ADVANCED_ECONOMIES__2020-04__TWEXMMTH__to__TWEXAFEGSMTHx,TRADE_WEIGHTED_USD_ADVANCED_ECONOMIES,2020-04,TWEXMMTH,TWEXAFEGSMTHx,adjacent_vintage_bridge,2020-03,2020-04,2005-03-01,-0.011452390214797603,-0.011452390161379888,5.341771469602463e-11
6,TRADE_WEIGHTED_USD_ADVANCED_ECONOMIES__2020-04__TWEXMMTH__to__TWEXAFEGSMTHx,TRADE_WEIGHTED_USD_ADVANCED_ECONOMIES,2020-04,TWEXMMTH,TWEXAFEGSMTHx,adjacent_vintage_bridge,2020-03,2020-04,2005-04-01,0.01646694582527619,0.016466945835305502,1.0029310715253814e-11
6,TRADE_WEIGHTED_USD_ADVANCED_ECONOMIES__2020-04__TWEXMMTH__to__TWEXAFEGSMTHx,TRADE_WEIGHTED_USD_ADVANCED_ECONOMIES,2020-04,TWEXMMTH,TWEXAFEGSMTHx,adjacent_vintage_bridge,2020-03,2020-04,2005-05-01,0.014001607052487763,0.014001606993976345,-5.851141793300485e-11
6,TRADE_WEIGHTED_USD_ADVANCED_ECONOMIES__2020-04__TWEXMMTH__to__TWEXAFEGSMTHx,TRADE_WEIGHTED_USD_ADVANCED_ECONOMIES,2020-04,TWEXMMTH,TWEXAFEGSMTHx,adjacent_vintage_bridge,2020-03,2020-04,2005-06-01,0.018051093769305027,0.018051094247073962,4.777689355250914e-10
6,TRADE_WEIGHTED_USD_ADVANCED_ECONOMIES__2020-04__TWEXMMTH__to__TWEXAFEGSMTHx,TRADE_WEIGHTED_USD_ADVANCED_ECONOMIES,2020-04,TWEXMMTH,TWEXAFEGSMTHx,adjacent_vintage_bridge,2020-03,2020-04,2005-07-01,0.009223560426108612,0.00922356020852888,-2.1757973200919878e-10
6,TRADE_WEIGHTED_USD_ADVANCED_ECONOMIES__2020-04__TWEXMMTH__to__TWEXAFEGSMTHx,TRADE_WEIGHTED_USD_ADVANCED_ECONOMIES,2020-04,TWEXMMTH,TWEXAFEGSMTHx,adjacent_vintage_bridge,2020-03,2020-04,2005-08-01,-0.018208970956091086,-0.01820897121271603,-2.56624943517636e-10
6,TRADE_WEIGHTED_USD_ADVANCED_ECONOMIES__2020-04__TWEXMMTH__to__TWEXAFEGSMTHx,TRADE_WEIGHTED_USD_ADVANCED_ECONOMIES,2020-04,TWEXMMTH,TWEXAFEGSMTHx,adjacent_vintage_bridge,2020-03,2020-04,2005-09-01,-0.005346025146150346,-0.005346025152860534,-6.710187960834446e-12
6,TRADE_WEIGHTED_USD_ADVANCED_ECONOMIES__2020-04__TWEXMMTH__to__TWEXAFEGSMTHx,TRADE_WEIGHTED_USD_ADVANCED_ECONOMIES,2020-04,TWEXMMTH,TWEXAFEGSMTHx,adjacent_vintage_bridge,2020-03,2020-04,2005-10-01,0.01536113966847008,0.01536113966925079,7.807088309164101e-13
6,TRADE_WEIGHTED_USD_ADVANCED_ECONOMIES__2020-04__TWEXMMTH__to__TWEXAFEGSMTHx,TRADE_WEIGHTED_USD_ADVANCED_ECONOMIES,2020-04,TWEXMMTH,TWEXAFEGSMTHx,adjacent_vintage_bridge,2020-03,2020-04,2005-11-01,0.016985504318258293,0.016985504690799402,3.7254110907269933e-10
6,TRADE_WEIGHTED_USD_ADVANCED_ECONOMIES__2020-04__TWEXMMTH__to__TWEXAFEGSMTHx,TRADE_WEIGHTED_USD_ADVANCED_ECONOMIES,2020-04,TWEXMMTH,TWEXAFEGSMTHx,adjacent_vintage_bridge,2020-03,2020-04,2005-12-01,-0.008886039122253386,-0.008886039690715108,-5.684617221390909e-10
6,TRADE_WEIGHTED_USD_ADVANCED_ECONOMIES__2020-04__TWEXMMTH__to__TWEXAFEGSMTHx,TRADE_WEIGHTED_USD_ADVANCED_ECONOMIES,2020-04,TWEXMMTH,TWEXAFEGSMTHx,adjacent_vintage_bridge,2020-03,2020-04,2006-01-01,-0.015367628017970425,-0.015367627796860184,2.2111024122750678e-10
6,TRADE_WEIGHTED_USD_ADVANCED_ECONOMIES__2020-04__TWEXMMTH__to__TWEXAFEGSMTHx,TRADE_WEIGHTED_USD_ADVANCED_ECONOMIES,2020-04,TWEXMMTH,TWEXAFEGSMTHx,adjacent_vintage_bridge,2020-03,2020-04,2006-02-01,0.008510388796757695,0.007920549467734794,-0.0005898393290229009
6,TRADE_WEIGHTED_USD_ADVANCED_ECONOMIES__2020-04__TWEXMMTH__to__TWEXAFEGSMTHx,TRADE_WEIGHTED_USD_ADVANCED_ECONOMIES,2020-04,TWEXMMTH,TWEXAFEGSMTHx,adjacent_vintage_bridge,2020-03,2020-04,2006-03-01,-0.0007148546267865541,-0.0003562311968190457,0.0003586234299675084
6,TRADE_WEIGHTED_USD_ADVANCED_ECONOMIES__2020-04__TWEXMMTH__to__TWEXAFEGSMTHx,TRADE_WEIGHTED_USD_ADVANCED_ECONOMIES,2020-04,TWEXMMTH,TWEXAFEGSMTHx,adjacent_vintage_bridge,2020-03,2020-04,2006-04-01,-0.013336273385963437,-0.01342043188151365,-8.415849555021282e-05
6,TRADE_WEIGHTED_USD_ADVANCED_ECONOMIES__2020-04__TWEXMMTH__to__TWEXAFEGSMTHx,TRADE_WEIGHTED_USD_ADVANCED_ECONOMIES,2020-04,TWEXMMTH,TWEXAFEGSMTHx,adjacent_vintage_bridge,2020-03,2020-04,2006-05-01,-0.0395764917151844,-0.03958277236991403,-6.2806547296290205e-06
6,TRADE_WEIGHTED_USD_ADVANCED_ECONOMIES__2020-04__TWEXMMTH__to__TWEXAFEGSMTHx,TRADE_WEIGHTED_USD_ADVANCED_ECONOMIES,2020-04,TWEXMMTH,TWEXAFEGSMTHx,adjacent_vintage_bridge,2020-03,2020-04,2006-06-01,0.010827276762779725,0.010497483502504679,-0.0003297932602750464
6,TRADE_WEIGHTED_USD_ADVANCED_ECONOMIES__2020-04__TWEXMMTH__to__TWEXAFEGSMTHx,TRADE_WEIGHTED_USD_ADVANCED_ECONOMIES,2020-04,TWEXMMTH,TWEXAFEGSMTHx,adjacent_vintage_bridge,2020-03,2020-04,2006-07-01,0.004751589491079677,0.004852229614825454,0.00010064012374577658
6,TRADE_WEIGHTED_USD_ADVANCED_ECONOMIES__2020-04__TWEXMMTH__to__TWEXAFEGSMTHx,TRADE_WEIGHTED_USD_ADVANCED_ECONOMIES,2020-04,TWEXMMTH,TWEXAFEGSMTHx,adjacent_vintage_bridge,2020-03,2020-04,2006-08-01,-0.00895750224690861,-0.009473198648670689,-0.000515696401762078
6,TRADE_WEIGHTED_USD_ADVANCED_ECONOMIES__2020-04__TWEXMMTH__to__TWEXAFEGSMTHx,TRADE_WEIGHTED_USD_ADVANCED_ECONOMIES,2020-04,TWEXMMTH,TWEXAFEGSMTHx,adjacent_vintage_bridge,2020-03,2020-04,2006-09-01,0.00480828848507997,0.00449048008327857,-0.00031780840180140046
6,TRADE_WEIGHTED_USD_ADVANCED_ECONOMIES__2020-04__TWEXMMTH__to__TWEXAFEGSMTHx,TRADE_WEIGHTED_USD_ADVANCED_ECONOMIES,2020-04,TWEXMMTH,TWEXAFEGSMTHx,adjacent_vintage_bridge,2020-03,2020-04,2006-10-01,0.00971142171657391,0.009647411088323565,-6.401062825034387e-05
6,TRADE_WEIGHTED_USD_ADVANCED_ECONOMIES__2020-04__TWEXMMTH__to__TWEXAFEGSMTHx,TRADE_WEIGHTED_USD_ADVANCED_ECONOMIES,2020-04,TWEXMMTH,TWEXAFEGSMTHx,adjacent_vintage_bridge,2020-03,2020-04,2006-11-01,-0.010959427855268267,-0.010519846034839908,0.0004395818204283586
6,TRADE_WEIGHTED_USD_ADVANCED_ECONOMIES__2020-04__TWEXMMTH__to__TWEXAFEGSMTHx,TRADE_WEIGHTED_USD_ADVANCED_ECONOMIES,2020-04,TWEXMMTH,TWEXAFEGSMTHx,adjacent_vintage_bridge,2020-03,2020-04,2006-12-01,-0.007290050667409176,-0.007108279109051985,0.00018177155835719105
6,TRADE_WEIGHTED_USD_ADVANCED_ECONOMIES__2020-04__TWEXMMTH__to__TWEXAFEGSMTHx,TRADE_WEIGHTED_USD_ADVANCED_ECONOMIES,2020-04,TWEXMMTH,TWEXAFEGSMTHx,adjacent_vintage_bridge,2020-03,2020-04,2007-01-01,0.018048242496385036,0.01763017664266542,-0.000418065853719618
6,TRADE_WEIGHTED_USD_ADVANCED_ECONOMIES__2020-04__TWEXMMTH__to__TWEXAFEGSMTHx,TRADE_WEIGHTED_USD_ADVANCED_ECONOMIES,2020-04,TWEXMMTH,TWEXAFEGSMTHx,adjacent_vintage_bridge,2020-03,2020-04,2007-02-01,-0.004167158662276016,-0.004211346210459155,-4.418754818313886e-05
6,TRADE_WEIGHTED_USD_ADVANCED_ECONOMIES__2020-04__TWEXMMTH__to__TWEXAFEGSMTHx,TRADE_WEIGHTED_USD_ADVANCED_ECONOMIES,2020-04,TWEXMMTH,TWEXAFEGSMTHx,adjacent_vintage_bridge,2020-03,2020-04,2007-03-01,-0.010119339362371527,-0.009272347590130181,0.0008469917722413456
6,TRADE_WEIGHTED_USD_ADVANCED_ECONOMIES__2020-04__TWEXMMTH__to__TWEXAFEGSMTHx,TRADE_WEIGHTED_USD_ADVANCED_ECONOMIES,2020-04,TWEXMMTH,TWEXAFEGSMTHx,adjacent_vintage_bridge,2020-03,2020-04,2007-04-01,-0.016920957238557577,-0.017851547976762916,-0.0009305907382053391
6,TRADE_WEIGHTED_USD_ADVANCED_ECONOMIES__2020-04__TWEXMMTH__to__TWEXAFEGSMTHx,TRADE_WEIGHTED_USD_ADVANCED_ECONOMIES,2020-04,TWEXMMTH,TWEXAFEGSMTHx,adjacent_vintage_bridge,2020-03,2020-04,2007-05-01,-0.008143379750133128,-0.00894419360665033,-0.0008008138565172018
6,TRADE_WEIGHTED_USD_ADVANCED_ECONOMIES__2020-04__TWEXMMTH__to__TWEXAFEGSMTHx,TRADE_WEIGHTED_USD_ADVANCED_ECONOMIES,2020-04,TWEXMMTH,TWEXAFEGSMTHx,adjacent_vintage_bridge,2020-03,2020-04,2007-06-01,-0.003029836523099405,-0.003963376107895655,-0.0009335395847962502
6,TRADE_WEIGHTED_USD_ADVANCED_ECONOMIES__2020-04__TWEXMMTH__to__TWEXAFEGSMTHx,TRADE_WEIGHTED_USD_ADVANCED_ECONOMIES,2020-04,TWEXMMTH,TWEXAFEGSMTHx,adjacent_vintage_bridge,2020-03,2020-04,2007-07-01,-0.018003396129965488,-0.0181566468490999,-0.00015325071913441235
6,TRADE_WEIGHTED_USD_ADVANCED_ECONOMIES__2020-04__TWEXMMTH__to__TWEXAFEGSMTHx,TRADE_WEIGHTED_USD_ADVANCED_ECONOMIES,2020-04,TWEXMMTH,TWEXAFEGSMTHx,adjacent_vintage_bridge,2020-03,2020-04,2007-08-01,1.4166266899096058e-05,0.0012318759512774946,0.0012177096843783985
6,TRADE_WEIGHTED_USD_ADVANCED_ECONOMIES__2020-04__TWEXMMTH__to__TWEXAFEGSMTHx,TRADE_WEIGHTED_USD_ADVANCED_ECONOMIES,2020-04,TWEXMMTH,TWEXAFEGSMTHx,adjacent_vintage_bridge,2020-03,2020-04,2007-09-01,-0.02082321493746342,-0.020661179515778727,0.00016203542168469198
6,TRADE_WEIGHTED_USD_ADVANCED_ECONOMIES__2020-04__TWEXMMTH__to__TWEXAFEGSMTHx,TRADE_WEIGHTED_USD_ADVANCED_ECONOMIES,2020-04,TWEXMMTH,TWEXAFEGSMTHx,adjacent_vintage_bridge,2020-03,2020-04,2007-10-01,-0.026307665534273106,-0.027114835801843817,-0.0008071702675707115
6,TRADE_WEIGHTED_USD_ADVANCED_ECONOMIES__2020-04__TWEXMMTH__to__TWEXAFEGSMTHx,TRADE_WEIGHTED_USD_ADVANCED_ECONOMIES,2020-04,TWEXMMTH,TWEXAFEGSMTHx,adjacent_vintage_bridge,2020-03,2020-04,2007-11-01,-0.024349404533832164,-0.023484991091732077,0.0008644134421000871
6,TRADE_WEIGHTED_USD_ADVANCED_ECONOMIES__2020-04__TWEXMMTH__to__TWEXAFEGSMTHx,TRADE_WEIGHTED_USD_ADVANCED_ECONOMIES,2020-04,TWEXMMTH,TWEXAFEGSMTHx,adjacent_vintage_bridge,2020-03,2020-04,2007-12-01,0.02072895377792605,0.021347211769522367,0.000618257991596316
6,TRADE_WEIGHTED_USD_ADVANCED_ECONOMIES__2020-04__TWEXMMTH__to__TWEXAFEGSMTHx,TRADE_WEIGHTED_USD_ADVANCED_ECONOMIES,2020-04,TWEXMMTH,TWEXAFEGSMTHx,adjacent_vintage_bridge,2020-03,2020-04,2008-01-01,-0.008599710373330183,-0.006978649035500162,0.001621061337830021
6,TRADE_WEIGHTED_USD_ADVANCED_ECONOMIES__2020-04__TWEXMMTH__to__TWEXAFEGSMTHx,TRADE_WEIGHTED_USD_ADVANCED_ECONOMIES,2020-04,TWEXMMTH,TWEXAFEGSMTHx,adjacent_vintage_bridge,2020-03,2020-04,2008-02-01,-0.006812327430367304,-0.006645327633836295,0.00016699979653100883
6,TRADE_WEIGHTED_USD_ADVANCED_ECONOMIES__2020-04__TWEXMMTH__to__TWEXAFEGSMTHx,TRADE_WEIGHTED_USD_ADVANCED_ECONOMIES,2020-04,TWEXMMTH,TWEXAFEGSMTHx,adjacent_vintage_bridge,2020-03,2020-04,2008-03-01,-0.03270355618900744,-0.031299374348456865,0.001404181840550578
6,TRADE_WEIGHTED_USD_ADVANCED_ECONOMIES__2020-04__TWEXMMTH__to__TWEXAFEGSMTHx,TRADE_WEIGHTED_USD_ADVANCED_ECONOMIES,2020-04,TWEXMMTH,TWEXAFEGSMTHx,adjacent_vintage_bridge,2020-03,2020-04,2008-04-01,0.0012431830777845931,0.0013227404217754923,7.95573439908992e-05
6,TRADE_WEIGHTED_USD_ADVANCED_ECONOMIES__2020-04__TWEXMMTH__to__TWEXAFEGSMTHx,TRADE_WEIGHTED_USD_ADVANCED_ECONOMIES,2020-04,TWEXMMTH,TWEXAFEGSMTHx,adjacent_vintage_bridge,2020-03,2020-04,2008-05-01,0.0038589266855666438,0.003545026457625333,-0.00031390022794131056
6,TRADE_WEIGHTED_USD_ADVANCED_ECONOMIES__2020-04__TWEXMMTH__to__TWEXAFEGSMTHx,TRADE_WEIGHTED_USD_ADVANCED_ECONOMIES,2020-04,TWEXMMTH,TWEXAFEGSMTHx,adjacent_vintage_bridge,2020-03,2020-04,2008-06-01,0.009455872640392826,0.008875379712029563,-0.0005804929283632632
6,TRADE_WEIGHTED_USD_ADVANCED_ECONOMIES__2020-04__TWEXMMTH__to__TWEXAFEGSMTHx,TRADE_WEIGHTED_USD_ADVANCED_ECONOMIES,2020-04,TWEXMMTH,TWEXAFEGSMTHx,adjacent_vintage_bridge,2020-03,2020-04,2008-07-01,-0.007236269576212706,-0.007454208556760378,-0.0002179389805476717
6,TRADE_WEIGHTED_USD_ADVANCED_ECONOMIES__2020-04__TWEXMMTH__to__TWEXAFEGSMTHx,TRADE_WEIGHTED_USD_ADVANCED_ECONOMIES,2020-04,TWEXMMTH,TWEXAFEGSMTHx,adjacent_vintage_bridge,2020-03,2020-04,2008-08-01,0.04427122347028156,0.04497827934627985,0.0007070558759982859
6,TRADE_WEIGHTED_USD_ADVANCED_ECONOMIES__2020-04__TWEXMMTH__to__TWEXAFEGSMTHx,TRADE_WEIGHTED_USD_ADVANCED_ECONOMIES,2020-04,TWEXMMTH,TWEXAFEGSMTHx,adjacent_vintage_bridge,2020-03,2020-04,2008-09-01,0.019969558694830525,0.021315584545289923,0.001346025850459398
6,TRADE_WEIGHTED_USD_ADVANCED_ECONOMIES__2020-04__TWEXMMTH__to__TWEXAFEGSMTHx,TRADE_WEIGHTED_USD_ADVANCED_ECONOMIES,2020-04,TWEXMMTH,TWEXAFEGSMTHx,adjacent_vintage_bridge,2020-03,2020-04,2008-10-01,0.06473553501329476,0.06815151876769843,0.003415983754403662
6,TRADE_WEIGHTED_USD_ADVANCED_ECONOMIES__2020-04__TWEXMMTH__to__TWEXAFEGSMTHx,TRADE_WEIGHTED_USD_ADVANCED_ECONOMIES,2020-04,TWEXMMTH,TWEXAFEGSMTHx,adjacent_vintage_bridge,2020-03,2020-04,2008-11-01,0.02915474489903147,0.032025382103323174,0.002870637204291704
6,TRADE_WEIGHTED_USD_ADVANCED_ECONOMIES__2020-04__TWEXMMTH__to__TWEXAFEGSMTHx,TRADE_WEIGHTED_USD_ADVANCED_ECONOMIES,2020-04,TWEXMMTH,TWEXAFEGSMTHx,adjacent_vintage_bridge,2020-03,2020-04,2008-12-01,-0.02671761558863306,-0.024092335849087654,0.0026252797395454053
6,TRADE_WEIGHTED_USD_ADVANCED_ECONOMIES__2020-04__TWEXMMTH__to__TWEXAFEGSMTHx,TRADE_WEIGHTED_USD_ADVANCED_ECONOMIES,2020-04,TWEXMMTH,TWEXAFEGSMTHx,adjacent_vintage_bridge,2020-03,2020-04,2009-01-01,0.005401919538706501,0.006061542408478893,0.0006596228697723916
6,TRADE_WEIGHTED_USD_ADVANCED_ECONOMIES__2020-04__TWEXMMTH__to__TWEXAFEGSMTHx,TRADE_WEIGHTED_USD_ADVANCED_ECONOMIES,2020-04,TWEXMMTH,TWEXAFEGSMTHx,adjacent_vintage_bridge,2020-03,2020-04,2009-02-01,0.027156703630736523,0.02637219438261873,-0.0007845092481177929
6,TRADE_WEIGHTED_USD_ADVANCED_ECONOMIES__2020-04__TWEXMMTH__to__TWEXAFEGSMTHx,TRADE_WEIGHTED_USD_ADVANCED_ECONOMIES,2020-04,TWEXMMTH,TWEXAFEGSMTHx,adjacent_vintage_bridge,2020-03,2020-04,2009-03-01,0.006294056489826616,0.005575251967619543,-0.0007188045222070727
6,TRADE_WEIGHTED_USD_ADVANCED_ECONOMIES__2020-04__TWEXMMTH__to__TWEXAFEGSMTHx,TRADE_WEIGHTED_USD_ADVANCED_ECONOMIES,2020-04,TWEXMMTH,TWEXAFEGSMTHx,adjacent_vintage_bridge,2020-03,2020-04,2009-04-01,-0.018525611354435867,-0.019696053900993604,-0.0011704425465577373
6,TRADE_WEIGHTED_USD_ADVANCED_ECONOMIES__2020-04__TWEXMMTH__to__TWEXAFEGSMTHx,TRADE_WEIGHTED_USD_ADVANCED_ECONOMIES,2020-04,TWEXMMTH,TWEXAFEGSMTHx,adjacent_vintage_bridge,2020-03,2020-04,2009-05-01,-0.041901284517992465,-0.04257015699001876,-0.000668872472026294
6,TRADE_WEIGHTED_USD_ADVANCED_ECONOMIES__2020-04__TWEXMMTH__to__TWEXAFEGSMTHx,TRADE_WEIGHTED_USD_ADVANCED_ECONOMIES,2020-04,TWEXMMTH,TWEXAFEGSMTHx,adjacent_vintage_bridge,2020-03,2020-04,2009-06-01,-0.024595883946700425,-0.026072248299765732,-0.001476364353065307
6,TRADE_WEIGHTED_USD_ADVANCED_ECONOMIES__2020-04__TWEXMMTH__to__TWEXAFEGSMTHx,TRADE_WEIGHTED_USD_ADVANCED_ECONOMIES,2020-04,TWEXMMTH,TWEXAFEGSMTHx,adjacent_vintage_bridge,2020-03,2020-04,2009-07-01,-0.007964292100385073,-0.00734104540805447,0.0006232466923306035
6,TRADE_WEIGHTED_USD_ADVANCED_ECONOMIES__2020-04__TWEXMMTH__to__TWEXAFEGSMTHx,TRADE_WEIGHTED_USD_ADVANCED_ECONOMIES,2020-04,TWEXMMTH,TWEXAFEGSMTHx,adjacent_vintage_bridge,2020-03,2020-04,2009-08-01,-0.015737844117375666,-0.016015242756838077,-0.0002773986394624117
6,TRADE_WEIGHTED_USD_ADVANCED_ECONOMIES__2020-04__TWEXMMTH__to__TWEXAFEGSMTHx,TRADE_WEIGHTED_USD_ADVANCED_ECONOMIES,2020-04,TWEXMMTH,TWEXAFEGSMTHx,adjacent_vintage_bridge,2020-03,2020-04,2009-09-01,-0.017067480696662862,-0.01584638694702889,0.0012210937496339724
6,TRADE_WEIGHTED_USD_ADVANCED_ECONOMIES__2020-04__TWEXMMTH__to__TWEXAFEGSMTHx,TRADE_WEIGHTED_USD_ADVANCED_ECONOMIES,2020-04,TWEXMMTH,TWEXAFEGSMTHx,adjacent_vintage_bridge,2020-03,2020-04,2009-10-01,-0.01677613966769176,-0.016587446461580946,0.00018869320611081264
6,TRADE_WEIGHTED_USD_ADVANCED_ECONOMIES__2020-04__TWEXMMTH__to__TWEXAFEGSMTHx,TRADE_WEIGHTED_USD_ADVANCED_ECONOMIES,2020-04,TWEXMMTH,TWEXAFEGSMTHx,adjacent_vintage_bridge,2020-03,2020-04,2009-11-01,-0.005837422785165636,-0.006027322048419492,-0.00018989926325385653
6,TRADE_WEIGHTED_USD_ADVANCED_ECONOMIES__2020-04__TWEXMMTH__to__TWEXAFEGSMTHx,TRADE_WEIGHTED_USD_ADVANCED_ECONOMIES,2020-04,TWEXMMTH,TWEXAFEGSMTHx,adjacent_vintage_bridge,2020-03,2020-04,2009-12-01,0.011467623558007567,0.011565007662343696,9.738410433612898e-05
6,TRADE_WEIGHTED_USD_ADVANCED_ECONOMIES__2020-04__TWEXMMTH__to__TWEXAFEGSMTHx,TRADE_WEIGHTED_USD_ADVANCED_ECONOMIES,2020-04,TWEXMMTH,TWEXAFEGSMTHx,adjacent_vintage_bridge,2020-03,2020-04,2010-01-01,0.007976749820051587,0.00754602003790783,-0.00043072978214375723
6,TRADE_WEIGHTED_USD_ADVANCED_ECONOMIES__2020-04__TWEXMMTH__to__TWEXAFEGSMTHx,TRADE_WEIGHTED_USD_ADVANCED_ECONOMIES,2020-04,TWEXMMTH,TWEXAFEGSMTHx,adjacent_vintage_bridge,2020-03,2020-04,2010-02-01,0.02249145319193513,0.02335866082017013,0.0008672076282350005
6,TRADE_WEIGHTED_USD_ADVANCED_ECONOMIES__2020-04__TWEXMMTH__to__TWEXAFEGSMTHx,TRADE_WEIGHTED_USD_ADVANCED_ECONOMIES,2020-04,TWEXMMTH,TWEXAFEGSMTHx,adjacent_vintage_bridge,2020-03,2020-04,2010-03-01,-0.004006707963363887,-0.0038294660023003857,0.0001772419610635012
6,TRADE_WEIGHTED_USD_ADVANCED_ECONOMIES__2020-04__TWEXMMTH__to__TWEXAFEGSMTHx,TRADE_WEIGHTED_USD_ADVANCED_ECONOMIES,2020-04,TWEXMMTH,TWEXAFEGSMTHx,adjacent_vintage_bridge,2020-03,2020-04,2010-04-01,0.002420538705803388,0.0007992934627241155,-0.0016212452430792723
6,TRADE_WEIGHTED_USD_ADVANCED_ECONOMIES__2020-04__TWEXMMTH__to__TWEXAFEGSMTHx,TRADE_WEIGHTED_USD_ADVANCED_ECONOMIES,2020-04,TWEXMMTH,TWEXAFEGSMTHx,adjacent_vintage_bridge,2020-03,2020-04,2010-05-01,0.04024287321158759,0.04143200684606274,0.001189133634475148
6,TRADE_WEIGHTED_USD_ADVANCED_ECONOMIES__2020-04__TWEXMMTH__to__TWEXAFEGSMTHx,TRADE_WEIGHTED_USD_ADVANCED_ECONOMIES,2020-04,TWEXMMTH,TWEXAFEGSMTHx,adjacent_vintage_bridge,2020-03,2020-04,2010-06-01,0.007195576890707933,0.006873120262301136,-0.00032245662840679756
6,TRADE_WEIGHTED_USD_ADVANCED_ECONOMIES__2020-04__TWEXMMTH__to__TWEXAFEGSMTHx,TRADE_WEIGHTED_USD_ADVANCED_ECONOMIES,2020-04,TWEXMMTH,TWEXAFEGSMTHx,adjacent_vintage_bridge,2020-03,2020-04,2010-07-01,-0.02947855838364255,-0.028877424887133962,0.0006011334965085879
6,TRADE_WEIGHTED_USD_ADVANCED_ECONOMIES__2020-04__TWEXMMTH__to__TWEXAFEGSMTHx,TRADE_WEIGHTED_USD_ADVANCED_ECONOMIES,2020-04,TWEXMMTH,TWEXAFEGSMTHx,adjacent_vintage_bridge,2020-03,2020-04,2010-08-01,-0.010752981880609802,-0.010581552811869344,0.0001714290687404585
6,TRADE_WEIGHTED_USD_ADVANCED_ECONOMIES__2020-04__TWEXMMTH__to__TWEXAFEGSMTHx,TRADE_WEIGHTED_USD_ADVANCED_ECONOMIES,2020-04,TWEXMMTH,TWEXAFEGSMTHx,adjacent_vintage_bridge,2020-03,2020-04,2010-09-01,-0.012717723302593242,-0.012306944014429,0.0004107792881642425
6,TRADE_WEIGHTED_USD_ADVANCED_ECONOMIES__2020-04__TWEXMMTH__to__TWEXAFEGSMTHx,TRADE_WEIGHTED_USD_ADVANCED_ECONOMIES,2020-04,TWEXMMTH,TWEXAFEGSMTHx,adjacent_vintage_bridge,2020-03,2020-04,2010-10-01,-0.036483319679174286,-0.03545522135602042,0.0010280983231538698
6,TRADE_WEIGHTED_USD_ADVANCED_ECONOMIES__2020-04__TWEXMMTH__to__TWEXAFEGSMTHx,TRADE_WEIGHTED_USD_ADVANCED_ECONOMIES,2020-04,TWEXMMTH,TWEXAFEGSMTHx,adjacent_vintage_bridge,2020-03,2020-04,2010-11-01,0.0072553708400935335,0.006579842327670171,-0.0006755285124233623
6,TRADE_WEIGHTED_USD_ADVANCED_ECONOMIES__2020-04__TWEXMMTH__to__TWEXAFEGSMTHx,TRADE_WEIGHTED_USD_ADVANCED_ECONOMIES,2020-04,TWEXMMTH,TWEXAFEGSMTHx,adjacent_vintage_bridge,2020-03,2020-04,2010-12-01,0.013156155124721458,0.012792140485831993,-0.00036401463888946495
6,TRADE_WEIGHTED_USD_ADVANCED_ECONOMIES__2020-04__TWEXMMTH__to__TWEXAFEGSMTHx,TRADE_WEIGHTED_USD_ADVANCED_ECONOMIES,2020-04,TWEXMMTH,TWEXAFEGSMTHx,adjacent_vintage_bridge,2020-03,2020-04,2011-01-01,-0.011810098311637596,-0.011841108245975285,-3.100993433768906e-05
6,TRADE_WEIGHTED_USD_ADVANCED_ECONOMIES__2020-04__TWEXMMTH__to__TWEXAFEGSMTHx,TRADE_WEIGHTED_USD_ADVANCED_ECONOMIES,2020-04,TWEXMMTH,TWEXAFEGSMTHx,adjacent_vintage_bridge,2020-03,2020-04,2011-02-01,-0.013123142183875558,-0.013163909013717223,-4.076682984166524e-05
6,TRADE_WEIGHTED_USD_ADVANCED_ECONOMIES__2020-04__TWEXMMTH__to__TWEXAFEGSMTHx,TRADE_WEIGHTED_USD_ADVANCED_ECONOMIES,2020-04,TWEXMMTH,TWEXAFEGSMTHx,adjacent_vintage_bridge,2020-03,2020-04,2011-03-01,-0.016751594262901293,-0.01639378096940103,0.00035781329350026425
6,TRADE_WEIGHTED_USD_ADVANCED_ECONOMIES__2020-04__TWEXMMTH__to__TWEXAFEGSMTHx,TRADE_WEIGHTED_USD_ADVANCED_ECONOMIES,2020-04,TWEXMMTH,TWEXAFEGSMTHx,adjacent_vintage_bridge,2020-03,2020-04,2011-04-01,-0.01808084986415537,-0.018624012841058857,-0.0005431629769034885
6,TRADE_WEIGHTED_USD_ADVANCED_ECONOMIES__2020-04__TWEXMMTH__to__TWEXAFEGSMTHx,TRADE_WEIGHTED_USD_ADVANCED_ECONOMIES,2020-04,TWEXMMTH,TWEXAFEGSMTHx,adjacent_vintage_bridge,2020-03,2020-04,2011-05-01,0.0014662590602467773,0.001941378218510259,0.0004751191582634817
6,TRADE_WEIGHTED_USD_ADVANCED_ECONOMIES__2020-04__TWEXMMTH__to__TWEXAFEGSMTHx,TRADE_WEIGHTED_USD_ADVANCED_ECONOMIES,2020-04,TWEXMMTH,TWEXAFEGSMTHx,adjacent_vintage_bridge,2020-03,2020-04,2011-06-01,-0.0012332389604896576,-0.0009131202793266624,0.00032011868116299524
6,TRADE_WEIGHTED_USD_ADVANCED_ECONOMIES__2020-04__TWEXMMTH__to__TWEXAFEGSMTHx,TRADE_WEIGHTED_USD_ADVANCED_ECONOMIES,2020-04,TWEXMMTH,TWEXAFEGSMTHx,adjacent_vintage_bridge,2020-03,2020-04,2011-07-01,-0.006307785582376546,-0.006635495534925262,-0.00032770995254871593
6,TRADE_WEIGHTED_USD_ADVANCED_ECONOMIES__2020-04__TWEXMMTH__to__TWEXAFEGSMTHx,TRADE_WEIGHTED_USD_ADVANCED_ECONOMIES,2020-04,TWEXMMTH,TWEXAFEGSMTHx,adjacent_vintage_bridge,2020-03,2020-04,2011-08-01,-0.00046325250405665486,0.0002141515463094379,0.0006774040503660927
6,TRADE_WEIGHTED_USD_ADVANCED_ECONOMIES__2020-04__TWEXMMTH__to__TWEXAFEGSMTHx,TRADE_WEIGHTED_USD_ADVANCED_ECONOMIES,2020-04,TWEXMMTH,TWEXAFEGSMTHx,adjacent_vintage_bridge,2020-03,2020-04,2011-09-01,0.030474643039652527,0.03144897163002369,0.0009743285903711651
6,TRADE_WEIGHTED_USD_ADVANCED_ECONOMIES__2020-04__TWEXMMTH__to__TWEXAFEGSMTHx,TRADE_WEIGHTED_USD_ADVANCED_ECONOMIES,2020-04,TWEXMMTH,TWEXAFEGSMTHx,adjacent_vintage_bridge,2020-03,2020-04,2011-10-01,0.0060785864093659825,0.0065563048549526215,0.000477718445586639
6,TRADE_WEIGHTED_USD_ADVANCED_ECONOMIES__2020-04__TWEXMMTH__to__TWEXAFEGSMTHx,TRADE_WEIGHTED_USD_ADVANCED_ECONOMIES,2020-04,TWEXMMTH,TWEXAFEGSMTHx,adjacent_vintage_bridge,2020-03,2020-04,2011-11-01,0.008842309175519425,0.008366696800734985,-0.00047561237478443985
6,TRADE_WEIGHTED_USD_ADVANCED_ECONOMIES__2020-04__TWEXMMTH__to__TWEXAFEGSMTHx,TRADE_WEIGHTED_USD_ADVANCED_ECONOMIES,2020-04,TWEXMMTH,TWEXAFEGSMTHx,adjacent_vintage_bridge,2020-03,2020-04,2011-12-01,0.013994967163373673,0.013727756919037937,-0.00026721024433573604
6,TRADE_WEIGHTED_USD_ADVANCED_ECONOMIES__2020-04__TWEXMMTH__to__TWEXAFEGSMTHx,TRADE_WEIGHTED_USD_ADVANCED_ECONOMIES,2020-04,TWEXMMTH,TWEXAFEGSMTHx,adjacent_vintage_bridge,2020-03,2020-04,2012-01-01,0.0018853333374053705,0.0016493417471519223,-0.00023599159025344818
6,TRADE_WEIGHTED_USD_ADVANCED_ECONOMIES__2020-04__TWEXMMTH__to__TWEXAFEGSMTHx,TRADE_WEIGHTED_USD_ADVANCED_ECONOMIES,2020-04,TWEXMMTH,TWEXAFEGSMTHx,adjacent_vintage_bridge,2020-03,2020-04,2012-02-01,-0.014780834702689205,-0.015392113100258342,-0.0006112783975691372
6,TRADE_WEIGHTED_USD_ADVANCED_ECONOMIES__2020-04__TWEXMMTH__to__TWEXAFEGSMTHx,TRADE_WEIGHTED_USD_ADVANCED_ECONOMIES,2020-04,TWEXMMTH,TWEXAFEGSMTHx,adjacent_vintage_bridge,2020-03,2020-04,2012-03-01,0.009259312673480125,0.008016732004116456,-0.0012425806693636687
6,TRADE_WEIGHTED_USD_ADVANCED_ECONOMIES__2020-04__TWEXMMTH__to__TWEXAFEGSMTHx,TRADE_WEIGHTED_USD_ADVANCED_ECONOMIES,2020-04,TWEXMMTH,TWEXAFEGSMTHx,adjacent_vintage_bridge,2020-03,2020-04,2012-04-01,-0.0017613276050703064,-0.00178551509992797,-2.4187494857663694e-05
6,TRADE_WEIGHTED_USD_ADVANCED_ECONOMIES__2020-04__TWEXMMTH__to__TWEXAFEGSMTHx,TRADE_WEIGHTED_USD_ADVANCED_ECONOMIES,2020-04,TWEXMMTH,TWEXAFEGSMTHx,adjacent_vintage_bridge,2020-03,2020-04,2012-05-01,0.015163202995592151,0.015369568116597954,0.00020636512100580262
6,TRADE_WEIGHTED_USD_ADVANCED_ECONOMIES__2020-04__TWEXMMTH__to__TWEXAFEGSMTHx,TRADE_WEIGHTED_USD_ADVANCED_ECONOMIES,2020-04,TWEXMMTH,TWEXAFEGSMTHx,adjacent_vintage_bridge,2020-03,2020-04,2012-06-01,0.014875472710358828,0.015448592382038662,0.0005731196716798337
6,TRADE_WEIGHTED_USD_ADVANCED_ECONOMIES__2020-04__TWEXMMTH__to__TWEXAFEGSMTHx,TRADE_WEIGHTED_USD_ADVANCED_ECONOMIES,2020-04,TWEXMMTH,TWEXAFEGSMTHx,adjacent_vintage_bridge,2020-03,2020-04,2012-07-01,0.0026776376221446796,0.0020257551250653094,-0.0006518824970793702
6,TRADE_WEIGHTED_USD_ADVANCED_ECONOMIES__2020-04__TWEXMMTH__to__TWEXAFEGSMTHx,TRADE_WEIGHTED_USD_ADVANCED_ECONOMIES,2020-04,TWEXMMTH,TWEXAFEGSMTHx,adjacent_vintage_bridge,2020-03,2020-04,2012-08-01,-0.012962671802528192,-0.013180585803246103,-0.00021791400071791145
6,TRADE_WEIGHTED_USD_ADVANCED_ECONOMIES__2020-04__TWEXMMTH__to__TWEXAFEGSMTHx,TRADE_WEIGHTED_USD_ADVANCED_ECONOMIES,2020-04,TWEXMMTH,TWEXAFEGSMTHx,adjacent_vintage_bridge,2020-03,2020-04,2012-09-01,-0.02271031714705174,-0.022591034217113837,0.00011928292993790279
6,TRADE_WEIGHTED_USD_ADVANCED_ECONOMIES__2020-04__TWEXMMTH__to__TWEXAFEGSMTHx,TRADE_WEIGHTED_USD_ADVANCED_ECONOMIES,2020-04,TWEXMMTH,TWEXAFEGSMTHx,adjacent_vintage_bridge,2020-03,2020-04,2012-10-01,0.0016456609212571749,0.0017895964383791707,0.00014393551712199582
6,TRADE_WEIGHTED_USD_ADVANCED_ECONOMIES__2020-04__TWEXMMTH__to__TWEXAFEGSMTHx,TRADE_WEIGHTED_USD_ADVANCED_ECONOMIES,2020-04,TWEXMMTH,TWEXAFEGSMTHx,adjacent_vintage_bridge,2020-03,2020-04,2012-11-01,0.012368825912409065,0.011902481918824925,-0.0004663439935841396
6,TRADE_WEIGHTED_USD_ADVANCED_ECONOMIES__2020-04__TWEXMMTH__to__TWEXAFEGSMTHx,TRADE_WEIGHTED_USD_ADVANCED_ECONOMIES,2020-04,TWEXMMTH,TWEXAFEGSMTHx,adjacent_vintage_bridge,2020-03,2020-04,2012-12-01,-0.006610442286924645,-0.007226262859210131,-0.0006158205722854859
6,TRADE_WEIGHTED_USD_ADVANCED_ECONOMIES__2020-04__TWEXMMTH__to__TWEXAFEGSMTHx,TRADE_WEIGHTED_USD_ADVANCED_ECONOMIES,2020-04,TWEXMMTH,TWEXAFEGSMTHx,adjacent_vintage_bridge,2020-03,2020-04,2013-01-01,0.006025488608482732,0.0055807032250188016,-0.00044478538346393037
6,TRADE_WEIGHTED_USD_ADVANCED_ECONOMIES__2020-04__TWEXMMTH__to__TWEXAFEGSMTHx,TRADE_WEIGHTED_USD_ADVANCED_ECONOMIES,2020-04,TWEXMMTH,TWEXAFEGSMTHx,adjacent_vintage_bridge,2020-03,2020-04,2013-02-01,0.013429735895043926,0.013981329148535337,0.0005515932534914114
6,TRADE_WEIGHTED_USD_ADVANCED_ECONOMIES__2020-04__TWEXMMTH__to__TWEXAFEGSMTHx,TRADE_WEIGHTED_USD_ADVANCED_ECONOMIES,2020-04,TWEXMMTH,TWEXAFEGSMTHx,adjacent_vintage_bridge,2020-03,2020-04,2013-03-01,0.02192244280060862,0.021676790214682384,-0.00024565258592623707
6,TRADE_WEIGHTED_USD_ADVANCED_ECONOMIES__2020-04__TWEXMMTH__to__TWEXAFEGSMTHx,TRADE_WEIGHTED_USD_ADVANCED_ECONOMIES,2020-04,TWEXMMTH,TWEXAFEGSMTHx,adjacent_vintage_bridge,2020-03,2020-04,2013-04-01,-0.0005990516287672776,-0.0014300057572258495,-0.000830954128458572
6,TRADE_WEIGHTED_USD_ADVANCED_ECONOMIES__2020-04__TWEXMMTH__to__TWEXAFEGSMTHx,TRADE_WEIGHTED_USD_ADVANCED_ECONOMIES,2020-04,TWEXMMTH,TWEXAFEGSMTHx,adjacent_vintage_bridge,2020-03,2020-04,2013-05-01,0.009110740786236526,0.008654130609001776,-0.00045661017723475084
6,TRADE_WEIGHTED_USD_ADVANCED_ECONOMIES__2020-04__TWEXMMTH__to__TWEXAFEGSMTHx,TRADE_WEIGHTED_USD_ADVANCED_ECONOMIES,2020-04,TWEXMMTH,TWEXAFEGSMTHx,adjacent_vintage_bridge,2020-03,2020-04,2013-06-01,-0.009441224790933234,-0.008418950783269707,0.0010222740076635262
6,TRADE_WEIGHTED_USD_ADVANCED_ECONOMIES__2020-04__TWEXMMTH__to__TWEXAFEGSMTHx,TRADE_WEIGHTED_USD_ADVANCED_ECONOMIES,2020-04,TWEXMMTH,TWEXAFEGSMTHx,adjacent_vintage_bridge,2020-03,2020-04,2013-07-01,0.012703726525360004,0.012809224012503506,0.00010549748714350216
6,TRADE_WEIGHTED_USD_ADVANCED_ECONOMIES__2020-04__TWEXMMTH__to__TWEXAFEGSMTHx,TRADE_WEIGHTED_USD_ADVANCED_ECONOMIES,2020-04,TWEXMMTH,TWEXAFEGSMTHx,adjacent_vintage_bridge,2020-03,2020-04,2013-08-01,-0.01181219444719872,-0.011504651124456977,0.00030754332274174345
6,TRADE_WEIGHTED_USD_ADVANCED_ECONOMIES__2020-04__TWEXMMTH__to__TWEXAFEGSMTHx,TRADE_WEIGHTED_USD_ADVANCED_ECONOMIES,2020-04,TWEXMMTH,TWEXAFEGSMTHx,adjacent_vintage_bridge,2020-03,2020-04,2013-09-01,-0.00398132770933568,-0.004834782824218564,-0.000853455114882884
6,TRADE_WEIGHTED_USD_ADVANCED_ECONOMIES__2020-04__TWEXMMTH__to__TWEXAFEGSMTHx,TRADE_WEIGHTED_USD_ADVANCED_ECONOMIES,2020-04,TWEXMMTH,TWEXAFEGSMTHx,adjacent_vintage_bridge,2020-03,2020-04,2013-10-01,-0.012662059106262724,-0.012218687732110212,0.0004433713741525125
6,TRADE_WEIGHTED_USD_ADVANCED_ECONOMIES__2020-04__TWEXMMTH__to__TWEXAFEGSMTHx,TRADE_WEIGHTED_USD_ADVANCED_ECONOMIES,2020-04,TWEXMMTH,TWEXAFEGSMTHx,adjacent_vintage_bridge,2020-03,2020-04,2013-11-01,0.013009348933636034,0.012521891941363883,-0.00048745699227215056
6,TRADE_WEIGHTED_USD_ADVANCED_ECONOMIES__2020-04__TWEXMMTH__to__TWEXAFEGSMTHx,TRADE_WEIGHTED_USD_ADVANCED_ECONOMIES,2020-04,TWEXMMTH,TWEXAFEGSMTHx,adjacent_vintage_bridge,2020-03,2020-04,2013-12-01,0.002156021302260669,0.0019878434266829004,-0.00016817787557776853
6,TRADE_WEIGHTED_USD_ADVANCED_ECONOMIES__2020-04__TWEXMMTH__to__TWEXAFEGSMTHx,TRADE_WEIGHTED_USD_ADVANCED_ECONOMIES,2020-04,TWEXMMTH,TWEXAFEGSMTHx,adjacent_vintage_bridge,2020-03,2020-04,2014-01-01,0.011559751336378099,0.011602300512008057,4.254917562995786e-05
6,TRADE_WEIGHTED_USD_ADVANCED_ECONOMIES__2020-04__TWEXMMTH__to__TWEXAFEGSMTHx,TRADE_WEIGHTED_USD_ADVANCED_ECONOMIES,2020-04,TWEXMMTH,TWEXAFEGSMTHx,adjacent_vintage_bridge,2020-03,2020-04,2014-02-01,-0.001786744290559028,-0.0015944774608742662,0.00019226682968476183
6,TRADE_WEIGHTED_USD_ADVANCED_ECONOMIES__2020-04__TWEXMMTH__to__TWEXAFEGSMTHx,TRADE_WEIGHTED_USD_ADVANCED_ECONOMIES,2020-04,TWEXMMTH,TWEXAFEGSMTHx,adjacent_vintage_bridge,2020-03,2020-04,2014-03-01,-0.004281155741518994,-0.004129140936830922,0.00015201480468807205
6,TRADE_WEIGHTED_USD_ADVANCED_ECONOMIES__2020-04__TWEXMMTH__to__TWEXAFEGSMTHx,TRADE_WEIGHTED_USD_ADVANCED_ECONOMIES,2020-04,TWEXMMTH,TWEXAFEGSMTHx,adjacent_vintage_bridge,2020-03,2020-04,2014-04-01,-0.0035002536382480187,-0.003983726261170162,-0.0004834726229221431
6,TRADE_WEIGHTED_USD_ADVANCED_ECONOMIES__2020-04__TWEXMMTH__to__TWEXAFEGSMTHx,TRADE_WEIGHTED_USD_ADVANCED_ECONOMIES,2020-04,TWEXMMTH,TWEXAFEGSMTHx,adjacent_vintage_bridge,2020-03,2020-04,2014-05-01,-0.0016648558108602884,-0.0019279625303862957,-0.0002631067195260073
6,TRADE_WEIGHTED_USD_ADVANCED_ECONOMIES__2020-04__TWEXMMTH__to__TWEXAFEGSMTHx,TRADE_WEIGHTED_USD_ADVANCED_ECONOMIES,2020-04,TWEXMMTH,TWEXAFEGSMTHx,adjacent_vintage_bridge,2020-03,2020-04,2014-06-01,0.00295550454746607,0.0024450440722709743,-0.0005104604751950959
6,TRADE_WEIGHTED_USD_ADVANCED_ECONOMIES__2020-04__TWEXMMTH__to__TWEXAFEGSMTHx,TRADE_WEIGHTED_USD_ADVANCED_ECONOMIES,2020-04,TWEXMMTH,TWEXAFEGSMTHx,adjacent_vintage_bridge,2020-03,2020-04,2014-07-01,-0.0015631283023243014,-0.0020325388894821828,-0.0004694105871578813
6,TRADE_WEIGHTED_USD_ADVANCED_ECONOMIES__2020-04__TWEXMMTH__to__TWEXAFEGSMTHx,TRADE_WEIGHTED_USD_ADVANCED_ECONOMIES,2020-04,TWEXMMTH,TWEXAFEGSMTHx,adjacent_vintage_bridge,2020-03,2020-04,2014-08-01,0.015888699766708037,0.01608086695017441,0.00019216718346637407
6,TRADE_WEIGHTED_USD_ADVANCED_ECONOMIES__2020-04__TWEXMMTH__to__TWEXAFEGSMTHx,TRADE_WEIGHTED_USD_ADVANCED_ECONOMIES,2020-04,TWEXMMTH,TWEXAFEGSMTHx,adjacent_vintage_bridge,2020-03,2020-04,2014-09-01,0.025923507319474126,0.025328900912318986,-0.0005946064071551405
6,TRADE_WEIGHTED_USD_ADVANCED_ECONOMIES__2020-04__TWEXMMTH__to__TWEXAFEGSMTHx,TRADE_WEIGHTED_USD_ADVANCED_ECONOMIES,2020-04,TWEXMMTH,TWEXAFEGSMTHx,adjacent_vintage_bridge,2020-03,2020-04,2014-10-01,0.015449632553326431,0.015569670182308037,0.0001200376289816063
6,TRADE_WEIGHTED_USD_ADVANCED_ECONOMIES__2020-04__TWEXMMTH__to__TWEXAFEGSMTHx,TRADE_WEIGHTED_USD_ADVANCED_ECONOMIES,2020-04,TWEXMMTH,TWEXAFEGSMTHx,adjacent_vintage_bridge,2020-03,2020-04,2014-11-01,0.02309324591948858,0.022309462314065165,-0.000783783605423416
6,TRADE_WEIGHTED_USD_ADVANCED_ECONOMIES__2020-04__TWEXMMTH__to__TWEXAFEGSMTHx,TRADE_WEIGHTED_USD_ADVANCED_ECONOMIES,2020-04,TWEXMMTH,TWEXAFEGSMTHx,adjacent_vintage_bridge,2020-03,2020-04,2014-12-01,0.016527736175329544,0.01635545885992773,-0.00017227731540181423
6,TRADE_WEIGHTED_USD_ADVANCED_ECONOMIES__2020-04__TWEXMMTH__to__TWEXAFEGSMTHx,TRADE_WEIGHTED_USD_ADVANCED_ECONOMIES,2020-04,TWEXMMTH,TWEXAFEGSMTHx,adjacent_vintage_bridge,2020-03,2020-04,2015-01-01,0.03919999345383385,0.03898703998808184,-0.00021295346575200824
6,TRADE_WEIGHTED_USD_ADVANCED_ECONOMIES__2020-04__TWEXMMTH__to__TWEXAFEGSMTHx,TRADE_WEIGHTED_USD_ADVANCED_ECONOMIES,2020-04,TWEXMMTH,TWEXAFEGSMTHx,adjacent_vintage_bridge,2020-03,2020-04,2015-02-01,0.01853679782471307,0.017914976345364764,-0.0006218214793483057
6,TRADE_WEIGHTED_USD_ADVANCED_ECONOMIES__2020-04__TWEXMMTH__to__TWEXAFEGSMTHx,TRADE_WEIGHTED_USD_ADVANCED_ECONOMIES,2020-04,TWEXMMTH,TWEXAFEGSMTHx,adjacent_vintage_bridge,2020-03,2020-04,2015-03-01,0.02906229137042704,0.028696441783971238,-0.000365849586455802
6,TRADE_WEIGHTED_USD_ADVANCED_ECONOMIES__2020-04__TWEXMMTH__to__TWEXAFEGSMTHx,TRADE_WEIGHTED_USD_ADVANCED_ECONOMIES,2020-04,TWEXMMTH,TWEXAFEGSMTHx,adjacent_vintage_bridge,2020-03,2020-04,2015-04-01,-0.009062324825950263,-0.009206945173081849,-0.00014462034713158545
6,TRADE_WEIGHTED_USD_ADVANCED_ECONOMIES__2020-04__TWEXMMTH__to__TWEXAFEGSMTHx,TRADE_WEIGHTED_USD_ADVANCED_ECONOMIES,2020-04,TWEXMMTH,TWEXAFEGSMTHx,adjacent_vintage_bridge,2020-03,2020-04,2015-05-01,-0.019785595489808294,-0.020264975644991523,-0.00047938015518322885
6,TRADE_WEIGHTED_USD_ADVANCED_ECONOMIES__2020-04__TWEXMMTH__to__TWEXAFEGSMTHx,TRADE_WEIGHTED_USD_ADVANCED_ECONOMIES,2020-04,TWEXMMTH,TWEXAFEGSMTHx,adjacent_vintage_bridge,2020-03,2020-04,2015-06-01,0.0055274450264075625,0.005295462989688637,-0.00023198203671892514
6,TRADE_WEIGHTED_USD_ADVANCED_ECONOMIES__2020-04__TWEXMMTH__to__TWEXAFEGSMTHx,TRADE_WEIGHTED_USD_ADVANCED_ECONOMIES,2020-04,TWEXMMTH,TWEXAFEGSMTHx,adjacent_vintage_bridge,2020-03,2020-04,2015-07-01,0.021538380338329333,0.02156189952289367,2.351918456433566e-05
6,TRADE_WEIGHTED_USD_ADVANCED_ECONOMIES__2020-04__TWEXMMTH__to__TWEXAFEGSMTHx,TRADE_WEIGHTED_USD_ADVANCED_ECONOMIES,2020-04,TWEXMMTH,TWEXAFEGSMTHx,adjacent_vintage_bridge,2020-03,2020-04,2015-08-01,0.0018344293942931245,0.0023071558219189825,0.00047272642762585804
6,TRADE_WEIGHTED_USD_ADVANCED_ECONOMIES__2020-04__TWEXMMTH__to__TWEXAFEGSMTHx,TRADE_WEIGHTED_USD_ADVANCED_ECONOMIES,2020-04,TWEXMMTH,TWEXAFEGSMTHx,adjacent_vintage_bridge,2020-03,2020-04,2015-09-01,-0.002190574206974105,-0.0009797301338139164,0.0012108440731601888
6,TRADE_WEIGHTED_USD_ADVANCED_ECONOMIES__2020-04__TWEXMMTH__to__TWEXAFEGSMTHx,TRADE_WEIGHTED_USD_ADVANCED_ECONOMIES,2020-04,TWEXMMTH,TWEXAFEGSMTHx,adjacent_vintage_bridge,2020-03,2020-04,2015-10-01,-0.004987312051770054,-0.005153157470545011,-0.00016584541877495695
6,TRADE_WEIGHTED_USD_ADVANCED_ECONOMIES__2020-04__TWEXMMTH__to__TWEXAFEGSMTHx,TRADE_WEIGHTED_USD_ADVANCED_ECONOMIES,2020-04,TWEXMMTH,TWEXAFEGSMTHx,adjacent_vintage_bridge,2020-03,2020-04,2015-11-01,0.02930581736575011,0.02842729451743331,-0.0008785228483167984
6,TRADE_WEIGHTED_USD_ADVANCED_ECONOMIES__2020-04__TWEXMMTH__to__TWEXAFEGSMTHx,TRADE_WEIGHTED_USD_ADVANCED_ECONOMIES,2020-04,TWEXMMTH,TWEXAFEGSMTHx,adjacent_vintage_bridge,2020-03,2020-04,2015-12-01,0.0016036633016796031,0.0025537875395054144,0.0009501242378258112
6,TRADE_WEIGHTED_USD_ADVANCED_ECONOMIES__2020-04__TWEXMMTH__to__TWEXAFEGSMTHx,TRADE_WEIGHTED_USD_ADVANCED_ECONOMIES,2020-04,TWEXMMTH,TWEXAFEGSMTHx,adjacent_vintage_bridge,2020-03,2020-04,2016-01-01,0.011558435994794891,0.013286182990968953,0.0017277469961740621
6,TRADE_WEIGHTED_USD_ADVANCED_ECONOMIES__2020-04__TWEXMMTH__to__TWEXAFEGSMTHx,TRADE_WEIGHTED_USD_ADVANCED_ECONOMIES,2020-04,TWEXMMTH,TWEXAFEGSMTHx,adjacent_vintage_bridge,2020-03,2020-04,2016-02-01,-0.021932225022589513,-0.021093502282590215,0.000838722739999298
6,TRADE_WEIGHTED_USD_ADVANCED_ECONOMIES__2020-04__TWEXMMTH__to__TWEXAFEGSMTHx,TRADE_WEIGHTED_USD_ADVANCED_ECONOMIES,2020-04,TWEXMMTH,TWEXAFEGSMTHx,adjacent_vintage_bridge,2020-03,2020-04,2016-03-01,-0.017188719177823053,-0.017134491104372707,5.4228073450346415e-05
6,TRADE_WEIGHTED_USD_ADVANCED_ECONOMIES__2020-04__TWEXMMTH__to__TWEXAFEGSMTHx,TRADE_WEIGHTED_USD_ADVANCED_ECONOMIES,2020-04,TWEXMMTH,TWEXAFEGSMTHx,adjacent_vintage_bridge,2020-03,2020-04,2016-04-01,-0.02313534617920343,-0.022598400077993297,0.000536946101210134
6,TRADE_WEIGHTED_USD_ADVANCED_ECONOMIES__2020-04__TWEXMMTH__to__TWEXAFEGSMTHx,TRADE_WEIGHTED_USD_ADVANCED_ECONOMIES,2020-04,TWEXMMTH,TWEXAFEGSMTHx,adjacent_vintage_bridge,2020-03,2020-04,2016-05-01,0.0039639119523879884,0.0038212154618850747,-0.00014269649050291378
6,TRADE_WEIGHTED_USD_ADVANCED_ECONOMIES__2020-04__TWEXMMTH__to__TWEXAFEGSMTHx,TRADE_WEIGHTED_USD_ADVANCED_ECONOMIES,2020-04,TWEXMMTH,TWEXAFEGSMTHx,adjacent_vintage_bridge,2020-03,2020-04,2016-06-01,-0.001830210817569622,-0.0008561143692809026,0.0009740964482887193
6,TRADE_WEIGHTED_USD_ADVANCED_ECONOMIES__2020-04__TWEXMMTH__to__TWEXAFEGSMTHx,TRADE_WEIGHTED_USD_ADVANCED_ECONOMIES,2020-04,TWEXMMTH,TWEXAFEGSMTHx,adjacent_vintage_bridge,2020-03,2020-04,2016-07-01,0.015162116247246615,0.01702137160491013,0.001859255357663514
6,TRADE_WEIGHTED_USD_ADVANCED_ECONOMIES__2020-04__TWEXMMTH__to__TWEXAFEGSMTHx,TRADE_WEIGHTED_USD_ADVANCED_ECONOMIES,2020-04,TWEXMMTH,TWEXAFEGSMTHx,adjacent_vintage_bridge,2020-03,2020-04,2016-08-01,-0.011832491815126467,-0.011099735258564891,0.0007327565565615757
6,TRADE_WEIGHTED_USD_ADVANCED_ECONOMIES__2020-04__TWEXMMTH__to__TWEXAFEGSMTHx,TRADE_WEIGHTED_USD_ADVANCED_ECONOMIES,2020-04,TWEXMMTH,TWEXAFEGSMTHx,adjacent_vintage_bridge,2020-03,2020-04,2016-09-01,0.002821045790630805,0.002697652412397389,-0.00012339337823341623
6,TRADE_WEIGHTED_USD_ADVANCED_ECONOMIES__2020-04__TWEXMMTH__to__TWEXAFEGSMTHx,TRADE_WEIGHTED_USD_ADVANCED_ECONOMIES,2020-04,TWEXMMTH,TWEXAFEGSMTHx,adjacent_vintage_bridge,2020-03,2020-04,2016-10-01,0.019929471928532116,0.020877941653961507,0.0009484697254293906
6,TRADE_WEIGHTED_USD_ADVANCED_ECONOMIES__2020-04__TWEXMMTH__to__TWEXAFEGSMTHx,TRADE_WEIGHTED_USD_ADVANCED_ECONOMIES,2020-04,TWEXMMTH,TWEXAFEGSMTHx,adjacent_vintage_bridge,2020-03,2020-04,2016-11-01,0.01897712546198349,0.01767695157900384,-0.0013001738829796494
6,TRADE_WEIGHTED_USD_ADVANCED_ECONOMIES__2020-04__TWEXMMTH__to__TWEXAFEGSMTHx,TRADE_WEIGHTED_USD_ADVANCED_ECONOMIES,2020-04,TWEXMMTH,TWEXAFEGSMTHx,adjacent_vintage_bridge,2020-03,2020-04,2016-12-01,0.019026321880399877,0.01744974958108081,-0.0015765722993190678
6,TRADE_WEIGHTED_USD_ADVANCED_ECONOMIES__2020-04__TWEXMMTH__to__TWEXAFEGSMTHx,TRADE_WEIGHTED_USD_ADVANCED_ECONOMIES,2020-04,TWEXMMTH,TWEXAFEGSMTHx,adjacent_vintage_bridge,2020-03,2020-04,2017-01-01,-0.008825742116369995,-0.008292126775566011,0.0005336153408039834
6,TRADE_WEIGHTED_USD_ADVANCED_ECONOMIES__2020-04__TWEXMMTH__to__TWEXAFEGSMTHx,TRADE_WEIGHTED_USD_ADVANCED_ECONOMIES,2020-04,TWEXMMTH,TWEXAFEGSMTHx,adjacent_vintage_bridge,2020-03,2020-04,2017-02-01,-0.006697952948643504,-0.006718483009013454,-2.0530060369949865e-05
6,TRADE_WEIGHTED_USD_ADVANCED_ECONOMIES__2020-04__TWEXMMTH__to__TWEXAFEGSMTHx,TRADE_WEIGHTED_USD_ADVANCED_ECONOMIES,2020-04,TWEXMMTH,TWEXAFEGSMTHx,adjacent_vintage_bridge,2020-03,2020-04,2017-03-01,0.005458735750877963,0.005899732606454933,0.00044099685557696944
6,TRADE_WEIGHTED_USD_ADVANCED_ECONOMIES__2020-04__TWEXMMTH__to__TWEXAFEGSMTHx,TRADE_WEIGHTED_USD_ADVANCED_ECONOMIES,2020-04,TWEXMMTH,TWEXAFEGSMTHx,adjacent_vintage_bridge,2020-03,2020-04,2017-04-01,-0.005254332782491211,-0.005265728412544135,-1.1395630052923877e-05
6,TRADE_WEIGHTED_USD_ADVANCED_ECONOMIES__2020-04__TWEXMMTH__to__TWEXAFEGSMTHx,TRADE_WEIGHTED_USD_ADVANCED_ECONOMIES,2020-04,TWEXMMTH,TWEXAFEGSMTHx,adjacent_vintage_bridge,2020-03,2020-04,2017-05-01,-0.00848904527220018,-0.008869737348085494,-0.00038069207588531384
6,TRADE_WEIGHTED_USD_ADVANCED_ECONOMIES__2020-04__TWEXMMTH__to__TWEXAFEGSMTHx,TRADE_WEIGHTED_USD_ADVANCED_ECONOMIES,2020-04,TWEXMMTH,TWEXAFEGSMTHx,adjacent_vintage_bridge,2020-03,2020-04,2017-06-01,-0.01557244411304648,-0.015121064290134711,0.00045137982291176826
6,TRADE_WEIGHTED_USD_ADVANCED_ECONOMIES__2020-04__TWEXMMTH__to__TWEXAFEGSMTHx,TRADE_WEIGHTED_USD_ADVANCED_ECONOMIES,2020-04,TWEXMMTH,TWEXAFEGSMTHx,adjacent_vintage_bridge,2020-03,2020-04,2017-07-01,-0.024225670114920383,-0.024651560209271395,-0.00042589009435101133
6,TRADE_WEIGHTED_USD_ADVANCED_ECONOMIES__2020-04__TWEXMMTH__to__TWEXAFEGSMTHx,TRADE_WEIGHTED_USD_ADVANCED_ECONOMIES,2020-04,TWEXMMTH,TWEXAFEGSMTHx,adjacent_vintage_bridge,2020-03,2020-04,2017-08-01,-0.015266767465662134,-0.014355270514894158,0.000911496950767976
6,TRADE_WEIGHTED_USD_ADVANCED_ECONOMIES__2020-04__TWEXMMTH__to__TWEXAFEGSMTHx,TRADE_WEIGHTED_USD_ADVANCED_ECONOMIES,2020-04,TWEXMMTH,TWEXAFEGSMTHx,adjacent_vintage_bridge,2020-03,2020-04,2017-09-01,-0.01228976865835918,-0.01315798412124991,-0.0008682154628907313
6,TRADE_WEIGHTED_USD_ADVANCED_ECONOMIES__2020-04__TWEXMMTH__to__TWEXAFEGSMTHx,TRADE_WEIGHTED_USD_ADVANCED_ECONOMIES,2020-04,TWEXMMTH,TWEXAFEGSMTHx,adjacent_vintage_bridge,2020-03,2020-04,2017-10-01,0.01827812540886775,0.018191795355209095,-8.633005365865642e-05
6,TRADE_WEIGHTED_USD_ADVANCED_ECONOMIES__2020-04__TWEXMMTH__to__TWEXAFEGSMTHx,TRADE_WEIGHTED_USD_ADVANCED_ECONOMIES,2020-04,TWEXMMTH,TWEXAFEGSMTHx,adjacent_vintage_bridge,2020-03,2020-04,2017-11-01,0.0052911753151452245,0.0053220363984589625,3.0861083313737936e-05
6,TRADE_WEIGHTED_USD_ADVANCED_ECONOMIES__2020-04__TWEXMMTH__to__TWEXAFEGSMTHx,TRADE_WEIGHTED_USD_ADVANCED_ECONOMIES,2020-04,TWEXMMTH,TWEXAFEGSMTHx,adjacent_vintage_bridge,2020-03,2020-04,2017-12-01,-0.0045900750550185165,-0.004875957055899605,-0.00028588200088108806
6,TRADE_WEIGHTED_USD_ADVANCED_ECONOMIES__2020-04__TWEXMMTH__to__TWEXAFEGSMTHx,TRADE_WEIGHTED_USD_ADVANCED_ECONOMIES,2020-04,TWEXMMTH,TWEXAFEGSMTHx,adjacent_vintage_bridge,2020-03,2020-04,2018-01-01,-0.02770919864065302,-0.02792678295896156,-0.00021758431830853908
6,TRADE_WEIGHTED_USD_ADVANCED_ECONOMIES__2020-04__TWEXMMTH__to__TWEXAFEGSMTHx,TRADE_WEIGHTED_USD_ADVANCED_ECONOMIES,2020-04,TWEXMMTH,TWEXAFEGSMTHx,adjacent_vintage_bridge,2020-03,2020-04,2018-02-01,-0.007081035669214586,-0.006723301373710022,0.0003577342955045637
6,TRADE_WEIGHTED_USD_ADVANCED_ECONOMIES__2020-04__TWEXMMTH__to__TWEXAFEGSMTHx,TRADE_WEIGHTED_USD_ADVANCED_ECONOMIES,2020-04,TWEXMMTH,TWEXAFEGSMTHx,adjacent_vintage_bridge,2020-03,2020-04,2018-03-01,0.006070370282618143,0.00639941001994071,0.0003290397373225673
6,TRADE_WEIGHTED_USD_ADVANCED_ECONOMIES__2020-04__TWEXMMTH__to__TWEXAFEGSMTHx,TRADE_WEIGHTED_USD_ADVANCED_ECONOMIES,2020-04,TWEXMMTH,TWEXAFEGSMTHx,adjacent_vintage_bridge,2020-03,2020-04,2018-04-01,0.001356977312859442,0.0007349077624052569,-0.0006220695504541851
6,TRADE_WEIGHTED_USD_ADVANCED_ECONOMIES__2020-04__TWEXMMTH__to__TWEXAFEGSMTHx,TRADE_WEIGHTED_USD_ADVANCED_ECONOMIES,2020-04,TWEXMMTH,TWEXAFEGSMTHx,adjacent_vintage_bridge,2020-03,2020-04,2018-05-01,0.026715908160463542,0.027210228385855295,0.0004943202253917534
6,TRADE_WEIGHTED_USD_ADVANCED_ECONOMIES__2020-04__TWEXMMTH__to__TWEXAFEGSMTHx,TRADE_WEIGHTED_USD_ADVANCED_ECONOMIES,2020-04,TWEXMMTH,TWEXAFEGSMTHx,adjacent_vintage_bridge,2020-03,2020-04,2018-06-01,0.0117469859603343,0.011940552320054643,0.00019356635972034297
6,TRADE_WEIGHTED_USD_ADVANCED_ECONOMIES__2020-04__TWEXMMTH__to__TWEXAFEGSMTHx,TRADE_WEIGHTED_USD_ADVANCED_ECONOMIES,2020-04,TWEXMMTH,TWEXAFEGSMTHx,adjacent_vintage_bridge,2020-03,2020-04,2018-07-01,0.003420731166372093,0.003436777987482209,1.6046821110116127e-05
6,TRADE_WEIGHTED_USD_ADVANCED_ECONOMIES__2020-04__TWEXMMTH__to__TWEXAFEGSMTHx,TRADE_WEIGHTED_USD_ADVANCED_ECONOMIES,2020-04,TWEXMMTH,TWEXAFEGSMTHx,adjacent_vintage_bridge,2020-03,2020-04,2018-08-01,0.004319512754400456,0.004782858313303606,0.0004633455589031499
6,TRADE_WEIGHTED_USD_ADVANCED_ECONOMIES__2020-04__TWEXMMTH__to__TWEXAFEGSMTHx,TRADE_WEIGHTED_USD_ADVANCED_ECONOMIES,2020-04,TWEXMMTH,TWEXAFEGSMTHx,adjacent_vintage_bridge,2020-03,2020-04,2018-09-01,-0.0048671551564973825,-0.005326336840003165,-0.0004591816835057827
6,TRADE_WEIGHTED_USD_ADVANCED_ECONOMIES__2020-04__TWEXMMTH__to__TWEXAFEGSMTHx,TRADE_WEIGHTED_USD_ADVANCED_ECONOMIES,2020-04,TWEXMMTH,TWEXAFEGSMTHx,adjacent_vintage_bridge,2020-03,2020-04,2018-10-01,0.008587694406224422,0.008513918501716233,-7.377590450818872e-05
6,TRADE_WEIGHTED_USD_ADVANCED_ECONOMIES__2020-04__TWEXMMTH__to__TWEXAFEGSMTHx,TRADE_WEIGHTED_USD_ADVANCED_ECONOMIES,2020-04,TWEXMMTH,TWEXAFEGSMTHx,adjacent_vintage_bridge,2020-03,2020-04,2018-11-01,0.009964095798017603,0.009981274731593714,1.7178933576111888e-05
6,TRADE_WEIGHTED_USD_ADVANCED_ECONOMIES__2020-04__TWEXMMTH__to__TWEXAFEGSMTHx,TRADE_WEIGHTED_USD_ADVANCED_ECONOMIES,2020-04,TWEXMMTH,TWEXAFEGSMTHx,adjacent_vintage_bridge,2020-03,2020-04,2018-12-01,0.003981904925673518,0.004762427305027295,0.0007805223793537763
6,TRADE_WEIGHTED_USD_ADVANCED_ECONOMIES__2020-04__TWEXMMTH__to__TWEXAFEGSMTHx,TRADE_WEIGHTED_USD_ADVANCED_ECONOMIES,2020-04,TWEXMMTH,TWEXAFEGSMTHx,adjacent_vintage_bridge,2020-03,2020-04,2019-01-01,-0.010185473425434743,-0.010035405852006463,0.0001500675734282808
6,TRADE_WEIGHTED_USD_ADVANCED_ECONOMIES__2020-04__TWEXMMTH__to__TWEXAFEGSMTHx,TRADE_WEIGHTED_USD_ADVANCED_ECONOMIES,2020-04,TWEXMMTH,TWEXAFEGSMTHx,adjacent_vintage_bridge,2020-03,2020-04,2019-02-01,0.0028702411844863107,0.0021875672871836116,-0.0006826738973026991
6,TRADE_WEIGHTED_USD_ADVANCED_ECONOMIES__2020-04__TWEXMMTH__to__TWEXAFEGSMTHx,TRADE_WEIGHTED_USD_ADVANCED_ECONOMIES,2020-04,TWEXMMTH,TWEXAFEGSMTHx,adjacent_vintage_bridge,2020-03,2020-04,2019-03-01,0.00545252503625715,0.004992922627741869,-0.00045960240851528056
6,TRADE_WEIGHTED_USD_ADVANCED_ECONOMIES__2020-04__TWEXMMTH__to__TWEXAFEGSMTHx,TRADE_WEIGHTED_USD_ADVANCED_ECONOMIES,2020-04,TWEXMMTH,TWEXAFEGSMTHx,adjacent_vintage_bridge,2020-03,2020-04,2019-04-01,0.004246645997598719,0.0043826725915696585,0.0001360265939709393
6,TRADE_WEIGHTED_USD_ADVANCED_ECONOMIES__2020-04__TWEXMMTH__to__TWEXAFEGSMTHx,TRADE_WEIGHTED_USD_ADVANCED_ECONOMIES,2020-04,TWEXMMTH,TWEXAFEGSMTHx,adjacent_vintage_bridge,2020-03,2020-04,2019-05-01,0.00337573880771469,0.003961820125764071,0.0005860813180493807
6,TRADE_WEIGHTED_USD_ADVANCED_ECONOMIES__2020-04__TWEXMMTH__to__TWEXAFEGSMTHx,TRADE_WEIGHTED_USD_ADVANCED_ECONOMIES,2020-04,TWEXMMTH,TWEXAFEGSMTHx,adjacent_vintage_bridge,2020-03,2020-04,2019-06-01,-0.010273994189086366,-0.009444080186788106,0.0008299140022982598
6,TRADE_WEIGHTED_USD_ADVANCED_ECONOMIES__2020-04__TWEXMMTH__to__TWEXAFEGSMTHx,TRADE_WEIGHTED_USD_ADVANCED_ECONOMIES,2020-04,TWEXMMTH,TWEXAFEGSMTHx,adjacent_vintage_bridge,2020-03,2020-04,2019-07-01,0.0007603455629467959,0.001085019235488538,0.00032467367254174206
6,TRADE_WEIGHTED_USD_ADVANCED_ECONOMIES__2020-04__TWEXMMTH__to__TWEXAFEGSMTHx,TRADE_WEIGHTED_USD_ADVANCED_ECONOMIES,2020-04,TWEXMMTH,TWEXAFEGSMTHx,adjacent_vintage_bridge,2020-03,2020-04,2019-08-01,0.006206186625632881,0.007172794934136029,0.0009666083085031474
6,TRADE_WEIGHTED_USD_ADVANCED_ECONOMIES__2020-04__TWEXMMTH__to__TWEXAFEGSMTHx,TRADE_WEIGHTED_USD_ADVANCED_ECONOMIES,2020-04,TWEXMMTH,TWEXAFEGSMTHx,adjacent_vintage_bridge,2020-03,2020-04,2019-09-01,0.004589849748747987,0.003778860228936587,-0.0008109895198114003
6,TRADE_WEIGHTED_USD_ADVANCED_ECONOMIES__2020-04__TWEXMMTH__to__TWEXAFEGSMTHx,TRADE_WEIGHTED_USD_ADVANCED_ECONOMIES,2020-04,TWEXMMTH,TWEXAFEGSMTHx,adjacent_vintage_bridge,2020-03,2020-04,2019-10-01,-0.0035251182004030213,-0.004240013500039552,-0.000714895299636531
6,TRADE_WEIGHTED_USD_ADVANCED_ECONOMIES__2020-04__TWEXMMTH__to__TWEXAFEGSMTHx,TRADE_WEIGHTED_USD_ADVANCED_ECONOMIES,2020-04,TWEXMMTH,TWEXAFEGSMTHx,adjacent_vintage_bridge,2020-03,2020-04,2019-11-01,0.000415619956173785,-0.00015105132200865512,-0.0005666712781824401
6,TRADE_WEIGHTED_USD_ADVANCED_ECONOMIES__2020-04__TWEXMMTH__to__TWEXAFEGSMTHx,TRADE_WEIGHTED_USD_ADVANCED_ECONOMIES,2020-04,TWEXMMTH,TWEXAFEGSMTHx,adjacent_vintage_bridge,2020-03,2020-04,2019-12-01,-0.005872554272357,-0.006282919912187879,-0.0004103656398308786
